frame,nose_x,nose_y,nose_z,nose_visibility,left_eye_inner_x,left_eye_inner_y,left_eye_inner_z,left_eye_inner_visibility,left_eye_x,left_eye_y,left_eye_z,left_eye_visibility,left_eye_outer_x,left_eye_outer_y,left_eye_outer_z,left_eye_outer_visibility,right_eye_inner_x,right_eye_inner_y,right_eye_inner_z,right_eye_inner_visibility,right_eye_x,right_eye_y,right_eye_z,right_eye_visibility,right_eye_outer_x,right_eye_outer_y,right_eye_outer_z,right_eye_outer_visibility,left_ear_x,left_ear_y,left_ear_z,left_ear_visibility,right_ear_x,right_ear_y,right_ear_z,right_ear_visibility,mouth_left_x,mouth_left_y,mouth_left_z,mouth_left_visibility,mouth_right_x,mouth_right_y,mouth_right_z,mouth_right_visibility,left_shoulder_x,left_shoulder_y,left_shoulder_z,left_shoulder_visibility,right_shoulder_x,right_shoulder_y,right_shoulder_z,right_shoulder_visibility,left_elbow_x,left_elbow_y,left_elbow_z,left_elbow_visibility,right_elbow_x,right_elbow_y,right_elbow_z,right_elbow_visibility,left_wrist_x,left_wrist_y,left_wrist_z,left_wrist_visibility,right_wrist_x,right_wrist_y,right_wrist_z,right_wrist_visibility,left_pinky_x,left_pinky_y,left_pinky_z,left_pinky_visibility,right_pinky_x,right_pinky_y,right_pinky_z,right_pinky_visibility,left_index_x,left_index_y,left_index_z,left_index_visibility,right_index_x,right_index_y,right_index_z,right_index_visibility,left_thumb_x,left_thumb_y,left_thumb_z,left_thumb_visibility,right_thumb_x,right_thumb_y,right_thumb_z,right_thumb_visibility,left_hip_x,left_hip_y,left_hip_z,left_hip_visibility,right_hip_x,right_hip_y,right_hip_z,right_hip_visibility,left_knee_x,left_knee_y,left_knee_z,left_knee_visibility,right_knee_x,right_knee_y,right_knee_z,right_knee_visibility,left_ankle_x,left_ankle_y,left_ankle_z,left_ankle_visibility,right_ankle_x,right_ankle_y,right_ankle_z,right_ankle_visibility,left_heel_x,left_heel_y,left_heel_z,left_heel_visibility,right_heel_x,right_heel_y,right_heel_z,right_heel_visibility,left_foot_index_x,left_foot_index_y,left_foot_index_z,left_foot_index_visibility,right_foot_index_x,right_foot_index_y,right_foot_index_z,right_foot_index_visibility
0,0.5454072952270508,0.3236972987651825,-0.09278611838817596,0.9988804459571838,0.5480378270149231,0.30420005321502686,-0.07787889987230301,0.9991185069084167,0.546866238117218,0.3028409779071808,-0.077933669090271,0.9988976716995239,0.5455766320228577,0.30173301696777344,-0.07798930257558823,0.999214768409729,0.5451674461364746,0.3029882311820984,-0.11647608131170273,0.9988492727279663,0.5420976877212524,0.3009148836135864,-0.11659321933984756,0.9985161423683167,0.537545919418335,0.2978394329547882,-0.11655868589878082,0.9989068508148193,0.523605227470398,0.2974371314048767,0.014098504558205605,0.9980829954147339,0.5146831274032593,0.2950996160507202,-0.15450385212898254,0.99726402759552,0.531173050403595,0.3309415876865387,-0.051341794431209564,0.9963154196739197,0.5276585221290588,0.3312869071960449,-0.10111747682094574,0.9966747760772705,0.45322370529174805,0.3471638560295105,0.14915475249290466,0.9985767602920532,0.44298267364501953,0.3571707308292389,-0.24389907717704773,0.9997496008872986,0.3866976797580719,0.4547995626926422,0.18268994987010956,0.1010214164853096,0.4111155867576599,0.47721490263938904,-0.31333115696907043,0.9274820685386658,0.4029713571071625,0.5430428981781006,0.08655289560556412,0.0970672145485878,0.45084327459335327,0.5572072267532349,-0.2752244174480438,0.7963741421699524,0.407823383808136,0.5644253492355347,0.0864158347249031,0.09957211464643478,0.4607847332954407,0.5765705108642578,-0.30759912729263306,0.7355390191078186,0.4124036729335785,0.5702465772628784,0.049673616886138916,0.09993274509906769,0.4806695580482483,0.573248028755188,-0.28954315185546875,0.7266208529472351,0.40994006395339966,0.5648035407066345,0.06828682124614716,0.10365469008684158,0.4738946855068207,0.5667064785957336,-0.2664985954761505,0.6828907132148743,0.33996114134788513,0.5520258545875549,0.13407380878925323,0.9986924529075623,0.31855589151382446,0.559161901473999,-0.1336519569158554,0.9996384382247925,0.3600004315376282,0.7156055569648743,0.07502195239067078,0.2569761574268341,0.3392835557460785,0.7161256670951843,-0.25292110443115234,0.9031215906143188,0.35917720198631287,0.8794080018997192,0.16617053747177124,0.4113568663597107,0.3453090786933899,0.910464882850647,-0.2305256575345993,0.9159271717071533,0.34680598974227905,0.9088888168334961,0.16750220954418182,0.5145263075828552,0.3163318932056427,0.9483911395072937,-0.2326551377773285,0.8962522149085999,0.42983943223953247,0.9091728925704956,0.08458011597394943,0.6167692542076111,0.425737202167511,0.9473792910575867,-0.3523780405521393,0.9246649146080017
1,0.5443568825721741,0.31930479407310486,-0.16449594497680664,0.9987728595733643,0.544926106929779,0.30087968707084656,-0.14812594652175903,0.9989920854568481,0.5429341197013855,0.29885244369506836,-0.14823713898658752,0.998757541179657,0.5412518382072449,0.2972741425037384,-0.14834652841091156,0.9991244077682495,0.5425530672073364,0.30071723461151123,-0.201929971575737,0.9986875653266907,0.5397669076919556,0.2992042601108551,-0.2020968645811081,0.9983092546463013,0.5368116497993469,0.29756152629852295,-0.20211723446846008,0.9987664818763733,0.5177998542785645,0.29250746965408325,-0.044277116656303406,0.9977152943611145,0.5117708444595337,0.2930193841457367,-0.2822113335132599,0.9969920516014099,0.5286259055137634,0.3268837034702301,-0.11787465959787369,0.9961835741996765,0.5259560346603394,0.32741886377334595,-0.18762905895709991,0.9965381026268005,0.44556063413619995,0.34093648195266724,0.13000920414924622,0.998574435710907,0.44324126839637756,0.3549187481403351,-0.3923743963241577,0.9997344613075256,0.3844849467277527,0.4530641436576843,0.1914069503545761,0.09872672706842422,0.41294756531715393,0.4809027314186096,-0.4611034393310547,0.9284201264381409,0.39868277311325073,0.5490692853927612,0.07023914158344269,0.09654933214187622,0.45167821645736694,0.5591010451316833,-0.3939605951309204,0.8004602193832397,0.40316399931907654,0.5706921815872192,0.0649656131863594,0.0991993248462677,0.4596879482269287,0.5812984704971313,-0.4444974958896637,0.7403183579444885,0.4090396463871002,0.5752891302108765,0.018883276730775833,0.09970447421073914,0.46949052810668945,0.5748036503791809,-0.42622384428977966,0.7315985560417175,0.4075164794921875,0.5697048902511597,0.04523034393787384,0.10356421768665314,0.4705236554145813,0.5675106048583984,-0.38579195737838745,0.6859854459762573,0.33593347668647766,0.5484217405319214,0.16675537824630737,0.9986549615859985,0.31528541445732117,0.5566466450691223,-0.1663685142993927,0.9996122121810913,0.3491669297218323,0.6930432915687561,0.21918101608753204,0.2592911124229431,0.33783942461013794,0.7223624587059021,-0.14344637095928192,0.9030203819274902,0.358764111995697,0.8670336008071899,0.373046338558197,0.42033660411834717,0.34786126017570496,0.9011951684951782,0.002023035893216729,0.9160311222076416,0.344704806804657,0.8921245336532593,0.38000908493995667,0.5212111473083496,0.323355495929718,0.9358792304992676,0.009968625381588936,0.8944803476333618,0.43045687675476074,0.8952654600143433,0.2917027175426483,0.6220020055770874,0.41952747106552124,0.9461572766304016,-0.1131388396024704,0.9236017465591431
2,0.5503594279289246,0.3209797739982605,-0.12633773684501648,0.9985082745552063,0.5520265102386475,0.3034619688987732,-0.10991331189870834,0.9987226128578186,0.5504599213600159,0.30208641290664673,-0.11002640426158905,0.9984404444694519,0.5485292673110962,0.30069753527641296,-0.11016897857189178,0.9989064335823059,0.5505622625350952,0.30332744121551514,-0.16563624143600464,0.9983699321746826,0.548001766204834,0.3018295466899872,-0.16581210494041443,0.9979179501533508,0.5450965166091919,0.3001459538936615,-0.1658620536327362,0.9985073208808899,0.5230633020401001,0.2920636534690857,-0.009058928117156029,0.9970173239707947,0.5198038220405579,0.29397645592689514,-0.2567662298679352,0.9966103434562683,0.5340082049369812,0.3286467492580414,-0.0811106264591217,0.995991051197052,0.5316491723060608,0.32837238907814026,-0.15367735922336578,0.99642413854599,0.44607478380203247,0.34301865100860596,0.15754535794258118,0.9985761046409607,0.4399455487728119,0.35342058539390564,-0.3725047707557678,0.999730110168457,0.39068758487701416,0.4317382276058197,0.24097053706645966,0.09513518959283829,0.39930441975593567,0.4710195064544678,-0.43912452459335327,0.9301497936248779,0.41658568382263184,0.5233814716339111,0.15804937481880188,0.09490158408880234,0.4505593180656433,0.5461089015007019,-0.35443827509880066,0.8066076636314392,0.4249318540096283,0.5412227511405945,0.15903806686401367,0.0978754386305809,0.4574621617794037,0.5678958296775818,-0.3991117775440216,0.7470136880874634,0.43357640504837036,0.5466786623001099,0.11361113935709,0.09855807572603226,0.4745669364929199,0.5637490749359131,-0.3801308870315552,0.738419234752655,0.42996764183044434,0.5423256158828735,0.13393452763557434,0.10262437164783478,0.4683154225349426,0.5527492165565491,-0.34513455629348755,0.6909900307655334,0.3365904688835144,0.5461087822914124,0.1652037352323532,0.9985843300819397,0.3141912817955017,0.5538502931594849,-0.1648556888103485,0.9995774626731873,0.35798579454421997,0.6958248615264893,0.20773343741893768,0.2677058279514313,0.3381851315498352,0.7204841375350952,-0.14657756686210632,0.9051515460014343,0.3625996708869934,0.8679702877998352,0.35243886709213257,0.43231916427612305,0.34444254636764526,0.9052636027336121,-0.007759190164506435,0.9179258346557617,0.33772772550582886,0.8914949297904968,0.3592604398727417,0.5309566855430603,0.3253028988838196,0.9391534924507141,-6.948468217160553e-05,0.8946731090545654,0.42854398488998413,0.8944306373596191,0.2790478765964508,0.6286047697067261,0.4086030125617981,0.9488627314567566,-0.11706693470478058,0.9236832857131958
3,0.5497071146965027,0.3260774314403534,-0.12373974174261093,0.9984226226806641,0.5520690679550171,0.30853015184402466,-0.10641708225011826,0.9986143112182617,0.5503054261207581,0.3070400357246399,-0.10649987310171127,0.998331606388092,0.5481169819831848,0.30543068051338196,-0.10659488290548325,0.998822033405304,0.551430344581604,0.3085840940475464,-0.1642734259366989,0.998249351978302,0.5493298172950745,0.30715617537498474,-0.16444900631904602,0.9977840185165405,0.5468077063560486,0.30547773838043213,-0.16447797417640686,0.9984073638916016,0.5226103067398071,0.2964540123939514,-0.00481113838031888,0.9967440366744995,0.5197054743766785,0.2962467670440674,-0.2622579038143158,0.9965334534645081,0.5336835980415344,0.3345581591129303,-0.07800618559122086,0.9960489869117737,0.5325111746788025,0.3344481587409973,-0.15345828235149384,0.9965212345123291,0.4403775632381439,0.34369057416915894,0.162276953458786,0.9986399412155151,0.43923550844192505,0.35661646723747253,-0.38110649585723877,0.9997401237487793,0.38164541125297546,0.44084638357162476,0.23349323868751526,0.09204448759555817,0.40965980291366577,0.4793011546134949,-0.4472462236881256,0.9326454997062683,0.4056345522403717,0.5405985116958618,0.14460423588752747,0.09265495091676712,0.454643577337265,0.558559000492096,-0.3610922694206238,0.8136903643608093,0.41113775968551636,0.5596151351928711,0.14584094285964966,0.09580074995756149,0.46677646040916443,0.574917197227478,-0.41048985719680786,0.7544901967048645,0.4194799065589905,0.564195990562439,0.09908954054117203,0.09657331556081772,0.47902363538742065,0.5779869556427002,-0.38946667313575745,0.7460779547691345,0.41755837202072144,0.5596462488174438,0.12017004191875458,0.10067886114120483,0.4752674996852875,0.5617972016334534,-0.35180431604385376,0.6965487599372864,0.33191007375717163,0.5461944341659546,0.17206843197345734,0.9985894560813904,0.3131675124168396,0.5530359745025635,-0.1716432422399521,0.9995725750923157,0.34794938564300537,0.6968916058540344,0.1994156390428543,0.2687643766403198,0.33872008323669434,0.718500018119812,-0.18625012040138245,0.9064043760299683,0.36054497957229614,0.8717449903488159,0.34217655658721924,0.43935367465019226,0.3485332429409027,0.9025538563728333,-0.05823903530836105,0.919334352016449,0.34076768159866333,0.8974035978317261,0.3484915494918823,0.5385282039642334,0.3253609240055084,0.9408701062202454,-0.05185181647539139,0.8952420949935913,0.43432801961898804,0.9013116955757141,0.26096469163894653,0.6328235864639282,0.4228743016719818,0.9471334218978882,-0.17305254936218262,0.9239522218704224
4,0.5501109957695007,0.32668107748031616,-0.12610508501529694,0.9982258677482605,0.5522511005401611,0.30702653527259827,-0.10697668790817261,0.9984104633331299,0.5506843328475952,0.30534476041793823,-0.10709108412265778,0.9981062412261963,0.5488858222961426,0.3030434250831604,-0.10723133385181427,0.9986420273780823,0.5507217049598694,0.30726104974746704,-0.16563200950622559,0.9980154633522034,0.5481889247894287,0.3057958781719208,-0.16580817103385925,0.9975143074989319,0.5447484254837036,0.30389919877052307,-0.16586914658546448,0.9982057213783264,0.5218414068222046,0.2961844801902771,0.00446611363440752,0.9962494969367981,0.5178995728492737,0.2965225875377655,-0.25692635774612427,0.9962981343269348,0.5363371968269348,0.336098313331604,-0.07696866989135742,0.9960052371025085,0.5343219041824341,0.3353421688079834,-0.1533927023410797,0.9965510964393616,0.44531679153442383,0.34580880403518677,0.17726464569568634,0.9986577033996582,0.43505460023880005,0.35974323749542236,-0.38139840960502625,0.9997369050979614,0.39079493284225464,0.4503612518310547,0.2551391124725342,0.08888155221939087,0.41440480947494507,0.48686233162879944,-0.44645389914512634,0.933696448802948,0.41156721115112305,0.5367498993873596,0.16737984120845795,0.09066794812679291,0.46179109811782837,0.5573559999465942,-0.3505820631980896,0.8173773884773254,0.4165951609611511,0.5548508167266846,0.16862943768501282,0.09425745904445648,0.47233301401138306,0.5796380639076233,-0.39660918712615967,0.7582129836082458,0.4253237247467041,0.5584050416946411,0.12337788194417953,0.09514744579792023,0.48142367601394653,0.5698025822639465,-0.3785998523235321,0.7498958110809326,0.4227367043495178,0.5544015169143677,0.14322760701179504,0.09934324026107788,0.4760477542877197,0.5626448392868042,-0.3418848514556885,0.6981961131095886,0.3362179696559906,0.5478960275650024,0.17733429372310638,0.9985491037368774,0.3106032609939575,0.5555270314216614,-0.17689332365989685,0.9995540380477905,0.36577898263931274,0.6930223107337952,0.19749733805656433,0.2723252773284912,0.33879226446151733,0.7206960916519165,-0.2369314730167389,0.9098232984542847,0.3664880096912384,0.8663232922554016,0.3519102931022644,0.4450399875640869,0.3448742628097534,0.9106169939041138,-0.11968465894460678,0.9225179553031921,0.34284061193466187,0.8854901194572449,0.3606785833835602,0.5470707416534424,0.32703515887260437,0.9431975483894348,-0.1134243831038475,0.8977962732315063,0.443376362323761,0.8971589803695679,0.2827356159687042,0.6354188323020935,0.4221860468387604,0.9509708285331726,-0.24066953361034393,0.9255487322807312
5,0.5501347780227661,0.32237547636032104,-0.12270822376012802,0.9981800317764282,0.5510908365249634,0.30234143137931824,-0.10355683416128159,0.9983298182487488,0.5486115217208862,0.3000442683696747,-0.10365484654903412,0.9980226159095764,0.5462964773178101,0.2983209490776062,-0.10376247018575668,0.9985732436180115,0.550281822681427,0.3029225468635559,-0.16234442591667175,0.9979333281517029,0.5473109483718872,0.3010348379611969,-0.162512868642807,0.9974287748336792,0.5444592833518982,0.29941457509994507,-0.1625562161207199,0.998141348361969,0.5190709829330444,0.29237276315689087,0.006815751548856497,0.996028482913971,0.5156744122505188,0.2923213243484497,-0.25447309017181396,0.9962598085403442,0.5347850918769836,0.33230477571487427,-0.07393492758274078,0.9960863590240479,0.5336161851882935,0.3318997919559479,-0.15038657188415527,0.9966540932655334,0.4461522102355957,0.34662458300590515,0.18041686713695526,0.9987008571624756,0.43737784028053284,0.3581157922744751,-0.38343483209609985,0.9997391700744629,0.39898985624313354,0.44401034712791443,0.24841666221618652,0.08768875151872635,0.41997137665748596,0.48211902379989624,-0.4587046504020691,0.9363049864768982,0.4161864221096039,0.5424932241439819,0.15216192603111267,0.0907924622297287,0.4630158841609955,0.5609248876571655,-0.3742126524448395,0.825577974319458,0.42138028144836426,0.5611887574195862,0.15171357989311218,0.09445665031671524,0.4743986129760742,0.5821154117584229,-0.42515119910240173,0.7673869132995605,0.42875123023986816,0.5647508502006531,0.10446874052286148,0.09544391185045242,0.4820878505706787,0.5738867521286011,-0.4042600095272064,0.7592182755470276,0.42653030157089233,0.5605273842811584,0.1266787350177765,0.09984610229730606,0.48105907440185547,0.5657033920288086,-0.36502406001091003,0.7064563632011414,0.33737871050834656,0.5456029176712036,0.174953430891037,0.9985676407814026,0.3111533522605896,0.5530570149421692,-0.17452652752399445,0.9995514154434204,0.3608839213848114,0.6948528289794922,0.1722375452518463,0.27864789962768555,0.3389365077018738,0.7190544605255127,-0.21504926681518555,0.9125841856002808,0.36579304933547974,0.8657912015914917,0.3064795732498169,0.456348717212677,0.3469415307044983,0.9081883430480957,-0.10105985403060913,0.9253650903701782,0.3438680171966553,0.8899965286254883,0.3127233386039734,0.5574696063995361,0.325208842754364,0.9392234683036804,-0.09608225524425507,0.8995916247367859,0.4391086995601654,0.8930000066757202,0.22440877556800842,0.6421378254890442,0.4267157018184662,0.9706127047538757,-0.22635063529014587,0.9269177913665771
6,0.550500750541687,0.3268638551235199,-0.12146689742803574,0.9980851411819458,0.551980197429657,0.30644717812538147,-0.10125114023685455,0.9982243180274963,0.550282895565033,0.3048928678035736,-0.10135050117969513,0.9979109764099121,0.5481191277503967,0.30332082509994507,-0.10146872699260712,0.9984759092330933,0.5504721999168396,0.3074750006198883,-0.15965956449508667,0.9978258013725281,0.548011302947998,0.3062639832496643,-0.1598401963710785,0.9973168969154358,0.5450254082679749,0.3049575090408325,-0.15989726781845093,0.9980526566505432,0.5214623212814331,0.29895636439323425,0.012659895233809948,0.9957669377326965,0.5168729424476624,0.2989150583744049,-0.24735379219055176,0.9961993098258972,0.5363442301750183,0.33850550651550293,-0.07142157852649689,0.9961203932762146,0.5346193909645081,0.33776435256004333,-0.14745032787322998,0.9967271089553833,0.4467507302761078,0.34602224826812744,0.18258793652057648,0.9987293481826782,0.43469563126564026,0.3584458827972412,-0.3719267249107361,0.9997406005859375,0.3963923156261444,0.4419592320919037,0.25622764229774475,0.0855996161699295,0.41614586114883423,0.48620614409446716,-0.4493838846683502,0.9378724694252014,0.4125050902366638,0.5323552489280701,0.16963309049606323,0.08920136839151382,0.466961532831192,0.562709629535675,-0.3681196868419647,0.8297243714332581,0.4164643883705139,0.5508149266242981,0.1709679365158081,0.09306009858846664,0.47358161211013794,0.5795496702194214,-0.4170807898044586,0.7716449499130249,0.4244707524776459,0.5543357729911804,0.12582305073738098,0.09413279592990875,0.48282116651535034,0.5698692202568054,-0.3973013758659363,0.7635822296142578,0.4222748875617981,0.550282895565033,0.14573876559734344,0.09861534088850021,0.47762250900268555,0.5640038847923279,-0.35915523767471313,0.709222137928009,0.3430406451225281,0.550440788269043,0.17370519042015076,0.9985861778259277,0.3106820583343506,0.551710307598114,-0.17320454120635986,0.9995509386062622,0.36396506428718567,0.6941424608230591,0.14134803414344788,0.2830177843570709,0.3405245840549469,0.7158461213111877,-0.26592355966567993,0.9149159789085388,0.36360758543014526,0.8691319227218628,0.2597399652004242,0.4632274806499481,0.3479708731174469,0.9066668748855591,-0.17181476950645447,0.9276736378669739,0.34526291489601135,0.8919978141784668,0.2646957039833069,0.5662583112716675,0.32989081740379333,0.9386342763900757,-0.16813702881336212,0.901706337928772,0.439530611038208,0.9002372026443481,0.1739369034767151,0.6471526622772217,0.4203837513923645,0.9550833702087402,-0.30219724774360657,0.9284483194351196
7,0.5507735013961792,0.3227206766605377,-0.10916968435049057,0.9981354475021362,0.5509725213050842,0.3038448691368103,-0.09051097929477692,0.9982525110244751,0.5486165285110474,0.3018881380558014,-0.09060265868902206,0.997953474521637,0.546140730381012,0.30026304721832275,-0.09069661796092987,0.9985032677650452,0.5502356886863708,0.3042956590652466,-0.1489240974187851,0.9978638887405396,0.5474969148635864,0.30271515250205994,-0.1490904837846756,0.9973713159561157,0.5447021722793579,0.3012857139110565,-0.14912481606006622,0.9980878233909607,0.5181592702865601,0.2943306267261505,0.0159359909594059,0.9958318471908569,0.5165241956710815,0.29528874158859253,-0.2442379742860794,0.9963102340698242,0.5354339480400085,0.33440688252449036,-0.0618043914437294,0.9963016510009766,0.5347656011581421,0.3337189257144928,-0.13793376088142395,0.9968917965888977,0.44192394614219666,0.34704357385635376,0.18366573750972748,0.9987919926643372,0.4407939314842224,0.3601289987564087,-0.36923354864120483,0.9997479915618896,0.390871524810791,0.45276036858558655,0.24633076786994934,0.08504681289196014,0.41970619559288025,0.48270124197006226,-0.4436430037021637,0.9401844143867493,0.409595787525177,0.5485479235649109,0.1496354043483734,0.08902285248041153,0.4594692289829254,0.5663745403289795,-0.36018726229667664,0.8363581299781799,0.41470766067504883,0.5679906606674194,0.1508677750825882,0.09285279363393784,0.47230833768844604,0.5839616060256958,-0.4098385274410248,0.7789003849029541,0.42247524857521057,0.571709156036377,0.10399851948022842,0.09398087859153748,0.47731494903564453,0.582280695438385,-0.3873596787452698,0.7710164785385132,0.4203456938266754,0.5671523809432983,0.12475188076496124,0.09854841977357864,0.4768531918525696,0.5711444616317749,-0.35047608613967896,0.71592777967453,0.3331109583377838,0.5471903085708618,0.17072394490242004,0.9986324310302734,0.31276780366897583,0.5519670248031616,-0.17022384703159332,0.9995591044425964,0.3583550751209259,0.698034942150116,0.12223967164754868,0.2871772348880768,0.33978182077407837,0.7156232595443726,-0.24935953319072723,0.9163888692855835,0.3679262399673462,0.8743947744369507,0.23226113617420197,0.470755398273468,0.35109636187553406,0.9153743982315063,-0.15158534049987793,0.9293962121009827,0.35231003165245056,0.8995369672775269,0.2362067997455597,0.5737962126731873,0.33103805780410767,0.945513904094696,-0.14811687171459198,0.9029620289802551,0.4373987317085266,0.9016162753105164,0.13984456658363342,0.6529046297073364,0.4251353144645691,0.9655782580375671,-0.2804476320743561,0.9295210242271423
8,0.5473825335502625,0.3190574049949646,-0.14285768568515778,0.998092770576477,0.5478008985519409,0.29943928122520447,-0.12315678596496582,0.9982007145881653,0.5457748770713806,0.2975040078163147,-0.12328387796878815,0.9979045987129211,0.5438719987869263,0.29617005586624146,-0.12341383844614029,0.9984559416770935,0.5459173917770386,0.2995145320892334,-0.1803697943687439,0.9978073239326477,0.5434889793395996,0.29833146929740906,-0.18055465817451477,0.9973171353340149,0.5405707359313965,0.2969892621040344,-0.18061158061027527,0.9980401396751404,0.5197732448577881,0.29231691360473633,-0.009259196929633617,0.9957050681114197,0.5131511688232422,0.28998002409935,-0.2638314962387085,0.9962830543518066,0.5335661768913269,0.3299192786216736,-0.09298747032880783,0.9963628649711609,0.5320273637771606,0.32919207215309143,-0.16738465428352356,0.9969707727432251,0.44223713874816895,0.3500763773918152,0.16491056978702545,0.9988042712211609,0.4354574680328369,0.3590405285358429,-0.3854500353336334,0.999744713306427,0.38950592279434204,0.4533226490020752,0.2349950522184372,0.08365379273891449,0.414753258228302,0.48656517267227173,-0.4591454863548279,0.9409096837043762,0.41198477149009705,0.5473942160606384,0.1423357129096985,0.08786556869745255,0.4589390158653259,0.5621267557144165,-0.3786516487598419,0.8391487002372742,0.4162940979003906,0.5664983987808228,0.14181892573833466,0.09189969301223755,0.47193750739097595,0.5798521041870117,-0.42857709527015686,0.7819246649742126,0.42440280318260193,0.5690552592277527,0.09564824402332306,0.09309784322977066,0.48073965311050415,0.5694551467895508,-0.40918025374412537,0.7741273045539856,0.4221782684326172,0.5647731423377991,0.1175958514213562,0.0977255180478096,0.4782394468784332,0.565355122089386,-0.37013569474220276,0.7177708745002747,0.33507204055786133,0.548200786113739,0.17132243514060974,0.9986428022384644,0.3094260096549988,0.5523604154586792,-0.17079715430736542,0.9995579719543457,0.3610347807407379,0.7005094289779663,0.1511487066745758,0.28670066595077515,0.33875173330307007,0.7194805145263672,-0.2581053376197815,0.9175257682800293,0.3632199168205261,0.870587944984436,0.276467889547348,0.471345454454422,0.3535301685333252,0.9196626543998718,-0.15572717785835266,0.9304665327072144,0.35206735134124756,0.896081805229187,0.2822056710720062,0.5774245262145996,0.33287736773490906,0.9496815800666809,-0.15108011662960052,0.9041216969490051,0.4384773373603821,0.8994795680046082,0.1924668252468109,0.652371883392334,0.4232737123966217,0.9485618472099304,-0.28298214077949524,0.9297473430633545
9,0.5485180616378784,0.32243138551712036,-0.13974766433238983,0.9980642795562744,0.5491237044334412,0.30331355333328247,-0.12015195190906525,0.9981375932693481,0.5469580888748169,0.30144140124320984,-0.12025411427021027,0.9978448152542114,0.5447943806648254,0.300042062997818,-0.12035467475652695,0.9984055757522583,0.5478497743606567,0.30337652564048767,-0.18051490187644958,0.997744083404541,0.5456215143203735,0.3021661639213562,-0.18069884181022644,0.9972532391548157,0.5429810285568237,0.30086860060691833,-0.18075722455978394,0.9979904294013977,0.5187947154045105,0.29338523745536804,-0.006942830979824066,0.9955145716667175,0.5163931846618652,0.2936665713787079,-0.27573198080062866,0.9962499737739563,0.5341871380805969,0.33302825689315796,-0.08983759582042694,0.9964295029640198,0.5332922339439392,0.3323739171028137,-0.16839063167572021,0.9970594644546509,0.44359731674194336,0.3487243056297302,0.17487384378910065,0.9988482594490051,0.4377712607383728,0.3615221679210663,-0.4032450318336487,0.9997498393058777,0.4013165533542633,0.45960384607315063,0.2421625852584839,0.08346792310476303,0.42102932929992676,0.4862252175807953,-0.47720637917518616,0.9426976442337036,0.42276716232299805,0.5519512295722961,0.13575536012649536,0.08887635916471481,0.460997998714447,0.5696482062339783,-0.39169928431510925,0.8450422883033752,0.4285154938697815,0.5697884559631348,0.13447557389736176,0.09286708384752274,0.473069429397583,0.5867671966552734,-0.44456809759140015,0.788567841053009,0.4366109371185303,0.5723235607147217,0.08677352964878082,0.09414133429527283,0.48348698019981384,0.5886130928993225,-0.4233415126800537,0.7809187173843384,0.4342835545539856,0.5685446262359619,0.10962430387735367,0.09881547093391418,0.4817400574684143,0.5766974091529846,-0.3825319707393646,0.7237465381622314,0.3364017903804779,0.5467361211776733,0.18031077086925507,0.9986581206321716,0.3122945725917816,0.5531056523323059,-0.17985382676124573,0.9995600581169128,0.3625544607639313,0.6973339319229126,0.19855402410030365,0.28597110509872437,0.34146827459335327,0.7203210592269897,-0.2279495745897293,0.9187702536582947,0.3659282624721527,0.8635720014572144,0.3463151752948761,0.47359082102775574,0.34679028391838074,0.9094457626342773,-0.11079464852809906,0.9320054650306702,0.3524838984012604,0.891058623790741,0.3539699614048004,0.5819234848022461,0.3277911841869354,0.9407243728637695,-0.10547748953104019,0.9051031470298767,0.4420601725578308,0.8925546407699585,0.26853129267692566,0.6531276702880859,0.42129868268966675,0.9492807388305664,-0.2358933985233307,0.9303101897239685
10,0.5479760766029358,0.3220407962799072,-0.15743032097816467,0.9979819655418396,0.5487192273139954,0.30287864804267883,-0.13719263672828674,0.9980218410491943,0.5471183061599731,0.30126968026161194,-0.1372929960489273,0.9977307915687561,0.5450848937034607,0.29973819851875305,-0.13739725947380066,0.9983168840408325,0.5473620295524597,0.30334967374801636,-0.19756601750850677,0.9976292848587036,0.5448435544967651,0.302064448595047,-0.19776543974876404,0.9971379041671753,0.5412834882736206,0.30016249418258667,-0.19782528281211853,0.9979066252708435,0.5194001197814941,0.2939299941062927,-0.021269436925649643,0.995215117931366,0.5146983861923218,0.2935158610343933,-0.29025715589523315,0.9961819648742676,0.5340373516082764,0.33199289441108704,-0.10673513263463974,0.9964463710784912,0.5324892401695251,0.3314036726951599,-0.18530337512493134,0.9971088767051697,0.44203996658325195,0.3466680347919464,0.16229325532913208,0.9988780617713928,0.43455275893211365,0.36120301485061646,-0.4139162600040436,0.9997550249099731,0.3907841742038727,0.45127564668655396,0.23765015602111816,0.0823722779750824,0.41852015256881714,0.4888189435005188,-0.4901605248451233,0.9442997574806213,0.4184914529323578,0.5574596524238586,0.13748398423194885,0.08850058168172836,0.4633910059928894,0.570906400680542,-0.4133300185203552,0.8502440452575684,0.42346033453941345,0.5771978497505188,0.13550566136837006,0.09272758662700653,0.47720175981521606,0.5952690839767456,-0.4684448838233948,0.7945238351821899,0.43196195363998413,0.5795230269432068,0.08556032180786133,0.09411060810089111,0.4855204224586487,0.5868848562240601,-0.44608211517333984,0.787074863910675,0.42979931831359863,0.5749659538269043,0.11046366393566132,0.09884283691644669,0.47895970940589905,0.5798299908638,-0.40396013855934143,0.7290470600128174,0.343671977519989,0.5494813919067383,0.18040123581886292,0.9986482858657837,0.3111404776573181,0.5520635843276978,-0.17999038100242615,0.9995548725128174,0.3632012903690338,0.6989300847053528,0.20409682393074036,0.282740980386734,0.3390830457210541,0.717531681060791,-0.20486371219158173,0.9195705056190491,0.365801602602005,0.8665841221809387,0.3471723198890686,0.47289618849754333,0.35032185912132263,0.9146651029586792,-0.08214364945888519,0.932644248008728,0.35412541031837463,0.8926154971122742,0.3542279601097107,0.5839388370513916,0.3289802372455597,0.9441680908203125,-0.07606489956378937,0.9054439663887024,0.4412166178226471,0.894382119178772,0.2675495743751526,0.6511244773864746,0.42166781425476074,0.9506587982177734,-0.20113785564899445,0.9299060106277466
11,0.5470868349075317,0.32197386026382446,-0.1282922476530075,0.9979836940765381,0.5484329462051392,0.30279865860939026,-0.10793514549732208,0.9980075359344482,0.5470669269561768,0.3014538288116455,-0.10803510248661041,0.9977251887321472,0.5453097224235535,0.3001524806022644,-0.10814853757619858,0.9983087778091431,0.5466569662094116,0.3025152087211609,-0.16603444516658783,0.9976235032081604,0.5440570712089539,0.30098456144332886,-0.16622181236743927,0.9971475601196289,0.5409988164901733,0.2992895841598511,-0.16626234352588654,0.9979094862937927,0.5207467079162598,0.2936873435974121,0.0051552788354456425,0.9952153563499451,0.513888418674469,0.2912253737449646,-0.25373542308807373,0.9962590336799622,0.5332599878311157,0.3338000178337097,-0.0792541354894638,0.9965735673904419,0.531499981880188,0.33168119192123413,-0.15491753816604614,0.9972277283668518,0.4505569338798523,0.352848619222641,0.1796332448720932,0.9989127516746521,0.4297298789024353,0.35700973868370056,-0.376226007938385,0.9997634887695312,0.3996419310569763,0.4598960280418396,0.24991026520729065,0.08275583386421204,0.40926676988601685,0.48305544257164,-0.45261842012405396,0.9461331963539124,0.4285060465335846,0.5542035698890686,0.14898408949375153,0.08929240703582764,0.4645135998725891,0.5683963298797607,-0.3818019926548004,0.8549485802650452,0.4346875548362732,0.5751398205757141,0.14683595299720764,0.09357640147209167,0.4716392457485199,0.5900063514709473,-0.432912677526474,0.7996600866317749,0.44231119751930237,0.5771709680557251,0.1001935601234436,0.09506634622812271,0.48207560181617737,0.5917538404464722,-0.41105565428733826,0.7924253940582275,0.43912452459335327,0.5718850493431091,0.12357048690319061,0.0998476967215538,0.4799374043941498,0.5773169994354248,-0.3722408413887024,0.734074056148529,0.34264469146728516,0.5516753792762756,0.17404010891914368,0.9986461997032166,0.30659618973731995,0.5517879724502563,-0.17361871898174286,0.9995519518852234,0.3599000573158264,0.7009503245353699,0.16605566442012787,0.28029850125312805,0.3374820351600647,0.7202264070510864,-0.22142469882965088,0.9208829402923584,0.3658793866634369,0.8672922849655151,0.2828165888786316,0.4711351990699768,0.34317031502723694,0.9115144610404968,-0.11919564008712769,0.9333682060241699,0.3517224192619324,0.8995763063430786,0.2870745062828064,0.5846045613288879,0.3255513906478882,0.9422410726547241,-0.11460094153881073,0.9064956307411194,0.4347620904445648,0.902307391166687,0.19710135459899902,0.6489063501358032,0.427138090133667,0.9725494384765625,-0.2376902848482132,0.9299821853637695
12,0.5475596189498901,0.32129335403442383,-0.11904995143413544,0.9979789853096008,0.5486401319503784,0.3037623465061188,-0.10003051906824112,0.9980024099349976,0.5469822883605957,0.30242305994033813,-0.10014400631189346,0.9977200031280518,0.544917643070221,0.3011424243450165,-0.10028334707021713,0.9983018636703491,0.5472028851509094,0.3036852478981018,-0.15688231587409973,0.9976146817207336,0.5440638661384583,0.30180999636650085,-0.1570429801940918,0.9971411824226379,0.5409287214279175,0.3001491129398346,-0.15707457065582275,0.9978991150856018,0.5205243825912476,0.2954353392124176,0.011065149679780006,0.9952599406242371,0.5131103992462158,0.2912844717502594,-0.242094948887825,0.9963010549545288,0.5326982140541077,0.331159770488739,-0.07019275426864624,0.9966625571250916,0.530953586101532,0.3300464451313019,-0.14420796930789948,0.997307300567627,0.4467741549015045,0.3497121036052704,0.18252812325954437,0.9989188313484192,0.43387049436569214,0.3550563454627991,-0.36734244227409363,0.9997645020484924,0.3990408480167389,0.4543612003326416,0.2571103572845459,0.08138710260391235,0.41280120611190796,0.47849559783935547,-0.44788798689842224,0.9473090171813965,0.4169471859931946,0.5609872341156006,0.16968314349651337,0.08795177936553955,0.461172878742218,0.5687850713729858,-0.37425941228866577,0.8577765226364136,0.42139673233032227,0.5852890014648438,0.16986528038978577,0.09245055913925171,0.473360151052475,0.5978128910064697,-0.42432767152786255,0.8028361797332764,0.42779427766799927,0.5883740186691284,0.12167622148990631,0.09405140578746796,0.4826418459415436,0.5914025902748108,-0.4018535017967224,0.7956944704055786,0.42532795667648315,0.5820223689079285,0.1442893147468567,0.09898222982883453,0.4842472970485687,0.5797553062438965,-0.36438971757888794,0.7371029853820801,0.34198567271232605,0.5521690249443054,0.16850493848323822,0.9986488819122314,0.3090830147266388,0.5545097589492798,-0.1681026965379715,0.999552309513092,0.3571895658969879,0.7005200386047363,0.16483165323734283,0.2837667465209961,0.3381081223487854,0.7275508642196655,-0.21447642147541046,0.9228740334510803,0.36054468154907227,0.8695823550224304,0.29041990637779236,0.4748518466949463,0.3465590476989746,0.9111278653144836,-0.11007718741893768,0.9353345036506653,0.34143784642219543,0.8931425213813782,0.29587844014167786,0.5886213183403015,0.327016144990921,0.9435502886772156,-0.10519752651453018,0.9087911248207092,0.43493884801864624,0.8998721837997437,0.20988789200782776,0.6503843069076538,0.41811245679855347,0.9545168876647949,-0.2300860583782196,0.9310982823371887
13,0.5488369464874268,0.3232113718986511,-0.12108781188726425,0.9980388879776001,0.5499337315559387,0.3054938316345215,-0.10078246891498566,0.9980665445327759,0.5482466816902161,0.3040947914123535,-0.10089298337697983,0.9977874159812927,0.5461132526397705,0.3027310073375702,-0.10102913528680801,0.9983508586883545,0.5482063889503479,0.30546972155570984,-0.15523448586463928,0.997694730758667,0.5449363589286804,0.3036758303642273,-0.1553850919008255,0.997236430644989,0.541511058807373,0.3019223213195801,-0.1554061621427536,0.9979687929153442,0.5214947462081909,0.2963874042034149,0.013812169432640076,0.9954420924186707,0.5132362842559814,0.2924061417579651,-0.22828622162342072,0.9964609146118164,0.5343196392059326,0.33387792110443115,-0.071612648665905,0.9968332052230835,0.5321502089500427,0.33257970213890076,-0.1424447000026703,0.9974536895751953,0.45583873987197876,0.35368579626083374,0.17737290263175964,0.9989508390426636,0.4290485978126526,0.3555821180343628,-0.34967437386512756,0.9997718930244446,0.4062347412109375,0.4465314447879791,0.24608199298381805,0.08235248923301697,0.40961146354675293,0.48227459192276,-0.43054747581481934,0.9493597745895386,0.4251523017883301,0.5425242781639099,0.16320845484733582,0.08955253660678864,0.4626200795173645,0.5704448819160461,-0.3620259165763855,0.8631353378295898,0.4310811460018158,0.5640472769737244,0.16159705817699432,0.0939897894859314,0.47527647018432617,0.5989969372749329,-0.40925782918930054,0.8088954091072083,0.43675413727760315,0.5677146911621094,0.1172187551856041,0.09571763873100281,0.4847707748413086,0.5933622717857361,-0.3885735273361206,0.8018226623535156,0.43306469917297363,0.5621839165687561,0.13967546820640564,0.10084652900695801,0.47905635833740234,0.5836969017982483,-0.35240569710731506,0.7436081767082214,0.34588322043418884,0.553038477897644,0.1618449091911316,0.9986705183982849,0.30670034885406494,0.5525549054145813,-0.1614682376384735,0.9995580315589905,0.36445850133895874,0.6989609003067017,0.143274188041687,0.29391542077064514,0.3357081413269043,0.7247557640075684,-0.22409272193908691,0.9262293577194214,0.36493736505508423,0.8632780313491821,0.2693013548851013,0.4835284352302551,0.3540160655975342,0.9230211973190308,-0.12439312785863876,0.9380502700805664,0.33971112966537476,0.8876229524612427,0.275021493434906,0.5949944257736206,0.32954585552215576,0.9414118528366089,-0.11955694854259491,0.9115637540817261,0.4317539632320404,0.8995627164840698,0.1893642246723175,0.6556054949760437,0.42879313230514526,0.9821066856384277,-0.2456531822681427,0.9331393837928772
14,0.5458918809890747,0.32442253828048706,-0.15172329545021057,0.9979655742645264,0.5479081869125366,0.30620020627975464,-0.13261380791664124,0.9979819059371948,0.5465685129165649,0.30473023653030396,-0.13273885846138,0.9976931810379028,0.5448874831199646,0.3033049404621124,-0.13289371132850647,0.9982790350914001,0.54610675573349,0.3063219487667084,-0.18858753144741058,0.9976078867912292,0.5434553623199463,0.30489495396614075,-0.18876850605010986,0.9971417784690857,0.5397273302078247,0.30272138118743896,-0.1888009011745453,0.9978961944580078,0.520800769329071,0.29886072874069214,-0.01992861181497574,0.9952897429466248,0.512887716293335,0.2968219816684723,-0.2696705162525177,0.996377170085907,0.5309326648712158,0.335236132144928,-0.10266482830047607,0.996830403804779,0.5284099578857422,0.3343859016895294,-0.1756005883216858,0.9974802732467651,0.45420902967453003,0.34971222281455994,0.15183517336845398,0.9989402294158936,0.4300355017185211,0.35807767510414124,-0.3859030604362488,0.9997721314430237,0.39813393354415894,0.45202165842056274,0.23235270380973816,0.08104041963815689,0.41208940744400024,0.4838886857032776,-0.4576341509819031,0.9493756294250488,0.41585224866867065,0.553733229637146,0.1440224051475525,0.08882556855678558,0.46304863691329956,0.5709713101387024,-0.3917697072029114,0.8636934757232666,0.420576274394989,0.5767353773117065,0.14022400975227356,0.0936802327632904,0.4696168899536133,0.5961072444915771,-0.4422719478607178,0.8098917007446289,0.4272438883781433,0.5800256729125977,0.09310558438301086,0.09553490579128265,0.482832670211792,0.5916435718536377,-0.42509469389915466,0.8030315041542053,0.42435091733932495,0.5741226077079773,0.11883280426263809,0.10064313560724258,0.4777918756008148,0.583125114440918,-0.384166419506073,0.744075357913971,0.3480997383594513,0.552087664604187,0.17197461426258087,0.9986258745193481,0.31154000759124756,0.5546935796737671,-0.17162221670150757,0.9995521903038025,0.3644340932369232,0.6990907192230225,0.21238668262958527,0.29371699690818787,0.33745238184928894,0.7254968881607056,-0.2130439728498459,0.9287831783294678,0.367855966091156,0.8605155944824219,0.3743782341480255,0.48290959000587463,0.34674638509750366,0.9076895713806152,-0.09350840747356415,0.9403048157691956,0.3456011116504669,0.8839774131774902,0.3836509585380554,0.5964257717132568,0.3216545879840851,0.9429195523262024,-0.08659140020608902,0.91401606798172,0.43925046920776367,0.898468017578125,0.307290256023407,0.6541258096694946,0.4281831383705139,0.9785345196723938,-0.20888181030750275,0.9346771836280823
15,0.5463341474533081,0.3246515691280365,-0.13075138628482819,0.9980117678642273,0.5491611957550049,0.3044554889202118,-0.11086329072713852,0.9979994893074036,0.5474075675010681,0.30287736654281616,-0.11095070838928223,0.9977196455001831,0.5453514456748962,0.3014484643936157,-0.11105229705572128,0.9983005523681641,0.548189103603363,0.3050059974193573,-0.17012912034988403,0.9976446628570557,0.5450880527496338,0.30314940214157104,-0.17029838263988495,0.9971975684165955,0.5421308279037476,0.3015507161617279,-0.17032328248023987,0.9979369044303894,0.5211557745933533,0.2974301874637604,0.00033652601996436715,0.9953382015228271,0.5160766839981079,0.2958873212337494,-0.26368457078933716,0.9964709281921387,0.5308712124824524,0.3338376581668854,-0.08243653923273087,0.9969666004180908,0.5293431282043457,0.33331647515296936,-0.1595795601606369,0.9975992441177368,0.44758540391921997,0.34849971532821655,0.17763373255729675,0.9989878535270691,0.43576616048812866,0.35393863916397095,-0.39050623774528503,0.9997826814651489,0.4032668471336365,0.4575191140174866,0.25640764832496643,0.08338513970375061,0.4184759557247162,0.4799714982509613,-0.4654526114463806,0.951469898223877,0.4242379665374756,0.5580366849899292,0.15331017971038818,0.09259214252233505,0.46424636244773865,0.5724736452102661,-0.39559727907180786,0.8697795867919922,0.42897042632102966,0.5797173976898193,0.14942172169685364,0.09724254906177521,0.47201162576675415,0.596170961856842,-0.4496676027774811,0.8172196745872498,0.43591079115867615,0.5812338590621948,0.1005987673997879,0.09927830100059509,0.4757761061191559,0.5965898633003235,-0.4304257333278656,0.8106622695922852,0.4335978031158447,0.5757665038108826,0.12669861316680908,0.10441775619983673,0.47861018776893616,0.585361659526825,-0.38736408948898315,0.7523610591888428,0.34027957916259766,0.5499972701072693,0.17965570092201233,0.9986426830291748,0.3120003044605255,0.5543051362037659,-0.17929840087890625,0.9995574355125427,0.3571653366088867,0.6973732113838196,0.2305995225906372,0.2925386428833008,0.34214919805526733,0.7236891984939575,-0.18085862696170807,0.9306738376617432,0.36676502227783203,0.8588120341300964,0.3853507936000824,0.4822382926940918,0.3491069972515106,0.9062870144844055,-0.05766437575221062,0.9417235255241394,0.3460838198661804,0.8855274319648743,0.3933051526546478,0.5965365767478943,0.329267293214798,0.934118390083313,-0.050998032093048096,0.9151110649108887,0.43606752157211304,0.8940162658691406,0.3148987889289856,0.6519184708595276,0.43282055854797363,0.9703183174133301,-0.1674126237630844,0.935239315032959
16,0.544544517993927,0.32329651713371277,-0.1601020246744156,0.9979813694953918,0.5464287996292114,0.3051811754703522,-0.1422833353281021,0.99796062707901,0.5453354120254517,0.3028947114944458,-0.14239230751991272,0.9976778030395508,0.5437048077583313,0.3015817701816559,-0.14253216981887817,0.9982736706733704,0.5446867942810059,0.30555933713912964,-0.1963450163602829,0.9976105093955994,0.5414400100708008,0.3023413121700287,-0.19651226699352264,0.9971650838851929,0.5382941961288452,0.30061548948287964,-0.19652059674263,0.997912585735321,0.5202087759971619,0.2974836230278015,-0.03299066424369812,0.9953035712242126,0.5114718079566956,0.29478663206100464,-0.2733704745769501,0.9964485168457031,0.5294799208641052,0.331129252910614,-0.11225609481334686,0.9970066547393799,0.5264739394187927,0.3310275375843048,-0.18256250023841858,0.9976385831832886,0.45242181420326233,0.35208943486213684,0.1391797661781311,0.9990059733390808,0.43125638365745544,0.35777074098587036,-0.38194286823272705,0.9997891187667847,0.4007246494293213,0.45413175225257874,0.22406943142414093,0.08445622026920319,0.41222888231277466,0.48364004492759705,-0.4467858374118805,0.9520971179008484,0.41571640968322754,0.5557602643966675,0.13869509100914001,0.09410705417394638,0.45864248275756836,0.57675701379776,-0.38166117668151855,0.8722140192985535,0.42014798521995544,0.5786529779434204,0.1338852345943451,0.09877314418554306,0.46583691239356995,0.6028904914855957,-0.4312005043029785,0.8205069303512573,0.42605534195899963,0.58119136095047,0.08698233962059021,0.1009811982512474,0.47284403443336487,0.5978103280067444,-0.4159401059150696,0.8141785860061646,0.4234786033630371,0.5753399133682251,0.11372854560613632,0.10618547350168228,0.4758492112159729,0.584831178188324,-0.37466058135032654,0.7558295130729675,0.3466997742652893,0.5508476495742798,0.16477981209754944,0.9986267685890198,0.31423652172088623,0.5543745756149292,-0.1644924432039261,0.9995582699775696,0.35603371262550354,0.6995350122451782,0.2209964543581009,0.2919323146343231,0.3415490686893463,0.726448655128479,-0.15915729105472565,0.9320935606956482,0.36234503984451294,0.8577642440795898,0.38020434975624084,0.4800039231777191,0.34697917103767395,0.9083465337753296,-0.03706973046064377,0.9429529905319214,0.34445685148239136,0.8836067914962769,0.3887767493724823,0.5952432155609131,0.32683420181274414,0.9370023012161255,-0.03006899729371071,0.9165525436401367,0.4344114363193512,0.8955481648445129,0.31578266620635986,0.6487828493118286,0.42948904633522034,0.9749153256416321,-0.14337016642093658,0.9356706142425537
17,0.5445061326026917,0.32276779413223267,-0.16746625304222107,0.997965931892395,0.5467755794525146,0.30426985025405884,-0.15041209757328033,0.9979369640350342,0.545654296875,0.3030012249946594,-0.15053841471672058,0.9976499080657959,0.5443419218063354,0.30209606885910034,-0.1506766378879547,0.9982591867446899,0.5450530648231506,0.30466440320014954,-0.2038280963897705,0.9975813627243042,0.5426586866378784,0.30354994535446167,-0.20401223003864288,0.9971312880516052,0.5386161208152771,0.3014284372329712,-0.2040499895811081,0.9978961944580078,0.5213330984115601,0.2976042926311493,-0.043065860867500305,0.995232880115509,0.5127769112586975,0.2954353988170624,-0.28087118268013,0.9964219927787781,0.5300935506820679,0.33089548349380493,-0.12041561305522919,0.9970628023147583,0.5269925594329834,0.33084800839424133,-0.189840167760849,0.997697114944458,0.4507240355014801,0.3542599081993103,0.13152079284191132,0.9990329742431641,0.4359258711338043,0.3594999611377716,-0.3880538046360016,0.9997968673706055,0.39553308486938477,0.46188488602638245,0.21302759647369385,0.08528219908475876,0.4084111750125885,0.4833666682243347,-0.44773921370506287,0.9530160427093506,0.42411574721336365,0.5573430061340332,0.1187487468123436,0.09658399224281311,0.4630320072174072,0.5657182931900024,-0.3856881558895111,0.8756903409957886,0.4318011701107025,0.5775665044784546,0.11101149022579193,0.10156688839197159,0.4716598391532898,0.5926189422607422,-0.43505531549453735,0.824597179889679,0.43998122215270996,0.5800902843475342,0.06428734213113785,0.10392315685749054,0.4802912175655365,0.585105836391449,-0.4197119176387787,0.8184508085250854,0.435924232006073,0.5750393867492676,0.0932311862707138,0.10908165574073792,0.4789075255393982,0.5798923969268799,-0.37880584597587585,0.760351300239563,0.34858018159866333,0.5525134801864624,0.16607792675495148,0.9986191391944885,0.31404435634613037,0.5559149980545044,-0.16574323177337646,0.9995618462562561,0.3621373474597931,0.6959858536720276,0.24470308423042297,0.28952065110206604,0.340013325214386,0.729480504989624,-0.159843310713768,0.9333260655403137,0.36384478211402893,0.8624030351638794,0.4078417420387268,0.47837910056114197,0.3446611166000366,0.9124103784561157,-0.023647921159863472,0.9437177777290344,0.3460913598537445,0.8841072916984558,0.417064905166626,0.5950762629508972,0.3278743326663971,0.9426663517951965,-0.014773848466575146,0.9172068238258362,0.4378475546836853,0.8929194211959839,0.34447330236434937,0.646547794342041,0.43226832151412964,0.9814879298210144,-0.12636010348796844,0.9356585144996643
18,0.5493627786636353,0.31984376907348633,-0.14881162345409393,0.9979475140571594,0.550578236579895,0.3020137548446655,-0.12824378907680511,0.997911810874939,0.5491513013839722,0.3007656931877136,-0.1283496916294098,0.9976164102554321,0.5475738048553467,0.29981914162635803,-0.1284921020269394,0.9982248544692993,0.5489963293075562,0.3020584285259247,-0.18240368366241455,0.997569739818573,0.5456121563911438,0.3000544309616089,-0.18258237838745117,0.9971266984939575,0.5423709750175476,0.2983745038509369,-0.18262462317943573,0.9978908896446228,0.5254986882209778,0.2952316403388977,-0.011410524137318134,0.995174765586853,0.5141199827194214,0.2915872037410736,-0.25237271189689636,0.9964404702186584,0.5347110629081726,0.3299366235733032,-0.09878993034362793,0.9970832467079163,0.5319945812225342,0.3291202187538147,-0.169208824634552,0.9977492094039917,0.4591965675354004,0.3528481125831604,0.16001901030540466,0.9990159273147583,0.43424153327941895,0.35451915860176086,-0.36446982622146606,0.9998001456260681,0.40599074959754944,0.4496545195579529,0.23732204735279083,0.08553764969110489,0.40018948912620544,0.476559579372406,-0.44455486536026,0.9535754323005676,0.42639440298080444,0.53480464220047,0.15238268673419952,0.09782233089208603,0.4550987184047699,0.5593906044960022,-0.3941814601421356,0.8776646256446838,0.4323834776878357,0.5533953309059143,0.1495617777109146,0.10284504294395447,0.4629981517791748,0.5867241621017456,-0.44413670897483826,0.8270741701126099,0.4395618438720703,0.5566676259040833,0.10461807250976562,0.10524807870388031,0.4714888632297516,0.5802557468414307,-0.4258580207824707,0.820946216583252,0.4358852505683899,0.5522028803825378,0.12828242778778076,0.11037130653858185,0.47127223014831543,0.574792742729187,-0.3860217332839966,0.7629217505455017,0.35194453597068787,0.5532745122909546,0.16767147183418274,0.998589038848877,0.31428229808807373,0.5534876585006714,-0.1672922670841217,0.9995600581169128,0.3647802770137787,0.6983603239059448,0.19157829880714417,0.2902807891368866,0.3401196599006653,0.7213699221611023,-0.23302721977233887,0.9349430799484253,0.3646499514579773,0.8586931228637695,0.3375621438026428,0.4783308207988739,0.34580346941947937,0.9070895910263062,-0.13661693036556244,0.9453070759773254,0.3417088985443115,0.8820966482162476,0.34514641761779785,0.5958999991416931,0.32823437452316284,0.937254786491394,-0.13227418065071106,0.9189159870147705,0.43509548902511597,0.8993228673934937,0.26799988746643066,0.6456204652786255,0.42362600564956665,0.9546207189559937,-0.25992387533187866,0.936855137348175
19,0.5527178049087524,0.3245527148246765,-0.15072590112686157,0.997917652130127,0.5540105104446411,0.30527958273887634,-0.13048338890075684,0.9978838562965393,0.552524209022522,0.3039102852344513,-0.13059589266777039,0.9975751042366028,0.5507336854934692,0.30270490050315857,-0.13073956966400146,0.9981945157051086,0.5523461103439331,0.30529719591140747,-0.18864475190639496,0.9975619912147522,0.5491186380386353,0.3033790588378906,-0.18883691728115082,0.9971218705177307,0.5459825396537781,0.3017216920852661,-0.18890281021595,0.9978957176208496,0.5264391899108887,0.29849013686180115,-0.015318280085921288,0.9951204061508179,0.5177819132804871,0.2949689030647278,-0.27397972345352173,0.9964734315872192,0.5372906923294067,0.33516472578048706,-0.10061311721801758,0.9971034526824951,0.5347608327865601,0.33417752385139465,-0.17634014785289764,0.9977781772613525,0.45516300201416016,0.3514172434806824,0.1587955355644226,0.9990066885948181,0.43490323424339294,0.35953038930892944,-0.3933955430984497,0.9997992515563965,0.4159417748451233,0.44844406843185425,0.246860072016716,0.08436737954616547,0.4157339036464691,0.4848698079586029,-0.47487229108810425,0.9534769654273987,0.43597540259361267,0.5297269225120544,0.16716352105140686,0.09674982726573944,0.4679459035396576,0.5731669068336487,-0.40763530135154724,0.8784387707710266,0.44083482027053833,0.545488178730011,0.1674858033657074,0.10177571326494217,0.4762962758541107,0.5968843698501587,-0.460105836391449,0.8282015919685364,0.44783487915992737,0.548673689365387,0.11987459659576416,0.10422274470329285,0.4831884503364563,0.58948814868927,-0.4396190047264099,0.8219403028488159,0.44531846046447754,0.5456870198249817,0.14196453988552094,0.10946079343557358,0.48296838998794556,0.5859833359718323,-0.39873018860816956,0.7631175518035889,0.35212451219558716,0.5539994239807129,0.17223849892616272,0.9986079335212708,0.31239330768585205,0.5558571219444275,-0.1718381941318512,0.9995648860931396,0.3673756420612335,0.7025324106216431,0.18682433664798737,0.2961195707321167,0.333687961101532,0.7292934656143188,-0.19543160498142242,0.9364484548568726,0.36620664596557617,0.8592159152030945,0.3342476487159729,0.4836931824684143,0.34750044345855713,0.9086529016494751,-0.07716437429189682,0.9467146396636963,0.3471200168132782,0.8817437887191772,0.3420409560203552,0.5998988151550293,0.32379215955734253,0.9429038166999817,-0.07132424414157867,0.9200653433799744,0.43459898233413696,0.8985787630081177,0.26171112060546875,0.649746298789978,0.4185737669467926,0.9513531923294067,-0.19476239383220673,0.9379381537437439
20,0.560099720954895,0.3288176655769348,-0.13218143582344055,0.997872531414032,0.5598515868186951,0.3101365268230438,-0.11497904360294342,0.9978224635124207,0.5578600168228149,0.30866768956184387,-0.11509040743112564,0.9975072145462036,0.5554567575454712,0.3072202503681183,-0.11523038148880005,0.998147189617157,0.5588787198066711,0.3101120591163635,-0.17134693264961243,0.9975064396858215,0.5562835931777954,0.30862051248550415,-0.171523779630661,0.9970641732215881,0.5532198548316956,0.30687764286994934,-0.17156042158603668,0.9978570938110352,0.528383731842041,0.3024739921092987,-0.012569144368171692,0.9950150847434998,0.5227856040000916,0.2995041310787201,-0.263703316450119,0.9964203238487244,0.543668806552887,0.33979132771492004,-0.08680602163076401,0.997087836265564,0.5423449277877808,0.3389444947242737,-0.1603369116783142,0.9977924227714539,0.4536234438419342,0.3521387577056885,0.15455809235572815,0.9990193247795105,0.442495733499527,0.36160916090011597,-0.3784518837928772,0.9998041391372681,0.403519868850708,0.44788986444473267,0.24410894513130188,0.08383473008871078,0.41729649901390076,0.47958436608314514,-0.4383278787136078,0.9536156058311462,0.4201575219631195,0.5398153066635132,0.16812379658222198,0.09635316580533981,0.4579637944698334,0.5619636178016663,-0.3617312014102936,0.879244863986969,0.4244878888130188,0.5577468276023865,0.1676267832517624,0.10138367116451263,0.4654978811740875,0.5897446274757385,-0.41024908423423767,0.8291440606117249,0.4335039556026459,0.560954213142395,0.12136910855770111,0.10382524132728577,0.4744517207145691,0.5825541615486145,-0.39258718490600586,0.8229990601539612,0.4314211905002594,0.5569408535957336,0.14376351237297058,0.10897284001111984,0.4743867516517639,0.5769361853599548,-0.353854238986969,0.7636823058128357,0.3429545760154724,0.5502254366874695,0.17226409912109375,0.998585045337677,0.3154052197933197,0.5571234822273254,-0.171889990568161,0.9995609521865845,0.36245203018188477,0.7025598287582397,0.24368230998516083,0.2951633632183075,0.34536197781562805,0.7303346395492554,-0.15729939937591553,0.9372632503509521,0.3696320652961731,0.864599347114563,0.4258214831352234,0.48224127292633057,0.34689924120903015,0.9093624949455261,-0.014494398608803749,0.9472601413726807,0.3542896807193756,0.8910325169563293,0.43692678213119507,0.5982728004455566,0.32734325528144836,0.9397938847541809,-0.005861702375113964,0.9200072288513184,0.43875136971473694,0.9020525217056274,0.3656451106071472,0.6482241749763489,0.42101946473121643,0.9445620775222778,-0.1195465475320816,0.9381381273269653
21,0.5515009164810181,0.3227340579032898,-0.12907759845256805,0.9979642033576965,0.5516093969345093,0.3032233417034149,-0.11028562486171722,0.9979053139686584,0.5500978827476501,0.30195319652557373,-0.11038792133331299,0.9976028203964233,0.548446536064148,0.30097123980522156,-0.11050128936767578,0.9982177019119263,0.5507235527038574,0.30340030789375305,-0.167780339717865,0.9976076483726501,0.5484664440155029,0.3020480275154114,-0.16794279217720032,0.9971845149993896,0.5458828806877136,0.3005809783935547,-0.16797642409801483,0.9979450106620789,0.526557207107544,0.2956625819206238,-0.0009162607602775097,0.995209276676178,0.5217844247817993,0.29324185848236084,-0.2563858926296234,0.996571958065033,0.534884512424469,0.33015820384025574,-0.08103238791227341,0.9972078204154968,0.5333830118179321,0.32962194085121155,-0.1557987630367279,0.9978912472724915,0.4514908194541931,0.3559230864048004,0.17348459362983704,0.9990371465682983,0.44634175300598145,0.3621916174888611,-0.3805781900882721,0.9998084902763367,0.40015268325805664,0.4548646807670593,0.25633135437965393,0.0836697444319725,0.4215103089809418,0.48083606362342834,-0.45263680815696716,0.9548450112342834,0.4156406819820404,0.5554026961326599,0.17622745037078857,0.09624771773815155,0.4653934836387634,0.5744146704673767,-0.3819623589515686,0.8828209042549133,0.41885751485824585,0.574987530708313,0.17699435353279114,0.10116209089756012,0.4746806025505066,0.5999849438667297,-0.43588653206825256,0.833395779132843,0.4267488121986389,0.5783714056015015,0.12611962854862213,0.10358806699514389,0.48323577642440796,0.5934959053993225,-0.4121986925601959,0.827267587184906,0.42537909746170044,0.5741546750068665,0.14972007274627686,0.10885325819253922,0.4823698401451111,0.5887171030044556,-0.37217339873313904,0.7683804035186768,0.3490167558193207,0.5517095327377319,0.17278379201889038,0.9986003637313843,0.3171551823616028,0.5567212104797363,-0.17238657176494598,0.9995687007904053,0.36335116624832153,0.7023141980171204,0.20840409398078918,0.2971893548965454,0.34262317419052124,0.7303856611251831,-0.1744731068611145,0.9381009340286255,0.36612793803215027,0.8637008666992188,0.37340348958969116,0.4853719472885132,0.35656970739364624,0.9240253567695618,-0.04624230042099953,0.9484665393829346,0.351796418428421,0.8875905871391296,0.3831424117088318,0.5995404720306396,0.32888203859329224,0.9415580630302429,-0.03958549723029137,0.920773983001709,0.4425245225429535,0.8940297365188599,0.3067758083343506,0.6489920020103455,0.42523759603500366,0.947343647480011,-0.16073524951934814,0.9386355876922607
22,0.555410623550415,0.33096855878829956,-0.14251814782619476,0.9979742765426636,0.5555270314216614,0.31239715218544006,-0.12437461316585541,0.9978983402252197,0.5539459586143494,0.3111499845981598,-0.12448253482580185,0.9975993037223816,0.5521828532218933,0.30996954441070557,-0.12460939586162567,0.9982051849365234,0.5541892051696777,0.3122873902320862,-0.18289898335933685,0.9976254105567932,0.5516959428787231,0.3109256327152252,-0.1830907166004181,0.9972137808799744,0.5490489602088928,0.30946797132492065,-0.1831381767988205,0.9979625344276428,0.5285242795944214,0.3059132695198059,-0.01536057610064745,0.9952027797698975,0.5226787328720093,0.3046303391456604,-0.27618494629859924,0.9966220259666443,0.5400989055633545,0.3403944671154022,-0.09398942440748215,0.9972293972969055,0.5378050208091736,0.3395259380340576,-0.17025020718574524,0.9979458451271057,0.4529329240322113,0.35365578532218933,0.15896369516849518,0.9990408420562744,0.446113646030426,0.3671470880508423,-0.3954852521419525,0.99981290102005,0.40218037366867065,0.44713371992111206,0.2571764290332794,0.08189557492733002,0.42964237928390503,0.48659762740135193,-0.4663304388523102,0.9544028043746948,0.42231473326683044,0.5347977876663208,0.19294419884681702,0.09410097450017929,0.46910953521728516,0.5721814632415771,-0.3923225998878479,0.8818014860153198,0.426152765750885,0.552019476890564,0.1961541473865509,0.09907510876655579,0.4778934121131897,0.5970274209976196,-0.44576916098594666,0.8324453234672546,0.4353223443031311,0.5564019083976746,0.14615459740161896,0.10146533697843552,0.4933567941188812,0.5939911603927612,-0.42479604482650757,0.8262786865234375,0.4337504804134369,0.5531339645385742,0.16741445660591125,0.1066969782114029,0.4873598515987396,0.5779448747634888,-0.3834441304206848,0.7664033770561218,0.35058286786079407,0.5522397756576538,0.17734451591968536,0.9985855221748352,0.32064664363861084,0.5599433183670044,-0.17692062258720398,0.9995754361152649,0.3624076247215271,0.70029616355896,0.25808513164520264,0.2974933981895447,0.3455386459827423,0.7294837832450867,-0.19819387793540955,0.9395184516906738,0.36904972791671753,0.8615485429763794,0.46053338050842285,0.4848490357398987,0.3573754131793976,0.9221186637878418,-0.06434275209903717,0.9502549171447754,0.35085102915763855,0.8781645894050598,0.47415608167648315,0.5994148254394531,0.3297450840473175,0.940646767616272,-0.05686195567250252,0.9225794672966003,0.44100961089134216,0.8901335597038269,0.40663909912109375,0.6474982500076294,0.42612943053245544,0.9484533071517944,-0.18151864409446716,0.9401546120643616
23,0.5534778833389282,0.33066654205322266,-0.12874849140644073,0.997900664806366,0.5539091229438782,0.3118053674697876,-0.1097562164068222,0.9978018999099731,0.5525174140930176,0.3106682002544403,-0.10985706001520157,0.9974886178970337,0.5508451461791992,0.3096359968185425,-0.10998237133026123,0.9981225728988647,0.552756667137146,0.31173479557037354,-0.16876308619976044,0.9975403547286987,0.5505068302154541,0.31042546033859253,-0.16894865036010742,0.9971219301223755,0.5479199886322021,0.30897805094718933,-0.1690150946378708,0.9979034066200256,0.5273805260658264,0.3052452802658081,0.00032607122557237744,0.9949544072151184,0.5224028825759888,0.3033977150917053,-0.2619988024234772,0.9965450167655945,0.5379937887191772,0.3394593298435211,-0.08009623736143112,0.997143566608429,0.5359850525856018,0.33946335315704346,-0.1568383276462555,0.9978939890861511,0.459585964679718,0.3558659851551056,0.1772470921278,0.9990207552909851,0.4442206919193268,0.36316171288490295,-0.3886343836784363,0.9998088479042053,0.41042155027389526,0.4523316025733948,0.2693430185317993,0.0807356983423233,0.42391133308410645,0.481473445892334,-0.4661739766597748,0.9542528986930847,0.4360138773918152,0.5370367765426636,0.19383475184440613,0.09295180439949036,0.4740810990333557,0.5742794275283813,-0.3899713158607483,0.8817194104194641,0.44143861532211304,0.5538220405578613,0.19668050110340118,0.09785251319408417,0.481940358877182,0.5999684929847717,-0.44223466515541077,0.832379937171936,0.45000800490379333,0.5575177669525146,0.14708730578422546,0.10023896396160126,0.4898720681667328,0.592992901802063,-0.4200311601161957,0.8261207938194275,0.44771608710289,0.5541651844978333,0.1677495688199997,0.1055845096707344,0.4860389828681946,0.5782214999198914,-0.3803027272224426,0.7656946182250977,0.34701016545295715,0.5516430139541626,0.17576864361763,0.9985681176185608,0.3161460757255554,0.5574291944503784,-0.17537763714790344,0.9995653033256531,0.3704459071159363,0.6959770321846008,0.20020274817943573,0.30217576026916504,0.34592530131340027,0.7228661775588989,-0.1839529126882553,0.9395038485527039,0.36486750841140747,0.8601363897323608,0.34630289673805237,0.49096959829330444,0.3488224744796753,0.9094775319099426,-0.06380926817655563,0.9507522583007812,0.346449077129364,0.8819565773010254,0.3539271652698517,0.6037315130233765,0.3302823305130005,0.9402801394462585,-0.058099858462810516,0.9225021004676819,0.4387734830379486,0.8925204277038574,0.2740008533000946,0.6513868570327759,0.43055304884910583,0.9688799977302551,-0.18233352899551392,0.9403076171875
24,0.5564254522323608,0.32985836267471313,-0.16906100511550903,0.9979413151741028,0.5574978590011597,0.3128131031990051,-0.15047939121723175,0.9978196620941162,0.5552427768707275,0.31096550822257996,-0.15057532489299774,0.9975185394287109,0.553243100643158,0.3095722198486328,-0.15069004893302917,0.9981397986412048,0.5568802952766418,0.3132844567298889,-0.21110746264457703,0.9975738525390625,0.5539463758468628,0.31153425574302673,-0.21127943694591522,0.9971701502799988,0.5511143207550049,0.30990538001060486,-0.211320161819458,0.9979287385940552,0.529798686504364,0.3034534454345703,-0.03692982718348503,0.9950267672538757,0.5235222578048706,0.30071547627449036,-0.30707472562789917,0.9966028928756714,0.5401263236999512,0.33838602900505066,-0.1182699054479599,0.9972047209739685,0.539095938205719,0.3376394808292389,-0.19727419316768646,0.9979519844055176,0.45732539892196655,0.3520423173904419,0.1531193107366562,0.9990490078926086,0.45186367630958557,0.367285817861557,-0.4268673360347748,0.9998122453689575,0.42171812057495117,0.45766305923461914,0.2495279312133789,0.08126302808523178,0.43872690200805664,0.49205246567726135,-0.4931364059448242,0.9541300535202026,0.43159905076026917,0.5628989934921265,0.1665816307067871,0.09286502003669739,0.4753285348415375,0.5915725827217102,-0.40809470415115356,0.8814302086830139,0.43384042382240295,0.5844278335571289,0.16868598759174347,0.09760398417711258,0.4834352433681488,0.6174467206001282,-0.4639810621738434,0.8324283361434937,0.4405187964439392,0.5867905616760254,0.11633305251598358,0.10000132769346237,0.4929168224334717,0.6160923838615417,-0.4440986216068268,0.8262881636619568,0.4395573139190674,0.5818735361099243,0.13960357010364532,0.10541760921478271,0.4878895878791809,0.6076313853263855,-0.3996746838092804,0.7653552293777466,0.34227049350738525,0.5499058961868286,0.18303802609443665,0.9986057877540588,0.31609106063842773,0.5574452877044678,-0.1825965791940689,0.9995771646499634,0.36557894945144653,0.6964175701141357,0.249582439661026,0.29957112669944763,0.3484625816345215,0.7242249250411987,-0.20216107368469238,0.9399507641792297,0.36462247371673584,0.8610886335372925,0.4298535883426666,0.48874232172966003,0.3458672761917114,0.9079433679580688,-0.07827021181583405,0.9516715407371521,0.3467937409877777,0.8787646293640137,0.44081735610961914,0.6027404069900513,0.322176992893219,0.9369036555290222,-0.07215731590986252,0.9232960343360901,0.43695250153541565,0.8895844221115112,0.3623792231082916,0.649608314037323,0.4215763509273529,0.9486373066902161,-0.2004118263721466,0.9411777257919312
25,0.5560745596885681,0.33043843507766724,-0.13986317813396454,0.9979583024978638,0.5575275421142578,0.31376975774765015,-0.12180419266223907,0.9978200793266296,0.5553053617477417,0.31208252906799316,-0.12190188467502594,0.9975261092185974,0.553607702255249,0.31114262342453003,-0.12200502306222916,0.998143196105957,0.5570077300071716,0.3139621615409851,-0.18130280077457428,0.9975742101669312,0.5539946556091309,0.3119940161705017,-0.18146488070487976,0.9971750378608704,0.551261305809021,0.310356467962265,-0.18150006234645844,0.9979268312454224,0.5292354822158813,0.30213677883148193,-0.012251441366970539,0.9950417876243591,0.5235316157341003,0.2988019585609436,-0.2770918309688568,0.9966094493865967,0.539515495300293,0.3382709324359894,-0.09093721210956573,0.99723219871521,0.5373564958572388,0.3374539911746979,-0.1683713048696518,0.9979811906814575,0.4559275507926941,0.35477057099342346,0.17117854952812195,0.9990687370300293,0.451384961605072,0.36409035325050354,-0.4036499559879303,0.9998153448104858,0.413112074136734,0.46654218435287476,0.25018754601478577,0.08138422667980194,0.4357738494873047,0.4899910092353821,-0.4744170308113098,0.954906165599823,0.42760801315307617,0.5672885775566101,0.15336404740810394,0.09293610602617264,0.4746813178062439,0.5843619704246521,-0.39609527587890625,0.8833252787590027,0.43100500106811523,0.588621973991394,0.15234653651714325,0.09754929691553116,0.48301512002944946,0.6090578436851501,-0.4509503245353699,0.8345967531204224,0.4384947717189789,0.5909299850463867,0.10161475092172623,0.09994126111268997,0.4901236593723297,0.6030961871147156,-0.4292718768119812,0.8285529017448425,0.43713274598121643,0.5860025882720947,0.12629814445972443,0.10535559803247452,0.4887896478176117,0.5978274345397949,-0.38704612851142883,0.7678330540657043,0.3419792652130127,0.5516126155853271,0.1803191602230072,0.9986081123352051,0.31635117530822754,0.560584306716919,-0.1798975020647049,0.9995803833007812,0.3636915683746338,0.6983305811882019,0.23676781356334686,0.2949669659137726,0.3475857675075531,0.7257121205329895,-0.1847694218158722,0.9391907453536987,0.36789339780807495,0.8575250506401062,0.4092246890068054,0.4841630756855011,0.3473164439201355,0.9102630615234375,-0.061156224459409714,0.9515897631645203,0.356729656457901,0.883663535118103,0.419523149728775,0.6003103852272034,0.3253133296966553,0.940686821937561,-0.05493263155221939,0.9230371117591858,0.43992409110069275,0.8926874995231628,0.3447379171848297,0.6454465389251709,0.42149868607521057,0.9516168832778931,-0.1767755001783371,0.9407715201377869
26,0.5610049366950989,0.3303902745246887,-0.13844852149486542,0.9979817271232605,0.5612683892250061,0.3124600946903229,-0.11969198286533356,0.9978180527687073,0.5594570636749268,0.3111456632614136,-0.11979325115680695,0.9975287914276123,0.5574232339859009,0.3100285828113556,-0.11990819126367569,0.998141348361969,0.560556173324585,0.31253454089164734,-0.1807185858488083,0.9975806474685669,0.5581798553466797,0.31114161014556885,-0.18089815974235535,0.9971885681152344,0.5554537773132324,0.3096100687980652,-0.18095166981220245,0.9979349374771118,0.5335005521774292,0.3038305640220642,-0.008493331260979176,0.9950305223464966,0.5286842584609985,0.300647497177124,-0.28045639395713806,0.9966381192207336,0.5449398159980774,0.33917951583862305,-0.08901705592870712,0.9972848296165466,0.5440991520881653,0.33828574419021606,-0.16845810413360596,0.9980353713035583,0.45910993218421936,0.3539994955062866,0.17720311880111694,0.9990946650505066,0.45580020546913147,0.3624425530433655,-0.41223078966140747,0.9998201727867126,0.42077112197875977,0.46090683341026306,0.2655053436756134,0.08162049204111099,0.4379696846008301,0.4904573857784271,-0.4858965277671814,0.9554247260093689,0.4342973232269287,0.5640419721603394,0.17331020534038544,0.09358635544776917,0.4775792062282562,0.5850356817245483,-0.40864595770835876,0.8847344517707825,0.437713086605072,0.5855350494384766,0.17352411150932312,0.09823641180992126,0.4858552813529968,0.60893714427948,-0.4647241532802582,0.8362596035003662,0.4458339214324951,0.5877007246017456,0.12172003090381622,0.10064136981964111,0.4936412274837494,0.6043404936790466,-0.4435010850429535,0.8302806615829468,0.44428449869155884,0.5826069116592407,0.14585255086421967,0.10604028403759003,0.4919799864292145,0.5985206365585327,-0.3997303247451782,0.7694609761238098,0.34368425607681274,0.55052649974823,0.18676908314228058,0.9986280798912048,0.3137607276439667,0.5566661953926086,-0.18634694814682007,0.9995874166488647,0.36566072702407837,0.6975229382514954,0.25731396675109863,0.2944702208042145,0.34436771273612976,0.7231396436691284,-0.20327290892601013,0.9402769804000854,0.36718249320983887,0.8625932931900024,0.44246941804885864,0.4854949414730072,0.3469659686088562,0.9086171984672546,-0.07050154358148575,0.9528011679649353,0.34827595949172974,0.8788970708847046,0.45390477776527405,0.6023963689804077,0.32394540309906006,0.9379940032958984,-0.06349306553602219,0.9240369200706482,0.44427376985549927,0.8925854563713074,0.3788067698478699,0.6462187170982361,0.4274771809577942,0.9727908372879028,-0.19078867137432098,0.9418502449989319
27,0.5609085559844971,0.32952752709388733,-0.14854557812213898,0.9980656504631042,0.561599612236023,0.3105311691761017,-0.12817849218845367,0.9978907108306885,0.5598653554916382,0.3090760111808777,-0.12827590107917786,0.9976146221160889,0.5578494071960449,0.30784642696380615,-0.12837184965610504,0.9982004761695862,0.5609799027442932,0.3108617663383484,-0.19108422100543976,0.9976602792739868,0.558660626411438,0.30938342213630676,-0.19125685095787048,0.997282862663269,0.555763304233551,0.30766674876213074,-0.19131603837013245,0.9979996085166931,0.5339072942733765,0.3013126850128174,-0.00803109910339117,0.9951722621917725,0.529211163520813,0.2987804114818573,-0.2879831790924072,0.9967509508132935,0.5452820658683777,0.33787351846694946,-0.09539952129125595,0.9973892569541931,0.543593168258667,0.3371744453907013,-0.17715297639369965,0.9981181621551514,0.46104615926742554,0.3536238372325897,0.18829409778118134,0.9991216063499451,0.4561753273010254,0.36227479577064514,-0.42516836524009705,0.9998223185539246,0.4228304922580719,0.4599674642086029,0.26828140020370483,0.08184587955474854,0.44583359360694885,0.4951310157775879,-0.5090502500534058,0.956597626209259,0.43986815214157104,0.5720564126968384,0.16358467936515808,0.09432941675186157,0.48296064138412476,0.5935197472572327,-0.4366203248500824,0.8880519866943359,0.44372281432151794,0.5946397185325623,0.16418896615505219,0.09908851981163025,0.4894849359989166,0.6164422631263733,-0.4979633688926697,0.8402765989303589,0.45074859261512756,0.5974317789077759,0.10777752101421356,0.10154030472040176,0.4978044927120209,0.613270103931427,-0.47236913442611694,0.8343465328216553,0.4489707052707672,0.5922826528549194,0.13382881879806519,0.10701699554920197,0.49649420380592346,0.6077782511711121,-0.42653927206993103,0.7739736437797546,0.3420628607273102,0.5477447509765625,0.1905595064163208,0.9986690282821655,0.31336599588394165,0.5534669756889343,-0.19005952775478363,0.9995975494384766,0.36527198553085327,0.6994396448135376,0.2099650353193283,0.29347097873687744,0.3484056293964386,0.716651439666748,-0.2500404715538025,0.9405261278152466,0.37025776505470276,0.8598932027816772,0.36859485507011414,0.4887818992137909,0.3478624224662781,0.9022610783576965,-0.1341187059879303,0.9537203907966614,0.35291096568107605,0.8847519755363464,0.3775625228881836,0.6066791415214539,0.32085558772087097,0.938380241394043,-0.1293860673904419,0.9249123334884644,0.43876519799232483,0.8967124223709106,0.29046887159347534,0.6497021317481995,0.4152318835258484,0.9475750923156738,-0.2674611210823059,0.942909300327301
28,0.5593794584274292,0.3348948061466217,-0.15017664432525635,0.9981856346130371,0.5603592395782471,0.3153173327445984,-0.1297495812177658,0.9980195760726929,0.5585993528366089,0.3132553696632385,-0.12985007464885712,0.997759997844696,0.5565484762191772,0.3112843930721283,-0.12994034588336945,0.9983102679252625,0.5594807267189026,0.3158186078071594,-0.1903398334980011,0.9978017210960388,0.5570284128189087,0.31397148966789246,-0.19050332903862,0.9974454045295715,0.5541250705718994,0.3118225932121277,-0.19054022431373596,0.9981187582015991,0.5333324670791626,0.3021802604198456,-0.008815652690827847,0.995465874671936,0.5285652875900269,0.3009227514266968,-0.27826493978500366,0.996943473815918,0.5426298975944519,0.34064823389053345,-0.09705216437578201,0.9975465536117554,0.5411286354064941,0.3402182459831238,-0.17579512298107147,0.9982297420501709,0.4624086916446686,0.3514775335788727,0.18082010746002197,0.9991615414619446,0.45320624113082886,0.36073726415634155,-0.4097374379634857,0.9998276233673096,0.4238003194332123,0.4574127197265625,0.2546248137950897,0.08375541120767593,0.4463193416595459,0.4955568313598633,-0.48789721727371216,0.9583144187927246,0.43789142370224,0.5651056170463562,0.1545301079750061,0.09653165191411972,0.48627251386642456,0.5952902436256409,-0.4142034947872162,0.8926666975021362,0.44195014238357544,0.5864021182060242,0.15395982563495636,0.10110580921173096,0.49201589822769165,0.6181127429008484,-0.47199302911758423,0.8459193110466003,0.44820088148117065,0.5894899368286133,0.1004210114479065,0.10359103232622147,0.5020765662193298,0.6192029714584351,-0.44666069746017456,0.8400840759277344,0.4460776448249817,0.5847090482711792,0.1262686550617218,0.10921752452850342,0.49838724732398987,0.6113453507423401,-0.403856098651886,0.7808590531349182,0.34866634011268616,0.5489559769630432,0.18146662414073944,0.9987264275550842,0.31362390518188477,0.5507639646530151,-0.1809796392917633,0.9996130466461182,0.36502233147621155,0.698419451713562,0.16530072689056396,0.29723337292671204,0.3461637794971466,0.7111465334892273,-0.2502134144306183,0.9417231678962708,0.36885660886764526,0.8596776723861694,0.3089476227760315,0.49491554498672485,0.34739798307418823,0.9036080241203308,-0.1422506868839264,0.954976499080658,0.3523852229118347,0.8856331706047058,0.31682249903678894,0.6124973893165588,0.32173341512680054,0.9394177198410034,-0.13755232095718384,0.9264051914215088,0.435621976852417,0.8969293832778931,0.22740790247917175,0.6557497382164001,0.41630443930625916,0.9525517225265503,-0.27213212847709656,0.9443597197532654
29,0.5615454912185669,0.3347267210483551,-0.14006514847278595,0.9982582926750183,0.5631004571914673,0.31706225872039795,-0.1193641647696495,0.998092770576477,0.5612984895706177,0.3152729868888855,-0.11945470422506332,0.997847855091095,0.5587253570556641,0.31306904554367065,-0.11955021321773529,0.9983741044998169,0.562324047088623,0.31734341382980347,-0.1815241426229477,0.99787837266922,0.5594798922538757,0.31529778242111206,-0.18169648945331573,0.9975369572639465,0.5565294027328491,0.31330281496047974,-0.1817460060119629,0.9981822371482849,0.5344929099082947,0.3053959906101227,0.0011923066340386868,0.9956318736076355,0.5277219414710999,0.3032376170158386,-0.2754109799861908,0.9970583915710449,0.5465925931930542,0.3432101607322693,-0.087134450674057,0.9976558685302734,0.5450267195701599,0.3426307737827301,-0.1679159700870514,0.9983089566230774,0.459868848323822,0.35661306977272034,0.1977960616350174,0.9991946816444397,0.4543986916542053,0.3648589849472046,-0.41108760237693787,0.9998323321342468,0.42826414108276367,0.4732378125190735,0.2774108052253723,0.08498947322368622,0.44613972306251526,0.4935334622859955,-0.4896392822265625,0.9592148065567017,0.4489695429801941,0.5752462148666382,0.16668479144573212,0.09826137125492096,0.48468875885009766,0.591485321521759,-0.4158705174922943,0.8949118852615356,0.45337456464767456,0.5984591841697693,0.16643479466438293,0.10292527079582214,0.4905660152435303,0.6137784719467163,-0.4749451279640198,0.848718523979187,0.4598635733127594,0.6002597212791443,0.11178876459598541,0.10549065470695496,0.49838313460350037,0.6177452802658081,-0.450371652841568,0.8429878950119019,0.45769453048706055,0.5945159196853638,0.1375187188386917,0.11123612523078918,0.49814456701278687,0.6049207448959351,-0.40581759810447693,0.7843618392944336,0.3457931578159332,0.5535576939582825,0.18941856920719147,0.9987658858299255,0.3139675259590149,0.5513578653335571,-0.18893671035766602,0.999622642993927,0.3689720332622528,0.698884129524231,0.21917495131492615,0.293499231338501,0.3468339443206787,0.7199530601501465,-0.23883004486560822,0.9417188167572021,0.36533284187316895,0.8634289503097534,0.36645740270614624,0.4930795431137085,0.34494176506996155,0.9085434675216675,-0.13014261424541473,0.9553676843643188,0.34839993715286255,0.8873092532157898,0.373954713344574,0.6131787300109863,0.322823166847229,0.9387323260307312,-0.1254785656929016,0.9271392226219177,0.44095903635025024,0.8943914175033569,0.288931667804718,0.6550738215446472,0.42036738991737366,0.9508913159370422,-0.2551625669002533,0.9448846578598022
30,0.5624774694442749,0.3310055732727051,-0.1426825225353241,0.9983525276184082,0.5627076625823975,0.31209883093833923,-0.12158803641796112,0.9981926083564758,0.5609678030014038,0.3104228675365448,-0.12168940156698227,0.9979622960090637,0.5589839816093445,0.3089107275009155,-0.1217910647392273,0.9984610080718994,0.5618715286254883,0.31252533197402954,-0.1827833652496338,0.9979878664016724,0.5593782663345337,0.31092342734336853,-0.18294107913970947,0.9976642727851868,0.5563493967056274,0.3090600073337555,-0.182977557182312,0.9982755184173584,0.5359371304512024,0.3018627166748047,0.0008096504025161266,0.9958691596984863,0.5302646160125732,0.2996395230293274,-0.2709750533103943,0.9972118139266968,0.5458062887191772,0.3382488787174225,-0.08922814577817917,0.9977849125862122,0.5444349646568298,0.3379218280315399,-0.16867341101169586,0.9983974099159241,0.4651727080345154,0.3534519076347351,0.19466491043567657,0.9992255568504333,0.4552782475948334,0.359713077545166,-0.4075223505496979,0.9998347759246826,0.4247564375400543,0.4588753283023834,0.27689269185066223,0.08750542998313904,0.4471298158168793,0.4942525327205658,-0.48444995284080505,0.9603459239006042,0.4399222433567047,0.5671059489250183,0.1773507297039032,0.1008710041642189,0.48460516333580017,0.5939358472824097,-0.40916141867637634,0.898060142993927,0.4423494338989258,0.589515209197998,0.17795906960964203,0.10538072884082794,0.4915388226509094,0.617490828037262,-0.46796536445617676,0.8527950048446655,0.448336660861969,0.59157794713974,0.12281616032123566,0.10801985114812851,0.5024977922439575,0.6174657940864563,-0.44311651587486267,0.847162663936615,0.44689425826072693,0.586228609085083,0.14839795231819153,0.11401619017124176,0.5066949725151062,0.6071642637252808,-0.39897620677948,0.7893871068954468,0.34244054555892944,0.5455718040466309,0.18566368520259857,0.9988096356391907,0.31302523612976074,0.548132598400116,-0.18520258367061615,0.9996306300163269,0.36712461709976196,0.6984219551086426,0.17861232161521912,0.2968098521232605,0.34572261571884155,0.7115066051483154,-0.24133451282978058,0.9428399205207825,0.3637368977069855,0.8666419982910156,0.31800103187561035,0.4989103674888611,0.346701443195343,0.9038540720939636,-0.13375398516654968,0.956470251083374,0.3491218090057373,0.8850162625312805,0.32507118582725525,0.6178719997406006,0.3210388422012329,0.9389812350273132,-0.1292763501405716,0.9282003045082092,0.43582430481910706,0.8973093032836914,0.2360672652721405,0.6597594022750854,0.4166857600212097,0.9526646733283997,-0.26276320219039917,0.9459890127182007
31,0.5665737390518188,0.3327285647392273,-0.14969809353351593,0.9984316229820251,0.566595733165741,0.3140425384044647,-0.1295393407344818,0.9982720613479614,0.5646761655807495,0.312088280916214,-0.1296394169330597,0.9980534315109253,0.5623250007629395,0.310163289308548,-0.12973716855049133,0.9985296726226807,0.5654874444007874,0.31433916091918945,-0.19106268882751465,0.9980713725090027,0.5627270340919495,0.3124455511569977,-0.19122962653636932,0.9977598786354065,0.5593754053115845,0.3102300763130188,-0.1912747472524643,0.998344361782074,0.5384018421173096,0.30228322744369507,-0.01059732772409916,0.9960495829582214,0.5336166024208069,0.3004912734031677,-0.2842651605606079,0.9973253607749939,0.55003821849823,0.3401963710784912,-0.09745614230632782,0.997890293598175,0.5487174391746521,0.339692085981369,-0.17744877934455872,0.9984750747680664,0.46577414870262146,0.35778263211250305,0.18417012691497803,0.9992583990097046,0.455923467874527,0.3600539565086365,-0.41783174872398376,0.9998397827148438,0.43449491262435913,0.4664672315120697,0.25388437509536743,0.08931270241737366,0.4398380219936371,0.4878056049346924,-0.5042264461517334,0.9614068269729614,0.44594115018844604,0.5731555223464966,0.1365084946155548,0.10337355732917786,0.4803314805030823,0.5931112170219421,-0.4406583905220032,0.9012008309364319,0.4496898651123047,0.5956308841705322,0.13454660773277283,0.10767079889774323,0.48668742179870605,0.6162618398666382,-0.5019257664680481,0.8568750619888306,0.4558448791503906,0.5976032614707947,0.08035702258348465,0.11035466939210892,0.49416565895080566,0.6140965819358826,-0.4757770001888275,0.8513337969779968,0.45406803488731384,0.5922402143478394,0.10725609213113785,0.11632589250802994,0.49233341217041016,0.6088181138038635,-0.4304419457912445,0.7944540977478027,0.34323936700820923,0.5454134345054626,0.18583592772483826,0.9988600015640259,0.3149285316467285,0.54837566614151,-0.1853431910276413,0.99964439868927,0.3664146065711975,0.6996558308601379,0.2189289629459381,0.29477328062057495,0.3448493778705597,0.7196144461631775,-0.21978549659252167,0.9421910643577576,0.36529624462127686,0.8677757382392883,0.376653254032135,0.49811699986457825,0.3460329473018646,0.9016984701156616,-0.09767114371061325,0.9565013647079468,0.3526965379714966,0.8906757235527039,0.3850550055503845,0.6183329224586487,0.3188798427581787,0.9360392689704895,-0.0923641249537468,0.9282914996147156,0.4358583092689514,0.8993015289306641,0.29891180992126465,0.6605555415153503,0.4134063720703125,0.9493405222892761,-0.2233045995235443,0.9463184475898743
32,0.5655230283737183,0.33390504121780396,-0.12049426883459091,0.9984828233718872,0.5660141706466675,0.3153626322746277,-0.09960946440696716,0.9983236193656921,0.5642436146736145,0.313678503036499,-0.0997096598148346,0.9981092810630798,0.5620603561401367,0.3119521737098694,-0.09981521219015121,0.9985672831535339,0.5648139715194702,0.3152192234992981,-0.1596863865852356,0.99811851978302,0.5621823072433472,0.31332284212112427,-0.15984924137592316,0.9978113174438477,0.5590682029724121,0.31108567118644714,-0.15990421175956726,0.9983779191970825,0.5374182462692261,0.302640825510025,0.016819510608911514,0.9961533546447754,0.5317378044128418,0.29950711131095886,-0.25074270367622375,0.997390866279602,0.5474094152450562,0.3409497141838074,-0.0698995292186737,0.997969388961792,0.546180784702301,0.3397826552391052,-0.14807313680648804,0.9985331296920776,0.4674171507358551,0.3609750270843506,0.20227377116680145,0.9992763996124268,0.4528014063835144,0.3593614995479584,-0.3872690200805664,0.9998421669006348,0.431052029132843,0.4741820693016052,0.26045742630958557,0.09114900231361389,0.42735743522644043,0.48045283555984497,-0.47907280921936035,0.9625688791275024,0.4580767750740051,0.5726398229598999,0.1372380554676056,0.10657443106174469,0.47683510184288025,0.5767694711685181,-0.4089467525482178,0.9043837785720825,0.4654151499271393,0.5944692492485046,0.13602806627750397,0.11049624532461166,0.48283466696739197,0.5994457006454468,-0.46289753913879395,0.8603819012641907,0.4711568355560303,0.5960273146629333,0.08707226067781448,0.11320042610168457,0.4872792363166809,0.6019986271858215,-0.43835920095443726,0.8548123240470886,0.4674451947212219,0.5904296636581421,0.11004160344600677,0.11917013674974442,0.4888671040534973,0.5855876803398132,-0.3984556496143341,0.798838198184967,0.3513193726539612,0.5515844225883484,0.18037524819374084,0.9988887310028076,0.3152853846549988,0.549884557723999,-0.17986848950386047,0.9996501803398132,0.3688112795352936,0.6996492147445679,0.17304417490959167,0.2926412522792816,0.3454724848270416,0.7184706926345825,-0.25406038761138916,0.9415679574012756,0.37428516149520874,0.8616110682487488,0.30311572551727295,0.49296921491622925,0.344056636095047,0.9087966084480286,-0.16298069059848785,0.9558367729187012,0.36117687821388245,0.8848392367362976,0.3091917634010315,0.6158390045166016,0.32160064578056335,0.9393345713615417,-0.16017484664916992,0.9277464747428894,0.44874101877212524,0.890389621257782,0.22419977188110352,0.6569600105285645,0.42347097396850586,0.9717203378677368,-0.293052077293396,0.9457891583442688
33,0.5632306337356567,0.3355601131916046,-0.11738990247249603,0.9985130429267883,0.5651460289955139,0.3177598714828491,-0.09584565460681915,0.998344898223877,0.5636194944381714,0.3161664605140686,-0.09593020379543304,0.9981337785720825,0.5616879463195801,0.31449300050735474,-0.09602618217468262,0.9985800981521606,0.5643361210823059,0.31788066029548645,-0.15704131126403809,0.9981383085250854,0.5622072219848633,0.3162744641304016,-0.1572113335132599,0.9978364109992981,0.5595488548278809,0.31424182653427124,-0.15726718306541443,0.9983920454978943,0.5368372201919556,0.30409255623817444,0.022204991430044174,0.9961680769920349,0.5324469804763794,0.3014180064201355,-0.2501564919948578,0.9974236488342285,0.5471477508544922,0.34343376755714417,-0.06607417017221451,0.998021125793457,0.5453904867172241,0.3419456481933594,-0.14560285210609436,0.9985710978507996,0.4672938287258148,0.35884830355644226,0.20931382477283478,0.9992932081222534,0.45295220613479614,0.3588328957557678,-0.38910990953445435,0.9998441338539124,0.4361240267753601,0.46973538398742676,0.2730668783187866,0.0932869091629982,0.4303268790245056,0.4815119206905365,-0.4845920503139496,0.9634788632392883,0.46148985624313354,0.5667321085929871,0.14951331913471222,0.11018446087837219,0.470038503408432,0.5767331123352051,-0.41635745763778687,0.9068882465362549,0.46961742639541626,0.5887357592582703,0.14856544137001038,0.1138143315911293,0.4769684374332428,0.6018063426017761,-0.47101688385009766,0.8630800843238831,0.4758581519126892,0.5903159379959106,0.09885914623737335,0.11662676185369492,0.48971086740493774,0.6027175188064575,-0.44799694418907166,0.8575412631034851,0.47173672914505005,0.584634006023407,0.12194295972585678,0.12257988750934601,0.4864952564239502,0.5876842737197876,-0.4064450263977051,0.802119255065918,0.3522387146949768,0.5539230108261108,0.1845007836818695,0.9989094734191895,0.3151455521583557,0.5519406199455261,-0.18400712311267853,0.9996515512466431,0.3686746656894684,0.7000758647918701,0.16542942821979523,0.29240918159484863,0.346088707447052,0.720748782157898,-0.26824989914894104,0.9416179060935974,0.3705216944217682,0.8581860661506653,0.28527575731277466,0.4912987947463989,0.3496311604976654,0.9039319157600403,-0.1860375702381134,0.955690860748291,0.3553308844566345,0.8818939328193665,0.2900374233722687,0.6160777807235718,0.3243030309677124,0.9400105476379395,-0.1841270923614502,0.92769455909729,0.44066062569618225,0.8962666392326355,0.2009502649307251,0.6561827063560486,0.41728299856185913,0.9527605772018433,-0.3203384280204773,0.945854663848877
34,0.5642129182815552,0.33622950315475464,-0.12978050112724304,0.9985568523406982,0.5662930011749268,0.3187541365623474,-0.10768524557352066,0.9983797073364258,0.5645754337310791,0.31702661514282227,-0.10775785148143768,0.9981772899627686,0.5618070960044861,0.31471967697143555,-0.10783012956380844,0.9986091256141663,0.5656042695045471,0.31883326172828674,-0.17078803479671478,0.9981772303581238,0.5627821087837219,0.3166024684906006,-0.17096562683582306,0.9978850483894348,0.5602003335952759,0.3146507740020752,-0.17101658880710602,0.9984251260757446,0.5378345847129822,0.304984986782074,0.012891717255115509,0.9962045550346375,0.5325198173522949,0.30136415362358093,-0.2678471505641937,0.9974848031997681,0.5480568408966064,0.34379497170448303,-0.07737575471401215,0.9980843663215637,0.5471305847167969,0.34295597672462463,-0.1593370884656906,0.9986199140548706,0.46327561140060425,0.3554826080799103,0.20500285923480988,0.9993194937705994,0.45471304655075073,0.3595830798149109,-0.4072062075138092,0.9998487830162048,0.4243564009666443,0.46111002564430237,0.2760956883430481,0.09515152871608734,0.4306470453739166,0.48272013664245605,-0.49976515769958496,0.9645698070526123,0.45381730794906616,0.5661195516586304,0.1538739800453186,0.11329644173383713,0.47130757570266724,0.579920768737793,-0.43090420961380005,0.9097703099250793,0.4614243507385254,0.5880692601203918,0.15293467044830322,0.11671188473701477,0.48454418778419495,0.6098299622535706,-0.48956695199012756,0.8663888573646545,0.468432754278183,0.5902287364006042,0.10011017322540283,0.11963054537773132,0.4918792247772217,0.6047233939170837,-0.4654565453529358,0.8609367609024048,0.46481114625930786,0.5846875905990601,0.12499288469552994,0.12560132145881653,0.48524054884910583,0.594710648059845,-0.42085641622543335,0.8059988617897034,0.3454985022544861,0.5488110780715942,0.19020721316337585,0.998929500579834,0.3164044916629791,0.5509619116783142,-0.18971370160579681,0.9996539950370789,0.3646629750728607,0.6975411176681519,0.19111087918281555,0.2899455428123474,0.3456202745437622,0.7214307188987732,-0.25684452056884766,0.9413230419158936,0.3678284287452698,0.867289662361145,0.32537341117858887,0.48904043436050415,0.34848394989967346,0.9027605056762695,-0.15968313813209534,0.955283522605896,0.35397911071777344,0.8859095573425293,0.33135300874710083,0.6153855919837952,0.3213706612586975,0.9386761784553528,-0.15664659440517426,0.9271299242973328,0.44143861532211304,0.8977499008178711,0.24262771010398865,0.6548340320587158,0.41511979699134827,0.9497007131576538,-0.2916972041130066,0.9456394910812378
35,0.5651810765266418,0.34084486961364746,-0.09977608174085617,0.9986298084259033,0.56845623254776,0.3233848214149475,-0.07863463461399078,0.9984590411186218,0.5666157603263855,0.32196468114852905,-0.07870527356863022,0.9982682466506958,0.5643083453178406,0.3204118609428406,-0.07878173887729645,0.9986782670021057,0.5679270625114441,0.32338568568229675,-0.13941457867622375,0.9982655048370361,0.5657938718795776,0.3219882845878601,-0.1395794004201889,0.9979885220527649,0.5624619722366333,0.3196483552455902,-0.13960887491703033,0.998500406742096,0.5382944345474243,0.31313976645469666,0.03507892042398453,0.9963929057121277,0.5348479151725769,0.31093353033065796,-0.23567351698875427,0.9976110458374023,0.5491532683372498,0.3482629954814911,-0.05050450563430786,0.9981868267059326,0.5484895706176758,0.3474976122379303,-0.1296098679304123,0.9986940622329712,0.46209946274757385,0.3566073179244995,0.21745915710926056,0.9993487596511841,0.4564482271671295,0.35953807830810547,-0.374805212020874,0.9998553395271301,0.41648998856544495,0.4656267762184143,0.29168298840522766,0.09560566395521164,0.43649497628211975,0.48652130365371704,-0.4582058787345886,0.9657651782035828,0.44464221596717834,0.5671181082725525,0.1867901235818863,0.11434277147054672,0.47602730989456177,0.5811759233474731,-0.38178887963294983,0.9123027920722961,0.4514060914516449,0.5884296298027039,0.18955212831497192,0.11796876043081284,0.48740869760513306,0.5986212491989136,-0.4342774450778961,0.8692839741706848,0.4593520760536194,0.5907906293869019,0.1381356120109558,0.12090848386287689,0.49078434705734253,0.6004022359848022,-0.4089439809322357,0.8639010190963745,0.4562450051307678,0.5850214958190918,0.159372478723526,0.1268736720085144,0.4958817958831787,0.5844100713729858,-0.37078022956848145,0.8097538948059082,0.341814786195755,0.5495480298995972,0.18557791411876678,0.9989374876022339,0.3184153735637665,0.5528297424316406,-0.18511295318603516,0.9996553063392639,0.3624308407306671,0.6949724555015564,0.1872909963130951,0.2895287871360779,0.346225768327713,0.7187149524688721,-0.24648025631904602,0.9424619078636169,0.3630742132663727,0.8637620210647583,0.3233821988105774,0.488619327545166,0.34746941924095154,0.8995802998542786,-0.15439820289611816,0.9559437036514282,0.3470750153064728,0.8823569416999817,0.3298097848892212,0.6153411865234375,0.3210226893424988,0.9333833456039429,-0.1510205715894699,0.9278697967529297,0.4362865388393402,0.8941501379013062,0.24791066348552704,0.6543648838996887,0.4159282147884369,0.949295699596405,-0.27651655673980713,0.946333110332489
36,0.5653494596481323,0.3398013710975647,-0.13242986798286438,0.998682975769043,0.5679567456245422,0.322391152381897,-0.11267530918121338,0.9985038042068481,0.566475510597229,0.3208402991294861,-0.11275389045476913,0.9983218908309937,0.5646852254867554,0.3188931345939636,-0.1128268614411354,0.9987162351608276,0.5668548345565796,0.3226589560508728,-0.17717714607715607,0.9983247518539429,0.564632773399353,0.3213496804237366,-0.17736618220806122,0.9980606436729431,0.5619187951087952,0.31991052627563477,-0.17743010818958282,0.9985515475273132,0.5381245613098145,0.3096664249897003,-0.0013372437097132206,0.9964789152145386,0.5341137647628784,0.31137949228286743,-0.28888851404190063,0.9977009892463684,0.5511989593505859,0.3485357165336609,-0.0828171893954277,0.9982560276985168,0.5497742295265198,0.3476758897304535,-0.16685396432876587,0.9987533688545227,0.4579862952232361,0.3546392619609833,0.19323334097862244,0.9993724822998047,0.4578218460083008,0.3731026351451874,-0.42599043250083923,0.999861478805542,0.4236091673374176,0.4642578661441803,0.29562610387802124,0.09424025565385818,0.4452151656150818,0.4980788826942444,-0.4992964267730713,0.9663504362106323,0.4631265103816986,0.5698229074478149,0.20241376757621765,0.11319833248853683,0.47997498512268066,0.5948116779327393,-0.4141314625740051,0.9135211110115051,0.47242552042007446,0.5897010564804077,0.20810718834400177,0.11704226583242416,0.4866468906402588,0.6183187365531921,-0.47401779890060425,0.870560348033905,0.4809655547142029,0.5936850309371948,0.14886008203029633,0.12007471174001694,0.4943067133426666,0.6148490905761719,-0.4492109417915344,0.8652089238166809,0.47750258445739746,0.589417576789856,0.17200174927711487,0.1260916292667389,0.49266672134399414,0.6098230481147766,-0.40411075949668884,0.8107612729072571,0.3409010171890259,0.5506642460823059,0.1958756148815155,0.9989487528800964,0.31786710023880005,0.5573140382766724,-0.1953461766242981,0.9996615052223206,0.3626295030117035,0.6971166729927063,0.2698098123073578,0.284950315952301,0.34625279903411865,0.7214807868003845,-0.2235705554485321,0.9425079822540283,0.3627813160419464,0.861497700214386,0.4477912485599518,0.4855276346206665,0.3471936583518982,0.9050328135490417,-0.09840157628059387,0.9561395645141602,0.3460644781589508,0.8867640495300293,0.45837315917015076,0.613722026348114,0.3234696388244629,0.9351568222045898,-0.09244503080844879,0.9279771447181702,0.4338974356651306,0.8935433626174927,0.38081568479537964,0.6523689031600952,0.41657495498657227,0.9481505155563354,-0.21772488951683044,0.9467111229896545
37,0.5689980983734131,0.33676257729530334,-0.14114055037498474,0.9986950755119324,0.5703036785125732,0.3196733295917511,-0.12035007774829865,0.9984952807426453,0.5687881708145142,0.3181138038635254,-0.12044354528188705,0.9983156323432922,0.5668598413467407,0.3165549635887146,-0.12054084241390228,0.9987084269523621,0.5691894292831421,0.31999075412750244,-0.18534469604492188,0.9983258843421936,0.5669373273849487,0.3186489939689636,-0.18553411960601807,0.998066782951355,0.5638245940208435,0.316775381565094,-0.1856120228767395,0.9985557794570923,0.5422297716140747,0.30800050497055054,-0.002688878681510687,0.9964307546615601,0.5377326607704163,0.30774447321891785,-0.29233264923095703,0.9977195858955383,0.5545134544372559,0.3458646535873413,-0.08915664255619049,0.9982728958129883,0.5531418919563293,0.3451368808746338,-0.17375674843788147,0.9987761378288269,0.4635850489139557,0.35569095611572266,0.19618435204029083,0.9993783235549927,0.45895013213157654,0.3694113790988922,-0.4325833320617676,0.9998623728752136,0.4341047704219818,0.46850013732910156,0.29329127073287964,0.09325804561376572,0.4461563229560852,0.4991689622402191,-0.5143483877182007,0.9665852189064026,0.46648740768432617,0.5727868676185608,0.19448353350162506,0.11289472132921219,0.48073863983154297,0.596836268901825,-0.4375811219215393,0.9146435856819153,0.47504371404647827,0.5931508541107178,0.19826844334602356,0.11704591661691666,0.48682427406311035,0.6218376755714417,-0.5001221895217896,0.8719656467437744,0.483285516500473,0.5969074964523315,0.1382070779800415,0.12019708752632141,0.4970461428165436,0.6231029629707336,-0.47366976737976074,0.8666341304779053,0.479775995016098,0.5925196409225464,0.163208469748497,0.1263299584388733,0.4930715560913086,0.6145256161689758,-0.42721232771873474,0.8118936419487,0.3426954448223114,0.5514703989028931,0.196806401014328,0.9989511370658875,0.31544801592826843,0.5553417801856995,-0.19631552696228027,0.9996609687805176,0.36209985613822937,0.6990952491760254,0.24488361179828644,0.2842625677585602,0.34732815623283386,0.7184241414070129,-0.23184773325920105,0.942847490310669,0.36404949426651,0.8681109547615051,0.41289767622947693,0.48844584822654724,0.3465615212917328,0.9022858738899231,-0.10535947978496552,0.9567145705223083,0.3453811705112457,0.8870029449462891,0.4227011799812317,0.6165359020233154,0.320102334022522,0.9365008473396301,-0.09965474903583527,0.9282574653625488,0.4373248517513275,0.8993368148803711,0.33877474069595337,0.6549049019813538,0.4139648973941803,0.9506384134292603,-0.23302523791790009,0.9472918510437012
38,0.5655532479286194,0.3380158543586731,-0.13102395832538605,0.9986736178398132,0.567034900188446,0.31995826959609985,-0.11098714172840118,0.9984689950942993,0.5654385089874268,0.31846946477890015,-0.11108805984258652,0.9982917904853821,0.563396155834198,0.3170087933540344,-0.11119210720062256,0.9986839294433594,0.5660117864608765,0.32019513845443726,-0.1741698682308197,0.9983145594596863,0.5637031197547913,0.3188394010066986,-0.17435088753700256,0.9980625510215759,0.5609344244003296,0.31733959913253784,-0.17441633343696594,0.9985477328300476,0.5382707715034485,0.3081837296485901,0.004729422740638256,0.9964008927345276,0.5347486734390259,0.30853527784347534,-0.27647992968559265,0.9977165460586548,0.5492156147956848,0.3457666039466858,-0.07971630990505219,0.99822998046875,0.5479635000228882,0.3454214632511139,-0.16197998821735382,0.9987618923187256,0.462620347738266,0.3551114797592163,0.19938364624977112,0.9993477463722229,0.46049705147743225,0.3741384744644165,-0.41137218475341797,0.9998570084571838,0.4242006838321686,0.46076831221580505,0.30498385429382324,0.09090959280729294,0.4466547966003418,0.5008242130279541,-0.4794667661190033,0.9658685922622681,0.4679234027862549,0.5514224767684937,0.23350107669830322,0.10985223203897476,0.4887499213218689,0.5869287252426147,-0.3864237070083618,0.9132614135742188,0.47742319107055664,0.566094160079956,0.24347655475139618,0.11425142735242844,0.4936109483242035,0.6105132102966309,-0.44307488203048706,0.8705894947052002,0.48731929063796997,0.5711764097213745,0.18456724286079407,0.11737927794456482,0.5074315071105957,0.6065166592597961,-0.41580232977867126,0.8651306629180908,0.4838128089904785,0.5691738128662109,0.20370328426361084,0.12372925132513046,0.5144447684288025,0.5938500165939331,-0.37532711029052734,0.8095795512199402,0.3399444818496704,0.5496004223823547,0.19036033749580383,0.9989040493965149,0.31762272119522095,0.5559488534927368,-0.18980452418327332,0.9996505379676819,0.3623950481414795,0.7007112503051758,0.20825286209583282,0.2805963158607483,0.34802472591400146,0.7171869874000549,-0.2443786859512329,0.9425706267356873,0.3627987504005432,0.8690638542175293,0.3707764446735382,0.4839511215686798,0.34858158230781555,0.9043390154838562,-0.14249131083488464,0.9568682312965393,0.3555174767971039,0.8927303552627563,0.3811071515083313,0.6139056086540222,0.3216632008552551,0.9393949508666992,-0.13873222470283508,0.9284941554069519,0.4319855570793152,0.9035640954971313,0.30558115243911743,0.6510413289070129,0.41941243410110474,0.9467498660087585,-0.2685464024543762,0.947209358215332
39,0.5680071711540222,0.33930349349975586,-0.13025698065757751,0.9987058639526367,0.5691491365432739,0.32123997807502747,-0.11284828186035156,0.9985008239746094,0.5672115087509155,0.3195565342903137,-0.11295314878225327,0.9983278512954712,0.5647691488265991,0.31785643100738525,-0.11306057125329971,0.9987120628356934,0.5686162710189819,0.32152873277664185,-0.17354795336723328,0.998352587223053,0.5664059519767761,0.32007506489753723,-0.1737113893032074,0.9981052875518799,0.563727855682373,0.3184652030467987,-0.1737595498561859,0.9985778331756592,0.539139986038208,0.3086085915565491,-0.007171465549618006,0.9965025782585144,0.5376430749893188,0.3089825510978699,-0.27761852741241455,0.9977599382400513,0.5506307482719421,0.3463183641433716,-0.08265749365091324,0.9982672333717346,0.5503615140914917,0.3457789421081543,-0.16186828911304474,0.9987958669662476,0.4634164273738861,0.3557519316673279,0.18085527420043945,0.9993581771850586,0.46584048867225647,0.37186968326568604,-0.4081793427467346,0.9998598694801331,0.4237087666988373,0.46077948808670044,0.2709394097328186,0.09039727598428726,0.4529988169670105,0.49752599000930786,-0.47428566217422485,0.9660100936889648,0.4659203588962555,0.571701169013977,0.18703679740428925,0.10968420654535294,0.49372512102127075,0.6001958250999451,-0.3935902416706085,0.9145621061325073,0.4752657413482666,0.5885025262832642,0.1940796673297882,0.11429299414157867,0.4978913366794586,0.6198827028274536,-0.4516698718070984,0.8725101351737976,0.4840471148490906,0.5933637022972107,0.1351737082004547,0.11743183434009552,0.5064295530319214,0.6143991351127625,-0.42391085624694824,0.8670388460159302,0.48078852891921997,0.5906089544296265,0.15727399289608002,0.1238466203212738,0.5055674314498901,0.611406147480011,-0.3829001784324646,0.8115453124046326,0.3399980962276459,0.5492603778839111,0.185859814286232,0.9988993406295776,0.3182371258735657,0.5567196607589722,-0.18537385761737823,0.9996544718742371,0.36204299330711365,0.7010430693626404,0.23420710861682892,0.27794206142425537,0.34743863344192505,0.7178138494491577,-0.222204327583313,0.9427694082260132,0.3696826100349426,0.8655316233634949,0.4255412220954895,0.4816095232963562,0.3471161723136902,0.904339611530304,-0.09918968379497528,0.9575859904289246,0.35605910420417786,0.8914716839790344,0.43861469626426697,0.6125472784042358,0.3208884298801422,0.938219428062439,-0.09355659782886505,0.9291718006134033,0.4312620162963867,0.9028102159500122,0.36790379881858826,0.6497747302055359,0.41729968786239624,0.9672322273254395,-0.21817819774150848,0.9478482604026794
40,0.5680421590805054,0.3431829810142517,-0.10381901264190674,0.9987562894821167,0.5693984627723694,0.32489722967147827,-0.0899791568517685,0.9985541701316833,0.5672633051872253,0.3230413496494293,-0.0900774821639061,0.9983887672424316,0.5646184086799622,0.32111868262290955,-0.09015803039073944,0.9987579584121704,0.5694547891616821,0.32555365562438965,-0.15011964738368988,0.9984155297279358,0.5675474405288696,0.3242807388305664,-0.1502912938594818,0.998175859451294,0.5652444958686829,0.322864294052124,-0.15033911168575287,0.998629629611969,0.5396000146865845,0.3117066025733948,-0.00015681753575336188,0.9966480731964111,0.5415262579917908,0.316457599401474,-0.2683253586292267,0.9978458285331726,0.5503559112548828,0.3499643802642822,-0.061289913952350616,0.9983276724815369,0.5510047674179077,0.34995439648628235,-0.13987134397029877,0.9988456964492798,0.45582881569862366,0.34948790073394775,0.17749014496803284,0.999387264251709,0.47130411863327026,0.37767791748046875,-0.40179914236068726,0.9998670220375061,0.4233480989933014,0.4605094790458679,0.26775890588760376,0.09187325835227966,0.4563066065311432,0.5094736814498901,-0.46612516045570374,0.9667258262634277,0.4481998383998871,0.5681353807449341,0.19077959656715393,0.11023568361997604,0.4960115849971771,0.6156922578811646,-0.38400858640670776,0.916158139705658,0.45498400926589966,0.5856207013130188,0.19927044212818146,0.11454462260007858,0.5020002126693726,0.6352945566177368,-0.4425939619541168,0.8744972944259644,0.4642468988895416,0.5905817747116089,0.14118602871894836,0.1175897940993309,0.5083484053611755,0.632178544998169,-0.41336336731910706,0.8690037727355957,0.4624364972114563,0.5877963304519653,0.16212864220142365,0.12387435883283615,0.5032220482826233,0.6246729493141174,-0.37267568707466125,0.8135238289833069,0.3365693688392639,0.5484901666641235,0.18430861830711365,0.998931348323822,0.31884196400642395,0.5564858317375183,-0.18379949033260345,0.9996681213378906,0.3594438433647156,0.7006706595420837,0.25312691926956177,0.2764628827571869,0.3450778126716614,0.7217739820480347,-0.20583197474479675,0.9419945478439331,0.364065945148468,0.8699561357498169,0.443124383687973,0.4818470776081085,0.34619471430778503,0.9041149020195007,-0.07771749049425125,0.9577948451042175,0.35316503047943115,0.8954280614852905,0.455834299325943,0.6129273772239685,0.31937238574028015,0.9384830594062805,-0.07148672640323639,0.9293627142906189,0.42998871207237244,0.9022678136825562,0.3821322023868561,0.6506447196006775,0.4160955548286438,0.9656044244766235,-0.19454726576805115,0.9482619166374207
41,0.5657880902290344,0.3409503996372223,-0.0702071413397789,0.9987894296646118,0.5671711564064026,0.3223712146282196,-0.05847671627998352,0.9985904097557068,0.5648272633552551,0.32025018334388733,-0.05857044458389282,0.9984293580055237,0.5620548725128174,0.31812769174575806,-0.05865365266799927,0.9987871646881104,0.5678008794784546,0.323292076587677,-0.11696910858154297,0.9984530210494995,0.5661007761955261,0.32194703817367554,-0.11713697016239166,0.9982158541679382,0.5640747547149658,0.32048872113227844,-0.11718903481960297,0.9986584186553955,0.5373623371124268,0.3083593249320984,0.01926920935511589,0.9967486262321472,0.5401318669319153,0.31131213903427124,-0.2419305294752121,0.9979013204574585,0.5464329719543457,0.34562546014785767,-0.03230247646570206,0.9983603954315186,0.5480266213417053,0.3459929823875427,-0.10881801694631577,0.9988710284233093,0.4426179826259613,0.3534730076789856,0.18719831109046936,0.9994099140167236,0.47464632987976074,0.3723708391189575,-0.37876030802726746,0.999872088432312,0.4101885259151459,0.4605097770690918,0.2725984454154968,0.0952557846903801,0.45860418677330017,0.5028589963912964,-0.4458562433719635,0.9672384262084961,0.44425439834594727,0.5648338198661804,0.19569161534309387,0.11299917846918106,0.49005112051963806,0.6087692975997925,-0.3620755970478058,0.9170182347297668,0.4510306715965271,0.5830546617507935,0.20503337681293488,0.11702084541320801,0.49803170561790466,0.624320924282074,-0.41663870215415955,0.8753313422203064,0.46067219972610474,0.5873597860336304,0.14874030649662018,0.120001420378685,0.5040704607963562,0.6299310326576233,-0.38695278763771057,0.8697432279586792,0.45888781547546387,0.5841064453125,0.1677773892879486,0.1259649246931076,0.4996027946472168,0.6222876310348511,-0.3501982092857361,0.8144033551216125,0.33335351943969727,0.547589123249054,0.1783723384141922,0.9989629983901978,0.318872332572937,0.5546199083328247,-0.17783895134925842,0.9996778964996338,0.3567865490913391,0.7008457183837891,0.21643266081809998,0.27922630310058594,0.3429981768131256,0.7181793451309204,-0.20196425914764404,0.9404656291007996,0.36185818910598755,0.8698646426200867,0.3748384416103363,0.4872996509075165,0.3437705338001251,0.9037690162658691,-0.08338461816310883,0.9575459361076355,0.35180991888046265,0.8966697454452515,0.3843502700328827,0.6172829866409302,0.3203483819961548,0.934418797492981,-0.07827416062355042,0.9292939901351929,0.42693790793418884,0.9026645421981812,0.3066105544567108,0.6550762057304382,0.4139564037322998,0.9457840919494629,-0.19988957047462463,0.9482603073120117
42,0.5667685866355896,0.34252482652664185,-0.1248878464102745,0.9988223910331726,0.5683232545852661,0.3241628110408783,-0.10753858089447021,0.9986251592636108,0.5664294958114624,0.3223612904548645,-0.10763061046600342,0.9984671473503113,0.5639922618865967,0.3204421401023865,-0.10771827399730682,0.9988194108009338,0.568107008934021,0.32447120547294617,-0.1685691773891449,0.9984889030456543,0.5661799311637878,0.3229290843009949,-0.16874390840530396,0.9982525110244751,0.5637751221656799,0.32112830877304077,-0.16880068182945251,0.9986882209777832,0.5385974645614624,0.30993881821632385,-0.002993366215378046,0.9968227744102478,0.5380061268806458,0.3104151487350464,-0.27482253313064575,0.9979421496391296,0.5504095554351807,0.3490402102470398,-0.0775488093495369,0.9983943700790405,0.5499674081802368,0.34795162081718445,-0.1571306586265564,0.9988958835601807,0.461906373500824,0.3546448051929474,0.1835518479347229,0.9994238018989563,0.4663483202457428,0.3686484694480896,-0.4073013365268707,0.999875009059906,0.42195868492126465,0.4608076512813568,0.2681678831577301,0.09392992407083511,0.4489741921424866,0.4935830235481262,-0.48013582825660706,0.9674273133277893,0.4597015976905823,0.5740042328834534,0.17744725942611694,0.1121060848236084,0.4881131649017334,0.6026169061660767,-0.40341830253601074,0.9180612564086914,0.46866878867149353,0.59334397315979,0.18391910195350647,0.11637749522924423,0.4960269033908844,0.6190702319145203,-0.46249985694885254,0.8767431974411011,0.47729912400245667,0.5981506705284119,0.12501183152198792,0.11936942487955093,0.49969005584716797,0.6223992109298706,-0.43313851952552795,0.8711423873901367,0.4741833806037903,0.5942558646202087,0.1475415825843811,0.12536248564720154,0.5020172595977783,0.6110717058181763,-0.39200669527053833,0.8159722685813904,0.3382122814655304,0.5494565367698669,0.18396583199501038,0.9989722371101379,0.3178195357322693,0.5551670789718628,-0.1834709197282791,0.999681830406189,0.35880109667778015,0.6990609169006348,0.2153402864933014,0.2782498896121979,0.34280654788017273,0.7175056338310242,-0.21989312767982483,0.9396573305130005,0.36252039670944214,0.8685024380683899,0.3853568732738495,0.4873214662075043,0.34421461820602417,0.9030184745788574,-0.09581315517425537,0.9574326276779175,0.3482734262943268,0.8908547163009644,0.39580434560775757,0.6173862814903259,0.31632131338119507,0.9390538930892944,-0.09030644595623016,0.9290878176689148,0.42973408102989197,0.9007787704467773,0.3171940743923187,0.6559438705444336,0.41482013463974,0.9459840059280396,-0.2156461775302887,0.9483038187026978
43,0.5678586363792419,0.33836787939071655,-0.11966805160045624,0.9988577365875244,0.5697570443153381,0.32111626863479614,-0.10186155140399933,0.9986646771430969,0.5673360228538513,0.31889063119888306,-0.10195182263851166,0.9985118508338928,0.5650084614753723,0.3170422315597534,-0.1020336002111435,0.9988554120063782,0.5693724751472473,0.32135269045829773,-0.16330425441265106,0.998530924320221,0.5667831301689148,0.31931233406066895,-0.16346916556358337,0.9982991814613342,0.5642771124839783,0.3174942135810852,-0.16351549327373505,0.9987243413925171,0.5394094586372375,0.3063201606273651,0.0036985822953283787,0.9969211220741272,0.5396005511283875,0.30762556195259094,-0.2698780596256256,0.9980055093765259,0.5518270134925842,0.34538617730140686,-0.0718657523393631,0.9984413981437683,0.5516257286071777,0.34488576650619507,-0.15196391940116882,0.998927652835846,0.4611288607120514,0.3527018427848816,0.18564119935035706,0.9994386434555054,0.46645259857177734,0.3665463328361511,-0.4047265648841858,0.9998773336410522,0.42106151580810547,0.46019187569618225,0.2639595568180084,0.09358102828264236,0.4463401734828949,0.4985383152961731,-0.4815206527709961,0.967720627784729,0.44456133246421814,0.5703378915786743,0.1724850982427597,0.11096369475126266,0.48454204201698303,0.6018804311752319,-0.40499401092529297,0.9185292720794678,0.44971078634262085,0.5916572213172913,0.17726580798625946,0.11511646211147308,0.4901035726070404,0.6224501132965088,-0.4648062288761139,0.8772364854812622,0.4575192928314209,0.5957350134849548,0.12083594501018524,0.11803503334522247,0.4983704090118408,0.6284128427505493,-0.43586093187332153,0.8716440796852112,0.4557916224002838,0.5909339785575867,0.143665611743927,0.12406910210847855,0.49629178643226624,0.6163843870162964,-0.3935970664024353,0.8166540265083313,0.3371247351169586,0.5499152541160583,0.18239520490169525,0.9989795088768005,0.3194575607776642,0.5557118654251099,-0.1818934977054596,0.9996803402900696,0.35635778307914734,0.7064920663833618,0.20018962025642395,0.2792922556400299,0.34420496225357056,0.7205188274383545,-0.21639177203178406,0.9384483695030212,0.36235904693603516,0.8682647943496704,0.3593316972255707,0.48803776502609253,0.3477594256401062,0.9049854278564453,-0.08910642564296722,0.9565823674201965,0.34645506739616394,0.9035164713859558,0.3683815598487854,0.6163103580474854,0.32092922925949097,0.9408073425292969,-0.08324354887008667,0.9277694821357727,0.42741236090660095,0.908669650554657,0.2822754383087158,0.65595942735672,0.41253143548965454,0.9502390027046204,-0.2095409333705902,0.9474978446960449
44,0.5684299468994141,0.3402756452560425,-0.1148492693901062,0.9989060163497925,0.5707138180732727,0.32278135418891907,-0.09729209542274475,0.9987168312072754,0.5680011510848999,0.3204505741596222,-0.09737874567508698,0.9985702037811279,0.5654978156089783,0.31857457756996155,-0.0974527969956398,0.9989004135131836,0.5707682371139526,0.32318198680877686,-0.1587572544813156,0.9985862970352173,0.5681735873222351,0.3211348056793213,-0.1589149534702301,0.9983610510826111,0.5658509135246277,0.31943386793136597,-0.15895071625709534,0.998769998550415,0.539086639881134,0.307527631521225,0.006004838738590479,0.9970434308052063,0.5405265092849731,0.30940550565719604,-0.26772862672805786,0.9980801939964294,0.5504947900772095,0.34690743684768677,-0.06784971058368683,0.9985003471374512,0.5507992506027222,0.34683874249458313,-0.1480102241039276,0.9989679455757141,0.45528069138526917,0.34878072142601013,0.18559600412845612,0.9994557499885559,0.46670109033584595,0.3677353262901306,-0.4044419229030609,0.9998804926872253,0.4130268692970276,0.4590522348880768,0.2609628140926361,0.09310412406921387,0.4457319676876068,0.49729976058006287,-0.48395413160324097,0.9681335687637329,0.4391626715660095,0.5708348155021667,0.1685027778148651,0.10977146774530411,0.4802035689353943,0.5966503024101257,-0.40423765778541565,0.9192838668823242,0.4448542594909668,0.5931363105773926,0.17371371388435364,0.11374098062515259,0.4859255254268646,0.6194661855697632,-0.46329396963119507,0.8779895901679993,0.4519932270050049,0.5977157354354858,0.11747521162033081,0.11658010631799698,0.4932127594947815,0.6185317635536194,-0.43490949273109436,0.8723921775817871,0.45006972551345825,0.5923709869384766,0.13978248834609985,0.122659832239151,0.4913385510444641,0.6127145290374756,-0.39298373460769653,0.8176142573356628,0.3339632451534271,0.5497143864631653,0.18204288184642792,0.9989997744560242,0.31852987408638,0.5550873875617981,-0.18152350187301636,0.9996845126152039,0.356100469827652,0.6969641447067261,0.18891394138336182,0.28100258111953735,0.34267809987068176,0.7162355184555054,-0.2266359031200409,0.9378814101219177,0.3615823984146118,0.867144763469696,0.34910809993743896,0.4892997145652771,0.3447410464286804,0.9025082588195801,-0.10505960881710052,0.9562885165214539,0.3446877896785736,0.8967877626419067,0.3581991195678711,0.6155718564987183,0.31667518615722656,0.9388943910598755,-0.09992720931768417,0.9271376729011536,0.4310883581638336,0.9005071520805359,0.27162399888038635,0.6568151712417603,0.4159659743309021,0.9437886476516724,-0.2293800562620163,0.9473705291748047
45,0.5671033263206482,0.3410518765449524,-0.13251417875289917,0.9989275932312012,0.5700173377990723,0.3232107162475586,-0.11378224194049835,0.9987390637397766,0.5683982372283936,0.3215567469596863,-0.11388212442398071,0.9985955953598022,0.5663699507713318,0.31992071866989136,-0.11397959291934967,0.9989177584648132,0.5692964792251587,0.32342204451560974,-0.17545528709888458,0.9986097812652588,0.5672361254692078,0.3218980133533478,-0.17562907934188843,0.9983890652656555,0.564056396484375,0.31955501437187195,-0.17568176984786987,0.9987881183624268,0.5422916412353516,0.3100501596927643,-0.002999334828928113,0.9970817565917969,0.5388027429580688,0.30917420983314514,-0.27769726514816284,0.998100757598877,0.5516234040260315,0.348011314868927,-0.08308155834674835,0.9985249638557434,0.5505528450012207,0.3477247655391693,-0.16339179873466492,0.9989880919456482,0.46154147386550903,0.3551676869392395,0.18521496653556824,0.9994574189186096,0.45973485708236694,0.3723790943622589,-0.40930595993995667,0.9998789429664612,0.4201333522796631,0.45750728249549866,0.27434688806533813,0.0920535996556282,0.4421033263206482,0.49678534269332886,-0.4804913401603699,0.9676961898803711,0.4530237317085266,0.5648140907287598,0.18260005116462708,0.10887794941663742,0.48041480779647827,0.5900527238845825,-0.39461156725883484,0.9184525012969971,0.4614523947238922,0.5835827589035034,0.18756166100502014,0.11311697214841843,0.48906126618385315,0.609479546546936,-0.4502914845943451,0.8769550919532776,0.46992969512939453,0.5881303548812866,0.1317870020866394,0.11596989631652832,0.4938618540763855,0.6129942536354065,-0.42581242322921753,0.8713255524635315,0.4664839804172516,0.5842332243919373,0.1537705361843109,0.12208422273397446,0.500799298286438,0.5991638898849487,-0.3845805525779724,0.8160580992698669,0.33863893151283264,0.5489333868026733,0.18645760416984558,0.998995304107666,0.31658729910850525,0.5565696358680725,-0.1859164983034134,0.9996825456619263,0.36125653982162476,0.6992895007133484,0.20830774307250977,0.2805529236793518,0.34695035219192505,0.7153290510177612,-0.2526267170906067,0.9384377002716064,0.36361056566238403,0.8672097325325012,0.37715601921081543,0.4883864223957062,0.34850823879241943,0.9040360450744629,-0.13530409336090088,0.9566605091094971,0.35323208570480347,0.8936761617660522,0.3875401020050049,0.6151770949363708,0.32672131061553955,0.9338714480400085,-0.13006900250911713,0.9274950623512268,0.43121176958084106,0.901318371295929,0.3074043393135071,0.656812310218811,0.4181228578090668,0.9472242593765259,-0.26015689969062805,0.9478544592857361
46,0.5661994218826294,0.3370613157749176,-0.12626980245113373,0.9989534616470337,0.5682291984558105,0.3190852105617523,-0.10902317613363266,0.9987679719924927,0.5665549039840698,0.317504346370697,-0.10912102460861206,0.9986289739608765,0.5644702315330505,0.31595486402511597,-0.10921593755483627,0.9989441633224487,0.5675531625747681,0.3192595839500427,-0.1688133180141449,0.9986411929130554,0.5654158592224121,0.31775885820388794,-0.1689729541540146,0.9984256625175476,0.5628324747085571,0.3160715103149414,-0.16900303959846497,0.998814046382904,0.5395174026489258,0.30622798204421997,-0.0026325348298996687,0.9971593618392944,0.5363729000091553,0.3057010769844055,-0.26831942796707153,0.9981371164321899,0.5487504005432129,0.3428269326686859,-0.07821042090654373,0.9985539317131042,0.5477784872055054,0.3426188826560974,-0.15599921345710754,0.9990050196647644,0.46487998962402344,0.3547397553920746,0.185035839676857,0.9994617104530334,0.464332640171051,0.3671404719352722,-0.396666556596756,0.999879002571106,0.4239204525947571,0.4595547318458557,0.2796148955821991,0.09221972525119781,0.4442545473575592,0.49725088477134705,-0.45989054441452026,0.9673282504081726,0.45547693967819214,0.5636131167411804,0.19803844392299652,0.10888008028268814,0.4811210632324219,0.5925394296646118,-0.37188833951950073,0.9179134368896484,0.4637942314147949,0.58269864320755,0.20466026663780212,0.11306077241897583,0.49104923009872437,0.6112768054008484,-0.4265322685241699,0.8765696287155151,0.4717395305633545,0.5870223641395569,0.14836721122264862,0.11594180017709732,0.4953796863555908,0.6156192421913147,-0.4019279479980469,0.8709380030632019,0.4685383439064026,0.5829432010650635,0.16940578818321228,0.12223808467388153,0.5014802813529968,0.6001375317573547,-0.36162441968917847,0.8156194090843201,0.34063655138015747,0.5481236577033997,0.17992664873600006,0.9989831447601318,0.31871888041496277,0.5546616315841675,-0.17943519353866577,0.9996785521507263,0.3579254746437073,0.6964070796966553,0.1993815004825592,0.28003591299057007,0.3474326729774475,0.7148678302764893,-0.21916845440864563,0.9382219910621643,0.3620421290397644,0.8668923377990723,0.3540356755256653,0.48765891790390015,0.34496697783470154,0.9028026461601257,-0.11045511811971664,0.9567517638206482,0.34915778040885925,0.8904879689216614,0.36284762620925903,0.6139554977416992,0.32156118750572205,0.9320158958435059,-0.10616534948348999,0.927690327167511,0.43255600333213806,0.90135657787323,0.2835763096809387,0.6560009121894836,0.41603678464889526,0.9446437954902649,-0.23206746578216553,0.9478606581687927
47,0.5695505142211914,0.33943110704421997,-0.1159931868314743,0.9990110993385315,0.5716436505317688,0.32230398058891296,-0.09793750941753387,0.9988295435905457,0.5697868466377258,0.3206213116645813,-0.09800681471824646,0.9986973404884338,0.5668569803237915,0.3183479905128479,-0.09808038920164108,0.9989956021308899,0.5710736513137817,0.32255589962005615,-0.1591871827840805,0.9987135529518127,0.5689342617988586,0.3210858702659607,-0.1593553125858307,0.9985109567642212,0.5657516717910767,0.31882691383361816,-0.1593804955482483,0.9988763928413391,0.5425544381141663,0.30921614170074463,0.007048378698527813,0.9973047375679016,0.5406624674797058,0.30912619829177856,-0.26564809679985046,0.9982373118400574,0.5530981421470642,0.34678295254707336,-0.06909900158643723,0.9986290335655212,0.5528355836868286,0.3460560739040375,-0.14892593026161194,0.9990612864494324,0.4644753038883209,0.3544444441795349,0.1938621550798416,0.9994795322418213,0.46695080399513245,0.366793692111969,-0.3999851644039154,0.9998854994773865,0.4245608448982239,0.4577459692955017,0.28613775968551636,0.09238920360803604,0.45202121138572693,0.48841482400894165,-0.46824726462364197,0.9682109355926514,0.46335569024086,0.5686761140823364,0.20091025531291962,0.10992688685655594,0.4819270074367523,0.5920805931091309,-0.3844984769821167,0.9199355840682983,0.4722211956977844,0.5884875655174255,0.2067687064409256,0.11406990140676498,0.4885781705379486,0.6155565977096558,-0.44074979424476624,0.8791963458061218,0.48014897108078003,0.5930227041244507,0.15015067160129547,0.11698611080646515,0.4959356188774109,0.6150549650192261,-0.4156115651130676,0.8736676573753357,0.47703075408935547,0.5886452198028564,0.17182044684886932,0.12328456342220306,0.4939245581626892,0.608866810798645,-0.37425458431243896,0.8191670179367065,0.340726763010025,0.5498030781745911,0.18844860792160034,0.9989972710609436,0.3223019242286682,0.55787593126297,-0.18796968460083008,0.9996883869171143,0.35840943455696106,0.7079088687896729,0.26805904507637024,0.27946731448173523,0.3476281762123108,0.7248504757881165,-0.19372981786727905,0.9398252367973328,0.3607838451862335,0.8657137155532837,0.4637155532836914,0.4879997968673706,0.3463614284992218,0.9039674997329712,-0.06668776273727417,0.9581525325775146,0.3470623195171356,0.891339123249054,0.4759538769721985,0.6144230365753174,0.31975531578063965,0.9376744031906128,-0.06077061966061592,0.9297149777412415,0.4346366822719574,0.8983194231987,0.4042719304561615,0.6564265489578247,0.42126426100730896,0.9444942474365234,-0.18270044028759003,0.9493498206138611
48,0.5640331506729126,0.3418048024177551,-0.12166372686624527,0.9990596175193787,0.5668447017669678,0.32429125905036926,-0.1058359146118164,0.9988852143287659,0.5649977326393127,0.3225199580192566,-0.10592111200094223,0.9987602233886719,0.5628278255462646,0.32066577672958374,-0.10599533468484879,0.9990460276603699,0.566910445690155,0.32481712102890015,-0.16488397121429443,0.9987770915031433,0.565201461315155,0.3234706521034241,-0.16503854095935822,0.9985837936401367,0.5631956458091736,0.32192733883857727,-0.16506196558475494,0.9989320635795593,0.5392240285873413,0.30982130765914917,-0.006976892706006765,0.9974463582038879,0.5389885902404785,0.3113439679145813,-0.26967936754226685,0.998323917388916,0.5468127727508545,0.3475460708141327,-0.07641737163066864,0.9986913800239563,0.5471274256706238,0.347260057926178,-0.15344224870204926,0.9991057515144348,0.45598894357681274,0.34952351450920105,0.17388974130153656,0.9995017647743225,0.4701053500175476,0.369489848613739,-0.39609795808792114,0.9998912215232849,0.4242212772369385,0.46113085746765137,0.2642851769924164,0.09293986856937408,0.4510190486907959,0.5033987164497375,-0.44929566979408264,0.9687234163284302,0.44997796416282654,0.5694507360458374,0.19175662100315094,0.10996434837579727,0.4902285039424896,0.6039835214614868,-0.36281630396842957,0.921088457107544,0.4566579759120941,0.5875070691108704,0.19811715185642242,0.1138567179441452,0.4975208640098572,0.6263039708137512,-0.4199191927909851,0.8806648850440979,0.46557512879371643,0.5926117897033691,0.140672504901886,0.11669611185789108,0.5036827325820923,0.6245615482330322,-0.3922565281391144,0.8751934170722961,0.4637336730957031,0.5891262888908386,0.16315758228302002,0.12300217151641846,0.4994801878929138,0.61677086353302,-0.3519594073295593,0.8211685419082642,0.3353320360183716,0.5493519306182861,0.17996953427791595,0.9990146160125732,0.32139909267425537,0.559158444404602,-0.17948852479457855,0.9996967911720276,0.35378018021583557,0.7055327296257019,0.2596180737018585,0.2803783118724823,0.34820958971977234,0.726458728313446,-0.16021181643009186,0.9401412010192871,0.3609250783920288,0.8687933087348938,0.45521584153175354,0.4914175570011139,0.34292861819267273,0.9093276858329773,-0.014788249507546425,0.9586955308914185,0.3482874929904938,0.899364173412323,0.46779870986938477,0.6149513125419617,0.3173985183238983,0.9378144145011902,-0.007061228156089783,0.9300446510314941,0.43440183997154236,0.9008558392524719,0.391374796628952,0.6588508486747742,0.4133382737636566,0.9498081207275391,-0.1251106858253479,0.9498738050460815
49,0.5640885829925537,0.3388598561286926,-0.10400617122650146,0.9990951418876648,0.5657407641410828,0.3209255039691925,-0.09015519171953201,0.998927652835846,0.5638049840927124,0.31911545991897583,-0.09023865312337875,0.9988081455230713,0.561538815498352,0.3173452317714691,-0.09030602872371674,0.9990848302841187,0.565983235836029,0.32169151306152344,-0.1482667624950409,0.9988247156143188,0.5643099546432495,0.32045671343803406,-0.14842061698436737,0.998637318611145,0.5623046159744263,0.31908342242240906,-0.1484411209821701,0.9989737272262573,0.5369722247123718,0.3072096109390259,0.0008289829129353166,0.9975605607032776,0.539854884147644,0.3109111189842224,-0.25781285762786865,0.9983862042427063,0.5466074347496033,0.3439837098121643,-0.06144771724939346,0.9987354278564453,0.5470271706581116,0.34418684244155884,-0.1373068392276764,0.9991378784179688,0.452334463596344,0.3480296730995178,0.17582640051841736,0.9995214939117432,0.4714660048484802,0.37064868211746216,-0.3826274275779724,0.9998965263366699,0.40786951780319214,0.46609053015708923,0.2631097733974457,0.09400148689746857,0.45473217964172363,0.5051053762435913,-0.4316485822200775,0.9692057967185974,0.4418568015098572,0.5678085684776306,0.19276131689548492,0.11025330424308777,0.4876442849636078,0.6001033186912537,-0.3418199121952057,0.9224251508712769,0.44863781332969666,0.5842913389205933,0.20040330290794373,0.11376874893903732,0.5002268552780151,0.6201440691947937,-0.39590543508529663,0.8824230432510376,0.45864230394363403,0.5890533924102783,0.144651859998703,0.11648024618625641,0.5039008855819702,0.6231192350387573,-0.36852970719337463,0.8769963383674622,0.45707663893699646,0.5863193273544312,0.16507986187934875,0.12276522070169449,0.5001237392425537,0.615138053894043,-0.3308860659599304,0.8235577344894409,0.3337515890598297,0.5475759506225586,0.17498230934143066,0.9990217089653015,0.323426216840744,0.5602820515632629,-0.17450851202011108,0.9997031092643738,0.3506569266319275,0.7046613693237305,0.2424158751964569,0.2783907651901245,0.34552842378616333,0.7276886701583862,-0.16347303986549377,0.938826322555542,0.36651065945625305,0.8724708557128906,0.43227773904800415,0.48853275179862976,0.3493635356426239,0.908576488494873,-0.028475943952798843,0.958182156085968,0.35996776819229126,0.8982025980949402,0.44483399391174316,0.6116700172424316,0.32172873616218567,0.9424611926078796,-0.02167387492954731,0.9293056130409241,0.43599963188171387,0.9008735418319702,0.3745393753051758,0.6561006903648376,0.41930049657821655,0.9455355405807495,-0.1370968222618103,0.9491395354270935
50,0.5665832757949829,0.3382769823074341,-0.13575205206871033,0.9991387724876404,0.5687481164932251,0.32110822200775146,-0.11918528378009796,0.9989725351333618,0.5660920739173889,0.3188605308532715,-0.11926402151584625,0.9988583922386169,0.5639058351516724,0.31729307770729065,-0.11932815611362457,0.9991235136985779,0.568792998790741,0.32148638367652893,-0.18121720850467682,0.9988762140274048,0.5669234395027161,0.3201006054878235,-0.1813766211271286,0.9986972212791443,0.5638998746871948,0.3178785443305969,-0.1814040243625641,0.9990183115005493,0.5402801036834717,0.3082863986492157,-0.01602989062666893,0.9976666569709778,0.5399226546287537,0.308830589056015,-0.29201656579971313,0.998454749584198,0.5504924058914185,0.34545284509658813,-0.08862824738025665,0.9987903833389282,0.5506382584571838,0.3451140224933624,-0.1694953888654709,0.9991782307624817,0.4582121968269348,0.35147058963775635,0.17457906901836395,0.9995405673980713,0.4703625738620758,0.36962857842445374,-0.4245643615722656,0.9999016523361206,0.4198797345161438,0.468217134475708,0.2620998024940491,0.09560088813304901,0.45855993032455444,0.49738040566444397,-0.4869441092014313,0.970061182975769,0.44840186834335327,0.5782904624938965,0.17386676371097565,0.11241929978132248,0.4857853949069977,0.6003381013870239,-0.4035918116569519,0.9249716401100159,0.4543423056602478,0.5978437066078186,0.1786615252494812,0.11545387655496597,0.4916238784790039,0.6223986148834229,-0.46507900953292847,0.8858451247215271,0.46207547187805176,0.6019800901412964,0.11945090442895889,0.11816245317459106,0.5008333921432495,0.6236222982406616,-0.43807482719421387,0.880550742149353,0.4606093764305115,0.5981188416481018,0.14380601048469543,0.12443432956933975,0.4973214268684387,0.6161547899246216,-0.3932727873325348,0.8280248641967773,0.3329007625579834,0.5489314794540405,0.18853387236595154,0.999047040939331,0.3228488266468048,0.5614602565765381,-0.18804024159908295,0.9997130632400513,0.3541550040245056,0.7088902592658997,0.26457279920578003,0.27653229236602783,0.34891384840011597,0.7315444946289062,-0.1820639669895172,0.9390254616737366,0.3677557110786438,0.8709408044815063,0.47120851278305054,0.4878489077091217,0.3491024374961853,0.9093371629714966,-0.03633124381303787,0.9586543440818787,0.35996541380882263,0.9005347490310669,0.4848916530609131,0.6109796762466431,0.32266223430633545,0.942895770072937,-0.029127459973096848,0.9297707676887512,0.43633556365966797,0.9013217091560364,0.4101114273071289,0.6561105251312256,0.42313823103904724,0.9474669694900513,-0.1531272530555725,0.9496540427207947
51,0.5627107620239258,0.33688685297966003,-0.1495124101638794,0.999167799949646,0.5649213194847107,0.31902265548706055,-0.1332346498966217,0.9990055561065674,0.5633103251457214,0.3175314962863922,-0.13332818448543549,0.9988940954208374,0.5614799857139587,0.3161854147911072,-0.13340774178504944,0.9991545677185059,0.5645636320114136,0.31934645771980286,-0.19293342530727386,0.9989095330238342,0.5626792907714844,0.31802472472190857,-0.19307902455329895,0.9987320899963379,0.5605069398880005,0.31662771105766296,-0.19309616088867188,0.9990459084510803,0.5382416844367981,0.30684325098991394,-0.026816025376319885,0.997747540473938,0.5364710092544556,0.3069568872451782,-0.2921128571033478,0.9984846711158752,0.5458811521530151,0.34262603521347046,-0.10108672082424164,0.9988188147544861,0.5455767512321472,0.3423737585544586,-0.1788460910320282,0.9991945624351501,0.45818042755126953,0.35721734166145325,0.1636747270822525,0.9995530247688293,0.46885743737220764,0.36807674169540405,-0.41719499230384827,0.9999033212661743,0.42062216997146606,0.4695715010166168,0.2377539426088333,0.09826754033565521,0.46088844537734985,0.49838346242904663,-0.4830002784729004,0.970571756362915,0.4473857283592224,0.5764681696891785,0.13764359056949615,0.1163952574133873,0.4952230453491211,0.6019037961959839,-0.4125407338142395,0.927236020565033,0.4531399607658386,0.5948124527931213,0.13905568420886993,0.11897983402013779,0.5005103349685669,0.6224727630615234,-0.474606990814209,0.8891668319702148,0.4603919982910156,0.5984892249107361,0.08167596161365509,0.12170378863811493,0.5043785572052002,0.6255017518997192,-0.44584232568740845,0.8839812278747559,0.45878511667251587,0.5951410531997681,0.1081409677863121,0.12793375551700592,0.5034176111221313,0.6202386617660522,-0.4017484188079834,0.8323508501052856,0.3362409472465515,0.5503638386726379,0.1802898496389389,0.9990701079368591,0.32217320799827576,0.5624175667762756,-0.17983867228031158,0.9997204542160034,0.3589354157447815,0.7015238404273987,0.2292816936969757,0.27672192454338074,0.34422677755355835,0.7269736528396606,-0.1845548152923584,0.9384695887565613,0.37003761529922485,0.8670568466186523,0.4215052127838135,0.49014154076576233,0.3469616770744324,0.9086820483207703,-0.04240377992391586,0.9588209986686707,0.3595315217971802,0.8960663080215454,0.43411773443222046,0.612144410610199,0.32414165139198303,0.9380831718444824,-0.035584889352321625,0.9296357035636902,0.4379104673862457,0.8964726328849792,0.3559724688529968,0.6591033339500427,0.41672515869140625,0.9460252523422241,-0.16146495938301086,0.949866533279419
52,0.5668381452560425,0.335524320602417,-0.1500983089208603,0.9992042779922485,0.5683506727218628,0.3181566596031189,-0.13207224011421204,0.9990401864051819,0.5665953755378723,0.3165753483772278,-0.1321582794189453,0.9989325404167175,0.5644588470458984,0.3149663805961609,-0.13223537802696228,0.9991839528083801,0.5680824518203735,0.3185812830924988,-0.19427654147148132,0.9989492893218994,0.5661458969116211,0.3172883689403534,-0.1944323182106018,0.9987791776657104,0.5637441277503967,0.31575241684913635,-0.19445696473121643,0.9990801811218262,0.5396159887313843,0.30442148447036743,-0.020843159407377243,0.997822642326355,0.5373305678367615,0.30455291271209717,-0.29728806018829346,0.9985371232032776,0.5503806471824646,0.34225398302078247,-0.10022858530282974,0.9988647103309631,0.5499899387359619,0.34197768568992615,-0.1811499297618866,0.9992265105247498,0.46283045411109924,0.35232439637184143,0.17494548857212067,0.9995632171630859,0.4660336375236511,0.36671486496925354,-0.429546982049942,0.9999055862426758,0.4291669726371765,0.46384257078170776,0.2595582604408264,0.1011296957731247,0.45417219400405884,0.4942154884338379,-0.5031212568283081,0.9714791178703308,0.4598008692264557,0.5749171376228333,0.15936455130577087,0.12081439048051834,0.4857417643070221,0.6005769968032837,-0.4326273798942566,0.9299797415733337,0.4673091471195221,0.5956859588623047,0.16068682074546814,0.12293574959039688,0.4920981526374817,0.6231929063796997,-0.49654799699783325,0.8928998112678528,0.473845899105072,0.599878191947937,0.1010056734085083,0.1257975995540619,0.5011770129203796,0.6250176429748535,-0.47000113129615784,0.8878708481788635,0.4711798131465912,0.595539927482605,0.128399059176445,0.13208581507205963,0.49767613410949707,0.6173332929611206,-0.4226623475551605,0.8373172283172607,0.33963268995285034,0.5499618649482727,0.1882677674293518,0.9990849494934082,0.3205447196960449,0.5588886141777039,-0.18779858946800232,0.9997244477272034,0.3573386073112488,0.6999045014381409,0.24968445301055908,0.27861306071281433,0.3488093316555023,0.7220770120620728,-0.19183853268623352,0.9393938779830933,0.36486107110977173,0.8712228536605835,0.44253864884376526,0.49419981241226196,0.34964519739151,0.9083571434020996,-0.04690315201878548,0.959574282169342,0.3536761701107025,0.9033045768737793,0.4546439051628113,0.6143982410430908,0.32486480474472046,0.9364784359931946,-0.039918579161167145,0.9303410053253174,0.4347170889377594,0.9040036201477051,0.37299901247024536,0.6624255776405334,0.4184536337852478,0.9451428651809692,-0.16856646537780762,0.9506261348724365
53,0.5642052888870239,0.33699196577072144,-0.12453214824199677,0.9992356896400452,0.5666804313659668,0.3199169933795929,-0.10815393924713135,0.9990777969360352,0.5648927688598633,0.3182472586631775,-0.10823865234851837,0.9989742040634155,0.5628554224967957,0.3165956139564514,-0.10830670595169067,0.999218225479126,0.5667468905448914,0.32045120000839233,-0.16829904913902283,0.9989892244338989,0.5649765729904175,0.31909874081611633,-0.1684451401233673,0.998823881149292,0.5628507137298584,0.31750112771987915,-0.16846060752868652,0.9991149306297302,0.539810836315155,0.30658313632011414,-0.005347909405827522,0.9979179501533508,0.5382703542709351,0.3065633475780487,-0.272735059261322,0.9985922574996948,0.5469369292259216,0.34236106276512146,-0.07769893854856491,0.9989067912101746,0.547100305557251,0.34225133061408997,-0.15607459843158722,0.9992522597312927,0.4574294984340668,0.3489964008331299,0.1795402616262436,0.9995764493942261,0.47014984488487244,0.36543625593185425,-0.4027045667171478,0.9999083280563354,0.4248993396759033,0.46007901430130005,0.25884872674942017,0.102895587682724,0.4555417001247406,0.49363183975219727,-0.4668140411376953,0.9720719456672668,0.4464757442474365,0.5706617832183838,0.16725482046604156,0.1222703754901886,0.48659881949424744,0.6004220247268677,-0.38903266191482544,0.931435763835907,0.4519124925136566,0.5908024907112122,0.17059911787509918,0.12395133078098297,0.49283450841903687,0.6224237084388733,-0.44863176345825195,0.8948614597320557,0.4592311382293701,0.5945862531661987,0.1142224669456482,0.12675927579402924,0.5015257596969604,0.6242195963859558,-0.420877605676651,0.8899243474006653,0.45767635107040405,0.5902478694915771,0.13836021721363068,0.13312342762947083,0.4978652000427246,0.6165322065353394,-0.378174751996994,0.8402487635612488,0.33645936846733093,0.5494378805160522,0.1798180192708969,0.9990987181663513,0.3213997483253479,0.5579530000686646,-0.17934024333953857,0.9997279047966003,0.35526952147483826,0.7075196504592896,0.22305317223072052,0.27912411093711853,0.34585070610046387,0.7260798215866089,-0.17795446515083313,0.9386388659477234,0.3629855811595917,0.8695247769355774,0.39455917477607727,0.4944838583469391,0.3480072319507599,0.9089922904968262,-0.04332803934812546,0.9591336250305176,0.35129818320274353,0.9033214449882507,0.4047311246395111,0.613299548625946,0.31851643323898315,0.940900981426239,-0.036827076226472855,0.9296679496765137,0.43508052825927734,0.9023949503898621,0.32421332597732544,0.6623508334159851,0.414529949426651,0.9519230127334595,-0.15725934505462646,0.9501213431358337
54,0.5678710341453552,0.33426135778427124,-0.1255655586719513,0.9992654919624329,0.568755567073822,0.3162594437599182,-0.11145500093698502,0.999110221862793,0.5667487382888794,0.3145979046821594,-0.11155249178409576,0.9990097880363464,0.5643081665039062,0.3128841817378998,-0.11162899434566498,0.9992453455924988,0.5697256326675415,0.31757140159606934,-0.17188069224357605,0.9990271329879761,0.567264199256897,0.315843403339386,-0.1720321625471115,0.998867392539978,0.5650345087051392,0.31445011496543884,-0.17205028235912323,0.9991469979286194,0.5390011668205261,0.3034805953502655,-0.01718911901116371,0.9980064630508423,0.5412917137145996,0.30650222301483154,-0.2863439619541168,0.9986453652381897,0.5497328042984009,0.34120315313339233,-0.08121736347675323,0.9989465475082397,0.5512427091598511,0.3421609699726105,-0.16013091802597046,0.9992818236351013,0.4538273215293884,0.34618622064590454,0.16642388701438904,0.999589204788208,0.4719284176826477,0.36920589208602905,-0.41601282358169556,0.9999123215675354,0.4237922132015228,0.45960918068885803,0.2571239471435547,0.1040940210223198,0.45978373289108276,0.49787360429763794,-0.47382187843322754,0.972576916217804,0.4501170217990875,0.574492335319519,0.17941105365753174,0.12293419986963272,0.49294352531433105,0.6050281524658203,-0.39087873697280884,0.9328325390815735,0.45643386244773865,0.5939065217971802,0.18500971794128418,0.12408459931612015,0.49830135703086853,0.6266340613365173,-0.4516073763370514,0.8967757225036621,0.46416354179382324,0.5983308553695679,0.12674833834171295,0.1268538236618042,0.5041759610176086,0.6258385181427002,-0.425166517496109,0.8919267654418945,0.46260637044906616,0.5947115421295166,0.1503666341304779,0.13324975967407227,0.5030745267868042,0.6203733682632446,-0.38082265853881836,0.8427979350090027,0.3312138319015503,0.5484598875045776,0.18156015872955322,0.9991204142570496,0.32014766335487366,0.5597252249717712,-0.18105781078338623,0.9997366070747375,0.35145360231399536,0.7037867307662964,0.2610290050506592,0.277609258890152,0.3478330969810486,0.7264150381088257,-0.17871993780136108,0.937995433807373,0.3631393313407898,0.8703030347824097,0.46078887581825256,0.49268507957458496,0.3503614068031311,0.9101558923721313,-0.034658461809158325,0.9590179920196533,0.35530394315719604,0.9018338322639465,0.4741182327270508,0.6118276119232178,0.32364028692245483,0.9442475438117981,-0.027165528386831284,0.9296587705612183,0.4354178309440613,0.9011437296867371,0.39926713705062866,0.6611385941505432,0.41980066895484924,0.9457328915596008,-0.14980211853981018,0.9500495195388794
55,0.5622786283493042,0.3349965512752533,-0.14465637505054474,0.9992426037788391,0.5646234750747681,0.31704625487327576,-0.1304868459701538,0.9990907907485962,0.5628349184989929,0.31542500853538513,-0.13060368597507477,0.9989870190620422,0.5608232021331787,0.3138889968395233,-0.13070422410964966,0.9992318749427795,0.5644428133964539,0.3175159692764282,-0.18882356584072113,0.9990037083625793,0.5625530481338501,0.3162040114402771,-0.1889682114124298,0.9988360404968262,0.5604327321052551,0.314822256565094,-0.18899120390415192,0.9991250038146973,0.5383166074752808,0.3051147758960724,-0.03174725919961929,0.9979910254478455,0.5372875928878784,0.3062543570995331,-0.2913265526294708,0.9985986351966858,0.545110821723938,0.3406409025192261,-0.09878019243478775,0.9989041686058044,0.5448814034461975,0.3407971262931824,-0.17491759359836578,0.9992541670799255,0.4566434323787689,0.34719792008399963,0.15074984729290009,0.9995802640914917,0.47091373801231384,0.36917930841445923,-0.4117216467857361,0.9999101758003235,0.4115108847618103,0.46117931604385376,0.23516085743904114,0.10366114228963852,0.45843544602394104,0.49906983971595764,-0.46435222029685974,0.9721552729606628,0.4346388280391693,0.5642269849777222,0.15628136694431305,0.12157460302114487,0.49354591965675354,0.601817786693573,-0.37915438413619995,0.9321048259735107,0.43906068801879883,0.5813201665878296,0.16005153954029083,0.12261500954627991,0.5000426769256592,0.6233639121055603,-0.43625035881996155,0.8961049318313599,0.4470953047275543,0.5857971906661987,0.10485395044088364,0.12530465424060822,0.5039535760879517,0.6266050338745117,-0.4100474715232849,0.891243040561676,0.44610515236854553,0.5831129550933838,0.128496453166008,0.13162557780742645,0.503293514251709,0.614429771900177,-0.3688724637031555,0.8418029546737671,0.3353295922279358,0.5493899583816528,0.1760144829750061,0.9990973472595215,0.32400748133659363,0.5616559982299805,-0.17557057738304138,0.9997338652610779,0.356155127286911,0.7022174596786499,0.25507867336273193,0.2751484513282776,0.3464395999908447,0.7231857180595398,-0.169406458735466,0.9369521141052246,0.3676348924636841,0.8659159541130066,0.4684412479400635,0.48763206601142883,0.3439001441001892,0.9100854992866516,-0.021232672035694122,0.958531379699707,0.3562781512737274,0.8957011103630066,0.4837031364440918,0.6079349517822266,0.32072538137435913,0.940501868724823,-0.012878350913524628,0.9289329648017883,0.43555283546447754,0.898886501789093,0.4159761965274811,0.6569134593009949,0.4150121808052063,0.9492753148078918,-0.13088175654411316,0.9493041038513184
56,0.5605901479721069,0.3361442983150482,-0.06900298595428467,0.9992478489875793,0.5621064901351929,0.31760695576667786,-0.05662048980593681,0.9990947842597961,0.5600093007087708,0.31574469804763794,-0.05670161172747612,0.9989930391311646,0.5576139092445374,0.31403130292892456,-0.056765031069517136,0.9992337226867676,0.5630428791046143,0.3191484212875366,-0.11675263941287994,0.9990124106407166,0.5616942644119263,0.31842008233070374,-0.11690908670425415,0.998848021030426,0.5606225728988647,0.3165764808654785,-0.1169278621673584,0.9991322755813599,0.533530056476593,0.3058404326438904,0.022856950759887695,0.9980179071426392,0.538898766040802,0.31240513920783997,-0.24555298686027527,0.9986222386360168,0.5428138971328735,0.3420012593269348,-0.030283089727163315,0.9989010095596313,0.5442980527877808,0.3427884578704834,-0.10897765308618546,0.9992563128471375,0.4490245282649994,0.34732744097709656,0.19169963896274567,0.9995846152305603,0.4749590754508972,0.37063267827033997,-0.38314753770828247,0.9999127388000488,0.40404224395751953,0.4580334722995758,0.2917163074016571,0.10371416062116623,0.45963993668556213,0.4979386329650879,-0.43769001960754395,0.9724791646003723,0.4376453757286072,0.5653771162033081,0.23085053265094757,0.11990801244974136,0.4910036623477936,0.6046146154403687,-0.33700481057167053,0.9315995573997498,0.4440511167049408,0.5843154191970825,0.24265766143798828,0.12078431248664856,0.49906593561172485,0.6263610124588013,-0.3898255527019501,0.8950461149215698,0.45370227098464966,0.5891785025596619,0.185415118932724,0.12340088933706284,0.5054333806037903,0.624617338180542,-0.3625483810901642,0.8901103138923645,0.4525100588798523,0.5856924057006836,0.20297658443450928,0.12959763407707214,0.5008366703987122,0.617487370967865,-0.32560399174690247,0.8402870893478394,0.3278214931488037,0.5433894991874695,0.1802559345960617,0.9990902543067932,0.3269107937812805,0.5604938268661499,-0.17973461747169495,0.9997342228889465,0.35472410917282104,0.6973539590835571,0.23350541293621063,0.2775399684906006,0.3504108190536499,0.7209075689315796,-0.1843295842409134,0.9367660880088806,0.36498692631721497,0.8710395097732544,0.4132385849952698,0.48932358622550964,0.3525589108467102,0.908470630645752,-0.06451254338026047,0.9586583971977234,0.360869437456131,0.8990809321403503,0.42481470108032227,0.6098288297653198,0.33103805780410767,0.9384075999259949,-0.05928594991564751,0.9292228817939758,0.43744292855262756,0.9020818471908569,0.35393720865249634,0.6572608947753906,0.4219074249267578,0.9451528787612915,-0.17916427552700043,0.9493780732154846
57,0.5639930963516235,0.34105274081230164,-0.1095992773771286,0.9992836713790894,0.5667659640312195,0.32320666313171387,-0.09179197251796722,0.9991326332092285,0.5650304555892944,0.3214389681816101,-0.09185527265071869,0.9990364909172058,0.5625616908073425,0.31930097937583923,-0.09190324693918228,0.9992664456367493,0.5664210319519043,0.3241548538208008,-0.15481340885162354,0.9990561008453369,0.5648661255836487,0.3223670423030853,-0.15497080981731415,0.9989005923271179,0.5622113943099976,0.3203575909137726,-0.15498937666416168,0.9991710186004639,0.5385419726371765,0.31063854694366455,0.011179131455719471,0.9981018304824829,0.5371906757354736,0.3111969828605652,-0.26910874247550964,0.9986881017684937,0.5487842559814453,0.34865403175354004,-0.062786765396595,0.9989525079727173,0.548761248588562,0.34804752469062805,-0.14492550492286682,0.9992896914482117,0.45892778038978577,0.35105055570602417,0.19853970408439636,0.9995986819267273,0.46646904945373535,0.36705660820007324,-0.40787672996520996,0.9999160766601562,0.42451730370521545,0.46288958191871643,0.28965291380882263,0.10478971898555756,0.4539932310581207,0.49229365587234497,-0.47635316848754883,0.9730624556541443,0.4579610228538513,0.5715742111206055,0.20090839266777039,0.12056716531515121,0.4832759499549866,0.5991671085357666,-0.3874603807926178,0.9326556324958801,0.46540576219558716,0.5922180414199829,0.2079107016324997,0.12107305973768234,0.4902125298976898,0.6221755743026733,-0.4470670819282532,0.8961787223815918,0.4726850390434265,0.596074640750885,0.14940066635608673,0.12372395396232605,0.49499717354774475,0.6247381567955017,-0.4199548363685608,0.8913097381591797,0.4705069065093994,0.5914141535758972,0.17118492722511292,0.13005685806274414,0.4956102967262268,0.6157329678535461,-0.3766302764415741,0.8418753147125244,0.33403804898262024,0.5464690923690796,0.18909886479377747,0.9991031289100647,0.3189876675605774,0.5561816096305847,-0.18858325481414795,0.9997358322143555,0.3564586639404297,0.6960625052452087,0.22449643909931183,0.27757203578948975,0.3495326042175293,0.7181316614151001,-0.19480937719345093,0.9372595548629761,0.36362382769584656,0.8697787523269653,0.3885146379470825,0.4898938834667206,0.3499959409236908,0.9074889421463013,-0.07503338903188705,0.9588205814361572,0.3529377579689026,0.8988379240036011,0.3974621891975403,0.6097158789634705,0.32348889112472534,0.9417430758476257,-0.07006910443305969,0.9295935034751892,0.4372759759426117,0.9004616737365723,0.3135891258716583,0.657433807849884,0.41994577646255493,0.9451111555099487,-0.19410452246665955,0.9496579766273499
58,0.5669418573379517,0.33759811520576477,-0.13511599600315094,0.9992892742156982,0.5683591961860657,0.3203046917915344,-0.11700297892093658,0.9991391897201538,0.5666311979293823,0.3186514973640442,-0.11709345877170563,0.9990436434745789,0.5645015239715576,0.3169102370738983,-0.11717970669269562,0.9992738962173462,0.5680986046791077,0.3206445872783661,-0.17788752913475037,0.9990612864494324,0.5662041902542114,0.31919196248054504,-0.1780417561531067,0.9989064335823059,0.5638529062271118,0.3174169659614563,-0.1780754029750824,0.999176561832428,0.5395805835723877,0.30675649642944336,-0.008742853999137878,0.998116135597229,0.5374413132667542,0.3059827387332916,-0.27923423051834106,0.9986972808837891,0.5504342913627625,0.34457674622535706,-0.08692438155412674,0.998970091342926,0.5497654676437378,0.3435733914375305,-0.16615791618824005,0.9992993474006653,0.46356716752052307,0.3550471365451813,0.1840556263923645,0.999602735042572,0.46403437852859497,0.36431747674942017,-0.4130086302757263,0.9999171495437622,0.43473491072654724,0.4676167070865631,0.264794260263443,0.10593216121196747,0.4508444368839264,0.48989033699035645,-0.4841386377811432,0.973529040813446,0.46779197454452515,0.575950562953949,0.1628810614347458,0.12323017418384552,0.4837889075279236,0.5985355377197266,-0.4077562391757965,0.9342713952064514,0.4773634374141693,0.5951110124588013,0.1654016673564911,0.12371170520782471,0.4908770024776459,0.6207929849624634,-0.4666926860809326,0.8982952833175659,0.48520201444625854,0.5987825989723206,0.10781296342611313,0.12650300562381744,0.5002080202102661,0.6224341988563538,-0.43909016251564026,0.8934995532035828,0.4816714823246002,0.5946837663650513,0.13270868360996246,0.1329309642314911,0.4966292977333069,0.6152020692825317,-0.3968581259250641,0.8447328209877014,0.33872491121292114,0.5483075380325317,0.18571676313877106,0.9991018772125244,0.3180902898311615,0.5548879504203796,-0.18527446687221527,0.9997345805168152,0.36017274856567383,0.7015721797943115,0.24604955315589905,0.27549535036087036,0.3469885587692261,0.7192149758338928,-0.16974809765815735,0.9375145435333252,0.37012428045272827,0.8654850125312805,0.428292453289032,0.48667043447494507,0.34711843729019165,0.9082227945327759,-0.033763136714696884,0.9586009979248047,0.35944056510925293,0.8940682411193848,0.4394955039024353,0.6074071526527405,0.3242572844028473,0.9377338290214539,-0.026949521154165268,0.9292515516281128,0.4436943531036377,0.8961576223373413,0.3656497895717621,0.6548076272010803,0.42551857233047485,0.9693606495857239,-0.14413581788539886,0.9492413401603699
59,0.5637669563293457,0.33841538429260254,-0.1155330166220665,0.9992903470993042,0.5661939382553101,0.32170483469963074,-0.0956851914525032,0.9991471767425537,0.5648471117019653,0.32029950618743896,-0.09578162431716919,0.9990516304969788,0.5632189512252808,0.31883007287979126,-0.0958767682313919,0.9992781281471252,0.5647218823432922,0.3216701149940491,-0.1553368866443634,0.9990646839141846,0.5622935891151428,0.3201754689216614,-0.1554921716451645,0.9989100098609924,0.5595441460609436,0.3183867633342743,-0.1555177867412567,0.9991774559020996,0.5391543507575989,0.3106626570224762,0.01869739219546318,0.9981374144554138,0.5322245359420776,0.30917251110076904,-0.2462332546710968,0.9987031817436218,0.5474234223365784,0.3457396626472473,-0.06488731503486633,0.9989764094352722,0.5453311204910278,0.34504014253616333,-0.1424199342727661,0.99929279088974,0.4679771065711975,0.3599942624568939,0.20172247290611267,0.9995898008346558,0.45749911665916443,0.3616802990436554,-0.38384196162223816,0.9999123811721802,0.43751445412635803,0.46716660261154175,0.2653491497039795,0.10636898130178452,0.44033294916152954,0.4886523187160492,-0.4763144552707672,0.9734261631965637,0.4608743190765381,0.5743403434753418,0.15941813588142395,0.12297563254833221,0.4917562007904053,0.5973026752471924,-0.4067407250404358,0.9340806007385254,0.4689125418663025,0.597283124923706,0.1620171070098877,0.12345564365386963,0.4923710227012634,0.6180996298789978,-0.4626545011997223,0.8978344798088074,0.47397032380104065,0.6007745265960693,0.10839509963989258,0.12632843852043152,0.4993889331817627,0.6181156039237976,-0.43502312898635864,0.8929688930511475,0.4702618718147278,0.5952064394950867,0.13109169900417328,0.13298560678958893,0.4976728856563568,0.6124497056007385,-0.39541685581207275,0.8440821766853333,0.3434258699417114,0.5481820106506348,0.17605766654014587,0.9991130828857422,0.3153730034828186,0.5492667555809021,-0.17557558417320251,0.9997324347496033,0.36187395453453064,0.6977939605712891,0.10370592772960663,0.2794066071510315,0.3416138291358948,0.7154706716537476,-0.2688855826854706,0.9382811188697815,0.3671913743019104,0.8641932606697083,0.21315696835517883,0.48812970519065857,0.34833627939224243,0.90754234790802,-0.1933366060256958,0.9587242007255554,0.3559039235115051,0.8913514018058777,0.21751467883586884,0.6100833415985107,0.32631465792655945,0.9375176429748535,-0.19207359850406647,0.9301252365112305,0.4338754713535309,0.9021065831184387,0.12379367649555206,0.6567605137825012,0.4237249791622162,0.9699969291687012,-0.32919231057167053,0.9494884014129639
60,0.5654556751251221,0.3382209837436676,-0.14720004796981812,0.999274492263794,0.5675288438796997,0.3204190731048584,-0.12715107202529907,0.9991382360458374,0.5659617185592651,0.31879958510398865,-0.12725220620632172,0.9990381002426147,0.5641539096832275,0.3172094225883484,-0.12735790014266968,0.9992705583572388,0.5664547681808472,0.32069528102874756,-0.18749883770942688,0.9990453124046326,0.5641827583312988,0.3193089962005615,-0.1876601278781891,0.9988805651664734,0.5602425932884216,0.31649598479270935,-0.1877087503671646,0.9991590976715088,0.5399326086044312,0.3094601035118103,-0.009669080376625061,0.9981078505516052,0.535697340965271,0.30994802713394165,-0.2777443528175354,0.9986689686775208,0.5483487248420715,0.34481939673423767,-0.09524472802877426,0.9989544153213501,0.5469604134559631,0.34427329897880554,-0.17371852695941925,0.9992653727531433,0.4690822958946228,0.356925904750824,0.1838238537311554,0.9995771050453186,0.4604717791080475,0.36097797751426697,-0.41237911581993103,0.9999067187309265,0.438615620136261,0.4667903482913971,0.25468212366104126,0.10556838661432266,0.44083771109580994,0.4878212809562683,-0.500742495059967,0.9731957316398621,0.45824703574180603,0.5793777704238892,0.1451188027858734,0.1228930652141571,0.4967077374458313,0.5995423793792725,-0.43018946051597595,0.9341750144958496,0.4660038352012634,0.6017232537269592,0.148021399974823,0.12379783391952515,0.49200958013534546,0.6161167621612549,-0.48802870512008667,0.8980053663253784,0.47143763303756714,0.6051387786865234,0.09134228527545929,0.12679675221443176,0.500708818435669,0.618644118309021,-0.4594106078147888,0.893061101436615,0.46798253059387207,0.5997883677482605,0.11548751592636108,0.13367880880832672,0.49702152609825134,0.6103241443634033,-0.4185611605644226,0.8440781235694885,0.3455081582069397,0.5433677434921265,0.18159285187721252,0.9991274476051331,0.31396767497062683,0.5446885228157043,-0.1811523288488388,0.999732494354248,0.36255505681037903,0.6962034702301025,0.14344899356365204,0.2826068103313446,0.3383769094944,0.7131614089012146,-0.24927040934562683,0.939275324344635,0.3778327703475952,0.8540997505187988,0.2729927897453308,0.4907674193382263,0.3452663719654083,0.9055303335189819,-0.15906301140785217,0.9591671824455261,0.35644763708114624,0.8777751922607422,0.27949970960617065,0.6138269901275635,0.3260253071784973,0.9366159439086914,-0.15650171041488647,0.9307154417037964,0.43824881315231323,0.894847571849823,0.19213655591011047,0.6596054434776306,0.4142233729362488,0.9485477209091187,-0.29243582487106323,0.9498805403709412
61,0.5642316341400146,0.3398512601852417,-0.13657505810260773,0.999249279499054,0.5674842000007629,0.321176677942276,-0.11645696312189102,0.9991110563278198,0.5660034418106079,0.31957757472991943,-0.11655076593160629,0.9990067481994629,0.5642319321632385,0.31788626313209534,-0.11666028201580048,0.9992491006851196,0.5662456750869751,0.3212413191795349,-0.1760568916797638,0.9990110993385315,0.5638917684555054,0.31968259811401367,-0.17622976005077362,0.9988396167755127,0.5612520575523376,0.3178274929523468,-0.17626789212226868,0.9991303086280823,0.5400063395500183,0.30939432978630066,-0.0024453778751194477,0.998049259185791,0.534349799156189,0.30846935510635376,-0.26749056577682495,0.9986287951469421,0.547668993473053,0.3455682098865509,-0.0867328941822052,0.9989365935325623,0.545941948890686,0.34479281306266785,-0.16430070996284485,0.9992443323135376,0.47081226110458374,0.3568441867828369,0.18667195737361908,0.9995661973953247,0.45813044905662537,0.3580489456653595,-0.40045613050460815,0.9999048709869385,0.4384327828884125,0.4637211859226227,0.2585201859474182,0.1051141545176506,0.44276994466781616,0.47930511832237244,-0.4886009097099304,0.972900927066803,0.46532613039016724,0.5755630731582642,0.1475965827703476,0.12324541807174683,0.47771745920181274,0.5857688784599304,-0.4213066101074219,0.9338567852973938,0.4735249876976013,0.5983841419219971,0.1487894356250763,0.1244216188788414,0.48906412720680237,0.6132715940475464,-0.47699904441833496,0.8976200819015503,0.47223758697509766,0.59828782081604,0.09470445662736893,0.12756012380123138,0.49579912424087524,0.6127882599830627,-0.45108693838119507,0.8926549553871155,0.4746517241001129,0.594953179359436,0.11865128576755524,0.1344994753599167,0.491199254989624,0.6047012209892273,-0.41051918268203735,0.8435651659965515,0.35188835859298706,0.5442367792129517,0.18076592683792114,0.9991230368614197,0.3153744041919708,0.5423780679702759,-0.1804015338420868,0.999730110168457,0.36266252398490906,0.6922714114189148,0.17578081786632538,0.2829146683216095,0.34216877818107605,0.7120047211647034,-0.21659216284751892,0.9404618740081787,0.37263020873069763,0.8456121683120728,0.3082699477672577,0.4895077347755432,0.342274010181427,0.906875491142273,-0.12620863318443298,0.9596942663192749,0.3514789938926697,0.8692003488540649,0.31433016061782837,0.6140925884246826,0.3188304305076599,0.9347870945930481,-0.1233249083161354,0.931788980960846,0.44114428758621216,0.8888250589370728,0.23258598148822784,0.65840083360672,0.41264909505844116,0.9502941370010376,-0.2488132268190384,0.9502479434013367
62,0.5641475915908813,0.3367725908756256,-0.13695205748081207,0.9991967678070068,0.5663565993309021,0.3186950087547302,-0.11603790521621704,0.9990459084510803,0.565129816532135,0.3162495493888855,-0.11613738536834717,0.9989334344863892,0.5632506608963013,0.31428831815719604,-0.11625490337610245,0.9991917610168457,0.5651889443397522,0.3191082775592804,-0.1760421097278595,0.9989262223243713,0.5628368258476257,0.3174334168434143,-0.17621514201164246,0.9987396001815796,0.5604745745658875,0.31470245122909546,-0.17626959085464478,0.9990534782409668,0.5390089750289917,0.30462533235549927,0.0014598582638427615,0.9978546500205994,0.5330928564071655,0.3038129210472107,-0.265708327293396,0.9984951615333557,0.5472656488418579,0.34200045466423035,-0.08583270013332367,0.998881459236145,0.5455617308616638,0.3413727879524231,-0.16389283537864685,0.9991990923881531,0.4680187702178955,0.35846686363220215,0.19116295874118805,0.999553918838501,0.4506240785121918,0.36242014169692993,-0.3978094458580017,0.9998980760574341,0.434960275888443,0.47224751114845276,0.25793391466140747,0.10540436953306198,0.43815547227859497,0.48540323972702026,-0.48960256576538086,0.9720216989517212,0.4715302586555481,0.5745288133621216,0.13215719163417816,0.12561576068401337,0.4835098683834076,0.5838766098022461,-0.42480045557022095,0.9326050281524658,0.4821092486381531,0.5961989164352417,0.1312175691127777,0.1273212879896164,0.4858800768852234,0.6063390970230103,-0.48063144087791443,0.8959282636642456,0.48503533005714417,0.6046797037124634,0.07818710058927536,0.1306542456150055,0.4970611035823822,0.6083664894104004,-0.4570101797580719,0.8908750414848328,0.4827447533607483,0.5928778648376465,0.103215292096138,0.1375056803226471,0.49160638451576233,0.5991061329841614,-0.41505783796310425,0.8411523699760437,0.35228395462036133,0.5458395481109619,0.18262435495853424,0.9991154074668884,0.31415969133377075,0.5434887409210205,-0.18218424916267395,0.9997223019599915,0.36618390679359436,0.6928687691688538,0.17168274521827698,0.28453329205513,0.33976811170578003,0.7097285985946655,-0.26347219944000244,0.9413151741027832,0.36501190066337585,0.8488249778747559,0.3012040853500366,0.49095413088798523,0.34241098165512085,0.9054632186889648,-0.17681388556957245,0.9600816369056702,0.3432353138923645,0.8725153803825378,0.3070374131202698,0.6167725920677185,0.31866157054901123,0.9345282316207886,-0.17445173859596252,0.932513415813446,0.4331405758857727,0.8925234079360962,0.2202225625514984,0.6599611639976501,0.41362494230270386,0.949315071105957,-0.308768093585968,0.9507145881652832
63,0.5642861127853394,0.3353283703327179,-0.11900407075881958,0.9991942644119263,0.5670494437217712,0.3174290060997009,-0.09837444126605988,0.9990407824516296,0.5654684901237488,0.3157559633255005,-0.09846541285514832,0.9989258646965027,0.5634173154830933,0.3138927221298218,-0.09856754541397095,0.999186635017395,0.5659859776496887,0.3175595700740814,-0.16044427454471588,0.9989176988601685,0.5637021660804749,0.31598785519599915,-0.16061478853225708,0.9987282752990723,0.5610059499740601,0.31407681107521057,-0.16066038608551025,0.9990460872650146,0.5384535193443298,0.3042617738246918,0.015206883661448956,0.9978317618370056,0.53435879945755,0.3039446175098419,-0.2610759437084198,0.9984830021858215,0.5473845601081848,0.341007798910141,-0.0691496804356575,0.9988868236541748,0.5461544990539551,0.3401491343975067,-0.14996232092380524,0.9991987347602844,0.4701528549194336,0.3531554043292999,0.203691765666008,0.9995532035827637,0.4546735882759094,0.35758107900619507,-0.40306273102760315,0.9998972415924072,0.4377287030220032,0.464016854763031,0.2743205726146698,0.10509783774614334,0.43920475244522095,0.48270612955093384,-0.49848753213882446,0.9720305800437927,0.4638994336128235,0.5752274394035339,0.15400749444961548,0.1264365017414093,0.4762541353702545,0.5834186673164368,-0.4309655725955963,0.932883083820343,0.4726417660713196,0.5979323387145996,0.15592321753501892,0.12839274108409882,0.4853435456752777,0.6083782315254211,-0.4882214069366455,0.8961514830589294,0.47809037566185,0.6002529859542847,0.10125146061182022,0.13185672461986542,0.49627405405044556,0.6098249554634094,-0.4621555805206299,0.8910652995109558,0.47418126463890076,0.594460666179657,0.12465427070856094,0.1387111395597458,0.4909666180610657,0.6017874479293823,-0.420250803232193,0.8412207961082458,0.34655264019966125,0.5430614352226257,0.18780383467674255,0.9991254806518555,0.31380921602249146,0.5442355275154114,-0.18737193942070007,0.9997235536575317,0.3663559556007385,0.6928800344467163,0.17126056551933289,0.2870343029499054,0.3398207128047943,0.7102185487747192,-0.2536456286907196,0.9429625868797302,0.3733693063259125,0.846003532409668,0.3086698651313782,0.49219202995300293,0.34367480874061584,0.9068584442138672,-0.1645127236843109,0.9609805941581726,0.3516940772533417,0.869295597076416,0.3154195547103882,0.619086742401123,0.32071390748023987,0.9356468915939331,-0.16190364956855774,0.9337331056594849,0.4436512887477875,0.8886129260063171,0.23278090357780457,0.6612496376037598,0.41609397530555725,0.9505907893180847,-0.29337355494499207,0.9516007900238037
64,0.5617257356643677,0.3309782147407532,-0.13242223858833313,0.9991997480392456,0.5637531280517578,0.3139053285121918,-0.11186037957668304,0.9990447163581848,0.5621257424354553,0.3122054934501648,-0.11195360124111176,0.9989264011383057,0.5601582527160645,0.3104143738746643,-0.11205468326807022,0.9991866946220398,0.5625671744346619,0.314189612865448,-0.172723650932312,0.9989193081855774,0.5601181983947754,0.31266170740127563,-0.1728871911764145,0.998727023601532,0.5573619604110718,0.3108553886413574,-0.17293164134025574,0.9990460276603699,0.5356886982917786,0.3021692633628845,0.004049072042107582,0.9978224635124207,0.5308029651641846,0.301821768283844,-0.26640257239341736,0.9984782934188843,0.5435130596160889,0.3367428183555603,-0.08152712136507034,0.9988948702812195,0.5420576930046082,0.33612120151519775,-0.1606433093547821,0.9992020130157471,0.4672037959098816,0.3559373915195465,0.19442757964134216,0.9995522499084473,0.45486941933631897,0.3567345440387726,-0.40713629126548767,0.9998966455459595,0.4377325177192688,0.46414750814437866,0.2596801817417145,0.10540400445461273,0.4400092661380768,0.48286208510398865,-0.5053186416625977,0.972257137298584,0.46148595213890076,0.5741215348243713,0.1390872746706009,0.12877488136291504,0.4787270426750183,0.5811870098114014,-0.44420385360717773,0.934080958366394,0.47034701704978943,0.5964233875274658,0.1397906243801117,0.1308610886335373,0.4872451424598694,0.6072052717208862,-0.5031459927558899,0.8977070450782776,0.4715539813041687,0.597277045249939,0.08478675037622452,0.1344645917415619,0.4980466365814209,0.6092821955680847,-0.4768860936164856,0.8925836682319641,0.47102588415145874,0.5935211777687073,0.10961320251226425,0.1413717269897461,0.4933435320854187,0.6007288694381714,-0.43361788988113403,0.8429504036903381,0.3458433747291565,0.542281448841095,0.18528196215629578,0.9991441965103149,0.3136724829673767,0.5424109101295471,-0.1848599910736084,0.9997281432151794,0.3671058416366577,0.6901658773422241,0.16218781471252441,0.29123204946517944,0.3395557999610901,0.7077186107635498,-0.2628710865974426,0.9446054100990295,0.36015498638153076,0.8471013307571411,0.303268164396286,0.4971641004085541,0.3431622385978699,0.9039157629013062,-0.17435607314109802,0.9621230959892273,0.34701865911483765,0.8626734018325806,0.31057828664779663,0.624075174331665,0.3205551505088806,0.9336609840393066,-0.17208997905254364,0.9351856112480164,0.4397614896297455,0.8832263946533203,0.22695478796958923,0.6655827164649963,0.41565313935279846,0.9493316411972046,-0.30964499711990356,0.9527811408042908
65,0.5638910531997681,0.3348197340965271,-0.14337460696697235,0.9991714358329773,0.5662539005279541,0.3161548972129822,-0.12229128926992416,0.9990066885948181,0.5648226737976074,0.3147463798522949,-0.12239737808704376,0.9988787770271301,0.5630208253860474,0.31329232454299927,-0.12251795828342438,0.9991479516029358,0.5648797750473022,0.3163606524467468,-0.1824195832014084,0.9988739490509033,0.5624376535415649,0.31504496932029724,-0.18259325623512268,0.9986724257469177,0.5595635175704956,0.3134384751319885,-0.18265047669410706,0.9990051984786987,0.5377238392829895,0.3051217496395111,-0.004244350362569094,0.9977009296417236,0.5309752225875854,0.30451685190200806,-0.2716679871082306,0.9984079599380493,0.5487009286880493,0.34206634759902954,-0.09205798804759979,0.9988653063774109,0.5454297065734863,0.3407689929008484,-0.17022909224033356,0.9991807341575623,0.47388148307800293,0.3615379333496094,0.18704620003700256,0.9995374083518982,0.44940000772476196,0.36309105157852173,-0.40785664319992065,0.9998930096626282,0.446419894695282,0.47157758474349976,0.259260356426239,0.10536686331033707,0.4371446967124939,0.48466914892196655,-0.5005659461021423,0.9720582962036133,0.4749615788459778,0.5746521353721619,0.1409837305545807,0.1312084048986435,0.4781409204006195,0.5813443064689636,-0.43540874123573303,0.9344844818115234,0.48646607995033264,0.5956022143363953,0.1410668045282364,0.1337485909461975,0.4859638214111328,0.6072973012924194,-0.49202829599380493,0.8981364965438843,0.4897436499595642,0.595556378364563,0.086461640894413,0.13755522668361664,0.4971083104610443,0.6085726022720337,-0.4687734544277191,0.8929390907287598,0.48635512590408325,0.5931249260902405,0.11151500046253204,0.14451268315315247,0.4926840662956238,0.6000031232833862,-0.4258239269256592,0.8431507349014282,0.35322290658950806,0.5453184843063354,0.18476521968841553,0.9991344213485718,0.31277331709861755,0.5436280965805054,-0.18434150516986847,0.9997241497039795,0.36797672510147095,0.6891728639602661,0.1779857873916626,0.2940415143966675,0.3384576439857483,0.7085086107254028,-0.2631048560142517,0.9462853670120239,0.3664468228816986,0.8375231027603149,0.3232273757457733,0.5000548362731934,0.3420756757259369,0.9047028422355652,-0.17445363104343414,0.963157594203949,0.3434492349624634,0.8603533506393433,0.33113184571266174,0.6278288960456848,0.31919389963150024,0.9337371587753296,-0.17170655727386475,0.9366052746772766,0.4401686191558838,0.8823574781417847,0.25103914737701416,0.6676982045173645,0.4151063859462738,0.9491303563117981,-0.3074623942375183,0.9537395238876343
66,0.5594922304153442,0.328644722700119,-0.16286802291870117,0.9991788864135742,0.5628063678741455,0.31300514936447144,-0.14139649271965027,0.9990190863609314,0.5615874528884888,0.3116978108882904,-0.14150041341781616,0.998892068862915,0.5585774779319763,0.3088984787464142,-0.14160753786563873,0.9991586804389954,0.5590029954910278,0.3109636604785919,-0.20006759464740753,0.9988858103752136,0.5567978620529175,0.3096563220024109,-0.20023274421691895,0.9986847043037415,0.5542050004005432,0.30797284841537476,-0.20027169585227966,0.9990138411521912,0.5375702977180481,0.30337628722190857,-0.019151123240590096,0.9977286458015442,0.5276446342468262,0.29907578229904175,-0.2794567346572876,0.9984182119369507,0.5437029600143433,0.33490559458732605,-0.10993359982967377,0.9988753199577332,0.541286826133728,0.3338947892189026,-0.18605120480060577,0.9991821050643921,0.46879810094833374,0.35637933015823364,0.17505505681037903,0.9995324015617371,0.4528789520263672,0.36026257276535034,-0.4107002317905426,0.9998898506164551,0.43823376297950745,0.4629862308502197,0.2397477924823761,0.10666080564260483,0.43992623686790466,0.48374253511428833,-0.5049127340316772,0.9719906449317932,0.46092286705970764,0.5728672742843628,0.1209050640463829,0.1330823451280594,0.4867226481437683,0.5863248109817505,-0.4447161555290222,0.9345995187759399,0.46916070580482483,0.595009982585907,0.12005679309368134,0.13565216958522797,0.49119696021080017,0.6091153025627136,-0.5019673109054565,0.8983463048934937,0.4739462733268738,0.5972685813903809,0.06631262600421906,0.13954676687717438,0.4983481466770172,0.6077985763549805,-0.4773195683956146,0.8931172490119934,0.46979016065597534,0.5915884375572205,0.0920090526342392,0.14659914374351501,0.49280673265457153,0.5990577936172485,-0.4345836043357849,0.8434497714042664,0.35262736678123474,0.5426740646362305,0.17978522181510925,0.9991469979286194,0.3145841956138611,0.5412323474884033,-0.17933416366577148,0.9997259974479675,0.3702855408191681,0.6839733123779297,0.14935865998268127,0.2954515218734741,0.3388216495513916,0.7078841924667358,-0.2622681260108948,0.9470948576927185,0.3737780451774597,0.8442016839981079,0.2767224609851837,0.4999491572380066,0.34234216809272766,0.9052918553352356,-0.18355490267276764,0.9634023308753967,0.3520136773586273,0.8677775263786316,0.2826870381832123,0.6280890107154846,0.31806522607803345,0.9355560541152954,-0.18175926804542542,0.9368906021118164,0.44346070289611816,0.8887345194816589,0.19533875584602356,0.6674715280532837,0.41388216614723206,0.9508617520332336,-0.319632887840271,0.9539170861244202
67,0.5642766952514648,0.3349999785423279,-0.123781718313694,0.9991586804389954,0.5658730268478394,0.3168143630027771,-0.1026235818862915,0.9990001320838928,0.5641263723373413,0.315068781375885,-0.10271643102169037,0.9988699555397034,0.5619453191757202,0.3133593499660492,-0.1028149276971817,0.9991416931152344,0.5647673010826111,0.31725481152534485,-0.1642228066921234,0.9988640546798706,0.5622560977935791,0.3157626688480377,-0.16440139710903168,0.9986593723297119,0.5592373013496399,0.3140595555305481,-0.1644613891839981,0.9989961981773376,0.5373592972755432,0.30346351861953735,0.014086606912314892,0.9976661205291748,0.5321362018585205,0.30341678857803345,-0.26003238558769226,0.9983922839164734,0.5465770959854126,0.33976444602012634,-0.07290065288543701,0.9988600015640259,0.5450167059898376,0.3394351005554199,-0.15302234888076782,0.9991683959960938,0.4639594554901123,0.35451608896255493,0.20359225571155548,0.9995262622833252,0.4528731405735016,0.3627530038356781,-0.4009626507759094,0.9998875856399536,0.4330781400203705,0.4661538600921631,0.2766255736351013,0.10533206164836884,0.44034823775291443,0.4855191111564636,-0.4879254400730133,0.9720235466957092,0.4718131124973297,0.5729297995567322,0.1655225157737732,0.13227161765098572,0.48629504442214966,0.5877948999404907,-0.4079102873802185,0.9347165822982788,0.48285961151123047,0.5935817956924438,0.16812902688980103,0.13528582453727722,0.49416589736938477,0.6104836463928223,-0.4626162052154541,0.8981735706329346,0.48604196310043335,0.6015230417251587,0.1127842515707016,0.13923315703868866,0.5042955875396729,0.6109090447425842,-0.4361168444156647,0.8928700089454651,0.4845418930053711,0.5919580459594727,0.13595230877399445,0.14642995595932007,0.5005487203598022,0.6034926772117615,-0.39667612314224243,0.8430055379867554,0.351786732673645,0.5443657636642456,0.18520846962928772,0.9991413950920105,0.31515711545944214,0.5439866781234741,-0.18477025628089905,0.9997221827507019,0.3651426434516907,0.6895274519920349,0.16574062407016754,0.29681625962257385,0.34155339002609253,0.7104216814041138,-0.2519320249557495,0.9477915167808533,0.36829519271850586,0.8488229513168335,0.3006601631641388,0.5002302527427673,0.3430149257183075,0.9037362337112427,-0.1608492136001587,0.9634860754013062,0.34643760323524475,0.872356116771698,0.30764704942703247,0.6290196180343628,0.3194771707057953,0.9333347082138062,-0.15771231055259705,0.9369931817054749,0.43847256898880005,0.8937762975692749,0.22510206699371338,0.6672746539115906,0.4151824116706848,0.9488188624382019,-0.2871755063533783,0.9538030028343201
68,0.562384307384491,0.3305087387561798,-0.11048829555511475,0.9991546869277954,0.5631572008132935,0.3124900162220001,-0.08944282680749893,0.9989961981773376,0.5613389015197754,0.3108600974082947,-0.08953686058521271,0.998863160610199,0.5592364072799683,0.3092198073863983,-0.08962906152009964,0.9991341829299927,0.5624706745147705,0.31296396255493164,-0.1517166644334793,0.9988558888435364,0.5601570010185242,0.31160441040992737,-0.15188787877559662,0.9986488223075867,0.5574855208396912,0.31000879406929016,-0.15195588767528534,0.9989886283874512,0.5349866151809692,0.302117258310318,0.026891767978668213,0.9976292848587036,0.5308353900909424,0.30201244354248047,-0.2499583512544632,0.9983755946159363,0.5439550280570984,0.33724790811538696,-0.05931670218706131,0.9988518953323364,0.5429669618606567,0.3367450535297394,-0.14022961258888245,0.9991555213928223,0.46402812004089355,0.3537767827510834,0.21560518443584442,0.999518871307373,0.455371618270874,0.3585750460624695,-0.3965728282928467,0.9998822212219238,0.4363032281398773,0.46134963631629944,0.282154381275177,0.10464552789926529,0.441222608089447,0.48275190591812134,-0.48824405670166016,0.9720886945724487,0.46514835953712463,0.5678614377975464,0.1658274531364441,0.13170498609542847,0.4822509288787842,0.5718477964401245,-0.40399694442749023,0.9348515272140503,0.4747524857521057,0.5885759592056274,0.16884195804595947,0.13474427163600922,0.492442786693573,0.5952727198600769,-0.4580780565738678,0.8978890776634216,0.48045244812965393,0.5913830399513245,0.11519531905651093,0.13866859674453735,0.49618953466415405,0.5981289148330688,-0.4329744279384613,0.892480194568634,0.4761382043361664,0.5864263772964478,0.13689830899238586,0.14599289000034332,0.4992292523384094,0.5847739577293396,-0.3932204246520996,0.8425187468528748,0.3505823314189911,0.5441466569900513,0.18531358242034912,0.9991548657417297,0.3156737685203552,0.5437495708465576,-0.18479092419147491,0.9997205138206482,0.36629244685173035,0.6909407377243042,0.11892709881067276,0.3021456301212311,0.34078100323677063,0.707809567451477,-0.2903224229812622,0.9482718706130981,0.37813833355903625,0.8514066934585571,0.223070427775383,0.5061587691307068,0.3494477868080139,0.9024897813796997,-0.2156660109758377,0.9635377526283264,0.3560415804386139,0.876114010810852,0.2269027680158615,0.6338930130004883,0.3235537111759186,0.9384176135063171,-0.21455642580986023,0.936899721622467,0.4469326436519623,0.8875349164009094,0.13253812491893768,0.6721044778823853,0.41881728172302246,0.9505921602249146,-0.3557080626487732,0.953933835029602
69,0.5626851916313171,0.3304991126060486,-0.11042622476816177,0.9991655349731445,0.5640996694564819,0.3125268220901489,-0.08785498887300491,0.9990085363388062,0.5626327991485596,0.3110501170158386,-0.08793435990810394,0.9988754987716675,0.5607007741928101,0.3095027506351471,-0.08800958096981049,0.9991392493247986,0.5629033446311951,0.31239578127861023,-0.15021708607673645,0.998868465423584,0.5605856776237488,0.31075698137283325,-0.15039226412773132,0.998665452003479,0.5577664375305176,0.3088158369064331,-0.1504504233598709,0.9989994168281555,0.5368434190750122,0.3006439507007599,0.033921219408512115,0.9976273775100708,0.5322291851043701,0.2986207902431488,-0.24329082667827606,0.9983975291252136,0.5470737218856812,0.33851534128189087,-0.057501256465911865,0.9988722801208496,0.5455639958381653,0.33705615997314453,-0.13841964304447174,0.9991684556007385,0.47043776512145996,0.3605630397796631,0.22161705791950226,0.9995256066322327,0.45210570096969604,0.3563516438007355,-0.39140453934669495,0.9998822808265686,0.43695005774497986,0.46197932958602905,0.27920472621917725,0.10613126307725906,0.4400479197502136,0.47979503870010376,-0.4966834485530853,0.9729262590408325,0.46342745423316956,0.5707851648330688,0.15170074999332428,0.13412867486476898,0.47992268204689026,0.574806809425354,-0.42811331152915955,0.9366719126701355,0.4725576937198639,0.593886137008667,0.15112556517124176,0.1370333433151245,0.48877090215682983,0.6014891862869263,-0.4847436845302582,0.8999134302139282,0.473132848739624,0.5949075222015381,0.09837987273931503,0.14101310074329376,0.5011349320411682,0.6018191576004028,-0.4587906002998352,0.8945286870002747,0.47337865829467773,0.5901718735694885,0.12276631593704224,0.14842365682125092,0.4958786964416504,0.5927335023880005,-0.4170929491519928,0.8452001214027405,0.3532376289367676,0.5466746091842651,0.18469396233558655,0.9991797804832458,0.31537479162216187,0.5429619550704956,-0.18416842818260193,0.9997228980064392,0.367078959941864,0.6925045847892761,0.10482794046401978,0.306649774312973,0.3414669930934906,0.7082874774932861,-0.3057803511619568,0.9484639167785645,0.3646525740623474,0.8640259504318237,0.20050828158855438,0.5101394653320312,0.34669244289398193,0.9068422317504883,-0.23717465996742249,0.963132917881012,0.34970179200172424,0.8869339227676392,0.20329073071479797,0.6377831697463989,0.32421875,0.9372008442878723,-0.2366778552532196,0.9365144371986389,0.4431636333465576,0.8945053219795227,0.10392904281616211,0.675636887550354,0.4201143682003021,0.9503719210624695,-0.38091689348220825,0.9537613391876221
70,0.5645760297775269,0.33427196741104126,-0.12071718275547028,0.9991477131843567,0.5661135911941528,0.31529268622398376,-0.09925638139247894,0.9989802241325378,0.5642459392547607,0.3137141168117523,-0.09933540225028992,0.9988436698913574,0.5619484186172485,0.31201738119125366,-0.0994204506278038,0.9991111159324646,0.5651348829269409,0.3154924809932709,-0.1625121384859085,0.9988409876823425,0.5626375675201416,0.31407004594802856,-0.1626949906349182,0.9986364841461182,0.559721827507019,0.31237152218818665,-0.16276219487190247,0.9989776611328125,0.5358918905258179,0.30347558856010437,0.017633166164159775,0.9975361824035645,0.5314551591873169,0.30362486839294434,-0.26381629705429077,0.9983658194541931,0.5473436713218689,0.3404364287853241,-0.06953874975442886,0.99885094165802,0.5460019707679749,0.33976149559020996,-0.15178988873958588,0.9991554021835327,0.46613413095474243,0.3557506203651428,0.21030446887016296,0.9995207190513611,0.4543491303920746,0.3619828224182129,-0.40735897421836853,0.9998822212219238,0.4384137988090515,0.46252888441085815,0.2842513918876648,0.10553636401891708,0.43958330154418945,0.4835478663444519,-0.4999251961708069,0.9731669425964355,0.470566987991333,0.5689400434494019,0.1677212417125702,0.13408541679382324,0.478415310382843,0.578372597694397,-0.4246448874473572,0.937343180179596,0.48110732436180115,0.5891276597976685,0.17072346806526184,0.1370541900396347,0.48695454001426697,0.6037929058074951,-0.4810417592525482,0.9005709290504456,0.4874996244907379,0.5920165777206421,0.11502271890640259,0.14108599722385406,0.49414992332458496,0.5998799204826355,-0.4565790593624115,0.8951806426048279,0.48287472128868103,0.5874179601669312,0.13779668509960175,0.1485307514667511,0.48644065856933594,0.5889434218406677,-0.4144670367240906,0.8459276556968689,0.34689319133758545,0.5425081253051758,0.1898038536310196,0.9991832971572876,0.3158882260322571,0.5452709197998047,-0.18929646909236908,0.9997231364250183,0.36647796630859375,0.6907861232757568,0.15270021557807922,0.3064098656177521,0.34382498264312744,0.7119903564453125,-0.27576619386672974,0.9488020539283752,0.36924660205841064,0.8568209409713745,0.2668740749359131,0.5104800462722778,0.3494721055030823,0.9019677042961121,-0.20151174068450928,0.9631933569908142,0.3589887022972107,0.8727799654006958,0.27149924635887146,0.6393271684646606,0.3232133984565735,0.9377956390380859,-0.20062260329723358,0.9367378950119019,0.44702571630477905,0.8869525194168091,0.1829742044210434,0.6763986349105835,0.41954803466796875,0.9496175050735474,-0.339324414730072,0.9538328647613525
71,0.5639455318450928,0.3336695432662964,-0.12775632739067078,0.9991446137428284,0.5648819208145142,0.3163928687572479,-0.10549626499414444,0.998972475528717,0.5632697343826294,0.31483370065689087,-0.1055687665939331,0.9988348484039307,0.5612964630126953,0.313235342502594,-0.1056460589170456,0.9991040229797363,0.5640994310379028,0.31654706597328186,-0.16816900670528412,0.9988329410552979,0.5619029998779297,0.3150874972343445,-0.16835342347621918,0.9986276030540466,0.5592518448829651,0.3133375346660614,-0.16841217875480652,0.9989707469940186,0.5370746850967407,0.3046577572822571,0.01458701677620411,0.9974820613861084,0.5323112607002258,0.3035557270050049,-0.26463764905929565,0.9983555674552917,0.5488186478614807,0.3419758379459381,-0.07587731629610062,0.9988477230072021,0.54676353931427,0.34036484360694885,-0.1573726236820221,0.9991563558578491,0.4662511944770813,0.3586694598197937,0.20641081035137177,0.9995227456092834,0.4527455270290375,0.3607424795627594,-0.40484610199928284,0.9998834133148193,0.43268102407455444,0.4700140953063965,0.27414342761039734,0.10532937198877335,0.43770885467529297,0.4821980595588684,-0.5024720430374146,0.9736862182617188,0.46843448281288147,0.5714787244796753,0.14873731136322021,0.13544079661369324,0.47868457436561584,0.5767301917076111,-0.43760332465171814,0.938400149345398,0.4794705808162689,0.5930169820785522,0.1482160985469818,0.1386747807264328,0.4867726266384125,0.6018940210342407,-0.4956139028072357,0.9017861485481262,0.4862646162509918,0.595950722694397,0.09350159764289856,0.14282605051994324,0.49815645813941956,0.6035321354866028,-0.469404399394989,0.8964579701423645,0.48133349418640137,0.5905731916427612,0.11890588700771332,0.15012697875499725,0.49349793791770935,0.5946147441864014,-0.42679381370544434,0.8475522398948669,0.3550460934638977,0.5479284524917603,0.1886349618434906,0.9991840720176697,0.3186303973197937,0.547120213508606,-0.18816491961479187,0.9997231960296631,0.366432785987854,0.694327712059021,0.1835121214389801,0.30516624450683594,0.3433411717414856,0.7142611742019653,-0.2603486180305481,0.9487529993057251,0.3635432720184326,0.8633581399917603,0.3172853887081146,0.509668231010437,0.34660804271698,0.9048107266426086,-0.1676510125398636,0.9629320502281189,0.3487195670604706,0.8788343667984009,0.3235160708427429,0.6397289633750916,0.3222586512565613,0.9351521730422974,-0.16487382352352142,0.9365431070327759,0.439399778842926,0.8956354260444641,0.23683162033557892,0.6763025522232056,0.4193224310874939,0.9486595392227173,-0.29946160316467285,0.9536949992179871
72,0.5631300806999207,0.3310191035270691,-0.12430579960346222,0.9991425275802612,0.5643442869186401,0.31401950120925903,-0.10431333631277084,0.9989593029022217,0.5619601607322693,0.3119944930076599,-0.10439374297857285,0.9988240599632263,0.5596908330917358,0.3103739619255066,-0.10447841882705688,0.9990958571434021,0.5641915202140808,0.31447091698646545,-0.16798684000968933,0.9988271594047546,0.5616723299026489,0.31268900632858276,-0.16817167401313782,0.9986253976821899,0.5592841506004333,0.3111397624015808,-0.1682342290878296,0.9989692568778992,0.5341076850891113,0.30214402079582214,0.005962846800684929,0.9974434971809387,0.5326349139213562,0.30239537358283997,-0.27788469195365906,0.9983541369438171,0.5466859936714172,0.34008491039276123,-0.0756751224398613,0.9988511800765991,0.54578697681427,0.3388494849205017,-0.1586705595254898,0.9991661310195923,0.4603506922721863,0.3565182089805603,0.1966407746076584,0.9995318055152893,0.4596942961215973,0.3660150468349457,-0.415050745010376,0.9998862147331238,0.43345198035240173,0.47036463022232056,0.28742387890815735,0.10476916283369064,0.44342726469039917,0.4869515001773834,-0.4876928925514221,0.9734500646591187,0.46627503633499146,0.5660033822059631,0.18653413653373718,0.13507434725761414,0.4829246401786804,0.5827170610427856,-0.4012400507926941,0.9378467798233032,0.47562727332115173,0.5835648775100708,0.19081777334213257,0.1383865922689438,0.4909185469150543,0.6057733297348022,-0.45879611372947693,0.9009732007980347,0.4839554727077484,0.5864394903182983,0.1344144195318222,0.14250773191452026,0.5012017488479614,0.6051671504974365,-0.4346631169319153,0.8956462144851685,0.48052629828453064,0.5827609300613403,0.15689142048358917,0.14972959458827972,0.4964234232902527,0.5970966815948486,-0.3913775384426117,0.8461965322494507,0.3456974923610687,0.5480697154998779,0.19300827383995056,0.9991832971572876,0.3183940052986145,0.5535736680030823,-0.19252830743789673,0.9997251629829407,0.3594819903373718,0.6979857683181763,0.25694918632507324,0.30322596430778503,0.33909815549850464,0.7229679226875305,-0.21182605624198914,0.9493821859359741,0.3675552308559418,0.8591665029525757,0.43318018317222595,0.5097224712371826,0.3486059904098511,0.9063509702682495,-0.08783597499132156,0.9633303880691528,0.34954750537872314,0.8798922300338745,0.44353097677230835,0.6386308670043945,0.32073432207107544,0.9446828961372375,-0.0823342502117157,0.9365219473838806,0.4453372359275818,0.89104825258255,0.3657715618610382,0.6758264899253845,0.41698771715164185,0.9522647857666016,-0.2086620330810547,0.953988254070282
73,0.562748372554779,0.33304160833358765,-0.11840399354696274,0.9991422891616821,0.5646489858627319,0.3158075213432312,-0.09809371083974838,0.998948335647583,0.5621518492698669,0.31369975209236145,-0.09817324578762054,0.9988142251968384,0.5599800944328308,0.3121545612812042,-0.0982590988278389,0.9990909099578857,0.5643316507339478,0.3158983290195465,-0.16192948818206787,0.998821496963501,0.5615978240966797,0.3137926161289215,-0.16210947930812836,0.9986226558685303,0.5592443943023682,0.31214529275894165,-0.16216962039470673,0.9989689588546753,0.5359367728233337,0.30331194400787354,0.013680890202522278,0.9974049925804138,0.5334474444389343,0.30426400899887085,-0.2706635892391205,0.998351514339447,0.5476230978965759,0.3415750563144684,-0.06929142773151398,0.9988576173782349,0.547356367111206,0.340645968914032,-0.15239550173282623,0.9991732239723206,0.46085506677627563,0.35331371426582336,0.20615291595458984,0.9995402097702026,0.45815974473953247,0.36194589734077454,-0.4114677906036377,0.9998881220817566,0.43431219458580017,0.464873731136322,0.3027065396308899,0.10477297008037567,0.43898090720176697,0.48685240745544434,-0.4848131239414215,0.9735456705093384,0.46871694922447205,0.5690439343452454,0.20158497989177704,0.13599495589733124,0.4824042320251465,0.582985520362854,-0.3999885022640228,0.9381457567214966,0.47855544090270996,0.5885554552078247,0.20573517680168152,0.13959255814552307,0.48877376317977905,0.6069811582565308,-0.4580860137939453,0.9013028740882874,0.4868566393852234,0.5911546945571899,0.1472749561071396,0.14380502700805664,0.4998016357421875,0.6083928346633911,-0.43347111344337463,0.8960442543029785,0.4830056130886078,0.5866910219192505,0.17099905014038086,0.15102094411849976,0.4957539141178131,0.6000421643257141,-0.38988450169563293,0.8465731739997864,0.3447563052177429,0.5475057363510132,0.19415609538555145,0.9991719722747803,0.31751465797424316,0.5536940693855286,-0.19369880855083466,0.9997208118438721,0.3651389479637146,0.6944323778152466,0.24563953280448914,0.3030427396297455,0.34459054470062256,0.7219173908233643,-0.2097824513912201,0.9501175880432129,0.36480820178985596,0.8616394996643066,0.41246286034584045,0.5113513469696045,0.34789204597473145,0.907721221446991,-0.08538464456796646,0.963676929473877,0.3475847840309143,0.8793419599533081,0.4220297932624817,0.6386968493461609,0.3242065906524658,0.9381076693534851,-0.07943333685398102,0.9364625215530396,0.4400404989719391,0.895307183265686,0.3432956039905548,0.6760988831520081,0.42129912972450256,0.9480153918266296,-0.2026444673538208,0.9541626572608948
74,0.563279926776886,0.33467358350753784,-0.11111116409301758,0.9991415143013,0.5652259588241577,0.318063348531723,-0.09048395603895187,0.9989451169967651,0.5629870891571045,0.31608161330223083,-0.09056884795427322,0.9988092184066772,0.5608240365982056,0.3143831491470337,-0.0906568169593811,0.9990914463996887,0.5647164583206177,0.3182218670845032,-0.1543632447719574,0.9988188743591309,0.5621365904808044,0.3163464069366455,-0.1545300930738449,0.9986182451248169,0.5596301555633545,0.31460028886795044,-0.15458139777183533,0.9989703893661499,0.5347583889961243,0.3053986430168152,0.023147117346525192,0.9973909258842468,0.5321595668792725,0.30517199635505676,-0.260966420173645,0.9983555674552917,0.5479358434677124,0.34249216318130493,-0.061178456991910934,0.9988645315170288,0.5465152263641357,0.3410690426826477,-0.1442355513572693,0.9991723895072937,0.4643610119819641,0.35358792543411255,0.2130729705095291,0.9995439648628235,0.4578840732574463,0.36327844858169556,-0.40787744522094727,0.9998874068260193,0.428577721118927,0.45604681968688965,0.30436640977859497,0.10506364703178406,0.4405324459075928,0.48601359128952026,-0.4878717064857483,0.9737279415130615,0.45955997705459595,0.5645087957382202,0.20129649341106415,0.13660921156406403,0.480977863073349,0.5817854404449463,-0.39864206314086914,0.9383887648582458,0.467421293258667,0.5856291055679321,0.2044098824262619,0.14013084769248962,0.48709598183631897,0.606349527835846,-0.45525026321411133,0.901512086391449,0.47458916902542114,0.5877952575683594,0.14880719780921936,0.14436352252960205,0.4975338578224182,0.6077166795730591,-0.4309448301792145,0.8962759375572205,0.47128620743751526,0.5825142860412598,0.17171654105186462,0.15176518261432648,0.4979747235774994,0.5925069451332092,-0.38811346888542175,0.846981406211853,0.3449022173881531,0.5467846989631653,0.19088338315486908,0.9991636872291565,0.3149581253528595,0.5520066022872925,-0.19044236838817596,0.9997127652168274,0.37263643741607666,0.6918151378631592,0.2057007998228073,0.3087444305419922,0.3407808244228363,0.7198817133903503,-0.2035883218050003,0.950724184513092,0.36708346009254456,0.8563199043273926,0.35148343443870544,0.5168089270591736,0.35236623883247375,0.9042782783508301,-0.08430264890193939,0.9638961553573608,0.34940963983535767,0.8762519955635071,0.358973890542984,0.6408769488334656,0.32744747400283813,0.9388354420661926,-0.07888902723789215,0.9360799193382263,0.44323769211769104,0.8878402709960938,0.27700507640838623,0.6786163449287415,0.4216157793998718,0.950961709022522,-0.20433548092842102,0.9540854096412659
75,0.5610895156860352,0.3364120423793793,-0.1107541173696518,0.9991373419761658,0.5641893744468689,0.31826552748680115,-0.08928055316209793,0.9989390969276428,0.562010645866394,0.3162742555141449,-0.08936172723770142,0.9988007545471191,0.5600712299346924,0.3147238790988922,-0.08944563567638397,0.9990865588188171,0.5636360049247742,0.3183004856109619,-0.1533621847629547,0.9988117218017578,0.5610392689704895,0.3162577450275421,-0.15353921055793762,0.9986090064048767,0.5586930513381958,0.3145086467266083,-0.15359993278980255,0.998965859413147,0.5362565517425537,0.30783724784851074,0.026767665520310402,0.9973627924919128,0.5313178896903992,0.3051794469356537,-0.2582942247390747,0.9983545541763306,0.5465514063835144,0.34343287348747253,-0.05995158106088638,0.9988663196563721,0.5458534955978394,0.3426828384399414,-0.14324696362018585,0.9991706013679504,0.4645300507545471,0.35471346974372864,0.21837706863880157,0.999546229839325,0.45295172929763794,0.36028099060058594,-0.4077683389186859,0.9998874664306641,0.4352843165397644,0.46390825510025024,0.29620757699012756,0.10451847314834595,0.43776899576187134,0.4844142496585846,-0.5017369389533997,0.9740623831748962,0.46303024888038635,0.5698455572128296,0.17928388714790344,0.13664984703063965,0.47957944869995117,0.5786529183387756,-0.4235157370567322,0.9389388561248779,0.4718073010444641,0.5915813446044922,0.18114545941352844,0.1402943730354309,0.48594212532043457,0.6048353314399719,-0.4811248183250427,0.9020478129386902,0.478651225566864,0.5935791730880737,0.12616410851478577,0.144565612077713,0.4961585998535156,0.6075236797332764,-0.4551602005958557,0.8968202471733093,0.47480982542037964,0.588100790977478,0.14960312843322754,0.1519971787929535,0.49851876497268677,0.591659426689148,-0.4124959409236908,0.8476776480674744,0.34989261627197266,0.5518423318862915,0.19225864112377167,0.999169111251831,0.31308138370513916,0.5513483285903931,-0.19180327653884888,0.9997110962867737,0.3678058385848999,0.6981812715530396,0.18699873983860016,0.3110021650791168,0.3401184678077698,0.7179068326950073,-0.2359459102153778,0.9509851336479187,0.3646310567855835,0.8556259870529175,0.3191315531730652,0.5195518136024475,0.34757310152053833,0.9083349108695984,-0.13315105438232422,0.9638398289680481,0.3474445939064026,0.8765724897384644,0.32517921924591064,0.6427738666534424,0.3243274986743927,0.938524603843689,-0.12930795550346375,0.9357607364654541,0.437616765499115,0.8973620533943176,0.23920774459838867,0.6803050637245178,0.4214502274990082,0.9511371850967407,-0.2597511410713196,0.9539721012115479
76,0.5604974031448364,0.3367922008037567,-0.11040505021810532,0.9991438984870911,0.5635596513748169,0.3182578384876251,-0.0894283875823021,0.9989471435546875,0.5614666938781738,0.31630778312683105,-0.08951477706432343,0.9988094568252563,0.5595906376838684,0.31477808952331543,-0.08959940820932388,0.9990953803062439,0.5629023313522339,0.3183112144470215,-0.1531246155500412,0.9988211989402771,0.5603229999542236,0.3163386285305023,-0.15329377353191376,0.998619556427002,0.5579481720924377,0.31462568044662476,-0.15334206819534302,0.998975932598114,0.536467969417572,0.30817046761512756,0.02599312923848629,0.9973854422569275,0.5311146378517151,0.3057452142238617,-0.2573314607143402,0.9983745813369751,0.5461838245391846,0.344162255525589,-0.059697479009628296,0.9988803863525391,0.5443671345710754,0.34275752305984497,-0.14249496161937714,0.9991753697395325,0.4634242057800293,0.3528830111026764,0.21581383049488068,0.9995483756065369,0.4554483890533447,0.36190924048423767,-0.40512529015541077,0.999886155128479,0.43567124009132385,0.4640989899635315,0.3020079731941223,0.10451535135507584,0.438101202249527,0.4861910343170166,-0.49120354652404785,0.9741659760475159,0.45836561918258667,0.5673497319221497,0.19767586886882782,0.13615770637989044,0.4814554750919342,0.5804816484451294,-0.4050966799259186,0.9388465285301208,0.46632155776023865,0.5890642404556274,0.20102886855602264,0.1397724151611328,0.4900759756565094,0.6088036298751831,-0.46165022253990173,0.9017763733863831,0.4733451008796692,0.5913360714912415,0.14561721682548523,0.14402124285697937,0.49714356660842896,0.6080367565155029,-0.4361371099948883,0.8965440988540649,0.46986818313598633,0.5858594179153442,0.16824188828468323,0.15160489082336426,0.5018193125724792,0.5949047803878784,-0.39410632848739624,0.8474252223968506,0.343849241733551,0.5475612282752991,0.18977078795433044,0.9991607069969177,0.3131543695926666,0.5515602827072144,-0.189315065741539,0.9997031688690186,0.3713778853416443,0.6916978359222412,0.1740032434463501,0.31569328904151917,0.34352535009384155,0.7142235040664673,-0.2330218255519867,0.9514282941818237,0.37052804231643677,0.8628062009811401,0.3021765351295471,0.5238838195800781,0.3506871461868286,0.9039915204048157,-0.1293424814939499,0.963943362236023,0.3522765338420868,0.8799870610237122,0.3080284297466278,0.6446807980537415,0.32544568181037903,0.9392871856689453,-0.1252775639295578,0.9354991316795349,0.4424411356449127,0.8916414976119995,0.2207222282886505,0.6823094487190247,0.4201837480068207,0.9517596364021301,-0.25525638461112976,0.9538694620132446
77,0.559814989566803,0.3333068788051605,-0.12202350795269012,0.9991552829742432,0.5618048906326294,0.31576472520828247,-0.10024164617061615,0.9989579319953918,0.5604129433631897,0.31431514024734497,-0.10032383352518082,0.9988197088241577,0.558630108833313,0.3128071427345276,-0.10041175037622452,0.9991021156311035,0.5609338283538818,0.3158280849456787,-0.16296592354774475,0.9988316297531128,0.5589202642440796,0.3143666386604309,-0.16313804686069489,0.9986305832862854,0.5564700961112976,0.3126256763935089,-0.16319186985492706,0.9989826679229736,0.5348166227340698,0.3027805685997009,0.018886344507336617,0.997393012046814,0.5299088954925537,0.30301573872566223,-0.26050469279289246,0.9983823895454407,0.545565664768219,0.34076136350631714,-0.07024924457073212,0.9988958239555359,0.5436922311782837,0.33934688568115234,-0.1518043875694275,0.9991881251335144,0.4643135070800781,0.3529829978942871,0.2102520763874054,0.9995540380477905,0.45198044180870056,0.3577727675437927,-0.40335017442703247,0.9998864531517029,0.43547606468200684,0.46348127722740173,0.2826571762561798,0.10579852014780045,0.43676653504371643,0.48400068283081055,-0.4972913861274719,0.974496066570282,0.4661303460597992,0.568461537361145,0.15953761339187622,0.13926731050014496,0.4813195765018463,0.5753196477890015,-0.4269656240940094,0.9396438002586365,0.47611695528030396,0.5898563861846924,0.15922607481479645,0.14296361804008484,0.4874826967716217,0.5984668135643005,-0.48432499170303345,0.9027603268623352,0.4827308654785156,0.5919209122657776,0.10562797635793686,0.1473136693239212,0.4950002133846283,0.6051254272460938,-0.46018141508102417,0.8975748419761658,0.4780847430229187,0.5866100192070007,0.13039842247962952,0.15471622347831726,0.49926576018333435,0.5880154371261597,-0.4168325364589691,0.8487342000007629,0.35074812173843384,0.551489531993866,0.19057543575763702,0.9991714358329773,0.3141504228115082,0.5518749952316284,-0.19009187817573547,0.9997051358222961,0.3670080900192261,0.6971267461776733,0.18660545349121094,0.3175308406352997,0.33875587582588196,0.7163223028182983,-0.2715180218219757,0.9520203471183777,0.36954739689826965,0.8603609800338745,0.326919823884964,0.526528537273407,0.3506075441837311,0.9026483297348022,-0.17400258779525757,0.9643318057060242,0.34849128127098083,0.8770455121994019,0.333891361951828,0.647507905960083,0.32208845019340515,0.936612606048584,-0.1707277148962021,0.9359261989593506,0.4366421103477478,0.8968430757522583,0.24648194015026093,0.6851686835289001,0.4199157655239105,0.9514284133911133,-0.30870071053504944,0.9545096158981323
78,0.5592474937438965,0.3313029110431671,-0.12522877752780914,0.9991594552993774,0.5610123872756958,0.3138791620731354,-0.10411058366298676,0.9989593029022217,0.5595699548721313,0.31252357363700867,-0.10419140756130219,0.9988237023353577,0.5577303171157837,0.3111456334590912,-0.10428108274936676,0.9991074204444885,0.5601535439491272,0.3138107657432556,-0.16619357466697693,0.998834490776062,0.5580447912216187,0.3122798800468445,-0.16635584831237793,0.9986362457275391,0.5554141402244568,0.31044960021972656,-0.16639159619808197,0.9989858865737915,0.5336862206459045,0.3014373481273651,0.013168968260288239,0.9974071383476257,0.5291506052017212,0.30067574977874756,-0.26298123598098755,0.9983838796615601,0.5443627834320068,0.3381514549255371,-0.07423959672451019,0.9989070296287537,0.5429911613464355,0.33728718757629395,-0.15494897961616516,0.9991936087608337,0.4628378748893738,0.3549449145793915,0.20532134175300598,0.9995598793029785,0.45316559076309204,0.3586193919181824,-0.40043210983276367,0.9998866319656372,0.43719497323036194,0.46558013558387756,0.2876591682434082,0.108551986515522,0.4403773248195648,0.4869058132171631,-0.48298248648643494,0.9745367169380188,0.46876341104507446,0.5676880478858948,0.17261958122253418,0.14307908713817596,0.4883784353733063,0.5865055322647095,-0.41224393248558044,0.9400125741958618,0.47758421301841736,0.5882921814918518,0.17297299206256866,0.1466064602136612,0.4936686158180237,0.6083344221115112,-0.47106918692588806,0.9034820795059204,0.48405712842941284,0.5899347066879272,0.11751508712768555,0.15109142661094666,0.4994472861289978,0.6068775057792664,-0.44677823781967163,0.8983990550041199,0.48018354177474976,0.5849679112434387,0.14293336868286133,0.15849800407886505,0.49915409088134766,0.601961076259613,-0.40234023332595825,0.8498066067695618,0.3518483340740204,0.5505800843238831,0.18850205838680267,0.9991680979728699,0.31563884019851685,0.5528777241706848,-0.1880725920200348,0.9997031092643738,0.3672714829444885,0.6961535215377808,0.20310726761817932,0.3161545991897583,0.3410351872444153,0.7176502346992493,-0.23006877303123474,0.952278196811676,0.36401525139808655,0.8630881309509277,0.35015538334846497,0.5252425670623779,0.34752851724624634,0.9058066606521606,-0.125106081366539,0.9644822478294373,0.3521594703197479,0.8797019720077515,0.3577461838722229,0.6460459232330322,0.3251491189002991,0.9368346929550171,-0.12108258903026581,0.9359633922576904,0.43890953063964844,0.8964424133300781,0.2751907408237457,0.6840658783912659,0.41809988021850586,0.9483134150505066,-0.24864497780799866,0.9545947313308716
79,0.5591069459915161,0.3338695168495178,-0.10532190650701523,0.9991739988327026,0.5616342425346375,0.3155703842639923,-0.0854729562997818,0.9989771842956543,0.5595011115074158,0.3136065900325775,-0.08555404841899872,0.9988458156585693,0.5574971437454224,0.31193807721138,-0.08563778549432755,0.9991277456283569,0.5610967874526978,0.3157840371131897,-0.14759327471256256,0.9988556504249573,0.5585448145866394,0.31391990184783936,-0.14775316417217255,0.9986617565155029,0.5560662150382996,0.3121560215950012,-0.14778688549995422,0.9990066289901733,0.5339359045028687,0.30294930934906006,0.024147391319274902,0.9974779486656189,0.5289958715438843,0.3022422194480896,-0.2523445188999176,0.9984217286109924,0.5446699261665344,0.3412526249885559,-0.057084448635578156,0.9989335536956787,0.5432651042938232,0.33988887071609497,-0.1380072683095932,0.9992088079452515,0.4610843062400818,0.35198691487312317,0.2080032080411911,0.999570369720459,0.4576795995235443,0.3593076169490814,-0.3912524878978729,0.9998889565467834,0.43663039803504944,0.46413254737854004,0.2938292920589447,0.11009842902421951,0.4439522624015808,0.4855511784553528,-0.46831828355789185,0.974798321723938,0.45868438482284546,0.5673872232437134,0.19325116276741028,0.1434309035539627,0.48350366950035095,0.5851751565933228,-0.3893672525882721,0.9403389692306519,0.46544113755226135,0.588279664516449,0.19677329063415527,0.14662393927574158,0.49439865350723267,0.6115554571151733,-0.44659972190856934,0.9039347767829895,0.4724161624908447,0.5901057720184326,0.14141598343849182,0.1510763019323349,0.5009456872940063,0.6104750633239746,-0.4209238886833191,0.8989315032958984,0.4697956144809723,0.5850586891174316,0.16426439583301544,0.158523827791214,0.4962100088596344,0.6024578213691711,-0.3788226246833801,0.8506779670715332,0.3438425362110138,0.5472418665885925,0.18488188087940216,0.9991676211357117,0.31499671936035156,0.5526159405708313,-0.18444260954856873,0.9997014999389648,0.36700814962387085,0.6972264051437378,0.19758671522140503,0.31736382842063904,0.34288546442985535,0.721160352230072,-0.2002980262041092,0.9523589611053467,0.3700149655342102,0.8669823408126831,0.3354876637458801,0.5262241959571838,0.35051560401916504,0.9087006449699402,-0.08703947067260742,0.9643335342407227,0.35547274351119995,0.8876265287399292,0.3419952690601349,0.6449155211448669,0.3258858919143677,0.9383459091186523,-0.08217562735080719,0.9355502128601074,0.44181203842163086,0.8946673274040222,0.2576165795326233,0.684033215045929,0.4244832396507263,0.9725987315177917,-0.20310135185718536,0.9542877078056335
80,0.5612183213233948,0.3312768340110779,-0.11650115251541138,0.9991822838783264,0.5632568597793579,0.3138168752193451,-0.09556697309017181,0.9989910125732422,0.5614871978759766,0.3123261332511902,-0.0956522673368454,0.9988610744476318,0.5589519143104553,0.3104909658432007,-0.095738485455513,0.9991421699523926,0.5628247857093811,0.3137369155883789,-0.15861789882183075,0.9988720417022705,0.5601656436920166,0.3117079436779022,-0.15878280997276306,0.9986810088157654,0.5576497912406921,0.3099367916584015,-0.15882395207881927,0.9990228414535522,0.5359131693840027,0.30246204137802124,0.020796360448002815,0.9975273013114929,0.530701220035553,0.29893261194229126,-0.2593782842159271,0.9984518885612488,0.546014666557312,0.33891621232032776,-0.06559576094150543,0.9989501237869263,0.5452558994293213,0.3379581570625305,-0.14755471050739288,0.9992178678512573,0.46238017082214355,0.3524920344352722,0.2118368148803711,0.9995749592781067,0.4556155204772949,0.3568991422653198,-0.40215468406677246,0.9998898506164551,0.4359216094017029,0.46325069665908813,0.29717522859573364,0.11025457084178925,0.4416610598564148,0.4832783639431,-0.4843176007270813,0.9750030636787415,0.45757898688316345,0.5649102926254272,0.1923321932554245,0.14325714111328125,0.48736491799354553,0.5866842865943909,-0.4052700400352478,0.940664529800415,0.4640751779079437,0.5856730341911316,0.19491975009441376,0.1464172750711441,0.49324384331703186,0.6087129712104797,-0.46317821741104126,0.9044530391693115,0.47110527753829956,0.5872417092323303,0.13975641131401062,0.1508539915084839,0.49947160482406616,0.6075471639633179,-0.4368670582771301,0.8994817733764648,0.46830588579177856,0.5822305083274841,0.16308894753456116,0.15837617218494415,0.49918046593666077,0.6022049188613892,-0.3942191004753113,0.851487398147583,0.35030895471572876,0.5497523546218872,0.18852375447750092,0.999165415763855,0.3161066770553589,0.5514925718307495,-0.18808312714099884,0.9996994733810425,0.3666868209838867,0.6961809396743774,0.1961643099784851,0.31791234016418457,0.3422911465167999,0.7166252136230469,-0.20873752236366272,0.9524217247962952,0.3679228127002716,0.8663970828056335,0.3390505611896515,0.5265885591506958,0.34909069538116455,0.9086571931838989,-0.09502487629652023,0.9642120599746704,0.3529994785785675,0.8832932710647583,0.346297025680542,0.644331157207489,0.3276088833808899,0.9404714703559875,-0.09004762023687363,0.9352126717567444,0.4434993863105774,0.8977757692337036,0.26349082589149475,0.683843195438385,0.4193808436393738,0.947982907295227,-0.21373668313026428,0.9540199637413025
81,0.5626720190048218,0.3316969573497772,-0.10858841240406036,0.9991951584815979,0.5640873312950134,0.31412991881370544,-0.08813627064228058,0.9990047812461853,0.5623492002487183,0.3126976788043976,-0.08821499347686768,0.9988780617713928,0.5603140592575073,0.31132256984710693,-0.08829788863658905,0.9991561770439148,0.5635636448860168,0.31406670808792114,-0.1513567864894867,0.9988920092582703,0.5614430904388428,0.31251630187034607,-0.15152107179164886,0.99870765209198,0.5581197738647461,0.3101212680339813,-0.15155979990959167,0.999042809009552,0.5364788174629211,0.3028990626335144,0.023607026785612106,0.9975824356079102,0.5325276255607605,0.3002001941204071,-0.2577623724937439,0.9984892010688782,0.5476234555244446,0.3394908905029297,-0.05951353907585144,0.998974084854126,0.5469048023223877,0.3387516438961029,-0.14184199273586273,0.9992346167564392,0.4609706401824951,0.35185176134109497,0.21015934646129608,0.9995823502540588,0.4549296796321869,0.35935139656066895,-0.3986307382583618,0.9998922348022461,0.4350953698158264,0.46278828382492065,0.3008698523044586,0.11049024015665054,0.44911521673202515,0.4897054135799408,-0.4767783582210541,0.9752610325813293,0.4559931755065918,0.5695386528968811,0.20236055552959442,0.14252521097660065,0.48299041390419006,0.5851902365684509,-0.39673754572868347,0.9409567713737488,0.46195340156555176,0.5903552770614624,0.2060675323009491,0.14562290906906128,0.49426570534706116,0.6109774112701416,-0.4546034336090088,0.9048231244087219,0.46910348534584045,0.5920571088790894,0.14986346662044525,0.15003132820129395,0.49788981676101685,0.6131201386451721,-0.42943674325942993,0.8999110460281372,0.46669602394104004,0.5871307253837585,0.17301198840141296,0.15758076310157776,0.49589577317237854,0.6003182530403137,-0.3864111304283142,0.8521215915679932,0.3436906635761261,0.5476487874984741,0.18847757577896118,0.9991669058799744,0.31548231840133667,0.5533566474914551,-0.18801899254322052,0.9996994733810425,0.3639283776283264,0.6939908862113953,0.20178556442260742,0.31835415959358215,0.3447073698043823,0.7208818197250366,-0.2054966241121292,0.952681839466095,0.36479294300079346,0.8605180978775024,0.3424387574195862,0.5274329781532288,0.3476538360118866,0.906286895275116,-0.09197080135345459,0.9642001986503601,0.35020241141319275,0.8872215151786804,0.3493420481681824,0.643612265586853,0.3255906105041504,0.937203586101532,-0.08698908984661102,0.9350692629814148,0.44221967458724976,0.8934415578842163,0.2650015950202942,0.6839767098426819,0.4208114743232727,0.9470372200012207,-0.20835216343402863,0.9538959264755249
82,0.562316358089447,0.332450807094574,-0.08698444813489914,0.9992032647132874,0.5628703832626343,0.31380441784858704,-0.06803645193576813,0.9990205764770508,0.5610546469688416,0.31215912103652954,-0.0681227371096611,0.9988963007926941,0.5588601231575012,0.3105386793613434,-0.06819881498813629,0.9991680383682251,0.5629134178161621,0.31448957324028015,-0.12976288795471191,0.9989120960235596,0.5610904097557068,0.31320956349372864,-0.12991701066493988,0.9987331032752991,0.5586870908737183,0.31157323718070984,-0.1299489438533783,0.999060332775116,0.5345438718795776,0.3017672300338745,0.03901297599077225,0.9976491928100586,0.5316179990768433,0.3003840446472168,-0.2354685366153717,0.9985228776931763,0.5454148054122925,0.33850178122520447,-0.038948915898799896,0.9989849328994751,0.5451918840408325,0.338654488325119,-0.1192929595708847,0.9992403388023376,0.4614899158477783,0.35262471437454224,0.2149777114391327,0.9995779395103455,0.4604891240596771,0.3609375059604645,-0.37954750657081604,0.9998902678489685,0.42372435331344604,0.4555075168609619,0.292298823595047,0.10954083502292633,0.4471448063850403,0.48915496468544006,-0.46207016706466675,0.974941611289978,0.4400986135005951,0.5573751926422119,0.2042969912290573,0.13854840397834778,0.48863357305526733,0.5864382982254028,-0.37411823868751526,0.9393952488899231,0.44380468130111694,0.5771228075027466,0.21075527369976044,0.14139297604560852,0.49131837487220764,0.599748969078064,-0.4280368387699127,0.9025647044181824,0.4511326849460602,0.579383134841919,0.15872323513031006,0.1455526351928711,0.49973225593566895,0.6061391234397888,-0.4016309678554535,0.8975342512130737,0.44972577691078186,0.5751349329948425,0.17735140025615692,0.1531221568584442,0.49741846323013306,0.5925219655036926,-0.362989217042923,0.8492677211761475,0.3408987522125244,0.5451785326004028,0.18084023892879486,0.9991547465324402,0.31734365224838257,0.5513739585876465,-0.18031956255435944,0.9996920824050903,0.36313167214393616,0.6954962015151978,0.12198074907064438,0.3207603394985199,0.34567707777023315,0.7102391719818115,-0.26012319326400757,0.9521923661231995,0.3667747378349304,0.8681987524032593,0.23775887489318848,0.5270546078681946,0.35366663336753845,0.9041051864624023,-0.17399358749389648,0.9636734127998352,0.35857272148132324,0.8906111717224121,0.24302193522453308,0.6423923373222351,0.3278738558292389,0.9414001703262329,-0.17140018939971924,0.9345101118087769,0.4404889643192291,0.8997424244880676,0.15348535776138306,0.6825717687606812,0.42247113585472107,0.9417173266410828,-0.30095428228378296,0.9531853199005127
83,0.5624322891235352,0.33241015672683716,-0.11206052452325821,0.9991821050643921,0.5639911890029907,0.3149048686027527,-0.09139205515384674,0.9989951252937317,0.5623457431793213,0.31348782777786255,-0.09147877246141434,0.9988694190979004,0.560287594795227,0.31202247738838196,-0.09157710522413254,0.9991500377655029,0.5630994439125061,0.31460118293762207,-0.15148861706256866,0.9988816976547241,0.5608746409416199,0.3129104971885681,-0.15165498852729797,0.9987006187438965,0.5576277375221252,0.31042271852493286,-0.15169867873191833,0.9990368485450745,0.5366953611373901,0.30342602729797363,0.022883564233779907,0.9976008534431458,0.5327962636947632,0.30033040046691895,-0.24420681595802307,0.9984893202781677,0.547369658946991,0.3399016857147217,-0.06228834390640259,0.9989708065986633,0.5465868711471558,0.3386027216911316,-0.1403995305299759,0.9992257952690125,0.47082653641700745,0.3612256646156311,0.20934543013572693,0.9995778203010559,0.45329028367996216,0.35630232095718384,-0.3801545202732086,0.9998891949653625,0.44664710760116577,0.47678470611572266,0.27954670786857605,0.11289652436971664,0.43867459893226624,0.48685115575790405,-0.46823662519454956,0.9748596549034119,0.4821370542049408,0.5679997205734253,0.1586591899394989,0.14330336451530457,0.4858736991882324,0.5878723859786987,-0.40746426582336426,0.9397337436676025,0.49279627203941345,0.5884490013122559,0.15799422562122345,0.14607372879981995,0.4924166202545166,0.6087526082992554,-0.4645901322364807,0.9032391905784607,0.4995689392089844,0.5899125337600708,0.10433696210384369,0.15039654076099396,0.5028862953186035,0.6099607348442078,-0.4392680525779724,0.8983004093170166,0.4946160912513733,0.5848661065101624,0.1295160949230194,0.15796123445034027,0.49932044744491577,0.6028541922569275,-0.3972194790840149,0.8503711819648743,0.3510917127132416,0.5503942966461182,0.18138469755649567,0.9991512894630432,0.31400054693222046,0.5477734804153442,-0.18095478415489197,0.9996854066848755,0.36717575788497925,0.6981907486915588,0.14576773345470428,0.3183627128601074,0.3427799344062805,0.713750958442688,-0.2420608252286911,0.9512460827827454,0.36628514528274536,0.865975558757782,0.2524118423461914,0.5244489908218384,0.3469410240650177,0.9070554971694946,-0.15678711235523224,0.9627426862716675,0.3520181179046631,0.8925970792770386,0.25605252385139465,0.6411170363426208,0.3268919289112091,0.9355717897415161,-0.15445101261138916,0.933669924736023,0.4361671805381775,0.9054580926895142,0.16490235924720764,0.6811979413032532,0.4206709861755371,0.9510146975517273,-0.28203582763671875,0.9523727893829346
84,0.563156247138977,0.33237889409065247,-0.12312184274196625,0.9991838932037354,0.5647277235984802,0.31480109691619873,-0.10266990959644318,0.9990015029907227,0.5629775524139404,0.313199520111084,-0.10275491327047348,0.9988764524459839,0.560846209526062,0.3114781975746155,-0.10284826904535294,0.9991559386253357,0.5637528896331787,0.3148220479488373,-0.1635107398033142,0.9988860487937927,0.5613940954208374,0.31318777799606323,-0.1636679768562317,0.9987041354179382,0.5586747527122498,0.31124475598335266,-0.16370448470115662,0.9990390539169312,0.5365003347396851,0.3017616868019104,0.013500973582267761,0.9976282119750977,0.5324395895004272,0.3001202344894409,-0.2569306194782257,0.9984899759292603,0.5464938879013062,0.3391851484775543,-0.07215793430805206,0.9989717602729797,0.5455436110496521,0.3382718563079834,-0.15127602219581604,0.9992268681526184,0.4689562916755676,0.35441142320632935,0.20387797057628632,0.999579906463623,0.4567580819129944,0.35551172494888306,-0.3935381770133972,0.9998902678489685,0.4399321675300598,0.4658662676811218,0.2776411473751068,0.11393541842699051,0.4412035346031189,0.4852370619773865,-0.4828287661075592,0.974868893623352,0.467675119638443,0.5675739645957947,0.16350504755973816,0.1448572427034378,0.4878169894218445,0.5853889584541321,-0.4222387671470642,0.9401458501815796,0.47583937644958496,0.5883424282073975,0.16478849947452545,0.14761890470981598,0.49486643075942993,0.6085551977157593,-0.481734037399292,0.904107928276062,0.48218584060668945,0.5905546545982361,0.10930871963500977,0.1520186811685562,0.5051432847976685,0.6102455854415894,-0.45457714796066284,0.8992186784744263,0.4785699248313904,0.5858335494995117,0.1341118961572647,0.15958547592163086,0.5103217363357544,0.5989444851875305,-0.41152453422546387,0.8515163660049438,0.3455337584018707,0.5451208353042603,0.1849207729101181,0.9991658926010132,0.31376832723617554,0.5470939874649048,-0.18447458744049072,0.9996925592422485,0.36591699719429016,0.6944200992584229,0.16920804977416992,0.31552332639694214,0.3401727080345154,0.7147558927536011,-0.25115329027175903,0.9511336088180542,0.36922186613082886,0.8571816682815552,0.30486181378364563,0.5219473838806152,0.3489159941673279,0.9017723798751831,-0.16097678244113922,0.9630090594291687,0.3555929362773895,0.8778424263000488,0.31164219975471497,0.6410934925079346,0.32445213198661804,0.9366223216056824,-0.15840932726860046,0.9343936443328857,0.4455767273902893,0.888609766960144,0.22813668847084045,0.6808153986930847,0.42610836029052734,0.9696041345596313,-0.2897660434246063,0.952831506729126
85,0.5641307830810547,0.33002811670303345,-0.11912669986486435,0.999197781085968,0.5651363134384155,0.3124941885471344,-0.0983864888548851,0.999015212059021,0.5633736252784729,0.3109535872936249,-0.09845850616693497,0.9988920092582703,0.5611666440963745,0.30931249260902405,-0.09854379296302795,0.9991660118103027,0.5640352964401245,0.3122078776359558,-0.1599293202161789,0.9989031553268433,0.5615628957748413,0.3104328513145447,-0.1600910872220993,0.9987248778343201,0.5587100386619568,0.30840617418289185,-0.16012316942214966,0.9990513920783997,0.5365448594093323,0.30075985193252563,0.01698949746787548,0.9976715445518494,0.5325027704238892,0.29837527871131897,-0.2567618191242218,0.9985089898109436,0.5480117201805115,0.33805111050605774,-0.06866812705993652,0.9989870190620422,0.5463894605636597,0.3362177312374115,-0.1487657129764557,0.9992436170578003,0.4690074324607849,0.355739027261734,0.20933683216571808,0.9995862245559692,0.45587053894996643,0.35386696457862854,-0.395982950925827,0.9998939037322998,0.4392321705818176,0.46630972623825073,0.27710676193237305,0.11577587574720383,0.44443830847740173,0.4779841899871826,-0.4919492304325104,0.9753216505050659,0.48439040780067444,0.5727980732917786,0.15523682534694672,0.14887230098247528,0.4887179732322693,0.5814648866653442,-0.44097796082496643,0.9418793320655823,0.49586957693099976,0.5931522250175476,0.15648682415485382,0.15163886547088623,0.49761682748794556,0.602692723274231,-0.503155529499054,0.9067940711975098,0.5020914673805237,0.5959430932998657,0.09859494864940643,0.15624336898326874,0.5052390694618225,0.6084296703338623,-0.47444406151771545,0.9020123481750488,0.49726906418800354,0.5915716886520386,0.12451833486557007,0.1637379229068756,0.5146439671516418,0.5994585752487183,-0.4302062392234802,0.8550040125846863,0.3443310856819153,0.5453845262527466,0.18877816200256348,0.999189019203186,0.3126392066478729,0.5446798205375671,-0.18833163380622864,0.9997041821479797,0.3642420470714569,0.6950700283050537,0.1779336780309677,0.3101368844509125,0.34298843145370483,0.7155224084854126,-0.26483869552612305,0.9513283967971802,0.3666682839393616,0.8568965792655945,0.3223147392272949,0.5175318717956543,0.34815487265586853,0.9011496305465698,-0.180973082780838,0.9635397791862488,0.3567454516887665,0.8811138272285461,0.3299470543861389,0.6406549215316772,0.32410773634910583,0.935236930847168,-0.17936640977859497,0.9356836080551147,0.444985568523407,0.8887025713920593,0.2473551332950592,0.6798328757286072,0.42655086517333984,0.9660609364509583,-0.3138640224933624,0.9536676406860352
86,0.5649645924568176,0.3338138461112976,-0.12191170454025269,0.9992080330848694,0.5656142830848694,0.31624269485473633,-0.10118336975574493,0.9990283250808716,0.5638035535812378,0.3146473467350006,-0.10125963389873505,0.9989073276519775,0.5616188645362854,0.3129301071166992,-0.10134266316890717,0.9991772770881653,0.5645572543144226,0.3160873055458069,-0.1631772518157959,0.9989194869995117,0.5621212720870972,0.31440630555152893,-0.16334061324596405,0.9987436532974243,0.5594080686569214,0.312478631734848,-0.1633850634098053,0.9990636706352234,0.5372384190559387,0.3035845458507538,0.014355136081576347,0.9977098703384399,0.5327256917953491,0.3037519156932831,-0.2613970637321472,0.9985244870185852,0.5477189421653748,0.3407784402370453,-0.07110248506069183,0.9989940524101257,0.5469463467597961,0.33982017636299133,-0.15183398127555847,0.9992523193359375,0.4687264561653137,0.3562515377998352,0.20608070492744446,0.9995921850204468,0.45882678031921387,0.3617764413356781,-0.39844220876693726,0.9998961091041565,0.4384971261024475,0.4654025435447693,0.2773418426513672,0.11622145771980286,0.44810643792152405,0.4910873472690582,-0.49475565552711487,0.975456953048706,0.4837608337402344,0.5698674917221069,0.16075772047042847,0.15034274756908417,0.5075781941413879,0.5949351191520691,-0.44122281670570374,0.9427947402000427,0.49538716673851013,0.5877292156219482,0.16415776312351227,0.1531873494386673,0.5177862048149109,0.6158227920532227,-0.50453120470047,0.9082933068275452,0.5024510622024536,0.5913335084915161,0.10506166517734528,0.1578984260559082,0.528743326663971,0.6101372838020325,-0.4729629158973694,0.9035291075706482,0.49785012006759644,0.5880528688430786,0.12991802394390106,0.16541774570941925,0.5221962332725525,0.6027740240097046,-0.42948681116104126,0.856724202632904,0.3432382643222809,0.5438804030418396,0.18738961219787598,0.9992111921310425,0.3129109740257263,0.5450878739356995,-0.18689663708209991,0.9997143745422363,0.3605085015296936,0.6955956816673279,0.16754473745822906,0.30646276473999023,0.34376204013824463,0.7103407979011536,-0.26184460520744324,0.9508230686187744,0.36809778213500977,0.8635737299919128,0.3118884265422821,0.5145092010498047,0.3472088873386383,0.9005364179611206,-0.1724812388420105,0.9636484384536743,0.355643093585968,0.8851865530014038,0.31983524560928345,0.640177845954895,0.32066693902015686,0.9350026249885559,-0.17043274641036987,0.9362094402313232,0.43947499990463257,0.8922088742256165,0.23515713214874268,0.6799313426017761,0.4185663163661957,0.9426916837692261,-0.30444955825805664,0.9541294574737549
87,0.5636715292930603,0.3316262364387512,-0.12438865005970001,0.9992350339889526,0.5645048022270203,0.3138853907585144,-0.10339609533548355,0.9990595579147339,0.5625693798065186,0.31217020750045776,-0.10345841944217682,0.9989421963691711,0.5602883696556091,0.3103925287723541,-0.10351903736591339,0.999201774597168,0.5637441277503967,0.3141348361968994,-0.16645963490009308,0.9989566802978516,0.5613783001899719,0.3125951290130615,-0.16662022471427917,0.9987866282463074,0.5587207674980164,0.3108123540878296,-0.16665849089622498,0.999093770980835,0.5358846187591553,0.3014899492263794,0.013063641265034676,0.997782289981842,0.532220721244812,0.30246883630752563,-0.26732176542282104,0.9985699653625488,0.5463871359825134,0.3385065495967865,-0.07309746742248535,0.9990198612213135,0.5458294749259949,0.3378271460533142,-0.15518328547477722,0.9992761015892029,0.46664777398109436,0.3533574938774109,0.20475426316261292,0.9996031522750854,0.4617723822593689,0.358905553817749,-0.4066871702671051,0.9998999238014221,0.4370284676551819,0.46308407187461853,0.2719198167324066,0.1170450821518898,0.45204633474349976,0.48537617921829224,-0.5031822919845581,0.9760581254959106,0.4703589081764221,0.5647226572036743,0.15482047200202942,0.15199032425880432,0.48749858140945435,0.5865689516067505,-0.4449310302734375,0.9444916844367981,0.4799446165561676,0.5827300548553467,0.15779152512550354,0.1545005887746811,0.5072880983352661,0.6116203665733337,-0.5086106657981873,0.9107129573822021,0.4862454831600189,0.5865051746368408,0.0997476577758789,0.15924008190631866,0.5168370008468628,0.6069554686546326,-0.478372186422348,0.9059978127479553,0.48256421089172363,0.5833288431167603,0.12446187436580658,0.16672663390636444,0.5109978914260864,0.6001213192939758,-0.43362292647361755,0.8596915006637573,0.3413364291191101,0.5438237190246582,0.189698725938797,0.9992426037788391,0.3130452036857605,0.5455462336540222,-0.18918368220329285,0.9997274875640869,0.3611350655555725,0.6939609050750732,0.17253054678440094,0.3043838143348694,0.3449600636959076,0.7091535925865173,-0.27075693011283875,0.9509483575820923,0.3641360402107239,0.8583186864852905,0.3243042826652527,0.5144990682601929,0.34758609533309937,0.9009252786636353,-0.17760005593299866,0.9641024470329285,0.3548523783683777,0.8839629888534546,0.33277156949043274,0.6417726278305054,0.3259133994579315,0.9311383962631226,-0.17554563283920288,0.9370750188827515,0.44153299927711487,0.8910589218139648,0.24637453258037567,0.682466983795166,0.4200027883052826,0.9416732788085938,-0.31424084305763245,0.9549845457077026
88,0.5657328963279724,0.33193665742874146,-0.14408725500106812,0.9992304444313049,0.5658508539199829,0.3129095435142517,-0.12241790443658829,0.9990520477294922,0.5640864968299866,0.3112354278564453,-0.12249977886676788,0.9989328384399414,0.5620280504226685,0.3096582293510437,-0.12259025871753693,0.9991942048072815,0.5643267035484314,0.31280452013015747,-0.1832759827375412,0.9989508390426636,0.5615864992141724,0.31105491518974304,-0.1834537535905838,0.9987795948982239,0.5586347579956055,0.3092460334300995,-0.18350766599178314,0.9990878701210022,0.537699818611145,0.30120521783828735,-0.0023897981736809015,0.9977484941482544,0.5318464040756226,0.2991509735584259,-0.2729983925819397,0.99854576587677,0.5482586026191711,0.33856067061424255,-0.09212411940097809,0.9990031719207764,0.5465232729911804,0.33774030208587646,-0.17127084732055664,0.999271810054779,0.47102802991867065,0.355345219373703,0.19020023941993713,0.9996018409729004,0.4538903832435608,0.3601546883583069,-0.40493449568748474,0.9999004006385803,0.4466065764427185,0.47139325737953186,0.2536222040653229,0.11780783534049988,0.43821102380752563,0.48358386754989624,-0.5016117095947266,0.9759942889213562,0.486273854970932,0.5675183534622192,0.1283257156610489,0.15502993762493134,0.49880051612854004,0.589701771736145,-0.45565328001976013,0.9453741312026978,0.49879127740859985,0.5845896005630493,0.12782643735408783,0.15773530304431915,0.5089236497879028,0.610196590423584,-0.518638014793396,0.9121344089508057,0.5056411027908325,0.5879466533660889,0.07038222998380661,0.16262991726398468,0.5204921364784241,0.6042317152023315,-0.48970645666122437,0.90743088722229,0.500287652015686,0.5848700404167175,0.09761930257081985,0.1698828637599945,0.5140488147735596,0.5970306992530823,-0.4450599253177643,0.8612638711929321,0.3512534499168396,0.5481984615325928,0.18608401715755463,0.9992583990097046,0.3135814368724823,0.545301079750061,-0.18559515476226807,0.9997358918190002,0.3626788258552551,0.6963249444961548,0.18330149352550507,0.30153688788414,0.3410578966140747,0.7159420847892761,-0.26350679993629456,0.9510853290557861,0.36804288625717163,0.8643485307693481,0.3365078568458557,0.512852668762207,0.3489629626274109,0.9028574824333191,-0.16889554262161255,0.9643909335136414,0.3566935360431671,0.8790227770805359,0.34523946046829224,0.6420522928237915,0.3278900682926178,0.932778000831604,-0.16620366275310516,0.9377570748329163,0.43934425711631775,0.892955482006073,0.2601560354232788,0.6831358671188354,0.42178934812545776,0.94566810131073,-0.302969366312027,0.9555298089981079
89,0.5629739761352539,0.32896479964256287,-0.11602972447872162,0.9992489814758301,0.5635912418365479,0.3110455274581909,-0.0960811898112297,0.9990748167037964,0.5615376234054565,0.30913835763931274,-0.0961543470621109,0.9989567995071411,0.5591088533401489,0.30717116594314575,-0.09622152894735336,0.9992116689682007,0.563090443611145,0.31144019961357117,-0.1587405651807785,0.99897700548172,0.5607852935791016,0.3098204731941223,-0.158908411860466,0.9988076686859131,0.5581642985343933,0.30795973539352417,-0.1589594930410385,0.999110221862793,0.534652590751648,0.2973496615886688,0.015881584957242012,0.9977971315383911,0.5331681966781616,0.297390878200531,-0.2630242705345154,0.9985827803611755,0.5451914072036743,0.33455339074134827,-0.06630034744739532,0.9990171790122986,0.5450085997581482,0.3342162072658539,-0.14793843030929565,0.9992854595184326,0.4642505645751953,0.3503230810165405,0.20155605673789978,0.9996045827865601,0.46292105317115784,0.35656094551086426,-0.4037785530090332,0.9999023079872131,0.42679381370544434,0.45366913080215454,0.2725066840648651,0.11642976850271225,0.4524398446083069,0.48331665992736816,-0.49425655603408813,0.9763748645782471,0.46170687675476074,0.5582263469696045,0.16784469783306122,0.15284891426563263,0.4873361587524414,0.5866602063179016,-0.42536109685897827,0.9461362957954407,0.47029733657836914,0.577254056930542,0.171553835272789,0.15546810626983643,0.4943487048149109,0.6092109084129333,-0.48640570044517517,0.9130902290344238,0.4771917760372162,0.5815815329551697,0.11429290473461151,0.16021636128425598,0.5017217993736267,0.6090494394302368,-0.45667314529418945,0.9083744287490845,0.47405481338500977,0.577889621257782,0.13799412548542023,0.1675063818693161,0.500737190246582,0.6033350229263306,-0.4138607978820801,0.8624695539474487,0.34233227372169495,0.5439073443412781,0.18624837696552277,0.9992756843566895,0.3165266513824463,0.546728789806366,-0.18575221300125122,0.9997434616088867,0.3655053973197937,0.6942574977874756,0.16759948432445526,0.3046185374259949,0.3440300524234772,0.7149692177772522,-0.2508181035518646,0.9509938359260559,0.3659122586250305,0.8645269274711609,0.3119485378265381,0.5179373621940613,0.34592896699905396,0.9060368537902832,-0.14750069379806519,0.9647153615951538,0.35673192143440247,0.8853524327278137,0.31959444284439087,0.6456549763679504,0.3257350027561188,0.9370652437210083,-0.14441648125648499,0.9380972385406494,0.4401925206184387,0.8941144943237305,0.23131303489208221,0.6874035596847534,0.42509040236473083,0.9663411974906921,-0.2808738648891449,0.9559905529022217
90,0.5654213428497314,0.33167049288749695,-0.11949212849140167,0.999278724193573,0.5666061639785767,0.3138081133365631,-0.10063384473323822,0.9991103410720825,0.5644516944885254,0.3118214011192322,-0.1007060632109642,0.9989961385726929,0.5613453984260559,0.3092441260814667,-0.10077142715454102,0.999241828918457,0.5665009021759033,0.31431883573532104,-0.16231194138526917,0.9990173578262329,0.5644058585166931,0.31272509694099426,-0.1624765843153,0.9988532662391663,0.5612074136734009,0.31020253896713257,-0.1625118851661682,0.9991448521614075,0.5368738174438477,0.3005664646625519,0.007209669798612595,0.9978870153427124,0.5350968837738037,0.3002975285053253,-0.26767465472221375,0.9986376166343689,0.5494241714477539,0.33907896280288696,-0.0714762881398201,0.9990516304969788,0.5493453145027161,0.33899056911468506,-0.1519411951303482,0.9993140697479248,0.4613233506679535,0.34951329231262207,0.1926824003458023,0.9996160268783569,0.4622076153755188,0.35805967450141907,-0.40475600957870483,0.9999067783355713,0.4243897795677185,0.4589521884918213,0.2688010036945343,0.11563049256801605,0.45170730352401733,0.48411840200424194,-0.4828259348869324,0.9769271612167358,0.4594334065914154,0.5694800615310669,0.16805346310138702,0.15149973332881927,0.4904302954673767,0.5890926122665405,-0.4124225080013275,0.9471384286880493,0.46772080659866333,0.5891975164413452,0.1714642345905304,0.15419317781925201,0.5001307725906372,0.6131625175476074,-0.4721561372280121,0.9143801331520081,0.47542625665664673,0.5930257439613342,0.11371663957834244,0.15882010757923126,0.5063897371292114,0.6129117608070374,-0.44389811158180237,0.9097269177436829,0.4725115895271301,0.5889831781387329,0.13830053806304932,0.16592788696289062,0.5029428601264954,0.6053434014320374,-0.40156251192092896,0.8642970323562622,0.3403823971748352,0.5452378988265991,0.18848292529582977,0.9992854595184326,0.3170469105243683,0.5510730147361755,-0.1880035251379013,0.9997511506080627,0.3651236593723297,0.6942977905273438,0.21069753170013428,0.30429768562316895,0.3463267982006073,0.7177363634109497,-0.23454168438911438,0.9516080617904663,0.3704971671104431,0.8563600778579712,0.3809083104133606,0.5196859836578369,0.35154908895492554,0.9036718606948853,-0.11857563257217407,0.9653652310371399,0.36037081480026245,0.8851539492607117,0.3911054730415344,0.6472925543785095,0.3268800377845764,0.9384142756462097,-0.11360709369182587,0.9389644265174866,0.4420601725578308,0.8943277597427368,0.31075936555862427,0.6892960667610168,0.4290165901184082,0.9677702188491821,-0.24175982177257538,0.9567676186561584
91,0.5646237134933472,0.3309229016304016,-0.10615868866443634,0.9992992877960205,0.5656646490097046,0.3127860426902771,-0.08718457072973251,0.9991393089294434,0.5637275576591492,0.3110380172729492,-0.08726771920919418,0.9990267157554626,0.5613110661506653,0.3091273605823517,-0.08736301213502884,0.9992662668228149,0.5647925734519958,0.31275537610054016,-0.1461448222398758,0.9990483522415161,0.5623084902763367,0.31095805764198303,-0.1462882161140442,0.9988875985145569,0.5593888759613037,0.3088091313838959,-0.14630892872810364,0.9991704225540161,0.5355647802352905,0.2996651530265808,0.021716292947530746,0.9979729652404785,0.5326507687568665,0.298367977142334,-0.24079903960227966,0.9986758232116699,0.5473472476005554,0.3378140926361084,-0.058093637228012085,0.9990736246109009,0.5467199087142944,0.3369702696800232,-0.13499698042869568,0.9993276000022888,0.46573328971862793,0.35401448607444763,0.20149822533130646,0.9996146559715271,0.45997390151023865,0.3569906949996948,-0.37403273582458496,0.9999071955680847,0.43730252981185913,0.4637439250946045,0.27112674713134766,0.11663828790187836,0.45200905203819275,0.4847172796726227,-0.4595657289028168,0.9771015644073486,0.47660890221595764,0.5669834017753601,0.1683386266231537,0.15220321714878082,0.49291419982910156,0.5866066217422485,-0.39679601788520813,0.9474613666534424,0.4871644377708435,0.58661949634552,0.17204882204532623,0.15487471222877502,0.5038422346115112,0.6102677583694458,-0.4530160427093506,0.9149587750434875,0.4937063157558441,0.5904631018638611,0.11655624955892563,0.15948158502578735,0.5116811394691467,0.6069670915603638,-0.42404183745384216,0.9103268980979919,0.48945313692092896,0.58628249168396,0.13956519961357117,0.16665272414684296,0.5070387721061707,0.5997077226638794,-0.38538455963134766,0.8653681874275208,0.3415689766407013,0.5472203493118286,0.17711599171161652,0.9992852210998535,0.3143734931945801,0.5503484010696411,-0.17666344344615936,0.9997518658638,0.36350467801094055,0.6958483457565308,0.1432008445262909,0.3078955411911011,0.3444088399410248,0.7107176780700684,-0.2485700100660324,0.952019214630127,0.3692746162414551,0.8609299659729004,0.2818446755409241,0.5224449038505554,0.3496268093585968,0.904461681842804,-0.15424744784832,0.9658078551292419,0.35769760608673096,0.8883932828903198,0.289222776889801,0.6491212248802185,0.33043017983436584,0.9337382316589355,-0.1513463258743286,0.9397348761558533,0.4405458867549896,0.8987215161323547,0.20418989658355713,0.6922414302825928,0.4240270256996155,0.96156245470047,-0.2813952565193176,0.9573704600334167
92,0.5646155476570129,0.33072930574417114,-0.12217143923044205,0.9993229508399963,0.5650653839111328,0.312472403049469,-0.10200075805187225,0.9991684556007385,0.5631013512611389,0.3108438551425934,-0.10208861529827118,0.9990576505661011,0.5607962608337402,0.30922386050224304,-0.10218589007854462,0.9992905855178833,0.5639898777008057,0.3122466206550598,-0.16137966513633728,0.9990776777267456,0.5613783001899719,0.310442715883255,-0.16152802109718323,0.9989191293716431,0.5585128664970398,0.30849093198776245,-0.1615632176399231,0.9991936683654785,0.536370575428009,0.30119410157203674,0.012353486381471157,0.9980390667915344,0.5328964591026306,0.2991274893283844,-0.25184372067451477,0.9987015724182129,0.5469084978103638,0.33784449100494385,-0.07213326543569565,0.9990962147712708,0.5462623238563538,0.3367267847061157,-0.1494373232126236,0.9993417859077454,0.46475428342819214,0.35937395691871643,0.19930605590343475,0.9996156692504883,0.4583584666252136,0.35482853651046753,-0.3858751952648163,0.9999061822891235,0.4381369948387146,0.4651842713356018,0.2605491280555725,0.11912750452756882,0.45199155807495117,0.483869731426239,-0.48193755745887756,0.9771715402603149,0.4831286072731018,0.5714945197105408,0.13882885873317719,0.1570912003517151,0.491607129573822,0.5836121439933777,-0.42949971556663513,0.9482430815696716,0.49601125717163086,0.5905553102493286,0.1403810679912567,0.15978984534740448,0.5033026933670044,0.6074706315994263,-0.4886051118373871,0.916183590888977,0.502454936504364,0.5940160155296326,0.08392895758152008,0.16453638672828674,0.5113621950149536,0.6045464873313904,-0.45880642533302307,0.9115678668022156,0.4969627261161804,0.5898770689964294,0.10899539291858673,0.17164897918701172,0.5067317485809326,0.5971516370773315,-0.4180590510368347,0.8670715689659119,0.34292367100715637,0.5472873449325562,0.18024614453315735,0.9992991089820862,0.31308573484420776,0.5485256910324097,-0.17976674437522888,0.9997562170028687,0.3608497679233551,0.6957399845123291,0.12736530601978302,0.3112306296825409,0.3409733772277832,0.7086935043334961,-0.286985844373703,0.9527570009231567,0.3677026629447937,0.8619301915168762,0.2642557919025421,0.5259106159210205,0.3487981855869293,0.9041949510574341,-0.20162729918956757,0.966533362865448,0.35532283782958984,0.8799870610237122,0.2716391384601593,0.6520873308181763,0.3282996118068695,0.9337129592895508,-0.19979962706565857,0.9407151937484741,0.44299259781837463,0.8933638334274292,0.18314450979232788,0.6961628794670105,0.4248313307762146,0.9655898213386536,-0.3394973874092102,0.9583038687705994
93,0.5611717700958252,0.3315622806549072,-0.10867174714803696,0.9993435144424438,0.5629597902297974,0.31414762139320374,-0.08935288339853287,0.9991923570632935,0.5611090660095215,0.312585711479187,-0.08941759169101715,0.9990833401679993,0.5589158535003662,0.310988187789917,-0.08948717266321182,0.9993093609809875,0.5622936487197876,0.3142569065093994,-0.1494910567998886,0.9991026520729065,0.5600636005401611,0.3127453029155731,-0.14963403344154358,0.9989468455314636,0.5575457215309143,0.31100690364837646,-0.14966264367103577,0.9992130398750305,0.5336551666259766,0.30414530634880066,0.020665520802140236,0.9980943202972412,0.5314037203788757,0.3031126856803894,-0.24694731831550598,0.9987275004386902,0.5439413785934448,0.3387303352355957,-0.0599202886223793,0.9991139769554138,0.5436839461326599,0.3379962742328644,-0.13826528191566467,0.999354362487793,0.4625433385372162,0.35879310965538025,0.20583386719226837,0.9996209144592285,0.4588112235069275,0.3616642653942108,-0.38264697790145874,0.9999077320098877,0.43740543723106384,0.4635637700557709,0.2651692032814026,0.12187875807285309,0.4528331756591797,0.4837091863155365,-0.47462600469589233,0.9776038527488708,0.47883930802345276,0.5707072019577026,0.14351078867912292,0.16109006106853485,0.4872225224971771,0.5849807858467102,-0.4151633381843567,0.9493312239646912,0.4908381998538971,0.5898874998092651,0.14558470249176025,0.1631995290517807,0.494825541973114,0.605853796005249,-0.47352367639541626,0.917707622051239,0.4969947934150696,0.593425452709198,0.09048111736774445,0.16794833540916443,0.5032540559768677,0.6131448149681091,-0.4451006054878235,0.9131423830986023,0.4922356605529785,0.5894706845283508,0.11429077386856079,0.17504079639911652,0.5116814374923706,0.5974738001823425,-0.40414994955062866,0.8693093061447144,0.3397660553455353,0.5477859377861023,0.18114535510540009,0.9993155598640442,0.3140726089477539,0.5495340824127197,-0.18064308166503906,0.9997617602348328,0.3623672127723694,0.6966420412063599,0.1394716054201126,0.31205081939697266,0.3450089991092682,0.7126579880714417,-0.2761040925979614,0.9524592757225037,0.3633137345314026,0.8667866587638855,0.27064067125320435,0.527320146560669,0.34852689504623413,0.9039756059646606,-0.194326251745224,0.9666368365287781,0.35358548164367676,0.8862784504890442,0.2770736813545227,0.6540611386299133,0.32843637466430664,0.9328556060791016,-0.19323952496051788,0.9410593509674072,0.43746042251586914,0.8976729512214661,0.18839161098003387,0.6988180875778198,0.41878873109817505,0.9418932199478149,-0.3318280279636383,0.9587172269821167
94,0.5661883354187012,0.3321201205253601,-0.1242663711309433,0.9993444681167603,0.5665733814239502,0.31301432847976685,-0.10498736798763275,0.9991945028305054,0.5646128058433533,0.3112430274486542,-0.10507860034704208,0.9990851879119873,0.5623753070831299,0.30955401062965393,-0.10517604649066925,0.9993115663528442,0.5657272934913635,0.31295639276504517,-0.16478446125984192,0.9991050362586975,0.5632317662239075,0.3111192584037781,-0.16493630409240723,0.9989494681358337,0.5604327917098999,0.3091776967048645,-0.1649685949087143,0.9992151856422424,0.53843092918396,0.3010532259941101,0.0074518099427223206,0.9981123208999634,0.5342651605606079,0.2992660701274872,-0.2584358751773834,0.9987282752990723,0.548862636089325,0.3390862047672272,-0.07467465102672577,0.999112069606781,0.5479089617729187,0.33836060762405396,-0.15252068638801575,0.9993517994880676,0.46820053458213806,0.35446083545684814,0.19417624175548553,0.9996159672737122,0.46114882826805115,0.35750797390937805,-0.39242467284202576,0.9999066591262817,0.43896618485450745,0.4640462398529053,0.2636500895023346,0.12261822819709778,0.4528575837612152,0.4854494631290436,-0.4790803790092468,0.9775066375732422,0.47920599579811096,0.5727332234382629,0.15410223603248596,0.16159141063690186,0.5036868453025818,0.598229169845581,-0.419117271900177,0.9494690299034119,0.4896485209465027,0.5925527215003967,0.15574917197227478,0.1636676788330078,0.5034626126289368,0.6136572360992432,-0.4789906144142151,0.9180601835250854,0.4960131049156189,0.5961054563522339,0.0983658954501152,0.16842427849769592,0.5070017576217651,0.6166459321975708,-0.44988512992858887,0.9135074019432068,0.49171265959739685,0.5920130014419556,0.12394571304321289,0.17562328279018402,0.5091223120689392,0.608198881149292,-0.40803322196006775,0.8698887228965759,0.3421064615249634,0.5459664463996887,0.1799645572900772,0.9993079304695129,0.31418782472610474,0.5482116937637329,-0.17951200902462006,0.9997599124908447,0.3591480851173401,0.6980398893356323,0.16238000988960266,0.3122904300689697,0.3439881205558777,0.7133268713951111,-0.23331066966056824,0.9521703124046326,0.36692774295806885,0.8647007942199707,0.30921927094459534,0.5267959237098694,0.34575313329696655,0.9053084254264832,-0.12997186183929443,0.9665675759315491,0.3569481372833252,0.8877161145210266,0.3174747824668884,0.6533406376838684,0.3244590759277344,0.9341562986373901,-0.12635651230812073,0.9410916566848755,0.4373069703578949,0.8944346308708191,0.23250536620616913,0.6982640027999878,0.41882768273353577,0.9464484453201294,-0.25661736726760864,0.9585618376731873
95,0.5617275834083557,0.3291277289390564,-0.11510054022073746,0.9993377923965454,0.5631935000419617,0.3114784359931946,-0.09438259154558182,0.9991883635520935,0.5613244771957397,0.30985280871391296,-0.09445755928754807,0.9990766644477844,0.55916827917099,0.3082524836063385,-0.09453407675027847,0.9993037581443787,0.5626632571220398,0.311564564704895,-0.1567022055387497,0.9991019368171692,0.560480535030365,0.309979110956192,-0.1568666398525238,0.9989466071128845,0.5580390691757202,0.3082415759563446,-0.15692105889320374,0.999213457107544,0.5352462530136108,0.29925447702407837,0.02200753055512905,0.9980974793434143,0.5326349139213562,0.29788675904273987,-0.2547912001609802,0.9987351298332214,0.5447369813919067,0.33566632866859436,-0.06410098820924759,0.9991002082824707,0.5443945527076721,0.33481985330581665,-0.14510251581668854,0.9993465542793274,0.4633401930332184,0.35294026136398315,0.21450760960578918,0.9996030926704407,0.4591171145439148,0.35415345430374146,-0.3981477916240692,0.9999061226844788,0.4368441700935364,0.4621482789516449,0.28769221901893616,0.12081726640462875,0.4418652653694153,0.48297420144081116,-0.4908321499824524,0.9777402281761169,0.47761863470077515,0.5602084398269653,0.18369759619235992,0.15953566133975983,0.4860329031944275,0.5890511870384216,-0.42222994565963745,0.9498564004898071,0.4892074167728424,0.5782766938209534,0.1881193220615387,0.16158810257911682,0.4964165687561035,0.6062535047531128,-0.48134297132492065,0.9185616970062256,0.4965609610080719,0.582512617111206,0.13115862011909485,0.16627494990825653,0.5050599575042725,0.612378716468811,-0.45085009932518005,0.9139736294746399,0.4919334352016449,0.5788977146148682,0.15350070595741272,0.17367896437644958,0.5007970929145813,0.6042971014976501,-0.4099619388580322,0.8706419467926025,0.34550291299819946,0.5496336817741394,0.1858438402414322,0.9992882609367371,0.3177218437194824,0.5489065051078796,-0.18537892401218414,0.9997555613517761,0.36045801639556885,0.6952370405197144,0.1723458617925644,0.31087782979011536,0.3465159237384796,0.7101973295211792,-0.23322740197181702,0.9511521458625793,0.3671204447746277,0.8570417165756226,0.3170829117298126,0.5237070322036743,0.34699469804763794,0.9014970064163208,-0.13525500893592834,0.965948760509491,0.35428252816200256,0.8854778409004211,0.32508689165115356,0.6510448455810547,0.3208947479724884,0.93798828125,-0.1324746310710907,0.9402493834495544,0.43671947717666626,0.8976801037788391,0.24437017738819122,0.6950998902320862,0.41830381751060486,0.9636667966842651,-0.2634600102901459,0.9577336311340332
96,0.5612045526504517,0.32909491658210754,-0.13399212062358856,0.9993438720703125,0.5632784366607666,0.3110930919647217,-0.11327908933162689,0.9991904497146606,0.5615896582603455,0.30949974060058594,-0.11333958804607391,0.9990789890289307,0.5594578385353088,0.30774933099746704,-0.11339323222637177,0.9993047714233398,0.5628834962844849,0.3111931085586548,-0.17570610344409943,0.9991077184677124,0.5609361529350281,0.30960381031036377,-0.17587347328662872,0.9989542961120605,0.5584946870803833,0.3076106309890747,-0.17591944336891174,0.9992193579673767,0.5339890718460083,0.29672080278396606,0.0023086315486580133,0.99808669090271,0.530810534954071,0.29491573572158813,-0.2753905653953552,0.998748242855072,0.5455005764961243,0.3362216651439667,-0.08337943255901337,0.9991047382354736,0.5441497564315796,0.33485978841781616,-0.16458255052566528,0.9993556141853333,0.4622688889503479,0.3511177599430084,0.196396604180336,0.9996071457862854,0.4583393931388855,0.35469257831573486,-0.4138837456703186,0.9999091625213623,0.4362838864326477,0.4620131850242615,0.26374077796936035,0.12181923538446426,0.4504399299621582,0.4812270998954773,-0.5040634870529175,0.978403627872467,0.4818701148033142,0.5672450065612793,0.1432129591703415,0.1618676632642746,0.48894524574279785,0.5887749791145325,-0.4458908438682556,0.9513698816299438,0.4938770830631256,0.586746871471405,0.1425972282886505,0.16348998248577118,0.49611419439315796,0.6108947396278381,-0.5091352462768555,0.9205977320671082,0.5006510019302368,0.5903471112251282,0.08490381389856339,0.16821789741516113,0.5064592957496643,0.6121890544891357,-0.4806579649448395,0.9161174297332764,0.4959436357021332,0.5862535238265991,0.11227111518383026,0.17557252943515778,0.5029717683792114,0.604759931564331,-0.43501734733581543,0.873528778553009,0.3496069610118866,0.5492202043533325,0.18935436010360718,0.9992920756340027,0.3191993236541748,0.5505234599113464,-0.1888999342918396,0.9997602701187134,0.3655189275741577,0.6938968896865845,0.21618154644966125,0.30604317784309387,0.3431529402732849,0.7181106805801392,-0.22607013583183289,0.950432300567627,0.36736735701560974,0.8607913255691528,0.3765023946762085,0.5194376111030579,0.3472793996334076,0.907910168170929,-0.11840714514255524,0.9654322862625122,0.3591465353965759,0.8832070231437683,0.38548243045806885,0.6482407450675964,0.3244134485721588,0.9365731477737427,-0.11473081260919571,0.9394996762275696,0.44361060857772827,0.8920543789863586,0.3039548099040985,0.6915863156318665,0.4294276237487793,0.9650653600692749,-0.24531714618206024,0.9571446180343628
97,0.5589033365249634,0.3331754803657532,-0.13159899413585663,0.9993544220924377,0.5616642832756042,0.3157067894935608,-0.110695019364357,0.9992007613182068,0.5601033568382263,0.3141423165798187,-0.11073126643896103,0.9990919828414917,0.5581495761871338,0.3126179575920105,-0.11076686531305313,0.9993152022361755,0.5609341859817505,0.31588029861450195,-0.17300161719322205,0.9991281628608704,0.5588908791542053,0.3144376277923584,-0.17318014800548553,0.9989813566207886,0.5558553338050842,0.31241077184677124,-0.17321327328681946,0.9992402791976929,0.5336785912513733,0.30345726013183594,0.0015862457221373916,0.9981101751327515,0.5302842855453491,0.3029651939868927,-0.27519503235816956,0.9987884163856506,0.5444124341011047,0.34052953124046326,-0.0824686735868454,0.999119222164154,0.5433295965194702,0.3395833969116211,-0.1635710597038269,0.9993677735328674,0.46110934019088745,0.34673863649368286,0.1893119215965271,0.9996150135993958,0.45630207657814026,0.36190712451934814,-0.40573447942733765,0.999913215637207,0.439680814743042,0.4579795002937317,0.2741440236568451,0.12248098850250244,0.44392451643943787,0.4843088984489441,-0.48759403824806213,0.9789148569107056,0.4818308353424072,0.5517440438270569,0.176115483045578,0.162053644657135,0.48957738280296326,0.5881536602973938,-0.42040595412254333,0.9523971080780029,0.49365124106407166,0.5678909420967102,0.1795274317264557,0.16317793726921082,0.4973548352718353,0.609908938407898,-0.48125821352005005,0.9219210147857666,0.5009786486625671,0.571780800819397,0.12270595133304596,0.16791175305843353,0.5026412010192871,0.6127133369445801,-0.45413321256637573,0.9175204634666443,0.4966554045677185,0.5688936114311218,0.14648005366325378,0.17544043064117432,0.5043702125549316,0.6031243205070496,-0.40982586145401,0.8752534985542297,0.3457298278808594,0.5460276007652283,0.18526066839694977,0.9993012547492981,0.3199046850204468,0.5516337156295776,-0.18481920659542084,0.9997655153274536,0.3622457683086395,0.6878952980041504,0.20261457562446594,0.3023892939090729,0.34611326456069946,0.7166470289230347,-0.19224640727043152,0.9499456882476807,0.3686027526855469,0.8561851382255554,0.3441825211048126,0.5161297917366028,0.3506837785243988,0.9139288663864136,-0.0899987444281578,0.9646502733230591,0.35609397292137146,0.8858773112297058,0.35092347860336304,0.644558310508728,0.32325831055641174,0.9420021176338196,-0.08672956377267838,0.9385990500450134,0.444690078496933,0.8867247700691223,0.26685959100723267,0.6886419057846069,0.41945987939834595,0.9425996541976929,-0.20895516872406006,0.9563106298446655
98,0.5625315308570862,0.3272829055786133,-0.11812810599803925,0.9993547797203064,0.5637860298156738,0.30999234318733215,-0.09784316271543503,0.9991950988769531,0.562030017375946,0.3083511292934418,-0.0979032963514328,0.9990871548652649,0.5597625374794006,0.30650997161865234,-0.09795759618282318,0.9993101954460144,0.5632286667823792,0.31010502576828003,-0.16130989789962769,0.9991273880004883,0.5611110925674438,0.308519184589386,-0.161478191614151,0.9989831447601318,0.5584589242935181,0.3065411448478699,-0.16152256727218628,0.9992416501045227,0.5341374278068542,0.2959679961204529,0.01394618023186922,0.9980959892272949,0.5316720604896545,0.295146644115448,-0.2682717442512512,0.9987979531288147,0.5466506481170654,0.33456653356552124,-0.06872306764125824,0.9991183280944824,0.546191930770874,0.33356860280036926,-0.1513402760028839,0.9993695020675659,0.461331844329834,0.34768247604370117,0.2045774906873703,0.9996150732040405,0.4609949588775635,0.3571222424507141,-0.40881767868995667,0.9999150633811951,0.437669038772583,0.4593867361545563,0.28187769651412964,0.12249784916639328,0.45052653551101685,0.4878193736076355,-0.49351948499679565,0.9793675541877747,0.478900671005249,0.5628677606582642,0.17460353672504425,0.16167698800563812,0.4902825355529785,0.5896688103675842,-0.4263201355934143,0.9533703327178955,0.48964864015579224,0.5817893743515015,0.177680104970932,0.16244922578334808,0.496887743473053,0.610630452632904,-0.48902732133865356,0.9231635332107544,0.49647846817970276,0.585600733757019,0.11861322075128555,0.16717033088207245,0.5020197033882141,0.6131435036659241,-0.4609648585319519,0.9188323616981506,0.4925161302089691,0.581964373588562,0.1436218023300171,0.17482681572437286,0.5042843818664551,0.6041136980056763,-0.4156278669834137,0.8769623041152954,0.3445042073726654,0.5427769422531128,0.18895265460014343,0.9992998242378235,0.3195703625679016,0.5490886569023132,-0.18847769498825073,0.9997668862342834,0.36383262276649475,0.6882825493812561,0.1904696375131607,0.29977670311927795,0.3462742567062378,0.7158631086349487,-0.22256818413734436,0.9493204355239868,0.3712952435016632,0.8609017133712769,0.32928556203842163,0.5147259831428528,0.3474072515964508,0.906402587890625,-0.1217622309923172,0.964170515537262,0.3604944944381714,0.8859394192695618,0.3361896872520447,0.6430582404136658,0.32810792326927185,0.9360920786857605,-0.11888371407985687,0.9379345774650574,0.44606488943099976,0.8915748596191406,0.25062769651412964,0.687057614326477,0.4296765923500061,0.9628111720085144,-0.2483365833759308,0.955665647983551
99,0.5617345571517944,0.3305226266384125,-0.12458503246307373,0.9993688464164734,0.5636128783226013,0.31352540850639343,-0.10418426990509033,0.9992117285728455,0.5619699954986572,0.3119291663169861,-0.10424771159887314,0.9991058111190796,0.559902012348175,0.3101405203342438,-0.10429809242486954,0.999324381351471,0.56308913230896,0.313734769821167,-0.16696879267692566,0.9991466999053955,0.5611571669578552,0.3123028576374054,-0.16713595390319824,0.9990053772926331,0.5588411688804626,0.3105285167694092,-0.16717739403247833,0.9992587566375732,0.5344661474227905,0.30061662197113037,0.009407367557287216,0.9981291890144348,0.5322609543800354,0.30036282539367676,-0.2699492573738098,0.9988270998001099,0.5458413362503052,0.33806663751602173,-0.07458855211734772,0.9991340041160583,0.5450683236122131,0.3367466330528259,-0.15631601214408875,0.9993829727172852,0.4596133232116699,0.3515926003456116,0.2005763053894043,0.9996206164360046,0.46083420515060425,0.3579380512237549,-0.40951475501060486,0.9999173879623413,0.43769949674606323,0.4593353867530823,0.27426815032958984,0.12224511802196503,0.45003849267959595,0.4863162040710449,-0.49232882261276245,0.9798732399940491,0.47574105858802795,0.5627456903457642,0.1637539118528366,0.16146503388881683,0.49163851141929626,0.5860898494720459,-0.42231956124305725,0.9542949795722961,0.48677754402160645,0.5814008116722107,0.16507092118263245,0.16206087172031403,0.5017101764678955,0.6104086637496948,-0.4834502339363098,0.9243147969245911,0.4940096437931061,0.5852823853492737,0.10787614434957504,0.16673779487609863,0.5093790888786316,0.6083181500434875,-0.45531564950942993,0.9200443625450134,0.4898563027381897,0.5815640687942505,0.13344188034534454,0.17441624402999878,0.5060515999794006,0.6007331609725952,-0.41134873032569885,0.8786163330078125,0.34409216046333313,0.5449672937393188,0.18906256556510925,0.9993083477020264,0.31818056106567383,0.5502468347549438,-0.18857690691947937,0.9997714757919312,0.36837923526763916,0.6933330297470093,0.2059449404478073,0.2988320291042328,0.3455069661140442,0.7170859575271606,-0.222929447889328,0.9493167400360107,0.36817747354507446,0.8614670634269714,0.3569124639034271,0.5155971050262451,0.3493359386920929,0.9069232940673828,-0.11430083215236664,0.9641861915588379,0.3577880561351776,0.8858176469802856,0.3649989664554596,0.643908679485321,0.32978031039237976,0.936722457408905,-0.11026091873645782,0.9378994107246399,0.4454263746738434,0.8921135067939758,0.2810317575931549,0.6877630352973938,0.4309445917606354,0.9676268696784973,-0.239190012216568,0.9556909203529358
100,0.5609865784645081,0.3258949816226959,-0.13080069422721863,0.9993734955787659,0.5622414946556091,0.30816543102264404,-0.1113639622926712,0.9992130994796753,0.5605410933494568,0.3066137433052063,-0.11142048984766006,0.9991084337234497,0.5584046840667725,0.3049688935279846,-0.11146371066570282,0.9993265271186829,0.5616785883903503,0.30843642354011536,-0.17459405958652496,0.9991500377655029,0.5596068501472473,0.30703699588775635,-0.1747617870569229,0.9990096092224121,0.5570822954177856,0.30535703897476196,-0.17479625344276428,0.9992620944976807,0.5332049131393433,0.2950342893600464,-0.00030559764127247036,0.9981187582015991,0.5305761694908142,0.2947366237640381,-0.2811707854270935,0.9988315105438232,0.5455767512321472,0.3338302969932556,-0.0813966915011406,0.9991306662559509,0.5449978113174438,0.3329477906227112,-0.16361944377422333,0.999382734298706,0.45986977219581604,0.34751805663108826,0.19348832964897156,0.9996237754821777,0.4606142044067383,0.3586360514163971,-0.41763249039649963,0.9999192357063293,0.43637794256210327,0.46033573150634766,0.27058881521224976,0.12235473841428757,0.449507474899292,0.4880150258541107,-0.49772852659225464,0.9802212119102478,0.47212567925453186,0.5630228519439697,0.15989208221435547,0.16213549673557281,0.4896165430545807,0.5878630876541138,-0.4300568103790283,0.9552592039108276,0.4836571216583252,0.5812116265296936,0.1616477072238922,0.16238060593605042,0.4964753985404968,0.6093161106109619,-0.4938380718231201,0.9256449341773987,0.4911445081233978,0.5853530764579773,0.10254361480474472,0.16707178950309753,0.5044049024581909,0.6077605485916138,-0.46534889936447144,0.9214431643486023,0.4871174395084381,0.5820469856262207,0.1287958174943924,0.17479591071605682,0.5033189058303833,0.6022768020629883,-0.4192625880241394,0.8803281188011169,0.3431291878223419,0.5452487468719482,0.18898987770080566,0.9993045330047607,0.32084935903549194,0.5529242753982544,-0.1885317862033844,0.9997720718383789,0.35776033997535706,0.6968878507614136,0.2234049141407013,0.2945989966392517,0.3455057740211487,0.7185765504837036,-0.19686929881572723,0.947966456413269,0.3699328303337097,0.8614331483840942,0.38273659348487854,0.5133225917816162,0.3515320420265198,0.902187705039978,-0.07659696787595749,0.9632686376571655,0.35810112953186035,0.8897814750671387,0.39149418473243713,0.6416689157485962,0.32800883054733276,0.9393728375434875,-0.07204784452915192,0.9366874098777771,0.44175711274147034,0.8890702128410339,0.3088349997997284,0.6857839226722717,0.4318786561489105,0.9593456387519836,-0.19914071261882782,0.954653263092041
101,0.561049222946167,0.32834070920944214,-0.13852140307426453,0.9993479251861572,0.5626740455627441,0.3102007210254669,-0.11864958703517914,0.9991660118103027,0.5610848665237427,0.3086927831172943,-0.11870604753494263,0.9990551471710205,0.5586932897567749,0.30673906207084656,-0.11876567453145981,0.9992852807044983,0.5618299841880798,0.31032469868659973,-0.1808348000049591,0.9991045594215393,0.5596531629562378,0.3088546693325043,-0.181009441614151,0.9989596605300903,0.5565148591995239,0.3066326379776001,-0.18105670809745789,0.9992247223854065,0.535688042640686,0.29870909452438354,-0.007900869473814964,0.9979658722877502,0.530831515789032,0.2986834645271301,-0.284071683883667,0.9987658262252808,0.5462060570716858,0.3370138108730316,-0.08978293091058731,0.9990959763526917,0.5450164079666138,0.33582526445388794,-0.17061841487884521,0.99936443567276,0.4641541540622711,0.34770506620407104,0.18558074533939362,0.9996252059936523,0.45715847611427307,0.3567766547203064,-0.4172435700893402,0.9999206066131592,0.4398038387298584,0.4595537781715393,0.26076558232307434,0.12406839430332184,0.44119495153427124,0.48240727186203003,-0.49856823682785034,0.9803699254989624,0.48550957441329956,0.5634145140647888,0.1392849087715149,0.16690322756767273,0.48307308554649353,0.5837211608886719,-0.4362545609474182,0.956177830696106,0.4985790252685547,0.5805199146270752,0.13860945403575897,0.16668778657913208,0.4899403154850006,0.6064368486404419,-0.49818238615989685,0.9269030690193176,0.505452573299408,0.5834776163101196,0.08174233883619308,0.17156870663166046,0.494545042514801,0.6099436283111572,-0.4746495187282562,0.9227640628814697,0.5003389716148376,0.5803840160369873,0.10872986167669296,0.1790313571691513,0.49631524085998535,0.6001331806182861,-0.42732375860214233,0.8817225098609924,0.35334187746047974,0.5473973751068115,0.19014094769954681,0.9992971420288086,0.31887054443359375,0.5513027310371399,-0.18972589075565338,0.9997708797454834,0.3644542396068573,0.6885667443275452,0.2463012933731079,0.2900512218475342,0.34580087661743164,0.7167956829071045,-0.2016739845275879,0.9477009177207947,0.3672386109828949,0.8565308451652527,0.4115753173828125,0.5108751058578491,0.3522283434867859,0.9100130200386047,-0.08608879148960114,0.9628074169158936,0.35501793026924133,0.8799352645874023,0.42055636644363403,0.6397289037704468,0.3296516537666321,0.9357178807258606,-0.0820043608546257,0.9358006119728088,0.44379955530166626,0.8882619738578796,0.34093645215034485,0.683937132358551,0.4213324189186096,0.9484225511550903,-0.2092425525188446,0.9541319608688354
102,0.5601418018341064,0.3276199400424957,-0.12232466042041779,0.9993523955345154,0.5615614652633667,0.3104334771633148,-0.10301301628351212,0.9991679787635803,0.5597883462905884,0.30874642729759216,-0.10307510197162628,0.9990585446357727,0.5577043890953064,0.30702269077301025,-0.10313330590724945,0.9992880821228027,0.5610947608947754,0.31094029545783997,-0.1646597683429718,0.9991046190261841,0.5590320825576782,0.3095698952674866,-0.16481100022792816,0.9989591836929321,0.5566855072975159,0.3079488277435303,-0.16484305262565613,0.9992234110832214,0.5332373976707458,0.2988812327384949,0.006072201766073704,0.9979746341705322,0.530995786190033,0.2988148033618927,-0.2679796516895294,0.9987673759460449,0.542768120765686,0.33483177423477173,-0.074040487408638,0.9990978837013245,0.54276043176651,0.334199994802475,-0.1543184220790863,0.9993641972541809,0.4610690176486969,0.3469921052455902,0.19686457514762878,0.999626100063324,0.46228423714637756,0.35699450969696045,-0.40152639150619507,0.9999212622642517,0.43974557518959045,0.46146172285079956,0.26957082748413086,0.1255275309085846,0.44414860010147095,0.4824748933315277,-0.4799136519432068,0.9807105660438538,0.4816334843635559,0.5683774352073669,0.15606555342674255,0.16895289719104767,0.48486071825027466,0.5860039591789246,-0.4117768704891205,0.9569522738456726,0.4947086274623871,0.587173581123352,0.15893866121768951,0.16824360191822052,0.49161863327026367,0.6080047488212585,-0.47212377190589905,0.9279136061668396,0.5013518929481506,0.5910394191741943,0.10095908492803574,0.1731635332107544,0.4994717240333557,0.6136223077774048,-0.4451739192008972,0.9238318204879761,0.4964127540588379,0.5871075391769409,0.12554797530174255,0.18065720796585083,0.4974089562892914,0.6015149354934692,-0.4013198912143707,0.883274257183075,0.3441752791404724,0.543228268623352,0.18432584404945374,0.9992762804031372,0.3212892413139343,0.5513667464256287,-0.18386337161064148,0.9997643828392029,0.36152979731559753,0.6869346499443054,0.19851329922676086,0.2873091995716095,0.34563148021698,0.7149689197540283,-0.21124577522277832,0.9465329051017761,0.3703213334083557,0.8622686266899109,0.3384551405906677,0.5083925724029541,0.34862855076789856,0.9048851132392883,-0.10823944956064224,0.9619371294975281,0.35728219151496887,0.8879492878913879,0.34527990221977234,0.6369772553443909,0.3286133408546448,0.9353540539741516,-0.10531649738550186,0.934647262096405,0.44072404503822327,0.8894915580749512,0.2615480124950409,0.6816480159759521,0.42285770177841187,0.9605965614318848,-0.23239679634571075,0.9531990885734558
103,0.5616786479949951,0.32806292176246643,-0.11804976314306259,0.9993623495101929,0.5634217858314514,0.31142544746398926,-0.09744127094745636,0.9991728663444519,0.561113715171814,0.3093714416027069,-0.09748871624469757,0.9990641474723816,0.558898389339447,0.3076058626174927,-0.09753549098968506,0.99929279088974,0.5630932450294495,0.31166547536849976,-0.1604442000389099,0.999110221862793,0.5605652928352356,0.3097357749938965,-0.16061052680015564,0.9989664554595947,0.5581163167953491,0.3078782558441162,-0.1606578230857849,0.9992293119430542,0.5347377061843872,0.29786595702171326,0.01395465899258852,0.9979726076126099,0.5322781801223755,0.2966555058956146,-0.2662018835544586,0.9987776875495911,0.5459533929824829,0.3358694314956665,-0.06918251514434814,0.9991059899330139,0.5457824468612671,0.3348219096660614,-0.15120436251163483,0.9993689060211182,0.46084505319595337,0.3482503294944763,0.2047160565853119,0.9996297359466553,0.46013718843460083,0.3528485596179962,-0.4041740894317627,0.9999222159385681,0.43747028708457947,0.4602333605289459,0.2703777551651001,0.12736374139785767,0.44531187415122986,0.4749600887298584,-0.49437156319618225,0.9811819195747375,0.48639553785324097,0.5664705038070679,0.14593301713466644,0.1723058968782425,0.48299145698547363,0.5831682682037354,-0.43390727043151855,0.9581246376037598,0.49917706847190857,0.5853956341743469,0.1470201313495636,0.17111079394817352,0.48942121863365173,0.6047307252883911,-0.4964471459388733,0.9295024275779724,0.5053658485412598,0.5887251496315002,0.08912395685911179,0.1760922521352768,0.4985121190547943,0.6118084192276001,-0.46850961446762085,0.9254966974258423,0.5005054473876953,0.5845797657966614,0.11490907520055771,0.18348628282546997,0.49636754393577576,0.5995110869407654,-0.4233051836490631,0.885612964630127,0.3452855348587036,0.5441206693649292,0.18721799552440643,0.9992830157279968,0.3198843002319336,0.548766016960144,-0.18674924969673157,0.9997642040252686,0.36378568410873413,0.6872082948684692,0.1817696988582611,0.28804096579551697,0.3460639417171478,0.7142821550369263,-0.2215215265750885,0.9460157155990601,0.37139737606048584,0.8639790415763855,0.3055899441242218,0.5120656490325928,0.3494051396846771,0.9042338132858276,-0.12115762382745743,0.9615018963813782,0.3534527122974396,0.8909395933151245,0.3103097081184387,0.6386070847511292,0.32883140444755554,0.9353277087211609,-0.11884484440088272,0.9338891506195068,0.44020405411720276,0.8888314366340637,0.21671438217163086,0.6846157908439636,0.4186226725578308,0.9458940625190735,-0.25028958916664124,0.9529212713241577
104,0.5601230263710022,0.3286328911781311,-0.10961394011974335,0.9993592500686646,0.5622483491897583,0.31216973066329956,-0.08924106508493423,0.9991681575775146,0.5605984330177307,0.3106175661087036,-0.08930438756942749,0.9990596771240234,0.5584845542907715,0.30886751413345337,-0.08936633169651031,0.9992895126342773,0.5613945722579956,0.3121289610862732,-0.15082786977291107,0.9990999102592468,0.5591697096824646,0.31051090359687805,-0.1509900987148285,0.9989538192749023,0.5565090179443359,0.30852121114730835,-0.15103989839553833,0.9992202520370483,0.5337141156196594,0.2980148494243622,0.02291865274310112,0.9979572296142578,0.5297277569770813,0.29626765847206116,-0.25114113092422485,0.9987679123878479,0.5433846712112427,0.3355371356010437,-0.06035541370511055,0.9990994930267334,0.5427512526512146,0.334201842546463,-0.14052040874958038,0.9993596076965332,0.4631957411766052,0.35111144185066223,0.20971961319446564,0.9996263384819031,0.45753389596939087,0.35006147623062134,-0.3889302611351013,0.9999202489852905,0.4375994801521301,0.4621291756629944,0.2708861529827118,0.12843097746372223,0.44165492057800293,0.4783793091773987,-0.4808380603790283,0.9812366962432861,0.47917667031288147,0.5644920468330383,0.14969681203365326,0.172580286860466,0.48307672142982483,0.5812891125679016,-0.41721969842910767,0.9579588770866394,0.49069780111312866,0.5851327776908875,0.1510741263628006,0.17108717560768127,0.4893317222595215,0.6018577814102173,-0.47636884450912476,0.9290738701820374,0.4970199167728424,0.5881949663162231,0.09593029320240021,0.1759963035583496,0.5010771155357361,0.6044406890869141,-0.44828540086746216,0.9250695705413818,0.4923912584781647,0.5831643342971802,0.11999610811471939,0.18336011469364166,0.4962468147277832,0.5962485671043396,-0.4060903489589691,0.8853816390037537,0.3460739254951477,0.5446094870567322,0.18146437406539917,0.9992773532867432,0.3185805678367615,0.5472866296768188,-0.1809723675251007,0.9997572302818298,0.36388009786605835,0.6892364025115967,0.14958111941814423,0.29009705781936646,0.3447147011756897,0.7143020629882812,-0.24247002601623535,0.9447489380836487,0.37080544233322144,0.864532470703125,0.25432366132736206,0.5141383409500122,0.3472825586795807,0.904953122138977,-0.15307530760765076,0.9604472517967224,0.35627132654190063,0.8924264907836914,0.2573230266571045,0.6391652226448059,0.327103853225708,0.9353763461112976,-0.1513870805501938,0.9325781464576721,0.44435596466064453,0.8927016258239746,0.16006460785865784,0.68574059009552,0.42588934302330017,0.9625358581542969,-0.2854408919811249,0.9520376324653625
105,0.5590487122535706,0.3312462866306305,-0.10578104108572006,0.9993700981140137,0.5620367527008057,0.314235657453537,-0.08457262814044952,0.9991831183433533,0.5599864721298218,0.31238850951194763,-0.08461236208677292,0.9990780353546143,0.5579003095626831,0.3105868697166443,-0.08464465290307999,0.9993026852607727,0.561565637588501,0.3141883909702301,-0.1480512171983719,0.9991155862808228,0.5592061281204224,0.31228402256965637,-0.14821767807006836,0.9989723563194275,0.5567830204963684,0.31025460362434387,-0.14826171100139618,0.9992329478263855,0.5326371788978577,0.30032968521118164,0.02869282104074955,0.9979897141456604,0.5296434164047241,0.298648864030838,-0.25363653898239136,0.9987940192222595,0.5436515212059021,0.3379523754119873,-0.055954646319150925,0.9991072416305542,0.5434755682945251,0.33667904138565063,-0.13859747350215912,0.999363124370575,0.4599629044532776,0.3498322367668152,0.21694894134998322,0.9996289610862732,0.4610091745853424,0.35342687368392944,-0.3943943381309509,0.9999210834503174,0.4352114796638489,0.4609091281890869,0.283119261264801,0.1273420751094818,0.448913037776947,0.48367542028427124,-0.4887004792690277,0.9814803600311279,0.47450923919677734,0.5625145435333252,0.1675173044204712,0.16992618143558502,0.4877610206604004,0.5845686793327332,-0.4214863181114197,0.9578362107276917,0.48556041717529297,0.5824233293533325,0.17157620191574097,0.16830390691757202,0.49416422843933105,0.6052682399749756,-0.4828763008117676,0.928666889667511,0.4921729564666748,0.5864102244377136,0.11470960080623627,0.17310979962348938,0.501947283744812,0.6039681434631348,-0.45208311080932617,0.9246425628662109,0.48824936151504517,0.5819021463394165,0.13752064108848572,0.18051759898662567,0.5007429718971252,0.5989903807640076,-0.4093681871891022,0.8849231004714966,0.3441844880580902,0.5454987287521362,0.1860441416501999,0.9992852210998535,0.32165345549583435,0.5487601161003113,-0.18552665412425995,0.9997581839561462,0.35870540142059326,0.6978761553764343,0.1618437021970749,0.2894674241542816,0.34581610560417175,0.7154030203819275,-0.2391863614320755,0.9429982304573059,0.36494016647338867,0.8698140382766724,0.276981920003891,0.5141100287437439,0.3485819697380066,0.9036712646484375,-0.14847294986248016,0.9592705368995667,0.3511727452278137,0.894662082195282,0.28085824847221375,0.6388063430786133,0.3276951313018799,0.9346590042114258,-0.14694294333457947,0.9313825368881226,0.43415093421936035,0.8969124555587769,0.18540701270103455,0.6862497925758362,0.4195466935634613,0.9445489645004272,-0.2798437476158142,0.9513046741485596
106,0.5613866448402405,0.32934141159057617,-0.10771425068378448,0.9993504881858826,0.5632050633430481,0.31216883659362793,-0.08681751787662506,0.9991572499275208,0.5616742372512817,0.3102261424064636,-0.08686542510986328,0.9990519285202026,0.5595455765724182,0.308460533618927,-0.08691467344760895,0.9992831945419312,0.5626147985458374,0.3123067319393158,-0.1495618224143982,0.9990882277488708,0.5605717897415161,0.31074845790863037,-0.14973211288452148,0.9989439249038696,0.5576074123382568,0.30857744812965393,-0.14977499842643738,0.9992114305496216,0.5347481369972229,0.3001976013183594,0.023947324603796005,0.9979260563850403,0.5312541723251343,0.2984170913696289,-0.25493234395980835,0.9987685084342957,0.5464516878128052,0.3374573886394501,-0.0591745600104332,0.9990905523300171,0.5460740923881531,0.3362353444099426,-0.14082273840904236,0.9993480443954468,0.46134915947914124,0.3492858111858368,0.2124161273241043,0.999630868434906,0.45774489641189575,0.355646014213562,-0.39354684948921204,0.9999215602874756,0.43728938698768616,0.4614645838737488,0.28734350204467773,0.12789121270179749,0.44138509035110474,0.4812620282173157,-0.479818731546402,0.9815107583999634,0.484447181224823,0.5670661926269531,0.1701420247554779,0.17009671032428741,0.48295944929122925,0.5817527770996094,-0.41079849004745483,0.9577174186706543,0.49662551283836365,0.5865198373794556,0.1732168048620224,0.16833840310573578,0.49013352394104004,0.6042431592941284,-0.47040170431137085,0.9283515810966492,0.5033937096595764,0.5890480875968933,0.11653747409582138,0.1732168048620224,0.49829691648483276,0.6107397079467773,-0.4435274004936218,0.9243363738059998,0.49873295426368713,0.5846283435821533,0.14006179571151733,0.1806740015745163,0.49570852518081665,0.5974211692810059,-0.400054395198822,0.8843986988067627,0.34572646021842957,0.5467844009399414,0.18661950528621674,0.9992735981941223,0.3203088641166687,0.5498070120811462,-0.18616768717765808,0.9997509121894836,0.36013486981391907,0.6975051760673523,0.18450608849525452,0.28574904799461365,0.346518874168396,0.7157763838768005,-0.21832804381847382,0.9417619705200195,0.36351075768470764,0.8659712076187134,0.29970818758010864,0.5096834897994995,0.3509020507335663,0.9048539996147156,-0.1279558390378952,0.9577215313911438,0.3524482846260071,0.8908901214599609,0.30351391434669495,0.635294497013092,0.33175140619277954,0.935200572013855,-0.12599031627178192,0.9297675490379333,0.4383585453033447,0.8956500291824341,0.21428558230400085,0.6822563409805298,0.4221978187561035,0.9458717107772827,-0.25042280554771423,0.9497880339622498
107,0.5589638948440552,0.32714375853538513,-0.11571566760540009,0.9993048310279846,0.5605638027191162,0.3102334141731262,-0.09587184339761734,0.9991018176078796,0.5589371919631958,0.30870193243026733,-0.09593294560909271,0.9989901185035706,0.5568622946739197,0.30701208114624023,-0.09600178897380829,0.9992386698722839,0.5595390796661377,0.3102591037750244,-0.15682432055473328,0.9990261197090149,0.5572213530540466,0.3087022006511688,-0.15698835253715515,0.9988724589347839,0.5545023679733276,0.30681073665618896,-0.15703143179416656,0.999158501625061,0.5314443111419678,0.2988618016242981,0.01511763222515583,0.9977972507476807,0.5276586413383484,0.2976437211036682,-0.2557007670402527,0.9986855387687683,0.5426067113876343,0.3341570496559143,-0.06693398952484131,0.9990344643592834,0.5417793989181519,0.3331470191478729,-0.1462363749742508,0.9993037581443787,0.46246442198753357,0.3512541651725769,0.20268218219280243,0.9996245503425598,0.4558168053627014,0.35730841755867004,-0.38736337423324585,0.9999197125434875,0.4403325021266937,0.46228402853012085,0.2717587947845459,0.12871699035167694,0.44335609674453735,0.4798123240470886,-0.4707880914211273,0.9812498688697815,0.48387962579727173,0.5635251402854919,0.15370872616767883,0.17154136300086975,0.4813782274723053,0.5808735489845276,-0.4087282121181488,0.9574042558670044,0.4958093762397766,0.5815515518188477,0.15502120554447174,0.1696072369813919,0.4877632260322571,0.6018601655960083,-0.4680890440940857,0.9280143976211548,0.5025988817214966,0.584068775177002,0.10009678453207016,0.17452400922775269,0.49952182173728943,0.6036854386329651,-0.44172826409339905,0.9239927530288696,0.49790269136428833,0.5803965330123901,0.12425209581851959,0.18196311593055725,0.4939356744289398,0.5954267978668213,-0.3984043598175049,0.8839937448501587,0.34679651260375977,0.5452909469604492,0.18021485209465027,0.9992554783821106,0.32170480489730835,0.5495758652687073,-0.17975910007953644,0.9997429251670837,0.36047977209091187,0.6980997920036316,0.18453852832317352,0.2830471694469452,0.34592771530151367,0.7164281606674194,-0.2076300084590912,0.9395182132720947,0.36712563037872314,0.8697552680969238,0.3057161569595337,0.5055714845657349,0.3480328917503357,0.9036867022514343,-0.11110323667526245,0.955926775932312,0.35422283411026,0.8937363624572754,0.3105792999267578,0.6319997310638428,0.3268256187438965,0.9345467686653137,-0.10865527391433716,0.9279785752296448,0.43330326676368713,0.8994159698486328,0.2239963561296463,0.6790348887443542,0.4177139699459076,0.9448702931404114,-0.2334575653076172,0.9480700492858887
108,0.5593716502189636,0.3273482918739319,-0.11969493329524994,0.9993319511413574,0.5614880919456482,0.30973508954048157,-0.10159888118505478,0.9991389513015747,0.5592954158782959,0.30780187249183655,-0.10165087878704071,0.9990315437316895,0.5571709871292114,0.3061109781265259,-0.10169460624456406,0.9992709755897522,0.5607669949531555,0.310092955827713,-0.16132202744483948,0.9990705847740173,0.5580722093582153,0.3083837330341339,-0.16149380803108215,0.9989239573478699,0.5554651021957397,0.3067283034324646,-0.16150996088981628,0.9991973638534546,0.5313553810119629,0.29555270075798035,0.0016648953314870596,0.997898519039154,0.5300004482269287,0.29870977997779846,-0.2637285590171814,0.9987450838088989,0.5431357622146606,0.3352526128292084,-0.07375042140483856,0.9990739226341248,0.5424889922142029,0.33453017473220825,-0.15156149864196777,0.9993346929550171,0.4593094289302826,0.3440335690975189,0.18230342864990234,0.999639630317688,0.4568796753883362,0.3598777651786804,-0.3900200426578522,0.9999240040779114,0.4386429190635681,0.45824170112609863,0.2702426314353943,0.1285095512866974,0.4532321095466614,0.4876783788204193,-0.4551068842411041,0.9813138842582703,0.4727463722229004,0.5509960651397705,0.1817828118801117,0.1703254133462906,0.49217262864112854,0.5843939781188965,-0.3809589445590973,0.9573792815208435,0.4831662178039551,0.5666087865829468,0.1852748543024063,0.16842666268348694,0.5000938177108765,0.6059050559997559,-0.4386511743068695,0.9280927777290344,0.49120625853538513,0.5702461004257202,0.12951096892356873,0.17328162491321564,0.507686972618103,0.6037163138389587,-0.41364774107933044,0.9240807294845581,0.48779359459877014,0.5678289532661438,0.15318168699741364,0.18064871430397034,0.5064154267311096,0.599393904209137,-0.37114137411117554,0.8839138746261597,0.34485936164855957,0.546714186668396,0.18036898970603943,0.9992749691009521,0.32190757989883423,0.5531752705574036,-0.17992770671844482,0.9997536540031433,0.36052781343460083,0.699203610420227,0.24101679027080536,0.28192996978759766,0.34334030747413635,0.7237192392349243,-0.17368827760219574,0.9403278231620789,0.3644280731678009,0.865526556968689,0.41166263818740845,0.5053428411483765,0.3497903645038605,0.9043025970458984,-0.053473155945539474,0.9566643834114075,0.3544887900352478,0.8898198008537292,0.4212105870246887,0.631462574005127,0.32167404890060425,0.9403306841850281,-0.048393022269010544,0.9290916323661804,0.4381643831729889,0.8975879549980164,0.34540215134620667,0.6793739199638367,0.41531047224998474,0.945820689201355,-0.16430246829986572,0.948885977268219
109,0.5592461824417114,0.32829251885414124,-0.11617600917816162,0.9993059039115906,0.5609744787216187,0.3110642731189728,-0.0951860100030899,0.99909508228302,0.5594064593315125,0.3096535801887512,-0.09523312747478485,0.9989832043647766,0.557349443435669,0.30820730328559875,-0.09529389441013336,0.9992345571517944,0.5599342584609985,0.3109704554080963,-0.1575879007577896,0.9990311861038208,0.5576667189598083,0.30946022272109985,-0.15776273608207703,0.9988836050033569,0.5549106001853943,0.30775126814842224,-0.1577962189912796,0.9991660714149475,0.5323035717010498,0.29998499155044556,0.01652214676141739,0.9977707862854004,0.5280224680900574,0.29833847284317017,-0.26080256700515747,0.9986904263496399,0.5443542003631592,0.33691996335983276,-0.06768819689750671,0.9990532994270325,0.5433204174041748,0.33565545082092285,-0.14881715178489685,0.9993213415145874,0.4627690315246582,0.3485407829284668,0.20501045882701874,0.9996424913406372,0.4518907964229584,0.3553268313407898,-0.3974387049674988,0.9999245405197144,0.44034916162490845,0.4603765606880188,0.2881081998348236,0.13097929954528809,0.44213539361953735,0.4817200303077698,-0.47921037673950195,0.9811804890632629,0.48674505949020386,0.5557750463485718,0.16836771368980408,0.1750493049621582,0.4832031726837158,0.5761657953262329,-0.40961456298828125,0.9572280049324036,0.49879321455955505,0.5735973119735718,0.1677769273519516,0.1728774607181549,0.4906380772590637,0.5989490151405334,-0.4679511487483978,0.9278668165206909,0.5058101415634155,0.5750527381896973,0.11394953727722168,0.1779114305973053,0.4974936842918396,0.5947476029396057,-0.4469429552555084,0.923896849155426,0.5009675621986389,0.5712913870811462,0.13907498121261597,0.18508371710777283,0.49524253606796265,0.5843005776405334,-0.40102618932724,0.8834360241889954,0.3530879318714142,0.5512142181396484,0.19086483120918274,0.9992676973342896,0.31864601373672485,0.5532679557800293,-0.19044765830039978,0.9997509717941284,0.3613132834434509,0.6980010271072388,0.23986513912677765,0.28097233176231384,0.3466450572013855,0.7190142869949341,-0.1996973305940628,0.9412450790405273,0.3692229688167572,0.8591161966323853,0.3951072096824646,0.5031105279922485,0.3532436192035675,0.9129776954650879,-0.09354991465806961,0.9569725394248962,0.3532988131046295,0.8848370313644409,0.402717649936676,0.6296793818473816,0.32774618268013,0.9360364079475403,-0.08992667496204376,0.9292024374008179,0.4456205368041992,0.8909143209457397,0.324079304933548,0.6769853234291077,0.41847747564315796,0.9444478154182434,-0.21233034133911133,0.9490872025489807
110,0.5576530694961548,0.3263266980648041,-0.12049814313650131,0.9992754459381104,0.5591655969619751,0.30894213914871216,-0.10019092261791229,0.9990627765655518,0.5575104355812073,0.3071843683719635,-0.10025902092456818,0.9989475607872009,0.5553923845291138,0.30521225929260254,-0.10033263266086578,0.9992077350616455,0.5583818554878235,0.3092959523200989,-0.16193346679210663,0.9989963173866272,0.5561555624008179,0.3077090084552765,-0.16209715604782104,0.99884432554245,0.5533847808837891,0.30561867356300354,-0.16212931275367737,0.9991354942321777,0.5312064290046692,0.2949160039424896,0.013187816366553307,0.9976962208747864,0.5275378227233887,0.2936941683292389,-0.2610623836517334,0.9986388683319092,0.5411121845245361,0.33306339383125305,-0.07085367292165756,0.9990200400352478,0.5401488542556763,0.332410991191864,-0.1511010080575943,0.9992960691452026,0.4621700346469879,0.34754499793052673,0.20180141925811768,0.9996342062950134,0.45432019233703613,0.3528378903865814,-0.3959429860115051,0.9999217987060547,0.43769484758377075,0.45973286032676697,0.28607040643692017,0.12984615564346313,0.44229260087013245,0.4806523323059082,-0.4719874858856201,0.9806713461875916,0.4661687910556793,0.5515753626823425,0.1815979778766632,0.17342562973499298,0.48394089937210083,0.5751893520355225,-0.3936482071876526,0.9560263752937317,0.4752749800682068,0.5693812370300293,0.18332983553409576,0.1715153008699417,0.4937860071659088,0.5926740169525146,-0.4510032534599304,0.9262767434120178,0.4824153482913971,0.5717344284057617,0.1293099820613861,0.17652809619903564,0.4973602294921875,0.5950011014938354,-0.42772483825683594,0.9222586750984192,0.47885650396347046,0.5681530833244324,0.152885302901268,0.1837930530309677,0.501995325088501,0.5823911428451538,-0.38402068614959717,0.881117582321167,0.3453563153743744,0.547073483467102,0.18593980371952057,0.9992526173591614,0.31884363293647766,0.5513619184494019,-0.18550339341163635,0.9997462034225464,0.3660716414451599,0.6922610998153687,0.22088074684143066,0.28023144602775574,0.3438275456428528,0.7159453630447388,-0.20648622512817383,0.9415156841278076,0.36613255739212036,0.85893315076828,0.37296536564826965,0.5015198588371277,0.3471558094024658,0.905292809009552,-0.09830939769744873,0.9570143222808838,0.3511761426925659,0.8841549754142761,0.38086584210395813,0.6279690265655518,0.3273737132549286,0.9380446672439575,-0.09430371969938278,0.9290369749069214,0.442861407995224,0.8913682699203491,0.30215492844581604,0.674714207649231,0.4215637743473053,0.9494020342826843,-0.21780283749103546,0.948829174041748
111,0.5575286149978638,0.328943133354187,-0.11773081868886948,0.9992552399635315,0.5599318742752075,0.31106144189834595,-0.09693669527769089,0.9990407228469849,0.5586687922477722,0.3089962899684906,-0.09698861837387085,0.9989237189292908,0.5567920207977295,0.3073708117008209,-0.09704816341400146,0.9991900324821472,0.5591018795967102,0.3112906813621521,-0.15898337960243225,0.9989774823188782,0.5570653676986694,0.30981725454330444,-0.1591593623161316,0.9988250732421875,0.5540822744369507,0.3077656626701355,-0.15919196605682373,0.999120831489563,0.5324745774269104,0.29988208413124084,0.01541986782103777,0.9976381659507751,0.5281123518943787,0.2982367277145386,-0.26022619009017944,0.9986151456832886,0.5438238978385925,0.337011456489563,-0.0687660500407219,0.9990019202232361,0.5427817106246948,0.33615678548812866,-0.14943866431713104,0.9992852210998535,0.46219149231910706,0.3471912741661072,0.20222878456115723,0.9996334910392761,0.4530072808265686,0.35555577278137207,-0.3941483795642853,0.9999220967292786,0.43652409315109253,0.4598638117313385,0.2883102595806122,0.12955890595912933,0.4388812482357025,0.48170819878578186,-0.4728737473487854,0.9803557395935059,0.475585401058197,0.5466966032981873,0.18181702494621277,0.17312510311603546,0.48346948623657227,0.5745621919631958,-0.4003983438014984,0.9551906585693359,0.4864133298397064,0.5630357265472412,0.18353214859962463,0.17133042216300964,0.49033164978027344,0.5966731905937195,-0.45833301544189453,0.9251354932785034,0.49437451362609863,0.5654302835464478,0.12995420396327972,0.17638267576694489,0.5022609233856201,0.5967584252357483,-0.434844434261322,0.9211043119430542,0.4902258515357971,0.5624697208404541,0.15326902270317078,0.18361109495162964,0.5023719072341919,0.5845268964767456,-0.3908156752586365,0.8792763948440552,0.351332426071167,0.5502351522445679,0.1883247196674347,0.999241828918457,0.3198372721672058,0.5518025159835815,-0.18789701163768768,0.999743640422821,0.36210736632347107,0.7014333009719849,0.23516845703125,0.2780695855617523,0.3458428978919983,0.7204458713531494,-0.2021360695362091,0.9418526291847229,0.36670562624931335,0.8579103350639343,0.39294716715812683,0.4980691373348236,0.34959837794303894,0.9036146402359009,-0.09282401949167252,0.9569599628448486,0.35127198696136475,0.8851652145385742,0.40114927291870117,0.6257653832435608,0.32969051599502563,0.9363340139389038,-0.08859140425920486,0.9290450811386108,0.4427452087402344,0.8892490267753601,0.3244144916534424,0.671642541885376,0.4212947487831116,0.9454671740531921,-0.20886287093162537,0.9486848711967468
112,0.5560721755027771,0.3271331489086151,-0.13630987703800201,0.9992066025733948,0.5586860179901123,0.3100901246070862,-0.11524055153131485,0.9989846348762512,0.5573908686637878,0.30848199129104614,-0.11531125009059906,0.9988586902618408,0.5556773543357849,0.30669185519218445,-0.11538541316986084,0.9991399645805359,0.5573217868804932,0.3103633522987366,-0.17646688222885132,0.9989185333251953,0.5550241470336914,0.308854341506958,-0.1766403317451477,0.9987571835517883,0.5522497892379761,0.3068787753582001,-0.17668308317661285,0.9990712404251099,0.5320342779159546,0.29583650827407837,0.0014301191549748182,0.9974691271781921,0.5259925127029419,0.29642003774642944,-0.27030712366104126,0.9985285997390747,0.5405011177062988,0.3339403569698334,-0.08558571338653564,0.9989402294158936,0.5384765267372131,0.33326849341392517,-0.16505369544029236,0.9992421269416809,0.4654009938240051,0.34732067584991455,0.1914283186197281,0.9996165037155151,0.45015209913253784,0.35459402203559875,-0.4029170870780945,0.9999179244041443,0.4381750524044037,0.4590502381324768,0.27160346508026123,0.12847529351711273,0.4390067160129547,0.4811859726905823,-0.4831485152244568,0.9798110127449036,0.4743198752403259,0.5460123419761658,0.16170234978199005,0.17258548736572266,0.4836912155151367,0.5728535652160645,-0.4087333679199219,0.9543130397796631,0.4858976900577545,0.5618196725845337,0.16139596700668335,0.17094220221042633,0.49638453125953674,0.5936163067817688,-0.465715229511261,0.9238824844360352,0.4930972456932068,0.5645351409912109,0.10883667320013046,0.17601168155670166,0.49725890159606934,0.5915910601615906,-0.4436089098453522,0.9197636842727661,0.48824959993362427,0.5616425275802612,0.13316470384597778,0.18334828317165375,0.49969711899757385,0.5787936449050903,-0.3994971811771393,0.8771838545799255,0.3553869426250458,0.5475305914878845,0.18505877256393433,0.9992177486419678,0.31939318776130676,0.5491923093795776,-0.18464148044586182,0.9997365474700928,0.36774250864982605,0.6907905340194702,0.21244367957115173,0.27841928601264954,0.34261202812194824,0.7151191830635071,-0.2132301777601242,0.9424537420272827,0.3672035038471222,0.8549215197563171,0.3591310381889343,0.49845951795578003,0.3484237790107727,0.9027788043022156,-0.11179445683956146,0.957240879535675,0.3516433835029602,0.8731211423873901,0.3666282892227173,0.6261154413223267,0.32897740602493286,0.9351276159286499,-0.10833410173654556,0.9291896224021912,0.43885836005210876,0.8871495127677917,0.2876090407371521,0.6708449125289917,0.4204308092594147,0.9476044774055481,-0.23551075160503387,0.948573112487793
113,0.5579298734664917,0.327656090259552,-0.12712880969047546,0.9991748929023743,0.5603624582290649,0.3103925585746765,-0.10759538412094116,0.9989513158798218,0.5590550899505615,0.30810633301734924,-0.10767026245594025,0.9988187551498413,0.5566071271896362,0.305886447429657,-0.10775196552276611,0.999116063117981,0.559613823890686,0.3109191060066223,-0.16792385280132294,0.998883068561554,0.5575722455978394,0.30953454971313477,-0.1680976003408432,0.99871426820755,0.5544652342796326,0.3074340522289276,-0.16813716292381287,0.9990435838699341,0.532090425491333,0.2978195548057556,0.00031020669848658144,0.9973846673965454,0.528247594833374,0.2975600063800812,-0.26792970299720764,0.998471736907959,0.5436352491378784,0.3358006477355957,-0.08000516891479492,0.9989105463027954,0.5425406694412231,0.3353290259838104,-0.15851955115795135,0.9992191195487976,0.46180930733680725,0.3465055227279663,0.18328328430652618,0.9996144771575928,0.45338860154151917,0.35956835746765137,-0.3966376483440399,0.9999173879623413,0.4373263716697693,0.45835599303245544,0.2700951397418976,0.12726546823978424,0.4406944215297699,0.4804278314113617,-0.4643861651420593,0.9794890284538269,0.4691063463687897,0.5501999855041504,0.16635268926620483,0.17179633677005768,0.48358291387557983,0.571750283241272,-0.38654249906539917,0.9536409378051758,0.47984814643859863,0.5661290884017944,0.16643914580345154,0.17056359350681305,0.49150657653808594,0.5958846807479858,-0.44106894731521606,0.9228619337081909,0.48824089765548706,0.5683591961860657,0.11411051452159882,0.17568852007389069,0.498534619808197,0.5909600853919983,-0.42001819610595703,0.9187378883361816,0.4839808940887451,0.5654336214065552,0.13837090134620667,0.18286477029323578,0.4992402493953705,0.5790812969207764,-0.37776559591293335,0.8755365610122681,0.3548242449760437,0.5489645004272461,0.18435363471508026,0.9992063641548157,0.3216489255428314,0.5521078109741211,-0.18395698070526123,0.9997338652610779,0.3679279088973999,0.6931449174880981,0.24374940991401672,0.27845606207847595,0.34623849391937256,0.7197341918945312,-0.17790329456329346,0.9435189366340637,0.3707764744758606,0.8524298667907715,0.40954500436782837,0.49838459491729736,0.35170525312423706,0.9021235704421997,-0.053096018731594086,0.9575247168540955,0.3537643551826477,0.8787558674812317,0.4188450276851654,0.6261178255081177,0.33417969942092896,0.9321292638778687,-0.04676322638988495,0.9292864799499512,0.44734278321266174,0.8866127133369446,0.34541529417037964,0.6707032322883606,0.4206511974334717,0.9507395625114441,-0.1608588844537735,0.9486590027809143
114,0.5577508211135864,0.32867714762687683,-0.11201243102550507,0.9991928339004517,0.5595232248306274,0.31169551610946655,-0.0938902497291565,0.9989795684814453,0.5578779578208923,0.3100600838661194,-0.0939643532037735,0.9988495707511902,0.5557985901832581,0.3083682656288147,-0.09403640031814575,0.9991437196731567,0.5590308904647827,0.31185024976730347,-0.15357866883277893,0.9989117383956909,0.5571027398109436,0.3103480935096741,-0.15373703837394714,0.9987452626228333,0.5547399520874023,0.3086649775505066,-0.1537521332502365,0.9990686178207397,0.5303477644920349,0.2990879416465759,0.006796808447688818,0.99747633934021,0.528538167476654,0.2991337776184082,-0.25859183073043823,0.9985103011131287,0.5432949662208557,0.33650222420692444,-0.06745634973049164,0.9989421367645264,0.5428584814071655,0.33591532707214355,-0.14526143670082092,0.9992362856864929,0.4577570855617523,0.34668630361557007,0.1838303953409195,0.9996249079704285,0.453957736492157,0.3609534204006195,-0.38747382164001465,0.9999198317527771,0.4314895570278168,0.46571722626686096,0.2713056206703186,0.12699304521083832,0.44221243262290955,0.48166608810424805,-0.451129287481308,0.9797166585922241,0.46737027168273926,0.5602327585220337,0.17483778297901154,0.17097064852714539,0.48535341024398804,0.5757254362106323,-0.37119945883750916,0.9539642930030823,0.4780881404876709,0.5775980353355408,0.17688745260238647,0.1698753982782364,0.49344247579574585,0.599532961845398,-0.4256850779056549,0.9231557846069336,0.4861632287502289,0.5799584984779358,0.12320586293935776,0.17503128945827484,0.5053879022598267,0.5990219116210938,-0.40247106552124023,0.9190738797187805,0.4822359085083008,0.5763435363769531,0.14687936007976532,0.18216745555400848,0.49878478050231934,0.5907325148582458,-0.3616461157798767,0.8759427070617676,0.3456009030342102,0.550089955329895,0.1796073019504547,0.9992079138755798,0.32134944200515747,0.5563377737998962,-0.17920459806919098,0.9997341632843018,0.3624013662338257,0.6959391832351685,0.23481735587120056,0.2786569595336914,0.3427649140357971,0.721687912940979,-0.14923880994319916,0.9442145824432373,0.3684450089931488,0.863280177116394,0.39462047815322876,0.498029887676239,0.3519239127635956,0.9020864367485046,-0.01591622643172741,0.9572234153747559,0.35594266653060913,0.8879194259643555,0.40324535965919495,0.6242982149124146,0.3349803388118744,0.9325796961784363,-0.008587697520852089,0.9287429451942444,0.440591037273407,0.8910578489303589,0.3276500105857849,0.6702232360839844,0.4302093982696533,0.9620054960250854,-0.11488249152898788,0.9482143521308899
115,0.5561582446098328,0.3252386450767517,-0.11301549524068832,0.9991735219955444,0.5570082664489746,0.3077307641506195,-0.09549830108880997,0.9989585876464844,0.5552041530609131,0.3060564398765564,-0.09557483345270157,0.9988254904747009,0.5530427694320679,0.30422645807266235,-0.09565356373786926,0.9991286396980286,0.5566966533660889,0.30818766355514526,-0.15674671530723572,0.9988951683044434,0.5546866655349731,0.30679750442504883,-0.1569051742553711,0.9987261295318604,0.5522463917732239,0.3050162196159363,-0.15694597363471985,0.9990570545196533,0.5291701555252075,0.29462486505508423,0.006310021970421076,0.9974571466445923,0.52696293592453,0.2960152328014374,-0.2656486928462982,0.9984958171844482,0.5403165817260742,0.33225810527801514,-0.06710834801197052,0.9989190697669983,0.5399817228317261,0.3318101763725281,-0.14684487879276276,0.9992174506187439,0.4561522603034973,0.34504762291908264,0.19282636046409607,0.9996152520179749,0.4611145555973053,0.35764580965042114,-0.3996064066886902,0.999919056892395,0.43554964661598206,0.46144723892211914,0.2967202365398407,0.12570758163928986,0.45035481452941895,0.4876960217952728,-0.46294745802879333,0.9794187545776367,0.4804081916809082,0.5535255670547485,0.21801629662513733,0.16815708577632904,0.4946320950984955,0.5845884084701538,-0.3779012858867645,0.9530848264694214,0.4926845133304596,0.5693092346191406,0.22564049065113068,0.16698743402957916,0.5020835399627686,0.6056358814239502,-0.43516597151756287,0.9220015406608582,0.5016177892684937,0.573387861251831,0.16669243574142456,0.1721181422472,0.5091522932052612,0.6026543974876404,-0.4097009599208832,0.9178690910339355,0.49744486808776855,0.570880651473999,0.18822243809700012,0.17957021296024323,0.5116279721260071,0.5940848588943481,-0.3675461709499359,0.8743745684623718,0.342552125453949,0.5447608232498169,0.18307024240493774,0.9991775751113892,0.320311039686203,0.5538049936294556,-0.1826353371143341,0.9997259378433228,0.36320045590400696,0.6946572065353394,0.22382406890392303,0.27889397740364075,0.3466689884662628,0.7230893969535828,-0.16747897863388062,0.9433717131614685,0.36822831630706787,0.8628525733947754,0.37877345085144043,0.496634304523468,0.35686907172203064,0.9186882972717285,-0.04926077276468277,0.9566299319267273,0.3594849705696106,0.8913663029670715,0.38745468854904175,0.6218538284301758,0.33102115988731384,0.9424184560775757,-0.04423565790057182,0.9275846481323242,0.44761428236961365,0.894312858581543,0.31358781456947327,0.6677452921867371,0.430625855922699,0.9657491445541382,-0.16026273369789124,0.9471575021743774
116,0.5563122034072876,0.32925450801849365,-0.11038641631603241,0.9991926550865173,0.5580877065658569,0.31094127893447876,-0.0911044329404831,0.998984158039093,0.5561848878860474,0.3090541660785675,-0.09115444123744965,0.9988536834716797,0.5537768602371216,0.3068779706954956,-0.09118904173374176,0.9991490840911865,0.5575791597366333,0.31134694814682007,-0.15340319275856018,0.9989259839057922,0.5554370284080505,0.3098085820674896,-0.1535671204328537,0.9987616539001465,0.5528920292854309,0.30787959694862366,-0.15360644459724426,0.9990837574005127,0.5282173752784729,0.2975830137729645,0.015993501991033554,0.9975200891494751,0.5274132490158081,0.2988235056400299,-0.2604796290397644,0.9985417127609253,0.5400452017784119,0.3353292942047119,-0.06259515881538391,0.9989389777183533,0.5399279594421387,0.3347476124763489,-0.14359769225120544,0.9992334246635437,0.4568061828613281,0.34584516286849976,0.2034638226032257,0.9996196627616882,0.45853304862976074,0.3607092499732971,-0.400923490524292,0.9999209642410278,0.43496817350387573,0.46022504568099976,0.28416314721107483,0.1251571625471115,0.4499604105949402,0.4854801297187805,-0.48068881034851074,0.979832649230957,0.47904539108276367,0.5554083585739136,0.18536195158958435,0.166832834482193,0.49634018540382385,0.5845400094985962,-0.40513572096824646,0.9538006782531738,0.49120813608169556,0.571368932723999,0.19005104899406433,0.16537226736545563,0.509105920791626,0.6073809266090393,-0.4653812348842621,0.9228978753089905,0.4993050992488861,0.5754310488700867,0.13245847821235657,0.17040900886058807,0.5164836645126343,0.604401171207428,-0.4366472363471985,0.9187538027763367,0.4951689839363098,0.5729082226753235,0.15549299120903015,0.17805896699428558,0.5115426182746887,0.5971705913543701,-0.39373406767845154,0.8755914568901062,0.3433154821395874,0.5454713702201843,0.18586798012256622,0.9991867542266846,0.3239712119102478,0.5537056922912598,-0.18539592623710632,0.9997296333312988,0.3592771887779236,0.7003957629203796,0.19671542942523956,0.2785763740539551,0.34666842222213745,0.7199829816818237,-0.2042885720729828,0.9422682523727417,0.3687148690223694,0.8636806607246399,0.33768850564956665,0.49607670307159424,0.34945401549339294,0.9094134569168091,-0.10154595226049423,0.9559480547904968,0.35536903142929077,0.8940221071243286,0.3448185324668884,0.6212261915206909,0.3257383704185486,0.9392188191413879,-0.098129503428936,0.926698625087738,0.4408389925956726,0.8919536471366882,0.2632690668106079,0.6668117642402649,0.43374329805374146,0.962842583656311,-0.22000420093536377,0.9463963508605957
117,0.555432915687561,0.3226798176765442,-0.11673860251903534,0.9992063045501709,0.5570579171180725,0.30518418550491333,-0.09731651842594147,0.9989954829216003,0.5547170639038086,0.30320146679878235,-0.09736746549606323,0.9988667964935303,0.5527346134185791,0.3018113076686859,-0.09741796553134918,0.9991598725318909,0.5567643046379089,0.3056752681732178,-0.15868055820465088,0.9989414811134338,0.5548623204231262,0.3045181930065155,-0.15884141623973846,0.9987806677818298,0.551824688911438,0.3025245666503906,-0.15886402130126953,0.999098002910614,0.5299405455589294,0.2965388298034668,0.010162402875721455,0.9975469708442688,0.5272939801216125,0.2962573170661926,-0.2622096538543701,0.9985586404800415,0.5411783456802368,0.3310316503047943,-0.06944892555475235,0.9989585280418396,0.5403427481651306,0.33097463846206665,-0.14922301471233368,0.9992484450340271,0.4586372971534729,0.34619924426078796,0.19882316887378693,0.9996293783187866,0.45708465576171875,0.35634976625442505,-0.39730748534202576,0.9999234080314636,0.43585675954818726,0.4594343304634094,0.28323256969451904,0.12885282933712006,0.44860973954200745,0.4850776195526123,-0.47259217500686646,0.9801532030105591,0.4890241026878357,0.5557534098625183,0.17448817193508148,0.17312315106391907,0.4939781129360199,0.5808765888214111,-0.4043254256248474,0.955059289932251,0.5029922723770142,0.5706738233566284,0.17603802680969238,0.17106197774410248,0.5040686726570129,0.5973893404006958,-0.4644302427768707,0.9248114824295044,0.511037290096283,0.5733526349067688,0.11912961304187775,0.1762598305940628,0.5102495551109314,0.5993963479995728,-0.43926548957824707,0.9207425117492676,0.5059600472450256,0.5710315108299255,0.14434999227523804,0.18403123319149017,0.5091542601585388,0.5950402021408081,-0.3945685625076294,0.8781139254570007,0.3446227014064789,0.5446287393569946,0.18704012036323547,0.999200165271759,0.31814640760421753,0.5504814982414246,-0.18664859235286713,0.9997356534004211,0.36567357182502747,0.6903812289237976,0.23006388545036316,0.27727898955345154,0.34719330072402954,0.7185055017471313,-0.1876065731048584,0.9431846141815186,0.3697017729282379,0.8554126024246216,0.3946315348148346,0.49510112404823303,0.3548091650009155,0.9119535684585571,-0.07803177833557129,0.9566856026649475,0.35726362466812134,0.8782016038894653,0.40401339530944824,0.6209067106246948,0.33299779891967773,0.942354679107666,-0.07404367625713348,0.9274133443832397,0.44830384850502014,0.8863495588302612,0.3309292793273926,0.6660857200622559,0.42049795389175415,0.9438249468803406,-0.19406089186668396,0.9469241499900818
118,0.5573617815971375,0.3243062198162079,-0.13026303052902222,0.9992297291755676,0.5581529140472412,0.30628901720046997,-0.10868193954229355,0.9990198016166687,0.5563488006591797,0.3045482039451599,-0.10872864723205566,0.9988937973976135,0.5540944933891296,0.302661657333374,-0.10876882076263428,0.9991781115531921,0.557466983795166,0.30669155716896057,-0.17209205031394958,0.9989679455757141,0.5552409887313843,0.3052099645137787,-0.1722605973482132,0.9988111853599548,0.5525835156440735,0.303391695022583,-0.17230179905891418,0.9991195797920227,0.5298172235488892,0.29349368810653687,0.009542115963995457,0.9975852370262146,0.5272125005722046,0.29464051127433777,-0.27195385098457336,0.9985896348953247,0.5413805246353149,0.33118361234664917,-0.07876987755298615,0.9989847540855408,0.5407869219779968,0.330478698015213,-0.1610882431268692,0.9992693066596985,0.46051645278930664,0.34494346380233765,0.20648618042469025,0.9996373653411865,0.45541802048683167,0.35965535044670105,-0.41276606917381287,0.9999246001243591,0.43669265508651733,0.45953163504600525,0.2745594084262848,0.13135792315006256,0.4483667314052582,0.48496299982070923,-0.5035640597343445,0.9806382656097412,0.4884625971317291,0.5610842108726501,0.14854447543621063,0.17848940193653107,0.49285054206848145,0.582816481590271,-0.4427945017814636,0.9565508365631104,0.5018466114997864,0.5774567723274231,0.14809301495552063,0.17602886259555817,0.4997270107269287,0.603164553642273,-0.5066404938697815,0.9269928932189941,0.5086392164230347,0.5804649591445923,0.09053142368793488,0.18132609128952026,0.5114555954933167,0.6032538414001465,-0.4792037010192871,0.9229745268821716,0.5034039616584778,0.5777057409286499,0.11748653650283813,0.1891307681798935,0.5071805715560913,0.5962337255477905,-0.43238940834999084,0.8810604810714722,0.3518184721469879,0.5462284684181213,0.19127485156059265,0.9992278218269348,0.3187941312789917,0.5483525991439819,-0.19080041348934174,0.9997439980506897,0.36482158303260803,0.6938173174858093,0.19441114366054535,0.279157817363739,0.34444814920425415,0.7184596657752991,-0.24425962567329407,0.9440416097640991,0.36819276213645935,0.8616856336593628,0.3326944410800934,0.5006512403488159,0.34932178258895874,0.9059934616088867,-0.14769063889980316,0.9576019048690796,0.3527175784111023,0.8857730031013489,0.3393295407295227,0.6260849833488464,0.3253389298915863,0.935961127281189,-0.14538106322288513,0.9285949468612671,0.4389899671077728,0.8901945352554321,0.25127294659614563,0.6712235808372498,0.4181254804134369,0.9461290240287781,-0.28034865856170654,0.9479681849479675
119,0.5577971339225769,0.32405516505241394,-0.12077067047357559,0.9992491006851196,0.558987021446228,0.3066558837890625,-0.10025037825107574,0.9990428686141968,0.5569714307785034,0.3049614429473877,-0.10029957443475723,0.9989180564880371,0.5544619560241699,0.30307692289352417,-0.10033264011144638,0.9991946816444397,0.5584050416946411,0.3070541024208069,-0.16333745419979095,0.9989967346191406,0.5561341643333435,0.30568307638168335,-0.16352134943008423,0.9988433122634888,0.5535098314285278,0.3040350079536438,-0.16357792913913727,0.9991440773010254,0.5292254090309143,0.29365795850753784,0.01043648086488247,0.9976271390914917,0.528157114982605,0.2966989278793335,-0.2703245282173157,0.9986310005187988,0.5407160520553589,0.3317074477672577,-0.07183017581701279,0.9989989399909973,0.5404146313667297,0.33167487382888794,-0.15401126444339752,0.9992855191230774,0.45624247193336487,0.34213879704475403,0.19608190655708313,0.9996392130851746,0.4577229917049408,0.3596659302711487,-0.4084821343421936,0.9999262690544128,0.4354861378669739,0.4581058621406555,0.2713303864002228,0.12894044816493988,0.4494725167751312,0.48310166597366333,-0.500146746635437,0.9809690713882446,0.48059922456741333,0.5505366921424866,0.16900397837162018,0.17519426345825195,0.49669939279556274,0.5823611617088318,-0.4352533221244812,0.9571118354797363,0.4935591220855713,0.5655754208564758,0.1729523241519928,0.17286717891693115,0.5090170502662659,0.6010435223579407,-0.49796804785728455,0.9276150465011597,0.5017576217651367,0.5703545212745667,0.11516471207141876,0.17804032564163208,0.5136914849281311,0.6011574864387512,-0.46761852502822876,0.9235472083091736,0.4973066449165344,0.568282961845398,0.13892100751399994,0.1858154535293579,0.5097721815109253,0.5942987203598022,-0.4236691892147064,0.8816790580749512,0.3457442820072174,0.5448721647262573,0.1868991255760193,0.9992474317550659,0.32524001598358154,0.5519410967826843,-0.18640369176864624,0.9997528791427612,0.35999056696891785,0.6981145143508911,0.19331057369709015,0.2814085781574249,0.346297025680542,0.7156921625137329,-0.23436036705970764,0.9440198540687561,0.3665354251861572,0.857141375541687,0.34231120347976685,0.5042464733123779,0.34959694743156433,0.9019957780838013,-0.13298283517360687,0.9580250978469849,0.3531104624271393,0.8851688504219055,0.3502807319164276,0.6293486952781677,0.3246437907218933,0.9402347803115845,-0.13004563748836517,0.9291284084320068,0.441213458776474,0.8867457509040833,0.26526081562042236,0.6745892763137817,0.4194456934928894,0.9433566927909851,-0.26138684153556824,0.9485945105552673
120,0.5563973188400269,0.3226502537727356,-0.12456711381673813,0.9992257952690125,0.5579656958580017,0.3041335344314575,-0.10671065002679825,0.9990140199661255,0.555443525314331,0.3020387589931488,-0.10678069293498993,0.9988844394683838,0.5532419085502625,0.300393670797348,-0.10684061050415039,0.9991722106933594,0.557123064994812,0.3054538369178772,-0.16829562187194824,0.998970091342926,0.5550183057785034,0.3042287230491638,-0.16846922039985657,0.9988130927085876,0.5517058372497559,0.30223193764686584,-0.1685107946395874,0.9991229772567749,0.5271155834197998,0.29251664876937866,-0.0056216041557490826,0.9975700974464417,0.5283420085906982,0.2958605885505676,-0.2791404724121094,0.9986008405685425,0.541439414024353,0.33103805780410767,-0.07916246354579926,0.9989792108535767,0.5409753918647766,0.33068448305130005,-0.15934458374977112,0.9992712140083313,0.4542600214481354,0.34429728984832764,0.1806124895811081,0.9996393918991089,0.45587068796157837,0.36321955919265747,-0.4131309390068054,0.9999273419380188,0.43610233068466187,0.4590921998023987,0.2676699757575989,0.12720191478729248,0.4500085711479187,0.4841451644897461,-0.48413562774658203,0.980913519859314,0.48373451828956604,0.559717059135437,0.16425514221191406,0.17355701327323914,0.4950889050960541,0.5801267027854919,-0.4083888530731201,0.9572566747665405,0.49694138765335083,0.5746995210647583,0.16592976450920105,0.17154526710510254,0.5025046467781067,0.6006813049316406,-0.4686519205570221,0.9278026223182678,0.5050384998321533,0.5777574181556702,0.1084970086812973,0.17677409946918488,0.5094982981681824,0.5977436304092407,-0.44380706548690796,0.9237324595451355,0.5005448460578918,0.5755056738853455,0.13408102095127106,0.1846875697374344,0.5078638792037964,0.5934785008430481,-0.39882999658584595,0.8816096186637878,0.34714606404304504,0.5453009605407715,0.18624691665172577,0.999247133731842,0.3215729594230652,0.5533809661865234,-0.18584150075912476,0.9997545480728149,0.36197879910469055,0.6949163675308228,0.25264835357666016,0.27540823817253113,0.33970680832862854,0.7254454493522644,-0.15168055891990662,0.9430875182151794,0.36845844984054565,0.861332893371582,0.42351770401000977,0.497213751077652,0.3478916585445404,0.9068828821182251,-0.02502790465950966,0.9568186402320862,0.35719260573387146,0.886548638343811,0.43359023332595825,0.6242356896400452,0.3287186026573181,0.9386135339736938,-0.019090238958597183,0.9275784492492676,0.44107118248939514,0.8888201713562012,0.36176395416259766,0.6688918471336365,0.42058879137039185,0.9477461576461792,-0.13062997162342072,0.9471019506454468
121,0.5583087205886841,0.3232015073299408,-0.1424809843301773,0.9992111325263977,0.5595203042030334,0.3058755099773407,-0.12558448314666748,0.998995304107666,0.557097852230072,0.3038845658302307,-0.12566551566123962,0.99886155128479,0.5548465251922607,0.30222615599632263,-0.12573334574699402,0.9991570115089417,0.5592600107192993,0.3061509430408478,-0.18678538501262665,0.9989575147628784,0.5566332340240479,0.30430731177330017,-0.1869562715291977,0.9987984895706177,0.5542250871658325,0.30268263816833496,-0.18699690699577332,0.9991133809089661,0.5296677350997925,0.2925456166267395,-0.023844078183174133,0.9975453019142151,0.5305913686752319,0.29709410667419434,-0.29568058252334595,0.998582661151886,0.5436674356460571,0.3313876688480377,-0.09615106880664825,0.9989576935768127,0.5435463190078735,0.33088821172714233,-0.1758948564529419,0.9992629885673523,0.4536280632019043,0.3421879708766937,0.16493281722068787,0.9996410012245178,0.45877593755722046,0.364437073469162,-0.42337480187416077,0.9999291896820068,0.43465596437454224,0.4602482318878174,0.2642068564891815,0.12540125846862793,0.4516008794307709,0.4872502386569977,-0.48592400550842285,0.9808177947998047,0.47940191626548767,0.5602418780326843,0.1775602549314499,0.17126119136810303,0.49951618909835815,0.586591362953186,-0.41030535101890564,0.957312285900116,0.4917992055416107,0.5744821429252625,0.18126310408115387,0.16948780417442322,0.5098735094070435,0.6085587739944458,-0.4722009599208832,0.9279747009277344,0.5005659461021423,0.5786855816841125,0.12091366201639175,0.17474432289600372,0.5166958570480347,0.6056562066078186,-0.44656142592430115,0.9238966107368469,0.49658066034317017,0.5773028135299683,0.146991565823555,0.18269307911396027,0.5125927329063416,0.599228024482727,-0.4006965160369873,0.8814273476600647,0.34409886598587036,0.5452978610992432,0.18603506684303284,0.9992461800575256,0.32481640577316284,0.5572184920310974,-0.18561546504497528,0.9997593760490417,0.36102306842803955,0.695820152759552,0.2716010808944702,0.27136579155921936,0.3454445004463196,0.7253646850585938,-0.1549757421016693,0.9427990913391113,0.3691604435443878,0.8590139150619507,0.47401928901672363,0.4926277697086334,0.34979456663131714,0.9060859680175781,-0.017220783978700638,0.9567791223526001,0.3545812964439392,0.8883312344551086,0.4878159165382385,0.621505856513977,0.32871606945991516,0.9435083270072937,-0.010128066875040531,0.9274342656135559,0.44503894448280334,0.8897773027420044,0.4210856556892395,0.6657741069793701,0.4217720031738281,0.9466825723648071,-0.12477908283472061,0.9469175934791565
122,0.5582090020179749,0.3200211524963379,-0.14780770242214203,0.99920654296875,0.5588101148605347,0.3026392161846161,-0.12974175810813904,0.9989925026893616,0.5566896200180054,0.3007499575614929,-0.129821315407753,0.9988558292388916,0.5546799302101135,0.29919305443763733,-0.12988916039466858,0.9991551041603088,0.5580993890762329,0.3027923107147217,-0.19145014882087708,0.9989563822746277,0.5559515357017517,0.30135637521743774,-0.19162613153457642,0.998796284198761,0.5528455972671509,0.29920700192451477,-0.19166092574596405,0.9991129040718079,0.5318571329116821,0.29191461205482483,-0.021961910650134087,0.997542142868042,0.5289153456687927,0.2925627827644348,-0.29563573002815247,0.9985800981521606,0.5442832708358765,0.3284696936607361,-0.09953644871711731,0.9989562630653381,0.5435816049575806,0.3278273642063141,-0.17972677946090698,0.9992625117301941,0.4560905396938324,0.34458011388778687,0.17270061373710632,0.999644935131073,0.4587693214416504,0.35868293046951294,-0.4258071780204773,0.9999306201934814,0.4352657198905945,0.46007007360458374,0.2678634524345398,0.12511569261550903,0.4504273533821106,0.4848654270172119,-0.49287694692611694,0.980934202671051,0.4825706481933594,0.5579935908317566,0.16504479944705963,0.17238472402095795,0.49569272994995117,0.5827285051345825,-0.4213126301765442,0.9579613208770752,0.49505168199539185,0.5734211206436157,0.1645841747522354,0.1708480566740036,0.5037280321121216,0.6030659675598145,-0.48374661803245544,0.9290852546691895,0.5029651522636414,0.5763714909553528,0.10607711970806122,0.17628230154514313,0.5147347450256348,0.6025433540344238,-0.45977839827537537,0.9250634908676147,0.4985197186470032,0.5743359327316284,0.134372279047966,0.1843525916337967,0.5101624727249146,0.5961394309997559,-0.4121045172214508,0.8827696442604065,0.34620779752731323,0.5471850633621216,0.18731415271759033,0.9992576241493225,0.32278332114219666,0.5560683012008667,-0.18691836297512054,0.9997644424438477,0.35837793350219727,0.6996340155601501,0.27733758091926575,0.26719844341278076,0.3425135910511017,0.7239839434623718,-0.1439742147922516,0.9422269463539124,0.36705663800239563,0.865315318107605,0.46519502997398376,0.48903295397758484,0.34855175018310547,0.904212474822998,-0.0022694729268550873,0.9561769366264343,0.3507407307624817,0.8902580142021179,0.4770197868347168,0.6196728348731995,0.3254413902759552,0.9413706064224243,0.005102050490677357,0.9267566204071045,0.43752962350845337,0.8936071395874023,0.40689927339553833,0.6638095378875732,0.4251675009727478,0.9647783041000366,-0.10856250673532486,0.9462510347366333
123,0.556458055973053,0.3269588351249695,-0.09658752381801605,0.9992067217826843,0.5577505230903625,0.309032142162323,-0.07981571555137634,0.9989922642707825,0.5558654069900513,0.30726924538612366,-0.07986757904291153,0.9988561868667603,0.5535034537315369,0.3053435981273651,-0.07991280406713486,0.9991551041603088,0.5575478672981262,0.30952948331832886,-0.1416892111301422,0.9989579319953918,0.555665135383606,0.30819833278656006,-0.14184942841529846,0.9987974166870117,0.5533798336982727,0.3066129982471466,-0.14188197255134583,0.9991134405136108,0.5287541151046753,0.29611632227897644,0.015715936198830605,0.9975610375404358,0.5312272310256958,0.29935353994369507,-0.25949835777282715,0.9985876679420471,0.5408135652542114,0.3340309262275696,-0.052831389009952545,0.9989520311355591,0.5410267114639282,0.33386459946632385,-0.1335376799106598,0.9992595911026001,0.4470407962799072,0.3353683054447174,0.19779656827449799,0.9996426701545715,0.4620354175567627,0.35911208391189575,-0.3972807228565216,0.9999314546585083,0.42347249388694763,0.4519346356391907,0.2920062243938446,0.12313666939735413,0.45428770780563354,0.4788171350955963,-0.46431493759155273,0.9809339046478271,0.4776068329811096,0.5575161576271057,0.2039860188961029,0.16849881410598755,0.4979173243045807,0.5806230306625366,-0.38009610772132874,0.9573454856872559,0.4900588393211365,0.5742462873458862,0.21136105060577393,0.1670699566602707,0.5067041516304016,0.5982723236083984,-0.4383623003959656,0.9280994534492493,0.49843183159828186,0.5786017179489136,0.1522771418094635,0.17239046096801758,0.512091338634491,0.5994600653648376,-0.4121338725090027,0.9240413308143616,0.49470120668411255,0.5757600665092468,0.17405454814434052,0.18058592081069946,0.506978452205658,0.591262698173523,-0.3697091042995453,0.8815237879753113,0.3411237299442291,0.5445553660392761,0.18654325604438782,0.9992408752441406,0.32253071665763855,0.5528191328048706,-0.18609151244163513,0.9997614026069641,0.3579149544239044,0.6970258951187134,0.2370833158493042,0.2648009955883026,0.34504586458206177,0.7223649621009827,-0.17514491081237793,0.9412069320678711,0.3698175251483917,0.8603613972663879,0.39679211378097534,0.485186904668808,0.3476097881793976,0.904778778553009,-0.06574860215187073,0.9555426239967346,0.356261670589447,0.8884595036506653,0.40573185682296753,0.616381049156189,0.3291330337524414,0.9363710284233093,-0.061721790581941605,0.9258913397789001,0.44114479422569275,0.8877516984939575,0.3332342803478241,0.6598207354545593,0.4254004955291748,0.9600712656974792,-0.17763100564479828,0.9454494714736938
124,0.5562484860420227,0.32271358370780945,-0.13696524500846863,0.9991884231567383,0.557555079460144,0.3049376308917999,-0.11864741891622543,0.998961865901947,0.5551354289054871,0.3026621639728546,-0.11871610581874847,0.9988213181495667,0.5528483986854553,0.3006429076194763,-0.11878235638141632,0.9991296529769897,0.5571289658546448,0.30546942353248596,-0.18074971437454224,0.998928427696228,0.5550318956375122,0.3040112257003784,-0.18092256784439087,0.9987629055976868,0.5519236922264099,0.30169984698295593,-0.1809685230255127,0.9990869760513306,0.5271694660186768,0.291538268327713,-0.012693293392658234,0.9974703788757324,0.5278216600418091,0.29446083307266235,-0.28862464427948,0.9985354542732239,0.5414063334465027,0.33044198155403137,-0.08954358100891113,0.9989206194877625,0.5407426357269287,0.33066946268081665,-0.17038391530513763,0.9992424249649048,0.4544595777988434,0.3435074985027313,0.17809315025806427,0.9996422529220581,0.4563256800174713,0.36122000217437744,-0.41996484994888306,0.999931275844574,0.43351301550865173,0.45858389139175415,0.26798948645591736,0.122654989361763,0.4486604630947113,0.4826173782348633,-0.4918898642063141,0.9807093143463135,0.48416590690612793,0.558794379234314,0.1647191196680069,0.16900208592414856,0.49385422468185425,0.5805683135986328,-0.417407363653183,0.9571603536605835,0.49767956137657166,0.5740213394165039,0.16723379492759705,0.16774103045463562,0.50223708152771,0.6019066572189331,-0.47864454984664917,0.9278714060783386,0.506022572517395,0.5777217149734497,0.1087573990225792,0.17313359677791595,0.5134626030921936,0.6022289395332336,-0.45335108041763306,0.9237855672836304,0.5013989210128784,0.575645923614502,0.13426320254802704,0.18122117221355438,0.5082656741142273,0.5949962139129639,-0.40770381689071655,0.8807863593101501,0.34468716382980347,0.5447720885276794,0.18893884122371674,0.9992371201515198,0.3252977132797241,0.5552560091018677,-0.18852351605892181,0.9997624754905701,0.3607568144798279,0.6994127631187439,0.27114567160606384,0.2634418308734894,0.3457765281200409,0.7218376398086548,-0.17541715502738953,0.9414496421813965,0.3693731725215912,0.8551701307296753,0.47336357831954956,0.48350581526756287,0.35090991854667664,0.9035916328430176,-0.03929482400417328,0.9559162855148315,0.35206034779548645,0.8829348683357239,0.48671531677246094,0.6156150698661804,0.3294792175292969,0.9319707751274109,-0.03283727914094925,0.9260479211807251,0.4407975673675537,0.8841455578804016,0.41789674758911133,0.6590478420257568,0.42062410712242126,0.9434301257133484,-0.1524624079465866,0.9458489418029785
125,0.5564968585968018,0.32427987456321716,-0.09187804162502289,0.9991654753684998,0.5575211048126221,0.30502840876579285,-0.07421641051769257,0.9989374279975891,0.5555744171142578,0.3032326102256775,-0.0742727667093277,0.9987936019897461,0.5531607270240784,0.30121782422065735,-0.0743248239159584,0.9991098046302795,0.557770848274231,0.3066127896308899,-0.13608916103839874,0.9989039301872253,0.5556674003601074,0.3042704463005066,-0.13626155257225037,0.9987344741821289,0.5533952713012695,0.30258673429489136,-0.136305034160614,0.9990673065185547,0.528374969959259,0.2927394509315491,0.023405244573950768,0.9974160194396973,0.5305593609809875,0.2961599826812744,-0.251689612865448,0.9985101819038391,0.5403844118118286,0.3310484290122986,-0.047839872539043427,0.9988915324211121,0.5404598712921143,0.3309261202812195,-0.12846001982688904,0.9992192387580872,0.44544345140457153,0.3377252221107483,0.20286695659160614,0.9996343851089478,0.46105068922042847,0.35799622535705566,-0.3899253308773041,0.9999305009841919,0.4236404299736023,0.45207327604293823,0.2933158576488495,0.11998201906681061,0.45061808824539185,0.48206233978271484,-0.45988550782203674,0.9805905222892761,0.47349801659584045,0.5498639345169067,0.20386414229869843,0.16487574577331543,0.4918200969696045,0.5687662363052368,-0.37366512417793274,0.956505298614502,0.4856296181678772,0.5652426481246948,0.21012422442436218,0.16386690735816956,0.4999193251132965,0.5888525247573853,-0.43001216650009155,0.9267789125442505,0.4946412444114685,0.569098949432373,0.1537993997335434,0.1691233515739441,0.5074063539505005,0.5825426578521729,-0.4042573571205139,0.9226338267326355,0.49082499742507935,0.5666012763977051,0.1747790426015854,0.17730672657489777,0.5075696706771851,0.576873779296875,-0.36320093274116516,0.8793469071388245,0.3444865345954895,0.5459614992141724,0.1838475614786148,0.9992220997810364,0.32477882504463196,0.5539144277572632,-0.18340644240379333,0.9997572898864746,0.3600078523159027,0.6967172026634216,0.23064342141151428,0.26261910796165466,0.3448205292224884,0.7227236032485962,-0.1652197688817978,0.9400384426116943,0.3663104474544525,0.8636263012886047,0.37812718749046326,0.4819711148738861,0.3491390347480774,0.9016162157058716,-0.05001959204673767,0.9545279741287231,0.3554215133190155,0.8902853727340698,0.38570529222488403,0.6131704449653625,0.3262600302696228,0.9394105672836304,-0.0453631766140461,0.9242358803749084,0.43915241956710815,0.8924763798713684,0.31060633063316345,0.6566464304924011,0.42686668038368225,0.9585474729537964,-0.15833184123039246,0.9442302584648132
126,0.55572909116745,0.325875461101532,-0.12277670204639435,0.9991611242294312,0.557972252368927,0.30750399827957153,-0.10254468768835068,0.9989345669746399,0.5565527677536011,0.3059540092945099,-0.10259667783975601,0.9987900853157043,0.5546524524688721,0.30431392788887024,-0.10264167934656143,0.9991093873977661,0.5567580461502075,0.3074266314506531,-0.1648309826850891,0.9989002346992493,0.554510772228241,0.3058130741119385,-0.16501030325889587,0.9987311363220215,0.5517742037773132,0.30397775769233704,-0.16503004729747772,0.9990651607513428,0.5302318930625916,0.29564589262008667,0.007954234257340431,0.997394323348999,0.5264154672622681,0.2951070964336395,-0.2683415114879608,0.9985088109970093,0.5420820713043213,0.33422279357910156,-0.07438996434211731,0.9988962411880493,0.5406132936477661,0.33353081345558167,-0.15525344014167786,0.9992165565490723,0.45865678787231445,0.3436925709247589,0.19795911014080048,0.9996390342712402,0.45252108573913574,0.3558611571788788,-0.40394502878189087,0.9999315142631531,0.4366474151611328,0.4586842656135559,0.2872067987918854,0.12156332284212112,0.4399256706237793,0.47724804282188416,-0.48115667700767517,0.9808648824691772,0.481889545917511,0.5485233664512634,0.17037822306156158,0.16855736076831818,0.49052590131759644,0.5645567774772644,-0.4097656309604645,0.9571360945701599,0.49487438797950745,0.5654165744781494,0.1684494912624359,0.16754119098186493,0.4985021948814392,0.586305558681488,-0.4691336750984192,0.9276867508888245,0.5026927590370178,0.5668519735336304,0.11443941295146942,0.17301666736602783,0.512319028377533,0.580963134765625,-0.44705963134765625,0.9236356616020203,0.49769702553749084,0.5635599493980408,0.14098875224590302,0.18123100697994232,0.5051649808883667,0.5729843974113464,-0.400667279958725,0.8807071447372437,0.34933510422706604,0.5454937219619751,0.18909795582294464,0.9992205500602722,0.3224008083343506,0.5532746315002441,-0.188699871301651,0.9997554421424866,0.3639554977416992,0.6952511072158813,0.2484249621629715,0.25869807600975037,0.34245580434799194,0.7215146422386169,-0.15780769288539886,0.9396043419837952,0.36787477135658264,0.8596064448356628,0.4028693735599518,0.47617307305336,0.3486528992652893,0.9020657539367676,-0.04099094122648239,0.9534558057785034,0.3526609539985657,0.8845975995063782,0.41074103116989136,0.609891414642334,0.327111154794693,0.9391640424728394,-0.0356445349752903,0.9235575795173645,0.44076234102249146,0.8897510766983032,0.3377099633216858,0.6519763469696045,0.43031635880470276,0.9620703458786011,-0.14712251722812653,0.9431880116462708
127,0.5577659010887146,0.3261989951133728,-0.13095781207084656,0.9991701245307922,0.5598366856575012,0.30824577808380127,-0.11185159534215927,0.9989518523216248,0.5576406121253967,0.3058960735797882,-0.11190839856863022,0.9988096952438354,0.5555042028427124,0.30385690927505493,-0.1119493693113327,0.9991245269775391,0.5591960549354553,0.3086952567100525,-0.17415277659893036,0.9989201426506042,0.5571184754371643,0.3071453869342804,-0.17433646321296692,0.9987541437149048,0.5540907382965088,0.30495238304138184,-0.1743665188550949,0.9990832209587097,0.5317157506942749,0.29556888341903687,-0.0038289553485810757,0.9974403977394104,0.5299183130264282,0.29709580540657043,-0.28031957149505615,0.9985450506210327,0.5429295301437378,0.3337150812149048,-0.082924984395504,0.9989098310470581,0.5420607328414917,0.3333565294742584,-0.16392973065376282,0.9992254376411438,0.45539116859436035,0.3416076898574829,0.18554498255252838,0.9996404051780701,0.45458880066871643,0.3600952923297882,-0.4126966595649719,0.9999330043792725,0.4263981878757477,0.4494406580924988,0.28187012672424316,0.12019811570644379,0.444561630487442,0.47851771116256714,-0.4859653413295746,0.9809887409210205,0.47666501998901367,0.5429871678352356,0.1867740899324417,0.16616076231002808,0.49126166105270386,0.5737746357917786,-0.4125591218471527,0.9571174383163452,0.488391637802124,0.55854332447052,0.18893027305603027,0.165269136428833,0.5050517320632935,0.593839704990387,-0.47382140159606934,0.9277157187461853,0.496765673160553,0.56194007396698,0.13194438815116882,0.17071400582790375,0.5108009576797485,0.5938771963119507,-0.4484471380710602,0.9236893653869629,0.4928080439567566,0.5594766736030579,0.15701323747634888,0.17903392016887665,0.5129854679107666,0.5823839902877808,-0.40249162912368774,0.880832850933075,0.34603971242904663,0.5463976263999939,0.1865103542804718,0.9992183446884155,0.32437634468078613,0.5542360544204712,-0.1860755831003189,0.9997562766075134,0.3634880781173706,0.6961114406585693,0.2509876489639282,0.2554861009120941,0.34410929679870605,0.7207145690917969,-0.15133552253246307,0.9382138848304749,0.3673476576805115,0.8609695434570312,0.409379243850708,0.4722810685634613,0.34870269894599915,0.9007712602615356,-0.027031440287828445,0.9522927403450012,0.3566696047782898,0.8893901109695435,0.4177725315093994,0.6071725487709045,0.3268340229988098,0.939482569694519,-0.021276069805026054,0.9228108525276184,0.44111108779907227,0.8898914456367493,0.3435748815536499,0.648775577545166,0.4294953942298889,0.9607383608818054,-0.1329825222492218,0.9421222805976868
128,0.5560123324394226,0.3298940062522888,-0.09260141849517822,0.9990965127944946,0.5583651065826416,0.31094545125961304,-0.07390283793210983,0.9988706111907959,0.5568362474441528,0.3090788424015045,-0.07396502792835236,0.9987218976020813,0.5547695159912109,0.3070548474788666,-0.07403319329023361,0.999060869216919,0.5575351119041443,0.3110244870185852,-0.1350821554660797,0.9988265037536621,0.5554533004760742,0.30925554037094116,-0.13525119423866272,0.9986482262611389,0.552827775478363,0.3072214722633362,-0.13528001308441162,0.9990027546882629,0.5302127003669739,0.2979017496109009,0.027753978967666626,0.9972589015960693,0.527194619178772,0.2979780435562134,-0.24399542808532715,0.9984356164932251,0.5424124002456665,0.3373899757862091,-0.047345805913209915,0.9988359212875366,0.541108250617981,0.33706381916999817,-0.1269555687904358,0.9991568326950073,0.45716339349746704,0.3430812358856201,0.20684513449668884,0.9996259212493896,0.4534118175506592,0.3545232117176056,-0.3782261312007904,0.9999282956123352,0.43498796224594116,0.45775118470191956,0.3017074465751648,0.11912497133016586,0.4389423727989197,0.4764610230922699,-0.4495946764945984,0.9802907705307007,0.47301244735717773,0.5466799139976501,0.20444361865520477,0.16369304060935974,0.4819103181362152,0.5579941868782043,-0.36317548155784607,0.9548628926277161,0.4845221936702728,0.5643168687820435,0.2092035710811615,0.1629592627286911,0.48882490396499634,0.577826976776123,-0.41701751947402954,0.9244762063026428,0.4925224781036377,0.5663197636604309,0.15688708424568176,0.16837690770626068,0.5019070506095886,0.5764356851577759,-0.39525872468948364,0.9203824996948242,0.4882701337337494,0.5623868703842163,0.17694014310836792,0.17676937580108643,0.4955222010612488,0.5683994889259338,-0.35362574458122253,0.8765589594841003,0.3476848304271698,0.544916033744812,0.18175910413265228,0.9991597533226013,0.3231159746646881,0.5533148050308228,-0.18133726716041565,0.9997267723083496,0.3632503151893616,0.6956842541694641,0.21889165043830872,0.25329819321632385,0.34178122878074646,0.7188579440116882,-0.17302437126636505,0.9360501170158386,0.3668309450149536,0.8622856140136719,0.34513506293296814,0.46699878573417664,0.34836095571517944,0.9006557464599609,-0.06843630969524384,0.9494200348854065,0.35209083557128906,0.8939207792282104,0.3500857949256897,0.601765513420105,0.3324125409126282,0.9314136505126953,-0.06439848244190216,0.919723629951477,0.43927159905433655,0.8900284767150879,0.27216053009033203,0.6426461338996887,0.4246536195278168,0.9574369192123413,-0.17553065717220306,0.939222514629364
129,0.5581275820732117,0.3256760239601135,-0.11614183336496353,0.9990926384925842,0.5601502060890198,0.3070465326309204,-0.0973900705575943,0.9988703727722168,0.5580271482467651,0.3047786355018616,-0.09746213257312775,0.9987226724624634,0.5559489130973816,0.30271995067596436,-0.09753026068210602,0.999062180519104,0.5593162775039673,0.3072611689567566,-0.15860451757907867,0.9988221526145935,0.5566902756690979,0.3052721321582794,-0.158773273229599,0.9986429810523987,0.5541766881942749,0.3033874034881592,-0.15879696607589722,0.9989990592002869,0.5316534042358398,0.2949223220348358,0.008732452988624573,0.9972700476646423,0.5300427675247192,0.2968517541885376,-0.2633167803287506,0.9984312057495117,0.5436255931854248,0.33335405588150024,-0.06919436156749725,0.9988359808921814,0.5424822568893433,0.33288687467575073,-0.14885053038597107,0.9991524815559387,0.4550083577632904,0.34053000807762146,0.19284212589263916,0.9996206164360046,0.4568358361721039,0.3556998372077942,-0.39544355869293213,0.9999269247055054,0.42359286546707153,0.44835466146469116,0.28427764773368835,0.1183273121714592,0.441375732421875,0.4769565165042877,-0.4645293653011322,0.9802833199501038,0.46935558319091797,0.5495165586471558,0.18585476279258728,0.16225364804267883,0.489691823720932,0.5668005347251892,-0.3868674635887146,0.9548414349555969,0.4804132878780365,0.5669648051261902,0.18746036291122437,0.16190744936466217,0.4971941411495209,0.588011622428894,-0.4444490969181061,0.9244577288627625,0.48814764618873596,0.5701016187667847,0.131561279296875,0.16731515526771545,0.5116459131240845,0.581786572933197,-0.42118674516677856,0.9203977584838867,0.48408403992652893,0.5667177438735962,0.1564483791589737,0.17582160234451294,0.5048631429672241,0.57442706823349,-0.3774935305118561,0.8767158389091492,0.34626713395118713,0.5423771142959595,0.18314853310585022,0.9991464018821716,0.322648823261261,0.5504439473152161,-0.18273340165615082,0.9997227191925049,0.36447471380233765,0.6911278963088989,0.22790440917015076,0.25274521112442017,0.3418252766132355,0.7187134027481079,-0.16877514123916626,0.936231791973114,0.3705875277519226,0.8549159169197083,0.37359142303466797,0.4662601947784424,0.35310739278793335,0.9108957052230835,-0.050935499370098114,0.9493083953857422,0.35667622089385986,0.8872300386428833,0.3809976875782013,0.600570559501648,0.33079198002815247,0.9319465756416321,-0.04552983120083809,0.9196498394012451,0.44419270753860474,0.8952863812446594,0.3052814304828644,0.6412851810455322,0.427548885345459,0.9609273672103882,-0.15767595171928406,0.9387893080711365
130,0.5572935342788696,0.3283158540725708,-0.10484939813613892,0.999075710773468,0.5591284036636353,0.31009870767593384,-0.0871644988656044,0.9988495707511902,0.5575305819511414,0.3081618547439575,-0.08722878992557526,0.9987003803253174,0.5554953813552856,0.3060767650604248,-0.08729172497987747,0.9990460872650146,0.5586758852005005,0.3104342520236969,-0.14744843542575836,0.9987978935241699,0.5568247437477112,0.30883195996284485,-0.14761202037334442,0.9986158609390259,0.5545477867126465,0.3069848418235779,-0.1476302295923233,0.9989777207374573,0.5315834283828735,0.29742535948753357,0.012804524973034859,0.9972314834594727,0.5301067233085632,0.2987006902694702,-0.25492653250694275,0.9983981847763062,0.5432697534561157,0.3355932831764221,-0.060044098645448685,0.9988220930099487,0.5424774885177612,0.3352760672569275,-0.13850632309913635,0.9991401433944702,0.45819225907325745,0.34222763776779175,0.1920812427997589,0.9996199607849121,0.457449346780777,0.35491204261779785,-0.38531753420829773,0.9999262094497681,0.4351981580257416,0.4559304118156433,0.2816341817378998,0.11869628727436066,0.4391014575958252,0.47636181116104126,-0.45185941457748413,0.9800307154655457,0.4730605483055115,0.5505028963088989,0.1802811175584793,0.1626339852809906,0.4847848415374756,0.5708703398704529,-0.3712293803691864,0.9543067216873169,0.48491939902305603,0.5671654939651489,0.1823664903640747,0.16243742406368256,0.49276119470596313,0.5923135876655579,-0.42636173963546753,0.9236931800842285,0.49283522367477417,0.5696550607681274,0.12868033349514008,0.16785869002342224,0.4993223249912262,0.5879009962081909,-0.405012309551239,0.9196307063102722,0.4884694218635559,0.5664166808128357,0.15199030935764313,0.17637141048908234,0.49851423501968384,0.5753163695335388,-0.362333744764328,0.8756736516952515,0.3482529819011688,0.541995108127594,0.18148401379585266,0.9991239905357361,0.32605215907096863,0.5532522201538086,-0.18108221888542175,0.9997143745422363,0.3646242320537567,0.6933488249778748,0.2257433384656906,0.2507024109363556,0.34708672761917114,0.7209187150001526,-0.17277440428733826,0.935894250869751,0.3674347400665283,0.8599702715873718,0.37775155901908875,0.46165740489959717,0.3499460816383362,0.9014126062393188,-0.06265036761760712,0.9486448168754578,0.3539069592952728,0.8871763348579407,0.38590312004089355,0.5964439511299133,0.32787877321243286,0.9378949999809265,-0.05786516144871712,0.9188535213470459,0.4395138621330261,0.8916381001472473,0.314540833234787,0.6364384889602661,0.42255282402038574,0.9462865591049194,-0.16829471290111542,0.9378270506858826
131,0.5579531788825989,0.32318490743637085,-0.09289859235286713,0.9989796876907349,0.5588944554328918,0.30498865246772766,-0.07314359396696091,0.9987236261367798,0.5569000244140625,0.3031035363674164,-0.07320420444011688,0.9985634088516235,0.5544250011444092,0.3010498881340027,-0.07328817248344421,0.9989420175552368,0.5583586096763611,0.305320143699646,-0.13445061445236206,0.9986522197723389,0.5560997724533081,0.3037169575691223,-0.13461700081825256,0.9984503984451294,0.5534300208091736,0.3017994165420532,-0.13465838134288788,0.9988505244255066,0.5288881063461304,0.2935074269771576,0.03414946421980858,0.996907114982605,0.5263748168945312,0.2932623624801636,-0.23834188282489777,0.9981996417045593,0.5400671362876892,0.3299623727798462,-0.04598013311624527,0.9987124800682068,0.5397526025772095,0.3296690583229065,-0.1256944239139557,0.9990532994270325,0.4589395523071289,0.34479856491088867,0.21956069767475128,0.999596357345581,0.4530884325504303,0.3525277376174927,-0.3749336302280426,0.9999193549156189,0.42393070459365845,0.45113545656204224,0.30111390352249146,0.11818821728229523,0.4285120368003845,0.4688637852668762,-0.4574491083621979,0.979488730430603,0.47856736183166504,0.5494369268417358,0.18870659172534943,0.16369114816188812,0.4776243567466736,0.556363582611084,-0.38680148124694824,0.9534972310066223,0.4926839768886566,0.5659869909286499,0.19191597402095795,0.16400258243083954,0.4868188798427582,0.574479341506958,-0.4424096941947937,0.9226610660552979,0.5012270212173462,0.5686041712760925,0.13727304339408875,0.169510617852211,0.497187077999115,0.5671215057373047,-0.41858190298080444,0.9185507297515869,0.4956384599208832,0.5650858283042908,0.1592922955751419,0.17807519435882568,0.49070143699645996,0.5598449110984802,-0.3770032525062561,0.8744434118270874,0.348064124584198,0.5414921045303345,0.18396711349487305,0.99906325340271,0.3231378495693207,0.5465341210365295,-0.18354737758636475,0.9996867775917053,0.3639978766441345,0.691546618938446,0.19791068136692047,0.250262588262558,0.3442087769508362,0.7176322937011719,-0.20256730914115906,0.9347294569015503,0.3659288287162781,0.8627071380615234,0.3163553476333618,0.46028584241867065,0.35247382521629333,0.9012944102287292,-0.11231216043233871,0.947685718536377,0.3530660569667816,0.8882978558540344,0.3210121989250183,0.5951880812644958,0.33063095808029175,0.9308204650878906,-0.11020133644342422,0.9177955389022827,0.4420951008796692,0.8957424163818359,0.24249760806560516,0.6343342661857605,0.42461806535720825,0.9404964447021484,-0.23110505938529968,0.9365797638893127
132,0.5537921786308289,0.3197981119155884,-0.10506387054920197,0.9989755153656006,0.555767834186554,0.3019251227378845,-0.08604239672422409,0.9987194538116455,0.5539726614952087,0.30015799403190613,-0.08613403886556625,0.9985591173171997,0.5513357520103455,0.2979263663291931,-0.08622509241104126,0.9989385604858398,0.555404543876648,0.30229729413986206,-0.14595293998718262,0.9986387491226196,0.5528261065483093,0.3003786504268646,-0.14612846076488495,0.9984334111213684,0.5503345727920532,0.29854390025138855,-0.14616842567920685,0.9988391995429993,0.5268445611000061,0.29139888286590576,0.020016919821500778,0.9968991279602051,0.5248404145240784,0.2914753258228302,-0.24665026366710663,0.9981883764266968,0.538497805595398,0.32710185647010803,-0.05861932784318924,0.9987232685089111,0.5379418134689331,0.32686275243759155,-0.13658741116523743,0.9990538954734802,0.456633985042572,0.34240785241127014,0.19807091355323792,0.999589741230011,0.4562153220176697,0.34995347261428833,-0.3794466555118561,0.9999147057533264,0.43409425020217896,0.45539623498916626,0.27952149510383606,0.119735486805439,0.43852314352989197,0.4729844033718109,-0.4573862552642822,0.9793376922607422,0.47273388504981995,0.5484980344772339,0.1755189597606659,0.16416116058826447,0.47933831810951233,0.5589784383773804,-0.38113635778427124,0.953018307685852,0.4838651120662689,0.5669633150100708,0.1764654517173767,0.16422735154628754,0.4982297420501709,0.580541729927063,-0.4353509843349457,0.921760618686676,0.4912986755371094,0.5689811110496521,0.12486348301172256,0.1696341186761856,0.5034087896347046,0.5745359063148499,-0.41230812668800354,0.9176115393638611,0.4867165982723236,0.564792275428772,0.1476685255765915,0.17820364236831665,0.4966750741004944,0.566742479801178,-0.3713328242301941,0.8734634518623352,0.3543940484523773,0.5420035123825073,0.17635588347911835,0.9990373849868774,0.32400810718536377,0.5449377298355103,-0.17593078315258026,0.9996697902679443,0.37428632378578186,0.6990269422531128,0.1896859109401703,0.25621289014816284,0.34476983547210693,0.7134617567062378,-0.19481076300144196,0.9350957870483398,0.37534087896347046,0.8643280863761902,0.30539166927337646,0.46478644013404846,0.35716164112091064,0.9145358204841614,-0.08552540838718414,0.9473394751548767,0.366321861743927,0.8996915817260742,0.30952972173690796,0.596272349357605,0.3369155824184418,0.9450971484184265,-0.08110319823026657,0.9169126152992249,0.44360223412513733,0.9058806300163269,0.22328880429267883,0.6358103156089783,0.42763036489486694,0.9478133916854858,-0.19954544305801392,0.9358448386192322
133,0.5549697875976562,0.3204828202724457,-0.09872370213270187,0.9989588856697083,0.5568755865097046,0.30270126461982727,-0.07998975366353989,0.9986986517906189,0.5553116798400879,0.3011573255062103,-0.08006294071674347,0.9985384941101074,0.5533073544502258,0.2996196150779724,-0.08013825118541718,0.9989250302314758,0.5560219883918762,0.30259376764297485,-0.1400139331817627,0.9986096620559692,0.5539120435714722,0.30101174116134644,-0.14018116891384125,0.9984023571014404,0.5513962507247925,0.299323171377182,-0.14020231366157532,0.9988158345222473,0.5279918909072876,0.2915579676628113,0.023503512144088745,0.9968684315681458,0.5251182913780212,0.290741890668869,-0.2433272898197174,0.9981592297554016,0.5397267937660217,0.3286738395690918,-0.053139567375183105,0.9987176656723022,0.5388244390487671,0.3277518153190613,-0.13122333586215973,0.9990400075912476,0.45871806144714355,0.342722624540329,0.20263616740703583,0.999587893486023,0.45378199219703674,0.34981176257133484,-0.3754481375217438,0.9999120235443115,0.4340948462486267,0.4622936248779297,0.2827463746070862,0.12216313183307648,0.44007572531700134,0.47097247838974,-0.45174139738082886,0.9792173504829407,0.4725695550441742,0.5501858592033386,0.17061951756477356,0.16589808464050293,0.47834140062332153,0.5569016933441162,-0.377758264541626,0.952576220035553,0.4832230508327484,0.5685688853263855,0.17108717560768127,0.16561269760131836,0.48525696992874146,0.5796605348587036,-0.4317062795162201,0.921037495136261,0.4907379150390625,0.5690572261810303,0.12097015231847763,0.1710144430398941,0.5024892091751099,0.5774959921836853,-0.4102165102958679,0.916910707950592,0.4865099787712097,0.5648329257965088,0.14333878457546234,0.1794404238462448,0.49272385239601135,0.5662903785705566,-0.3685871362686157,0.8726089596748352,0.3514854311943054,0.5420757532119751,0.17892564833164215,0.9990091919898987,0.3233632445335388,0.5459692478179932,-0.17852693796157837,0.9996502995491028,0.364094614982605,0.695172131061554,0.20662495493888855,0.25668779015541077,0.3408532738685608,0.717035174369812,-0.18081454932689667,0.9349672198295593,0.36562371253967285,0.8634559512138367,0.3196186423301697,0.4650789797306061,0.35361602902412415,0.9046379327774048,-0.07826120406389236,0.9462519884109497,0.35851386189460754,0.8926206827163696,0.3230351507663727,0.5954667925834656,0.3317973017692566,0.9337841272354126,-0.07443937659263611,0.9155658483505249,0.4385983347892761,0.8930471539497375,0.23814627528190613,0.6347682476043701,0.4265124201774597,0.9542710185050964,-0.1890159696340561,0.9345699548721313
134,0.5539585947990417,0.31833353638648987,-0.10387293994426727,0.9989101886749268,0.5553833842277527,0.29905182123184204,-0.08535785228013992,0.998658299446106,0.5537044405937195,0.29746147990226746,-0.08546043932437897,0.9984913468360901,0.5516430139541626,0.29584258794784546,-0.08556096255779266,0.9988862872123718,0.5545241832733154,0.2993824779987335,-0.14531122148036957,0.9985566139221191,0.5522347688674927,0.2979874610900879,-0.1454753577709198,0.9983405470848083,0.5495454668998718,0.2963384687900543,-0.1455155611038208,0.9987659454345703,0.5262281894683838,0.2889251112937927,0.02065846137702465,0.9968063831329346,0.522776186466217,0.2887766659259796,-0.24568195641040802,0.9980989098548889,0.5376546382904053,0.32552674412727356,-0.056824691593647,0.9986732602119446,0.5366233587265015,0.32487398386001587,-0.13476267457008362,0.9989930391311646,0.45963168144226074,0.3443905711174011,0.20160141587257385,0.9995555281639099,0.45223578810691833,0.353638231754303,-0.3799852728843689,0.9999015927314758,0.43665704131126404,0.45320478081703186,0.28397446870803833,0.12097792327404022,0.4404467046260834,0.4717979431152344,-0.4564947187900543,0.9785057902336121,0.4723286032676697,0.5436617136001587,0.18519842624664307,0.16258293390274048,0.4824112355709076,0.5487684607505798,-0.3699732720851898,0.9505188465118408,0.4828476309776306,0.5611125230789185,0.18831667304039001,0.16213524341583252,0.49430209398269653,0.576334536075592,-0.4220341145992279,0.9181034564971924,0.48989734053611755,0.5628277659416199,0.13900069892406464,0.1674138307571411,0.5023698806762695,0.568618893623352,-0.400791734457016,0.9138613939285278,0.4855653643608093,0.5591832995414734,0.15860044956207275,0.17598465085029602,0.49583134055137634,0.5617868900299072,-0.360525906085968,0.868958055973053,0.3480950891971588,0.5439049601554871,0.17488020658493042,0.9989680051803589,0.32272085547447205,0.5484165549278259,-0.17440316081047058,0.9996280670166016,0.36897462606430054,0.6955236792564392,0.182064488530159,0.2575758695602417,0.34038764238357544,0.7213605642318726,-0.2001226842403412,0.9334784150123596,0.3739054203033447,0.8629001379013062,0.28470033407211304,0.46302294731140137,0.3535463511943817,0.9127293825149536,-0.10602209717035294,0.9441837668418884,0.3630034029483795,0.8975433111190796,0.28777065873146057,0.5929245352745056,0.3319694399833679,0.9424689412117004,-0.1028476357460022,0.9135022759437561,0.4493027329444885,0.890781044960022,0.20266053080558777,0.6316161751747131,0.42686954140663147,0.9627536535263062,-0.22206929326057434,0.9322669506072998
135,0.5556795597076416,0.3162585496902466,-0.10753621906042099,0.9988512992858887,0.5560629963874817,0.298054963350296,-0.08718553185462952,0.9985904097557068,0.5542856454849243,0.29647091031074524,-0.0872781053185463,0.9984108805656433,0.5519495606422424,0.2947686016559601,-0.08738062530755997,0.9988280534744263,0.5553072690963745,0.298176646232605,-0.14761531352996826,0.9984729886054993,0.5529597997665405,0.2965739369392395,-0.1477692425251007,0.9982448816299438,0.5499420166015625,0.2945701777935028,-0.14780433475971222,0.9986919164657593,0.5262013077735901,0.28606730699539185,0.025502551347017288,0.9966456294059753,0.521076500415802,0.28541603684425354,-0.2429531365633011,0.9979985356330872,0.5388410687446594,0.32355931401252747,-0.058800358325242996,0.9986342191696167,0.5379120111465454,0.3227936029434204,-0.13723993301391602,0.9989496469497681,0.4608895182609558,0.3459378778934479,0.21156184375286102,0.99953693151474,0.44824323058128357,0.34680914878845215,-0.38078221678733826,0.9998936653137207,0.43768683075904846,0.4579419195652008,0.2895287871360779,0.12419109046459198,0.42750638723373413,0.46960410475730896,-0.4654303193092346,0.9786405563354492,0.48517680168151855,0.5520479679107666,0.17274199426174164,0.16733188927173615,0.48742741346359253,0.5596848726272583,-0.39132896065711975,0.9508170485496521,0.4976615309715271,0.5709390640258789,0.17075157165527344,0.16615627706050873,0.4986742436885834,0.5803359746932983,-0.4462084174156189,0.9183213114738464,0.5046635866165161,0.5714492201805115,0.12139042466878891,0.17153824865818024,0.5091447234153748,0.5717735886573792,-0.42399024963378906,0.9140952229499817,0.4990702271461487,0.5669974088668823,0.14519286155700684,0.18022215366363525,0.5017789602279663,0.5637925267219543,-0.38150832056999207,0.8695583939552307,0.35442620515823364,0.5494113564491272,0.17833861708641052,0.9989194273948669,0.32134079933166504,0.5518912076950073,-0.17793866991996765,0.9995948672294617,0.3658168315887451,0.6997660398483276,0.2175770252943039,0.26015231013298035,0.3430370092391968,0.7207916378974915,-0.17075641453266144,0.932418167591095,0.365664541721344,0.8629525899887085,0.3341883718967438,0.46329912543296814,0.3485449552536011,0.9015086889266968,-0.05501169711351395,0.9418779015541077,0.35220304131507874,0.9036242365837097,0.33824536204338074,0.5910412669181824,0.3279780447483063,0.9397351145744324,-0.04981270059943199,0.9103195667266846,0.4382273554801941,0.9035520553588867,0.2533980906009674,0.6295941472053528,0.4257495403289795,0.9630993604660034,-0.1660854071378708,0.9294692873954773
136,0.5541464686393738,0.31667035818099976,-0.09710201621055603,0.9988238215446472,0.5560843348503113,0.2986968457698822,-0.0779731422662735,0.9985741376876831,0.5539308786392212,0.2968353033065796,-0.07807271927595139,0.9983946084976196,0.5518227219581604,0.29517480731010437,-0.07817832380533218,0.9988151788711548,0.5544172525405884,0.2982556223869324,-0.13692322373390198,0.9984478950500488,0.5521263480186462,0.29673537611961365,-0.13706906139850616,0.9982172846794128,0.5491966009140015,0.29480141401290894,-0.1370789110660553,0.9986666440963745,0.5267810225486755,0.2881069481372833,0.031140103936195374,0.9966583251953125,0.5208779573440552,0.2854594588279724,-0.23083826899528503,0.9979823231697083,0.5393028259277344,0.3248770236968994,-0.04925747960805893,0.9986270070075989,0.5371659994125366,0.32356777787208557,-0.12584686279296875,0.9989291429519653,0.45674413442611694,0.34255915880203247,0.20944194495677948,0.9995163679122925,0.4506240785121918,0.34939080476760864,-0.36414092779159546,0.9998847842216492,0.4349459111690521,0.4568171501159668,0.3046138882637024,0.1254979372024536,0.4371986389160156,0.4734903872013092,-0.43611112236976624,0.9781127572059631,0.4706593453884125,0.542657196521759,0.2157856523990631,0.1656559705734253,0.49253568053245544,0.5589190125465393,-0.3473198115825653,0.9482561945915222,0.4803348183631897,0.5633295774459839,0.21799986064434052,0.16416722536087036,0.5051151514053345,0.580829918384552,-0.3983142375946045,0.9146745800971985,0.48736661672592163,0.5644508004188538,0.1689453423023224,0.16947080194950104,0.5149532556533813,0.5715329647064209,-0.37729865312576294,0.9103956818580627,0.4830814003944397,0.5592739582061768,0.18967220187187195,0.17841504514217377,0.5070351958274841,0.562990128993988,-0.3374176621437073,0.8653765916824341,0.34718674421310425,0.5462441444396973,0.17252428829669952,0.9988367557525635,0.32169610261917114,0.5539930462837219,-0.17210231721401215,0.9995513558387756,0.36743998527526855,0.700626790523529,0.19799001514911652,0.2631776034832001,0.3462921380996704,0.7234445810317993,-0.17491444945335388,0.9315744042396545,0.37047454714775085,0.8666349649429321,0.3091681897640228,0.46161532402038574,0.3557914197444916,0.9135279655456543,-0.06989966332912445,0.94012451171875,0.36017459630966187,0.9048690795898438,0.3127833306789398,0.5868524312973022,0.3348575532436371,0.9395272135734558,-0.0652928352355957,0.9081646203994751,0.4411245286464691,0.9055444598197937,0.22910363972187042,0.624812662601471,0.42811352014541626,0.9640374183654785,-0.17994436621665955,0.9271106123924255
137,0.5540734529495239,0.31645336747169495,-0.09435232728719711,0.9987550973892212,0.5560458898544312,0.2971815764904022,-0.0758996531367302,0.9985060691833496,0.5546449422836304,0.29570528864860535,-0.07597552984952927,0.9983150959014893,0.5522123575210571,0.29369720816612244,-0.0760781466960907,0.99875408411026,0.5541742444038391,0.29775482416152954,-0.13293993473052979,0.9983698725700378,0.5511144995689392,0.29491037130355835,-0.13309159874916077,0.9981285929679871,0.5481284260749817,0.29302361607551575,-0.13309986889362335,0.998595118522644,0.5286834239959717,0.28831738233566284,0.029799770563840866,0.9965322017669678,0.5213222503662109,0.28567999601364136,-0.22340373694896698,0.9978781938552856,0.5402406454086304,0.32539331912994385,-0.04783652722835541,0.9985525012016296,0.5378934144973755,0.3244210481643677,-0.12194263935089111,0.9988632798194885,0.4596589505672455,0.34080830216407776,0.20426158607006073,0.9994872808456421,0.4472920000553131,0.3476390540599823,-0.35038426518440247,0.9998797178268433,0.43649187684059143,0.4557238519191742,0.290855348110199,0.1256479024887085,0.42685991525650024,0.4681929647922516,-0.4265095293521881,0.9774825572967529,0.4761401116847992,0.5422409772872925,0.19427144527435303,0.16512198746204376,0.48598113656044006,0.556346595287323,-0.3549503684043884,0.946353018283844,0.4878908693790436,0.5616596341133118,0.19513460993766785,0.16378474235534668,0.49744486808776855,0.5777621269226074,-0.40589943528175354,0.9121372699737549,0.4950023293495178,0.5633471012115479,0.1460380107164383,0.16909845173358917,0.5087169408798218,0.5687892436981201,-0.38480380177497864,0.9077913165092468,0.489973783493042,0.5589637160301208,0.16803444921970367,0.17810159921646118,0.5009048581123352,0.5601664185523987,-0.3454921841621399,0.8622826933860779,0.3557344675064087,0.5484426021575928,0.17034302651882172,0.9987656474113464,0.3209821879863739,0.5544880628585815,-0.16997352242469788,0.9995280504226685,0.3652302920818329,0.7012224197387695,0.18862488865852356,0.26289457082748413,0.34492379426956177,0.7219050526618958,-0.1757483184337616,0.9303989410400391,0.3677898049354553,0.8642846941947937,0.3085802495479584,0.45745447278022766,0.3579334020614624,0.9095990061759949,-0.08327538520097733,0.9390936493873596,0.35676851868629456,0.8939349055290222,0.31334811449050903,0.5831786394119263,0.3375855088233948,0.9337148666381836,-0.08010071516036987,0.9076116681098938,0.44045114517211914,0.8926470875740051,0.2364129275083542,0.6201193928718567,0.4315265715122223,0.9582893252372742,-0.19490796327590942,0.9258548617362976
138,0.5470840334892273,0.31424251198768616,-0.0979447066783905,0.998724639415741,0.5473278760910034,0.2950150966644287,-0.08026687055826187,0.9984887838363647,0.545791506767273,0.2936554551124573,-0.08036643266677856,0.9982854127883911,0.5418862104415894,0.29078954458236694,-0.080471932888031,0.9987345933914185,0.5454617142677307,0.2962220013141632,-0.135432630777359,0.9983409643173218,0.5430687069892883,0.29476383328437805,-0.1355692446231842,0.9980830550193787,0.5379229784011841,0.29157108068466187,-0.13558629155158997,0.9985597133636475,0.5196148753166199,0.2872995436191559,0.022834794595837593,0.9965077042579651,0.5152701735496521,0.28609710931777954,-0.22141225636005402,0.9978047013282776,0.5308811664581299,0.3215756118297577,-0.052242495119571686,0.9984834790229797,0.5288280248641968,0.321749746799469,-0.1238158568739891,0.9987873435020447,0.45745959877967834,0.34444230794906616,0.19338472187519073,0.9994484782218933,0.4473356604576111,0.35212090611457825,-0.3506086468696594,0.9998670220375061,0.4373362064361572,0.4572969973087311,0.26546356081962585,0.12550947070121765,0.4399557113647461,0.47140783071517944,-0.42852455377578735,0.9772034883499146,0.47796088457107544,0.5421483516693115,0.1704319417476654,0.16442498564720154,0.4934982359409332,0.5524242520332336,-0.356423556804657,0.9456287026405334,0.49126583337783813,0.5596107244491577,0.1732518970966339,0.16291597485542297,0.510934591293335,0.5730011463165283,-0.4068675935268402,0.9110608100891113,0.4977141320705414,0.5627990961074829,0.12413756549358368,0.1681990921497345,0.5177960395812988,0.5643588304519653,-0.38495469093322754,0.9065712690353394,0.49226880073547363,0.5593819618225098,0.14462903141975403,0.17736506462097168,0.5102266669273376,0.5578960180282593,-0.3468439280986786,0.8608875870704651,0.3515738844871521,0.5443979501724243,0.1626148223876953,0.9987270832061768,0.3227529525756836,0.5524865388870239,-0.16218149662017822,0.9995081424713135,0.37065377831459045,0.6964452266693115,0.15006089210510254,0.2691480219364166,0.3429495692253113,0.7156791687011719,-0.20043404400348663,0.9294494390487671,0.3686525821685791,0.8653010129928589,0.2531074583530426,0.4623143672943115,0.35270455479621887,0.9003667831420898,-0.11102525144815445,0.9379991888999939,0.3594527542591095,0.8942636251449585,0.25673359632492065,0.5850933194160461,0.3381807208061218,0.9314901232719421,-0.10825532674789429,0.9059454798698425,0.44032448530197144,0.8940092325210571,0.1726895272731781,0.6235508322715759,0.42758575081825256,0.9538633227348328,-0.23008103668689728,0.9247922897338867
139,0.5517110824584961,0.3146723806858063,-0.08078302443027496,0.9985552430152893,0.5535884499549866,0.2957756519317627,-0.06136519834399223,0.9983036518096924,0.551627516746521,0.29388976097106934,-0.061444394290447235,0.998079776763916,0.5498521327972412,0.2925527095794678,-0.061548031866550446,0.9985722899436951,0.5513085722923279,0.2954312562942505,-0.11870267242193222,0.998115599155426,0.5488464832305908,0.2939874231815338,-0.11886151880025864,0.997827410697937,0.5457375645637512,0.29230624437332153,-0.11888536065816879,0.9983562231063843,0.5263699293136597,0.28701314330101013,0.04628812149167061,0.9960883855819702,0.5176800489425659,0.2836637496948242,-0.208509162068367,0.9975216388702393,0.537384569644928,0.3239266574382782,-0.03346491605043411,0.9982949495315552,0.5342996716499329,0.322411447763443,-0.10792367160320282,0.998612642288208,0.46684736013412476,0.3457466661930084,0.2194349765777588,0.9994037747383118,0.445035457611084,0.34502333402633667,-0.34020835161209106,0.9998515844345093,0.43900221586227417,0.4555869698524475,0.28632664680480957,0.12629489600658417,0.42745715379714966,0.466656357049942,-0.42769718170166016,0.9763371348381042,0.48027753829956055,0.5408631563186646,0.16797755658626556,0.16462822258472443,0.4804824888706207,0.5471309423446655,-0.358980268239975,0.9429818391799927,0.49278050661087036,0.5614787340164185,0.1673237383365631,0.1631387174129486,0.49084463715553284,0.5673021078109741,-0.4081413745880127,0.9074077606201172,0.49898356199264526,0.5622516870498657,0.1218930333852768,0.16842368245124817,0.500538170337677,0.5581827163696289,-0.38917407393455505,0.9028692245483398,0.49321961402893066,0.5569681525230408,0.14264072477817535,0.17756548523902893,0.4934784770011902,0.5501723289489746,-0.3500649333000183,0.8565952181816101,0.3578546941280365,0.5453923940658569,0.16931802034378052,0.9986435174942017,0.3231262266635895,0.5487040281295776,-0.16889359056949615,0.9994593262672424,0.36655646562576294,0.6967073082923889,0.13233891129493713,0.2682846486568451,0.3424578309059143,0.7151725888252258,-0.23387780785560608,0.926589846611023,0.36228254437446594,0.8579627275466919,0.1965603232383728,0.4587026834487915,0.34657904505729675,0.8990843892097473,-0.17793911695480347,0.934797465801239,0.3579457700252533,0.8931732177734375,0.19552646577358246,0.5825660228729248,0.3309449553489685,0.9284722208976746,-0.17856638133525848,0.9029296636581421,0.44311779737472534,0.8900038599967957,0.10287066549062729,0.6198503971099854,0.4245971739292145,0.9542091488838196,-0.30723756551742554,0.9219789505004883
140,0.5492313504219055,0.3127046823501587,-0.11182837188243866,0.9984861612319946,0.5497698783874512,0.2939990162849426,-0.09445266425609589,0.9982424974441528,0.5479955673217773,0.29230034351348877,-0.09453388303518295,0.9980109333992004,0.5458758473396301,0.2906528413295746,-0.09462270140647888,0.9985232949256897,0.54893559217453,0.2944774925708771,-0.1538349688053131,0.9980552196502686,0.5466791391372681,0.29312554001808167,-0.1539972722530365,0.997755765914917,0.5441851019859314,0.2917143702507019,-0.15404105186462402,0.9983044266700745,0.5212948322296143,0.28342488408088684,0.008960824459791183,0.9959786534309387,0.5192451477050781,0.2846607565879822,-0.25508639216423035,0.9974454641342163,0.5319896936416626,0.3189481198787689,-0.06519344449043274,0.9981860518455505,0.5309914350509644,0.31866294145584106,-0.14251039922237396,0.9985195994377136,0.44690489768981934,0.33438926935195923,0.1902499943971634,0.999372124671936,0.4545310139656067,0.35192742943763733,-0.3806185722351074,0.9998428821563721,0.42943161725997925,0.44423729181289673,0.2877293825149536,0.12369392067193985,0.4423937201499939,0.4734523892402649,-0.43890494108200073,0.9754142761230469,0.4705461859703064,0.5373815298080444,0.21618536114692688,0.1591402143239975,0.4969708025455475,0.5629667043685913,-0.33107149600982666,0.9398486614227295,0.4818302094936371,0.5532869100570679,0.2250240296125412,0.15760016441345215,0.507736325263977,0.5805146098136902,-0.37840092182159424,0.9030851125717163,0.4904347062110901,0.5565569400787354,0.17462047934532166,0.162650004029274,0.5140160322189331,0.5719388127326965,-0.356816828250885,0.8983946442604065,0.48637619614601135,0.5535908937454224,0.1904146373271942,0.17187120020389557,0.5069147348403931,0.5650879144668579,-0.32078689336776733,0.8512190580368042,0.34858301281929016,0.5400965213775635,0.17096976935863495,0.9985900521278381,0.3257771134376526,0.551400363445282,-0.1705201268196106,0.9994374513626099,0.36577466130256653,0.6915640234947205,0.1884143203496933,0.2699165344238281,0.3421784043312073,0.7176763415336609,-0.18439020216464996,0.9243821501731873,0.3662804365158081,0.8639683723449707,0.2955957055091858,0.4584491550922394,0.3511916399002075,0.9004982113838196,-0.08901871740818024,0.932504415512085,0.359551340341568,0.8951621055603027,0.2993771433830261,0.5806806683540344,0.3295775353908539,0.9307756423950195,-0.08574656397104263,0.8998348712921143,0.43966418504714966,0.8925167322158813,0.2145160436630249,0.6182330846786499,0.42399072647094727,0.9547233581542969,-0.20561635494232178,0.9194415211677551
141,0.5560294985771179,0.31349825859069824,-0.1133289784193039,0.998450756072998,0.5563878417015076,0.2953277826309204,-0.09270258992910385,0.9981927871704102,0.5548256635665894,0.2936747670173645,-0.09276653826236725,0.9979568123817444,0.5527876019477844,0.29203087091445923,-0.09283436834812164,0.9984826445579529,0.5551379323005676,0.29570871591567993,-0.15545059740543365,0.9980084300041199,0.5527482032775879,0.2943294644355774,-0.15562623739242554,0.9977036118507385,0.5498868823051453,0.29279881715774536,-0.15566661953926086,0.9982671141624451,0.5274356007575989,0.28470414876937866,0.018715597689151764,0.9957919716835022,0.5236511826515198,0.2853275537490845,-0.2598549425601959,0.9973793625831604,0.5426698923110962,0.32324934005737305,-0.0644589439034462,0.9981382489204407,0.5410357117652893,0.32270991802215576,-0.1459464728832245,0.9984859824180603,0.4578072130680084,0.33581849932670593,0.20639848709106445,0.999371349811554,0.4486515522003174,0.3528114855289459,-0.39710718393325806,0.9998423457145691,0.43543681502342224,0.4586264491081238,0.2945821285247803,0.12239719927310944,0.43699318170547485,0.4771840572357178,-0.4706495702266693,0.9750449657440186,0.47580036520957947,0.5370805859565735,0.18363317847251892,0.15818142890930176,0.4815126359462738,0.5559664964675903,-0.3748280107975006,0.9386704564094543,0.4880865216255188,0.5527299046516418,0.1846829205751419,0.15669330954551697,0.49035295844078064,0.5703955292701721,-0.4273621141910553,0.901209831237793,0.49627453088760376,0.554301381111145,0.13498076796531677,0.1617206335067749,0.5053144097328186,0.5663044452667236,-0.40827861428260803,0.89643794298172,0.49145227670669556,0.5510596632957458,0.15628322958946228,0.17092619836330414,0.4983842372894287,0.5589441061019897,-0.36583849787712097,0.8482749462127686,0.3568057417869568,0.5459626913070679,0.18738017976284027,0.9985924363136292,0.3244934678077698,0.5543593764305115,-0.18693749606609344,0.9994408488273621,0.3702083230018616,0.6928064227104187,0.22302627563476562,0.268973171710968,0.3412417769432068,0.7254561185836792,-0.1824493110179901,0.9248690605163574,0.36468660831451416,0.8574860692024231,0.35588914155960083,0.4584178626537323,0.3480662703514099,0.9086028337478638,-0.08034933358430862,0.9328628182411194,0.35962697863578796,0.8856514096260071,0.3613826334476471,0.5809919834136963,0.32802972197532654,0.9387248754501343,-0.07699437439441681,0.8996065258979797,0.4459388852119446,0.8874582052230835,0.28097957372665405,0.6185241937637329,0.4297664165496826,0.9663364291191101,-0.19977514445781708,0.9198200702667236
142,0.5529085397720337,0.31294485926628113,-0.08279888331890106,0.9984545111656189,0.5530362129211426,0.29481518268585205,-0.06527804583311081,0.9982007145881653,0.5511296987533569,0.29314884543418884,-0.06534552574157715,0.9979686737060547,0.5488039255142212,0.2915244698524475,-0.06541191041469574,0.998488187789917,0.5525785684585571,0.2953876852989197,-0.12740692496299744,0.998024046421051,0.5504236221313477,0.2941591143608093,-0.12756893038749695,0.9977239966392517,0.5478851795196533,0.29284432530403137,-0.12760236859321594,0.9982807636260986,0.5236197710037231,0.2840105891227722,0.03410809859633446,0.9958498477935791,0.5243068933486938,0.28681522607803345,-0.24221453070640564,0.9974208474159241,0.5372897386550903,0.3209933936595917,-0.037650298327207565,0.9981306195259094,0.5368520021438599,0.3206530213356018,-0.11860418319702148,0.9984834790229797,0.4472377896308899,0.32941585779190063,0.21310026943683624,0.9993546009063721,0.4582532048225403,0.34967583417892456,-0.3815370202064514,0.9998418688774109,0.4268189072608948,0.445869505405426,0.306660920381546,0.11877033859491348,0.4444100856781006,0.47229069471359253,-0.44980770349502563,0.9746971726417542,0.4687080979347229,0.5440150499343872,0.22645989060401917,0.15167586505413055,0.4932529926300049,0.5660816431045532,-0.34901466965675354,0.936653733253479,0.47872185707092285,0.5622113943099976,0.23566484451293945,0.15036913752555847,0.5043891072273254,0.5858860611915588,-0.4017788767814636,0.8983232975006104,0.48657846450805664,0.565381646156311,0.18238681554794312,0.15517030656337738,0.512026309967041,0.5795197486877441,-0.3775457739830017,0.8934281468391418,0.48348134756088257,0.5616538524627686,0.19911299645900726,0.1643819510936737,0.5055155158042908,0.5720680952072144,-0.33838197588920593,0.8445601463317871,0.34582632780075073,0.5427854657173157,0.18060287833213806,0.9985582232475281,0.3241824507713318,0.5528682470321655,-0.18013408780097961,0.9994341135025024,0.36239761114120483,0.6942093372344971,0.20519451797008514,0.2664615511894226,0.34454286098480225,0.7200897336006165,-0.18720757961273193,0.923652708530426,0.3603847622871399,0.8591219186782837,0.3231113851070404,0.4556228816509247,0.34656083583831787,0.902359127998352,-0.09000147134065628,0.9319936633110046,0.3581032454967499,0.8960369229316711,0.327545702457428,0.5783946514129639,0.3271147608757019,0.9382489323616028,-0.086916483938694,0.8989458680152893,0.44260311126708984,0.8906059265136719,0.24570925533771515,0.6149751543998718,0.42573899030685425,0.9543831944465637,-0.20393113791942596,0.9186854362487793
143,0.5514651536941528,0.3167326748371124,-0.0920398086309433,0.9984491467475891,0.5532975792884827,0.29884442687034607,-0.07102285325527191,0.9981908798217773,0.5515731573104858,0.29732075333595276,-0.07107402384281158,0.9979546666145325,0.5490360856056213,0.2956334054470062,-0.07113949209451675,0.9984655380249023,0.5521124005317688,0.29892855882644653,-0.1330820471048355,0.9980273246765137,0.5495549440383911,0.29743731021881104,-0.13324640691280365,0.9977327585220337,0.5460898876190186,0.2955389618873596,-0.13327927887439728,0.998278796672821,0.5243434906005859,0.2884766161441803,0.039727386087179184,0.9958083629608154,0.5194143056869507,0.2874620258808136,-0.23603253066539764,0.9974289536476135,0.537300705909729,0.3257754147052765,-0.04327451437711716,0.9981083273887634,0.5356781482696533,0.3245270550251007,-0.12396824359893799,0.9984827041625977,0.4581682085990906,0.3399614989757538,0.22023053467273712,0.9993350505828857,0.44447892904281616,0.35078033804893494,-0.378173291683197,0.9998432993888855,0.43749532103538513,0.4547702670097351,0.29591527581214905,0.11639165133237839,0.4368022084236145,0.4717445969581604,-0.4737113118171692,0.9746848940849304,0.4834226667881012,0.543034017086029,0.18890562653541565,0.14922377467155457,0.490955114364624,0.5598162412643433,-0.39861106872558594,0.9364173412322998,0.4971309304237366,0.561065137386322,0.19266219437122345,0.14819549024105072,0.49951663613319397,0.5808441638946533,-0.454190731048584,0.8977482318878174,0.5039235949516296,0.5640784502029419,0.14092585444450378,0.15299420058727264,0.5112322568893433,0.5752522349357605,-0.42991241812705994,0.8927627205848694,0.49848809838294983,0.5604263544082642,0.1612347960472107,0.16223470866680145,0.5043275952339172,0.5676820278167725,-0.3882482349872589,0.843454897403717,0.3559231460094452,0.5480179786682129,0.18390724062919617,0.9985649585723877,0.3208666443824768,0.5538531541824341,-0.18344712257385254,0.999447762966156,0.36489105224609375,0.6910828351974487,0.17504073679447174,0.2634166181087494,0.3465762734413147,0.720024824142456,-0.23821869492530823,0.9240157604217529,0.36481085419654846,0.8496670722961426,0.30346056818962097,0.4493360221385956,0.36131995916366577,0.9108883738517761,-0.16738323867321014,0.9327265620231628,0.353763610124588,0.8769960403442383,0.30949586629867554,0.5755337476730347,0.3330352306365967,0.9335463643074036,-0.1665872186422348,0.900507926940918,0.43857067823410034,0.8788789510726929,0.2315712720155716,0.6101014018058777,0.4381170868873596,0.9570460319519043,-0.29408392310142517,0.9195387959480286
144,0.551906943321228,0.3134804964065552,-0.13036881387233734,0.9983242750167847,0.5531291961669922,0.29472094774246216,-0.10878206789493561,0.9980431199073792,0.5514557957649231,0.29322350025177,-0.10887627303600311,0.9977784752845764,0.5493589639663696,0.2917451858520508,-0.10899065434932709,0.9983252882957458,0.5514445900917053,0.29562580585479736,-0.1672227680683136,0.997840166091919,0.5482571721076965,0.2939338684082031,-0.16739539802074432,0.9975096583366394,0.5450056195259094,0.2924496531486511,-0.16743925213813782,0.9981110095977783,0.5241579413414001,0.2866920530796051,0.009895119816064835,0.9953304529190063,0.5177437663078308,0.28578391671180725,-0.24979066848754883,0.9971329569816589,0.538212239742279,0.3229019045829773,-0.07918892055749893,0.9979643225669861,0.5361064672470093,0.32199400663375854,-0.15500444173812866,0.9983696937561035,0.46544337272644043,0.3439492881298065,0.19345149397850037,0.9993099570274353,0.4368066191673279,0.3480081558227539,-0.3800353407859802,0.999832034111023,0.436420738697052,0.45469942688941956,0.2625826895236969,0.1176949217915535,0.419159471988678,0.47379183769226074,-0.4647895395755768,0.9739898443222046,0.4868081510066986,0.5517643690109253,0.1353171169757843,0.15335361659526825,0.48151761293411255,0.5502318739891052,-0.39427679777145386,0.9359513521194458,0.5020150542259216,0.5703681707382202,0.1314263790845871,0.15283116698265076,0.49451661109924316,0.5680093169212341,-0.4455013871192932,0.8969393372535706,0.5083674192428589,0.5715113282203674,0.08275692164897919,0.15781529247760773,0.5039731860160828,0.5570745468139648,-0.4282762110233307,0.8918735384941101,0.5011166334152222,0.5670797824859619,0.10795804113149643,0.1670255959033966,0.4960784316062927,0.5503014326095581,-0.38636595010757446,0.8419560194015503,0.3605026304721832,0.5442115068435669,0.1781754046678543,0.9985334873199463,0.318569540977478,0.5494603514671326,-0.17776931822299957,0.9994324445724487,0.37859898805618286,0.6895935535430908,0.1578330397605896,0.26506078243255615,0.3387130796909332,0.7168532013893127,-0.2514347732067108,0.925643801689148,0.36531397700309753,0.852501392364502,0.27086585760116577,0.4518369138240814,0.3455463647842407,0.9014704823493958,-0.17531391978263855,0.9339028596878052,0.35874122381210327,0.8708292245864868,0.2753536105155945,0.5792856216430664,0.3270109295845032,0.9314483404159546,-0.17386312782764435,0.9014765024185181,0.44215670228004456,0.8810564279556274,0.1892690807580948,0.6127352714538574,0.4331049919128418,0.9622915983200073,-0.3105546236038208,0.9206712245941162
145,0.5524579286575317,0.31445547938346863,-0.1056988388299942,0.9982203841209412,0.5540860891342163,0.29595139622688293,-0.08519335091114044,0.9979199171066284,0.5521243810653687,0.2940545976161957,-0.08527710288763046,0.9976364970207214,0.5499443411827087,0.2923316955566406,-0.08538196235895157,0.9982129335403442,0.5527154207229614,0.29661309719085693,-0.1453837752342224,0.9976895451545715,0.5499855279922485,0.294866144657135,-0.14555475115776062,0.9973316788673401,0.546984851360321,0.29316815733909607,-0.1456087827682495,0.997974693775177,0.5248279571533203,0.28553682565689087,0.02527521178126335,0.9949621558189392,0.5200904607772827,0.2848201096057892,-0.2424159049987793,0.9969120025634766,0.5387588739395142,0.3228202164173126,-0.05738506838679314,0.9978427290916443,0.5374101400375366,0.3220493197441101,-0.13564863801002502,0.9982815384864807,0.45878511667251587,0.33824294805526733,0.2054482400417328,0.9992866516113281,0.4432600438594818,0.34737125039100647,-0.37806040048599243,0.9998246431350708,0.43111783266067505,0.4603424668312073,0.27467766404151917,0.11491602659225464,0.42435139417648315,0.4667700231075287,-0.4653264880180359,0.9731506705284119,0.4732479453086853,0.5485122799873352,0.1560322791337967,0.1514875888824463,0.48116955161094666,0.5507161021232605,-0.38754624128341675,0.9345963597297668,0.4867090582847595,0.5662175416946411,0.15629836916923523,0.15184944868087769,0.4918808341026306,0.5680760741233826,-0.4396365284919739,0.8949004411697388,0.4942505955696106,0.5682545900344849,0.1064445823431015,0.1568358838558197,0.5006057024002075,0.5591598749160767,-0.418643057346344,0.8896870017051697,0.4883492588996887,0.5641294717788696,0.12861701846122742,0.1659170240163803,0.4937036633491516,0.5523730516433716,-0.3783609867095947,0.8388844132423401,0.35810157656669617,0.5442543029785156,0.18142268061637878,0.9985157251358032,0.321804940700531,0.5494503974914551,-0.1809903234243393,0.9994269013404846,0.3741929531097412,0.6877241730690002,0.17275473475456238,0.26450493931770325,0.3401413559913635,0.7234975099563599,-0.2356080263853073,0.9264522194862366,0.3672214150428772,0.8506582975387573,0.28966623544692993,0.45251014828681946,0.34561780095100403,0.907788097858429,-0.15405389666557312,0.9346963763237,0.3531258702278137,0.8777427673339844,0.2943565249443054,0.5807932615280151,0.32946649193763733,0.9372808337211609,-0.152211531996727,0.9022027850151062,0.4436275064945221,0.891825795173645,0.2106231451034546,0.6135619282722473,0.43158087134361267,0.9673595428466797,-0.28136730194091797,0.9213896989822388
146,0.5525463819503784,0.3120330572128296,-0.12664468586444855,0.998106062412262,0.5536107420921326,0.2940407693386078,-0.10657360404729843,0.9977960586547852,0.551969051361084,0.2924354374408722,-0.1066724881529808,0.9974901676177979,0.5497180223464966,0.2897839844226837,-0.10679501295089722,0.998107373714447,0.5526795387268066,0.2943115234375,-0.1671263873577118,0.9975493550300598,0.549861490726471,0.29253584146499634,-0.1672983467578888,0.9971626996994019,0.5470699667930603,0.29106518626213074,-0.167352095246315,0.9978536367416382,0.5247372984886169,0.28411972522735596,0.004120879806578159,0.9946584701538086,0.5210707783699036,0.28442633152008057,-0.2651974558830261,0.9967153072357178,0.5385563373565674,0.32157841324806213,-0.07804745435714722,0.9977315068244934,0.5373496413230896,0.32056838274002075,-0.15683773159980774,0.9981856942176819,0.45770373940467834,0.33472561836242676,0.18862105906009674,0.9992561340332031,0.44561758637428284,0.3502524197101593,-0.39734193682670593,0.9998145699501038,0.43387359380722046,0.4590335786342621,0.2772276997566223,0.1122957244515419,0.43148332834243774,0.47694143652915955,-0.46964603662490845,0.9719287157058716,0.4803445339202881,0.5494085550308228,0.17588216066360474,0.1493331491947174,0.4812636375427246,0.5553654432296753,-0.37616416811943054,0.9329091906547546,0.4941965937614441,0.5663524866104126,0.179208904504776,0.15055117011070251,0.49241214990615845,0.5715848803520203,-0.42661023139953613,0.8926194906234741,0.5016872882843018,0.5681643486022949,0.1272386908531189,0.15560129284858704,0.5095864534378052,0.5654568076133728,-0.40719762444496155,0.8872500658035278,0.49563103914260864,0.5644482970237732,0.14816370606422424,0.1648017317056656,0.5010077953338623,0.5605705976486206,-0.36723652482032776,0.8352715969085693,0.3544611930847168,0.5392652750015259,0.1814158409833908,0.9984710216522217,0.32163870334625244,0.5496274828910828,-0.18102377653121948,0.9994122982025146,0.38338762521743774,0.6770820021629333,0.17717427015304565,0.2645183205604553,0.3387072682380676,0.7194253206253052,-0.2173999845981598,0.9282963275909424,0.3832261562347412,0.8340943455696106,0.3034319281578064,0.45185062289237976,0.3470709025859833,0.9038427472114563,-0.12869998812675476,0.9359303712844849,0.36188748478889465,0.8602389097213745,0.3097696006298065,0.5809168815612793,0.3386804759502411,0.9413712620735168,-0.1256398856639862,0.9032588005065918,0.4417891502380371,0.8779522180557251,0.23282644152641296,0.6124739646911621,0.4329497218132019,0.9617908596992493,-0.24980410933494568,0.9220553040504456
147,0.5514146089553833,0.31139764189720154,-0.12205114215612411,0.9980854392051697,0.551522433757782,0.2918616533279419,-0.10194613039493561,0.9977515935897827,0.549633800983429,0.29017502069473267,-0.10202332586050034,0.9974446892738342,0.5473203659057617,0.2885195016860962,-0.10211487859487534,0.9980687499046326,0.5504376292228699,0.2927667498588562,-0.16232086718082428,0.9975041151046753,0.5480834245681763,0.2913760244846344,-0.16248467564582825,0.9971174001693726,0.5453456044197083,0.28996914625167847,-0.1625310778617859,0.9978145956993103,0.5220614075660706,0.28230616450309753,0.009066814556717873,0.9945363402366638,0.5190248489379883,0.28309309482574463,-0.2593187987804413,0.9966516494750977,0.5360156297683716,0.31998544931411743,-0.07335057109594345,0.9977036118507385,0.5351064205169678,0.3192313313484192,-0.15184661746025085,0.9981741309165955,0.45996108651161194,0.3375585675239563,0.19657224416732788,0.9992561936378479,0.4489174783229828,0.34674665331840515,-0.39088448882102966,0.999815821647644,0.43665647506713867,0.4610730707645416,0.2700486183166504,0.11313042044639587,0.4312371611595154,0.4759475290775299,-0.4773523211479187,0.97205650806427,0.49107351899147034,0.5559555888175964,0.1479518562555313,0.1518402099609375,0.4815976023674011,0.5565599203109741,-0.41192588210105896,0.9338383078575134,0.5063902735710144,0.5728176832199097,0.1478590965270996,0.15314151346683502,0.49219775199890137,0.5718226432800293,-0.46859654784202576,0.893889844417572,0.5137869119644165,0.5748761892318726,0.09401650726795197,0.15833553671836853,0.5063647031784058,0.5766656994819641,-0.4463706910610199,0.8885684609413147,0.507470965385437,0.5714641809463501,0.11865117400884628,0.16754941642284393,0.5000155568122864,0.5615667104721069,-0.40300312638282776,0.8368385434150696,0.35117027163505554,0.5416442155838013,0.18202358484268188,0.9984729290008545,0.3201989233493805,0.5495047569274902,-0.1815960705280304,0.9994182586669922,0.36640939116477966,0.6858047246932983,0.18992972373962402,0.26140040159225464,0.3430470824241638,0.7204679250717163,-0.2188860923051834,0.9280020594596863,0.3618808388710022,0.8538737297058105,0.31471338868141174,0.44924336671829224,0.34754711389541626,0.9029265642166138,-0.1352909952402115,0.9361568093299866,0.3552946150302887,0.8781903982162476,0.32030636072158813,0.5800871253013611,0.3334209620952606,0.9342787861824036,-0.1335362046957016,0.9035086631774902,0.44415274262428284,0.8869472742080688,0.2392139434814453,0.6108720302581787,0.4284086227416992,0.93595951795578,-0.2601870000362396,0.9221810102462769
148,0.5492870211601257,0.3143918216228485,-0.14866560697555542,0.9981663823127747,0.5507317781448364,0.2962196171283722,-0.12554772198200226,0.9978250861167908,0.5492864847183228,0.2946256399154663,-0.1256256252527237,0.9975263476371765,0.5473520755767822,0.29305407404899597,-0.12573017179965973,0.9981293678283691,0.5493371486663818,0.29628241062164307,-0.18459326028823853,0.997596263885498,0.5469235181808472,0.294750452041626,-0.18476502597332,0.9972279071807861,0.5440369248390198,0.29307588934898376,-0.1847906857728958,0.9978951811790466,0.522793173789978,0.28489282727241516,-0.0024973079562187195,0.9946900010108948,0.5162166953086853,0.2835959792137146,-0.26538240909576416,0.9967559576034546,0.5345150232315063,0.322957843542099,-0.09667675197124481,0.9978030920028687,0.5325203537940979,0.32201606035232544,-0.17344188690185547,0.9982668161392212,0.4694010615348816,0.34454545378685,0.18615007400512695,0.9992854595184326,0.43197137117385864,0.3453002870082855,-0.39095693826675415,0.999823808670044,0.4581639766693115,0.4666188359260559,0.2580186128616333,0.12089402228593826,0.42631641030311584,0.4665820002555847,-0.48238810896873474,0.9727914929389954,0.5169941782951355,0.5637447237968445,0.12410663068294525,0.16553154587745667,0.481883704662323,0.5575202703475952,-0.43545031547546387,0.9364669322967529,0.5350440740585327,0.5819928050041199,0.11956678330898285,0.1660439819097519,0.4928351938724518,0.5740155577659607,-0.4918367862701416,0.8975628018379211,0.5407424569129944,0.5831813216209412,0.06586946547031403,0.17175628244876862,0.5098004937171936,0.5690426826477051,-0.47211185097694397,0.8924267888069153,0.5324366688728333,0.5793595314025879,0.09438002109527588,0.18055716156959534,0.49913865327835083,0.5620893836021423,-0.42771515250205994,0.8416979312896729,0.3644663393497467,0.54360431432724,0.18400517106056213,0.9985139966011047,0.31824398040771484,0.5494023561477661,-0.18366609513759613,0.999444305896759,0.3768603205680847,0.6885701417922974,0.21548911929130554,0.26516541838645935,0.3450559377670288,0.7164378762245178,-0.2448824942111969,0.9318757057189941,0.36646437644958496,0.8463417291641235,0.3908562958240509,0.4525163769721985,0.36546820402145386,0.9123223423957825,-0.15203501284122467,0.9398112297058105,0.3561742901802063,0.8612474203109741,0.40166062116622925,0.5842750072479248,0.33204185962677,0.9340284466743469,-0.14862021803855896,0.907820463180542,0.4405739903450012,0.8780852556228638,0.32754629850387573,0.6146027445793152,0.4313128590583801,0.9432045221328735,-0.2789240777492523,0.9260707497596741
149,0.5476654171943665,0.3111438453197479,-0.14172764122486115,0.998223602771759,0.5489767789840698,0.2936183512210846,-0.11770641803741455,0.9978845715522766,0.5475092530250549,0.29229915142059326,-0.11778261512517929,0.9975894093513489,0.5452889204025269,0.29096919298171997,-0.11785602569580078,0.9981662631034851,0.5469166040420532,0.2933400273323059,-0.17639338970184326,0.9976609349250793,0.5444177389144897,0.29199662804603577,-0.17657706141471863,0.9973043203353882,0.5413874387741089,0.2905375063419342,-0.17662212252616882,0.9979471564292908,0.5204253792762756,0.2853824198246002,0.010033191181719303,0.9947422742843628,0.5131758451461792,0.28305089473724365,-0.25068145990371704,0.9968356490135193,0.5336633324623108,0.32138532400131226,-0.08734047412872314,0.9978719353675842,0.5311092138290405,0.3198474943637848,-0.16335579752922058,0.998331606388092,0.46360278129577637,0.35180723667144775,0.1967824250459671,0.9993132948875427,0.4270118176937103,0.34771713614463806,-0.3808017373085022,0.9998288154602051,0.4472582936286926,0.4678660035133362,0.24366600811481476,0.12822966277599335,0.4121192395687103,0.47776538133621216,-0.48728084564208984,0.9735829830169678,0.5032891631126404,0.5543174743652344,0.09686468541622162,0.17679478228092194,0.4824342131614685,0.5560710430145264,-0.43688473105430603,0.9386283159255981,0.5206418633460999,0.5710456371307373,0.08948396146297455,0.1757494956254959,0.4952370226383209,0.5705575346946716,-0.4915343225002289,0.9001229405403137,0.5265692472457886,0.5713872313499451,0.043776821345090866,0.18150843679904938,0.5015897750854492,0.5589920282363892,-0.47022247314453125,0.8949893712997437,0.5181372165679932,0.567874550819397,0.07024075835943222,0.19001081585884094,0.5003992915153503,0.5533018112182617,-0.4276052415370941,0.8446695804595947,0.36200466752052307,0.5485743284225464,0.17670129239559174,0.998580276966095,0.31267276406288147,0.5508583784103394,-0.17624779045581818,0.9994632005691528,0.3678777515888214,0.6957236528396606,0.13014620542526245,0.2691466212272644,0.3438087999820709,0.709601879119873,-0.3025224506855011,0.932479202747345,0.3571590483188629,0.8598031997680664,0.23427383601665497,0.45920509099960327,0.35305655002593994,0.9030570983886719,-0.23492531478405,0.9400402307510376,0.3458675742149353,0.8848192095756531,0.23755288124084473,0.5911213755607605,0.3231827914714813,0.9319485425949097,-0.23458942770957947,0.9079970121383667,0.43450307846069336,0.8919966816902161,0.13658790290355682,0.6220029592514038,0.42484092712402344,0.9356239438056946,-0.38417020440101624,0.9271378517150879
150,0.5444306135177612,0.31195709109306335,-0.16628430783748627,0.9982703328132629,0.5456637740135193,0.293046236038208,-0.1412162482738495,0.9979183077812195,0.5443557500839233,0.29157936573028564,-0.14129212498664856,0.9976207613945007,0.5426319241523743,0.2901168763637543,-0.14137057960033417,0.9981871247291565,0.5434379577636719,0.29252877831459045,-0.2012324035167694,0.9976982474327087,0.5404016375541687,0.29053154587745667,-0.20142026245594025,0.9973509907722473,0.5367841720581055,0.28818580508232117,-0.20146846771240234,0.9979823231697083,0.5193920731544495,0.2837631404399872,-0.006109968759119511,0.9947080016136169,0.5102771520614624,0.27905479073524475,-0.2725089490413666,0.9968791007995605,0.5303236246109009,0.3201832175254822,-0.10921619087457657,0.9979304075241089,0.5275627970695496,0.3185669779777527,-0.1868613064289093,0.9983786344528198,0.4692046046257019,0.349668949842453,0.19117088615894318,0.9993387460708618,0.4212753176689148,0.34139734506607056,-0.40257567167282104,0.9998324513435364,0.45869892835617065,0.46711164712905884,0.2392263412475586,0.14056658744812012,0.40871185064315796,0.464343786239624,-0.51627117395401,0.9747413396835327,0.5121698975563049,0.5677465200424194,0.07363122701644897,0.19482965767383575,0.4781249165534973,0.5617183446884155,-0.4820258617401123,0.9417895674705505,0.5284594297409058,0.5886685252189636,0.06075306609272957,0.19096560776233673,0.4878336787223816,0.5856999754905701,-0.5429818630218506,0.9044407606124878,0.5319110155105591,0.5878301858901978,0.01154358685016632,0.19702750444412231,0.5046150088310242,0.5835984945297241,-0.5199079513549805,0.8994652032852173,0.5196391344070435,0.5812772512435913,0.04447764903306961,0.20504623651504517,0.4973219037055969,0.567898154258728,-0.47253042459487915,0.850448727607727,0.3611658811569214,0.5507997274398804,0.1795317828655243,0.998647928237915,0.3151993751525879,0.5510594844818115,-0.17915622889995575,0.9994789361953735,0.37161555886268616,0.7068156003952026,0.1267472803592682,0.2740391194820404,0.3405808210372925,0.7167659997940063,-0.2661344110965729,0.9319539070129395,0.36197879910469055,0.8614650964736938,0.22187452018260956,0.46677157282829285,0.35593917965888977,0.9021037220954895,-0.1829299032688141,0.9392876625061035,0.349653422832489,0.8989575505256653,0.2237473726272583,0.5980830192565918,0.3282570242881775,0.9267522692680359,-0.1815095692873001,0.9070712327957153,0.4337901175022125,0.901678204536438,0.11482594162225723,0.6300283074378967,0.4217948019504547,0.9324442148208618,-0.32818832993507385,0.9272427558898926
151,0.5439934134483337,0.31059855222702026,-0.1472984403371811,0.9982938170433044,0.5453100204467773,0.2926485240459442,-0.12290231883525848,0.9979120492935181,0.5436872243881226,0.29105597734451294,-0.12296819686889648,0.9976075887680054,0.5420222282409668,0.2897703945636749,-0.12307705730199814,0.9981673359870911,0.5429579615592957,0.2920071482658386,-0.1788921058177948,0.9976997971534729,0.5403308272361755,0.29032889008522034,-0.17907048761844635,0.9973616600036621,0.5371374487876892,0.2884182333946228,-0.1791028082370758,0.9979828000068665,0.5181525349617004,0.2835571765899658,0.005406320095062256,0.994631826877594,0.5088843703269958,0.2793922424316406,-0.24353978037834167,0.9968795776367188,0.5309683084487915,0.3200531601905823,-0.09350477904081345,0.9979503750801086,0.5278531312942505,0.3179745078086853,-0.16612163186073303,0.998417854309082,0.4732138514518738,0.351683109998703,0.1930897980928421,0.9993543028831482,0.41794461011886597,0.33897972106933594,-0.3638572096824646,0.9998385906219482,0.46702176332473755,0.4713653028011322,0.2400539219379425,0.15269117057323456,0.3941282629966736,0.45896363258361816,-0.47513237595558167,0.9751937985420227,0.5163129568099976,0.5652225613594055,0.0815974548459053,0.21441958844661713,0.4581080377101898,0.554469108581543,-0.45961079001426697,0.9437741041183472,0.5547107458114624,0.5901637673377991,0.07182789593935013,0.20817191898822784,0.4729166626930237,0.578616738319397,-0.5163722038269043,0.9073386192321777,0.5578511953353882,0.5903624296188354,0.022991064935922623,0.21466931700706482,0.47984975576400757,0.5690164566040039,-0.4972692131996155,0.9025465250015259,0.5475619435310364,0.5850270986557007,0.05313367769122124,0.22205336391925812,0.4782496392726898,0.5606091618537903,-0.4520445466041565,0.8546704649925232,0.3607415556907654,0.5511115789413452,0.17385031282901764,0.9986868500709534,0.3117106556892395,0.546855092048645,-0.17355658113956451,0.9994946122169495,0.3637310862541199,0.700062096118927,0.16901497542858124,0.2758522033691406,0.34668177366256714,0.7127245664596558,-0.2733335494995117,0.9326456785202026,0.3555670976638794,0.8494740724563599,0.29488205909729004,0.46937090158462524,0.35831281542778015,0.9006173014640808,-0.2055969536304474,0.9404891133308411,0.3386825919151306,0.8770187497138977,0.29978427290916443,0.6012064814567566,0.3264063000679016,0.924839198589325,-0.205496147274971,0.908471405506134,0.43087393045425415,0.8924692869186401,0.20511873066425323,0.6337078809738159,0.42278823256492615,0.9437915682792664,-0.35265859961509705,0.9290168285369873
152,0.5408014059066772,0.30890628695487976,-0.22779110074043274,0.9983571767807007,0.5424543619155884,0.289573073387146,-0.19802536070346832,0.9979536533355713,0.5415221452713013,0.28854838013648987,-0.19815653562545776,0.9976456165313721,0.5403204560279846,0.2876032292842865,-0.19826804101467133,0.9981840252876282,0.5392481684684753,0.288432776927948,-0.2498486042022705,0.9977555274963379,0.534246563911438,0.28540948033332825,-0.25001025199890137,0.9974362254142761,0.5307273268699646,0.2832350432872772,-0.25005581974983215,0.9980342388153076,0.5189974308013916,0.2847490906715393,-0.04414021968841553,0.9945963621139526,0.5015937685966492,0.2750534415245056,-0.2738571763038635,0.9969543814659119,0.5259699821472168,0.319242000579834,-0.16579803824424744,0.9980112910270691,0.5215155482292175,0.31721264123916626,-0.2326313704252243,0.9984863996505737,0.483562707901001,0.3585893511772156,0.14409418404102325,0.9993709921836853,0.40332531929016113,0.33531105518341064,-0.37898021936416626,0.9998409152030945,0.4843503534793854,0.46991854906082153,0.17029604315757751,0.19021888077259064,0.365665078163147,0.4508039951324463,-0.509093701839447,0.9765831828117371,0.5468880534172058,0.5654755234718323,-0.009662914089858532,0.2574450671672821,0.4401123523712158,0.543613612651825,-0.5194909572601318,0.9475181102752686,0.5835161209106445,0.5922080874443054,-0.0299039576202631,0.2436557114124298,0.4540185332298279,0.5692116022109985,-0.5769568681716919,0.9126660227775574,0.5837260484695435,0.5917598009109497,-0.07576845586299896,0.2505846321582794,0.47152644395828247,0.5598294734954834,-0.5610712766647339,0.908184289932251,0.5709882378578186,0.5855870842933655,-0.03805498033761978,0.25676748156547546,0.46418434381484985,0.5510443449020386,-0.5132783055305481,0.8627075552940369,0.3747030198574066,0.5567775964736938,0.161206915974617,0.9987384080886841,0.3124176263809204,0.547461986541748,-0.16085675358772278,0.9995089173316956,0.3841988444328308,0.7117046117782593,0.09485290199518204,0.30211910605430603,0.3459390103816986,0.7160854339599609,-0.3138212561607361,0.9358878135681152,0.3616512417793274,0.8665527105331421,0.2228672057390213,0.4887644648551941,0.35987088084220886,0.9081934094429016,-0.24133364856243134,0.9431612491607666,0.3434324562549591,0.8968817591667175,0.22771167755126953,0.6097045540809631,0.34153133630752563,0.9364892244338989,-0.2409825325012207,0.9088006615638733,0.4311169683933258,0.9112437963485718,0.1116030365228653,0.6487987041473389,0.4198972284793854,0.9528532028198242,-0.40843576192855835,0.9323038458824158
153,0.538541853427887,0.30899834632873535,-0.24831633269786835,0.9983855485916138,0.5420767664909363,0.2905467450618744,-0.2168034017086029,0.9979473948478699,0.5415260791778564,0.28946051001548767,-0.21693184971809387,0.9976361989974976,0.5406826734542847,0.2885570228099823,-0.21702945232391357,0.9981449246406555,0.5384410619735718,0.2896501421928406,-0.26501238346099854,0.9977629780769348,0.5354958772659302,0.2878431975841522,-0.2651647627353668,0.9974620342254639,0.5319775342941284,0.2857092022895813,-0.26519015431404114,0.9980361461639404,0.5202780961990356,0.2844391465187073,-0.050824712961912155,0.9943939447402954,0.5043212175369263,0.27630409598350525,-0.2659667432308197,0.9969481825828552,0.5260821580886841,0.31843745708465576,-0.181700199842453,0.9980179667472839,0.5209854245185852,0.31648316979408264,-0.2441953420639038,0.9985295534133911,0.4860149323940277,0.3570277690887451,0.13361285626888275,0.9993832111358643,0.3969091773033142,0.3322417140007019,-0.34684088826179504,0.9998422861099243,0.48553675413131714,0.47261375188827515,0.158854678273201,0.23145312070846558,0.3612476885318756,0.45723897218704224,-0.4563363492488861,0.9772387742996216,0.5625019073486328,0.5558109283447266,-0.03340573236346245,0.3018675148487091,0.43191617727279663,0.5365833044052124,-0.4792429804801941,0.9498899579048157,0.5874922871589661,0.5777331590652466,-0.05717303603887558,0.2811867892742157,0.4441062808036804,0.5560896992683411,-0.5324981212615967,0.9158042073249817,0.5881174802780151,0.5780349969863892,-0.10114336013793945,0.28852578997612,0.46084994077682495,0.5484480857849121,-0.5302723050117493,0.9116734266281128,0.5734273195266724,0.5710692405700684,-0.060546875,0.29350489377975464,0.45110923051834106,0.5388725399971008,-0.477763831615448,0.8678689002990723,0.3738042712211609,0.5468639731407166,0.1505105048418045,0.9987552165985107,0.3079370856285095,0.5401948690414429,-0.1501334011554718,0.9995092749595642,0.38341790437698364,0.6975399255752563,0.0702897161245346,0.33244338631629944,0.3488202691078186,0.6990777254104614,-0.36653509736061096,0.9391288757324219,0.362060010433197,0.8519576191902161,0.20648042857646942,0.5083460211753845,0.3463544547557831,0.8912988901138306,-0.3142988681793213,0.9458622932434082,0.3406308889389038,0.87684166431427,0.21193397045135498,0.6159288287162781,0.3281576931476593,0.920884907245636,-0.3162492513656616,0.9082552194595337,0.4245663285255432,0.9014171361923218,0.08901418000459671,0.6628848910331726,0.41334813833236694,0.9449766278266907,-0.5044629573822021,0.9355958104133606
154,0.5314109325408936,0.30003035068511963,-0.15873420238494873,0.998391330242157,0.5327110886573792,0.2811700105667114,-0.13894300162792206,0.9979557991027832,0.5313472747802734,0.2799803614616394,-0.13906101882457733,0.9976343512535095,0.5286532044410706,0.2782025933265686,-0.13918913900852203,0.9981611371040344,0.532667875289917,0.28156062960624695,-0.19080951809883118,0.9977788329124451,0.5292974710464478,0.2793908715248108,-0.19097939133644104,0.9974642992019653,0.5275570750236511,0.2782154977321625,-0.19103321433067322,0.9980483055114746,0.5089753270149231,0.2729862630367279,-0.029720932245254517,0.9944048523902893,0.507161021232605,0.2728392481803894,-0.25978872179985046,0.9968954920768738,0.5160838961601257,0.3074919581413269,-0.11218097060918808,0.9979652762413025,0.5149537324905396,0.30788329243659973,-0.17952916026115417,0.9984960556030273,0.44208773970603943,0.34113991260528564,0.14309391379356384,0.9993657469749451,0.43407782912254333,0.3488253355026245,-0.37404564023017883,0.9998357892036438,0.4454513490200043,0.46111440658569336,0.18790337443351746,0.2253788858652115,0.4324289858341217,0.48492398858070374,-0.44687390327453613,0.9759646654129028,0.5296029448509216,0.5483008027076721,0.05913925915956497,0.29808351397514343,0.4908014237880707,0.5560928583145142,-0.3904605805873871,0.9480632543563843,0.5527765154838562,0.5583986043930054,0.05271517485380173,0.2785052955150604,0.5086037516593933,0.5711835622787476,-0.43863973021507263,0.9131792783737183,0.561026930809021,0.5615652203559875,0.006306246854364872,0.2856551706790924,0.5184946060180664,0.5622256398200989,-0.422280877828598,0.9088668823242188,0.5511234998703003,0.560533881187439,0.03260169178247452,0.29054805636405945,0.5104849934577942,0.5567371845245361,-0.38389289379119873,0.864167332649231,0.3586530089378357,0.5458252429962158,0.16512468457221985,0.9987399578094482,0.319815069437027,0.5530382394790649,-0.1647569239139557,0.9995124340057373,0.3797435760498047,0.6901373863220215,0.21662402153015137,0.3356700837612152,0.34474146366119385,0.7216221690177917,-0.20021942257881165,0.9400801658630371,0.3686692714691162,0.84748375415802,0.40593066811561584,0.5140884518623352,0.35683882236480713,0.9107219576835632,-0.07499192655086517,0.9470624923706055,0.3515163064002991,0.8725913763046265,0.4182472229003906,0.6192363500595093,0.3329375386238098,0.9259505271911621,-0.06855614483356476,0.908508837223053,0.44090667366981506,0.8889347314834595,0.3393893837928772,0.6674618721008301,0.423126757144928,0.945411205291748,-0.1996278613805771,0.9366409778594971
155,0.5374675989151001,0.3060169219970703,-0.20360834896564484,0.998399555683136,0.5409979224205017,0.28851932287216187,-0.1733395755290985,0.9979526400566101,0.5404313802719116,0.2875846326351166,-0.17346656322479248,0.9976354241371155,0.5395509600639343,0.28684401512145996,-0.1735815703868866,0.9981457591056824,0.5374500155448914,0.28759074211120605,-0.22275081276893616,0.9977763295173645,0.5339925289154053,0.2856786847114563,-0.2229214459657669,0.9974772334098816,0.5302057862281799,0.2836294174194336,-0.22294163703918457,0.9980428218841553,0.518470287322998,0.2822475731372833,-0.01632513664662838,0.9943265318870544,0.5032330751419067,0.27501827478408813,-0.23576252162456512,0.996867835521698,0.5244356393814087,0.31639379262924194,-0.1403643786907196,0.9979463219642639,0.5197305679321289,0.31400009989738464,-0.20421011745929718,0.9984821677207947,0.48472657799720764,0.35739371180534363,0.1637592613697052,0.9993649125099182,0.3999239504337311,0.3313930630683899,-0.3363521695137024,0.999826192855835,0.47552648186683655,0.4728446900844574,0.18840205669403076,0.2513737678527832,0.38416796922683716,0.4608314633369446,-0.44460615515708923,0.9758638143539429,0.5504969358444214,0.5545576810836792,0.009744259528815746,0.32315972447395325,0.45929235219955444,0.5315815806388855,-0.42878979444503784,0.9478893876075745,0.5701062083244324,0.5770615339279175,-0.009892744943499565,0.29842379689216614,0.474541574716568,0.5535789728164673,-0.4758583605289459,0.912601888179779,0.5704815983772278,0.5751252174377441,-0.04816468805074692,0.30570417642593384,0.48557764291763306,0.5415943264961243,-0.46986111998558044,0.9085015058517456,0.5587232112884521,0.5681484937667847,-0.014976685866713524,0.31010332703590393,0.47797924280166626,0.5339716672897339,-0.42502397298812866,0.864283561706543,0.3729228377342224,0.5475146174430847,0.1545829027891159,0.9987728595733643,0.31134551763534546,0.5407894253730774,-0.1541491448879242,0.9995096325874329,0.38861533999443054,0.7024146318435669,0.03742535412311554,0.3546636700630188,0.34939128160476685,0.7033109068870544,-0.34847986698150635,0.9416758418083191,0.37162110209465027,0.8618304133415222,0.11591203510761261,0.52740478515625,0.3547396659851074,0.8983076214790344,-0.317632257938385,0.9481158256530762,0.36297374963760376,0.8911018371582031,0.11537593603134155,0.6247535347938538,0.32826799154281616,0.9232990145683289,-0.3211461901664734,0.9074562788009644,0.4407181143760681,0.9084914326667786,-0.011559152975678444,0.6783531308174133,0.4263058602809906,0.9411523938179016,-0.49843746423721313,0.9386464357376099
156,0.528633713722229,0.301392138004303,-0.2116285264492035,0.998454213142395,0.5318742990493774,0.2839139401912689,-0.17692135274410248,0.9980147480964661,0.5318883061408997,0.28332197666168213,-0.17706944048404694,0.9977044463157654,0.5316802263259888,0.2827908396720886,-0.17719689011573792,0.9981816411018372,0.5264094471931458,0.2819449305534363,-0.22114035487174988,0.9978444576263428,0.5234445333480835,0.28023284673690796,-0.22126877307891846,0.9975560307502747,0.517471432685852,0.2768633961677551,-0.22130544483661652,0.9980851411819458,0.5135431289672852,0.27893808484077454,-0.006414050702005625,0.9944303631782532,0.49773970246315,0.2717236876487732,-0.2031782567501068,0.9969199299812317,0.5166758298873901,0.3113429546356201,-0.14483368396759033,0.9979434013366699,0.5090048909187317,0.3082219958305359,-0.20219247043132782,0.9985118508338928,0.48747673630714417,0.36166566610336304,0.16817733645439148,0.99932461977005,0.39324429631233215,0.32298749685287476,-0.29662078619003296,0.9998120069503784,0.47607821226119995,0.47049999237060547,0.15681520104408264,0.2736074924468994,0.3646298348903656,0.42811647057533264,-0.4203874170780182,0.9758798480033875,0.5666278600692749,0.5578781962394714,-0.0490189753472805,0.3511787950992584,0.44176632165908813,0.5034376978874207,-0.4484395980834961,0.9485560059547424,0.5927050113677979,0.5793614983558655,-0.06970956921577454,0.3219931125640869,0.4492824077606201,0.5215173959732056,-0.49683934450149536,0.9131875038146973,0.5939987897872925,0.5799812078475952,-0.11107312142848969,0.3297445774078369,0.4623900353908539,0.5216132402420044,-0.49339237809181213,0.9093670845031738,0.5788787007331848,0.5724199414253235,-0.07504555583000183,0.33337315917015076,0.45777982473373413,0.5062111020088196,-0.44676366448402405,0.8664374947547913,0.37316352128982544,0.5476850271224976,0.14825783669948578,0.9987916946411133,0.312394917011261,0.5394549369812012,-0.1478191614151001,0.9995157718658447,0.3993530869483948,0.6912159323692322,0.047021593898534775,0.3830994665622711,0.3482460379600525,0.7094889879226685,-0.40567436814308167,0.9449447989463806,0.3671281933784485,0.8524497747421265,0.18999724090099335,0.5447005033493042,0.3492428958415985,0.9001476168632507,-0.37840795516967773,0.9510334730148315,0.3482465147972107,0.8707494735717773,0.1961153894662857,0.6286855340003967,0.32899826765060425,0.9293607473373413,-0.3822398781776428,0.9076437950134277,0.42977267503738403,0.8995363116264343,0.07431555539369583,0.6898038983345032,0.4203205108642578,0.9536542892456055,-0.5764118432998657,0.9420070648193359
157,0.5270401835441589,0.3040052056312561,-0.18220776319503784,0.9984928965568542,0.5318666100502014,0.28728732466697693,-0.1473042517900467,0.9980696439743042,0.5320680737495422,0.28705209493637085,-0.14741146564483643,0.997769296169281,0.5316219329833984,0.2875404953956604,-0.14752782881259918,0.9982112050056458,0.5263448357582092,0.2848331034183502,-0.19371916353702545,0.9979168176651001,0.5214449167251587,0.2822347581386566,-0.19393649697303772,0.9976456761360168,0.5174880027770996,0.27978262305259705,-0.193996399641037,0.9981405735015869,0.5135170221328735,0.2839655876159668,0.023530006408691406,0.9945581555366516,0.492252916097641,0.27284035086631775,-0.1848454773426056,0.9970065355300903,0.5156511664390564,0.3137064278125763,-0.11472711712121964,0.9979203939437866,0.505565881729126,0.31053298711776733,-0.175340935587883,0.9985363483428955,0.48752450942993164,0.3605039715766907,0.1977563053369522,0.9992985129356384,0.39099323749542236,0.3194229006767273,-0.27649593353271484,0.9998132586479187,0.47500619292259216,0.48061424493789673,0.1984964907169342,0.278329461812973,0.35790252685546875,0.4317031502723694,-0.4141693115234375,0.9743167757987976,0.5452840924263,0.5391587018966675,0.00935366004705429,0.35885462164878845,0.43704676628112793,0.48350492119789124,-0.45208311080932617,0.9451812505722046,0.5686956644058228,0.5552586317062378,-0.005993714556097984,0.32839199900627136,0.4499707818031311,0.4958581328392029,-0.4982597827911377,0.9089314937591553,0.5740627646446228,0.5539798736572266,-0.042876239866018295,0.3363409638404846,0.45415616035461426,0.4784757196903229,-0.4929618239402771,0.905358612537384,0.5605394244194031,0.5480441451072693,-0.014347745105624199,0.339221715927124,0.45292091369628906,0.478074848651886,-0.4494967460632324,0.8627989888191223,0.37241122126579285,0.5471569299697876,0.15180310606956482,0.9988364577293396,0.3076467216014862,0.5328516364097595,-0.1512943059206009,0.999538242816925,0.3942949175834656,0.6824012398719788,0.033317338675260544,0.3957173824310303,0.35330864787101746,0.7054678201675415,-0.4471769332885742,0.9461072087287903,0.3689526319503784,0.8485096096992493,0.12908439338207245,0.55208420753479,0.35422012209892273,0.9049270749092102,-0.46477070450782776,0.9527587294578552,0.3572273254394531,0.8650387525558472,0.1303103268146515,0.6326154470443726,0.3208659291267395,0.9303303956985474,-0.47268277406692505,0.9088670611381531,0.4367895722389221,0.8958203196525574,0.0036297582555562258,0.6971423029899597,0.42713961005210876,0.9742868542671204,-0.6741456389427185,0.9447768926620483
158,0.5198898315429688,0.3007183372974396,-0.0875287801027298,0.9985431432723999,0.5258685946464539,0.2849615216255188,-0.053375739604234695,0.9981611967086792,0.5266495943069458,0.28543317317962646,-0.05344530940055847,0.9978664517402649,0.5271256566047668,0.28593575954437256,-0.05355820804834366,0.9982843399047852,0.5181872844696045,0.28019505739212036,-0.09963810443878174,0.998025119304657,0.5150299668312073,0.277015745639801,-0.09983732551336288,0.997767448425293,0.5110954642295837,0.2743018567562103,-0.0998835414648056,0.9982309937477112,0.5107782483100891,0.28278473019599915,0.11503614485263824,0.9948393106460571,0.48805564641952515,0.26853203773498535,-0.09213663637638092,0.9971610903739929,0.5091309547424316,0.3121688663959503,-0.020206239074468613,0.9979280829429626,0.49910768866539,0.30762097239494324,-0.08071433752775192,0.9985443353652954,0.48134979605674744,0.3618524670600891,0.2686912715435028,0.9992491602897644,0.39568057656288147,0.30367493629455566,-0.20516283810138702,0.9998102784156799,0.4621025621891022,0.4653235077857971,0.26738521456718445,0.2741357088088989,0.38434863090515137,0.417048841714859,-0.3894345760345459,0.9735022783279419,0.5056036710739136,0.5106869339942932,0.09970521181821823,0.36173468828201294,0.44404149055480957,0.44468507170677185,-0.45779162645339966,0.9441584348678589,0.5200610160827637,0.5267321467399597,0.08371655642986298,0.3324959874153137,0.4631635248661041,0.45884618163108826,-0.5112879276275635,0.9085076451301575,0.5248347520828247,0.5226642489433289,0.05284702032804489,0.3408352732658386,0.4539950489997864,0.44886040687561035,-0.49585479497909546,0.9051137566566467,0.5154269337654114,0.5167864561080933,0.07877256721258163,0.3443223536014557,0.4653593599796295,0.4473123550415039,-0.45225581526756287,0.863997220993042,0.3717878758907318,0.5494800209999084,0.1470891535282135,0.9989076852798462,0.31110817193984985,0.5398716330528259,-0.14679089188575745,0.9995614886283875,0.3897981345653534,0.6999182105064392,0.04899919033050537,0.4120085537433624,0.34629958868026733,0.7166720628738403,-0.3038410544395447,0.9447230100631714,0.3624109923839569,0.8658672571182251,0.09137292951345444,0.5632840991020203,0.36065423488616943,0.9150582551956177,-0.3130403757095337,0.9523844718933105,0.34758907556533813,0.8928678631782532,0.08742661774158478,0.6365603804588318,0.3302425742149353,0.9332093000411987,-0.3192645311355591,0.9059541821479797,0.43101128935813904,0.9136875867843628,-0.039404354989528656,0.704808235168457,0.4275442063808441,0.986944317817688,-0.49561119079589844,0.9452174305915833
159,0.5242015719413757,0.30508777499198914,-0.19064150750637054,0.998508095741272,0.5312073230743408,0.288202702999115,-0.15716204047203064,0.9981536865234375,0.5317716002464294,0.28831613063812256,-0.1572362780570984,0.9978464245796204,0.5318595170974731,0.28841421008110046,-0.15736433863639832,0.998252272605896,0.5251420736312866,0.2842431664466858,-0.2049601823091507,0.9980413913726807,0.5201072096824646,0.28083041310310364,-0.20516061782836914,0.9977949261665344,0.5155290365219116,0.27739524841308594,-0.20518894493579865,0.998239278793335,0.5150021314620972,0.2841317057609558,0.023184770718216896,0.9948744177818298,0.4904967248439789,0.26730021834373474,-0.19119314849376678,0.9971780180931091,0.5106147527694702,0.3156326711177826,-0.11799705028533936,0.9978379607200623,0.5006144046783447,0.3118312656879425,-0.18046200275421143,0.9984912872314453,0.4854238033294678,0.3548988103866577,0.19729124009609222,0.9991662502288818,0.38719311356544495,0.3098376989364624,-0.28240934014320374,0.9997869729995728,0.47780126333236694,0.4439968466758728,0.239033505320549,0.2761245667934418,0.3827604651451111,0.41820770502090454,-0.4786671996116638,0.9717044234275818,0.5285557508468628,0.4952618181705475,0.0863267332315445,0.3653394877910614,0.4454461634159088,0.4357551634311676,-0.5830153226852417,0.9396880865097046,0.5450724959373474,0.5131770372390747,0.06934037059545517,0.336452841758728,0.4382990300655365,0.43964266777038574,-0.6405118703842163,0.9037087559700012,0.5483400821685791,0.5106925964355469,0.033033907413482666,0.3453231155872345,0.44170913100242615,0.4270024299621582,-0.6372319459915161,0.9006491303443909,0.5379694104194641,0.5050801634788513,0.06383884698152542,0.34904223680496216,0.44149288535118103,0.42587679624557495,-0.5833986401557922,0.859663724899292,0.37062984704971313,0.5480948686599731,0.15001368522644043,0.9989457130432129,0.30553537607192993,0.5364731550216675,-0.14970052242279053,0.9995685815811157,0.3915754556655884,0.6985242366790771,0.06901215761899948,0.42867666482925415,0.3524763584136963,0.7127045392990112,-0.3258712887763977,0.9441214203834534,0.3649473786354065,0.8588231801986694,0.1636289656162262,0.5746238231658936,0.3481847047805786,0.9034131765365601,-0.30475127696990967,0.9529826045036316,0.3419599235057831,0.8823264837265015,0.16428296267986298,0.6431947946548462,0.3266572952270508,0.9363473653793335,-0.30853110551834106,0.9054892063140869,0.4284128248691559,0.902714729309082,0.035886090248823166,0.7118404507637024,0.43282800912857056,0.9830271601676941,-0.49534082412719727,0.9462454319000244
160,0.5220892429351807,0.30374372005462646,-0.1877327859401703,0.9984931349754333,0.5291827917098999,0.2871449589729309,-0.1549496054649353,0.9981796741485596,0.5296677350997925,0.28708747029304504,-0.15505050122737885,0.9978561997413635,0.5298799276351929,0.2870468497276306,-0.15518130362033844,0.9982479214668274,0.5227996110916138,0.28333166241645813,-0.20163767039775848,0.9980800151824951,0.5189602375030518,0.28048041462898254,-0.2018071860074997,0.9978402256965637,0.5136697292327881,0.2768208384513855,-0.20183078944683075,0.9982680082321167,0.5130401849746704,0.2817644476890564,0.02220737561583519,0.9950222373008728,0.4890654683113098,0.26674792170524597,-0.18611589074134827,0.9972580075263977,0.5097090005874634,0.3133091330528259,-0.1163080707192421,0.9978546500205994,0.5003201961517334,0.30987274646759033,-0.1771416962146759,0.9985008835792542,0.48643818497657776,0.3499828279018402,0.18735440075397491,0.9991374015808105,0.3881130516529083,0.3061659038066864,-0.285298228263855,0.9997772574424744,0.47961169481277466,0.4350767731666565,0.22301122546195984,0.2812209129333496,0.3730911314487457,0.4038386940956116,-0.5235087871551514,0.9726596474647522,0.5264020562171936,0.4833776354789734,0.08426600694656372,0.37372103333473206,0.44130080938339233,0.4122013449668884,-0.6611708402633667,0.9417898654937744,0.5427438020706177,0.5000587701797485,0.06840081512928009,0.34333673119544983,0.45442432165145874,0.41696280241012573,-0.7228997349739075,0.9068066477775574,0.5449873805046082,0.4980178773403168,0.03299384564161301,0.3526824414730072,0.45301753282546997,0.40153902769088745,-0.7140845060348511,0.903901994228363,0.5342573523521423,0.4929094910621643,0.06290823221206665,0.3569294214248657,0.4378302991390228,0.4078303873538971,-0.6601678133010864,0.864467203617096,0.3717878460884094,0.5456085801124573,0.1370360255241394,0.9990056753158569,0.30736398696899414,0.5367007255554199,-0.13675862550735474,0.9995849132537842,0.39422568678855896,0.6877159476280212,-0.009915241040289402,0.45516595244407654,0.34407129883766174,0.7079681158065796,-0.31291016936302185,0.943996012210846,0.36590278148651123,0.8585596084594727,0.07672668993473053,0.5911510586738586,0.3482036292552948,0.8931589126586914,-0.2828066945075989,0.9534873366355896,0.3462810814380646,0.8835147619247437,0.07716395705938339,0.6514719724655151,0.3304396867752075,0.9224427938461304,-0.2860011160373688,0.9039580225944519,0.4307580888271332,0.903117299079895,-0.059244729578495026,0.7228414416313171,0.4147284924983978,0.95503169298172,-0.47549551725387573,0.9472277164459229
161,0.5230029225349426,0.30531197786331177,-0.1674284040927887,0.9984573721885681,0.5308749675750732,0.2894313335418701,-0.13775959610939026,0.9982131719589233,0.5317279696464539,0.289492130279541,-0.13787387311458588,0.9978775382041931,0.5324267148971558,0.28952673077583313,-0.1380304992198944,0.9982531666755676,0.523851215839386,0.28487181663513184,-0.18270651996135712,0.9981290102005005,0.5199612379074097,0.2815694510936737,-0.1829201877117157,0.9979007244110107,0.5156763195991516,0.2778016924858093,-0.18295596539974213,0.9983104467391968,0.5169673562049866,0.28444430232048035,0.02915787138044834,0.9952269792556763,0.4929769039154053,0.26713961362838745,-0.17135483026504517,0.9973486065864563,0.5118263363838196,0.3154051899909973,-0.09872965514659882,0.9978201985359192,0.5018266439437866,0.31058067083358765,-0.1573483645915985,0.9984680414199829,0.4854561686515808,0.34764745831489563,0.18402214348316193,0.9990216493606567,0.39259353280067444,0.30624404549598694,-0.27452999353408813,0.9997565746307373,0.45206212997436523,0.4265030026435852,0.25811636447906494,0.26617035269737244,0.3778691589832306,0.39561453461647034,-0.5289916396141052,0.9716088175773621,0.4694848656654358,0.46444040536880493,0.2029852420091629,0.3532254099845886,0.45724743604660034,0.3895980417728424,-0.6602799296379089,0.9376400709152222,0.4764125347137451,0.48017460107803345,0.19884230196475983,0.3255428671836853,0.47406071424484253,0.3911190629005432,-0.7176357507705688,0.9022068977355957,0.47972020506858826,0.4783461093902588,0.16754180192947388,0.3345583379268646,0.47882357239723206,0.37784433364868164,-0.7016652822494507,0.8991074562072754,0.47333186864852905,0.47347450256347656,0.18646611273288727,0.3394419848918915,0.47081127762794495,0.37993869185447693,-0.6559971570968628,0.8592981696128845,0.3711621165275574,0.5464121699333191,0.13262233138084412,0.9990637302398682,0.3056667447090149,0.5341790914535522,-0.1323651820421219,0.9996031522750854,0.39373213052749634,0.6853684186935425,-0.03672920912504196,0.4731699526309967,0.34993332624435425,0.7066149711608887,-0.3156883716583252,0.9428374767303467,0.36391520500183105,0.8688637614250183,0.004978524055331945,0.6056725978851318,0.3464341461658478,0.9016396403312683,-0.3120928406715393,0.9534173607826233,0.3429475724697113,0.8925917744636536,0.0011229938827455044,0.659670889377594,0.32357507944107056,0.9354817271232605,-0.3163799047470093,0.9033083319664001,0.42438793182373047,0.9123438596725464,-0.14126339554786682,0.732816755771637,0.4195030629634857,0.95356684923172,-0.5011342763900757,0.9479212760925293
162,0.5289545655250549,0.3031487762928009,-0.2340860813856125,0.9984700679779053,0.5341591835021973,0.28599074482917786,-0.20295818150043488,0.9982373714447021,0.5345751643180847,0.2856014370918274,-0.2030632495880127,0.9978881478309631,0.5347169637680054,0.28523507714271545,-0.20324888825416565,0.9982470870018005,0.5281769037246704,0.2828744053840637,-0.246672585606575,0.9981726408004761,0.524520993232727,0.28013792634010315,-0.246860072016716,0.9979512095451355,0.5200387239456177,0.2749970555305481,-0.24692125618457794,0.9983476996421814,0.5160737633705139,0.2802201509475708,-0.026393845677375793,0.995374321937561,0.49711713194847107,0.2676375210285187,-0.2244453728199005,0.9974308609962463,0.5171533823013306,0.31326740980148315,-0.16279062628746033,0.9978232979774475,0.5090022087097168,0.3102458417415619,-0.22054311633110046,0.9985160827636719,0.49218645691871643,0.35418084263801575,0.1426522433757782,0.9988939166069031,0.38788896799087524,0.3002471327781677,-0.28582680225372314,0.9997509717941284,0.4789558947086334,0.42756396532058716,0.22625577449798584,0.27123233675956726,0.33814752101898193,0.36811238527297974,-0.48216041922569275,0.9708256125450134,0.5250341892242432,0.47439488768577576,0.14562219381332397,0.35502901673316956,0.39309418201446533,0.3956068754196167,-0.6189863085746765,0.9349778890609741,0.5391888618469238,0.49049821496009827,0.14000269770622253,0.3254704475402832,0.40142107009887695,0.4047703742980957,-0.6736061573028564,0.8991138339042664,0.5435843467712402,0.48995280265808105,0.10081535577774048,0.33469200134277344,0.41580280661582947,0.3962002694606781,-0.6648143529891968,0.8963515758514404,0.5336112380027771,0.48535388708114624,0.12498138844966888,0.33952027559280396,0.41089096665382385,0.39512762427330017,-0.6181329488754272,0.8573381304740906,0.3739880919456482,0.5489497184753418,0.14261794090270996,0.9990449547767639,0.3070130944252014,0.5378785729408264,-0.14241862297058105,0.9996042251586914,0.40066617727279663,0.6773163080215454,0.0459519624710083,0.49235042929649353,0.3470352292060852,0.7087287902832031,-0.36572831869125366,0.9446473717689514,0.37342923879623413,0.8501410484313965,0.18992765247821808,0.6157565712928772,0.35070428252220154,0.897943377494812,-0.3282347321510315,0.9557870030403137,0.3567103445529938,0.86644047498703,0.1967255175113678,0.6654092669487,0.33401837944984436,0.9269512295722961,-0.33025938272476196,0.9060546159744263,0.44156908988952637,0.8975318074226379,0.0763857364654541,0.7396618127822876,0.42191749811172485,0.9576663970947266,-0.5253625512123108,0.9503680467605591
163,0.5218454599380493,0.3008400499820709,-0.1895381063222885,0.9984242916107178,0.5284312963485718,0.28567203879356384,-0.15793070197105408,0.9982088804244995,0.5300370454788208,0.2860690951347351,-0.158046156167984,0.997831404209137,0.531094491481781,0.286125510931015,-0.15819291770458221,0.9981823563575745,0.521510124206543,0.2806640863418579,-0.2000565081834793,0.9981761574745178,0.5164562463760376,0.27665263414382935,-0.20023803412914276,0.9979691505432129,0.5127145051956177,0.27283328771591187,-0.20028738677501678,0.9983606934547424,0.5162724256515503,0.28098249435424805,0.01651608571410179,0.9954405426979065,0.49003881216049194,0.2633073627948761,-0.1730586141347885,0.9975041747093201,0.510996401309967,0.3105328381061554,-0.11905115842819214,0.9977972507476807,0.5004340410232544,0.30494195222854614,-0.17439526319503784,0.9985295534133911,0.4929578900337219,0.3507077991962433,0.1789003610610962,0.9988132119178772,0.3861019015312195,0.2949090600013733,-0.25088927149772644,0.9997512698173523,0.4795779585838318,0.43226033449172974,0.2466346025466919,0.27889785170555115,0.335499107837677,0.3692083954811096,-0.4923219680786133,0.9717963337898254,0.5212055444717407,0.4633730351924896,0.1424497663974762,0.3600824177265167,0.4052937924861908,0.3722676634788513,-0.6733483672142029,0.936869740486145,0.5334747433662415,0.476393461227417,0.1322864592075348,0.32791271805763245,0.4188806414604187,0.3770977556705475,-0.7345348596572876,0.9019163846969604,0.5381755828857422,0.4732365608215332,0.09544902294874191,0.33742690086364746,0.43169325590133667,0.36434465646743774,-0.7203204035758972,0.8993557095527649,0.5287739038467407,0.46923932433128357,0.1220991462469101,0.34303218126296997,0.4251428246498108,0.36548471450805664,-0.6707242727279663,0.8620648384094238,0.3760070204734802,0.5483087301254272,0.13403210043907166,0.9990639090538025,0.30630025267601013,0.5312204360961914,-0.13388383388519287,0.999610960483551,0.40069466829299927,0.6892958879470825,-0.019255559891462326,0.5163523554801941,0.34509700536727905,0.7092277407646179,-0.3150005042552948,0.9455847144126892,0.3695703148841858,0.8594435453414917,0.07191405445337296,0.627655565738678,0.3451288342475891,0.8989351391792297,-0.3047645092010498,0.9567474126815796,0.3454338312149048,0.8792092204093933,0.0733337476849556,0.6692525148391724,0.3267919421195984,0.9286282658576965,-0.3095618188381195,0.9038310050964355,0.43020564317703247,0.9064947962760925,-0.05899226665496826,0.7470032572746277,0.40702390670776367,0.9560807943344116,-0.502269446849823,0.9513115882873535
164,0.5137619376182556,0.298364520072937,-0.1763695329427719,0.9983735680580139,0.5220726728439331,0.2866538465023041,-0.1439473032951355,0.9981693625450134,0.5250436663627625,0.28799575567245483,-0.14398540556430817,0.9977641105651855,0.526918888092041,0.2886287271976471,-0.14409616589546204,0.9980898499488831,0.5146093368530273,0.2787494659423828,-0.1778257191181183,0.9981696009635925,0.5094087719917297,0.27438968420028687,-0.1779938042163849,0.9979643225669861,0.5062428116798401,0.27084049582481384,-0.1780741959810257,0.9983512163162231,0.5163602232933044,0.2849866449832916,0.03146267682313919,0.9954152703285217,0.4913528859615326,0.2654911279678345,-0.1223275437951088,0.9975332617759705,0.5055614113807678,0.31097412109375,-0.10615795850753784,0.9976184964179993,0.495138019323349,0.3026675581932068,-0.1512930691242218,0.9984909296035767,0.4942498803138733,0.3592955470085144,0.16217489540576935,0.9983027577400208,0.3876350522041321,0.29399463534355164,-0.1784229576587677,0.9997196197509766,0.45712804794311523,0.41846075654029846,0.16184984147548676,0.2883349657058716,0.3245498239994049,0.33345985412597656,-0.4043760895729065,0.9713078141212463,0.4469379484653473,0.38979944586753845,0.06113119795918465,0.3633866608142853,0.3682732880115509,0.3297746479511261,-0.5911127328872681,0.934104859828949,0.44072479009628296,0.38878095149993896,0.04451363906264305,0.32863783836364746,0.37478935718536377,0.3304981589317322,-0.6497704386711121,0.898521900177002,0.4475072920322418,0.38129910826683044,0.033202629536390305,0.3370106518268585,0.388801634311676,0.32260072231292725,-0.6335249543190002,0.895991325378418,0.44561654329299927,0.38256335258483887,0.052086759358644485,0.34201380610466003,0.3856872320175171,0.32603034377098083,-0.5889924764633179,0.859967052936554,0.38071516156196594,0.5498197078704834,0.13346895575523376,0.9990109205245972,0.31032201647758484,0.5365039110183716,-0.13343311846256256,0.9995881915092468,0.40447330474853516,0.6875516176223755,-0.011969051323831081,0.5375813245773315,0.35008543729782104,0.7087594270706177,-0.3497987687587738,0.9468326568603516,0.3753909170627594,0.8461785316467285,0.08012577146291733,0.6401236057281494,0.35571661591529846,0.8976313471794128,-0.3467783033847809,0.9578907489776611,0.34682896733283997,0.8655115365982056,0.0823114663362503,0.6755520105361938,0.33904552459716797,0.9286683797836304,-0.35168689489364624,0.9021632075309753,0.4344933032989502,0.9024335741996765,-0.05562160536646843,0.7536686658859253,0.42104095220565796,0.9586369395256042,-0.5575629472732544,0.9519938230514526
165,0.5292757749557495,0.31011664867401123,-0.20631460845470428,0.99844890832901,0.5338364243507385,0.2926303744316101,-0.1751967966556549,0.9982537031173706,0.5341026186943054,0.2923414409160614,-0.17525817453861237,0.9978541135787964,0.5342065095901489,0.29199960827827454,-0.17542287707328796,0.9981597065925598,0.5281198620796204,0.28841832280158997,-0.2197098731994629,0.9982601404190063,0.5251417756080627,0.2856871485710144,-0.21988800168037415,0.9980593919754028,0.522657573223114,0.2809971570968628,-0.2199360430240631,0.9984233975410461,0.5161704421043396,0.2853616178035736,-0.002821968402713537,0.9956868290901184,0.49699822068214417,0.273486852645874,-0.20609387755393982,0.9976474642753601,0.5186041593551636,0.32068154215812683,-0.1365264356136322,0.9976595044136047,0.5108119249343872,0.3152846395969391,-0.19589129090309143,0.998546838760376,0.48119252920150757,0.3589251935482025,0.16681723296642303,0.9982196092605591,0.3958311975002289,0.30426448583602905,-0.26177966594696045,0.9997211694717407,0.46903330087661743,0.4239429831504822,0.31303542852401733,0.2846669852733612,0.3214873969554901,0.34435853362083435,-0.47922801971435547,0.9707398414611816,0.5227554440498352,0.47942596673965454,0.30342012643814087,0.3597496747970581,0.3499460816383362,0.3548111319541931,-0.6654815673828125,0.9325466752052307,0.5389350652694702,0.4972669184207916,0.31525465846061707,0.3253978192806244,0.3503282070159912,0.3568660318851471,-0.7221847772598267,0.8973169922828674,0.5429404973983765,0.4975908696651459,0.2686261832714081,0.33427557349205017,0.3672944903373718,0.351642370223999,-0.7139373421669006,0.8952589631080627,0.5330439805984497,0.4925096929073334,0.2819414734840393,0.3402152955532074,0.36496108770370483,0.35350501537323,-0.6671738028526306,0.8605251312255859,0.3676111102104187,0.554174542427063,0.14959558844566345,0.9990124106407166,0.30484944581985474,0.5416260361671448,-0.14948411285877228,0.9996019601821899,0.40348753333091736,0.6752161383628845,0.05949629470705986,0.5365263223648071,0.3458804786205292,0.7167900800704956,-0.3933420181274414,0.9459669589996338,0.37356331944465637,0.8462386131286621,0.18145635724067688,0.6369175910949707,0.34176626801490784,0.9075261354446411,-0.3970329165458679,0.9590355753898621,0.3513665795326233,0.8557227849960327,0.18670101463794708,0.6751682162284851,0.31807905435562134,0.9378553628921509,-0.40295538306236267,0.9036915898323059,0.43625330924987793,0.895693302154541,0.08146613836288452,0.7541797161102295,0.4119719862937927,0.9554030299186707,-0.5937697291374207,0.9534794092178345
166,0.5234988927841187,0.30211251974105835,-0.19957545399665833,0.9981063604354858,0.5306106805801392,0.2877608835697174,-0.16940981149673462,0.9979559779167175,0.5314353704452515,0.2885890603065491,-0.1695178896188736,0.997428297996521,0.5320819020271301,0.2894821763038635,-0.16975028812885284,0.9977961182594299,0.523544192314148,0.281662255525589,-0.2121955156326294,0.9978834986686707,0.5208662748336792,0.27674293518066406,-0.21235013008117676,0.997575581073761,0.5147764086723328,0.2724727392196655,-0.2124352753162384,0.9980251789093018,0.5167622566223145,0.2859867215156555,0.0016016056761145592,0.9951367378234863,0.49455899000167847,0.26510947942733765,-0.19295760989189148,0.9971431493759155,0.5096439123153687,0.31358468532562256,-0.1290401816368103,0.9968414902687073,0.4986973702907562,0.3063151240348816,-0.1858569085597992,0.9980584979057312,0.4853981137275696,0.3565024733543396,0.16429010033607483,0.9974038600921631,0.39033031463623047,0.2862434983253479,-0.263047993183136,0.9995999932289124,0.46529048681259155,0.426146924495697,0.24987837672233582,0.27137669920921326,0.34516260027885437,0.3180217742919922,-0.4338686466217041,0.9685701131820679,0.49326053261756897,0.48894959688186646,0.18893848359584808,0.34167295694351196,0.4037274718284607,0.3428236246109009,-0.5062257051467896,0.9244350790977478,0.5023380517959595,0.5108612179756165,0.1866457611322403,0.3094673752784729,0.41309183835983276,0.3507276475429535,-0.5522791147232056,0.8871067762374878,0.5048887133598328,0.5102418661117554,0.14770916104316711,0.31829389929771423,0.42794060707092285,0.34614893794059753,-0.5345891714096069,0.8851109147071838,0.4972790777683258,0.5030568838119507,0.1688142716884613,0.3250483274459839,0.42176714539527893,0.34580737352371216,-0.5003208518028259,0.8504053950309753,0.3762741684913635,0.5599372982978821,0.14190849661827087,0.9988967180252075,0.3088347911834717,0.5478702187538147,-0.1419217586517334,0.9995521306991577,0.4033359885215759,0.6974779963493347,0.04702836275100708,0.5478561520576477,0.3426068425178528,0.7208446264266968,-0.2845916152000427,0.9453060626983643,0.36796820163726807,0.8651329278945923,0.1485063135623932,0.6427508592605591,0.34550535678863525,0.9091808199882507,-0.2476814240217209,0.9587671756744385,0.3413129150867462,0.8818477392196655,0.15166537463665009,0.6765589714050293,0.32583269476890564,0.9386776089668274,-0.24943304061889648,0.9006436467170715,0.4325069487094879,0.913585364818573,0.03741556033492088,0.7566553354263306,0.42013949155807495,0.9660725593566895,-0.4258324205875397,0.9525836706161499
167,0.5130940675735474,0.2861264646053314,-0.1537266969680786,0.9980849623680115,0.5236821174621582,0.2770245671272278,-0.11870706081390381,0.9979619979858398,0.5261427760124207,0.2792326807975769,-0.1186656579375267,0.9974023103713989,0.5289807915687561,0.2815293073654175,-0.11871206760406494,0.9977414608001709,0.5129330158233643,0.2674522399902344,-0.14960400760173798,0.9979276061058044,0.5092933177947998,0.26380276679992676,-0.14979895949363708,0.9976128339767456,0.5029579401016235,0.2588523328304291,-0.1499081701040268,0.998054563999176,0.519206166267395,0.2811531126499176,0.06042378395795822,0.9950791597366333,0.4890533983707428,0.25577113032341003,-0.07949954271316528,0.9972053170204163,0.5051761865615845,0.3008624017238617,-0.08231492340564728,0.9964627623558044,0.49306735396385193,0.2891172468662262,-0.12356974184513092,0.997980535030365,0.4980563521385193,0.35613808035850525,0.1815989464521408,0.9963198304176331,0.3915002942085266,0.2865709960460663,-0.1338951289653778,0.9995518326759338,0.44086527824401855,0.38446903228759766,0.10359124094247818,0.2754325270652771,0.33270540833473206,0.3272075057029724,-0.33286163210868835,0.9664105176925659,0.42652279138565063,0.30198320746421814,-0.06342731416225433,0.34631654620170593,0.376647412776947,0.3029608726501465,-0.4899047911167145,0.9169550538063049,0.4192609190940857,0.2849506139755249,-0.09677399694919586,0.31342411041259766,0.38276371359825134,0.29832708835601807,-0.5446704626083374,0.8781476020812988,0.4272044599056244,0.2781730890274048,-0.09165425598621368,0.3205226957798004,0.3928356468677521,0.2936187982559204,-0.5285104513168335,0.8755808472633362,0.4259414076805115,0.28491488099098206,-0.06865067780017853,0.3258088529109955,0.390628457069397,0.29885977506637573,-0.4862542748451233,0.8410392999649048,0.3802209198474884,0.5530278086662292,0.14096222817897797,0.9988542795181274,0.31018298864364624,0.5354453325271606,-0.14100174605846405,0.9995332360267639,0.4104021191596985,0.6920229196548462,0.0702209621667862,0.5443570017814636,0.3585205078125,0.7133881449699402,-0.3141752779483795,0.9420486688613892,0.37015920877456665,0.8532293438911438,0.1676866114139557,0.6374824047088623,0.3379710018634796,0.8995609283447266,-0.31477004289627075,0.9539991021156311,0.33716124296188354,0.8656325340270996,0.17037296295166016,0.6723891496658325,0.3219950795173645,0.9212507009506226,-0.3202447295188904,0.8887003660202026,0.432570219039917,0.9063979387283325,0.05021294951438904,0.7495613098144531,0.39673566818237305,0.9572405815124512,-0.5131562948226929,0.9469972848892212
168,0.5381495356559753,0.28686416149139404,-0.16494089365005493,0.9982073903083801,0.5415493249893188,0.27334362268447876,-0.1307503879070282,0.998104989528656,0.5413975715637207,0.2752459645271301,-0.13081488013267517,0.9975670576095581,0.541309654712677,0.2759050726890564,-0.13091789186000824,0.9978787899017334,0.5345224738121033,0.26708072423934937,-0.177999809384346,0.9980931282043457,0.5303484201431274,0.2638321816921234,-0.17821760475635529,0.9978027939796448,0.5238159894943237,0.2594124972820282,-0.17830684781074524,0.998211145401001,0.5242146849632263,0.2724316418170929,0.047721974551677704,0.9954567551612854,0.502052903175354,0.25506627559661865,-0.16740155220031738,0.9974379539489746,0.5237933993339539,0.29933011531829834,-0.09341023862361908,0.9966952800750732,0.5161406397819519,0.2921890318393707,-0.15640266239643097,0.9981363415718079,0.4935495853424072,0.3466475307941437,0.19041457772254944,0.996346652507782,0.405233770608902,0.29339104890823364,-0.2562344968318939,0.9995725750923157,0.42985987663269043,0.36309677362442017,0.3126371204853058,0.26668909192085266,0.33812379837036133,0.317330539226532,-0.5498119592666626,0.9679964780807495,0.42204633355140686,0.32337161898612976,0.3463466465473175,0.33897361159324646,0.376309335231781,0.2868739366531372,-0.7563320398330688,0.9201999306678772,0.4170096814632416,0.31887972354888916,0.35396450757980347,0.30700600147247314,0.38037627935409546,0.2787694036960602,-0.8193613886833191,0.8825368285179138,0.42257243394851685,0.31534871459007263,0.33251386880874634,0.3132832944393158,0.38979703187942505,0.2748853862285614,-0.798092246055603,0.8798580169677734,0.42170873284339905,0.3170487880706787,0.33598989248275757,0.31954479217529297,0.388173371553421,0.281690388917923,-0.7517259120941162,0.8467108011245728,0.38072317838668823,0.5593575239181519,0.1523577868938446,0.9989185929298401,0.3158183693885803,0.5434423685073853,-0.15235193073749542,0.9995614886283875,0.40974682569503784,0.6982709169387817,0.09649847447872162,0.5506411194801331,0.3455660045146942,0.7264102697372437,-0.33442234992980957,0.9431590437889099,0.37454113364219666,0.8577024340629578,0.2370956391096115,0.6414132714271545,0.34166133403778076,0.9055779576301575,-0.31412944197654724,0.9550349712371826,0.3390607535839081,0.8717595934867859,0.2443007230758667,0.6730425953865051,0.3179616332054138,0.9376609921455383,-0.31732258200645447,0.8877952694892883,0.4294355511665344,0.9149349331855774,0.13427092134952545,0.7522600293159485,0.4051707684993744,0.9635938405990601,-0.5117868185043335,0.9480876922607422
169,0.5445432662963867,0.2845257818698883,-0.1690824329853058,0.9983673691749573,0.5451441407203674,0.2701517343521118,-0.13566982746124268,0.9982747435569763,0.5450397729873657,0.27073317766189575,-0.13565678894519806,0.9977803826332092,0.5445204973220825,0.27132388949394226,-0.13576984405517578,0.9980635046958923,0.5379341840744019,0.2656362056732178,-0.18019047379493713,0.9982662796974182,0.5330602526664734,0.2631298303604126,-0.18035252392292023,0.9980013370513916,0.526370644569397,0.25994449853897095,-0.18034645915031433,0.9983701109886169,0.5249347686767578,0.27166685461997986,0.048745524138212204,0.9958796501159668,0.5023046135902405,0.2582734525203705,-0.1563033163547516,0.9976632595062256,0.53107088804245,0.2993587553501129,-0.09547571837902069,0.9969637989997864,0.5228832960128784,0.29437339305877686,-0.15532223880290985,0.998291552066803,0.49156099557876587,0.3541378676891327,0.2241811454296112,0.9965239763259888,0.4091647267341614,0.2986963987350464,-0.2302703857421875,0.9995999932289124,0.47161930799484253,0.4494900703430176,0.4463762640953064,0.257481187582016,0.33891651034355164,0.3192841410636902,-0.5853466391563416,0.969511091709137,0.5287068486213684,0.5021361112594604,0.5424165725708008,0.33934614062309265,0.3811112642288208,0.24841418862342834,-0.9022434949874878,0.9250426888465881,0.5456045269966125,0.5197932720184326,0.5758095979690552,0.31000396609306335,0.38102561235427856,0.2453443706035614,-0.9730116724967957,0.889796793460846,0.5502022504806519,0.5154251456260681,0.5257657766342163,0.3173963129520416,0.38609522581100464,0.23105159401893616,-0.9544035792350769,0.8873829245567322,0.5414618849754333,0.5099796056747437,0.523743212223053,0.3251611888408661,0.3866453170776367,0.23547065258026123,-0.9039192199707031,0.8562954068183899,0.3830173909664154,0.5647444128990173,0.15794704854488373,0.9989802837371826,0.31654810905456543,0.5479303002357483,-0.15806475281715393,0.9995899796485901,0.4137733578681946,0.6960547566413879,0.15559278428554535,0.5369557738304138,0.3688806891441345,0.7374425530433655,-0.3687787652015686,0.938223659992218,0.3775300681591034,0.8617045283317566,0.2610686123371124,0.6339138150215149,0.3470081686973572,0.9269548654556274,-0.39988434314727783,0.9545674324035645,0.345134437084198,0.8829435110092163,0.26405230164527893,0.6726009249687195,0.31855523586273193,0.9403752088546753,-0.4069896638393402,0.8878377676010132,0.4335586130619049,0.9051851034164429,0.17385919392108917,0.7490795850753784,0.41439715027809143,0.9692452549934387,-0.581447422504425,0.9483743906021118
170,0.5281611084938049,0.30069392919540405,-0.16831527650356293,0.9984957575798035,0.5310936570167542,0.2808181643486023,-0.13444091379642487,0.9984143376350403,0.5315150618553162,0.280978262424469,-0.13445700705051422,0.9979477524757385,0.5314313173294067,0.28112393617630005,-0.13452166318893433,0.9982084035873413,0.5239517688751221,0.275979608297348,-0.17524480819702148,0.9984169006347656,0.520484983921051,0.27243560552597046,-0.17544671893119812,0.9981726408004761,0.5163166522979736,0.2697980999946594,-0.1755215972661972,0.9985121488571167,0.5152688026428223,0.2783462107181549,0.039915356785058975,0.9962297081947327,0.4947909414768219,0.2664189636707306,-0.14408138394355774,0.9978696703910828,0.5155876874923706,0.3152821362018585,-0.09912584722042084,0.9971851706504822,0.5077314376831055,0.30601033568382263,-0.15319275856018066,0.9984315037727356,0.49335798621177673,0.35439494252204895,0.16189882159233093,0.9965735673904419,0.4064837098121643,0.29622989892959595,-0.2249140441417694,0.9996181726455688,0.4376748502254486,0.3230302929878235,0.19046300649642944,0.27549993991851807,0.3373478055000305,0.30397048592567444,-0.5294111967086792,0.9712062478065491,0.4018762707710266,0.2382178008556366,0.14672181010246277,0.361111044883728,0.37659892439842224,0.2547687888145447,-0.7606122493743896,0.9291553497314453,0.38847294449806213,0.22175130248069763,0.13323500752449036,0.3277769982814789,0.3787103295326233,0.24059227108955383,-0.8310321569442749,0.8953437209129333,0.39024561643600464,0.217443585395813,0.12784719467163086,0.3331993520259857,0.38663801550865173,0.23927763104438782,-0.805641770362854,0.8928269147872925,0.393346905708313,0.2240264117717743,0.14048050343990326,0.3398361802101135,0.38593894243240356,0.2485770881175995,-0.7552460432052612,0.8631089329719543,0.3795861601829529,0.5649924874305725,0.15129712224006653,0.9990456700325012,0.3156580626964569,0.5451989769935608,-0.15132567286491394,0.9996143579483032,0.42210450768470764,0.6982533931732178,0.09010381251573563,0.5449548363685608,0.36590147018432617,0.7240422964096069,-0.34917259216308594,0.9410126209259033,0.38034185767173767,0.8553617596626282,0.2525428235530853,0.6423142552375793,0.3497903645038605,0.9009290933609009,-0.30600908398628235,0.9562131762504578,0.3520471155643463,0.8660910725593567,0.26167210936546326,0.6775981783866882,0.3312671482563019,0.9262176752090454,-0.3070756494998932,0.8890420198440552,0.44220787286758423,0.9039826393127441,0.15570004284381866,0.7544427514076233,0.4153439998626709,0.9608781933784485,-0.4971860945224762,0.9500150680541992
171,0.5335193276405334,0.2972419857978821,-0.19178590178489685,0.9986385107040405,0.5368088483810425,0.28115934133529663,-0.15797826647758484,0.9985634088516235,0.5375475287437439,0.2822231650352478,-0.15797510743141174,0.9981380701065063,0.5384936332702637,0.28363656997680664,-0.15809796750545502,0.9983755350112915,0.5287927985191345,0.275431364774704,-0.2017059624195099,0.998566210269928,0.522627592086792,0.27197250723838806,-0.2018144130706787,0.9983438849449158,0.5177786350250244,0.2688923478126526,-0.20178179442882538,0.9986507296562195,0.5219087600708008,0.2840748727321625,0.024243202060461044,0.9965952038764954,0.49629348516464233,0.26884472370147705,-0.17677941918373108,0.9980700612068176,0.5216996073722839,0.31303152441978455,-0.12029455602169037,0.997437059879303,0.511408805847168,0.3061438500881195,-0.17901009321212769,0.9985722899436951,0.4879554808139801,0.3574115037918091,0.1954064667224884,0.9967418909072876,0.4186946749687195,0.3030850887298584,-0.24885006248950958,0.9996452331542969,0.4948936402797699,0.43258538842201233,0.39346712827682495,0.2783029079437256,0.37744659185409546,0.24378986656665802,-0.577149510383606,0.9734979271888733,0.562570333480835,0.49012288451194763,0.47493991255760193,0.36890342831611633,0.40764251351356506,0.2525252103805542,-0.8120609521865845,0.9341456890106201,0.5835542678833008,0.5075407028198242,0.5021072626113892,0.33397388458251953,0.41076231002807617,0.24392032623291016,-0.8773341178894043,0.9014120697975159,0.5845747590065002,0.5061897039413452,0.45310601592063904,0.3402559161186218,0.42694512009620667,0.2475387305021286,-0.846232533454895,0.8990333080291748,0.5747029185295105,0.5018764138221741,0.455059289932251,0.3484441936016083,0.4220026433467865,0.25548654794692993,-0.80890953540802,0.8713855147361755,0.3828365206718445,0.5617192387580872,0.15178072452545166,0.9990493059158325,0.3288433849811554,0.551173746585846,-0.15196791291236877,0.9996225237846375,0.42249980568885803,0.6981843709945679,0.1336686611175537,0.539002537727356,0.4072132110595703,0.7395187616348267,-0.30179840326309204,0.9399199485778809,0.38040900230407715,0.8566044569015503,0.23708310723304749,0.6388407945632935,0.35346880555152893,0.9024163484573364,-0.283312052488327,0.9565108418464661,0.3689778745174408,0.8697147369384766,0.2405044287443161,0.6782242655754089,0.33584582805633545,0.9304636716842651,-0.28461068868637085,0.8913001418113708,0.4436444640159607,0.9029594659805298,0.17000237107276917,0.7521719932556152,0.43285608291625977,0.9575480222702026,-0.4189252257347107,0.9501641988754272
172,0.5328172445297241,0.30493077635765076,-0.1711425632238388,0.9987554550170898,0.537298858165741,0.2886497378349304,-0.13871240615844727,0.9986834526062012,0.5379847884178162,0.2893098294734955,-0.13871493935585022,0.9982881546020508,0.5383896827697754,0.2900056838989258,-0.13883145153522491,0.9985077977180481,0.528948962688446,0.283168762922287,-0.18503805994987488,0.9986886382102966,0.5248742699623108,0.2805764377117157,-0.18513339757919312,0.9984837770462036,0.5202122926712036,0.2779739499092102,-0.18511435389518738,0.9987625479698181,0.5222702622413635,0.28990334272384644,0.03860738128423691,0.9969070553779602,0.4940764904022217,0.2748410999774933,-0.17333631217479706,0.9982336759567261,0.5201395153999329,0.31972044706344604,-0.1003604531288147,0.9976240396499634,0.5097852349281311,0.3137328028678894,-0.16234801709651947,0.9986754059791565,0.48829761147499084,0.35989031195640564,0.2125316858291626,0.9967494010925293,0.4161427915096283,0.30794385075569153,-0.26079684495925903,0.9996496438980103,0.4895840287208557,0.411729097366333,0.43235912919044495,0.26769864559173584,0.3691309094429016,0.2782033085823059,-0.5962206125259399,0.9751517176628113,0.5385771989822388,0.460470050573349,0.5622334480285645,0.3556607663631439,0.41534143686294556,0.277455598115921,-0.8063673973083496,0.9361888766288757,0.5533126592636108,0.4776063859462738,0.5943132638931274,0.32156577706336975,0.4195329248905182,0.2735597491264343,-0.8654623031616211,0.9028903841972351,0.5538894534111023,0.47696638107299805,0.5537863969802856,0.328049898147583,0.43360596895217896,0.2781459093093872,-0.8376218676567078,0.9005809426307678,0.5465276837348938,0.4727524220943451,0.5464575886726379,0.3379354178905487,0.4283871650695801,0.2843797206878662,-0.8028619885444641,0.8739686608314514,0.3786800503730774,0.566003680229187,0.1542634516954422,0.9990798234939575,0.32603198289871216,0.5557588934898376,-0.15442386269569397,0.9996329545974731,0.4173811078071594,0.693771481513977,0.05028701573610306,0.5337955951690674,0.38864395022392273,0.7166849374771118,-0.3237200677394867,0.937786340713501,0.37621814012527466,0.8636895418167114,0.11840002238750458,0.6380371451377869,0.34474796056747437,0.9040113687515259,-0.33212125301361084,0.9564287662506104,0.3610531687736511,0.8767663240432739,0.1180974468588829,0.6809201240539551,0.317962646484375,0.9299412965774536,-0.3362932801246643,0.8919387459754944,0.44788306951522827,0.9081521034240723,0.033343054354190826,0.7537297010421753,0.41873282194137573,0.9573303461074829,-0.4813846945762634,0.9504135847091675
173,0.5400446057319641,0.31246283650398254,-0.21313390135765076,0.9988593459129333,0.5406830310821533,0.29609355330467224,-0.18187609314918518,0.9987895488739014,0.5406700372695923,0.2958010137081146,-0.18186284601688385,0.9984235763549805,0.5409401059150696,0.2957017123699188,-0.18194587528705597,0.998622477054596,0.5350542664527893,0.29360437393188477,-0.23169629275798798,0.998796284198761,0.5307634472846985,0.2913129925727844,-0.23181450366973877,0.9986103773117065,0.5249849557876587,0.28818875551223755,-0.23179614543914795,0.9988625645637512,0.5209972262382507,0.2927781045436859,-0.005125837866216898,0.9971702694892883,0.498635858297348,0.2829497754573822,-0.22843483090400696,0.9983742237091064,0.5278869271278381,0.32426488399505615,-0.14154912531375885,0.9978018403053284,0.5200844407081604,0.32231664657592773,-0.2066718339920044,0.998773992061615,0.4797469675540924,0.3611143231391907,0.20196692645549774,0.9969304203987122,0.41430526971817017,0.33271047472953796,-0.32252341508865356,0.9996676445007324,0.47425031661987305,0.435971736907959,0.4170800745487213,0.2567862570285797,0.36462897062301636,0.39165985584259033,-0.6577786207199097,0.9761906862258911,0.5383273363113403,0.4942150115966797,0.4766792356967926,0.3488428592681885,0.42072391510009766,0.3801935315132141,-0.9331483840942383,0.9395701289176941,0.558456540107727,0.5116360783576965,0.49977535009384155,0.3163840174674988,0.42846378684043884,0.3783907890319824,-1.008915901184082,0.9080858826637268,0.5629185438156128,0.5136600136756897,0.4480447769165039,0.32382962107658386,0.4431931972503662,0.3683258295059204,-0.9895685911178589,0.90598064661026,0.5526576638221741,0.5102933645248413,0.4551456570625305,0.33346718549728394,0.4367327094078064,0.3718494474887848,-0.9326924085617065,0.8801727890968323,0.38220804929733276,0.5668631792068481,0.16681507229804993,0.9991271495819092,0.33521372079849243,0.5626792311668396,-0.16663120687007904,0.9996563196182251,0.4172394275665283,0.7060961127281189,0.09861122071743011,0.5262226462364197,0.39358264207839966,0.7277190089225769,-0.36783117055892944,0.9373447299003601,0.37992528080940247,0.8705012202262878,0.22859707474708557,0.6324430108070374,0.34588295221328735,0.9057513475418091,-0.3743109405040741,0.9580174088478088,0.37644973397254944,0.8911677598953247,0.23390531539916992,0.6814530491828918,0.31666550040245056,0.9361652135848999,-0.3802805542945862,0.896170973777771,0.45595335960388184,0.9025605320930481,0.15171891450881958,0.7529881000518799,0.4206733703613281,0.9574297666549683,-0.5413463711738586,0.9525930881500244
174,0.5381835699081421,0.31974953413009644,-0.07662858068943024,0.9989051222801208,0.5409690737724304,0.30543819069862366,-0.05119652673602104,0.9988402128219604,0.5407392382621765,0.30522674322128296,-0.051305729895830154,0.9985238909721375,0.5403109788894653,0.3050696849822998,-0.051478683948516846,0.9986957311630249,0.5368908047676086,0.30273541808128357,-0.09509745240211487,0.998842179775238,0.5329879522323608,0.3002170920372009,-0.09527917951345444,0.9986680746078491,0.5294333696365356,0.2978617250919342,-0.09527676552534103,0.9988888502120972,0.5207401514053345,0.30083566904067993,0.08143280446529388,0.9973586201667786,0.5028830766677856,0.29013675451278687,-0.11762110888957977,0.9984576106071472,0.5260406136512756,0.32945090532302856,-0.023975949734449387,0.9978962540626526,0.5196180939674377,0.32601693272590637,-0.08213421702384949,0.9988124370574951,0.4810130000114441,0.36903709173202515,0.21958069503307343,0.9971945285797119,0.4145602285861969,0.3369641602039337,-0.2190435230731964,0.9996957182884216,0.46408915519714355,0.47640952467918396,0.1931905299425125,0.24706894159317017,0.39944976568222046,0.43982863426208496,-0.30964112281799316,0.9717204570770264,0.4962466359138489,0.5087069272994995,0.012503808364272118,0.33913174271583557,0.47695374488830566,0.46222299337387085,-0.28954485058784485,0.9334381222724915,0.5083495378494263,0.5182150602340698,-0.0024167324882000685,0.30982494354248047,0.49002283811569214,0.46471482515335083,-0.3219127058982849,0.9011282920837402,0.5110245943069458,0.5150344371795654,-0.021716928109526634,0.3166145086288452,0.49369773268699646,0.45495039224624634,-0.31228896975517273,0.8987885117530823,0.5028693675994873,0.5114037990570068,-0.002814900130033493,0.32518869638442993,0.48942676186561584,0.46135443449020386,-0.2830807864665985,0.8720970153808594,0.38786813616752625,0.5574452877044678,0.1446240395307541,0.9991980195045471,0.33618465065956116,0.5565688014030457,-0.14457127451896667,0.9996885657310486,0.49553555250167847,0.5974161624908447,0.17585746943950653,0.5145878195762634,0.3981764018535614,0.7295865416526794,-0.2908231317996979,0.9406059384346008,0.5608327388763428,0.6870461106300354,0.2859992980957031,0.6241168975830078,0.3445223271846771,0.9067942500114441,-0.28008005023002625,0.9591195583343506,0.5546562075614929,0.7073999643325806,0.29229623079299927,0.6854040026664734,0.31678587198257446,0.9300773739814758,-0.28167784214019775,0.9008384943008423,0.6355652809143066,0.7150699496269226,0.24929022789001465,0.752899706363678,0.418773889541626,0.9577495455741882,-0.4168578088283539,0.9544655680656433
175,0.5400141477584839,0.32373371720314026,-0.05394549295306206,0.9986822605133057,0.5434268116950989,0.30621182918548584,-0.03625655546784401,0.9985707998275757,0.5423074960708618,0.30527767539024353,-0.03630810230970383,0.9982476830482483,0.540897786617279,0.30441680550575256,-0.036400023847818375,0.9985343813896179,0.541466236114502,0.30516302585601807,-0.08874426782131195,0.9985568523406982,0.5389062762260437,0.30339330434799194,-0.08894701302051544,0.9983632564544678,0.535950243473053,0.30149465799331665,-0.08896438032388687,0.9986744523048401,0.5194482803344727,0.29686248302459717,0.06160489469766617,0.996932864189148,0.5098446607589722,0.29088911414146423,-0.1724824458360672,0.9981520175933838,0.5233304500579834,0.3323000371456146,-0.010768021456897259,0.9977089166641235,0.520912766456604,0.3298851251602173,-0.07917563617229462,0.9985630512237549,0.45528560876846313,0.3466864228248596,0.22070841491222382,0.9974163770675659,0.4313358664512634,0.3411314785480499,-0.29815396666526794,0.9997119903564453,0.4808608889579773,0.45914673805236816,0.2834455370903015,0.23979705572128296,0.4594036638736725,0.46998730301856995,-0.3810444474220276,0.9709526300430298,0.5572049021720886,0.548622727394104,0.17035596072673798,0.3236914277076721,0.5507336854934692,0.5498778820037842,-0.3217777609825134,0.9289472699165344,0.5765640139579773,0.5690405368804932,0.16853371262550354,0.2971235513687134,0.5599225759506226,0.5618233680725098,-0.36617904901504517,0.8947886824607849,0.5821554064750671,0.568737268447876,0.12453557550907135,0.30361947417259216,0.5792171359062195,0.5593966245651245,-0.3454148471355438,0.8922767043113708,0.5741595029830933,0.5626494288444519,0.1458025425672531,0.3122188448905945,0.5690565705299377,0.5509544610977173,-0.3120020925998688,0.8632609248161316,0.36223024129867554,0.5517305135726929,0.15985403954982758,0.9991754293441772,0.3325818181037903,0.5490652918815613,-0.15953579545021057,0.9996770024299622,0.39595842361450195,0.6974545121192932,0.13433775305747986,0.49606412649154663,0.38098573684692383,0.7259188890457153,-0.21325162053108215,0.9388353228569031,0.369698703289032,0.876874566078186,0.2001105546951294,0.614227831363678,0.34163981676101685,0.9095903635025024,-0.15783648192882538,0.9563248157501221,0.3394513428211212,0.9089045524597168,0.19865599274635315,0.6808196306228638,0.3099838197231293,0.9369261860847473,-0.1567264199256897,0.9012576341629028,0.4318349361419678,0.9172492027282715,0.10540087521076202,0.7460743188858032,0.41811537742614746,0.9575930833816528,-0.2670868933200836,0.9523194432258606
176,0.5348309278488159,0.3272184729576111,-0.08117447048425674,0.9987230896949768,0.5407798886299133,0.31083109974861145,-0.0611053891479969,0.9986112713813782,0.5398672819137573,0.3095042407512665,-0.061123352497816086,0.9983034729957581,0.538752019405365,0.30825528502464294,-0.06115846708416939,0.9985998272895813,0.5394251346588135,0.3106333315372467,-0.11910481750965118,0.9986009001731873,0.5375933051109314,0.3091825842857361,-0.11931798607110977,0.9984117150306702,0.5355587005615234,0.3077009618282318,-0.11932571232318878,0.9987227916717529,0.5151540040969849,0.2951771020889282,0.04426496475934982,0.9970154166221619,0.5106040239334106,0.29445722699165344,-0.21388915181159973,0.9982248544692993,0.5204871892929077,0.33077722787857056,-0.035230111330747604,0.997810423374176,0.5163100957870483,0.32964450120925903,-0.11070102453231812,0.9986053705215454,0.4468923509120941,0.3327106833457947,0.21699018776416779,0.9976317882537842,0.44204434752464294,0.3352256715297699,-0.34822410345077515,0.9997344613075256,0.4389362931251526,0.43725284934043884,0.2981932759284973,0.2262890487909317,0.427273690700531,0.46272993087768555,-0.44471344351768494,0.9724898338317871,0.5115427374839783,0.5351378321647644,0.20328573882579803,0.30548059940338135,0.5160113573074341,0.5446937680244446,-0.38065651059150696,0.931403398513794,0.5311614274978638,0.5566437244415283,0.2063767910003662,0.282502144575119,0.5408073663711548,0.5743897557258606,-0.4303283095359802,0.8971487283706665,0.5400246381759644,0.559453010559082,0.15569046139717102,0.2888517379760742,0.5542149543762207,0.5642330050468445,-0.40158915519714355,0.8945353627204895,0.532152533531189,0.5534639358520508,0.1765822321176529,0.29740262031555176,0.5438568592071533,0.55429607629776,-0.36747586727142334,0.8647050261497498,0.3615458905696869,0.5466042757034302,0.1751653105020523,0.9991611838340759,0.34186047315597534,0.5484274625778198,-0.1748337596654892,0.999676525592804,0.3951658308506012,0.7030873894691467,0.1812783181667328,0.4780507981777191,0.3848903179168701,0.7227447032928467,-0.1905680000782013,0.9389898180961609,0.37212643027305603,0.8805757761001587,0.28130319714546204,0.6025876998901367,0.3602728545665741,0.9184080958366394,-0.10911305248737335,0.9545466899871826,0.3448631465435028,0.9086057543754578,0.28342148661613464,0.6739817261695862,0.3214530050754547,0.9338801503181458,-0.10512969642877579,0.9023767113685608,0.42932552099227905,0.9245408177375793,0.19839461147785187,0.7362224459648132,0.42625492811203003,0.9611624479293823,-0.20867279171943665,0.9504976868629456
177,0.5253572463989258,0.32018551230430603,0.14911410212516785,0.9988319277763367,0.5291264653205872,0.30217868089675903,0.12730617821216583,0.9987395405769348,0.5254653096199036,0.2990560829639435,0.12728555500507355,0.9984616637229919,0.5227270722389221,0.29636287689208984,0.12736545503139496,0.9987296462059021,0.5334721803665161,0.30526477098464966,0.08829870820045471,0.9987314343452454,0.5338693857192993,0.3049684762954712,0.08810324966907501,0.9985608458518982,0.5341504216194153,0.3046477735042572,0.08809153735637665,0.9988422393798828,0.50334233045578,0.28693512082099915,0.07073526084423065,0.9973024129867554,0.5200392603874207,0.2993898093700409,-0.1030983105301857,0.9983959794044495,0.5073590278625488,0.32299113273620605,0.13906899094581604,0.9980080723762512,0.5115801692008972,0.32643911242485046,0.08798807859420776,0.9987269043922424,0.3944287598133087,0.3079861104488373,0.11795543134212494,0.99783855676651,0.4749228358268738,0.35717064142227173,-0.23733699321746826,0.9997595548629761,0.3337739408016205,0.3861941993236542,0.33014586567878723,0.24129121005535126,0.4694218635559082,0.4934860169887543,-0.18550939857959747,0.9741464853286743,0.3799861967563629,0.43739113211631775,0.5433565378189087,0.28077611327171326,0.5194807052612305,0.5585923790931702,0.06398333609104156,0.9053507447242737,0.39059409499168396,0.44900473952293396,0.6025065779685974,0.2593258023262024,0.5351728200912476,0.5700486898422241,0.07776279002428055,0.8619823455810547,0.40576785802841187,0.4513781666755676,0.5705806016921997,0.2651159465312958,0.5464814901351929,0.5680632591247559,0.09250107407569885,0.8585310578346252,0.40318185091018677,0.44807472825050354,0.5375379920005798,0.273002952337265,0.5387013554573059,0.5746626257896423,0.07878832519054413,0.8238990306854248,0.3321836292743683,0.5397329330444336,0.1309700310230255,0.9992131590843201,0.378892183303833,0.5529352426528931,-0.13056910037994385,0.9997041821479797,0.3505614995956421,0.7015448212623596,0.2086276113986969,0.509864866733551,0.39821019768714905,0.7110613584518433,-0.04397467523813248,0.9442809224128723,0.35425814986228943,0.8735321164131165,0.2574269473552704,0.6262131929397583,0.3569749593734741,0.8874083757400513,-0.01933172531425953,0.9570846557617188,0.3321598172187805,0.8997604250907898,0.2598807215690613,0.6971264481544495,0.3349822461605072,0.9164463877677917,-0.014581558294594288,0.9101133346557617,0.4129839837551117,0.9061773419380188,0.2548815608024597,0.7344366312026978,0.41993436217308044,0.9290391206741333,-0.036115314811468124,0.9462852478027344
178,0.5215140581130981,0.3141755759716034,0.18315602838993073,0.9989152550697327,0.5257874131202698,0.2987937331199646,0.1619195193052292,0.9988436698913574,0.5236498713493347,0.29630690813064575,0.1618155688047409,0.9985904097557068,0.5210398435592651,0.2941300570964813,0.16180087625980377,0.9988354444503784,0.5307246446609497,0.3014019727706909,0.1253553330898285,0.9988368153572083,0.5310341715812683,0.3012281358242035,0.12511992454528809,0.9986799359321594,0.5314570665359497,0.30044975876808167,0.12508952617645264,0.998936653137207,0.49995118379592896,0.28486427664756775,0.09253834187984467,0.9975478649139404,0.517937421798706,0.29676353931427,-0.07166789472103119,0.9985399842262268,0.5013856887817383,0.3170085847377777,0.16860657930374146,0.9981739521026611,0.5063784122467041,0.3198307752609253,0.1201949492096901,0.9988238215446472,0.39149439334869385,0.2976168692111969,0.12829597294330597,0.9980303645133972,0.47919631004333496,0.3567212224006653,-0.1940544843673706,0.9997810125350952,0.34660178422927856,0.393054723739624,0.23874516785144806,0.24276427924633026,0.46405404806137085,0.47532615065574646,-0.16579705476760864,0.9707239270210266,0.4065205454826355,0.44044622778892517,0.2860032618045807,0.262765109539032,0.514969527721405,0.5242838263511658,0.02974374033510685,0.875353217124939,0.42016977071762085,0.4490175247192383,0.31768670678138733,0.2434074431657791,0.5321722626686096,0.5447894930839539,0.030647743493318558,0.8265095949172974,0.4336274266242981,0.45182427763938904,0.28435301780700684,0.2487930953502655,0.5348895192146301,0.5349553823471069,0.049508363008499146,0.8219106793403625,0.43012577295303345,0.4506097733974457,0.2750486731529236,0.25593751668930054,0.5258359909057617,0.5275183916091919,0.04431683570146561,0.7846283316612244,0.33670008182525635,0.5440455079078674,0.11280252784490585,0.9992563724517822,0.3921617269515991,0.5622657537460327,-0.11260614544153214,0.9997245669364929,0.34301242232322693,0.7138357162475586,0.2366190254688263,0.5102537274360657,0.3890571892261505,0.725771963596344,-0.0027544202748686075,0.9445608258247375,0.34782522916793823,0.8622407913208008,0.3047962784767151,0.6256418824195862,0.3526560366153717,0.8867985010147095,0.0729774609208107,0.9517961740493774,0.33207178115844727,0.8867961764335632,0.3091960549354553,0.6961625814437866,0.33289408683776855,0.9086674451828003,0.08200551569461823,0.9109652042388916,0.3888838589191437,0.887365460395813,0.27709752321243286,0.721981406211853,0.40511003136634827,0.9174970388412476,0.05443943664431572,0.9357814192771912
179,0.5279593467712402,0.31540408730506897,0.053308289498090744,0.9989612102508545,0.5351272821426392,0.30132099986076355,0.041536785662174225,0.9989096522331238,0.5340426564216614,0.30019596219062805,0.041447896510362625,0.9986737370491028,0.5302638411521912,0.29798224568367004,0.04141615331172943,0.9989045858383179,0.5360196828842163,0.30140966176986694,-0.000682499841786921,0.9989044666290283,0.5347805023193359,0.3001183271408081,-0.0009271565941162407,0.9987558722496033,0.5337255001068115,0.2988489270210266,-0.000991608714684844,0.9989973306655884,0.5124515295028687,0.2888043522834778,0.020849023014307022,0.9977200627326965,0.5179672837257385,0.29177984595298767,-0.1684580147266388,0.9986417889595032,0.5096079707145691,0.3222890794277191,0.057967472821474075,0.9982587099075317,0.5104368329048157,0.32154104113578796,0.0022975164465606213,0.998863160610199,0.40319791436195374,0.3087436556816101,0.10586225986480713,0.9981787800788879,0.4888679087162018,0.3442288935184479,-0.26314812898635864,0.999795138835907,0.350993812084198,0.3926672339439392,0.23128166794776917,0.23051290214061737,0.4763789176940918,0.4510950446128845,-0.20627646148204803,0.9580788016319275,0.38488325476646423,0.4148387312889099,0.2539266049861908,0.24638767540454865,0.49128231406211853,0.45854559540748596,0.0004538549983408302,0.8407074809074402,0.38813406229019165,0.4180554747581482,0.2764182686805725,0.2297956347465515,0.4970329701900482,0.4626014828681946,-0.008506350219249725,0.7925432920455933,0.402197927236557,0.42046499252319336,0.24169988930225372,0.23483261466026306,0.496175616979599,0.4546572268009186,0.0019753447268158197,0.7876597046852112,0.40192604064941406,0.4205631613731384,0.2410445511341095,0.241290882229805,0.49016666412353516,0.4521453380584717,0.011331921443343163,0.7489153146743774,0.35564151406288147,0.5491530299186707,0.13459935784339905,0.9992895722389221,0.40090423822402954,0.5668438076972961,-0.13441653549671173,0.9997363090515137,0.35936567187309265,0.7158428430557251,0.3202034831047058,0.5001351237297058,0.400507390499115,0.7329698801040649,0.0044799307361245155,0.9417741298675537,0.35769790410995483,0.8632842302322388,0.43303918838500977,0.6295102834701538,0.36127567291259766,0.8759485483169556,0.12377021461725235,0.9449980854988098,0.3384852111339569,0.887942910194397,0.4412321448326111,0.6972291469573975,0.3432779312133789,0.8968955278396606,0.1351492702960968,0.9061152338981628,0.40816622972488403,0.904047966003418,0.383314311504364,0.7220773696899414,0.4184936583042145,0.9256666898727417,0.06989680975675583,0.928248941898346
180,0.5301517248153687,0.31499943137168884,0.11846236884593964,0.9989888072013855,0.5346446633338928,0.2992892563343048,0.09171467274427414,0.9989604949951172,0.5325477123260498,0.29746851325035095,0.0916370302438736,0.9987406730651855,0.5291794538497925,0.29526638984680176,0.09167670458555222,0.9989521503448486,0.5385903120040894,0.3013346791267395,0.059115003794431686,0.9989575743675232,0.5387059450149536,0.3009159564971924,0.05889766290783882,0.9988173842430115,0.5388549566268921,0.30068734288215637,0.05885335057973862,0.9990391135215759,0.514065682888031,0.28662392497062683,0.01613587513566017,0.997871994972229,0.5268371105194092,0.29691457748413086,-0.12964226305484772,0.9987256526947021,0.5138600468635559,0.318065881729126,0.10253119468688965,0.9983322620391846,0.5173346996307373,0.32043206691741943,0.05933704972267151,0.9988886117935181,0.39680272340774536,0.2972842752933502,0.0741337388753891,0.9983080625534058,0.5001493692398071,0.36299777030944824,-0.2367609292268753,0.9998047947883606,0.31919577717781067,0.36198049783706665,0.24323177337646484,0.26858946681022644,0.5180002450942993,0.45602115988731384,-0.22472038865089417,0.9591164588928223,0.34151071310043335,0.3802926242351532,0.3699253499507904,0.2559671401977539,0.5733585953712463,0.49172884225845337,-0.06784308701753616,0.8339543342590332,0.3455755412578583,0.38193660974502563,0.4088350832462311,0.23700110614299774,0.5899022817611694,0.5058664083480835,-0.07170911878347397,0.7811580300331116,0.359325647354126,0.3863128423690796,0.37732231616973877,0.24153150618076324,0.5920218229293823,0.49885374307632446,-0.05907193571329117,0.7754942178726196,0.3588305711746216,0.3869568705558777,0.3627617657184601,0.24527397751808167,0.5822992324829102,0.4929026961326599,-0.05643473193049431,0.7329306602478027,0.35467103123664856,0.5535752773284912,0.11938188970088959,0.9992859959602356,0.4144915044307709,0.5679301619529724,-0.11932606995105743,0.9997342824935913,0.36068016290664673,0.71213299036026,0.25908851623535156,0.4914579689502716,0.40324893593788147,0.7192888855934143,-0.034442827105522156,0.9382420182228088,0.35628485679626465,0.8605802655220032,0.34618785977363586,0.6313234567642212,0.3703654110431671,0.8751938939094543,0.044385816901922226,0.9390430450439453,0.3417496383190155,0.8808552622795105,0.35216718912124634,0.6940845251083374,0.34973862767219543,0.889875590801239,0.05368437618017197,0.9037020206451416,0.39802756905555725,0.9005891680717468,0.2977607548236847,0.7201600670814514,0.41993188858032227,0.9190065264701843,0.0014157870318740606,0.9228492975234985
181,0.5225833654403687,0.3010485768318176,-0.10234669595956802,0.9985078573226929,0.5267632603645325,0.28902551531791687,-0.09580937772989273,0.9984915256500244,0.526350200176239,0.28854793310165405,-0.09583370387554169,0.9981731176376343,0.5261232852935791,0.2883245646953583,-0.0958823636174202,0.9984184503555298,0.5265151858329773,0.28788676857948303,-0.1260489523410797,0.998399555683136,0.5267772674560547,0.2862446904182434,-0.12622271478176117,0.9981605410575867,0.5268980860710144,0.2856304347515106,-0.12633702158927917,0.998498797416687,0.5161511301994324,0.284625381231308,-0.015174739062786102,0.9968328475952148,0.5178440809249878,0.28350478410720825,-0.15302158892154694,0.997952401638031,0.5119556188583374,0.30830734968185425,-0.06108011677861214,0.9955488443374634,0.5121655464172363,0.3044739365577698,-0.10184575617313385,0.996883749961853,0.4634377956390381,0.33442673087120056,0.09120257198810577,0.9971429109573364,0.4530174136161804,0.3049008846282959,-0.18516507744789124,0.9996026754379272,0.4113216996192932,0.38496333360671997,0.20429043471813202,0.2528267800807953,0.39279720187187195,0.3426770567893982,-0.2363777905702591,0.9429280757904053,0.411538690328598,0.3876553773880005,0.28550225496292114,0.23951151967048645,0.3656071424484253,0.35812193155288696,-0.23166027665138245,0.8076209425926208,0.40863966941833496,0.39066171646118164,0.29885950684547424,0.22148162126541138,0.35368612408638,0.3599591851234436,-0.257734090089798,0.754529595375061,0.4203173518180847,0.39227914810180664,0.2805386781692505,0.22581543028354645,0.3610039949417114,0.3623914122581482,-0.25729674100875854,0.7503471970558167,0.4207541048526764,0.39232009649276733,0.27845773100852966,0.22970056533813477,0.3636903762817383,0.36349719762802124,-0.23229722678661346,0.7095051407814026,0.39978569746017456,0.5518311858177185,0.09577980637550354,0.9990074038505554,0.3870944380760193,0.544877827167511,-0.0957278162240982,0.999617338180542,0.383078396320343,0.709157407283783,0.1990128606557846,0.499350368976593,0.39979350566864014,0.7118229866027832,-0.03734404593706131,0.9318116903305054,0.3704304099082947,0.8617630004882812,0.29930564761161804,0.6424157023429871,0.37286993861198425,0.8740126490592957,0.07165264338254929,0.933803915977478,0.35521167516708374,0.8837526440620422,0.3024774193763733,0.685360312461853,0.3589377701282501,0.8984380960464478,0.07844796776771545,0.8856160640716553,0.4089818596839905,0.917183518409729,0.19477489590644836,0.7262229323387146,0.4072725772857666,0.9332979321479797,-0.0354565754532814,0.9171936511993408
182,0.5189911723136902,0.28882941603660583,-0.24748356640338898,0.998486340045929,0.5273016691207886,0.27840811014175415,-0.2242588996887207,0.998461127281189,0.5286252498626709,0.2793213129043579,-0.2242143601179123,0.9981120228767395,0.5300401449203491,0.2803179919719696,-0.22420096397399902,0.9983341693878174,0.5220589637756348,0.27361512184143066,-0.24355271458625793,0.9984104037284851,0.5184024572372437,0.27085375785827637,-0.2437688559293747,0.9981804490089417,0.5165297389030457,0.2689226269721985,-0.24388337135314941,0.9985196590423584,0.5233300924301147,0.2797521948814392,-0.05961743742227554,0.9966521263122559,0.5052207708358765,0.26764926314353943,-0.1520305573940277,0.997982919216156,0.5130768418312073,0.30181485414505005,-0.1788087785243988,0.9950366020202637,0.5052493810653687,0.2944491505622864,-0.20632000267505646,0.9968187212944031,0.5120552182197571,0.34485679864883423,0.045529283583164215,0.9955154657363892,0.4060766100883484,0.3051602244377136,-0.12001283466815948,0.9995555877685547,0.4537855088710785,0.3843042254447937,0.08721091598272324,0.24445876479148865,0.33105260133743286,0.3202752470970154,-0.31710952520370483,0.9382004737854004,0.45106571912765503,0.34943681955337524,0.0869254618883133,0.23231175541877747,0.3543360233306885,0.3155537247657776,-0.5437244176864624,0.7995911836624146,0.4481233060359955,0.344685435295105,0.0751282125711441,0.21598052978515625,0.3541112542152405,0.3146810829639435,-0.6018122434616089,0.7449421286582947,0.46013641357421875,0.34407728910446167,0.06105956435203552,0.22033394873142242,0.3681621551513672,0.3119407594203949,-0.5887824296951294,0.741614043712616,0.45852130651474,0.3470584750175476,0.079381562769413,0.22438408434391022,0.36837488412857056,0.3153248727321625,-0.5463253259658813,0.7042272686958313,0.42288675904273987,0.5564137697219849,0.07204404473304749,0.9988130927085876,0.3653193712234497,0.5471988916397095,-0.07206549495458603,0.9995794892311096,0.41595929861068726,0.7161704301834106,0.16436797380447388,0.5214533805847168,0.3763394057750702,0.726797342300415,-0.05559269338846207,0.9261032938957214,0.38210368156433105,0.8651479482650757,0.31665101647377014,0.6569917798042297,0.3752933144569397,0.8873416185379028,0.05465846136212349,0.9340770840644836,0.3667626976966858,0.8790561556816101,0.32374832034111023,0.6853805780410767,0.3575195074081421,0.9140551686286926,0.05878368765115738,0.8750426769256592,0.4158536493778229,0.9203816652297974,0.19290083646774292,0.7373369932174683,0.40569186210632324,0.9516102075576782,-0.10587237775325775,0.918054461479187
183,0.49884897470474243,0.2649495601654053,0.20220895111560822,0.9983241558074951,0.5021430253982544,0.2555016577243805,0.1586458832025528,0.9983633756637573,0.49943113327026367,0.25422191619873047,0.15853619575500488,0.9980296492576599,0.49359211325645447,0.25163108110427856,0.1585124433040619,0.998246967792511,0.5109063982963562,0.260175883769989,0.1706925630569458,0.998189389705658,0.5135919451713562,0.26155370473861694,0.17054572701454163,0.9978768825531006,0.5160921216011047,0.26292428374290466,0.1704735904932022,0.9982259273529053,0.4882327616214752,0.2571316957473755,0.01362448651343584,0.9965885281562805,0.5165552496910095,0.2697145342826843,0.0665179193019867,0.9976856112480164,0.48712968826293945,0.2738155424594879,0.15846790373325348,0.9946871399879456,0.49704867601394653,0.28005164861679077,0.17369326949119568,0.9962422251701355,0.4100044369697571,0.30671054124832153,-0.03948900103569031,0.9954773187637329,0.5199722051620483,0.3484315276145935,0.051691312342882156,0.9989306926727295,0.31912457942962646,0.27990055084228516,0.006237418856471777,0.31443262100219727,0.4849821627140045,0.35785001516342163,0.2383762151002884,0.869472086429596,0.37989622354507446,0.20706355571746826,0.11517423391342163,0.29130619764328003,0.4556393027305603,0.25314295291900635,0.47270411252975464,0.7326981425285339,0.3775588572025299,0.1782875955104828,0.12492190301418304,0.274442583322525,0.4560273587703705,0.2275577038526535,0.4983779788017273,0.6843722462654114,0.3887319564819336,0.19484567642211914,0.09573095291852951,0.2782522141933441,0.4482906758785248,0.22494623064994812,0.48763447999954224,0.6814531087875366,0.3906551003456116,0.2009090930223465,0.10720429569482803,0.28014424443244934,0.43114447593688965,0.2297939956188202,0.4732132852077484,0.6489148736000061,0.3576452434062958,0.5600072145462036,0.0034660715609788895,0.9988231658935547,0.42582574486732483,0.5710257291793823,-0.0036888960748910904,0.9994961619377136,0.356254905462265,0.729884684085846,0.07430578768253326,0.5338238477706909,0.4056902527809143,0.7368408441543579,0.07032875716686249,0.9028613567352295,0.3735758066177368,0.89338618516922,0.0332396999001503,0.6764861941337585,0.38938137888908386,0.8875746726989746,0.10923279821872711,0.9070184826850891,0.37152430415153503,0.9269404411315918,0.030485108494758606,0.6932247281074524,0.38580238819122314,0.9108983874320984,0.11218956857919693,0.8562292456626892,0.3712448179721832,0.9283257722854614,-0.03409101068973541,0.7411168813705444,0.4133942127227783,0.9315716028213501,0.064268559217453,0.8814644813537598
184,0.4970225393772125,0.25927478075027466,0.18186011910438538,0.9980897307395935,0.4975525736808777,0.24852213263511658,0.13697075843811035,0.9982455372810364,0.4938376843929291,0.24684572219848633,0.13686779141426086,0.9979120492935181,0.48995357751846313,0.2452888935804367,0.13686874508857727,0.9981321692466736,0.5095623135566711,0.25404924154281616,0.14987218379974365,0.9979493021965027,0.5128247141838074,0.25537705421447754,0.14972418546676636,0.997546374797821,0.5157181024551392,0.25657254457473755,0.1496584713459015,0.9978976845741272,0.480497270822525,0.2496020793914795,-0.012706434354186058,0.9964537620544434,0.5156504511833191,0.26492100954055786,0.04550766572356224,0.9973036646842957,0.48659366369247437,0.26797428727149963,0.1365133672952652,0.994352400302887,0.5008247494697571,0.2747948467731476,0.15320751070976257,0.995561420917511,0.4030798077583313,0.30601030588150024,-0.07015855610370636,0.9955284595489502,0.5218862295150757,0.3446696400642395,0.030029114335775375,0.9981221556663513,0.32133278250694275,0.26441341638565063,-0.06637587398290634,0.3804015517234802,0.5004097819328308,0.3570657968521118,0.18518725037574768,0.8117949366569519,0.36461156606674194,0.1719510853290558,-0.014887446537613869,0.35387587547302246,0.47470998764038086,0.2474430799484253,0.3739977777004242,0.6764708757400513,0.3668031096458435,0.14612853527069092,-0.01919424533843994,0.33655181527137756,0.4782359004020691,0.22305841743946075,0.3887013792991638,0.6331328749656677,0.3761272132396698,0.15763233602046967,-0.039238058030605316,0.3396052420139313,0.468139111995697,0.21883240342140198,0.3780001401901245,0.630362868309021,0.3779630661010742,0.16128169000148773,-0.020910799503326416,0.3396964371204376,0.4635833203792572,0.22679480910301208,0.37303680181503296,0.6020095944404602,0.3552033305168152,0.5662187933921814,0.010120628401637077,0.9988698959350586,0.42741093039512634,0.5786140561103821,-0.010439423844218254,0.9994183778762817,0.3574506640434265,0.7411560416221619,0.0852101743221283,0.5385538935661316,0.4105491042137146,0.7391604781150818,0.06331388652324677,0.8781931400299072,0.37846264243125916,0.9004570841789246,0.05806981399655342,0.6918180584907532,0.39413896203041077,0.8800445795059204,0.12988802790641785,0.8754718899726868,0.3788902163505554,0.9337738156318665,0.05579113960266113,0.6994911432266235,0.3996918499469757,0.9066733121871948,0.1360582411289215,0.8363727331161499,0.38774573802948,0.9414724111557007,-0.01648906245827675,0.7389256954193115,0.4198671877384186,0.9308956265449524,0.08800146728754044,0.8397608399391174
185,0.4854606091976166,0.2404552698135376,0.1321927309036255,0.9980337023735046,0.4884410798549652,0.2314990758895874,0.08737090229988098,0.9982398748397827,0.485832154750824,0.23084214329719543,0.0873146653175354,0.9979128837585449,0.48279815912246704,0.2301274836063385,0.08733849972486496,0.9981259107589722,0.4995855391025543,0.236465185880661,0.11177261918783188,0.997869610786438,0.5029433369636536,0.23806779086589813,0.11164020001888275,0.9974154233932495,0.5057427883148193,0.23931753635406494,0.11159498989582062,0.9977757930755615,0.4797735810279846,0.23965966701507568,-0.06356406956911087,0.9964818954467773,0.5095606446266174,0.25197941064834595,0.04657446965575218,0.997207522392273,0.47783055901527405,0.2517765164375305,0.08498550206422806,0.9944602251052856,0.4907001852989197,0.2584330439567566,0.11695320904254913,0.9954906702041626,0.4144635796546936,0.2984810471534729,-0.1395026296377182,0.9957401752471924,0.5143187046051025,0.32987186312675476,0.054184384644031525,0.9977102279663086,0.3274995982646942,0.2531711161136627,-0.18110178411006927,0.44073066115379333,0.4722301959991455,0.3016480803489685,0.1665024310350418,0.7635952234268188,0.36138561367988586,0.15899325907230377,-0.14423412084579468,0.41294145584106445,0.4254789352416992,0.18405571579933167,0.2548927664756775,0.6351124048233032,0.3639589250087738,0.13074851036071777,-0.16620022058486938,0.39554667472839355,0.42638421058654785,0.15378281474113464,0.25711432099342346,0.5955985188484192,0.3719780743122101,0.1345566213130951,-0.1752277910709381,0.39776337146759033,0.4172804355621338,0.15097567439079285,0.23940782248973846,0.5928516387939453,0.3718073070049286,0.14810098707675934,-0.1476341336965561,0.3964717984199524,0.4135342538356781,0.1619229018688202,0.2464253455400467,0.5689713358879089,0.35680627822875977,0.5567114353179932,-0.026942390948534012,0.9988967180252075,0.4212411940097809,0.5699886083602905,0.0267054233700037,0.9992932677268982,0.35358574986457825,0.7281184792518616,0.04902813211083412,0.5595160722732544,0.4041171967983246,0.7439643144607544,0.10956330597400665,0.8471991419792175,0.3758086860179901,0.8961361646652222,0.04380125552415848,0.7100066542625427,0.38876646757125854,0.8884543180465698,0.18868860602378845,0.8422918319702148,0.3833226263523102,0.9411476254463196,0.04312712699174881,0.7146689891815186,0.3932301700115204,0.9130470156669617,0.19553300738334656,0.8188857436180115,0.3670317828655243,0.9333260655403137,-0.027922432869672775,0.7407649159431458,0.40049657225608826,0.9310836791992188,0.1511629968881607,0.7997366189956665
186,0.48772138357162476,0.23752491176128387,0.1579020768404007,0.9980305433273315,0.48968878388404846,0.227909654378891,0.1117851510643959,0.9982684254646301,0.48361024260520935,0.22624950110912323,0.11170512437820435,0.9979540109634399,0.4801787734031677,0.22577936947345734,0.11172197014093399,0.998155415058136,0.5003199577331543,0.2321520298719406,0.13295093178749084,0.9978597164154053,0.5062631368637085,0.23528704047203064,0.13281770050525665,0.9973663687705994,0.5097246766090393,0.23728874325752258,0.13277123868465424,0.997718870639801,0.4751230776309967,0.23581905663013458,-0.04484635591506958,0.9965946078300476,0.509034276008606,0.25018367171287537,0.050137557089328766,0.9971912503242493,0.47358769178390503,0.24615076184272766,0.10918454825878143,0.9946564435958862,0.4890519678592682,0.25362494587898254,0.13665002584457397,0.9955454468727112,0.3977104723453522,0.2855544090270996,-0.12406446784734726,0.9959732294082642,0.5122373700141907,0.3292537331581116,0.05321960896253586,0.9973087906837463,0.32307466864585876,0.23525181412696838,-0.16062799096107483,0.4952039122581482,0.4730908274650574,0.31786078214645386,0.18157486617565155,0.7178452610969543,0.3697318434715271,0.13974040746688843,-0.12943467497825623,0.46612784266471863,0.4334739148616791,0.19960930943489075,0.30078691244125366,0.5940287113189697,0.3686985373497009,0.11110947281122208,-0.14556382596492767,0.4486887454986572,0.43479204177856445,0.1706634759902954,0.30732423067092896,0.5583106875419617,0.3820297420024872,0.11552082002162933,-0.15864519774913788,0.450164794921875,0.42524147033691406,0.16728475689888,0.29238981008529663,0.5555664896965027,0.38338667154312134,0.1300034075975418,-0.1340492069721222,0.4479846954345703,0.42170897126197815,0.1777040660381317,0.29487839341163635,0.5356489419937134,0.35325366258621216,0.5523933172225952,-0.02103971689939499,0.9989301562309265,0.4185132384300232,0.5658174753189087,0.020813150331377983,0.9992119073867798,0.35267961025238037,0.728513240814209,0.04457428306341171,0.579255998134613,0.40035685896873474,0.7431272268295288,0.08755584806203842,0.8243959546089172,0.3758299648761749,0.9048479795455933,0.030919542536139488,0.7256820797920227,0.38709813356399536,0.899655818939209,0.14537131786346436,0.8157055974006653,0.3779396712779999,0.9288736581802368,0.030700156465172768,0.7273105382919312,0.391015887260437,0.9285420179367065,0.15014688670635223,0.8042548298835754,0.3676740527153015,0.9297460317611694,-0.03311793878674507,0.7419660687446594,0.39865541458129883,0.9402898550033569,0.10476948320865631,0.7650341987609863
187,0.48426514863967896,0.23374231159687042,0.1422397345304489,0.9981774091720581,0.4883248805999756,0.22414667904376984,0.09318554401397705,0.9984089732170105,0.4859689176082611,0.22341743111610413,0.09312357753515244,0.9981225728988647,0.4794481694698334,0.22119827568531036,0.0932030975818634,0.9983049631118774,0.4958944320678711,0.22783000767230988,0.12321291118860245,0.9980239868164062,0.5018994808197021,0.23097050189971924,0.12306998670101166,0.9975595474243164,0.5048161745071411,0.2325648069381714,0.12304560095071793,0.9978855848312378,0.47493863105773926,0.23027953505516052,-0.06903541833162308,0.9968824982643127,0.504914402961731,0.24418997764587402,0.06500072777271271,0.9974183440208435,0.47079968452453613,0.2424772083759308,0.0910738855600357,0.9951046705245972,0.48417767882347107,0.2461743801832199,0.129968523979187,0.9959053993225098,0.41053763031959534,0.2890212833881378,-0.16894933581352234,0.99630206823349,0.5070313215255737,0.32191914319992065,0.10741753876209259,0.9971371293067932,0.3227846622467041,0.22921422123908997,-0.1959632933139801,0.5451983213424683,0.47465115785598755,0.31132394075393677,0.2602553069591522,0.6769214868545532,0.36951711773872375,0.12728403508663177,-0.12576963007450104,0.5163607001304626,0.4445926249027252,0.2004469633102417,0.37462103366851807,0.55934739112854,0.3673112690448761,0.10421030223369598,-0.14260108768939972,0.4991542100906372,0.4496828019618988,0.17113684117794037,0.3860538601875305,0.5275456309318542,0.37969839572906494,0.11029943078756332,-0.15288858115673065,0.5001041889190674,0.44196105003356934,0.16873179376125336,0.36575475335121155,0.5249654650688171,0.380585640668869,0.12350614368915558,-0.12797529995441437,0.49738630652427673,0.43732690811157227,0.1796470284461975,0.36645570397377014,0.5077904462814331,0.36595645546913147,0.5507659316062927,-0.06433754414319992,0.9989862442016602,0.4256623685359955,0.5639804005622864,0.06427957117557526,0.9991714954376221,0.3621180057525635,0.7241824865341187,-0.013837574049830437,0.6097958087921143,0.40128666162490845,0.7378978133201599,0.12082207202911377,0.7935450077056885,0.3841383755207062,0.906628429889679,-0.03812155872583389,0.7454717755317688,0.39442580938339233,0.9113231897354126,0.162691131234169,0.7931418418884277,0.39054355025291443,0.9310094714164734,-0.03787454590201378,0.7450012564659119,0.39460623264312744,0.9341287612915039,0.16581356525421143,0.7956629395484924,0.3617263734340668,0.939864456653595,-0.0904349535703659,0.7528929710388184,0.38241225481033325,0.9330164194107056,0.13327088952064514,0.7411733865737915
188,0.4654834270477295,0.22600893676280975,0.1461637169122696,0.9983026385307312,0.4604121148586273,0.2163453847169876,0.09204743057489395,0.9985293745994568,0.45786190032958984,0.21615758538246155,0.09196699410676956,0.9982677102088928,0.45490795373916626,0.21572203934192657,0.09200900048017502,0.9984340667724609,0.47364187240600586,0.21982376277446747,0.12197186052799225,0.9981620907783508,0.47700390219688416,0.22100131213665009,0.12188999354839325,0.9977201819419861,0.4841306805610657,0.22399048507213593,0.12189694494009018,0.9980217218399048,0.4514949917793274,0.22232618927955627,-0.08534225821495056,0.9971417188644409,0.48750191926956177,0.23454634845256805,0.0483478307723999,0.997617244720459,0.45391732454299927,0.23844511806964874,0.09059430658817291,0.9954968094825745,0.46785083413124084,0.24304744601249695,0.1293220818042755,0.9962164759635925,0.39258888363838196,0.28437918424606323,-0.17245429754257202,0.9965537786483765,0.5118708610534668,0.31590649485588074,0.0791485458612442,0.9970172643661499,0.3109782040119171,0.22507981956005096,-0.1857709139585495,0.5900818109512329,0.47220277786254883,0.29597708582878113,0.284312903881073,0.640885591506958,0.36211100220680237,0.1364426165819168,-0.0928947851061821,0.5604116916656494,0.43442434072494507,0.18668517470359802,0.4537820816040039,0.5255560874938965,0.37011629343032837,0.10795329511165619,-0.10473382472991943,0.5433821678161621,0.4365633428096771,0.15627199411392212,0.4743196368217468,0.49781638383865356,0.3824003338813782,0.12214131653308868,-0.12457829713821411,0.5438849925994873,0.4278610348701477,0.15583011507987976,0.4523753225803375,0.49547064304351807,0.3842994272708893,0.13007625937461853,-0.09874758124351501,0.5406860709190369,0.4238792359828949,0.16833236813545227,0.446911484003067,0.48123854398727417,0.3560309410095215,0.5513142347335815,-0.05731923505663872,0.998989462852478,0.4205795228481293,0.5671956539154053,0.05723213031888008,0.999047040939331,0.3612807095050812,0.7359786033630371,-0.0020456293132156134,0.6357451677322388,0.40238675475120544,0.7540329098701477,0.12571099400520325,0.7680714726448059,0.3777695596218109,0.904201328754425,-0.024670574814081192,0.7619609236717224,0.3913794159889221,0.914880633354187,0.1568668782711029,0.7727859616279602,0.3910311460494995,0.9468623399734497,-0.02354848012328148,0.7620413899421692,0.3850548565387726,0.9365774393081665,0.15974317491054535,0.7890323996543884,0.36611801385879517,0.9400434494018555,-0.06404638290405273,0.7597055435180664,0.3821415305137634,0.9428820610046387,0.1330588459968567,0.7162088751792908
189,0.465707927942276,0.22612842917442322,0.14922688901424408,0.9984596967697144,0.46793311834335327,0.21778592467308044,0.09292695671319962,0.9986686706542969,0.4650557041168213,0.2172451913356781,0.09284716099500656,0.9984322190284729,0.4618511199951172,0.2165755331516266,0.09291186183691025,0.9985818266868591,0.47969040274620056,0.22171755135059357,0.12535175681114197,0.9983351826667786,0.48319849371910095,0.2231525480747223,0.12520089745521545,0.9979333877563477,0.48796820640563965,0.22502359747886658,0.1251833736896515,0.9982060790061951,0.45831626653671265,0.22360126674175262,-0.09402336180210114,0.9974173903465271,0.49036985635757446,0.23471713066101074,0.050487857311964035,0.9978465437889099,0.45740723609924316,0.23875455558300018,0.09016343206167221,0.9959279894828796,0.46775269508361816,0.2432904988527298,0.1320711225271225,0.9965776801109314,0.40050941705703735,0.2828442454338074,-0.18634411692619324,0.9968721270561218,0.5132668614387512,0.3194209933280945,0.08557043224573135,0.9972218871116638,0.29874685406684875,0.22862207889556885,-0.1838454008102417,0.6306209564208984,0.4701848030090332,0.2917768657207489,0.27569088339805603,0.6171537637710571,0.35152772068977356,0.14189419150352478,-0.07250864803791046,0.6006908416748047,0.4275000989437103,0.18568725883960724,0.4290274977684021,0.5006392598152161,0.35965320467948914,0.11519239097833633,-0.0835111066699028,0.5836744904518127,0.43095168471336365,0.15489806234836578,0.4512949585914612,0.4755096733570099,0.36794090270996094,0.12094324827194214,-0.0991661548614502,0.5837275385856628,0.4225659966468811,0.15406310558319092,0.42843660712242126,0.47312453389167786,0.36831438541412354,0.13347385823726654,-0.07638339698314667,0.5799818634986877,0.4177296757698059,0.16635963320732117,0.42149144411087036,0.4610997140407562,0.35609859228134155,0.5545021295547485,-0.06526565551757812,0.9990493059158325,0.4265126585960388,0.5649063587188721,0.06520036607980728,0.9990459680557251,0.35389766097068787,0.7411478757858276,0.003974416758865118,0.664467990398407,0.40884262323379517,0.7477518916130066,0.1508476436138153,0.7514604926109314,0.37505415081977844,0.9148906469345093,-0.0056565431877970695,0.7800206542015076,0.4001742899417877,0.9048203229904175,0.18991446495056152,0.766279935836792,0.3825538754463196,0.9335492253303528,-0.0018732529133558273,0.7799986004829407,0.40246349573135376,0.9332396388053894,0.19534488022327423,0.7929567098617554,0.3384799063205719,0.945717990398407,-0.02986598014831543,0.7708485126495361,0.38993558287620544,0.9389799237251282,0.18065914511680603,0.7072669267654419
190,0.4671415388584137,0.22135913372039795,0.13775479793548584,0.9986060261726379,0.46716418862342834,0.2120710164308548,0.08264990895986557,0.9987969398498535,0.4634515643119812,0.2119651585817337,0.08258767426013947,0.9985837340354919,0.45942527055740356,0.21165497601032257,0.08268110454082489,0.9987182021141052,0.4803079068660736,0.21503612399101257,0.11581526696681976,0.9984947443008423,0.4840877652168274,0.21639347076416016,0.11566426604986191,0.9981307983398438,0.48745155334472656,0.2175285816192627,0.1156366840004921,0.9983770251274109,0.45304521918296814,0.2204977571964264,-0.10238531976938248,0.9976688027381897,0.49172234535217285,0.22949281334877014,0.04541446268558502,0.9980563521385193,0.45396265387535095,0.2346552610397339,0.07853861898183823,0.9963222742080688,0.4692464768886566,0.2380795180797577,0.12150208652019501,0.996908962726593,0.3921205401420593,0.2815481722354889,-0.19430863857269287,0.9971643686294556,0.501846194267273,0.3092290163040161,0.08675358444452286,0.9974299073219299,0.29065725207328796,0.24690532684326172,-0.19982342422008514,0.667116105556488,0.4620811939239502,0.2774137854576111,0.29748600721359253,0.5950511693954468,0.3427974283695221,0.16198638081550598,-0.09865766763687134,0.6364753842353821,0.40668851137161255,0.1817394196987152,0.47515901923179626,0.4789726138114929,0.34796902537345886,0.13125647604465485,-0.11008761823177338,0.6193848252296448,0.4138938784599304,0.15335743129253387,0.5016413927078247,0.45655301213264465,0.36457914113998413,0.13837067782878876,-0.1293606460094452,0.6190161108970642,0.40600284934043884,0.15278425812721252,0.47867506742477417,0.4540526568889618,0.3637741208076477,0.15170933306217194,-0.10454662889242172,0.6146769523620605,0.39623385667800903,0.16363675892353058,0.46836575865745544,0.4441303610801697,0.36253583431243896,0.5531973242759705,-0.07338020950555801,0.9991138577461243,0.43046075105667114,0.564517617225647,0.07333864271640778,0.9990720152854919,0.3612542152404785,0.7443478107452393,-0.01114348042756319,0.6920973658561707,0.41294151544570923,0.7514343857765198,0.153879314661026,0.7378318309783936,0.3795554041862488,0.9136794209480286,-0.02472427859902382,0.797326385974884,0.403097003698349,0.9094281196594238,0.186977356672287,0.763500988483429,0.3849725127220154,0.938666820526123,-0.021059546619653702,0.7970255017280579,0.4046575427055359,0.9379933476448059,0.19114205241203308,0.7986034750938416,0.3402968943119049,0.948583722114563,-0.048156023025512695,0.7828157544136047,0.3934696912765503,0.9333626627922058,0.177491694688797,0.7031005620956421
191,0.4664389193058014,0.22067351639270782,0.13974347710609436,0.9987367391586304,0.46501192450523376,0.2129291296005249,0.08456146717071533,0.9989116787910461,0.4609008729457855,0.2125575840473175,0.08448134362697601,0.9987190365791321,0.45630893111228943,0.21206828951835632,0.08456415683031082,0.9988401532173157,0.47771626710891724,0.21619181334972382,0.11387648433446884,0.998637855052948,0.48157602548599243,0.21771939098834991,0.11376120895147324,0.9983075857162476,0.4860902428627014,0.21950693428516388,0.11375497281551361,0.9985299110412598,0.44730621576309204,0.22040772438049316,-0.09502456337213516,0.9978942275047302,0.48840832710266113,0.23244766891002655,0.03505021333694458,0.9982433319091797,0.45550164580345154,0.23596926033496857,0.08330832421779633,0.996672511100769,0.468034029006958,0.23909886181354523,0.120966337621212,0.9972023367881775,0.3835808038711548,0.28474101424217224,-0.18054147064685822,0.9973961114883423,0.5049517750740051,0.31490519642829895,0.07914276421070099,0.9975345134735107,0.2956719994544983,0.22958779335021973,-0.15913811326026917,0.699927568435669,0.47182178497314453,0.2883588969707489,0.29748934507369995,0.5803982615470886,0.3508729338645935,0.14522762596607208,-0.04056095704436302,0.6685996055603027,0.4376871585845947,0.18784570693969727,0.48507484793663025,0.4596739113330841,0.35658442974090576,0.11574912071228027,-0.04859503358602524,0.651572048664093,0.4420134425163269,0.1541091650724411,0.5130224227905273,0.4397185146808624,0.3711417019367218,0.12330927699804306,-0.06816670298576355,0.6508307456970215,0.431851863861084,0.15293018519878387,0.48829108476638794,0.43739885091781616,0.36923205852508545,0.1375327855348587,-0.045549679547548294,0.645978569984436,0.42677053809165955,0.16620129346847534,0.4782752990722656,0.42927098274230957,0.35945358872413635,0.5571050047874451,-0.061975233256816864,0.999149739742279,0.43399468064308167,0.5644203424453735,0.062007755041122437,0.9990653395652771,0.35597413778305054,0.7403818368911743,0.00897988397628069,0.714717447757721,0.41619643568992615,0.7465324997901917,0.1414204090833664,0.7228325009346008,0.3722866177558899,0.9107828140258789,-0.010979671962559223,0.8115245699882507,0.3981091380119324,0.90422123670578,0.17114387452602386,0.7553067803382874,0.37817245721817017,0.9487987756729126,-0.00840764306485653,0.8110018372535706,0.3889544606208801,0.9296428561210632,0.1759496033191681,0.7997972369194031,0.35525640845298767,0.936689019203186,-0.036310818046331406,0.7926309704780579,0.3934761583805084,0.9314692616462708,0.1642688512802124,0.6942000389099121
192,0.4559110999107361,0.22665004432201385,0.171894833445549,0.9988459944725037,0.4556160569190979,0.21601185202598572,0.11636048555374146,0.99900883436203,0.45209699869155884,0.21568182110786438,0.11627519130706787,0.998835027217865,0.44819706678390503,0.2152266502380371,0.11635595560073853,0.9989439249038696,0.46887701749801636,0.21866759657859802,0.14722368121147156,0.998757004737854,0.47249096632003784,0.21964982151985168,0.1470850259065628,0.9984534382820129,0.47540760040283203,0.22044336795806885,0.14706701040267944,0.998655378818512,0.44249218702316284,0.2226450890302658,-0.07021689414978027,0.9980886578559875,0.47930407524108887,0.23156015574932098,0.06705887615680695,0.9984036087989807,0.4470946788787842,0.2409200221300125,0.1124667152762413,0.9969717860221863,0.4586450457572937,0.2435082495212555,0.15233582258224487,0.9974510669708252,0.3835482597351074,0.28523147106170654,-0.16586199402809143,0.9976063966751099,0.5001226663589478,0.31289201974868774,0.10599370300769806,0.9975981712341309,0.2814703583717346,0.246524378657341,-0.15535447001457214,0.7293325662612915,0.46436572074890137,0.30533283948898315,0.34696951508522034,0.5596574544906616,0.33546897768974304,0.15533339977264404,-0.029812270775437355,0.6958339214324951,0.4218350946903229,0.19168272614479065,0.5611103773117065,0.4375312924385071,0.348624050617218,0.12975752353668213,-0.03456466645002365,0.6785616874694824,0.42252272367477417,0.1589827835559845,0.5937830209732056,0.4203975796699524,0.3639552891254425,0.13579869270324707,-0.05837295204401016,0.6774737238883972,0.4142836034297943,0.15849845111370087,0.5702410936355591,0.4182882010936737,0.36426785588264465,0.147601917386055,-0.03617021068930626,0.6720679998397827,0.4020778238773346,0.1752411425113678,0.5557335019111633,0.4116913378238678,0.3600004315376282,0.5565463900566101,-0.07355432212352753,0.9991816282272339,0.43520769476890564,0.5637010335922241,0.07353266328573227,0.9990481734275818,0.3602728247642517,0.7372625470161438,-0.021863622590899467,0.7347936034202576,0.41771823167800903,0.7428935766220093,0.13249602913856506,0.7062466144561768,0.37900102138519287,0.9084060788154602,-0.06376780569553375,0.8243597149848938,0.3993213176727295,0.9086731672286987,0.15521332621574402,0.7455787658691406,0.38142094016075134,0.9358059763908386,-0.0630064383149147,0.8228431940078735,0.3993951082229614,0.9305781126022339,0.15793545544147491,0.7978872060775757,0.3385642170906067,0.947614848613739,-0.09431994706392288,0.8012470006942749,0.38317587971687317,0.9389361143112183,0.14086101949214935,0.6838515996932983
193,0.45763930678367615,0.22485391795635223,0.16892364621162415,0.9989498853683472,0.4576779901981354,0.2141263484954834,0.11253702640533447,0.9990999698638916,0.45378512144088745,0.21360965073108673,0.11243991553783417,0.9989431500434875,0.44948267936706543,0.2130318433046341,0.11251330375671387,0.9990410208702087,0.47070878744125366,0.2171361744403839,0.1436760425567627,0.9988698363304138,0.4748055338859558,0.21832509338855743,0.1435340940952301,0.9985924959182739,0.4782441556453705,0.21934199333190918,0.14351609349250793,0.9987755417823792,0.44355297088623047,0.22106719017028809,-0.07447641342878342,0.9982694983482361,0.48284482955932617,0.23056438565254211,0.06386309117078781,0.9985533952713013,0.4474259912967682,0.23864991962909698,0.10980063676834106,0.9972538948059082,0.46039310097694397,0.24199827015399933,0.1499309092760086,0.9976871013641357,0.38359886407852173,0.28622815012931824,-0.17089352011680603,0.9978080987930298,0.5033285021781921,0.31381937861442566,0.10872876644134521,0.9977124333381653,0.28014713525772095,0.24931304156780243,-0.1497252732515335,0.7559105157852173,0.4677802622318268,0.30268388986587524,0.34423917531967163,0.5470866560935974,0.3410438895225525,0.15978315472602844,-0.01878318004310131,0.7209885716438293,0.424003541469574,0.1877284198999405,0.548293948173523,0.42384541034698486,0.3439265191555023,0.13624124228954315,-0.02312452532351017,0.7035785913467407,0.42537054419517517,0.15422147512435913,0.5774708986282349,0.4087975323200226,0.36136287450790405,0.1440461277961731,-0.04784652590751648,0.7021710276603699,0.4166247248649597,0.15379570424556732,0.5542218089103699,0.40676212310791016,0.36236029863357544,0.15177905559539795,-0.02529904618859291,0.6963107585906982,0.41298723220825195,0.1674230396747589,0.5422428846359253,0.4014451503753662,0.36162400245666504,0.5617853999137878,-0.07988292723894119,0.9992138147354126,0.43538063764572144,0.5706347823143005,0.07990303635597229,0.9990472793579102,0.36036986112594604,0.7527816891670227,-0.017433106899261475,0.7543033361434937,0.4162677228450775,0.7596896886825562,0.14614233374595642,0.6898036599159241,0.37804317474365234,0.920873761177063,-0.048133138567209244,0.8358700275421143,0.39936354756355286,0.9226557016372681,0.1720941662788391,0.7366761565208435,0.3890964388847351,0.9424124956130981,-0.04603105038404465,0.8338273763656616,0.40534719824790955,0.946375846862793,0.1755104660987854,0.7981798648834229,0.3391900956630707,0.9481576085090637,-0.0748465284705162,0.8090513348579407,0.377316951751709,0.9497944712638855,0.16072475910186768,0.6754564046859741
194,0.4427722990512848,0.21835868060588837,0.13648439943790436,0.9990442991256714,0.4442983567714691,0.2103274166584015,0.08200150728225708,0.9991827607154846,0.43870487809181213,0.20963458716869354,0.08193357288837433,0.9990413188934326,0.43563541769981384,0.20957422256469727,0.08202977478504181,0.9991294741630554,0.45402270555496216,0.21202561259269714,0.11524828523397446,0.9989722371101379,0.46025973558425903,0.21362444758415222,0.11514419317245483,0.9987186789512634,0.463783323764801,0.21469037234783173,0.11514409631490707,0.9988847374916077,0.432049036026001,0.21833619475364685,-0.09424304962158203,0.9984326362609863,0.4738319516181946,0.2267812192440033,0.053453199565410614,0.9986886978149414,0.4362586438655853,0.235586479306221,0.0808354988694191,0.9975090026855469,0.44961410760879517,0.2375851571559906,0.12382175028324127,0.9979003071784973,0.38386037945747375,0.28644588589668274,-0.19280724227428436,0.997990071773529,0.4949215054512024,0.31106433272361755,0.10811181366443634,0.9977878332138062,0.27912259101867676,0.25038257241249084,-0.18971602618694305,0.7800639867782593,0.4623592495918274,0.30275723338127136,0.3501529395580292,0.532086968421936,0.3403386175632477,0.16221855580806732,-0.06791074573993683,0.7459598183631897,0.404222309589386,0.19060878455638885,0.550360381603241,0.4110810458660126,0.343586266040802,0.13417506217956543,-0.07298291474580765,0.7288942933082581,0.40657147765159607,0.1605154275894165,0.5795297622680664,0.3970851004123688,0.36007973551750183,0.14323894679546356,-0.09611091762781143,0.7272832989692688,0.4019559919834137,0.17090538144111633,0.5577861666679382,0.3949907422065735,0.3609163165092468,0.15716159343719482,-0.07364124804735184,0.7213371396064758,0.4005805552005768,0.1848551630973816,0.5450056791305542,0.39111199975013733,0.3630536198616028,0.5632374286651611,-0.08767033368349075,0.9992379546165466,0.4344138503074646,0.5718252658843994,0.08772021532058716,0.9990264773368835,0.36382198333740234,0.7477422952651978,-0.02423330396413803,0.7731744050979614,0.4168100357055664,0.7547863721847534,0.15924374759197235,0.6714280247688293,0.3850792348384857,0.9156159162521362,-0.03532933443784714,0.8470610976219177,0.39648979902267456,0.9312525987625122,0.19070549309253693,0.725319504737854,0.39087679982185364,0.9437893033027649,-0.031417034566402435,0.8455830216407776,0.4005283713340759,0.9636727571487427,0.19338250160217285,0.7963575124740601,0.3441219925880432,0.952971339225769,-0.054741472005844116,0.8179663419723511,0.36241161823272705,0.9527612924575806,0.17982982099056244,0.6658520698547363
195,0.45383626222610474,0.22206516563892365,0.16349269449710846,0.9991189241409302,0.45383602380752563,0.2109813392162323,0.1070665493607521,0.9992499947547913,0.45050597190856934,0.21053378283977509,0.10695773363113403,0.9991222620010376,0.4466673731803894,0.210017129778862,0.10702252388000488,0.9992011785507202,0.4658646583557129,0.21386098861694336,0.138670414686203,0.9990537762641907,0.46990251541137695,0.2150486260652542,0.13853278756141663,0.998818039894104,0.4733675420284271,0.21609404683113098,0.13849911093711853,0.9989693760871887,0.44185715913772583,0.21882812678813934,-0.07924605906009674,0.9985710978507996,0.4785892069339752,0.22739000618457794,0.061472587287425995,0.9988018274307251,0.4453217387199402,0.236225888133049,0.10485611110925674,0.9977226853370667,0.45765504240989685,0.2372458279132843,0.14566853642463684,0.9980770945549011,0.3786582350730896,0.28497201204299927,-0.17883652448654175,0.9981414675712585,0.49892276525497437,0.30870604515075684,0.1007964164018631,0.9978423118591309,0.27499163150787354,0.2515013813972473,-0.17182816565036774,0.8015615344047546,0.4676364064216614,0.29842305183410645,0.32886484265327454,0.5237785577774048,0.33472561836242676,0.16228467226028442,-0.04263145849108696,0.7650687098503113,0.4087590277194977,0.19362565875053406,0.5392621755599976,0.3975553512573242,0.33579689264297485,0.138117715716362,-0.04336068034172058,0.7470625638961792,0.410413920879364,0.16084250807762146,0.5719023942947388,0.38376787304878235,0.3526833653450012,0.14509937167167664,-0.0678783431649208,0.7450524568557739,0.4029059410095215,0.16254477202892303,0.552733838558197,0.38155195116996765,0.3528440594673157,0.15831533074378967,-0.04848824068903923,0.7386635541915894,0.401592493057251,0.17563536763191223,0.5356034636497498,0.3787057399749756,0.36270028352737427,0.5635360479354858,-0.07943400740623474,0.9992491006851196,0.4339955747127533,0.5691686868667603,0.0794125571846962,0.9989968538284302,0.3630938231945038,0.7500212788581848,-0.017803076654672623,0.7880282998085022,0.41768789291381836,0.757759153842926,0.14578846096992493,0.6597282290458679,0.38043367862701416,0.9197705984115601,-0.04470286890864372,0.855104386806488,0.4018072187900543,0.9238607287406921,0.1708652377128601,0.7181798815727234,0.38564983010292053,0.9448326230049133,-0.04156133905053139,0.8528023362159729,0.400219202041626,0.9502312541007996,0.17429472506046295,0.7958845496177673,0.343246191740036,0.9582504034042358,-0.0580655112862587,0.8220919370651245,0.3716115653514862,0.946193516254425,0.170317143201828,0.6584663987159729
196,0.4490221440792084,0.21868762373924255,0.15168696641921997,0.9991899728775024,0.4493540823459625,0.2080763578414917,0.09530575573444366,0.9993129968643188,0.4461494982242584,0.20770545303821564,0.09521199762821198,0.9991976618766785,0.44251877069473267,0.20726409554481506,0.09528616815805435,0.9992680549621582,0.4611169397830963,0.21051070094108582,0.12791237235069275,0.9991309642791748,0.46522054076194763,0.21154721081256866,0.12775525450706482,0.9989129900932312,0.4688872694969177,0.21244649589061737,0.1276906579732895,0.9990509748458862,0.4374382495880127,0.21525172889232635,-0.09188200533390045,0.9986972212791443,0.4758610129356384,0.2227417528629303,0.05264420434832573,0.9989070892333984,0.4382514953613281,0.23142170906066895,0.09263245016336441,0.9979202747344971,0.45296669006347656,0.23288273811340332,0.1347130984067917,0.9982429146766663,0.3784976899623871,0.2838272452354431,-0.1891516149044037,0.9982845783233643,0.49252551794052124,0.3039929270744324,0.10365106910467148,0.9979222416877747,0.2654137909412384,0.264311283826828,-0.15760768949985504,0.8208297491073608,0.44528642296791077,0.3108038604259491,0.33752650022506714,0.507547914981842,0.322826623916626,0.17144334316253662,-0.009957531467080116,0.7821701169013977,0.39412790536880493,0.19699996709823608,0.5355175733566284,0.3823845684528351,0.33409544825553894,0.1421697586774826,-0.011861336417496204,0.7639987468719482,0.39242023229599,0.16323865950107574,0.5640920400619507,0.3702792823314667,0.3506624698638916,0.14963442087173462,-0.040975768119096756,0.7617705464363098,0.3853486478328705,0.16292670369148254,0.5430769324302673,0.3681294620037079,0.3511098623275757,0.1642914116382599,-0.017850002273917198,0.7549285888671875,0.3800801634788513,0.17824925482273102,0.5300286412239075,0.3664650619029999,0.36484047770500183,0.5652247667312622,-0.08669847995042801,0.9992596507072449,0.43475157022476196,0.5728213787078857,0.08672620356082916,0.9989705085754395,0.3633146584033966,0.7602770924568176,-0.02003261260688305,0.8023640513420105,0.41485825181007385,0.755811870098114,0.15799638628959656,0.6434003710746765,0.38202211260795593,0.9277703166007996,-0.03997638449072838,0.8630598187446594,0.4036552309989929,0.923987865447998,0.19348283112049103,0.7061291933059692,0.39178451895713806,0.9459951519966125,-0.03614373877644539,0.8599315881729126,0.40399184823036194,0.9492809176445007,0.1976192742586136,0.7926304936408997,0.34018000960350037,0.9633873701095581,-0.05987592786550522,0.8271946907043457,0.36737746000289917,0.9508317708969116,0.18799445033073425,0.6480799317359924
197,0.44025182723999023,0.21834996342658997,0.13204963505268097,0.9992625713348389,0.4389106333255768,0.20938901603221893,0.07747972756624222,0.9993759989738464,0.4357571005821228,0.20942643284797668,0.0774102509021759,0.9992717504501343,0.4291428029537201,0.2088407278060913,0.077542245388031,0.999334990978241,0.44927501678466797,0.2109951674938202,0.11009228229522705,0.9992100596427917,0.4556955397129059,0.21267445385456085,0.10996025800704956,0.999011218547821,0.4593014121055603,0.2137439250946045,0.10993997752666473,0.999136209487915,0.4239939749240875,0.2188541144132614,-0.1006026417016983,0.998819887638092,0.4682278633117676,0.22605721652507782,0.04395304247736931,0.9990096688270569,0.4292917847633362,0.2345488965511322,0.07582554221153259,0.9981138706207275,0.44352880120277405,0.23674806952476501,0.1178920716047287,0.9984060525894165,0.37543296813964844,0.2891712188720703,-0.1988082081079483,0.998425304889679,0.4933837056159973,0.307052880525589,0.09060310572385788,0.9980405569076538,0.261474072933197,0.2563270330429077,-0.18253013491630554,0.8384471535682678,0.4457283914089203,0.2673491835594177,0.29221680760383606,0.5211780071258545,0.32783275842666626,0.1674506962299347,-0.04284433275461197,0.799903154373169,0.39238810539245605,0.1853785514831543,0.4551711976528168,0.39059513807296753,0.3367158770561218,0.14525434374809265,-0.04418249428272247,0.7812209129333496,0.39377251267433167,0.15891847014427185,0.4821997582912445,0.37422293424606323,0.3525936007499695,0.15322120487689972,-0.06798400729894638,0.7786617875099182,0.38695186376571655,0.16204741597175598,0.4643125534057617,0.37152722477912903,0.35324302315711975,0.1666329950094223,-0.04801889508962631,0.7715529799461365,0.3890518248081207,0.17935456335544586,0.4507242739200592,0.37006327509880066,0.3644023537635803,0.5663769841194153,-0.08792643249034882,0.999269962310791,0.4383661150932312,0.5763617753982544,0.08796294033527374,0.9989480972290039,0.3648436367511749,0.763549268245697,-0.01893961802124977,0.8157400488853455,0.42293769121170044,0.7602407932281494,0.16733886301517487,0.6278802752494812,0.37840843200683594,0.9233495593070984,-0.028308644890785217,0.8698281645774841,0.4117886424064636,0.9203615188598633,0.19476225972175598,0.6959121823310852,0.39188364148139954,0.9507145881652832,-0.02308853156864643,0.8674028515815735,0.41121023893356323,0.9496026039123535,0.19861243665218353,0.7915903329849243,0.3356817364692688,0.9652568101882935,-0.022952202707529068,0.8316348791122437,0.3834977149963379,0.9427409172058105,0.21023082733154297,0.6403120160102844
198,0.43902283906936646,0.22071638703346252,0.1484210193157196,0.9993289709091187,0.4384956359863281,0.21183621883392334,0.09033706039190292,0.9994337558746338,0.4352406859397888,0.21182501316070557,0.09026425331830978,0.9993393421173096,0.43143805861473083,0.21168549358844757,0.09036161005496979,0.9993962645530701,0.451018750667572,0.21349585056304932,0.12324054539203644,0.9992828965187073,0.4546617865562439,0.2142445594072342,0.12309147417545319,0.9991018176078796,0.45761236548423767,0.21491751074790955,0.12306089699268341,0.9992150068283081,0.4262409806251526,0.21973195672035217,-0.10093400627374649,0.9989315867424011,0.46547961235046387,0.22524921596050262,0.045535314828157425,0.9991034269332886,0.4314854145050049,0.2355259209871292,0.08814404904842377,0.998290479183197,0.4423196315765381,0.23641619086265564,0.13073241710662842,0.9985547065734863,0.36986154317855835,0.2889555096626282,-0.19444984197616577,0.9985581636428833,0.4936959147453308,0.3060523569583893,0.08970649540424347,0.998171329498291,0.2642895579338074,0.25875240564346313,-0.155360147356987,0.8541975617408752,0.45712810754776,0.2935720980167389,0.31327933073043823,0.5189518332481384,0.31303781270980835,0.1667657047510147,-0.008620096370577812,0.815711259841919,0.3953268826007843,0.1904492825269699,0.4904111325740814,0.3858824074268341,0.32695773243904114,0.13949820399284363,-0.015025424771010876,0.7973335981369019,0.3976859152317047,0.15030667185783386,0.515388548374176,0.3701498508453369,0.34238293766975403,0.14562492072582245,-0.039598498493433,0.7946581244468689,0.3891480267047882,0.15076056122779846,0.4917938709259033,0.36745697259902954,0.3429446816444397,0.1572219431400299,-0.014755812473595142,0.7872259616851807,0.3812703490257263,0.17427325248718262,0.4831233620643616,0.3669480085372925,0.36460551619529724,0.5706921219825745,-0.08003242313861847,0.9993011355400085,0.43993979692459106,0.5775082111358643,0.080046646296978,0.9989686012268066,0.3617209792137146,0.7593944072723389,0.008850505575537682,0.8279509544372559,0.4273671507835388,0.7565222978591919,0.17786051332950592,0.6151363253593445,0.37807750701904297,0.9228353500366211,0.005250743590295315,0.8770385384559631,0.4101038873195648,0.9100685119628906,0.23077860474586487,0.6863290667533875,0.3896608352661133,0.9400679469108582,0.010308961383998394,0.8748868703842163,0.41714587807655334,0.9389297366142273,0.23787634074687958,0.7904540300369263,0.3456423878669739,0.9563556909561157,-0.009942528791725636,0.8371667861938477,0.3952953815460205,0.9309523701667786,0.23587004840373993,0.6327500939369202
199,0.4411350190639496,0.21959784626960754,0.1370125114917755,0.9993903636932373,0.4400576055049896,0.20982369780540466,0.08177074044942856,0.9994865655899048,0.436646044254303,0.20991675555706024,0.08173082768917084,0.9994010329246521,0.43275484442710876,0.21001403033733368,0.08184956759214401,0.9994522333145142,0.4518706798553467,0.2111266851425171,0.11451633274555206,0.9993495941162109,0.45594215393066406,0.21188035607337952,0.1143760234117508,0.9991849660873413,0.45954665541648865,0.2125503271818161,0.11435741186141968,0.9992874264717102,0.4276667535305023,0.21968582272529602,-0.10393927991390228,0.9990328550338745,0.4666083753108978,0.22356829047203064,0.04216831550002098,0.9991888999938965,0.42984384298324585,0.23485466837882996,0.07742708176374435,0.9984517097473145,0.444550096988678,0.23629812896251678,0.11996319144964218,0.9986909627914429,0.3709453046321869,0.2928157448768616,-0.19897358119487762,0.9986817240715027,0.4925188422203064,0.30029380321502686,0.0797528624534607,0.9982985258102417,0.26458603143692017,0.26090478897094727,-0.1885816603899002,0.8684353232383728,0.4436512887477875,0.26575714349746704,0.285053014755249,0.5259937047958374,0.3096151351928711,0.1672586053609848,-0.07323077321052551,0.8309013247489929,0.3833664357662201,0.18054082989692688,0.44414156675338745,0.3921276926994324,0.30977895855903625,0.14345215260982513,-0.08650472015142441,0.813005268573761,0.388944149017334,0.15091530978679657,0.46599921584129333,0.3755411207675934,0.32957419753074646,0.14895270764827728,-0.10622203350067139,0.8102186322212219,0.36879879236221313,0.14989617466926575,0.44022947549819946,0.37258586287498474,0.33690065145492554,0.15765294432640076,-0.07906074076890945,0.8026211857795715,0.3697400987148285,0.16450591385364532,0.43511396646499634,0.37301233410835266,0.36903542280197144,0.5717953443527222,-0.08028492331504822,0.9993388056755066,0.4427294135093689,0.5724241733551025,0.08030308783054352,0.9990025758743286,0.3614714741706848,0.7502741813659668,-0.0043611181899905205,0.840646505355835,0.430279016494751,0.7466413974761963,0.16930332779884338,0.6079070568084717,0.3815407156944275,0.9173160791397095,-0.004595027305185795,0.884773850440979,0.4158368706703186,0.9091218709945679,0.22028419375419617,0.6822742223739624,0.3921564519405365,0.9404908418655396,7.39559909561649e-05,0.8831309080123901,0.4186244606971741,0.9316768646240234,0.22645464539527893,0.7922208905220032,0.3452426791191101,0.9582379460334778,-0.025700083002448082,0.8437058925628662,0.39663082361221313,0.9341586232185364,0.21888768672943115,0.6295655965805054
200,0.437139093875885,0.2191762626171112,0.1308821439743042,0.9994468092918396,0.43718576431274414,0.20971408486366272,0.07344871759414673,0.9995351433753967,0.4339427947998047,0.20988425612449646,0.07339207828044891,0.999457836151123,0.4300456941127777,0.2100537270307541,0.0734887421131134,0.9995037913322449,0.44914355874061584,0.21072788536548615,0.1059550866484642,0.9994110465049744,0.4530782103538513,0.21129055321216583,0.1057804673910141,0.999261736869812,0.45643433928489685,0.21174664795398712,0.10576512664556503,0.9993542432785034,0.4245701730251312,0.21935895085334778,-0.1177738681435585,0.9991255402565002,0.4635010361671448,0.22194154560565948,0.026741862297058105,0.999267041683197,0.4290321469306946,0.23494403064250946,0.07011667639017105,0.9985997676849365,0.4405825734138489,0.23543575406074524,0.11209411919116974,0.9988159537315369,0.36555016040802,0.29308342933654785,-0.21003730595111847,0.9987987875938416,0.4921567440032959,0.30102697014808655,0.068468376994133,0.9984246492385864,0.25973206758499146,0.26481738686561584,-0.18433663249015808,0.8810346126556396,0.4536422789096832,0.26463282108306885,0.2826440930366516,0.5237128138542175,0.3047243356704712,0.168976828455925,-0.05803003907203674,0.8431440591812134,0.37707459926605225,0.1790464073419571,0.44941288232803345,0.38966086506843567,0.3051099181175232,0.143631249666214,-0.07044067978858948,0.8254222273826599,0.37269559502601624,0.14346912503242493,0.47367438673973083,0.3743157386779785,0.3244883120059967,0.1478123664855957,-0.08960619568824768,0.8224092125892639,0.36464357376098633,0.1472419798374176,0.4446733891963959,0.37108126282691956,0.3250509202480316,0.15515588223934174,-0.06324846297502518,0.8146010041236877,0.3647977113723755,0.16197530925273895,0.43972763419151306,0.372260183095932,0.36522114276885986,0.578015148639679,-0.07847553491592407,0.9993805289268494,0.4444505274295807,0.5763798952102661,0.07851245254278183,0.9990460276603699,0.357483834028244,0.7435926198959351,0.00441709766164422,0.8523133993148804,0.4373556971549988,0.7543851733207703,0.2051793783903122,0.6118530631065369,0.37473586201667786,0.9016949534416199,0.02482367679476738,0.8924533128738403,0.4219645857810974,0.9088075757026672,0.28022533655166626,0.6913777589797974,0.38423460721969604,0.9267438650131226,0.0325891450047493,0.8912081718444824,0.4190567135810852,0.9287511706352234,0.29001525044441223,0.8009680509567261,0.3342404365539551,0.9463803172111511,0.012091648764908314,0.8493734002113342,0.40747326612472534,0.9317938685417175,0.2876659035682678,0.6356465816497803
201,0.4394370913505554,0.2169482707977295,0.13121864199638367,0.9994943737983704,0.43828994035720825,0.20551908016204834,0.07494969666004181,0.9995764493942261,0.4348832666873932,0.20555810630321503,0.0749034434556961,0.9995062351226807,0.43088141083717346,0.20553703606128693,0.07500776648521423,0.9995476007461548,0.44940367341041565,0.20644500851631165,0.10860848426818848,0.999462902545929,0.45315271615982056,0.2068389654159546,0.10848285257816315,0.9993261694908142,0.45645013451576233,0.20707456767559052,0.1084582656621933,0.9994101524353027,0.4242599606513977,0.2157367765903473,-0.11214959621429443,0.9992057085037231,0.4626843333244324,0.21797987818717957,0.03776916489005089,0.9993342161178589,0.43107253313064575,0.23236319422721863,0.071503184735775,0.9987270832061768,0.44275417923927307,0.23217225074768066,0.11518438905477524,0.9989227056503296,0.36839407682418823,0.29428672790527344,-0.20512905716896057,0.9988957643508911,0.4935849606990814,0.29910606145858765,0.08010663837194443,0.998515784740448,0.25993943214416504,0.26970961689949036,-0.18624605238437653,0.8926382660865784,0.4388384222984314,0.26884645223617554,0.30122193694114685,0.5208345055580139,0.3023543953895569,0.1728089153766632,-0.06173669174313545,0.856006920337677,0.37554383277893066,0.18631699681282043,0.47401660680770874,0.3866734802722931,0.3042911887168884,0.14334729313850403,-0.07231136411428452,0.8388655185699463,0.3800574839115143,0.1514194905757904,0.4978477954864502,0.3715584874153137,0.322717547416687,0.15227468311786652,-0.09396249055862427,0.8358497619628906,0.3608205318450928,0.15432697534561157,0.4724506735801697,0.36829066276550293,0.3235156536102295,0.15982401371002197,-0.06760311871767044,0.827972412109375,0.36230355501174927,0.16969074308872223,0.4655892848968506,0.37056007981300354,0.36448580026626587,0.5705339312553406,-0.0788891613483429,0.9994057416915894,0.4412918984889984,0.5723987817764282,0.0788835734128952,0.9990645051002502,0.3646547794342041,0.7455329895019531,-0.003790341317653656,0.8619482517242432,0.4337402880191803,0.7510296106338501,0.16924476623535156,0.6047975420951843,0.3833619952201843,0.9131735563278198,0.011238271370530128,0.898268461227417,0.41658538579940796,0.9100963473320007,0.22158169746398926,0.6856030225753784,0.3955807685852051,0.930459201335907,0.017660073935985565,0.8975306153297424,0.416869580745697,0.9378169775009155,0.22753258049488068,0.7999363541603088,0.3569249212741852,0.9465175867080688,-0.003660313319414854,0.8546077609062195,0.3901960253715515,0.931431770324707,0.21673505008220673,0.6311195492744446
202,0.4421474039554596,0.21500161290168762,0.13069941103458405,0.9995392560958862,0.44065070152282715,0.2041306048631668,0.07386502623558044,0.9996150135993958,0.43725961446762085,0.20439891517162323,0.0737992376089096,0.9995513558387756,0.4310232102870941,0.20430628955364227,0.07390543818473816,0.9995886087417603,0.45017948746681213,0.20367661118507385,0.10707362741231918,0.9995114803314209,0.4546489715576172,0.20446276664733887,0.10690019279718399,0.999386727809906,0.4580133557319641,0.20497319102287292,0.10686452686786652,0.9994630813598633,0.4246956706047058,0.2139575183391571,-0.11525686830282211,0.9992794394493103,0.4647224545478821,0.21759383380413055,0.03262944146990776,0.9993962645530701,0.4314526617527008,0.23091928660869598,0.07068401575088501,0.9988435506820679,0.44508156180381775,0.23192580044269562,0.11368606239557266,0.9990209341049194,0.36985641717910767,0.2909138798713684,-0.20447388291358948,0.998982846736908,0.4961949288845062,0.29960399866104126,0.0776401162147522,0.9986096024513245,0.2575467824935913,0.27329355478286743,-0.17552025616168976,0.9027175903320312,0.4413266181945801,0.2801611125469208,0.29143035411834717,0.5111355185508728,0.3024033308029175,0.17740175127983093,-0.03905647248029709,0.8641357421875,0.38236624002456665,0.1920866221189499,0.46649494767189026,0.37625938653945923,0.30391862988471985,0.14786212146282196,-0.0457892045378685,0.8466987013816833,0.38042253255844116,0.15705445408821106,0.49393415451049805,0.3625071346759796,0.32356467843055725,0.15365391969680786,-0.06793191283941269,0.8434904217720032,0.3595680594444275,0.16125279664993286,0.4724031388759613,0.3589631915092468,0.32354068756103516,0.16738435626029968,-0.045083869248628616,0.8351060152053833,0.36042991280555725,0.17904338240623474,0.46018528938293457,0.36199045181274414,0.3678317070007324,0.5715544819831848,-0.07683349400758743,0.9994272589683533,0.44366154074668884,0.5724330544471741,0.07681526243686676,0.9990854859352112,0.36230289936065674,0.7486807107925415,0.01168886013329029,0.8687446117401123,0.4320616126060486,0.7568157911300659,0.17507889866828918,0.6049162149429321,0.38030293583869934,0.9165646433830261,0.019512075930833817,0.9025447964668274,0.41797909140586853,0.914587140083313,0.23160693049430847,0.6890912055969238,0.3911508023738861,0.9411643147468567,0.025447923690080643,0.9016191959381104,0.4207906723022461,0.9437178373336792,0.23860009014606476,0.8041445016860962,0.3472224175930023,0.9565510749816895,0.003722766414284706,0.8556309342384338,0.3986526131629944,0.934346079826355,0.23241552710533142,0.6321443915367126
203,0.4429783821105957,0.2143125981092453,0.16613377630710602,0.9995717406272888,0.44124412536621094,0.20367614924907684,0.10773096233606339,0.9996437430381775,0.43769875168800354,0.20399746298789978,0.10765399783849716,0.9995852112770081,0.4335366189479828,0.20451807975769043,0.10772589594125748,0.9996187686920166,0.45259302854537964,0.2045273780822754,0.13863086700439453,0.9995467662811279,0.45643654465675354,0.20527426898479462,0.1384693682193756,0.9994300603866577,0.46000176668167114,0.2061745822429657,0.1384359896183014,0.9995004534721375,0.4268187880516052,0.21527346968650818,-0.0909285694360733,0.9993371963500977,0.46615251898765564,0.21839797496795654,0.04728161543607712,0.999443769454956,0.43471217155456543,0.23098742961883545,0.10295183956623077,0.9989352822303772,0.4465702474117279,0.2315414696931839,0.14308325946331024,0.9990964531898499,0.36698585748672485,0.2920471429824829,-0.17755700647830963,0.9990453720092773,0.49402332305908203,0.29877692461013794,0.07071825116872787,0.9986751079559326,0.25191783905029297,0.27383118867874146,-0.14886225759983063,0.9114551544189453,0.43962183594703674,0.2674935758113861,0.2631910443305969,0.5083461999893188,0.30138853192329407,0.1776275485754013,-0.016065295785665512,0.8695899248123169,0.36792781949043274,0.18636499345302582,0.43622416257858276,0.3678319454193115,0.30288165807724,0.14744356274604797,-0.020654980093240738,0.8517102003097534,0.3799636960029602,0.14839917421340942,0.463595449924469,0.3545107841491699,0.3211936056613922,0.15259715914726257,-0.04356246814131737,0.8482752442359924,0.3543282449245453,0.15183255076408386,0.44373494386672974,0.3507065176963806,0.3212434947490692,0.16607163846492767,-0.022395040839910507,0.8392099142074585,0.356212854385376,0.16986912488937378,0.43073320388793945,0.354617178440094,0.3682604730129242,0.5657309293746948,-0.061662159860134125,0.9994326829910278,0.4456551671028137,0.5655361413955688,0.06158243864774704,0.9990925788879395,0.367658406496048,0.7467694878578186,0.016112618148326874,0.8722093105316162,0.4384883940219879,0.7473142147064209,0.143622487783432,0.6114275455474854,0.3788616359233856,0.9118839502334595,0.00936854537576437,0.9047151803970337,0.4212397634983063,0.9157487154006958,0.18640491366386414,0.6943597197532654,0.3857439160346985,0.9318280220031738,0.013033437542617321,0.9033795595169067,0.4191339910030365,0.9364625215530396,0.19264502823352814,0.8081423044204712,0.36310097575187683,0.9378935694694519,-0.013256010599434376,0.8534887433052063,0.4056662917137146,0.9311113357543945,0.18266786634922028,0.6328924298286438
204,0.44500628113746643,0.21849294006824493,0.19299349188804626,0.9995920062065125,0.44224995374679565,0.20611250400543213,0.13494902849197388,0.9996615648269653,0.43836960196495056,0.20617642998695374,0.13484248518943787,0.9996071457862854,0.43352994322776794,0.20631594955921173,0.1348552107810974,0.9996370077133179,0.45394977927207947,0.2073027640581131,0.15904879570007324,0.9995685815811157,0.45756402611732483,0.20788130164146423,0.15889130532741547,0.9994566440582275,0.4618026316165924,0.20861473679542542,0.15883851051330566,0.9995220303535461,0.4244593679904938,0.21626606583595276,-0.061281777918338776,0.9993810653686523,0.4659793972969055,0.21935784816741943,0.046938374638557434,0.9994768500328064,0.4365602135658264,0.23316629230976105,0.1317938268184662,0.9990047812461853,0.451740562915802,0.23436351120471954,0.16309303045272827,0.9991506934165955,0.3643365800380707,0.28961411118507385,-0.13343021273612976,0.9990755915641785,0.4980783462524414,0.29804277420043945,0.050630711019039154,0.9987044930458069,0.25846895575523376,0.2766196131706238,-0.08953218162059784,0.9179713129997253,0.4385853707790375,0.277128130197525,0.20397233963012695,0.5036885738372803,0.29914984107017517,0.18818910419940948,0.05212392285466194,0.8681876063346863,0.37477952241897583,0.19939082860946655,0.35874906182289124,0.3552468717098236,0.29812198877334595,0.16188523173332214,0.05650194361805916,0.8494992256164551,0.37028974294662476,0.16735140979290009,0.3847866952419281,0.3434816598892212,0.3161773383617401,0.1683344542980194,0.03518857806921005,0.845558762550354,0.35277748107910156,0.16678395867347717,0.3683245778083801,0.33961421251296997,0.3164958357810974,0.18255497515201569,0.047373563051223755,0.8354278802871704,0.35386428236961365,0.18296770751476288,0.35509127378463745,0.34446075558662415,0.369871586561203,0.5625892877578735,-0.03972054645419121,0.9994169473648071,0.44575756788253784,0.561295211315155,0.03964600712060928,0.9990777373313904,0.3678838610649109,0.7396158576011658,0.029738714918494225,0.8729506134986877,0.4337240755558014,0.7454438805580139,0.1021953597664833,0.6242644190788269,0.37018001079559326,0.9061748385429382,0.009827944450080395,0.9050198793411255,0.41876420378685,0.9064076542854309,0.1312856525182724,0.7032864689826965,0.37507060170173645,0.9256016612052917,0.011866326443850994,0.9023463129997253,0.41207122802734375,0.937157154083252,0.13726916909217834,0.8126800060272217,0.349983811378479,0.9324741363525391,-0.014580880291759968,0.8486509323120117,0.40953007340431213,0.9369745254516602,0.12320753186941147,0.6357361078262329
205,0.44246721267700195,0.22033417224884033,0.1776265799999237,0.9996094703674316,0.43993228673934937,0.2069636881351471,0.11957762390375137,0.9996779561042786,0.43610596656799316,0.20674696564674377,0.11948034912347794,0.999626874923706,0.4314323961734772,0.20663157105445862,0.11949785053730011,0.9996537566184998,0.45074620842933655,0.20856276154518127,0.14511463046073914,0.9995888471603394,0.4541122317314148,0.20916251838207245,0.14495977759361267,0.9994814395904541,0.4577109217643738,0.20984919369220734,0.14490675926208496,0.9995423555374146,0.42301589250564575,0.21609337627887726,-0.07393356412649155,0.9994206428527832,0.4618760645389557,0.22003984451293945,0.04037140682339668,0.9995076060295105,0.43345341086387634,0.236378476023674,0.11762620508670807,0.9990667700767517,0.4470860958099365,0.23831221461296082,0.15070560574531555,0.999198853969574,0.36423060297966003,0.2903671860694885,-0.14770933985710144,0.9990956783294678,0.49803608655929565,0.2999345064163208,0.05313440039753914,0.998715341091156,0.2563060522079468,0.2781158685684204,-0.12467789649963379,0.9243073463439941,0.43871206045150757,0.270972341299057,0.22188210487365723,0.4929623603820801,0.2979166805744171,0.18594400584697723,-0.009271284565329552,0.8695386648178101,0.37378421425819397,0.19634725153446198,0.3881418704986572,0.34109824895858765,0.2954038679599762,0.16063949465751648,-0.010468536987900734,0.8501546382904053,0.3695785403251648,0.1630084067583084,0.4137231409549713,0.3310335576534271,0.3144901990890503,0.16869179904460907,-0.02997519075870514,0.8458552956581116,0.34750598669052124,0.1661822497844696,0.397164911031723,0.3271074593067169,0.31577563285827637,0.17749501764774323,-0.014201266691088676,0.834928572177887,0.3477555215358734,0.18354536592960358,0.3844640254974365,0.3328557014465332,0.37048017978668213,0.5647827982902527,-0.042355235666036606,0.9993864893913269,0.4462474286556244,0.564395010471344,0.0422506257891655,0.999038577079773,0.36328059434890747,0.7467486262321472,0.030262485146522522,0.8733153939247131,0.4336499571800232,0.7479787468910217,0.11179903894662857,0.635401725769043,0.37219110131263733,0.9050484895706177,0.028039921075105667,0.9048561453819275,0.4161020815372467,0.9209969639778137,0.14460773766040802,0.7110874652862549,0.3750530183315277,0.9348432421684265,0.0322774276137352,0.9015313982963562,0.4095410704612732,0.9480697512626648,0.1506536304950714,0.8165988326072693,0.3556566834449768,0.9405514001846313,0.006735814269632101,0.8425272107124329,0.4067481458187103,0.9451581835746765,0.1328829824924469,0.6365008354187012
206,0.4404296875,0.218913272023201,0.18399375677108765,0.9996230602264404,0.4375859797000885,0.20718154311180115,0.12808020412921906,0.999687671661377,0.4336693286895752,0.20688088238239288,0.1279836744070053,0.9996399283409119,0.42891764640808105,0.20652444660663605,0.12799730896949768,0.9996633529663086,0.4490506649017334,0.208228200674057,0.1512264609336853,0.9996001124382019,0.452463299036026,0.20847415924072266,0.15107527375221252,0.9994961619377136,0.4561804234981537,0.20876726508140564,0.15102459490299225,0.9995529055595398,0.420642614364624,0.21421289443969727,-0.05704421550035477,0.999448835849762,0.45997244119644165,0.21772035956382751,0.04746467247605324,0.9995274543762207,0.4316762089729309,0.2342744618654251,0.1266847550868988,0.9991171956062317,0.4463867247104645,0.23491649329662323,0.15690334141254425,0.9992356896400452,0.3634658753871918,0.2925129532814026,-0.12418313324451447,0.9990962147712708,0.49489015340805054,0.2938809394836426,0.053473763167858124,0.9986907839775085,0.2575610280036926,0.2854786515235901,-0.09080738574266434,0.9299591183662415,0.4351016581058502,0.27756327390670776,0.16751819849014282,0.49429163336753845,0.2929525375366211,0.20155289769172668,0.033845581114292145,0.8708533048629761,0.3709618151187897,0.20445701479911804,0.27359649538993835,0.33800777792930603,0.2915990352630615,0.17150801420211792,0.03563278168439865,0.8509466648101807,0.36795344948768616,0.17327365279197693,0.2894790768623352,0.32915639877319336,0.3093941807746887,0.17726019024848938,0.016501057893037796,0.846235990524292,0.3593004047870636,0.17221787571907043,0.27552491426467896,0.3249600827693939,0.3102060854434967,0.1918955147266388,0.029713476076722145,0.8343244194984436,0.3477858006954193,0.18755760788917542,0.2694650888442993,0.3307335078716278,0.37026965618133545,0.563816249370575,-0.039916977286338806,0.9993560314178467,0.4446246027946472,0.5639427304267883,0.03982081264257431,0.9989954233169556,0.3685534596443176,0.7487236261367798,0.027023479342460632,0.8745275735855103,0.4317464232444763,0.7537699937820435,0.09553444385528564,0.6465865969657898,0.3725619912147522,0.9043903350830078,0.010994771495461464,0.9054398536682129,0.4160700738430023,0.9191018342971802,0.12257029116153717,0.7204342484474182,0.3770296275615692,0.9332439303398132,0.012820219621062279,0.9007564187049866,0.4104960560798645,0.9457343220710754,0.12773855030536652,0.8217273354530334,0.34806013107299805,0.9385814666748047,-0.022123530507087708,0.8384350538253784,0.40406593680381775,0.9439848065376282,0.10363774001598358,0.6412016749382019
207,0.43449926376342773,0.21631641685962677,0.17645324766635895,0.9996475577354431,0.4323027729988098,0.20510777831077576,0.1190464124083519,0.9997075200080872,0.428743451833725,0.20520460605621338,0.1189563125371933,0.9996638894081116,0.4246126115322113,0.2053571194410324,0.11898652464151382,0.9996842741966248,0.4430922567844391,0.20567700266838074,0.14503832161426544,0.9996246695518494,0.4468103051185608,0.20599958300590515,0.14489097893238068,0.9995272159576416,0.45021143555641174,0.206336110830307,0.14485016465187073,0.9995789527893066,0.4185613989830017,0.21491968631744385,-0.07011013478040695,0.9994887113571167,0.45622682571411133,0.21639123558998108,0.04636036977171898,0.999559760093689,0.4263010621070862,0.2326129674911499,0.11761315166950226,0.9991846680641174,0.43866458535194397,0.23322021961212158,0.15135106444358826,0.9992908239364624,0.3611902594566345,0.29116564989089966,-0.1431036740541458,0.9991338849067688,0.49465346336364746,0.29512012004852295,0.06479880213737488,0.9986974000930786,0.2566864490509033,0.2869287133216858,-0.10557148605585098,0.9357277750968933,0.4353784918785095,0.2738817036151886,0.17905369400978088,0.4927855134010315,0.2816997170448303,0.19782701134681702,0.026194414123892784,0.8751667141914368,0.3603339195251465,0.19877329468727112,0.27918800711631775,0.33434364199638367,0.2872585654258728,0.16910038888454437,0.02670411206781864,0.8550244569778442,0.37023451924324036,0.16898541152477264,0.2957916855812073,0.3269059956073761,0.30583369731903076,0.17526045441627502,0.010622759349644184,0.8500211834907532,0.3437041938304901,0.17003822326660156,0.27837473154067993,0.322449654340744,0.3073408901691437,0.1886448711156845,0.023372463881969452,0.8374886512756348,0.3442836105823517,0.18632622063159943,0.2731766402721405,0.32822737097740173,0.37091317772865295,0.5641087293624878,-0.05208560824394226,0.9993505477905273,0.4469796121120453,0.5634979605674744,0.0520288422703743,0.9989752769470215,0.36356788873672485,0.7391201257705688,0.017655234783887863,0.8792412281036377,0.43154239654541016,0.7524933218955994,0.10547839105129242,0.6568754315376282,0.3755286931991577,0.9054431915283203,0.004181995056569576,0.9083327651023865,0.415654718875885,0.920619785785675,0.132796049118042,0.7317783832550049,0.3798404335975647,0.9344981908798218,0.006324135698378086,0.9028391242027283,0.41206151247024536,0.9475637674331665,0.13807405531406403,0.8288716077804565,0.36018022894859314,0.9300931096076965,-0.02876976504921913,0.8387451767921448,0.3954784572124481,0.9433388710021973,0.11480925232172012,0.6500117182731628
208,0.43771466612815857,0.2181423455476761,0.18355892598628998,0.999671220779419,0.4353673458099365,0.20673231780529022,0.12980595231056213,0.9997262954711914,0.43194642663002014,0.20669600367546082,0.12971627712249756,0.999686598777771,0.42770451307296753,0.20668940246105194,0.12974317371845245,0.9997045397758484,0.44548267126083374,0.20737382769584656,0.1566612869501114,0.9996474981307983,0.44871896505355835,0.20769672095775604,0.15651877224445343,0.9995561242103577,0.45217519998550415,0.20811577141284943,0.15648894011974335,0.9996036291122437,0.4210004210472107,0.21499991416931152,-0.04728814959526062,0.9995244145393372,0.45687755942344666,0.2180245816707611,0.073179230093956,0.9995891451835632,0.43039360642433167,0.2336619645357132,0.12820717692375183,0.9992445111274719,0.4437182545661926,0.23447498679161072,0.16326428949832916,0.9993399977684021,0.37000805139541626,0.29164451360702515,-0.12447856366634369,0.9991722702980042,0.49551400542259216,0.29220741987228394,0.09566833823919296,0.9986592531204224,0.25749436020851135,0.2957373261451721,-0.11173995584249496,0.9412325620651245,0.41973215341567993,0.2938426733016968,0.20357584953308105,0.4837285578250885,0.2804819345474243,0.20734402537345886,-0.005202780943363905,0.8811404705047607,0.3452625870704651,0.2032131850719452,0.2961227297782898,0.3277314305305481,0.2795572876930237,0.17602747678756714,-0.009955818764865398,0.8611057996749878,0.35892999172210693,0.17752103507518768,0.3119930624961853,0.32236525416374207,0.2970925569534302,0.17980821430683136,-0.01970343105494976,0.8558429479598999,0.3485778868198395,0.1756095141172409,0.29471877217292786,0.3177700936794281,0.29805630445480347,0.19428279995918274,-0.006280667148530483,0.842674732208252,0.3327002227306366,0.1912851780653,0.29000478982925415,0.323293536901474,0.37170863151550293,0.5640305876731873,-0.057809751480817795,0.9993380308151245,0.4462481141090393,0.5630479454994202,0.05773619934916496,0.9989087581634521,0.3651416599750519,0.7518243789672852,0.016389939934015274,0.8852495551109314,0.4291757643222809,0.7542672157287598,0.11791978031396866,0.6637662649154663,0.37349897623062134,0.919451892375946,-0.006023889407515526,0.9126281142234802,0.41254568099975586,0.9288653135299683,0.15136906504631042,0.7410352826118469,0.38011476397514343,0.9388536214828491,-0.00580186303704977,0.9066755175590515,0.40903934836387634,0.9464155435562134,0.1560693085193634,0.8350486159324646,0.3583313524723053,0.9415758848190308,-0.053679317235946655,0.842487633228302,0.39663296937942505,0.9406236410140991,0.12442947924137115,0.6583704352378845
209,0.4396366477012634,0.22233319282531738,0.17444857954978943,0.9996939301490784,0.43869590759277344,0.21101152896881104,0.11957021802663803,0.9997458457946777,0.4356486201286316,0.21045593917369843,0.11948443949222565,0.9997099041938782,0.43201547861099243,0.20999200642108917,0.11954225599765778,0.999725878238678,0.4470733106136322,0.21237583458423615,0.14828577637672424,0.9996715188026428,0.4497338831424713,0.2127329558134079,0.1481088101863861,0.999586284160614,0.4523678719997406,0.2132570743560791,0.14807042479515076,0.9996300935745239,0.4240773618221283,0.21546676754951477,-0.06250938028097153,0.9995598793029785,0.456681489944458,0.22080357372760773,0.06548726558685303,0.9996199011802673,0.43146246671676636,0.23527713119983673,0.11739720404148102,0.9993012547492981,0.4412998557090759,0.23616603016853333,0.1546844094991684,0.999387800693512,0.3606383800506592,0.29308047890663147,-0.14654378592967987,0.9992225766181946,0.4977615773677826,0.29641640186309814,0.10029928386211395,0.9986938834190369,0.25130778551101685,0.30581456422805786,-0.13813218474388123,0.9460620880126953,0.42790645360946655,0.3337947130203247,0.2730090022087097,0.46529972553253174,0.2814236283302307,0.20829005539417267,-0.03356621414422989,0.8847647309303284,0.36258187890052795,0.22546207904815674,0.43054038286209106,0.3135988116264343,0.28227174282073975,0.17978326976299286,-0.03906334191560745,0.8648198246955872,0.36265671253204346,0.19048090279102325,0.457770437002182,0.3102829158306122,0.2997337579727173,0.18358759582042694,-0.05291670560836792,0.8593544363975525,0.350708931684494,0.18719078600406647,0.44040513038635254,0.30565690994262695,0.30034950375556946,0.1969456970691681,-0.03657069057226181,0.8456305861473083,0.3377980589866638,0.2056763917207718,0.4265654683113098,0.31152117252349854,0.3726263642311096,0.5642907619476318,-0.06554482877254486,0.9993441104888916,0.448596328496933,0.5635133981704712,0.06541390717029572,0.9988951683044434,0.364779531955719,0.7501845359802246,0.01754298061132431,0.8899925947189331,0.4302677512168884,0.7546752691268921,0.13683614134788513,0.6682546138763428,0.37048500776290894,0.9152591824531555,0.004476506728678942,0.916441798210144,0.41411828994750977,0.917127788066864,0.18531948328018188,0.7474316358566284,0.3778303265571594,0.9359347224235535,0.006749460007995367,0.9097952246665955,0.4101651608943939,0.9442979097366333,0.19175082445144653,0.8395848870277405,0.33425164222717285,0.940344512462616,-0.035218559205532074,0.8453051447868347,0.39528360962867737,0.936974048614502,0.168651282787323,0.662979781627655
210,0.43356961011886597,0.22062274813652039,0.17812363803386688,0.9997086524963379,0.43181872367858887,0.2105758637189865,0.12483148276805878,0.9997579455375671,0.4283725321292877,0.2104026973247528,0.12474487721920013,0.9997252225875854,0.4222298264503479,0.21015162765979767,0.12478254735469818,0.9997392892837524,0.4415246546268463,0.21154038608074188,0.14864249527454376,0.999686062335968,0.4446071684360504,0.2119256556034088,0.14847104251384735,0.999605119228363,0.4474719166755676,0.21255293488502502,0.14842596650123596,0.9996458292007446,0.4152440130710602,0.21705739200115204,-0.050385646522045135,0.9995840787887573,0.45238199830055237,0.22083863615989685,0.056271184235811234,0.9996405243873596,0.42596668004989624,0.2339131385087967,0.1239878386259079,0.9993426203727722,0.43759799003601074,0.23446008563041687,0.1550651490688324,0.9994201064109802,0.3585403859615326,0.2974421977996826,-0.11812989413738251,0.9992477893829346,0.49491316080093384,0.29628485441207886,0.07292377203702927,0.9986787438392639,0.2568145990371704,0.31830841302871704,-0.09509202092885971,0.9495319724082947,0.43121081590652466,0.3366161584854126,0.2020004689693451,0.4520915150642395,0.27838295698165894,0.22049608826637268,0.016002681106328964,0.884471595287323,0.36372798681259155,0.23550426959991455,0.3215864300727844,0.3020600378513336,0.2770374119281769,0.1985817402601242,0.015209627337753773,0.8645452857017517,0.3622687757015228,0.20265641808509827,0.3415716290473938,0.30073022842407227,0.29431670904159546,0.19279322028160095,0.0009705405682325363,0.8587019443511963,0.3507438600063324,0.19935153424739838,0.327522337436676,0.2959885895252228,0.2958431839942932,0.20618999004364014,0.013330221176147461,0.843956708908081,0.34744009375572205,0.2112819403409958,0.31809908151626587,0.302065908908844,0.3745163083076477,0.5647754073143005,-0.05013760179281235,0.9993221759796143,0.44683772325515747,0.5652705430984497,0.049997277557849884,0.9988092184066772,0.3652855455875397,0.7513710856437683,0.02593235671520233,0.8926185369491577,0.4322105050086975,0.7566379904747009,0.11684142053127289,0.672640323638916,0.36995580792427063,0.9246478080749512,-6.350798503262922e-05,0.919455885887146,0.4162207245826721,0.9239632487297058,0.16742080450057983,0.752426028251648,0.3798661231994629,0.9436070322990417,-5.118622721056454e-05,0.9116582274436951,0.41373032331466675,0.9430662393569946,0.1739008128643036,0.8422431945800781,0.3440040051937103,0.9469527006149292,-0.04983847588300705,0.8462878465652466,0.40045279264450073,0.9343128204345703,0.14572961628437042,0.6648507118225098
211,0.43207964301109314,0.22389492392539978,0.19128014147281647,0.9997211694717407,0.42998749017715454,0.2127271592617035,0.13756874203681946,0.9997681975364685,0.4261368215084076,0.21240635216236115,0.13745181262493134,0.9997389912605286,0.4200025200843811,0.21195128560066223,0.1374521106481552,0.9997509121894836,0.4397992193698883,0.21348440647125244,0.1603555679321289,0.9996979236602783,0.4443524479866028,0.21395441889762878,0.16018566489219666,0.9996212720870972,0.44743117690086365,0.21518906950950623,0.1601318120956421,0.9996582269668579,0.41327136754989624,0.21920916438102722,-0.03753215819597244,0.9996060729026794,0.4519551694393158,0.22192032635211945,0.0638921707868576,0.9996575713157654,0.42030850052833557,0.23731331527233124,0.13742712140083313,0.9993811249732971,0.43605366349220276,0.23797044157981873,0.16701170802116394,0.9994494318962097,0.35629743337631226,0.29922086000442505,-0.1034262403845787,0.9992762804031372,0.49632102251052856,0.2968147397041321,0.08078967779874802,0.9986479878425598,0.26009610295295715,0.3203126788139343,-0.04831564053893089,0.9523998498916626,0.42666926980018616,0.3459990620613098,0.1967039704322815,0.43334484100341797,0.27790573239326477,0.23392629623413086,0.09563829749822617,0.8829124569892883,0.3611440062522888,0.24196748435497284,0.31093961000442505,0.2874128520488739,0.2793115973472595,0.20496006309986115,0.10293848812580109,0.8634055256843567,0.3608400225639343,0.20857325196266174,0.33136266469955444,0.28853195905685425,0.29461708664894104,0.20686061680316925,0.08703610301017761,0.857171356678009,0.3490729033946991,0.20479559898376465,0.31710347533226013,0.2838493585586548,0.30304664373397827,0.21331623196601868,0.09379182755947113,0.8414506316184998,0.33479827642440796,0.21693715453147888,0.30714577436447144,0.2901778817176819,0.3734655976295471,0.5663320422172546,-0.05054832622408867,0.9993071556091309,0.44597727060317993,0.5664461851119995,0.05041230469942093,0.9987308979034424,0.36424821615219116,0.7547541260719299,0.0331859365105629,0.8963701725006104,0.4261173605918884,0.7580578923225403,0.1092573031783104,0.6767785549163818,0.369251549243927,0.9269262552261353,-0.006618228740990162,0.9228494763374329,0.415982723236084,0.9262762069702148,0.15312714874744415,0.7575902342796326,0.3803514838218689,0.9458586573600769,-0.007968595251441002,0.9137793779373169,0.4133378863334656,0.9446406364440918,0.15967431664466858,0.8458197712898254,0.3380282521247864,0.9488059282302856,-0.061317067593336105,0.8488059043884277,0.39955851435661316,0.9335935711860657,0.13309992849826813,0.6683393120765686
212,0.4281272888183594,0.22428064048290253,0.19362927973270416,0.999720573425293,0.42629680037498474,0.2134282886981964,0.1400115191936493,0.9997662305831909,0.4223388135433197,0.21327951550483704,0.1399080753326416,0.9997395277023315,0.41603899002075195,0.21304360032081604,0.13992175459861755,0.9997497200965881,0.436781644821167,0.21407392621040344,0.1606282889842987,0.9996935129165649,0.43999147415161133,0.2142721712589264,0.16048488020896912,0.9996175765991211,0.4429805874824524,0.2153458148241043,0.16042937338352203,0.9996516108512878,0.4084063172340393,0.22117872536182404,-0.035612206906080246,0.9996116161346436,0.44725027680397034,0.22288425266742706,0.05741649121046066,0.9996549487113953,0.41926735639572144,0.2380344420671463,0.13956724107265472,0.9993897080421448,0.4324701726436615,0.23821064829826355,0.16659392416477203,0.999445915222168,0.3548817038536072,0.299066960811615,-0.0951559841632843,0.9992560744285583,0.49460569024086,0.29405075311660767,0.064026840031147,0.9985600709915161,0.2581239342689514,0.3204647898674011,-0.04207591712474823,0.9549564719200134,0.43105587363243103,0.34603017568588257,0.18598037958145142,0.4259191155433655,0.27664145827293396,0.22704441845417023,0.10079427808523178,0.8811308145523071,0.3660297393798828,0.23859064280986786,0.31503280997276306,0.2779431939125061,0.276944100856781,0.19995108246803284,0.11135323345661163,0.8613892793655396,0.3623271882534027,0.2055482119321823,0.33629390597343445,0.2803453505039215,0.2941599488258362,0.20176973938941956,0.09291334450244904,0.854883074760437,0.3523685336112976,0.20256634056568146,0.3256928324699402,0.27569639682769775,0.301000714302063,0.21600374579429626,0.09841389954090118,0.8380584716796875,0.3504558205604553,0.2160755842924118,0.3133440911769867,0.28219568729400635,0.3716740012168884,0.5656548142433167,-0.03660844638943672,0.9992628693580627,0.44649672508239746,0.5652970671653748,0.03648141026496887,0.9986541867256165,0.36600592732429504,0.7501565217971802,0.03534078970551491,0.8944182991981506,0.4297914505004883,0.7478489875793457,0.08891674131155014,0.6788185238838196,0.37487393617630005,0.916054904460907,-0.003602226497605443,0.9226707816123962,0.41116029024124146,0.9104517698287964,0.1212053894996643,0.7563280463218689,0.38016849756240845,0.9408727884292603,-0.004721044562757015,0.9115833640098572,0.40955764055252075,0.9400215148925781,0.12625393271446228,0.8436789512634277,0.35846805572509766,0.9449653625488281,-0.0530322901904583,0.846899151802063,0.4016876816749573,0.9341427683830261,0.09809357672929764,0.6647576093673706
213,0.4287448525428772,0.2240791767835617,0.21840734779834747,0.9997206330299377,0.42699185013771057,0.213143989443779,0.1664743423461914,0.9997638463973999,0.42361634969711304,0.21276958286762238,0.1663571298122406,0.9997405409812927,0.4197220802307129,0.21262440085411072,0.16634725034236908,0.9997485280036926,0.43644657731056213,0.21411696076393127,0.18559642136096954,0.9996891617774963,0.4394993782043457,0.21434393525123596,0.1854393184185028,0.9996148943901062,0.4428836405277252,0.2148493230342865,0.18537770211696625,0.9996445775032043,0.41266655921936035,0.21974070370197296,-0.003989371471107006,0.9996171593666077,0.4469873309135437,0.22202181816101074,0.08226974308490753,0.9996504187583923,0.42154568433761597,0.23670658469200134,0.1662246733903885,0.9993998408317566,0.43501728773117065,0.23729610443115234,0.1913280487060547,0.9994432330131531,0.358489453792572,0.29550525546073914,-0.06337375938892365,0.999257504940033,0.49411362409591675,0.29321229457855225,0.08164528012275696,0.9984646439552307,0.26491305232048035,0.33614107966423035,0.016774967312812805,0.9563280940055847,0.436506450176239,0.3585071563720703,0.1764049232006073,0.4115334451198578,0.28147396445274353,0.23894529044628143,0.19298675656318665,0.8752784132957458,0.3687727153301239,0.2517630159854889,0.2847434878349304,0.2641889452934265,0.2811904549598694,0.21097607910633087,0.21143047511577606,0.8554357290267944,0.3645416796207428,0.21887652575969696,0.3029932975769043,0.2682046890258789,0.29207080602645874,0.21265435218811035,0.19336006045341492,0.8483901619911194,0.353694349527359,0.21526260673999786,0.29382702708244324,0.2636955678462982,0.2976459562778473,0.22077207267284393,0.19242723286151886,0.8302904367446899,0.3521784543991089,0.22836866974830627,0.2827354073524475,0.2704014480113983,0.37241876125335693,0.5606026649475098,-0.03466612845659256,0.9992240071296692,0.44509488344192505,0.5598042607307434,0.034505702555179596,0.9985610246658325,0.3667730987071991,0.7460774183273315,0.03904080018401146,0.8949860334396362,0.4313279986381531,0.7462488412857056,0.08127717673778534,0.6854760646820068,0.36892396211624146,0.9169979095458984,-0.010498679243028164,0.9242340922355652,0.4135285019874573,0.9220501184463501,0.10830771923065186,0.7601004242897034,0.37357527017593384,0.9423085451126099,-0.013095095753669739,0.9109444618225098,0.41148486733436584,0.9413362741470337,0.11290910094976425,0.8445150852203369,0.348148912191391,0.9420255422592163,-0.07139496505260468,0.8473032116889954,0.39608997106552124,0.9314413070678711,0.07754392921924591,0.6656014323234558
214,0.4181566834449768,0.22059006989002228,0.1943940818309784,0.9997180700302124,0.41808146238327026,0.21026046574115753,0.14249244332313538,0.9997639060020447,0.415684312582016,0.2103182077407837,0.14237800240516663,0.9997444152832031,0.4128336012363434,0.21055975556373596,0.14239828288555145,0.9997518658638,0.4261379837989807,0.20972029864788055,0.17148885130882263,0.9996849894523621,0.42852717638015747,0.20928125083446503,0.1713414490222931,0.9996107220649719,0.43148237466812134,0.20917411148548126,0.17128333449363708,0.999638020992279,0.4096056818962097,0.21639063954353333,-0.02995782159268856,0.9996208548545837,0.43477314710617065,0.2153315544128418,0.09963563829660416,0.9996461272239685,0.41202449798583984,0.234731987118721,0.14005181193351746,0.9993962645530701,0.42219987511634827,0.2341243028640747,0.17791441082954407,0.9994288682937622,0.35232388973236084,0.29780131578445435,-0.11774833500385284,0.9992808103561401,0.48777371644973755,0.29236623644828796,0.133451908826828,0.9983484148979187,0.2565828263759613,0.34282130002975464,-0.10242994129657745,0.9594359993934631,0.43569573760032654,0.35889145731925964,0.3455290198326111,0.38494962453842163,0.2734009623527527,0.23571813106536865,0.018338605761528015,0.8777496814727783,0.36134958267211914,0.24446134269237518,0.56089186668396,0.24682994186878204,0.2717346251010895,0.21596360206604004,0.019970370456576347,0.8580189347267151,0.35656172037124634,0.21006569266319275,0.5980191826820374,0.25228551030158997,0.28538602590560913,0.21082940697669983,0.004710426554083824,0.850924551486969,0.3425743877887726,0.20619313418865204,0.5797578692436218,0.24812249839305878,0.28702905774116516,0.22216348350048065,0.016818817704916,0.8321503400802612,0.326298326253891,0.22538189589977264,0.5581308603286743,0.2550709843635559,0.3729259669780731,0.5625442862510681,-0.0683007687330246,0.9992262721061707,0.4437978267669678,0.5600263476371765,0.06800897419452667,0.9985194802284241,0.3653671145439148,0.7458942532539368,0.01324880588799715,0.8984335660934448,0.42368173599243164,0.7509647011756897,0.14615267515182495,0.6840078830718994,0.3711530566215515,0.9230291247367859,-0.007782795466482639,0.9273414611816406,0.4077776074409485,0.9082107543945312,0.19417712092399597,0.7585553526878357,0.37898343801498413,0.9414942860603333,-0.006690234877169132,0.9131099581718445,0.4085426926612854,0.9389266967773438,0.19929000735282898,0.8423644304275513,0.33903756737709045,0.9388605356216431,-0.06743170320987701,0.8517433404922485,0.39048874378204346,0.9280399084091187,0.16308102011680603,0.6636664271354675
215,0.4172380864620209,0.2268705666065216,0.21856267750263214,0.9997067451477051,0.4152854382991791,0.2159254252910614,0.1701703816652298,0.9997528791427612,0.41072139143943787,0.21580159664154053,0.17007018625736237,0.9997364282608032,0.4075261652469635,0.21608538925647736,0.1700790524482727,0.9997444748878479,0.4240834712982178,0.21527889370918274,0.19373956322669983,0.9996633529663086,0.4280433654785156,0.2148631364107132,0.19359692931175232,0.9995853304862976,0.4313666820526123,0.2145994007587433,0.19355106353759766,0.9996117353439331,0.4045522212982178,0.22095854580402374,0.009154347702860832,0.9996090531349182,0.436551958322525,0.21916893124580383,0.11522209644317627,0.9996188879013062,0.4089356064796448,0.23982174694538116,0.168234720826149,0.9993712902069092,0.4224483072757721,0.23884399235248566,0.1992756575345993,0.999388575553894,0.3592667281627655,0.2996084690093994,-0.06709544360637665,0.9992811679840088,0.4879372715950012,0.2903539538383484,0.12379418313503265,0.9982172846794128,0.2656821608543396,0.34895649552345276,-0.06596234440803528,0.9611952304840088,0.42794767022132874,0.3575977683067322,0.2651037573814392,0.37090420722961426,0.26883095502853394,0.24990621209144592,0.029940282925963402,0.8776245713233948,0.3564155697822571,0.24347467720508575,0.41722792387008667,0.2384178787469864,0.2660287022590637,0.22203607857227325,0.03229963779449463,0.8577495813369751,0.3503524661064148,0.2099018543958664,0.4400362968444824,0.24517032504081726,0.2806118428707123,0.2220277488231659,0.017472531646490097,0.8505141735076904,0.3389218747615814,0.20462492108345032,0.43175482749938965,0.2410632222890854,0.2834823727607727,0.2292317897081375,0.02813679538667202,0.8306888341903687,0.33817294239997864,0.2176402509212494,0.4165521264076233,0.2482212632894516,0.3700483441352844,0.5665270686149597,-0.05124976113438606,0.9991933703422546,0.4432597756385803,0.5640414357185364,0.05094451457262039,0.9984394311904907,0.36525851488113403,0.7486010789871216,0.013470234349370003,0.8972832560539246,0.4281901717185974,0.7553943395614624,0.10758842527866364,0.6887587904930115,0.3696722388267517,0.9220955967903137,-0.009152820333838463,0.9273765683174133,0.4157150685787201,0.9300670623779297,0.1451369673013687,0.760307252407074,0.3760053515434265,0.9400569200515747,-0.00889773853123188,0.9111413955688477,0.41269373893737793,0.9485055208206177,0.148093119263649,0.8401222825050354,0.34212565422058105,0.941810131072998,-0.07267903536558151,0.8494168519973755,0.3956131637096405,0.9374889135360718,0.10048095881938934,0.6609969735145569
216,0.4120217263698578,0.2272002249956131,0.16281846165657043,0.9997017979621887,0.4110783040523529,0.21560445427894592,0.11580856144428253,0.9997513890266418,0.40812253952026367,0.21613994240760803,0.11571407318115234,0.9997356534004211,0.40474480390548706,0.21654978394508362,0.11574486643075943,0.9997466802597046,0.4205206334590912,0.2151576578617096,0.1449842005968094,0.9996585845947266,0.4234990179538727,0.21464931964874268,0.14483754336833954,0.9995781183242798,0.426375150680542,0.21434113383293152,0.14479491114616394,0.9996084570884705,0.40109601616859436,0.22230549156665802,-0.040116824209690094,0.9996052384376526,0.4316027760505676,0.2198786735534668,0.09051763266324997,0.9996128082275391,0.4060591161251068,0.2413574755191803,0.11396573483943939,0.9993516802787781,0.4191555976867676,0.24029293656349182,0.15211975574493408,0.9993643760681152,0.35606849193573,0.30977877974510193,-0.12320852279663086,0.9992857575416565,0.4860052168369293,0.29415664076805115,0.12527960538864136,0.9981715679168701,0.2649647295475006,0.37337079644203186,-0.1653432846069336,0.9632483124732971,0.41623157262802124,0.3732774555683136,0.32888227701187134,0.3475223481655121,0.26875364780426025,0.25847411155700684,-0.11500284820795059,0.8788790106773376,0.3245270848274231,0.2418942004442215,0.5168718099594116,0.22491689026355743,0.2637622356414795,0.23501935601234436,-0.1274378001689911,0.8584989905357361,0.3242729902267456,0.21945810317993164,0.5452463030815125,0.23273609578609467,0.27787357568740845,0.22924454510211945,-0.13861863315105438,0.8512632846832275,0.30914539098739624,0.2126442939043045,0.5330429077148438,0.22880788147449493,0.2814619839191437,0.23930630087852478,-0.11797213554382324,0.8309091329574585,0.31168314814567566,0.2323598563671112,0.5155048966407776,0.2362576425075531,0.36952218413352966,0.5702410936355591,-0.06266837567090988,0.9991408586502075,0.4458742141723633,0.5686431527137756,0.06239892914891243,0.9983129501342773,0.36348316073417664,0.7513206601142883,0.02685733512043953,0.893954873085022,0.4355718195438385,0.7594262361526489,0.15960341691970825,0.6885774731636047,0.37129446864128113,0.921100914478302,0.047178808599710464,0.9262677431106567,0.4158048629760742,0.9204508662223816,0.2249913215637207,0.7581541538238525,0.3733791410923004,0.9398554563522339,0.05201862007379532,0.9094709753990173,0.41121014952659607,0.9498187303543091,0.23022083938121796,0.8348749279975891,0.3399120569229126,0.9466531872749329,-0.004458664916455746,0.8439199924468994,0.4028596878051758,0.9388945698738098,0.18673405051231384,0.6533454060554504
217,0.4065000116825104,0.2267616242170334,0.20642498135566711,0.9996888041496277,0.4050177037715912,0.21436846256256104,0.15520256757736206,0.999744713306427,0.40144214034080505,0.21435430645942688,0.15508432686328888,0.9997310042381287,0.39749616384506226,0.21455243229866028,0.15510454773902893,0.9997444748878479,0.4162767827510834,0.21310803294181824,0.18595367670059204,0.9996462464332581,0.41949090361595154,0.2122184783220291,0.18577679991722107,0.9995627403259277,0.42378267645835876,0.21168506145477295,0.1857333779335022,0.9995951652526855,0.39256882667541504,0.22147634625434875,-0.018843717873096466,0.9995962977409363,0.42812100052833557,0.2173548936843872,0.117972731590271,0.9995972514152527,0.3995411992073059,0.2415536344051361,0.15126097202301025,0.99932861328125,0.41378504037857056,0.23924584686756134,0.1912444829940796,0.9993336796760559,0.34615781903266907,0.30903980135917664,-0.11274074018001556,0.9993169903755188,0.48309555649757385,0.2936326861381531,0.15567287802696228,0.9981372356414795,0.2633105516433716,0.3741611838340759,-0.10254651308059692,0.9652802348136902,0.42686986923217773,0.3865176737308502,0.38180211186408997,0.32266664505004883,0.2672618329524994,0.26326078176498413,0.011140583083033562,0.8792299032211304,0.34510836005210876,0.26796290278434753,0.5966198444366455,0.2092612385749817,0.26242631673812866,0.23854359984397888,0.010905474424362183,0.8584548234939575,0.33746081590652466,0.23290959000587463,0.6337343454360962,0.217921644449234,0.27695342898368835,0.23445925116539001,-0.003967735450714827,0.8512253761291504,0.3204805254936218,0.22568371891975403,0.6182057857513428,0.21425649523735046,0.27989619970321655,0.24373702704906464,0.009664924815297127,0.8304405212402344,0.324476420879364,0.24090123176574707,0.5949902534484863,0.2217480093240738,0.3698217272758484,0.5699307918548584,-0.07212086021900177,0.9991169571876526,0.44603532552719116,0.5647827386856079,0.07185618579387665,0.9982153177261353,0.36647602915763855,0.7545675039291382,0.008761506527662277,0.8940885663032532,0.43497833609580994,0.7598007917404175,0.15955403447151184,0.6882248520851135,0.3678872585296631,0.9257164001464844,-0.010065353475511074,0.9274287819862366,0.4138600826263428,0.9233166575431824,0.20318305492401123,0.7561483383178711,0.37457603216171265,0.9442027807235718,-0.008364835754036903,0.9095776081085205,0.4115404188632965,0.941774845123291,0.20688137412071228,0.8307670950889587,0.3285832405090332,0.9557614326477051,-0.06669303774833679,0.8429952263832092,0.4025966227054596,0.9457080960273743,0.17119233310222626,0.6466910243034363
218,0.39651405811309814,0.22412340342998505,0.2238943874835968,0.9996840357780457,0.39495229721069336,0.21210722625255585,0.17281672358512878,0.9997438788414001,0.3923191428184509,0.21219880878925323,0.1726851761341095,0.9997325539588928,0.389495849609375,0.21239760518074036,0.17269785702228546,0.9997475147247314,0.4050608277320862,0.21077224612236023,0.203469917178154,0.9996434450149536,0.4084855020046234,0.21001367270946503,0.20329904556274414,0.9995596408843994,0.4116324484348297,0.20948731899261475,0.20326872169971466,0.9995918273925781,0.38823795318603516,0.21886949241161346,-0.00021898371051065624,0.9996001720428467,0.41985613107681274,0.2154267132282257,0.13662317395210266,0.9995918869972229,0.39208918809890747,0.2388407438993454,0.16884225606918335,0.9993090629577637,0.4015812873840332,0.23619239032268524,0.20872358977794647,0.9993033409118652,0.350191205739975,0.3049570918083191,-0.09221941232681274,0.9993404746055603,0.4772990643978119,0.29139989614486694,0.168156698346138,0.9981435537338257,0.26188725233078003,0.36141300201416016,-0.06635196506977081,0.9672797322273254,0.435192734003067,0.3795875012874603,0.4259131848812103,0.30369219183921814,0.2712365388870239,0.2631694972515106,0.07143037766218185,0.8796929717063904,0.36078569293022156,0.25910669565200806,0.67937171459198,0.19672343134880066,0.25890734791755676,0.23632237315177917,0.07879410684108734,0.8584798574447632,0.35406553745269775,0.22440607845783234,0.7212008833885193,0.2062789350748062,0.2752848267555237,0.2317180186510086,0.057831961661577225,0.8513685464859009,0.33765214681625366,0.21709394454956055,0.7069413661956787,0.2028386890888214,0.2859579622745514,0.24434411525726318,0.0690082535147667,0.8302159309387207,0.3324282765388489,0.23996885120868683,0.6795841455459595,0.2103821337223053,0.3690015971660614,0.562613308429718,-0.0668739452958107,0.999099612236023,0.4405682682991028,0.562159538269043,0.06653429567813873,0.9981902241706848,0.3586269021034241,0.7512093782424927,0.0177348293364048,0.893545389175415,0.4316909909248352,0.7589707374572754,0.15360099077224731,0.6945258378982544,0.3647504448890686,0.9170597195625305,-0.0024519911967217922,0.9283013939857483,0.41378054022789,0.925693154335022,0.1828206181526184,0.7600600123405457,0.368145614862442,0.9435906410217285,8.305723895318806e-05,0.9097211956977844,0.41080015897750854,0.9501614570617676,0.18594613671302795,0.8319430947303772,0.33042484521865845,0.9476348757743835,-0.055802278220653534,0.8420486450195312,0.4070987105369568,0.9479721188545227,0.14733074605464935,0.6466072797775269
219,0.39334359765052795,0.22864031791687012,0.2225864827632904,0.9996780157089233,0.3904015123844147,0.21686188876628876,0.1706240475177765,0.9997418522834778,0.3854065537452698,0.21762534976005554,0.17050285637378693,0.9997333884239197,0.3825034499168396,0.21846354007720947,0.17052817344665527,0.9997487664222717,0.40008974075317383,0.21410469710826874,0.1986767202615738,0.999637246131897,0.4056604504585266,0.21291522681713104,0.19849541783332825,0.9995527863502502,0.40941065549850464,0.21214823424816132,0.19845238327980042,0.9995840191841125,0.3802616000175476,0.2256787270307541,-0.006251341197639704,0.999600887298584,0.41801804304122925,0.21812157332897186,0.11824598163366318,0.9995871782302856,0.3880259394645691,0.24524883925914764,0.16648855805397034,0.9992948174476624,0.39935100078582764,0.24093446135520935,0.20295187830924988,0.9992780089378357,0.34722766280174255,0.3124031126499176,-0.09560994803905487,0.9993637204170227,0.4750998914241791,0.2935122549533844,0.14595070481300354,0.9981533885002136,0.2640053629875183,0.368324339389801,-0.0811903178691864,0.9685647487640381,0.43995508551597595,0.37642619013786316,0.4047831892967224,0.2885463833808899,0.26820677518844604,0.2731809616088867,0.03801985830068588,0.8776322603225708,0.36613520979881287,0.25711292028427124,0.6770614981651306,0.18618427217006683,0.2635899782180786,0.2522381842136383,0.04278486594557762,0.8561820387840271,0.3597818613052368,0.2220430076122284,0.7224925756454468,0.19638691842556,0.2809191942214966,0.24507179856300354,0.023316357284784317,0.849189817905426,0.3432721495628357,0.2156139314174652,0.7081694006919861,0.19310037791728973,0.2831580638885498,0.2553209364414215,0.03486977890133858,0.8274340629577637,0.3432597517967224,0.22952072322368622,0.6781799793243408,0.20076964795589447,0.3707834482192993,0.571666955947876,-0.06780065596103668,0.999100387096405,0.44784846901893616,0.5681363344192505,0.0674690529704094,0.9981959462165833,0.3632304072380066,0.7538303136825562,0.018514685332775116,0.8942322134971619,0.43118029832839966,0.7618246674537659,0.150394007563591,0.7007655501365662,0.3682662844657898,0.9242660403251648,-0.0004023549263365567,0.9297789335250854,0.41674312949180603,0.9276818037033081,0.19129249453544617,0.7643963098526001,0.3752196431159973,0.9433627128601074,0.00200223783031106,0.9103714227676392,0.41479673981666565,0.951263427734375,0.19529251754283905,0.8334000110626221,0.32552963495254517,0.9516544342041016,-0.053295452147722244,0.8425732851028442,0.39549800753593445,0.9463796615600586,0.15773925185203552,0.6474567651748657
220,0.3852769732475281,0.23292715847492218,0.21186760067939758,0.9996943473815918,0.38193362951278687,0.22237476706504822,0.15727920830249786,0.9997569918632507,0.3790893852710724,0.2229044884443283,0.1571807861328125,0.9997498393058777,0.37485194206237793,0.22379657626152039,0.15722805261611938,0.999764621257782,0.39222079515457153,0.2173815220594406,0.19050361216068268,0.9996576905250549,0.3987244963645935,0.21555936336517334,0.19033870100975037,0.9995777010917664,0.40298762917518616,0.21425828337669373,0.1903195083141327,0.9996068477630615,0.37705081701278687,0.22820249199867249,-0.025649163872003555,0.9996253848075867,0.41512221097946167,0.21962933242321014,0.12180318683385849,0.999611496925354,0.3815966844558716,0.24784120917320251,0.15381190180778503,0.999332845211029,0.3927260935306549,0.24435453116893768,0.19695790112018585,0.9993139505386353,0.34381863474845886,0.3133813142776489,-0.12200561910867691,0.9994086027145386,0.47545522451400757,0.29343381524086,0.16692419350147247,0.9982396364212036,0.26232728362083435,0.3791542649269104,-0.1205613985657692,0.9707140922546387,0.4435564875602722,0.38449469208717346,0.44156503677368164,0.27083373069763184,0.26839515566825867,0.28433769941329956,-0.011263679713010788,0.8818274736404419,0.3633997440338135,0.2762819230556488,0.7050184607505798,0.17519667744636536,0.25771838426589966,0.2523307800292969,-0.011565739288926125,0.8605874180793762,0.35605931282043457,0.24265189468860626,0.7515097856521606,0.1860242784023285,0.27413132786750793,0.2525506913661957,-0.028436297550797462,0.8537997007369995,0.3386107385158539,0.2367897927761078,0.7338975071907043,0.18290114402770996,0.28399574756622314,0.25926169753074646,-0.013342464342713356,0.8319432735443115,0.3391574025154114,0.2500721514225006,0.7046011090278625,0.1905527561903,0.3694910407066345,0.5727548003196716,-0.08191341161727905,0.9991168975830078,0.4471544623374939,0.5659042000770569,0.081566222012043,0.9981911778450012,0.3584586977958679,0.7556940913200378,0.005033159628510475,0.8974130153656006,0.4332851767539978,0.752066433429718,0.16985616087913513,0.7032275795936584,0.36772865056991577,0.9200876355171204,-0.015322914347052574,0.9328795075416565,0.41610175371170044,0.9239056706428528,0.2126268446445465,0.7683930397033691,0.37604424357414246,0.9476152658462524,-0.013416807167232037,0.9139702916145325,0.41512447595596313,0.9445279836654663,0.2161700427532196,0.8355144262313843,0.3196790814399719,0.9494025111198425,-0.07012535631656647,0.847190260887146,0.4034363329410553,0.9344303011894226,0.17867536842823029,0.6499367356300354
221,0.38806524872779846,0.23066595196723938,0.23439697921276093,0.9996950626373291,0.3865653872489929,0.2188100814819336,0.1828809529542923,0.9997609853744507,0.3820238709449768,0.21905413269996643,0.18275150656700134,0.9997555613517761,0.37947630882263184,0.2191905975341797,0.1827685385942459,0.9997708797454834,0.394406259059906,0.2171255648136139,0.21466362476348877,0.9996596574783325,0.3994547426700592,0.2158377468585968,0.2144734412431717,0.9995802640914917,0.40291014313697815,0.21489036083221436,0.21446101367473602,0.9996077418327332,0.3776960074901581,0.22478921711444855,0.00616574427112937,0.9996334910392761,0.4103797972202301,0.2205422818660736,0.14668188989162445,0.9996107220649719,0.38178205490112305,0.2429504692554474,0.1780862808227539,0.999343991279602,0.39334386587142944,0.2404659241437912,0.21932539343833923,0.9993153810501099,0.33402496576309204,0.31115618348121643,-0.09476499259471893,0.9994496703147888,0.47197094559669495,0.2959582209587097,0.18573400378227234,0.9982686042785645,0.24219068884849548,0.3950875699520111,-0.07385723292827606,0.972206711769104,0.4403460919857025,0.4110366702079773,0.41583138704299927,0.25217515230178833,0.26061928272247314,0.2983607053756714,0.0516480877995491,0.8820080757141113,0.36465007066726685,0.29234907031059265,0.638930082321167,0.1633121222257614,0.2556747794151306,0.2689121663570404,0.052428990602493286,0.8603953123092651,0.35890471935272217,0.25638526678085327,0.6782276034355164,0.17450809478759766,0.2713243365287781,0.2629530727863312,0.04047472029924393,0.8535524010658264,0.338657021522522,0.24726398289203644,0.6633342504501343,0.17154276371002197,0.274457722902298,0.2683427333831787,0.052237123250961304,0.8310343623161316,0.33867549896240234,0.26090824604034424,0.6377226710319519,0.1791096329689026,0.3716978430747986,0.566196084022522,-0.0825464278459549,0.999116837978363,0.44462132453918457,0.5637160539627075,0.08227867633104324,0.9981602430343628,0.36596211791038513,0.7542393803596497,0.010948723182082176,0.8994020223617554,0.42884039878845215,0.7615681886672974,0.1721762716770172,0.708257794380188,0.37362465262413025,0.9214593172073364,-0.0033689450938254595,0.9341679215431213,0.41357317566871643,0.9288180470466614,0.21611538529396057,0.7727263569831848,0.379347026348114,0.9468327760696411,-0.001155368285253644,0.9151962399482727,0.4120720326900482,0.9528762102127075,0.21974651515483856,0.8385865092277527,0.3266872763633728,0.9505688548088074,-0.06089897081255913,0.8474763631820679,0.3939078152179718,0.9492823481559753,0.18701264262199402,0.6524341106414795
222,0.38940510153770447,0.22679086029529572,0.3041406273841858,0.999712347984314,0.38588058948516846,0.2140226811170578,0.2492636889219284,0.9997751712799072,0.3842354416847229,0.214297816157341,0.24915535748004913,0.9997710585594177,0.3823288381099701,0.21474185585975647,0.24921934306621552,0.9997850656509399,0.3965793251991272,0.21109840273857117,0.2742096781730652,0.999678909778595,0.3992912769317627,0.21024325489997864,0.2740125060081482,0.9996050000190735,0.40679803490638733,0.2084527462720871,0.27395397424697876,0.9996290802955627,0.3809392750263214,0.22208921611309052,0.06343888491392136,0.9996568560600281,0.412848562002182,0.21541514992713928,0.17483651638031006,0.9996316432952881,0.38346028327941895,0.23934507369995117,0.2444678544998169,0.9993855953216553,0.39472904801368713,0.23681814968585968,0.27757033705711365,0.999352216720581,0.3344813585281372,0.3120236396789551,-0.04827237129211426,0.999480128288269,0.4742414355278015,0.29579246044158936,0.1610099822282791,0.9983401298522949,0.2603360116481781,0.4033884108066559,-0.0011387963313609362,0.9734219312667847,0.4511202275753021,0.41053953766822815,0.37887534499168396,0.2531347870826721,0.2655869424343109,0.29600030183792114,0.17327472567558289,0.870570957660675,0.3729100823402405,0.31838515400886536,0.6459171772003174,0.15284261107444763,0.2614726126194,0.2682526707649231,0.19251063466072083,0.8458489775657654,0.3638347089290619,0.28987640142440796,0.6888373494148254,0.16352812945842743,0.2766757607460022,0.2640417516231537,0.1784578263759613,0.838537335395813,0.34494248032569885,0.2813637852668762,0.6756905317306519,0.16074012219905853,0.27898794412612915,0.26854807138442993,0.17537972331047058,0.814935028553009,0.346194326877594,0.29116618633270264,0.6462367177009583,0.16807113587856293,0.3681890070438385,0.5659497380256653,-0.05014277249574661,0.9991406202316284,0.44179534912109375,0.5657923817634583,0.04991345480084419,0.998252809047699,0.35864147543907166,0.7528409957885742,0.046204257756471634,0.9054209589958191,0.428108274936676,0.7558892965316772,0.13592955470085144,0.7329075336456299,0.36909693479537964,0.9203801155090332,-0.007296467665582895,0.9375881552696228,0.4097568988800049,0.924900233745575,0.14040985703468323,0.788667619228363,0.37783223390579224,0.9389685392379761,-0.008256761357188225,0.9198840856552124,0.40749043226242065,0.9505413770675659,0.14167669415473938,0.8498309254646301,0.33358946442604065,0.943783164024353,-0.04156745225191116,0.8453289866447449,0.3959585130214691,0.9461483955383301,0.1235661655664444,0.6554281711578369
