frame,nose_x,nose_y,nose_z,nose_visibility,left_eye_inner_x,left_eye_inner_y,left_eye_inner_z,left_eye_inner_visibility,left_eye_x,left_eye_y,left_eye_z,left_eye_visibility,left_eye_outer_x,left_eye_outer_y,left_eye_outer_z,left_eye_outer_visibility,right_eye_inner_x,right_eye_inner_y,right_eye_inner_z,right_eye_inner_visibility,right_eye_x,right_eye_y,right_eye_z,right_eye_visibility,right_eye_outer_x,right_eye_outer_y,right_eye_outer_z,right_eye_outer_visibility,left_ear_x,left_ear_y,left_ear_z,left_ear_visibility,right_ear_x,right_ear_y,right_ear_z,right_ear_visibility,mouth_left_x,mouth_left_y,mouth_left_z,mouth_left_visibility,mouth_right_x,mouth_right_y,mouth_right_z,mouth_right_visibility,left_shoulder_x,left_shoulder_y,left_shoulder_z,left_shoulder_visibility,right_shoulder_x,right_shoulder_y,right_shoulder_z,right_shoulder_visibility,left_elbow_x,left_elbow_y,left_elbow_z,left_elbow_visibility,right_elbow_x,right_elbow_y,right_elbow_z,right_elbow_visibility,left_wrist_x,left_wrist_y,left_wrist_z,left_wrist_visibility,right_wrist_x,right_wrist_y,right_wrist_z,right_wrist_visibility,left_pinky_x,left_pinky_y,left_pinky_z,left_pinky_visibility,right_pinky_x,right_pinky_y,right_pinky_z,right_pinky_visibility,left_index_x,left_index_y,left_index_z,left_index_visibility,right_index_x,right_index_y,right_index_z,right_index_visibility,left_thumb_x,left_thumb_y,left_thumb_z,left_thumb_visibility,right_thumb_x,right_thumb_y,right_thumb_z,right_thumb_visibility,left_hip_x,left_hip_y,left_hip_z,left_hip_visibility,right_hip_x,right_hip_y,right_hip_z,right_hip_visibility,left_knee_x,left_knee_y,left_knee_z,left_knee_visibility,right_knee_x,right_knee_y,right_knee_z,right_knee_visibility,left_ankle_x,left_ankle_y,left_ankle_z,left_ankle_visibility,right_ankle_x,right_ankle_y,right_ankle_z,right_ankle_visibility,left_heel_x,left_heel_y,left_heel_z,left_heel_visibility,right_heel_x,right_heel_y,right_heel_z,right_heel_visibility,left_foot_index_x,left_foot_index_y,left_foot_index_z,left_foot_index_visibility,right_foot_index_x,right_foot_index_y,right_foot_index_z,right_foot_index_visibility
1,0.5600649118423462,0.39129704236984253,-0.030733468011021614,0.99873948097229,0.56017005443573,0.3832415044307709,-0.02876272238790989,0.998250424861908,0.5582208633422852,0.3824343681335449,-0.02884117141366005,0.9976648092269897,0.5534138083457947,0.3807896077632904,-0.0289275124669075,0.9983065128326416,0.560908317565918,0.3843690752983093,-0.07165086269378662,0.9984005093574524,0.5596034526824951,0.38429945707321167,-0.07178935408592224,0.9981412291526794,0.5579968690872192,0.38411223888397217,-0.07180841267108917,0.9986757636070251,0.5348219871520996,0.37944096326828003,0.00609066616743803,0.9948945641517639,0.5399160385131836,0.3820931911468506,-0.18469302356243134,0.9979683756828308,0.5412086248397827,0.3934290409088135,-0.008794653229415417,0.9968395233154297,0.5429013967514038,0.3943738341331482,-0.06482015550136566,0.9974490404129028,0.46384480595588684,0.40460628271102905,0.1211334839463234,0.9974692463874817,0.4824331998825073,0.40980273485183716,-0.28985849022865295,0.9997508525848389,0.42698606848716736,0.464392751455307,0.17878159880638123,0.05806783586740494,0.4639746844768524,0.4777827858924866,-0.3326282799243927,0.9713994264602661,0.45050179958343506,0.5255387425422668,0.11445971578359604,0.08771354705095291,0.48204153776168823,0.5383991599082947,-0.257852703332901,0.8920355439186096,0.45629239082336426,0.5390383005142212,0.11513689905405045,0.10018161684274673,0.49016010761260986,0.5503616333007812,-0.2975391745567322,0.8392823934555054,0.45948082208633423,0.5414831042289734,0.07582089304924011,0.10197442024946213,0.4908097982406616,0.5508992671966553,-0.28405100107192993,0.8328236937522888,0.44832009077072144,0.5343036651611328,0.09474841505289078,0.10838435590267181,0.4850899577140808,0.5471635460853577,-0.25191211700439453,0.7931415438652039,0.3616411089897156,0.5096731185913086,0.128951296210289,0.9978922009468079,0.3724973797798157,0.5155789852142334,-0.12875480949878693,0.9993358254432678,0.37198519706726074,0.5878831148147583,0.24149027466773987,0.39160653948783875,0.37996530532836914,0.6014404296875,-0.03316427394747734,0.9399860501289368,0.37517035007476807,0.6727325320243835,0.3884134590625763,0.6451189517974854,0.37452223896980286,0.6858764886856079,0.1140856072306633,0.9528997540473938,0.3535524010658264,0.6857501864433289,0.39589226245880127,0.7004531621932983,0.3574591279029846,0.7036855220794678,0.12287137657403946,0.8971026539802551,0.42549657821655273,0.6873528957366943,0.3197927176952362,0.7629426121711731,0.4265875816345215,0.7028972506523132,0.029071159660816193,0.9423305988311768
2,0.5605554580688477,0.3980579674243927,-0.05503004416823387,0.9988264441490173,0.5633596181869507,0.39054641127586365,-0.04468719661235809,0.998367190361023,0.561660885810852,0.3898048996925354,-0.04473324492573738,0.9978302121162415,0.5596181154251099,0.38905900716781616,-0.044796738773584366,0.9984257221221924,0.5634493827819824,0.3910127580165863,-0.09356395900249481,0.998495876789093,0.5619673132896423,0.3905363380908966,-0.09370401501655579,0.9982488751411438,0.5602782368659973,0.38998010754585266,-0.09370892494916916,0.9987483620643616,0.5379811525344849,0.3849585950374603,0.020747654139995575,0.9952596426010132,0.5413751006126404,0.38603878021240234,-0.1965801864862442,0.998070240020752,0.5449263453483582,0.40060871839523315,-0.023318622261285782,0.997084379196167,0.5459761619567871,0.40086326003074646,-0.08704043924808502,0.9976487159729004,0.4676130414009094,0.40751829743385315,0.15676692128181458,0.9976926445960999,0.4793306887149811,0.4112749993801117,-0.31079965829849243,0.9997687935829163,0.4336403012275696,0.4653629660606384,0.20957699418067932,0.062449242919683456,0.4574921131134033,0.475579172372818,-0.3836885094642639,0.9705592393875122,0.4644091725349426,0.5233627557754517,0.12069019675254822,0.09125120937824249,0.4784040153026581,0.5385251641273499,-0.31823670864105225,0.8929173350334167,0.4681825041770935,0.5417131185531616,0.12178093940019608,0.10231642425060272,0.4825582802295685,0.55049729347229,-0.36170631647109985,0.8405798673629761,0.47598937153816223,0.5459621548652649,0.0785692036151886,0.10418278723955154,0.487334668636322,0.5525707006454468,-0.3427370488643646,0.8341116309165955,0.46972838044166565,0.5381491184234619,0.09776941686868668,0.1103796735405922,0.48410725593566895,0.5469833612442017,-0.3099340796470642,0.792970597743988,0.36875927448272705,0.5122919678688049,0.1416165679693222,0.9980536699295044,0.36749741435050964,0.5179639458656311,-0.14130519330501556,0.9993826746940613,0.3784243166446686,0.5901011228561401,0.18624752759933472,0.3959662914276123,0.38348525762557983,0.599126398563385,-0.10601643472909927,0.9388875365257263,0.3764798939228058,0.6742022037506104,0.3227007985115051,0.6445077657699585,0.372930645942688,0.6892805099487305,0.01724870130419731,0.953146755695343,0.3578473925590515,0.6880581974983215,0.3281747102737427,0.6964954733848572,0.3546385169029236,0.7069132924079895,0.022174285724759102,0.8992833495140076,0.4238656461238861,0.690363883972168,0.2446286976337433,0.7628328204154968,0.4303249716758728,0.7080460786819458,-0.08649390190839767,0.9432740807533264
3,0.560043454170227,0.3967602252960205,-0.051335595548152924,0.9988692998886108,0.5620936155319214,0.3889756202697754,-0.044776029884815216,0.9984252452850342,0.5605551600456238,0.38822415471076965,-0.04485498368740082,0.9979230761528015,0.55856853723526,0.38752567768096924,-0.0449519157409668,0.9984932541847229,0.5629040598869324,0.38997945189476013,-0.0900956243276596,0.9985256195068359,0.5612694025039673,0.3896319270133972,-0.0902356281876564,0.9982753992080688,0.5585740804672241,0.388984739780426,-0.09024839103221893,0.9987611174583435,0.536359429359436,0.38379472494125366,0.008137855678796768,0.9955027103424072,0.539613664150238,0.38559490442276,-0.19352936744689941,0.9980736374855042,0.5446951389312744,0.39945682883262634,-0.023828092962503433,0.9972601532936096,0.5451562404632568,0.39978107810020447,-0.083005391061306,0.997785747051239,0.47022756934165955,0.4058918058872223,0.1321738362312317,0.9978881478309631,0.4782790243625641,0.41248607635498047,-0.2980782389640808,0.9997822642326355,0.4447411298751831,0.4653378427028656,0.1891651302576065,0.06734899431467056,0.4618303179740906,0.47468024492263794,-0.35495173931121826,0.9680062532424927,0.4613105356693268,0.5230620503425598,0.11507248133420944,0.094187431037426,0.4795072674751282,0.5368695855140686,-0.28357410430908203,0.8900476694107056,0.4682258665561676,0.5379748940467834,0.11627131700515747,0.10381148010492325,0.48222431540489197,0.550815761089325,-0.32327547669410706,0.837528645992279,0.4746190309524536,0.5457987189292908,0.07552434504032135,0.10570573061704636,0.4868347942829132,0.5531246066093445,-0.30864179134368896,0.8310060501098633,0.4677750766277313,0.5379568338394165,0.09398488700389862,0.11188533902168274,0.4835454225540161,0.5477781295776367,-0.2768811583518982,0.7881459593772888,0.3692888617515564,0.510848343372345,0.12833009660243988,0.9981974959373474,0.366838276386261,0.5182512998580933,-0.12809599936008453,0.9994224905967712,0.37865957617759705,0.5910466909408569,0.20338958501815796,0.4014614224433899,0.38410133123397827,0.5996400713920593,-0.06657565385103226,0.9364829659461975,0.3790310025215149,0.6726595163345337,0.34091734886169434,0.6439574360847473,0.37743234634399414,0.6875067353248596,0.07291543483734131,0.9519476890563965,0.36284908652305603,0.6873124837875366,0.34698864817619324,0.6902998685836792,0.3598240613937378,0.7051877975463867,0.08014806360006332,0.8995559215545654,0.4273848235607147,0.6917847394943237,0.2677728831768036,0.7616510391235352,0.4289916157722473,0.7013111710548401,-0.01844598539173603,0.9425674676895142
4,0.5575714111328125,0.3976718783378601,-0.0286849532276392,0.9989365339279175,0.5598410367965698,0.3898928463459015,-0.022719046100974083,0.9985173940658569,0.558099091053009,0.38906967639923096,-0.022779375314712524,0.9980533719062805,0.5560085773468018,0.38826972246170044,-0.02285403199493885,0.998586893081665,0.5612965822219849,0.3909122943878174,-0.06813967227935791,0.998599112033844,0.5599883198738098,0.3905402719974518,-0.06827405840158463,0.9983571171760559,0.5577346682548523,0.38987356424331665,-0.06827110797166824,0.99881511926651,0.5355006456375122,0.38422513008117676,0.022957099601626396,0.9958072900772095,0.540300726890564,0.38641026616096497,-0.179508775472641,0.9981551170349121,0.5415551662445068,0.3999156355857849,-0.004061694256961346,0.9974578619003296,0.543107271194458,0.40025073289871216,-0.06345248222351074,0.997944712638855,0.4690401256084442,0.40492087602615356,0.14247798919677734,0.9980706572532654,0.48144322633743286,0.4123286306858063,-0.29149162769317627,0.999797523021698,0.42827579379081726,0.4623619019985199,0.1992163509130478,0.0713931992650032,0.46205008029937744,0.4748695492744446,-0.35208240151405334,0.9667721390724182,0.45868775248527527,0.5203186273574829,0.12797516584396362,0.09680065512657166,0.47956499457359314,0.5352156162261963,-0.2800981104373932,0.8885456323623657,0.4628407061100006,0.5380531549453735,0.1300494521856308,0.10531219840049744,0.4828256070613861,0.5495306253433228,-0.31907030940055847,0.8356865644454956,0.46373364329338074,0.5408112406730652,0.0887591615319252,0.10725948214530945,0.48382866382598877,0.5504946112632751,-0.30309969186782837,0.8291211724281311,0.46426308155059814,0.5364264845848083,0.10672840476036072,0.11327303200960159,0.48409348726272583,0.5463322401046753,-0.2728060483932495,0.7849464416503906,0.3642883598804474,0.5092456936836243,0.13131076097488403,0.9983375668525696,0.36930111050605774,0.5183806419372559,-0.13103309273719788,0.9994637370109558,0.37729504704475403,0.5889935493469238,0.19258980453014374,0.4080145061016083,0.3837948143482208,0.5976541042327881,-0.0779934674501419,0.9355428218841553,0.3755979835987091,0.674199640750885,0.3227366507053375,0.6465426683425903,0.3752584755420685,0.6858962178230286,0.05187501758337021,0.9519007205963135,0.3582993447780609,0.6894251108169556,0.327908992767334,0.6883863806724548,0.3579106628894806,0.704166829586029,0.05812164768576622,0.9011763334274292,0.4273007810115814,0.6894626617431641,0.24944566190242767,0.7628271579742432,0.4258185625076294,0.7033821940422058,-0.0397484265267849,0.9429366588592529
5,0.5578631162643433,0.3982216715812683,-0.04307856410741806,0.9989880919456482,0.5613287687301636,0.3911436200141907,-0.03641035035252571,0.9985884428024292,0.5589605569839478,0.3901137113571167,-0.036479003727436066,0.9981554746627808,0.5572519302368164,0.38945168256759644,-0.036561269313097,0.9986615777015686,0.5616798996925354,0.3916587233543396,-0.08158286660909653,0.998655378818512,0.5603880286216736,0.3912535607814789,-0.08172337710857391,0.9984187483787537,0.5589410066604614,0.39087769389152527,-0.0817304253578186,0.9988568425178528,0.5390790104866028,0.3860098123550415,0.013356896117329597,0.9960587024688721,0.5405688285827637,0.38713282346725464,-0.187698632478714,0.9982149600982666,0.5431928634643555,0.4007461667060852,-0.01704104244709015,0.9976255893707275,0.544378399848938,0.4009396433830261,-0.07608974725008011,0.9980822205543518,0.46849873661994934,0.4060797095298767,0.13340860605239868,0.9982314109802246,0.47875064611434937,0.41458696126937866,-0.29428911209106445,0.9998114109039307,0.4313504099845886,0.46363943815231323,0.19306781888008118,0.07354585826396942,0.46104589104652405,0.4750663638114929,-0.3500047028064728,0.9659051895141602,0.4586588442325592,0.5213072299957275,0.12764844298362732,0.0974927470088005,0.4784336984157562,0.5349867939949036,-0.2777186632156372,0.8885073065757751,0.4626527428627014,0.539657711982727,0.13028690218925476,0.10506284981966019,0.4815444052219391,0.5497134923934937,-0.316652774810791,0.8356455564498901,0.47347885370254517,0.5442966818809509,0.0891077071428299,0.10704637318849564,0.48284512758255005,0.5503674149513245,-0.300905704498291,0.8290682435035706,0.46501368284225464,0.5357427000999451,0.10669838637113571,0.11298541724681854,0.48348262906074524,0.546098530292511,-0.2705640494823456,0.7835739850997925,0.36878716945648193,0.5111661553382874,0.12962564826011658,0.998453676700592,0.3688717186450958,0.5190454721450806,-0.12938176095485687,0.9994984269142151,0.37825652956962585,0.5898640155792236,0.20669421553611755,0.4096459448337555,0.38499218225479126,0.5999950766563416,-0.06052479147911072,0.9346033930778503,0.3759004473686218,0.6722950339317322,0.35102778673171997,0.6437244415283203,0.375592976808548,0.6844542026519775,0.07669764012098312,0.9512978196144104,0.36269158124923706,0.6824061870574951,0.3578799366950989,0.6824145317077637,0.3587409257888794,0.7023245096206665,0.0840258076786995,0.9019143581390381,0.42603445053100586,0.6865377426147461,0.28286805748939514,0.7603684067726135,0.4243680238723755,0.7007334232330322,-0.010039928369224072,0.9426793456077576
6,0.5582873821258545,0.39738526940345764,-0.03880307078361511,0.9990412592887878,0.5606249570846558,0.3898913264274597,-0.03315991908311844,0.9986581802368164,0.5590610504150391,0.3890798091888428,-0.033227961510419846,0.9982559680938721,0.5572134852409363,0.38825058937072754,-0.03331254795193672,0.9987339973449707,0.5618674159049988,0.3909837603569031,-0.07784347236156464,0.9987093806266785,0.5606259107589722,0.3906992971897125,-0.07797909528017044,0.9984779357910156,0.5592930316925049,0.39037424325942993,-0.07798375934362411,0.9988957047462463,0.5369362831115723,0.3839569389820099,0.013574443757534027,0.9962945580482483,0.5414600372314453,0.38661476969718933,-0.1852693408727646,0.9982693195343018,0.543459415435791,0.39982280135154724,-0.013639518991112709,0.9977859854698181,0.5445349216461182,0.40025559067726135,-0.07203040271997452,0.9982107281684875,0.47023913264274597,0.40536433458328247,0.13397611677646637,0.9983821511268616,0.4802305996417999,0.414602667093277,-0.2923702597618103,0.9998239874839783,0.4300318956375122,0.4632713198661804,0.19334708154201508,0.07761410623788834,0.46120741963386536,0.47568899393081665,-0.34903329610824585,0.9646542072296143,0.45913565158843994,0.5221712589263916,0.12624703347682953,0.10033468902111053,0.4784030616283417,0.536098301410675,-0.2786896228790283,0.8874381184577942,0.4634988009929657,0.5401668548583984,0.12908782064914703,0.10690426826477051,0.48155272006988525,0.5500361919403076,-0.3187560439109802,0.8344283699989319,0.46317681670188904,0.5414903163909912,0.08673999458551407,0.10892760753631592,0.4825439453125,0.5509954690933228,-0.30289751291275024,0.8278018832206726,0.46493852138519287,0.5365361571311951,0.10488633811473846,0.11478231102228165,0.48270896077156067,0.5470083951950073,-0.27171939611434937,0.7810108661651611,0.36501315236091614,0.5098254680633545,0.13050320744514465,0.9985669851303101,0.3660660982131958,0.5177440047264099,-0.13024860620498657,0.9995313882827759,0.37332671880722046,0.5870630145072937,0.19989027082920074,0.4151518642902374,0.3843911588191986,0.5981715321540833,-0.07177206873893738,0.9342073798179626,0.37623563408851624,0.6740601658821106,0.3344728648662567,0.6476035118103027,0.3768925070762634,0.6866860389709473,0.06374541670084,0.9515790343284607,0.35659515857696533,0.6883932948112488,0.34005773067474365,0.6815925240516663,0.3596145212650299,0.7048935890197754,0.07049418240785599,0.9034927487373352,0.4269493818283081,0.6885887384414673,0.259467750787735,0.762669026851654,0.4270016849040985,0.7034406065940857,-0.028525426983833313,0.9432920217514038
7,0.5546642541885376,0.39967024326324463,-0.022798137739300728,0.9990913271903992,0.5579544305801392,0.392494797706604,-0.016202367842197418,0.9987286329269409,0.5564400553703308,0.3916313946247101,-0.016258420422673225,0.9983559846878052,0.5546021461486816,0.3908420503139496,-0.016323590651154518,0.9988054633140564,0.5582115650177002,0.393237441778183,-0.06193653866648674,0.998765766620636,0.5578996539115906,0.39206910133361816,-0.06206921860575676,0.9985412955284119,0.5565469861030579,0.3916189670562744,-0.06207137182354927,0.9989386796951294,0.5356404781341553,0.38658884167671204,0.030729396268725395,0.9965217113494873,0.5394130349159241,0.3886849284172058,-0.17340973019599915,0.9983380436897278,0.5395494699478149,0.4013962149620056,0.0022816164419054985,0.9979274272918701,0.540587306022644,0.4017520546913147,-0.05758093670010567,0.9983270168304443,0.46909576654434204,0.406421959400177,0.14869210124015808,0.9985119700431824,0.4808000326156616,0.4142397940158844,-0.28496864438056946,0.9998337626457214,0.4274187684059143,0.4631710648536682,0.20104412734508514,0.07952111214399338,0.4611983001232147,0.47564688324928284,-0.34726667404174805,0.9637417197227478,0.454243928194046,0.5218834280967712,0.1302013248205185,0.10045985877513885,0.47964560985565186,0.5384848713874817,-0.2757348418235779,0.8858073353767395,0.4609788656234741,0.5352374911308289,0.1330881267786026,0.10630295425653458,0.48127177357673645,0.5482403039932251,-0.3148815631866455,0.8323243856430054,0.46552032232284546,0.5377461314201355,0.09221529215574265,0.10830719023942947,0.4861528277397156,0.5509196519851685,-0.29700496792793274,0.8256347179412842,0.4637940227985382,0.5339588522911072,0.10911929607391357,0.1139601320028305,0.48037856817245483,0.5472739934921265,-0.2678601145744324,0.7778419256210327,0.364228218793869,0.5088766813278198,0.12974102795124054,0.998664140701294,0.36859509348869324,0.5185465812683105,-0.12940141558647156,0.9995588064193726,0.37775394320487976,0.5899501442909241,0.16868937015533447,0.41951072216033936,0.38362982869148254,0.6001004576683044,-0.1000833809375763,0.9327114224433899,0.3763939440250397,0.6754579544067383,0.2810956537723541,0.6493335962295532,0.3746066093444824,0.6870198845863342,0.016428502276539803,0.9511701464653015,0.3610612750053406,0.6898272633552551,0.28457432985305786,0.6807282567024231,0.3590877652168274,0.7040941119194031,0.021131787449121475,0.9039321541786194,0.4218057096004486,0.6885342597961426,0.20149867236614227,0.7630618214607239,0.4246009290218353,0.7039892077445984,-0.08082489669322968,0.9431324601173401
8,0.5580527782440186,0.3983256220817566,-0.06055441498756409,0.9991430640220642,0.5607016086578369,0.390775203704834,-0.05307392403483391,0.9987982511520386,0.5594148635864258,0.38998115062713623,-0.0531371608376503,0.9984523057937622,0.5579238533973694,0.3891904354095459,-0.05320671573281288,0.9988753795623779,0.5615491271018982,0.391720175743103,-0.09913131594657898,0.998826801776886,0.5603363513946533,0.39134326577186584,-0.09927204251289368,0.9986115097999573,0.5590863823890686,0.3909561038017273,-0.09927301108837128,0.9989882707595825,0.5380334854125977,0.38461822271347046,0.0018282706150785089,0.9967359304428101,0.5419319272041321,0.38716691732406616,-0.20307514071464539,0.9984132647514343,0.5439752340316772,0.4004684090614319,-0.032416317611932755,0.9980680346488953,0.5446712374687195,0.40075987577438354,-0.09255509823560715,0.9984446167945862,0.4684756100177765,0.40582436323165894,0.1297033429145813,0.9986348748207092,0.4783537685871124,0.4152676463127136,-0.30934324860572815,0.9998452663421631,0.43055933713912964,0.46463632583618164,0.19320368766784668,0.08069806545972824,0.46084943413734436,0.4768544137477875,-0.364512175321579,0.9638327956199646,0.45525020360946655,0.5222833752632141,0.12540052831172943,0.10097531229257584,0.4795683026313782,0.5386031270027161,-0.29348358511924744,0.887722909450531,0.4594486355781555,0.5398197770118713,0.1265147477388382,0.10626163333654404,0.47954612970352173,0.5503929257392883,-0.3354884684085846,0.8348680734634399,0.46945029497146606,0.5445531010627747,0.08251166343688965,0.10832881182432175,0.4854338765144348,0.5526095628738403,-0.3193695843219757,0.8282353281974792,0.45877283811569214,0.5390602946281433,0.10293147712945938,0.11387601494789124,0.48101383447647095,0.5473027229309082,-0.2863888144493103,0.7797778844833374,0.36867189407348633,0.5109207630157471,0.1326131522655487,0.9987534880638123,0.3695322573184967,0.5193480849266052,-0.13231804966926575,0.9995864033699036,0.3757234215736389,0.5896508097648621,0.20385780930519104,0.41982948780059814,0.3832571804523468,0.5996251702308655,-0.06998559087514877,0.9320073127746582,0.37485912442207336,0.6736224889755249,0.3452287018299103,0.6489667296409607,0.3756558299064636,0.6864574551582336,0.06552406400442123,0.9512437582015991,0.3576401472091675,0.6879782676696777,0.35147297382354736,0.678917646408081,0.3538518249988556,0.7083500623703003,0.0721091702580452,0.9049855470657349,0.4236888587474823,0.6871315240859985,0.27184411883354187,0.7628887295722961,0.4291117489337921,0.7040166854858398,-0.02785925567150116,0.9435278177261353
9,0.5592113733291626,0.3996645212173462,-0.06694823503494263,0.9991742968559265,0.562370777130127,0.3925117254257202,-0.058168571442365646,0.9988411664962769,0.5604543685913086,0.391628235578537,-0.058242231607437134,0.998515784740448,0.5590280294418335,0.3909461796283722,-0.05832856148481369,0.9989216327667236,0.5621057748794556,0.3928057849407196,-0.10521268844604492,0.9988568425178528,0.5606251955032349,0.3922840356826782,-0.10536086559295654,0.9986433386802673,0.559017539024353,0.3917372226715088,-0.10537190735340118,0.9990085959434509,0.5407043695449829,0.3866311311721802,0.002450021682307124,0.9968822598457336,0.5404915809631348,0.387191504240036,-0.2069440484046936,0.9984375834465027,0.5454733371734619,0.40216121077537537,-0.03687262162566185,0.9981741905212402,0.5454923510551453,0.4021359086036682,-0.09829524159431458,0.9985281825065613,0.47010520100593567,0.4067930281162262,0.1311742663383484,0.99873948097229,0.47696131467819214,0.41339215636253357,-0.31209421157836914,0.9998527765274048,0.4365503489971161,0.4645954966545105,0.1903180181980133,0.08292406052350998,0.45922642946243286,0.47715964913368225,-0.3757082521915436,0.9631567001342773,0.4611950218677521,0.5231641530990601,0.11235257983207703,0.10232142359018326,0.477035254240036,0.5395200848579407,-0.30850982666015625,0.8878836631774902,0.465164452791214,0.5411289930343628,0.1132882833480835,0.10686163604259491,0.4811263680458069,0.5510472655296326,-0.35065197944641113,0.8351998329162598,0.4737771451473236,0.5456337332725525,0.0711655244231224,0.10900707542896271,0.4824523627758026,0.5518609285354614,-0.3350980877876282,0.82859867811203,0.4665815532207489,0.5370697379112244,0.0905504897236824,0.11450259387493134,0.48090359568595886,0.5492246150970459,-0.3015170097351074,0.7792018055915833,0.37024790048599243,0.5123851299285889,0.13246193528175354,0.9988301992416382,0.36505481600761414,0.5184645652770996,-0.132181778550148,0.9996076226234436,0.37834200263023376,0.590350866317749,0.19030359387397766,0.42094364762306213,0.38496923446655273,0.5992855429649353,-0.08817926049232483,0.9308566451072693,0.37855643033981323,0.6717240810394287,0.3215874433517456,0.6464098691940308,0.3773226737976074,0.6867779493331909,0.046890124678611755,0.9503061771392822,0.36133065819740295,0.6881372332572937,0.32683026790618896,0.674510657787323,0.35998815298080444,0.7046740055084229,0.05364903435111046,0.9050688743591309,0.42693743109703064,0.6895435452461243,0.24398812651634216,0.7615556120872498,0.4264961779117584,0.7036253213882446,-0.04741951450705528,0.9431865811347961
10,0.5593203902244568,0.3977772295475006,-0.06481943279504776,0.9991757273674011,0.562160074710846,0.38979852199554443,-0.0583605095744133,0.9988411068916321,0.5609250068664551,0.3889968991279602,-0.058453310281038284,0.9985272288322449,0.5594774484634399,0.3881531357765198,-0.05856328457593918,0.9989305734634399,0.5626915693283081,0.39069998264312744,-0.10355086624622345,0.9988362193107605,0.5613221526145935,0.3903237283229828,-0.10369034111499786,0.9986135959625244,0.5599232912063599,0.3898860812187195,-0.10371411591768265,0.9989839792251587,0.5390058755874634,0.38332399725914,-0.00491362577304244,0.996941089630127,0.5417699813842773,0.385608971118927,-0.206089586019516,0.9983825087547302,0.5454586744308472,0.400391161441803,-0.03718927875161171,0.9982284307479858,0.5456862449645996,0.4006808400154114,-0.09623296558856964,0.998569130897522,0.4698925018310547,0.40646594762802124,0.1204419657588005,0.9988269805908203,0.477649062871933,0.4144435524940491,-0.3063659071922302,0.9998562932014465,0.4433811902999878,0.465482234954834,0.1815502792596817,0.08522552251815796,0.46064043045043945,0.4758012890815735,-0.3569738268852234,0.9613898396492004,0.46039634943008423,0.5249963402748108,0.11151574552059174,0.10355143249034882,0.4767124056816101,0.5370770692825317,-0.28105226159095764,0.8861227631568909,0.4672999978065491,0.538978636264801,0.1131441667675972,0.1074502095580101,0.48051610589027405,0.5509018301963806,-0.3197900950908661,0.8332850933074951,0.4740118384361267,0.5465790033340454,0.07164091616868973,0.10961062461137772,0.48155972361564636,0.5517296195030212,-0.3061685562133789,0.8266634345054626,0.4664233326911926,0.5390535593032837,0.09024428576231003,0.11511964350938797,0.4814379811286926,0.5477165579795837,-0.27473118901252747,0.7763305902481079,0.36886051297187805,0.5119019150733948,0.127183198928833,0.9988915920257568,0.3641253113746643,0.5185962915420532,-0.12692907452583313,0.9996216893196106,0.3797394931316376,0.5885320901870728,0.20417053997516632,0.42475706338882446,0.3838965594768524,0.6000107526779175,-0.06614533066749573,0.9297449588775635,0.37874409556388855,0.6716604232788086,0.3409403860569,0.6472662687301636,0.3783617615699768,0.6830966472625732,0.08255728334188461,0.9492717385292053,0.36069390177726746,0.686184823513031,0.34720849990844727,0.6711388230323792,0.3631276786327362,0.6994215846061707,0.09101056307554245,0.9043342471122742,0.4199785888195038,0.6881756782531738,0.2688428461551666,0.7616710066795349,0.42745521664619446,0.7004132866859436,-0.0029711949173361063,0.9423952698707581
11,0.557574450969696,0.3989149034023285,-0.03613528236746788,0.9992080330848694,0.5614490509033203,0.39075660705566406,-0.029596077278256416,0.9988873600959778,0.5601401329040527,0.3899880051612854,-0.029661742970347404,0.9985917210578918,0.558668851852417,0.3891703486442566,-0.02974584698677063,0.9989774823188782,0.5620946884155273,0.39164942502975464,-0.07434364408254623,0.9988769888877869,0.5608373880386353,0.39133068919181824,-0.07448586076498032,0.998659610748291,0.5595729947090149,0.3909551799297333,-0.07449125498533249,0.9990163445472717,0.5387166142463684,0.3843851089477539,0.020160462707281113,0.9970956444740295,0.5408315658569336,0.3876408040523529,-0.17894874513149261,0.9984306693077087,0.5443994998931885,0.40072423219680786,-0.0100434934720397,0.9983218908309937,0.5448954105377197,0.4010414183139801,-0.06852925568819046,0.9986473321914673,0.469870924949646,0.40651172399520874,0.13880981504917145,0.9989112615585327,0.478593647480011,0.4145745635032654,-0.2849832773208618,0.9998642206192017,0.4284038543701172,0.4632960855960846,0.20131853222846985,0.08472297340631485,0.4609900712966919,0.47606319189071655,-0.3402460813522339,0.9605605006217957,0.4426899254322052,0.5148524641990662,0.14423951506614685,0.10174760967493057,0.47848132252693176,0.5366882085800171,-0.2671310007572174,0.8846135139465332,0.46263250708580017,0.5404126644134521,0.14862902462482452,0.10537689924240112,0.4812183082103729,0.5510219931602478,-0.3053880035877228,0.8315615057945251,0.4622153341770172,0.5415108799934387,0.10657653957605362,0.10750289261341095,0.48663708567619324,0.5530113577842712,-0.2884320020675659,0.824853777885437,0.46464380621910095,0.5363898277282715,0.12322549521923065,0.11298319697380066,0.4829600751399994,0.5474623441696167,-0.2595217227935791,0.7736236453056335,0.3697270154953003,0.511355996131897,0.12809094786643982,0.9989522099494934,0.3682422339916229,0.5192326903343201,-0.12783412635326385,0.9996414184570312,0.378752738237381,0.5908645391464233,0.19820882380008698,0.427288681268692,0.385262131690979,0.5997531414031982,-0.0661516860127449,0.9296308159828186,0.374592661857605,0.6749144196510315,0.3369646370410919,0.647657036781311,0.3745744824409485,0.6871116161346436,0.06720572710037231,0.9496131539344788,0.35806804895401,0.6898413896560669,0.3430953025817871,0.6693315505981445,0.3578820526599884,0.7052263617515564,0.07394708693027496,0.9056719541549683,0.42621421813964844,0.6888803243637085,0.2653680443763733,0.7616585493087769,0.4252685010433197,0.7027362585067749,-0.022561391815543175,0.9428722262382507
12,0.559153139591217,0.3973059058189392,-0.05527371168136597,0.9992148280143738,0.5616330504417419,0.38930371403694153,-0.04845340922474861,0.9988970756530762,0.5603825449943542,0.38855138421058655,-0.04853815585374832,0.9986122250556946,0.5589334964752197,0.3878287672996521,-0.04864012822508812,0.9989920854568481,0.5621498227119446,0.39029648900032043,-0.09346194565296173,0.9988754987716675,0.5607911348342896,0.3900245726108551,-0.09360583871603012,0.9986544251441956,0.5594342947006226,0.38973698019981384,-0.09362271428108215,0.9990103244781494,0.5379234552383423,0.3838896155357361,0.004469350911676884,0.9971596002578735,0.540942370891571,0.38623541593551636,-0.19586117565631866,0.9984143376350403,0.5453084707260132,0.40017279982566833,-0.027977891266345978,0.9983772039413452,0.5456538796424866,0.4005255699157715,-0.08678434044122696,0.998694121837616,0.46975797414779663,0.4071703553199768,0.12765353918075562,0.9989842772483826,0.4778527021408081,0.4146336615085602,-0.29853156208992004,0.999869704246521,0.4313288927078247,0.46487054228782654,0.1907796710729599,0.08540056645870209,0.4586435854434967,0.4786485731601715,-0.3517087697982788,0.9594739675521851,0.4569617807865143,0.526955783367157,0.1272374838590622,0.10211122781038284,0.4771876335144043,0.5390488505363464,-0.2799675762653351,0.8841365575790405,0.46307113766670227,0.5404906868934631,0.12962374091148376,0.10541082918643951,0.4810423254966736,0.5506635308265686,-0.3198342025279999,0.8311852216720581,0.4733249545097351,0.5456680059432983,0.08736114948987961,0.10756715387105942,0.4824923276901245,0.551734209060669,-0.3041551411151886,0.8244382739067078,0.4635676443576813,0.5401821136474609,0.10578631609678268,0.11309004575014114,0.4831930696964264,0.5474163889884949,-0.273012638092041,0.7723705172538757,0.36989811062812805,0.5128578543663025,0.12804128229618073,0.9990042448043823,0.3670295774936676,0.5199177861213684,-0.1277979612350464,0.9996564388275146,0.3786959648132324,0.5922135710716248,0.21074610948562622,0.4277266561985016,0.3855554461479187,0.6013887524604797,-0.05679810792207718,0.9285994172096252,0.3761204183101654,0.6736406087875366,0.3570455014705658,0.646354615688324,0.37705227732658386,0.6860811710357666,0.08879891037940979,0.9490095973014832,0.3593880534172058,0.688136100769043,0.3642692565917969,0.6661450266838074,0.35979482531547546,0.7033271789550781,0.09674037992954254,0.9056558012962341,0.427407443523407,0.688319981098175,0.28785425424575806,0.7604847550392151,0.4256453514099121,0.7021045088768005,0.0003868427884299308,0.9423643946647644
13,0.5577995181083679,0.3976360261440277,-0.034719981253147125,0.9992402791976929,0.5600448846817017,0.39010554552078247,-0.02777329459786415,0.9989303350448608,0.5586566925048828,0.3892974853515625,-0.02783748134970665,0.9986602067947388,0.5571138858795166,0.38853156566619873,-0.027924709022045135,0.9990261793136597,0.5608916282653809,0.39105916023254395,-0.07333258539438248,0.9989030957221985,0.5598142147064209,0.39078882336616516,-0.07347255945205688,0.9986857771873474,0.5587411522865295,0.3905300498008728,-0.07348380982875824,0.9990315437316895,0.5380480885505676,0.3847304880619049,0.023173684254288673,0.9972730875015259,0.5419040322303772,0.3873211741447449,-0.17961493134498596,0.9984444379806519,0.544194221496582,0.4000607430934906,-0.008267643861472607,0.9984529614448547,0.5450825095176697,0.400505930185318,-0.06783553957939148,0.9987570643424988,0.46962547302246094,0.40703272819519043,0.14414739608764648,0.9990522861480713,0.47582897543907166,0.4150749146938324,-0.28628745675086975,0.9998753666877747,0.432989239692688,0.46544986963272095,0.20427678525447845,0.08590935915708542,0.45959654450416565,0.4761790335178375,-0.34414994716644287,0.9588585495948792,0.46124547719955444,0.5241039991378784,0.14002056419849396,0.10169616341590881,0.4767698645591736,0.5368871092796326,-0.2711472511291504,0.8835222721099854,0.46429771184921265,0.5373241305351257,0.1448245495557785,0.10468262434005737,0.47907549142837524,0.5513821244239807,-0.30969277024269104,0.8304713368415833,0.47322240471839905,0.5434412360191345,0.10263741761445999,0.10681428760290146,0.4817761778831482,0.5502608418464661,-0.29318705201148987,0.823641300201416,0.4649001657962799,0.5380390286445618,0.11870037764310837,0.11228523403406143,0.48038822412490845,0.5480943322181702,-0.2638183534145355,0.7709578275680542,0.3706783354282379,0.5123274922370911,0.12990979850292206,0.9990497827529907,0.3669929802417755,0.5197117328643799,-0.1296222060918808,0.9996700286865234,0.3788093030452728,0.5925641059875488,0.18829886615276337,0.42991262674331665,0.3833014667034149,0.6019428968429565,-0.0823250412940979,0.9286016225814819,0.37641361355781555,0.6743869185447693,0.3170614242553711,0.646783709526062,0.3738681674003601,0.6901784539222717,0.04316844418644905,0.9493833780288696,0.3611585795879364,0.6875410676002502,0.3220844566822052,0.6647819876670837,0.35734546184539795,0.7065927386283875,0.048767704516649246,0.906742513179779,0.42626574635505676,0.6919569969177246,0.24182908236980438,0.7604634165763855,0.42426151037216187,0.7060545086860657,-0.05110058933496475,0.9428039789199829
14,0.5577080845832825,0.39667126536369324,-0.04707462340593338,0.9992609620094299,0.5602132081985474,0.3891032636165619,-0.04100724682211876,0.9989558458328247,0.558850884437561,0.38831472396850586,-0.04108633100986481,0.9986982345581055,0.5572934150695801,0.38755935430526733,-0.04118344932794571,0.9990524053573608,0.5609725713729858,0.39022547006607056,-0.08602620661258698,0.9989212155342102,0.5598409175872803,0.3900723457336426,-0.0861651822924614,0.9987051486968994,0.5587135553359985,0.38991451263427734,-0.08618415147066116,0.999043345451355,0.537685215473175,0.3839554786682129,0.00784694217145443,0.9973630309104919,0.5415582060813904,0.3867906928062439,-0.19269461929798126,0.9984578490257263,0.5439512133598328,0.3994115889072418,-0.02111135423183441,0.9985179901123047,0.5447039604187012,0.3999941945075989,-0.07998324185609818,0.998809814453125,0.46984001994132996,0.406432569026947,0.12891720235347748,0.9991135001182556,0.4790723919868469,0.4151819348335266,-0.29792386293411255,0.9998797178268433,0.42941465973854065,0.4652727246284485,0.186370387673378,0.08713127672672272,0.46001091599464417,0.47633203864097595,-0.35671451687812805,0.9579076170921326,0.45731085538864136,0.5260208249092102,0.11973433941602707,0.10228858143091202,0.4777742624282837,0.5393703579902649,-0.28878548741340637,0.8826414942741394,0.4646809995174408,0.5413758754730225,0.12291815131902695,0.10492237657308578,0.4812623858451843,0.5512999892234802,-0.3292909860610962,0.8294126391410828,0.4739782214164734,0.5463513135910034,0.07966779172420502,0.10706307739019394,0.4823131859302521,0.5522702932357788,-0.31281939148902893,0.8225041627883911,0.4647049903869629,0.5407163500785828,0.09794282913208008,0.11253032088279724,0.4830787181854248,0.5479823350906372,-0.28179463744163513,0.7690364718437195,0.3653324842453003,0.510530412197113,0.12892107665538788,0.999099850654602,0.3644680976867676,0.5182309746742249,-0.12864674627780914,0.9996844530105591,0.3735189735889435,0.5874908566474915,0.18250860273838043,0.43340644240379333,0.38435226678848267,0.5984305143356323,-0.08756253123283386,0.928516149520874,0.378267765045166,0.6714807152748108,0.3111892342567444,0.649795413017273,0.37695375084877014,0.6858969926834106,0.045450009405612946,0.9496104121208191,0.36084750294685364,0.6881650686264038,0.31655919551849365,0.6651948094367981,0.35959625244140625,0.7037171721458435,0.051900774240493774,0.9073343873023987,0.4271415174007416,0.6896448135375977,0.233684703707695,0.7624908089637756,0.4288439452648163,0.6998986005783081,-0.05021924898028374,0.943082332611084
15,0.5562310814857483,0.3975440263748169,-0.04726496711373329,0.9992740154266357,0.5589677691459656,0.3897203207015991,-0.03972705453634262,0.9989722967147827,0.5575946569442749,0.388919472694397,-0.039808351546525955,0.9987243413925171,0.5549184679985046,0.3877338171005249,-0.039905350655317307,0.9990717768669128,0.5587633848190308,0.39041927456855774,-0.08539188653230667,0.9989269971847534,0.5573662519454956,0.3900953531265259,-0.08553197234869003,0.9987088441848755,0.5558794140815735,0.3897416591644287,-0.08554919809103012,0.99904465675354,0.53669673204422,0.3847234845161438,0.015085559338331223,0.9974272847175598,0.5390567779541016,0.3865576982498169,-0.18842585384845734,0.9984566569328308,0.5419114828109741,0.3998415768146515,-0.01950594037771225,0.9985634684562683,0.5421949625015259,0.4002925455570221,-0.07917489856481552,0.9988464117050171,0.4703454375267029,0.40765243768692017,0.13861192762851715,0.999164879322052,0.4769529700279236,0.41391485929489136,-0.29384931921958923,0.9998804926872253,0.43453550338745117,0.4646323323249817,0.19532375037670135,0.08815114945173264,0.4592863619327545,0.47505617141723633,-0.3539547324180603,0.95721834897995,0.4592932462692261,0.5231916308403015,0.12290468066930771,0.10300473123788834,0.47597625851631165,0.5359047055244446,-0.2823925316333771,0.8822274804115295,0.4666004478931427,0.5366349220275879,0.12456478178501129,0.10535683482885361,0.47786158323287964,0.5507456660270691,-0.32170456647872925,0.829082727432251,0.46998676657676697,0.5391903519630432,0.08343154937028885,0.10750732570886612,0.48074060678482056,0.5493296980857849,-0.3057865500450134,0.8221760988235474,0.46753835678100586,0.5352633595466614,0.10150943696498871,0.11292719841003418,0.47929301857948303,0.5473588705062866,-0.27520304918289185,0.768510639667511,0.37112152576446533,0.5119075179100037,0.12747891247272491,0.9991400241851807,0.3672928810119629,0.5188453793525696,-0.1272040605545044,0.9996935129165649,0.37933236360549927,0.5914281010627747,0.18914452195167542,0.4398944675922394,0.3868432641029358,0.6034466028213501,-0.0809905081987381,0.9281044006347656,0.37621259689331055,0.6758759617805481,0.3106546700000763,0.6544564962387085,0.3742291033267975,0.6872589588165283,0.05438870191574097,0.9495802521705627,0.36366772651672363,0.6858898401260376,0.31508490443229675,0.6662983894348145,0.35782766342163086,0.7037181854248047,0.0611598864197731,0.9075283408164978,0.4212513267993927,0.6905002593994141,0.2331250011920929,0.7650132775306702,0.422605037689209,0.7051913142204285,-0.03637927025556564,0.9431643486022949
16,0.5574674010276794,0.39674559235572815,-0.033069297671318054,0.9992680549621582,0.5594346523284912,0.3892049193382263,-0.028597794473171234,0.998966634273529,0.5581083297729492,0.3884255290031433,-0.028676966205239296,0.9987252950668335,0.5565958023071289,0.3876596689224243,-0.02877131476998329,0.99906986951828,0.5606716871261597,0.39052748680114746,-0.07193367928266525,0.9989086985588074,0.5594920516014099,0.3903658390045166,-0.07207617908716202,0.9986841082572937,0.5583438873291016,0.39019662141799927,-0.07209505140781403,0.9990226626396179,0.5365142822265625,0.38381245732307434,0.013113985769450665,0.9974520802497864,0.5407085418701172,0.38689178228378296,-0.18004609644412994,0.9984266757965088,0.5428745746612549,0.3995403051376343,-0.009705983102321625,0.998591959476471,0.5433806777000427,0.4001275897026062,-0.06639449298381805,0.9988667368888855,0.46882566809654236,0.4068063795566559,0.12836343050003052,0.9992151260375977,0.47864753007888794,0.41491395235061646,-0.2843914031982422,0.9998841285705566,0.4303116798400879,0.4646286368370056,0.18555103242397308,0.09011867642402649,0.4605261981487274,0.47626009583473206,-0.33650586009025574,0.9553869366645813,0.4574069678783417,0.5249484181404114,0.12227543443441391,0.10379890352487564,0.4772551953792572,0.5390849113464355,-0.2622334361076355,0.8782491087913513,0.4629362225532532,0.5405609607696533,0.12528888881206512,0.10580453276634216,0.48054856061935425,0.550560474395752,-0.29950061440467834,0.8243371844291687,0.47329819202423096,0.5457150340080261,0.08438395708799362,0.10795304924249649,0.48142173886299133,0.5516127347946167,-0.28485894203186035,0.8173283338546753,0.4637652635574341,0.5402994155883789,0.10162566602230072,0.1133689358830452,0.4825211763381958,0.5474463105201721,-0.2555793821811676,0.7628772258758545,0.3645235300064087,0.5106158256530762,0.12427613139152527,0.9991817474365234,0.3677752912044525,0.5188097953796387,-0.12402378022670746,0.999704897403717,0.37416064739227295,0.5887376070022583,0.19084271788597107,0.4398654103279114,0.3864363729953766,0.6003776788711548,-0.07156307995319366,0.9263559579849243,0.37664034962654114,0.673251211643219,0.3107702434062958,0.6540915966033936,0.37672656774520874,0.6848633885383606,0.0583820566534996,0.948333740234375,0.3610488176345825,0.6881735324859619,0.31519177556037903,0.6645299196243286,0.36031749844551086,0.7022413015365601,0.06485859304666519,0.9068925380706787,0.42691171169281006,0.6882110238075256,0.23560430109500885,0.7640969157218933,0.42465513944625854,0.7014018297195435,-0.030503172427415848,0.9420166611671448
17,0.554772675037384,0.3994300067424774,-0.016768310219049454,0.9992861747741699,0.5583769679069519,0.39103806018829346,-0.011769693344831467,0.9989978075027466,0.5568084120750427,0.3901329040527344,-0.011836295947432518,0.9987675547599792,0.5550062656402588,0.3892647325992584,-0.011915234848856926,0.9990995526313782,0.5588152408599854,0.39205315709114075,-0.05500594899058342,0.9989364743232727,0.5576840043067932,0.3918403387069702,-0.05514281988143921,0.9987163543701172,0.5564462542533875,0.3915814459323883,-0.055140767246484756,0.9990450739860535,0.535519003868103,0.386383056640625,0.02856709435582161,0.9975537061691284,0.5405426025390625,0.3882300853729248,-0.16453900933265686,0.9984646439552307,0.5412313938140869,0.4008847177028656,0.005889395251870155,0.9986348748207092,0.5424633026123047,0.4016042649745941,-0.05078236386179924,0.9989036917686462,0.4690230190753937,0.4063359200954437,0.13630962371826172,0.9992541670799255,0.4795297086238861,0.4155544638633728,-0.2693512439727783,0.9998868703842163,0.42516836524009705,0.46050024032592773,0.19182422757148743,0.08906803280115128,0.4602925181388855,0.47630032896995544,-0.32437318563461304,0.9542450308799744,0.4522193372249603,0.5191608667373657,0.1363198459148407,0.1012287363409996,0.47676053643226624,0.536354660987854,-0.2509852647781372,0.8743460178375244,0.4592945873737335,0.5323924422264099,0.1403205692768097,0.10320798307657242,0.4809868633747101,0.5486316680908203,-0.28596797585487366,0.8197061419487,0.46377262473106384,0.535535454750061,0.1004703938961029,0.10529551655054092,0.4864640235900879,0.5516052842140198,-0.2702788710594177,0.8126069903373718,0.46184420585632324,0.5318747758865356,0.11629392951726913,0.11058465391397476,0.48064425587654114,0.5476269721984863,-0.24382466077804565,0.7576932311058044,0.365249902009964,0.5091207027435303,0.11971712857484818,0.999218225479126,0.3689708411693573,0.5181581974029541,-0.11938878148794174,0.9997167587280273,0.37808260321617126,0.5902959108352661,0.14403535425662994,0.44455376267433167,0.3839724361896515,0.5990810990333557,-0.1009456068277359,0.9256427884101868,0.3775883913040161,0.6731396913528442,0.24970954656600952,0.6559664011001587,0.37559136748313904,0.6874358057975769,0.010109941475093365,0.9483041763305664,0.3644213080406189,0.6871286630630493,0.25292158126831055,0.6653062701225281,0.3560228645801544,0.7033968567848206,0.014736034907400608,0.9074795842170715,0.421480655670166,0.6904546022415161,0.17180241644382477,0.765027642250061,0.42775556445121765,0.7017362117767334,-0.08343342691659927,0.9420922994613647
18,0.5577836036682129,0.39874398708343506,-0.06245502457022667,0.9992866516113281,0.5605701208114624,0.3911670744419098,-0.054717812687158585,0.9989984035491943,0.5593491792678833,0.39048632979393005,-0.05479583889245987,0.9987727999687195,0.5578452348709106,0.3898463845252991,-0.0548940971493721,0.9991040825843811,0.5610289573669434,0.39185646176338196,-0.10026776790618896,0.9989331960678101,0.5596288442611694,0.3914858400821686,-0.10041214525699615,0.9987108707427979,0.5581260919570923,0.39114683866500854,-0.10042420774698257,0.9990399479866028,0.5374053120613098,0.3854284882545471,0.0012339350068941712,0.9975684881210327,0.5401002168655396,0.3875441551208496,-0.20147570967674255,0.998447835445404,0.5442488193511963,0.4013912081718445,-0.03417949378490448,0.9986538887023926,0.5444143414497375,0.4015573561191559,-0.0936785563826561,0.9989216923713684,0.4700967073440552,0.4062226712703705,0.12614834308624268,0.999286949634552,0.47780388593673706,0.41426366567611694,-0.3056972324848175,0.9998894333839417,0.4319514036178589,0.46322494745254517,0.19070017337799072,0.08787965029478073,0.4592972695827484,0.4791789650917053,-0.36160194873809814,0.9536164999008179,0.4540584683418274,0.5254350304603577,0.12748247385025024,0.09998531639575958,0.4785998463630676,0.5388476848602295,-0.2883155643939972,0.8735084533691406,0.4621032178401947,0.5391690135002136,0.12967056035995483,0.10193731635808945,0.4820686876773834,0.5507283210754395,-0.3283158838748932,0.8188182711601257,0.4638668894767761,0.54160475730896,0.08690275996923447,0.10404831171035767,0.48801741003990173,0.5532450079917908,-0.31260979175567627,0.811705470085144,0.4637337625026703,0.5396403074264526,0.10575376451015472,0.10934356600046158,0.48437151312828064,0.5472117066383362,-0.28122755885124207,0.7560527920722961,0.3700915575027466,0.5118169784545898,0.1311136931180954,0.9992367029190063,0.36716532707214355,0.5193929672241211,-0.13086465001106262,0.9997230768203735,0.3782583773136139,0.5899453163146973,0.20934723317623138,0.44353047013282776,0.38421833515167236,0.5993232131004333,-0.06165362522006035,0.9255531430244446,0.37575337290763855,0.6738746762275696,0.3591102063655853,0.6539467573165894,0.375606507062912,0.6864385008811951,0.08236255496740341,0.9483269453048706,0.35918283462524414,0.6877438426017761,0.366380900144577,0.6627594232559204,0.3586994707584381,0.7040932178497314,0.09011087566614151,0.9077576398849487,0.4280160665512085,0.6897482872009277,0.2891255021095276,0.7637705206871033,0.4305415153503418,0.7054882645606995,-0.0076577975414693356,0.942228376865387
19,0.5556440949440002,0.3988324999809265,-0.034084778279066086,0.9992849826812744,0.5594592094421387,0.391113817691803,-0.029135333374142647,0.9990003705024719,0.5582339763641357,0.39031079411506653,-0.02922239527106285,0.9987800121307373,0.5566616058349609,0.38955479860305786,-0.029328711330890656,0.9991095066070557,0.5600085258483887,0.3920736312866211,-0.07260345667600632,0.998924732208252,0.5587593913078308,0.3917851448059082,-0.07273341715335846,0.9986974596977234,0.558565080165863,0.3904106616973877,-0.07274162024259567,0.999027669429779,0.5363255739212036,0.38509291410446167,0.014756380580365658,0.9976173043251038,0.5397225618362427,0.38778257369995117,-0.1791902482509613,0.9984243512153625,0.5421815514564514,0.401242196559906,-0.010024539195001125,0.9986742734909058,0.543281078338623,0.40105772018432617,-0.06697806715965271,0.9989301562309265,0.4695817828178406,0.40603822469711304,0.1269959658384323,0.9993194341659546,0.4788241386413574,0.4149494171142578,-0.2800772786140442,0.9998891353607178,0.4312492907047272,0.4631527364253998,0.18558603525161743,0.08971051871776581,0.4628373086452484,0.47746357321739197,-0.32998931407928467,0.9522368907928467,0.45641887187957764,0.5232087969779968,0.12668612599372864,0.10025028884410858,0.4784180223941803,0.5373602509498596,-0.2544737160205841,0.8707337379455566,0.4657513201236725,0.5377784967422485,0.13108235597610474,0.10183898359537125,0.4811989963054657,0.5512227416038513,-0.2903282940387726,0.8155438899993896,0.46380919218063354,0.5432010293006897,0.09069885313510895,0.10392723232507706,0.484128475189209,0.5500377416610718,-0.27615272998809814,0.8084036707878113,0.4657496511936188,0.538382887840271,0.1066894605755806,0.10927039384841919,0.4825000464916229,0.5480133295059204,-0.2479284256696701,0.7523103356361389,0.3645419776439667,0.5099871754646301,0.12050540745258331,0.9992600679397583,0.3647710084915161,0.5183737874031067,-0.12024669349193573,0.9997268319129944,0.3749256432056427,0.5858026742935181,0.16502723097801208,0.44853073358535767,0.38333457708358765,0.5991782546043396,-0.08970614522695541,0.9253420233726501,0.3772391080856323,0.671485960483551,0.2809169888496399,0.655817449092865,0.3776397407054901,0.6822291612625122,0.040510211139917374,0.9478071928024292,0.3617372214794159,0.6844360828399658,0.2854459285736084,0.6616326570510864,0.36325517296791077,0.6985686421394348,0.047449175268411636,0.907395601272583,0.4195394814014435,0.6851698756217957,0.20648302137851715,0.7645864486694336,0.42428210377693176,0.7011192440986633,-0.046049270778894424,0.9417288303375244
20,0.5532856583595276,0.4001004695892334,-0.020362280309200287,0.9993071556091309,0.5566924810409546,0.39262518286705017,-0.013962967321276665,0.9990313649177551,0.5553104877471924,0.3917769491672516,-0.01403016410768032,0.9988204836845398,0.553630530834198,0.39100968837738037,-0.014112086966633797,0.999139666557312,0.5568075776100159,0.3933532238006592,-0.05883125588297844,0.99895179271698,0.5556275844573975,0.39299798011779785,-0.058961644768714905,0.9987277388572693,0.5542666912078857,0.39265650510787964,-0.05896196514368057,0.999049186706543,0.5355093479156494,0.38705822825431824,0.032189562916755676,0.9977060556411743,0.538479745388031,0.3890952467918396,-0.16824272274971008,0.9984593391418457,0.5395838022232056,0.40193381905555725,0.004165265709161758,0.9987223148345947,0.5402107238769531,0.40241995453834534,-0.054638590663671494,0.9989674687385559,0.4698628783226013,0.4072509706020355,0.14541937410831451,0.9993550777435303,0.4790601134300232,0.4136705994606018,-0.2772769331932068,0.9998910427093506,0.42723438143730164,0.46325093507766724,0.19743800163269043,0.09088855981826782,0.4609467089176178,0.4756189286708832,-0.33816632628440857,0.9521227478981018,0.44973069429397583,0.5231704115867615,0.12945885956287384,0.10091916471719742,0.47649863362312317,0.5364048480987549,-0.26601704955101013,0.8701498508453369,0.45582833886146545,0.5369610786437988,0.13261821866035461,0.10229314118623734,0.4804525077342987,0.5484371781349182,-0.30392783880233765,0.8146100640296936,0.45964449644088745,0.5395360589027405,0.09268844127655029,0.10434666275978088,0.4859653115272522,0.5515908002853394,-0.286496102809906,0.8074549436569214,0.45800483226776123,0.5354870557785034,0.10908801108598709,0.1095324382185936,0.47966843843460083,0.5475674271583557,-0.2582760155200958,0.751312792301178,0.37045589089393616,0.5109107494354248,0.127402663230896,0.9992851614952087,0.3693288266658783,0.5189235210418701,-0.12711261212825775,0.9997327923774719,0.37875303626060486,0.5906730890274048,0.17136771976947784,0.4541929066181183,0.3869621157646179,0.6032986044883728,-0.09371212869882584,0.9259306788444519,0.37697187066078186,0.6764105558395386,0.28907203674316406,0.6601501703262329,0.37524300813674927,0.6877648830413818,0.031535450369119644,0.9484040141105652,0.3612036108970642,0.6907228231430054,0.29318711161613464,0.6638955473899841,0.35884714126586914,0.7046278715133667,0.03755147382616997,0.908269464969635,0.4279567003250122,0.6930856108665466,0.2107924520969391,0.7669031620025635,0.4233018755912781,0.7060354948043823,-0.06019063666462898,0.9423079490661621
21,0.5576497316360474,0.3995681405067444,-0.05183893442153931,0.9993233680725098,0.5610340237617493,0.3927467465400696,-0.04455899819731712,0.9990537762641907,0.5590143203735352,0.3917100727558136,-0.04463285952806473,0.9988511204719543,0.557634711265564,0.3910265862941742,-0.044716205447912216,0.9991617202758789,0.560815691947937,0.3933958113193512,-0.09044424444437027,0.9989765882492065,0.5594415068626404,0.39305731654167175,-0.09059488773345947,0.9987577199935913,0.5579229593276978,0.39273616671562195,-0.09061118960380554,0.9990718960762024,0.5395687818527222,0.3871959447860718,0.007221181411296129,0.9977753162384033,0.5393096804618835,0.3886878788471222,-0.19714269042015076,0.9985017776489258,0.5440006256103516,0.40198904275894165,-0.025023499503731728,0.9987722635269165,0.5444051027297974,0.402350515127182,-0.08505439758300781,0.9990109801292419,0.4695439636707306,0.406075656414032,0.12782202661037445,0.9993909597396851,0.47686848044395447,0.4144154191017151,-0.3030312657356262,0.9998962879180908,0.4316287636756897,0.464001327753067,0.1933242827653885,0.0903516635298729,0.45938754081726074,0.47925233840942383,-0.35806483030319214,0.9526744484901428,0.4572514295578003,0.5256736278533936,0.1355573534965515,0.09975961595773697,0.4809955060482025,0.541782557964325,-0.28539881110191345,0.8719220161437988,0.4647167921066284,0.5392760634422302,0.1397813856601715,0.1010211855173111,0.47983306646347046,0.5526819229125977,-0.32668641209602356,0.8165702223777771,0.4730680286884308,0.5455144643783569,0.09546955674886703,0.10310052335262299,0.4876946210861206,0.5542598962783813,-0.30978620052337646,0.8094221949577332,0.462876558303833,0.5398406386375427,0.11361585557460785,0.10834794491529465,0.48156654834747314,0.5500420331954956,-0.27806323766708374,0.7528064846992493,0.3692379295825958,0.5114976763725281,0.1302517056465149,0.9993088841438293,0.36493971943855286,0.5179357528686523,-0.1299964040517807,0.9997416138648987,0.38062942028045654,0.5921909213066101,0.2050924450159073,0.4507073163986206,0.38641107082366943,0.6041082739830017,-0.0663214847445488,0.9260478615760803,0.3770354092121124,0.6734031438827515,0.34743449091911316,0.6561635136604309,0.37700700759887695,0.6855607628822327,0.0730501338839531,0.9481418132781982,0.36232930421829224,0.6881272792816162,0.3540569841861725,0.6601858735084534,0.3557918965816498,0.7078384757041931,0.08042839914560318,0.9082682728767395,0.4285765290260315,0.6885349154472351,0.2761172950267792,0.7639965415000916,0.42599618434906006,0.7020317316055298,-0.014738558791577816,0.9420819282531738
22,0.55812668800354,0.39845550060272217,-0.04848777875304222,0.9993381500244141,0.561945378780365,0.3907467722892761,-0.04169399291276932,0.9990744590759277,0.5602918863296509,0.38982462882995605,-0.04176856577396393,0.9988788962364197,0.5589042901992798,0.38906094431877136,-0.04186004772782326,0.9991822838783264,0.5616984963417053,0.39138755202293396,-0.08675747364759445,0.998998761177063,0.5603179931640625,0.39104723930358887,-0.08690125495195389,0.9987841248512268,0.5589069724082947,0.3906785249710083,-0.08690743148326874,0.9990913271903992,0.538421630859375,0.3844428062438965,0.009379670023918152,0.9978379607200623,0.5401923656463623,0.3876713812351227,-0.19132332503795624,0.9985296130180359,0.5455753207206726,0.40045803785324097,-0.021810678765177727,0.9988072514533997,0.545703113079071,0.4007566571235657,-0.08077382296323776,0.9990413188934326,0.4689960777759552,0.40666288137435913,0.12836512923240662,0.9994168281555176,0.4765511751174927,0.41575831174850464,-0.2951536476612091,0.9998994469642639,0.428236186504364,0.46325215697288513,0.19316115975379944,0.08874772489070892,0.4601198434829712,0.4769875407218933,-0.35054925084114075,0.9524198174476624,0.4521690905094147,0.5249055624008179,0.13779082894325256,0.09745742380619049,0.4801558554172516,0.53838711977005,-0.27792176604270935,0.8712933659553528,0.4593121409416199,0.5399274826049805,0.14227916300296783,0.09878073632717133,0.47978919744491577,0.5507462620735168,-0.3177076280117035,0.8158413171768188,0.4592156708240509,0.5411146879196167,0.09877362847328186,0.10084635019302368,0.4852176606655121,0.5530458688735962,-0.30073368549346924,0.8086446523666382,0.45946982502937317,0.5391591191291809,0.11633563786745071,0.10605252534151077,0.48146793246269226,0.5473828911781311,-0.27056795358657837,0.7513049244880676,0.3685387969017029,0.5109052658081055,0.1284315139055252,0.9993245601654053,0.3666786253452301,0.518739640712738,-0.12815392017364502,0.9997483491897583,0.3776259422302246,0.5901532173156738,0.1898670792579651,0.449821412563324,0.38384872674942017,0.5990420579910278,-0.07623887062072754,0.9264816045761108,0.37599918246269226,0.6714779138565063,0.32832154631614685,0.6551964282989502,0.3748634457588196,0.6863815188407898,0.05786265432834625,0.9486129283905029,0.3590434491634369,0.6872937679290771,0.33452096581459045,0.6592004299163818,0.35817936062812805,0.7045274972915649,0.0646928921341896,0.9091413021087646,0.4242706596851349,0.6894806623458862,0.25417643785476685,0.7636111378669739,0.4265775978565216,0.6990021467208862,-0.033697254955768585,0.9426164031028748
23,0.5556442141532898,0.39845043420791626,-0.03656387701630592,0.9993576407432556,0.5585219264030457,0.3910360336303711,-0.030748486518859863,0.9991025328636169,0.5573025941848755,0.39028576016426086,-0.03081532008945942,0.9989147782325745,0.5558202862739563,0.3896135687828064,-0.03089688904583454,0.9992080926895142,0.5589712262153625,0.3919706344604492,-0.07448437064886093,0.9990280866622925,0.5576851963996887,0.3916997015476227,-0.07461987435817719,0.9988191723823547,0.557249903678894,0.39063188433647156,-0.07461809366941452,0.9991168975830078,0.5355100631713867,0.38547539710998535,0.015537815168499947,0.9979184865951538,0.5385456681251526,0.38814273476600647,-0.17932948470115662,0.9985719919204712,0.5422466993331909,0.40084534883499146,-0.011614509858191013,0.9988476037979126,0.5426062941551208,0.40120577812194824,-0.06886813789606094,0.9990758895874023,0.46798765659332275,0.40614062547683716,0.1299779862165451,0.9994415044784546,0.47793048620224,0.41567230224609375,-0.28231605887413025,0.9999027848243713,0.4259147346019745,0.4628119468688965,0.18905530869960785,0.08769862353801727,0.4598403573036194,0.47753626108169556,-0.3368244767189026,0.9522494077682495,0.45081764459609985,0.5236083269119263,0.13283482193946838,0.09557368606328964,0.47672945261001587,0.537396252155304,-0.2656986117362976,0.8702598810195923,0.45824193954467773,0.5401535034179688,0.13671092689037323,0.09687982499599457,0.47879642248153687,0.5511746406555176,-0.3035162091255188,0.8146599531173706,0.45776230096817017,0.5411595106124878,0.09501786530017853,0.09890411794185638,0.4842222332954407,0.5533806085586548,-0.2875734269618988,0.8074277639389038,0.4573900103569031,0.539076030254364,0.11211053282022476,0.10406734049320221,0.4805646538734436,0.5479258298873901,-0.258623868227005,0.7498416900634766,0.36424729228019714,0.5094906687736511,0.12375929206609726,0.9993423223495483,0.3670719563961029,0.5186337232589722,-0.12346915900707245,0.999755322933197,0.3758397698402405,0.589015007019043,0.16958288848400116,0.4495653808116913,0.3825843334197998,0.5977560877799988,-0.08562706410884857,0.9262092113494873,0.37553438544273376,0.6732756495475769,0.2927142381668091,0.6543611884117126,0.3760760426521301,0.6849392056465149,0.03490932658314705,0.9488112926483154,0.35693779587745667,0.6871984004974365,0.2974098324775696,0.6585850119590759,0.3588956296443939,0.703054666519165,0.040421124547719955,0.9097718000411987,0.4240873157978058,0.6881650686264038,0.21668201684951782,0.7631083130836487,0.42250514030456543,0.7013744711875916,-0.058256831020116806,0.9428925514221191
24,0.555113673210144,0.39917251467704773,-0.04288085177540779,0.9993907809257507,0.5577349662780762,0.3918173015117645,-0.03549198433756828,0.9991467595100403,0.5565510392189026,0.39100930094718933,-0.03554625064134598,0.998969316482544,0.55510413646698,0.3902547359466553,-0.03561004251241684,0.9992477893829346,0.5582637786865234,0.39272746443748474,-0.0811709463596344,0.9990773797035217,0.557060182094574,0.3924059569835663,-0.08130679279565811,0.9988791942596436,0.5552607774734497,0.39194217324256897,-0.0813015028834343,0.9991616010665894,0.5357722640037537,0.38594210147857666,0.016103437170386314,0.9980263710021973,0.5393542051315308,0.3887834846973419,-0.18724356591701508,0.9986459612846375,0.5420557856559753,0.40143656730651855,-0.016182465478777885,0.9989089369773865,0.54256272315979,0.4017556309700012,-0.07591558992862701,0.9991284012794495,0.46854403614997864,0.4059956967830658,0.1368156373500824,0.9994712471961975,0.4773942232131958,0.41547268629074097,-0.29558613896369934,0.9999078512191772,0.4268644452095032,0.4626219868659973,0.19721512496471405,0.08745861798524857,0.4597310423851013,0.4772743582725525,-0.3559079170227051,0.9536476135253906,0.4527459144592285,0.5239109396934509,0.13586606085300446,0.09531040489673615,0.47811320424079895,0.5404977202415466,-0.28866609930992126,0.873550534248352,0.4601128399372101,0.5375199317932129,0.13922755420207977,0.09649249911308289,0.4781700670719147,0.5510721802711487,-0.33005091547966003,0.8185697793960571,0.45646804571151733,0.5404427647590637,0.09542317688465118,0.09852373600006104,0.48328182101249695,0.5532447695732117,-0.3120294511318207,0.8114082217216492,0.45677393674850464,0.5383689999580383,0.11391414701938629,0.10364443808794022,0.4780697822570801,0.5493037104606628,-0.28094229102134705,0.7541514039039612,0.36807936429977417,0.5110414624214172,0.13115689158439636,0.9993618130683899,0.3668002188205719,0.519274115562439,-0.1308692842721939,0.999763548374176,0.37576839327812195,0.5894196629524231,0.18772265315055847,0.44973206520080566,0.3829405605792999,0.598820149898529,-0.08010345697402954,0.927061915397644,0.3737594485282898,0.6735121011734009,0.32522666454315186,0.6545993685722351,0.37495705485343933,0.685372531414032,0.04766855388879776,0.9497312903404236,0.35700514912605286,0.6881939172744751,0.3312050402164459,0.6591365337371826,0.3577854037284851,0.7034637331962585,0.053692419081926346,0.911049485206604,0.42310044169425964,0.6878035068511963,0.2519072890281677,0.7633526921272278,0.4280542731285095,0.7039393782615662,-0.04506056755781174,0.9438184499740601
25,0.5553101301193237,0.39762991666793823,-0.040630239993333817,0.9993968605995178,0.558398962020874,0.3893932104110718,-0.03437260165810585,0.9991524815559387,0.5570940971374512,0.38860976696014404,-0.034433260560035706,0.9989776015281677,0.5556644797325134,0.38779520988464355,-0.03450436517596245,0.9992531538009644,0.5585662722587585,0.3911675214767456,-0.08029481768608093,0.9990860223770142,0.5581042766571045,0.3902682065963745,-0.08044314384460449,0.9988905787467957,0.5569756627082825,0.39001384377479553,-0.08045420795679092,0.9991697072982788,0.5364902019500732,0.38377389311790466,0.014092453755438328,0.9980420470237732,0.5392815470695496,0.38776201009750366,-0.19017301499843597,0.9986626505851746,0.5423016548156738,0.3993648886680603,-0.014653007499873638,0.9989265203475952,0.5427625179290771,0.3998692035675049,-0.07461251318454742,0.999147891998291,0.4683617353439331,0.4059627652168274,0.13646312057971954,0.9994920492172241,0.4787617027759552,0.41470471024513245,-0.3010997772216797,0.9999111890792847,0.42781195044517517,0.462318480014801,0.19859059154987335,0.08672410249710083,0.4599325954914093,0.47630253434181213,-0.3608907163143158,0.9538529515266418,0.4531187415122986,0.5227465629577637,0.13438929617404938,0.09492237120866776,0.479046493768692,0.5376527905464172,-0.29125460982322693,0.8740430474281311,0.4593298137187958,0.5389063358306885,0.13649554550647736,0.09616655856370926,0.4787779152393341,0.5505990386009216,-0.33311542868614197,0.819139301776886,0.45867374539375305,0.5400578379631042,0.09340408444404602,0.09821256995201111,0.48391371965408325,0.5530290603637695,-0.3159562945365906,0.8119671940803528,0.4625306725502014,0.5353190898895264,0.11246869713068008,0.10327938199043274,0.48064160346984863,0.5473159551620483,-0.28385886549949646,0.754388689994812,0.36946728825569153,0.5119373202323914,0.13378660380840302,0.9993807673454285,0.3682940602302551,0.5195754170417786,-0.13351164758205414,0.9997710585594177,0.3770836591720581,0.590442419052124,0.21711395680904388,0.44640156626701355,0.38430342078208923,0.6000025868415833,-0.0580284558236599,0.9264828562736511,0.3738793134689331,0.6738966703414917,0.36333727836608887,0.6529191136360168,0.37417709827423096,0.6859075427055359,0.08019537478685379,0.9496119618415833,0.3577921688556671,0.6882833242416382,0.3701930046081543,0.6584681868553162,0.35733506083488464,0.7041715979576111,0.08726394176483154,0.9110621809959412,0.42420077323913574,0.6879844665527344,0.29336726665496826,0.7620463371276855,0.4292922914028168,0.7038921117782593,-0.009245750494301319,0.9437134861946106
26,0.5566575527191162,0.39824023842811584,-0.05361578240990639,0.9993972182273865,0.5605193972587585,0.3905511498451233,-0.048049334436655045,0.9991517066955566,0.5585824251174927,0.38951200246810913,-0.04813753813505173,0.9989779591560364,0.5572978854179382,0.38872867822647095,-0.04823276028037071,0.9992544054985046,0.5604374408721924,0.39133480191230774,-0.09247228503227234,0.9990839958190918,0.5591155290603638,0.39108288288116455,-0.09261307120323181,0.9988871812820435,0.5578381419181824,0.3907901644706726,-0.09262216091156006,0.9991672039031982,0.5375217795372009,0.38420993089675903,-0.0005351786385290325,0.9980607032775879,0.5404430627822876,0.3871328830718994,-0.198318749666214,0.9986570477485657,0.5439724922180176,0.3998439610004425,-0.027981670573353767,0.9989399909973145,0.5440008044242859,0.4002911448478699,-0.08610723912715912,0.9991592764854431,0.4693928062915802,0.40581995248794556,0.11767859756946564,0.9995114207267761,0.4779486060142517,0.41479355096817017,-0.30020225048065186,0.9999133944511414,0.43064451217651367,0.46406134963035583,0.18134705722332,0.08736100792884827,0.4595916271209717,0.47639840841293335,-0.3523699939250946,0.9538654088973999,0.4597541391849518,0.5227514505386353,0.12254171073436737,0.09542855620384216,0.4806831479072571,0.5385597348213196,-0.2830117344856262,0.8753243088722229,0.46332019567489624,0.54010009765625,0.12522375583648682,0.09652173519134521,0.4813016355037689,0.5513763427734375,-0.3239497244358063,0.8206157088279724,0.472237765789032,0.5445072054862976,0.081724613904953,0.09860928356647491,0.48645293712615967,0.5535329580307007,-0.3076770305633545,0.8134680390357971,0.4628463685512543,0.5389009118080139,0.1009552851319313,0.1037650927901268,0.4830635190010071,0.547852635383606,-0.2761073410511017,0.7556246519088745,0.36555832624435425,0.5106414556503296,0.12634404003620148,0.9993922710418701,0.3667979836463928,0.5187766551971436,-0.12611490488052368,0.9997749924659729,0.37483102083206177,0.58839350938797,0.21323494613170624,0.44469526410102844,0.38506826758384705,0.5991761088371277,-0.04747854918241501,0.9265040159225464,0.37659406661987305,0.6703878045082092,0.3683253526687622,0.6503614187240601,0.3755861818790436,0.6867907047271729,0.10150653123855591,0.9492330551147461,0.36166927218437195,0.6839964389801025,0.3766937255859375,0.655222475528717,0.3592926859855652,0.7042001485824585,0.11017958074808121,0.9106999039649963,0.41898399591445923,0.6867753863334656,0.301270991563797,0.7600696086883545,0.42737507820129395,0.6998058557510376,0.017057200893759727,0.9432633519172668
27,0.5560450553894043,0.40009698271751404,-0.060226719826459885,0.9994181394577026,0.5596950650215149,0.3929711580276489,-0.05252750217914581,0.9991779327392578,0.5580534338951111,0.3920007646083832,-0.05260279029607773,0.9990109205245972,0.5567598342895508,0.391251802444458,-0.05268426984548569,0.9992790818214417,0.5592802166938782,0.39348354935646057,-0.0985931009054184,0.9991118907928467,0.557914137840271,0.39304912090301514,-0.0987391471862793,0.998920738697052,0.5564652681350708,0.3926229774951935,-0.09874865412712097,0.9991925954818726,0.5364440679550171,0.38617733120918274,0.0025801637675613165,0.9981256127357483,0.5386643409729004,0.3883194327354431,-0.20249837636947632,0.9986988306045532,0.5428897142410278,0.4023574888706207,-0.032208364456892014,0.9989827871322632,0.5429081320762634,0.4024830460548401,-0.0924098789691925,0.999193549156189,0.46917080879211426,0.40667515993118286,0.126219242811203,0.9995360374450684,0.47634875774383545,0.4142680764198303,-0.30639714002609253,0.9999162554740906,0.43432921171188354,0.4635487496852875,0.1903846710920334,0.08963818848133087,0.4599376320838928,0.4764021337032318,-0.36505943536758423,0.9546583890914917,0.4597625434398651,0.522893488407135,0.12512411177158356,0.09769254922866821,0.47635573148727417,0.5392317175865173,-0.297118216753006,0.877935528755188,0.4634253680706024,0.535804808139801,0.1274702101945877,0.09834626317024231,0.4780958890914917,0.5522840619087219,-0.3391930162906647,0.8236956596374512,0.46993565559387207,0.5440676808357239,0.08404825627803802,0.10050098598003387,0.48437923192977905,0.5540472865104675,-0.3224497139453888,0.816626250743866,0.463007390499115,0.5357722640037537,0.10322549939155579,0.10566675662994385,0.47936972975730896,0.54958176612854,-0.2898043990135193,0.7589493989944458,0.36949947476387024,0.511290967464447,0.12962879240512848,0.9994097352027893,0.366910845041275,0.5189812183380127,-0.1293771117925644,0.9997797012329102,0.37731605768203735,0.5903561115264893,0.20922526717185974,0.44836413860321045,0.38311436772346497,0.5996651649475098,-0.06032392755150795,0.9273805618286133,0.37503987550735474,0.6740459203720093,0.35458847880363464,0.6530197858810425,0.374345988035202,0.6855369806289673,0.087789386510849,0.9496000409126282,0.35890451073646545,0.6876410841941833,0.36137568950653076,0.6556895971298218,0.35845327377319336,0.7027655243873596,0.09591534733772278,0.9110702872276306,0.4261072874069214,0.6889978647232056,0.28111064434051514,0.7618993520736694,0.4223153293132782,0.7022915482521057,-0.0003340515831951052,0.9437623620033264
28,0.5561514496803284,0.3981063961982727,-0.07093967497348785,0.9994227290153503,0.5588359832763672,0.3905388116836548,-0.06344621628522873,0.9991821050643921,0.5583767890930176,0.38911187648773193,-0.06352876871824265,0.9990183115005493,0.5570817589759827,0.38831663131713867,-0.06361892819404602,0.9992852210998535,0.5589293837547302,0.39134353399276733,-0.10906971991062164,0.9991145133972168,0.5582641959190369,0.39031440019607544,-0.10921674221754074,0.9989234805107117,0.5564018487930298,0.3897063136100769,-0.10923273116350174,0.9991953372955322,0.5369313955307007,0.3837077021598816,-0.006764981430023909,0.9981386661529541,0.5381841659545898,0.38707053661346436,-0.20985186100006104,0.9986996054649353,0.543813943862915,0.39980870485305786,-0.042131856083869934,0.9989970922470093,0.5437079071998596,0.4001046121120453,-0.10174234211444855,0.9992043972015381,0.4693843424320221,0.40655532479286194,0.11895100027322769,0.9995499849319458,0.4760569632053375,0.4148426055908203,-0.3107423484325409,0.9999166131019592,0.43350955843925476,0.4638656675815582,0.18362902104854584,0.0906125158071518,0.4595601260662079,0.4769352972507477,-0.3664957284927368,0.9547693133354187,0.4593071937561035,0.523086428642273,0.12131788581609726,0.09818271547555923,0.4792911112308502,0.5411572456359863,-0.29756638407707214,0.8789219260215759,0.4618701636791229,0.5401389598846436,0.12401910126209259,0.09862281382083893,0.4804120361804962,0.5516650080680847,-0.3397628962993622,0.8248367309570312,0.47173571586608887,0.5452234745025635,0.07952743768692017,0.10081839561462402,0.4863359332084656,0.554419219493866,-0.3229457139968872,0.8177818059921265,0.46447324752807617,0.5368421077728271,0.09909162670373917,0.10599212348461151,0.48226791620254517,0.5484927296638489,-0.29036521911621094,0.7598419785499573,0.3698576092720032,0.5115417838096619,0.1285192221403122,0.999414324760437,0.3661039471626282,0.5189125537872314,-0.12826018035411835,0.9997798204421997,0.37863829731941223,0.5912615060806274,0.19906170666217804,0.44963178038597107,0.3832573890686035,0.5995545387268066,-0.07102710008621216,0.9276699423789978,0.37685060501098633,0.6723668575286865,0.33711326122283936,0.6547778844833374,0.37595775723457336,0.6860029697418213,0.0721849873661995,0.9496439695358276,0.35956576466560364,0.6884955167770386,0.3431794047355652,0.6560592651367188,0.35905274748802185,0.7040228843688965,0.07971306145191193,0.9110801219940186,0.4238349497318268,0.6908032298088074,0.25912079215049744,0.7630782723426819,0.42089664936065674,0.7035019993782043,-0.020520731806755066,0.9438318610191345
29,0.5545803308486938,0.3991714417934418,-0.04838362708687782,0.9994388222694397,0.5575928092002869,0.3916260302066803,-0.04215119779109955,0.9992038011550903,0.5564820766448975,0.39084845781326294,-0.04222775995731354,0.9990455508232117,0.5551052689552307,0.3901141583919525,-0.04230756685137749,0.9993053078651428,0.5580573678016663,0.3925139904022217,-0.08699888736009598,0.9991358518600464,0.5568203926086426,0.3921740651130676,-0.08714351803064346,0.9989486336708069,0.5555117726325989,0.3918765187263489,-0.08715188503265381,0.9992146492004395,0.5352425575256348,0.3853831887245178,0.00616858946159482,0.9981945157051086,0.5381394624710083,0.3880153298377991,-0.19386766850948334,0.9987333416938782,0.541346549987793,0.4014221727848053,-0.02274486795067787,0.9990289807319641,0.5416116118431091,0.40168675780296326,-0.08144701272249222,0.9992299675941467,0.46856486797332764,0.406059592962265,0.12305381894111633,0.9995701909065247,0.4773818254470825,0.414328008890152,-0.29582417011260986,0.9999185800552368,0.4298264682292938,0.4629673957824707,0.18379738926887512,0.09212428331375122,0.4599057137966156,0.4764576852321625,-0.34957265853881836,0.9551023244857788,0.4581298530101776,0.522081196308136,0.12169507145881653,0.09919746220111847,0.4781745374202728,0.5400077700614929,-0.2791922688484192,0.8799541592597961,0.4602115750312805,0.5389091372489929,0.12392248213291168,0.09940405189990997,0.4791331887245178,0.55104660987854,-0.3186890780925751,0.8258652687072754,0.4593445360660553,0.5402482151985168,0.08161422610282898,0.10160385072231293,0.48435139656066895,0.553653359413147,-0.3029257357120514,0.8188384175300598,0.4650781750679016,0.5361185073852539,0.10040837526321411,0.1067170724272728,0.47929224371910095,0.5493060350418091,-0.27218812704086304,0.761045515537262,0.3691466748714447,0.510735809803009,0.12383293360471725,0.9994304180145264,0.36807578802108765,0.5186402201652527,-0.12356454133987427,0.9997835755348206,0.37650901079177856,0.5895281434059143,0.19450855255126953,0.45534390211105347,0.3823868930339813,0.5980475544929504,-0.06328675150871277,0.9279046058654785,0.3769722282886505,0.6710342168807983,0.3278409540653229,0.6591922044754028,0.37575027346611023,0.6845133304595947,0.08166548609733582,0.9496538043022156,0.359975129365921,0.6873836517333984,0.3335783779621124,0.6578812003135681,0.3598375916481018,0.7023029923439026,0.08952273428440094,0.910892903804779,0.42519158124923706,0.6893604397773743,0.2519485354423523,0.7657719850540161,0.4215051829814911,0.7021748423576355,-0.005898322444409132,0.9439190626144409
30,0.556062638759613,0.3997659981250763,-0.06021198257803917,0.9994568824768066,0.559664249420166,0.3925362527370453,-0.05192149430513382,0.9992277026176453,0.5579758286476135,0.39149802923202515,-0.05198734998703003,0.9990745782852173,0.5566580295562744,0.39071375131607056,-0.0520603321492672,0.999326765537262,0.559323251247406,0.3930899500846863,-0.0986068919301033,0.9991641044616699,0.5579577088356018,0.3926377594470978,-0.09875106811523438,0.9989833831787109,0.5564873218536377,0.3922033905982971,-0.09875456243753433,0.9992402791976929,0.5388119220733643,0.3864481747150421,0.005002127029001713,0.9982524514198303,0.5385918617248535,0.38789376616477966,-0.20253132283687592,0.9987765550613403,0.5427933931350708,0.4019804894924164,-0.031429629772901535,0.9990646839141846,0.5427864193916321,0.40209341049194336,-0.0924004465341568,0.9992605447769165,0.4693123400211334,0.4063248038291931,0.13098368048667908,0.9995884299278259,0.47641170024871826,0.4144027829170227,-0.3098650574684143,0.999921977519989,0.43323105573654175,0.46319127082824707,0.19442327320575714,0.09200425446033478,0.4598958194255829,0.4769907593727112,-0.37129443883895874,0.9560192823410034,0.45796021819114685,0.5222837328910828,0.12703880667686462,0.09962838888168335,0.4775562286376953,0.5404956936836243,-0.30580517649650574,0.8823999166488647,0.46072685718536377,0.539281964302063,0.12863567471504211,0.09974769502878189,0.47755950689315796,0.5523960590362549,-0.3497397303581238,0.8288761377334595,0.45973867177963257,0.5404879450798035,0.08494005352258682,0.10199662297964096,0.48402267694473267,0.5538308620452881,-0.3323253095149994,0.8219264149665833,0.45931476354599,0.5382353663444519,0.10492400079965591,0.10711294412612915,0.478513240814209,0.5495763421058655,-0.2984023988246918,0.7642374038696289,0.37058329582214355,0.5116919279098511,0.1347825527191162,0.9994456171989441,0.36694031953811646,0.5191490650177002,-0.134525328874588,0.9997899532318115,0.37796640396118164,0.5901479125022888,0.21929441392421722,0.4523433446884155,0.3846079111099243,0.6001458168029785,-0.057329002767801285,0.9284690022468567,0.37497299909591675,0.6731328964233398,0.37391042709350586,0.6569496989250183,0.37498605251312256,0.6852754354476929,0.08683053404092789,0.9500446319580078,0.3585074245929718,0.6877651214599609,0.38156309723854065,0.6565790772438049,0.3576808571815491,0.703707218170166,0.09466429799795151,0.9115964770317078,0.422577440738678,0.6899263262748718,0.3031970262527466,0.764850378036499,0.42966127395629883,0.7035759687423706,-0.0016672555357217789,0.9444804191589355
31,0.5565854907035828,0.39711427688598633,-0.061960022896528244,0.9994577765464783,0.5589410066604614,0.3897245228290558,-0.05503465235233307,0.9992260932922363,0.5578222274780273,0.3889574110507965,-0.05511172488331795,0.9990749955177307,0.5565410852432251,0.388164758682251,-0.05520017817616463,0.9993259906768799,0.5592179298400879,0.39068061113357544,-0.10025228559970856,0.999162495136261,0.5579155087471008,0.39040607213974,-0.10040166974067688,0.9989821910858154,0.5560603737831116,0.3898569345474243,-0.10042088478803635,0.9992396831512451,0.5369777083396912,0.3837304711341858,-0.001642701681703329,0.9982516169548035,0.539509654045105,0.3863237202167511,-0.2027871310710907,0.998777449131012,0.543380856513977,0.3995681405067444,-0.03428281471133232,0.9990736842155457,0.5433984994888306,0.400015652179718,-0.09334825724363327,0.9992703795433044,0.46989724040031433,0.4064820408821106,0.12209878861904144,0.9996002912521362,0.4767601490020752,0.41443008184432983,-0.3051976263523102,0.9999232292175293,0.43446046113967896,0.4643372893333435,0.1842496395111084,0.09267019480466843,0.4581071734428406,0.4791812300682068,-0.36287882924079895,0.955621600151062,0.4606556296348572,0.5230641961097717,0.12178032845258713,0.09998387843370438,0.4795956611633301,0.5412799119949341,-0.29615235328674316,0.882083535194397,0.46626991033554077,0.5367211103439331,0.12445060163736343,0.09995164722204208,0.4801313281059265,0.5529186129570007,-0.33792203664779663,0.8285555839538574,0.47582846879959106,0.5426487922668457,0.08045545220375061,0.10219825059175491,0.4873729646205902,0.5544766783714294,-0.32129329442977905,0.8215469121932983,0.4658324718475342,0.5368921160697937,0.09963759034872055,0.10732375085353851,0.4814508557319641,0.5501276850700378,-0.2890271246433258,0.7635602951049805,0.3711773455142975,0.5110664963722229,0.12782686948776245,0.9994519352912903,0.3642691671848297,0.5173512101173401,-0.12756378948688507,0.9997915625572205,0.37914565205574036,0.5907829999923706,0.19739589095115662,0.4532279968261719,0.3839195966720581,0.599805474281311,-0.06826717406511307,0.9281092286109924,0.37667274475097656,0.6721307635307312,0.33732542395591736,0.657636284828186,0.37492379546165466,0.6872058510780334,0.07191959023475647,0.9500301480293274,0.36157575249671936,0.6887735724449158,0.343583881855011,0.6565820574760437,0.35774850845336914,0.7045668959617615,0.07893068343400955,0.9115599989891052,0.42523711919784546,0.6912464499473572,0.2613946795463562,0.7651896476745605,0.4235777258872986,0.7040455937385559,-0.021908489987254143,0.9444844722747803
32,0.5551893711090088,0.3994622528553009,-0.05750434845685959,0.9994688034057617,0.5580853819847107,0.39199554920196533,-0.048665851354599,0.9992396831512451,0.5570533275604248,0.3912521302700043,-0.04872464761137962,0.9990922212600708,0.5557467341423035,0.3905603885650635,-0.0487905815243721,0.9993377327919006,0.5580770373344421,0.392704039812088,-0.0968099981546402,0.9991793632507324,0.5566849708557129,0.3923150300979614,-0.0969606265425682,0.9990038871765137,0.554706871509552,0.3917757570743561,-0.09697242081165314,0.999255359172821,0.5356022119522095,0.38598182797431946,0.01111822109669447,0.9982796907424927,0.5375657081604004,0.3881940245628357,-0.20280753076076508,0.9988073706626892,0.5420440435409546,0.4020615220069885,-0.02748301811516285,0.9990969896316528,0.5418287515640259,0.40219855308532715,-0.09027927368879318,0.9992920756340027,0.46993494033813477,0.40682321786880493,0.1429130584001541,0.9996135830879211,0.47662997245788574,0.41391515731811523,-0.31461793184280396,0.9999257326126099,0.4349578320980072,0.46445736289024353,0.20691649615764618,0.09209289401769638,0.45914044976234436,0.47963792085647583,-0.3801336884498596,0.9564023613929749,0.45935875177383423,0.521934986114502,0.13462264835834503,0.10008896887302399,0.47585219144821167,0.5396978259086609,-0.3143547773361206,0.8842481970787048,0.46240416169166565,0.5399561524391174,0.13635972142219543,0.10003019124269485,0.4780333936214447,0.5523927807807922,-0.3599768877029419,0.8313757181167603,0.4713764488697052,0.5447973608970642,0.09190931171178818,0.10230659693479538,0.48435524106025696,0.5537271499633789,-0.34189894795417786,0.8244307041168213,0.4637194275856018,0.5361080765724182,0.11181227117776871,0.10746032744646072,0.47881343960762024,0.5496315360069275,-0.3067202568054199,0.7666369080543518,0.3713074028491974,0.5122564435005188,0.13884812593460083,0.9994630813598633,0.36698785424232483,0.5194351673126221,-0.13856957852840424,0.9997960329055786,0.37861141562461853,0.590897798538208,0.22275057435035706,0.4478680491447449,0.3844849467277527,0.6008754968643188,-0.06607939302921295,0.927409291267395,0.377533882856369,0.6750723719596863,0.36702826619148254,0.6540862321853638,0.37545257806777954,0.6865719556808472,0.07111231237649918,0.9498335719108582,0.3586387634277344,0.6883957386016846,0.3734182119369507,0.65509432554245,0.35471752285957336,0.7084670066833496,0.07784944027662277,0.9115996956825256,0.42377394437789917,0.6905338168144226,0.29348862171173096,0.7629943490028381,0.43067678809165955,0.7049044370651245,-0.02162431925535202,0.9444237351417542
33,0.5562271475791931,0.39898255467414856,-0.06722325086593628,0.9994587898254395,0.5597274303436279,0.39105600118637085,-0.05990252643823624,0.9992234706878662,0.5587767958641052,0.39029809832572937,-0.05999017134308815,0.9990736842155457,0.5576813817024231,0.3894721269607544,-0.060095950961112976,0.9993256330490112,0.559005856513977,0.39237672090530396,-0.1042088121175766,0.9991609454154968,0.5583061575889587,0.3912855386734009,-0.10434402525424957,0.9989827275276184,0.5564447045326233,0.39058440923690796,-0.10434889048337936,0.9992384314537048,0.5380364656448364,0.3841352164745331,-0.0048446995206177235,0.9982593059539795,0.5388351082801819,0.3873010277748108,-0.20194751024246216,0.9987717866897583,0.5439972877502441,0.400637686252594,-0.039263494312763214,0.999086320400238,0.5435287356376648,0.40085020661354065,-0.09718761593103409,0.9992825984954834,0.47040224075317383,0.4057047367095947,0.1172793060541153,0.9996193647384644,0.475724458694458,0.41401904821395874,-0.3000892698764801,0.9999250769615173,0.4456261992454529,0.4660354554653168,0.1833530217409134,0.09328363090753555,0.4598415791988373,0.4763050675392151,-0.35120832920074463,0.955858051776886,0.4594641327857971,0.524305522441864,0.12118876725435257,0.10147330909967422,0.47507116198539734,0.5390809774398804,-0.2799687385559082,0.8840016722679138,0.46570494771003723,0.5383424162864685,0.12284216284751892,0.1012914627790451,0.4796619117259979,0.5516185164451599,-0.3195408284664154,0.8312600255012512,0.471964955329895,0.545904278755188,0.08027544617652893,0.10364037752151489,0.48043063282966614,0.552291750907898,-0.30523383617401123,0.8243563175201416,0.4640346169471741,0.5377084016799927,0.09980200976133347,0.10881128162145615,0.48077279329299927,0.5478654503822327,-0.27350059151649475,0.7663155794143677,0.37131139636039734,0.5113703608512878,0.12663114070892334,0.9994608163833618,0.3645150065422058,0.5174817442893982,-0.1264054924249649,0.999794065952301,0.3797704577445984,0.588162362575531,0.20450863242149353,0.44815099239349365,0.3850932717323303,0.599633514881134,-0.05503574386239052,0.9280441999435425,0.37610897421836853,0.6707268357276917,0.3581971526145935,0.6527581810951233,0.37622109055519104,0.6873021721839905,0.09011544287204742,0.9499439001083374,0.3602158725261688,0.683950662612915,0.3662390410900116,0.6530014872550964,0.3542855381965637,0.702362596988678,0.09838457405567169,0.9116376638412476,0.4174518883228302,0.6879715323448181,0.289900004863739,0.7622852921485901,0.4264867603778839,0.7004538774490356,0.004669365007430315,0.9445921182632446
34,0.5555315017700195,0.39992398023605347,-0.07144667953252792,0.9994644522666931,0.5594154000282288,0.3932282030582428,-0.06437084078788757,0.9992321133613586,0.5575602054595947,0.3922443389892578,-0.06445744633674622,0.9990843534469604,0.5563443303108215,0.3915362060070038,-0.0645408034324646,0.9993340373039246,0.558942973613739,0.3937495946884155,-0.11047947406768799,0.9991697669029236,0.5575533509254456,0.39336419105529785,-0.1106310561299324,0.9989928603172302,0.5560995936393738,0.3929867148399353,-0.11064446717500687,0.9992464184761047,0.5362255573272705,0.3863515555858612,-0.010918873362243176,0.9982840418815613,0.5386740565299988,0.38880980014801025,-0.21610857546329498,0.9987888932228088,0.5418656468391418,0.40231943130493164,-0.04373515769839287,0.9991000890731812,0.5416680574417114,0.4025510847568512,-0.10395076870918274,0.9992940425872803,0.4689689576625824,0.40570068359375,0.11457980424165726,0.999630868434906,0.47768986225128174,0.41353049874305725,-0.320117712020874,0.9999265074729919,0.4305667579174042,0.46385878324508667,0.18254120647907257,0.09342285990715027,0.4592699706554413,0.4794789254665375,-0.3745032846927643,0.9560351371765137,0.45565226674079895,0.5249841213226318,0.11857015639543533,0.10158902406692505,0.47967761754989624,0.5414906144142151,-0.30137333273887634,0.8845133781433105,0.46338626742362976,0.5386220812797546,0.11977933347225189,0.10130564123392105,0.47893843054771423,0.5529515743255615,-0.34308260679244995,0.8317081928253174,0.4621686339378357,0.5415802597999573,0.07660794258117676,0.10370439291000366,0.48427608609199524,0.5552674531936646,-0.3275242745876312,0.8248543739318848,0.4620933532714844,0.5396550893783569,0.09673753380775452,0.10890989005565643,0.48016881942749023,0.5503240823745728,-0.29430973529815674,0.7665548920631409,0.3684212863445282,0.5113101601600647,0.13066233694553375,0.9994709491729736,0.3667091727256775,0.5194280743598938,-0.13042539358139038,0.9997965693473816,0.37884965538978577,0.5905128717422485,0.22612807154655457,0.4481508433818817,0.3855949938297272,0.6003758907318115,-0.04517247527837753,0.9280580878257751,0.37732216715812683,0.6692440509796143,0.3814818859100342,0.6524357795715332,0.3757196068763733,0.6833803653717041,0.11324501037597656,0.9493429064750671,0.3584802746772766,0.6850053071975708,0.38959234952926636,0.6519538760185242,0.3589889407157898,0.7008499503135681,0.12298882007598877,0.9109364151954651,0.42605894804000854,0.6884425282478333,0.3146113157272339,0.7620254158973694,0.42295604944229126,0.7010303735733032,0.03297939896583557,0.9441751837730408
35,0.5541127920150757,0.39828750491142273,-0.03721090406179428,0.9994664192199707,0.556919276714325,0.3912327289581299,-0.03146226704120636,0.9992377758026123,0.5557955503463745,0.3904375731945038,-0.03152978792786598,0.9990922212600708,0.5544111132621765,0.3896762728691101,-0.03160768374800682,0.9993384480476379,0.5574661493301392,0.39229172468185425,-0.07590454071760178,0.9991752505302429,0.5562766790390015,0.39205965399742126,-0.07604807615280151,0.9990001916885376,0.5550318360328674,0.3918613791465759,-0.07605219632387161,0.9992515444755554,0.5351043939590454,0.38508474826812744,0.014356267638504505,0.9983066916465759,0.5385081768035889,0.3882577121257782,-0.18366612493991852,0.9988023638725281,0.5405095815658569,0.4006085991859436,-0.01230292022228241,0.9991042613983154,0.5408445596694946,0.40106073021888733,-0.07046174257993698,0.9992992281913757,0.46833211183547974,0.4057439863681793,0.12995347380638123,0.9996345639228821,0.4792114198207855,0.41420429944992065,-0.28821009397506714,0.9999269247055054,0.4304109811782837,0.4625970423221588,0.19112186133861542,0.09246759116649628,0.46038877964019775,0.4763457179069519,-0.3417242169380188,0.9554381966590881,0.45668038725852966,0.5234740972518921,0.13466615974903107,0.09954984486103058,0.4792817533016205,0.5410951972007751,-0.26736319065093994,0.8818215727806091,0.4656141400337219,0.5372662544250488,0.13837042450904846,0.09935265779495239,0.48085054755210876,0.5518771409988403,-0.304950088262558,0.8284257650375366,0.46294084191322327,0.5428164601325989,0.09635583311319351,0.10168616473674774,0.48634666204452515,0.5541114807128906,-0.2895060181617737,0.8214871287345886,0.46534237265586853,0.537557065486908,0.11363556236028671,0.10682152956724167,0.48064976930618286,0.5500971674919128,-0.26032039523124695,0.76303631067276,0.36873191595077515,0.5111461281776428,0.12403623759746552,0.9994744658470154,0.3674761950969696,0.5189459323883057,-0.12374038994312286,0.9997978210449219,0.377655565738678,0.5915233492851257,0.17766012251377106,0.4499192535877228,0.383298397064209,0.5999716520309448,-0.0761786475777626,0.9275113344192505,0.3773078918457031,0.673545777797699,0.3027966618537903,0.6529236435890198,0.37657827138900757,0.6880025267601013,0.049536965787410736,0.9492301344871521,0.3614738881587982,0.6866157054901123,0.30758827924728394,0.6524226069450378,0.3588308095932007,0.7053583860397339,0.05541764199733734,0.9110806584358215,0.4249548316001892,0.6921367645263672,0.22662487626075745,0.7619306445121765,0.4240000545978546,0.7046605944633484,-0.042033106088638306,0.9440553188323975
36,0.558678388595581,0.3995356559753418,-0.053921256214380264,0.999478816986084,0.5619438886642456,0.39272406697273254,-0.04669960215687752,0.9992555379867554,0.5598353147506714,0.39173346757888794,-0.046768881380558014,0.9991135597229004,0.5585260391235352,0.3910708725452423,-0.046848494559526443,0.9993544220924377,0.561571478843689,0.39313220977783203,-0.09225890040397644,0.9991944432258606,0.5600877404212952,0.39269131422042847,-0.09239698946475983,0.9990224838256836,0.5584788918495178,0.3922557234764099,-0.09239189326763153,0.9992678165435791,0.5405386090278625,0.38713178038597107,0.006168879568576813,0.9983491897583008,0.5402430891990662,0.38835322856903076,-0.1965429037809372,0.9988278150558472,0.5450664758682251,0.4020138382911682,-0.026579227298498154,0.9991275072097778,0.5453896522521973,0.40216851234436035,-0.08615345507860184,0.9993181824684143,0.4681761562824249,0.40592676401138306,0.1275910586118698,0.9996455311775208,0.47734755277633667,0.4149228632450104,-0.3018578588962555,0.9999293684959412,0.4282870888710022,0.4629821181297302,0.1918526291847229,0.09186089783906937,0.46017298102378845,0.4765940308570862,-0.3583907186985016,0.9560751914978027,0.4543396532535553,0.5256866812705994,0.12990662455558777,0.09930061548948288,0.47951647639274597,0.5409711599349976,-0.2902306914329529,0.8835055232048035,0.4612750709056854,0.5393408536911011,0.13210907578468323,0.09920231997966766,0.4808417856693268,0.5513655543327332,-0.3327677845954895,0.8304842710494995,0.4611970782279968,0.5405275821685791,0.0878291055560112,0.10155446082353592,0.4864332973957062,0.553684651851654,-0.3158213496208191,0.8236050605773926,0.461028516292572,0.5384464859962463,0.10783853381872177,0.1067463755607605,0.4810711741447449,0.5494862794876099,-0.2830248177051544,0.7652955055236816,0.36915314197540283,0.5111611485481262,0.13118553161621094,0.9994825720787048,0.36683154106140137,0.5189038515090942,-0.1309351623058319,0.99980229139328,0.3774276673793793,0.5906171798706055,0.21116265654563904,0.44756993651390076,0.385036438703537,0.6002258658409119,-0.05844514071941376,0.9278872609138489,0.37547796964645386,0.6741622686386108,0.3652837872505188,0.6509049534797668,0.3770017921924591,0.6871951818466187,0.08564469963312149,0.9496241211891174,0.3571361005306244,0.6894147396087646,0.3730500042438507,0.6512854099273682,0.35926344990730286,0.7049017548561096,0.09359171986579895,0.911838173866272,0.4252689778804779,0.6920846700668335,0.29620057344436646,0.7609552145004272,0.4330160915851593,0.7063583135604858,-0.0017711936961859465,0.9444812536239624
37,0.5553300380706787,0.3993796110153198,-0.05157062038779259,0.9994820356369019,0.5580403804779053,0.39237678050994873,-0.04424409568309784,0.9992596507072449,0.5570347309112549,0.39163392782211304,-0.04431288316845894,0.9991188049316406,0.5557965040206909,0.39092642068862915,-0.04439641907811165,0.9993581175804138,0.5580365657806396,0.3930109739303589,-0.08992797136306763,0.9992005825042725,0.556699275970459,0.3925783336162567,-0.09007152169942856,0.9990301132202148,0.5553061366081238,0.39218926429748535,-0.09007499366998672,0.999272882938385,0.5359033942222595,0.38617581129074097,0.008847846649587154,0.9983591437339783,0.5379906296730042,0.3884005546569824,-0.1943271905183792,0.9988340735435486,0.5423252582550049,0.40161389112472534,-0.02412559650838375,0.9991326928138733,0.5423264503479004,0.40174800157546997,-0.08380595594644547,0.9993228316307068,0.46850305795669556,0.4062586724758148,0.1306947022676468,0.9996465444564819,0.47626304626464844,0.415139764547348,-0.3006974458694458,0.9999296069145203,0.4307667911052704,0.46230483055114746,0.19547270238399506,0.09071432799100876,0.45984596014022827,0.47695040702819824,-0.36072829365730286,0.9557955265045166,0.45580580830574036,0.5237752199172974,0.1353961080312729,0.09790147095918655,0.4768308103084564,0.5392276644706726,-0.2906511425971985,0.8824833035469055,0.4634690284729004,0.5377174615859985,0.13900713622570038,0.09786667674779892,0.48033371567726135,0.5511049032211304,-0.3316153585910797,0.8292779922485352,0.4627046287059784,0.5409688353538513,0.09558458626270294,0.10021597146987915,0.4855589270591736,0.5534114241600037,-0.31481775641441345,0.822356641292572,0.4653412401676178,0.5360782742500305,0.11369946599006653,0.10541146993637085,0.4805706739425659,0.5492490530014038,-0.2832866907119751,0.7635736465454102,0.36888575553894043,0.5112870335578918,0.13071390986442566,0.9994817972183228,0.3662222921848297,0.5186113119125366,-0.13045324385166168,0.9998028874397278,0.377962589263916,0.5903781056404114,0.19587822258472443,0.44667795300483704,0.384785532951355,0.5988054871559143,-0.07215705513954163,0.9281383156776428,0.3758256733417511,0.6714098453521729,0.33789703249931335,0.6495551466941833,0.37571683526039124,0.6861022710800171,0.06154444441199303,0.9498893022537231,0.35685402154922485,0.6869388818740845,0.344331294298172,0.6504550576210022,0.3586907982826233,0.7042399644851685,0.06828759610652924,0.9123266935348511,0.42477017641067505,0.6895397901535034,0.26476314663887024,0.7601414918899536,0.42676129937171936,0.6990295052528381,-0.030349789187312126,0.9447615146636963
38,0.554275631904602,0.39853906631469727,-0.03165189176797867,0.9994832277297974,0.5564817786216736,0.39177024364471436,-0.026557357981801033,0.999261736869812,0.5553264617919922,0.3910333812236786,-0.026616252958774567,0.9991216063499451,0.5539438724517822,0.39035657048225403,-0.02668667398393154,0.9993592500686646,0.5570793151855469,0.3927152156829834,-0.07112515717744827,0.9992032051086426,0.5559340715408325,0.3924809694290161,-0.07126574963331223,0.9990333318710327,0.5547235608100891,0.3923061490058899,-0.07126609981060028,0.9992741346359253,0.5346351861953735,0.38616394996643066,0.016582923009991646,0.9983665347099304,0.5383555889129639,0.38907358050346375,-0.18172505497932434,0.9988394975662231,0.5411092638969421,0.40092796087265015,-0.007634579669684172,0.9991366863250732,0.5415591597557068,0.40130478143692017,-0.06587868183851242,0.9993268847465515,0.4677467346191406,0.4056617319583893,0.13458970189094543,0.9996527433395386,0.47952795028686523,0.41548243165016174,-0.29133814573287964,0.999931275844574,0.42631658911705017,0.462223619222641,0.1976512223482132,0.09027529507875443,0.46032360196113586,0.4767950475215912,-0.34742558002471924,0.9554011225700378,0.45229610800743103,0.5232707262039185,0.13731029629707336,0.09750784933567047,0.47720444202423096,0.5366079211235046,-0.2748945951461792,0.880454421043396,0.4593202769756317,0.5372610092163086,0.14030976593494415,0.09759902954101562,0.47945213317871094,0.5504540205001831,-0.3144742250442505,0.8267996907234192,0.46346545219421387,0.5400762557983398,0.09790940582752228,0.09992735832929611,0.48406708240509033,0.5525808334350586,-0.2983776032924652,0.8198174834251404,0.46264106035232544,0.5355823040008545,0.11599431931972504,0.10506607592105865,0.48099979758262634,0.5471088886260986,-0.2677454650402069,0.7608465552330017,0.36770492792129517,0.5108292102813721,0.13097664713859558,0.9994889497756958,0.3672671914100647,0.5188702940940857,-0.1307031214237213,0.9998066425323486,0.37687379121780396,0.5898173451423645,0.20860615372657776,0.4437788724899292,0.38431185483932495,0.5989843010902405,-0.05996479094028473,0.9274579286575317,0.37475284934043884,0.6736293435096741,0.34930163621902466,0.6478297710418701,0.3751024901866913,0.6861056089401245,0.07137779891490936,0.9498026371002197,0.35871022939682007,0.6879575252532959,0.3556104302406311,0.6502509117126465,0.3576347231864929,0.7041551470756531,0.07798487693071365,0.9125505089759827,0.4251338839530945,0.6879604458808899,0.2806369662284851,0.7587056756019592,0.42452472448349,0.7009774446487427,-0.016187382861971855,0.9446398019790649
39,0.5548072457313538,0.39852407574653625,-0.021266218274831772,0.9994930624961853,0.5568625926971436,0.391411691904068,-0.016004184260964394,0.9992775917053223,0.5555464625358582,0.39062216877937317,-0.016054322943091393,0.9991406798362732,0.5540109276771545,0.3898847699165344,-0.016117436811327934,0.9993722438812256,0.5577799677848816,0.39234063029289246,-0.0600503534078598,0.9992196559906006,0.556755542755127,0.3920733332633972,-0.060184329748153687,0.9990529417991638,0.5556609034538269,0.391863077878952,-0.060176022350788116,0.9992879033088684,0.5350043773651123,0.38580387830734253,0.0260622575879097,0.9984045624732971,0.5392865538597107,0.3887568712234497,-0.1702112853527069,0.9988653659820557,0.5415096282958984,0.400850385427475,0.0021276799961924553,0.9991516470909119,0.5425587296485901,0.40120014548301697,-0.05550301447510719,0.9993395209312439,0.4677889943122864,0.40556055307388306,0.1406027227640152,0.9996577501296997,0.4802168011665344,0.41562485694885254,-0.2801542580127716,0.9999330043792725,0.42341169714927673,0.4621061384677887,0.19915622472763062,0.08971129357814789,0.460523784160614,0.4769535958766937,-0.33759641647338867,0.9555158615112305,0.4494051933288574,0.5237196087837219,0.13992218673229218,0.09670107811689377,0.4790624976158142,0.5378749370574951,-0.26649415493011475,0.8791682720184326,0.4563444256782532,0.537956953048706,0.14342983067035675,0.09690889716148376,0.47968703508377075,0.5503830313682556,-0.3046674132347107,0.825113832950592,0.4589959979057312,0.5403029918670654,0.10156802833080292,0.09919650852680206,0.4844653606414795,0.5522078275680542,-0.2880474925041199,0.8180955648422241,0.4588443338871002,0.5367974042892456,0.11892532557249069,0.10424286872148514,0.48106056451797485,0.5468906164169312,-0.25906074047088623,0.7593014240264893,0.36711639165878296,0.5105873942375183,0.12820123136043549,0.9994955658912659,0.36846157908439636,0.5190432071685791,-0.12789863348007202,0.9998103380203247,0.3760196268558502,0.5897266864776611,0.17821310460567474,0.44234877824783325,0.3831876218318939,0.5990501046180725,-0.08438100665807724,0.9269107580184937,0.37545016407966614,0.6740104556083679,0.30059197545051575,0.6471165418624878,0.37021633982658386,0.6902719736099243,0.03146004304289818,0.9498987793922424,0.35917916893959045,0.6877777576446533,0.3050469756126404,0.6513336300849915,0.35458117723464966,0.7089769244194031,0.036463573575019836,0.9130388498306274,0.4253855347633362,0.6876644492149353,0.22733499109745026,0.7580810189247131,0.4299727976322174,0.7038823366165161,-0.0605546310544014,0.9446961879730225
40,0.5548414587974548,0.39816948771476746,-0.013378282077610493,0.9995026588439941,0.5569124221801758,0.39086389541625977,-0.00840939674526453,0.9992932677268982,0.5554919838905334,0.39001262187957764,-0.008455694653093815,0.999159038066864,0.5538331270217896,0.3892250955104828,-0.008516436442732811,0.9993839859962463,0.5581700801849365,0.3919968903064728,-0.05300556868314743,0.9992387890815735,0.5572407245635986,0.3917824923992157,-0.05314066633582115,0.9990766644477844,0.5562447905540466,0.39163070917129517,-0.05313225835561752,0.9993048310279846,0.5349066853523254,0.3852778375148773,0.03134707733988762,0.9984441995620728,0.5401705503463745,0.3886774182319641,-0.16721877455711365,0.9988979697227478,0.5412769913673401,0.4003172814846039,0.009342575445771217,0.9991666078567505,0.5425527095794678,0.4008062779903412,-0.04900054261088371,0.9993550181388855,0.46846529841423035,0.4049891531467438,0.1449904590845108,0.9996609091758728,0.4810087978839874,0.41578203439712524,-0.2816225588321686,0.9999354481697083,0.4209131598472595,0.46058979630470276,0.2067418396472931,0.08795308321714401,0.4605099856853485,0.47714322805404663,-0.34073904156684875,0.9557085633277893,0.44691845774650574,0.523062527179718,0.15384109318256378,0.09481301158666611,0.4786016345024109,0.5397422313690186,-0.27029404044151306,0.8783354163169861,0.4536835849285126,0.5372530817985535,0.15858829021453857,0.09524425119161606,0.47988319396972656,0.5508489608764648,-0.30973944067955017,0.8240321278572083,0.45833832025527954,0.5404787063598633,0.11538929492235184,0.09748847037553787,0.4847184419631958,0.55283522605896,-0.29187071323394775,0.8169535398483276,0.4567904472351074,0.536533534526825,0.13247303664684296,0.10250207036733627,0.4815881848335266,0.5472552180290222,-0.26254087686538696,0.7581390142440796,0.3633444607257843,0.5097208023071289,0.13118062913417816,0.9995042085647583,0.3688889741897583,0.5192173719406128,-0.13088291883468628,0.9998160600662231,0.37656229734420776,0.5890018343925476,0.18495628237724304,0.4388566315174103,0.3842790722846985,0.5984240770339966,-0.08025213330984116,0.9267112016677856,0.3752756416797638,0.6731147766113281,0.31733188033103943,0.644408106803894,0.37298330664634705,0.6903279423713684,0.03617822378873825,0.9502564668655396,0.3586065471172333,0.6874834895133972,0.3230423331260681,0.6514126658439636,0.3556206524372101,0.7084660530090332,0.04137251526117325,0.9139388203620911,0.42607688903808594,0.6869478225708008,0.2493763417005539,0.7559553980827332,0.43116289377212524,0.702897310256958,-0.054323092103004456,0.9448637366294861
41,0.5562621355056763,0.39873796701431274,-0.026847174391150475,0.9994974732398987,0.5590607523918152,0.39083734154701233,-0.022195927798748016,0.9992896914482117,0.5577284097671509,0.38995546102523804,-0.022267494350671768,0.9991549253463745,0.556240975856781,0.3890570402145386,-0.02235105261206627,0.9993811845779419,0.5601179599761963,0.39189213514328003,-0.06625746190547943,0.9992344379425049,0.5591486692428589,0.39158955216407776,-0.0663902685046196,0.9990707039833069,0.5581849813461304,0.3912666141986847,-0.0663885772228241,0.9993006587028503,0.5372722148895264,0.3845059871673584,0.018691252917051315,0.9984502196311951,0.5420199036598206,0.3877066373825073,-0.1777016669511795,0.9988937377929688,0.5432092547416687,0.40018025040626526,-0.003671429120004177,0.9991613626480103,0.5443148612976074,0.4006813168525696,-0.061393432319164276,0.9993510246276855,0.4692838490009308,0.4051218032836914,0.13120736181735992,0.9996601939201355,0.48020103573799133,0.41610193252563477,-0.2849165201187134,0.9999355673789978,0.423366516828537,0.4621611535549164,0.19575868546962738,0.08699186891317368,0.4624127149581909,0.4788118898868561,-0.33581221103668213,0.9553393721580505,0.44797930121421814,0.5243334174156189,0.1473398208618164,0.09313325583934784,0.47940272092819214,0.539167046546936,-0.2603263854980469,0.8769274353981018,0.4544025957584381,0.5381317138671875,0.1527642458677292,0.09362407773733139,0.4832650423049927,0.5533553957939148,-0.2985372245311737,0.8222683668136597,0.4589379131793976,0.5412587523460388,0.11004652082920074,0.095819853246212,0.4845051169395447,0.5541736483573914,-0.2816816568374634,0.8151374459266663,0.45744335651397705,0.5374505519866943,0.12651926279067993,0.10083155333995819,0.48098695278167725,0.5484533309936523,-0.2529250979423523,0.7560345530509949,0.36323514580726624,0.5093540549278259,0.12577183544635773,0.9994997978210449,0.367991179227829,0.5186894536018372,-0.1254967898130417,0.9998149275779724,0.3736778795719147,0.5878937244415283,0.18729402124881744,0.4385167956352234,0.3847270905971527,0.5980799794197083,-0.07094209641218185,0.926441490650177,0.37394773960113525,0.6734040379524231,0.3215146064758301,0.6434820890426636,0.37450551986694336,0.6857036352157593,0.05995440110564232,0.949974536895752,0.35907360911369324,0.6835484504699707,0.32766249775886536,0.650806725025177,0.35718774795532227,0.7034953236579895,0.0667833685874939,0.9136219620704651,0.41865837574005127,0.6852825880050659,0.2522875964641571,0.7546970248222351,0.42778143286705017,0.6982348561286926,-0.026683351024985313,0.9443209767341614
42,0.5552252531051636,0.3999410569667816,-0.038533154875040054,0.999502420425415,0.5584417581558228,0.39295142889022827,-0.03200909122824669,0.9992997646331787,0.5570166707038879,0.3922860026359558,-0.0320705771446228,0.99916672706604,0.5553281307220459,0.39161646366119385,-0.03214254975318909,0.9993906617164612,0.559000551700592,0.39360544085502625,-0.07658153772354126,0.9992449283599854,0.5576882362365723,0.3932751715183258,-0.07671360671520233,0.9990821480751038,0.5558587312698364,0.39278876781463623,-0.0767052173614502,0.9993088841438293,0.5346207618713379,0.3873404860496521,0.01779007539153099,0.9984801411628723,0.5383819341659546,0.3894363343715668,-0.1804428994655609,0.9989050626754761,0.5412989854812622,0.4027966558933258,-0.012338519096374512,0.9991687536239624,0.5420145988464355,0.4030531942844391,-0.07062122970819473,0.9993551969528198,0.46952515840530396,0.4060901999473572,0.1351221650838852,0.999662458896637,0.4800195097923279,0.41527023911476135,-0.2855053246021271,0.9999362230300903,0.42717593908309937,0.46316203474998474,0.19483226537704468,0.08683022111654282,0.4598132371902466,0.4798697531223297,-0.34012970328330994,0.9555313587188721,0.43901705741882324,0.5192346572875977,0.1363963633775711,0.0925845354795456,0.47944581508636475,0.5419154763221741,-0.26833999156951904,0.8768669366836548,0.46019330620765686,0.5382137894630432,0.14020802080631256,0.09296399354934692,0.48443490266799927,0.5532621145248413,-0.307182639837265,0.8220500946044922,0.46400171518325806,0.5415124297142029,0.09890495240688324,0.09510957449674606,0.486221045255661,0.5541262626647949,-0.29015663266181946,0.8149275779724121,0.46182408928871155,0.5376089811325073,0.1158125028014183,0.10017062723636627,0.4808071255683899,0.5499845743179321,-0.2607857882976532,0.7560073733329773,0.36956095695495605,0.5115559697151184,0.12806041538715363,0.9994953870773315,0.3682492673397064,0.5197044610977173,-0.12781010568141937,0.9998151659965515,0.3792398273944855,0.5904046893119812,0.19925183057785034,0.4377897381782532,0.38543322682380676,0.5994341969490051,-0.06360466033220291,0.9266528487205505,0.3748689293861389,0.6749172806739807,0.34451696276664734,0.6411513090133667,0.3744781017303467,0.6877374649047852,0.06861115247011185,0.9501282572746277,0.35936447978019714,0.6863021850585938,0.35151758790016174,0.6488734483718872,0.356281578540802,0.7053177952766418,0.07572780549526215,0.9143145680427551,0.4253665506839752,0.6895824670791626,0.2769642770290375,0.7532358169555664,0.42943108081817627,0.7064639329910278,-0.01719699613749981,0.9445109963417053
43,0.556239902973175,0.39906370639801025,-0.038079459220170975,0.9994802474975586,0.5591241717338562,0.3912111520767212,-0.033561546355485916,0.9992711544036865,0.5579078197479248,0.39039739966392517,-0.03365045785903931,0.9991339445114136,0.5564340353012085,0.3896355628967285,-0.03375748544931412,0.999367356300354,0.5595865249633789,0.3921418786048889,-0.0766933262348175,0.9992056488990784,0.5584149360656738,0.39184388518333435,-0.0768267810344696,0.9990321397781372,0.5571735501289368,0.3915789723396301,-0.07683511823415756,0.9992708563804626,0.5367070436477661,0.38562142848968506,0.009909284301102161,0.9984349608421326,0.540369987487793,0.3882656991481781,-0.1823263168334961,0.998838484287262,0.5432373881340027,0.40156659483909607,-0.014029732905328274,0.9991416931152344,0.5438151359558105,0.40197616815567017,-0.07049676030874252,0.9993254542350769,0.4702533185482025,0.4064999222755432,0.1240350753068924,0.9996612668037415,0.47953447699546814,0.4159579277038574,-0.2826594412326813,0.999933123588562,0.4308865964412689,0.46501103043556213,0.18656815588474274,0.0889555811882019,0.46065109968185425,0.4768412709236145,-0.33142971992492676,0.9539279341697693,0.45879536867141724,0.5244389772415161,0.12997417151927948,0.09400177001953125,0.4780158996582031,0.5375733375549316,-0.257099449634552,0.8739381432533264,0.4627338945865631,0.5417124629020691,0.13401608169078827,0.0941363051533699,0.4813263416290283,0.5513094067573547,-0.2939014732837677,0.8187907338142395,0.4625991880893707,0.5428722500801086,0.09306314587593079,0.0962621346116066,0.4823503792285919,0.5522723197937012,-0.2794867753982544,0.8116288781166077,0.4618854820728302,0.5409484505653381,0.10969346016645432,0.10140666365623474,0.48235180974006653,0.5481769442558289,-0.25050950050354004,0.7526434063911438,0.3654383718967438,0.5105202198028564,0.12103056162595749,0.9994934797286987,0.36489740014076233,0.5183238983154297,-0.12079008668661118,0.9998109340667725,0.375081330537796,0.5900807976722717,0.19151902198791504,0.44255518913269043,0.3840220272541046,0.6001063585281372,-0.06231147050857544,0.9261560440063477,0.377603143453598,0.672488808631897,0.3213779926300049,0.6440601348876953,0.37655210494995117,0.6872518658638,0.07717694342136383,0.9495335817337036,0.36064308881759644,0.6874359846115112,0.3270207941532135,0.6488192081451416,0.35913529992103577,0.7044248580932617,0.08479604125022888,0.9134353399276733,0.4184660315513611,0.6891509890556335,0.2491348683834076,0.7547069191932678,0.4266119599342346,0.7022395133972168,-0.008637459948658943,0.9438462853431702
44,0.5572463274002075,0.3991604447364807,-0.042002201080322266,0.9994496703147888,0.5592368841171265,0.391299307346344,-0.034040190279483795,0.9992297291755676,0.5578810572624207,0.3905603289604187,-0.034108713269233704,0.999087393283844,0.5562558770179749,0.3899780511856079,-0.034201860427856445,0.999332070350647,0.5589912533760071,0.39196959137916565,-0.07976121455430984,0.9991589784622192,0.5575659871101379,0.39169031381607056,-0.07989180833101273,0.9989778995513916,0.5569735765457153,0.3905175030231476,-0.07990073412656784,0.999228835105896,0.5363116264343262,0.3866478204727173,0.022454891353845596,0.9983386397361755,0.538550853729248,0.3887743651866913,-0.18093566596508026,0.9987675547599792,0.5431760549545288,0.4016786217689514,-0.013299725949764252,0.9990829229354858,0.5435007810592651,0.4018476605415344,-0.07301058620214462,0.9992828369140625,0.4712092876434326,0.40868276357650757,0.14726437628269196,0.9996410012245178,0.4795050621032715,0.4161738455295563,-0.2890046238899231,0.9999269843101501,0.43717703223228455,0.46178555488586426,0.2037186324596405,0.08801651000976562,0.46124014258384705,0.4771077036857605,-0.3511393070220947,0.9525721073150635,0.45966944098472595,0.5221747159957886,0.13554033637046814,0.09301256388425827,0.4776577949523926,0.5370596647262573,-0.2792606055736542,0.8705291748046875,0.46428027749061584,0.5350266695022583,0.1386002004146576,0.09315367788076401,0.4804553687572479,0.5506056547164917,-0.3186964988708496,0.815375566482544,0.46843892335891724,0.5376710891723633,0.09791070222854614,0.09522570669651031,0.48535317182540894,0.5528934597969055,-0.30160650610923767,0.8081620335578918,0.46491724252700806,0.5367708802223206,0.1144661158323288,0.10035150498151779,0.481413871049881,0.5475145578384399,-0.27160727977752686,0.7489760518074036,0.37099355459213257,0.5113224983215332,0.130705326795578,0.9994732141494751,0.36714887619018555,0.5186780095100403,-0.1303919106721878,0.9998018741607666,0.3794189989566803,0.59087735414505,0.16941049695014954,0.44124096632003784,0.3870496153831482,0.6018311977386475,-0.09912684559822083,0.9247530102729797,0.37697356939315796,0.6771028637886047,0.2909066677093506,0.6417860388755798,0.37600138783454895,0.6895737648010254,0.013932676054537296,0.9492014050483704,0.3588990569114685,0.6916584968566895,0.29534733295440674,0.6478930711746216,0.35828733444213867,0.7070739269256592,0.01826402358710766,0.912693202495575,0.4281069040298462,0.6930437684059143,0.21333366632461548,0.752855658531189,0.42593854665756226,0.7066512703895569,-0.08689385652542114,0.9434624314308167
45,0.5573281049728394,0.4000324606895447,-0.016401812434196472,0.9994603991508484,0.5595265626907349,0.39273369312286377,-0.010952801443636417,0.9992465376853943,0.5581130385398865,0.39189377427101135,-0.011012137867510319,0.9991071820259094,0.5564193725585938,0.39109641313552856,-0.011085950769484043,0.9993467926979065,0.5600904226303101,0.39362505078315735,-0.05522484332323074,0.9991778135299683,0.5588654279708862,0.39330899715423584,-0.05535386502742767,0.9990003705024719,0.557129979133606,0.3928651213645935,-0.05534518510103226,0.9992452263832092,0.5368431806564331,0.38691186904907227,0.03222156688570976,0.9983866810798645,0.540292501449585,0.3894987106323242,-0.16501297056674957,0.9987963438034058,0.5435536503791809,0.4023219048976898,0.007410981692373753,0.9991036653518677,0.5445943474769592,0.4026165008544922,-0.05059041827917099,0.9992985129356384,0.47040510177612305,0.40597885847091675,0.14571531116962433,0.9996474981307983,0.48087871074676514,0.4162161946296692,-0.27356600761413574,0.9999289512634277,0.4290243685245514,0.463026762008667,0.20863288640975952,0.0877804309129715,0.4615594744682312,0.4771503508090973,-0.3276081085205078,0.9530285000801086,0.443691223859787,0.5146836638450623,0.15516972541809082,0.09234568476676941,0.48062819242477417,0.5378634929656982,-0.25417569279670715,0.8709933161735535,0.4594566226005554,0.5383356809616089,0.16106952726840973,0.09249600768089294,0.4810580909252167,0.5506787896156311,-0.2926214635372162,0.8158063888549805,0.4634948670864105,0.5412174463272095,0.11884042620658875,0.09453929960727692,0.4870888888835907,0.5510429739952087,-0.275036096572876,0.8086000680923462,0.4619958698749542,0.5373033881187439,0.13451127707958221,0.09967942535877228,0.48246997594833374,0.5473816394805908,-0.24650083482265472,0.749661386013031,0.3651025891304016,0.509800910949707,0.12825332581996918,0.9994758367538452,0.3675430715084076,0.5187476873397827,-0.1279718279838562,0.9998043179512024,0.37813621759414673,0.590718150138855,0.1912306398153305,0.4383533298969269,0.3854583203792572,0.6000791192054749,-0.07286708056926727,0.9247878789901733,0.37436094880104065,0.6744277477264404,0.32001781463623047,0.6390383243560791,0.3752148151397705,0.6882556080818176,0.045976247638463974,0.9492301940917969,0.35692358016967773,0.6892913579940796,0.32533854246139526,0.6462965607643127,0.3577011823654175,0.7054577469825745,0.05166367441415787,0.9131343364715576,0.4238263964653015,0.6888248324394226,0.24940715730190277,0.7507630586624146,0.4295807182788849,0.7051807641983032,-0.04145939648151398,0.9434409141540527
46,0.5566256046295166,0.39893704652786255,-0.033710233867168427,0.9994702339172363,0.5589579343795776,0.3916124105453491,-0.028423530980944633,0.999260425567627,0.5577133893966675,0.39084357023239136,-0.02848942205309868,0.99912428855896,0.5562690496444702,0.3901471793651581,-0.02856067754328251,0.9993579983711243,0.55977463722229,0.3925158381462097,-0.07317192107439041,0.9991917014122009,0.5588247776031494,0.3922478258609772,-0.07331173121929169,0.9990174174308777,0.5573874115943909,0.391866534948349,-0.07331736385822296,0.9992580413818359,0.536975622177124,0.3857870101928711,0.014622660353779793,0.9984174370765686,0.5416101217269897,0.3887346386909485,-0.18501995503902435,0.9988244771957397,0.5439745187759399,0.401210218667984,-0.009800304658710957,0.9991228580474854,0.5450342297554016,0.4014752507209778,-0.06841027736663818,0.9993149042129517,0.4708057940006256,0.4060789942741394,0.13162435591220856,0.9996551871299744,0.4827609062194824,0.4164782166481018,-0.29256507754325867,0.9999304413795471,0.42886435985565186,0.4642791152000427,0.18962453305721283,0.08875571936368942,0.46209463477134705,0.4769577085971832,-0.3488568365573883,0.9533408880233765,0.4575396180152893,0.5216977596282959,0.1270619034767151,0.09307418763637543,0.47811219096183777,0.5399676561355591,-0.2777184844017029,0.8712708353996277,0.4611334204673767,0.5373700857162476,0.1300250142812729,0.09311758726835251,0.4792499840259552,0.550848126411438,-0.3170779347419739,0.8158748745918274,0.4609690308570862,0.5411347150802612,0.08808597177267075,0.09514715522527695,0.4844430685043335,0.5533303022384644,-0.3008745014667511,0.8086569905281067,0.4636613726615906,0.5362027883529663,0.10586665570735931,0.10014714300632477,0.48097723722457886,0.5476877689361572,-0.27059170603752136,0.7499632835388184,0.36864709854125977,0.5108788013458252,0.12748482823371887,0.9994845986366272,0.36795487999916077,0.5190417170524597,-0.12715062499046326,0.9998067021369934,0.3766710162162781,0.590282142162323,0.17994272708892822,0.43895480036735535,0.38531455397605896,0.6035228371620178,-0.08443055301904678,0.9240276217460632,0.3775310218334198,0.6752830743789673,0.2976173162460327,0.6405112743377686,0.37530791759490967,0.6915693283081055,0.03849313035607338,0.9488396644592285,0.36176177859306335,0.6918214559555054,0.3016563057899475,0.6481199860572815,0.3570219576358795,0.7096586227416992,0.044037096202373505,0.9127253293991089,0.4241403043270111,0.6893018484115601,0.22046174108982086,0.7515485882759094,0.4287623465061188,0.7054294943809509,-0.054057661443948746,0.9430772662162781
47,0.5582696199417114,0.4000069200992584,-0.01656663604080677,0.9994860291481018,0.5605838298797607,0.39267390966415405,-0.011472923681139946,0.9992837309837341,0.5591434836387634,0.39189815521240234,-0.011530070565640926,0.9991520643234253,0.5574415326118469,0.3911827802658081,-0.011599729768931866,0.9993778467178345,0.561342179775238,0.39348119497299194,-0.0555977039039135,0.9992167353630066,0.560224711894989,0.3931722640991211,-0.05572656914591789,0.9990472197532654,0.5590225458145142,0.3929206132888794,-0.05571812018752098,0.9992796182632446,0.5374614000320435,0.38679683208465576,0.02941150963306427,0.9984743595123291,0.5418336987495422,0.38949620723724365,-0.16733112931251526,0.9988617300987244,0.5452618598937988,0.40229544043540955,0.0064772083424031734,0.999150276184082,0.5465070009231567,0.402565062046051,-0.05135947838425636,0.9993348717689514,0.47121843695640564,0.4061686396598816,0.1407143473625183,0.9996629357337952,0.48162132501602173,0.4171200394630432,-0.2754879593849182,0.9999321103096008,0.4291166067123413,0.462423712015152,0.19954095780849457,0.08936813473701477,0.46260565519332886,0.4779232442378998,-0.3330575227737427,0.9533870220184326,0.45312753319740295,0.5236161351203918,0.14307013154029846,0.09290506690740585,0.4800785779953003,0.5385487675666809,-0.2622130215167999,0.8703393340110779,0.4595266580581665,0.5374290347099304,0.14859908819198608,0.09284670650959015,0.4804771840572357,0.5515702962875366,-0.3007815480232239,0.8144848346710205,0.46335601806640625,0.5403642654418945,0.1069754883646965,0.0948500856757164,0.4853767454624176,0.5542697906494141,-0.28348493576049805,0.8072231411933899,0.4618358612060547,0.5365116000175476,0.12265341728925705,0.09980633109807968,0.48196762800216675,0.5484074950218201,-0.2547447383403778,0.7484983801841736,0.3653201758861542,0.5096076726913452,0.1270783692598343,0.9994935989379883,0.3673720359802246,0.5186301469802856,-0.12675903737545013,0.9998103976249695,0.3789789080619812,0.589992880821228,0.16926905512809753,0.4391326606273651,0.3847874104976654,0.5988181829452515,-0.09318835288286209,0.9243518710136414,0.3784162402153015,0.672745943069458,0.28572869300842285,0.6408137083053589,0.37484487891197205,0.6867563724517822,0.02030835673213005,0.949144184589386,0.3644479215145111,0.686834990978241,0.2897263467311859,0.6489125490188599,0.35678398609161377,0.7047675251960754,0.025275079533457756,0.9135064482688904,0.4234854280948639,0.6892407536506653,0.20939230918884277,0.7519449591636658,0.42873483896255493,0.7052775621414185,-0.07172928005456924,0.943439245223999
48,0.5565768480300903,0.3986606001853943,-0.01553631667047739,0.9994871616363525,0.558413028717041,0.3914232552051544,-0.010777113027870655,0.9992863535881042,0.5570287704467773,0.39059382677078247,-0.01083297934383154,0.9991558790206909,0.5554304122924805,0.3898579478263855,-0.010900252498686314,0.9993789792060852,0.5593904852867126,0.392524778842926,-0.05519594997167587,0.9992195963859558,0.558022141456604,0.39217132329940796,-0.05532623454928398,0.9990512728691101,0.5569605231285095,0.3920218348503113,-0.055326446890830994,0.9992817044258118,0.5369478464126587,0.3861253261566162,0.02962081879377365,0.9984889626502991,0.5413644909858704,0.3890507221221924,-0.16842012107372284,0.9988731145858765,0.5433406829833984,0.4009329676628113,0.007532079238444567,0.9991552233695984,0.54472815990448,0.4013673663139343,-0.05067305639386177,0.9993403553962708,0.47179070115089417,0.4063163697719574,0.14362797141075134,0.9996653199195862,0.4835822284221649,0.41621533036231995,-0.27926263213157654,0.9999330639839172,0.43046748638153076,0.4629289507865906,0.19901211559772491,0.08958368003368378,0.4646751284599304,0.4778973460197449,-0.3368986248970032,0.9533222913742065,0.45311909914016724,0.5230646133422852,0.13905362784862518,0.09263859689235687,0.47951915860176086,0.5380280613899231,-0.26568153500556946,0.8693456649780273,0.4583883583545685,0.5365912914276123,0.14339540898799896,0.09255351126194,0.47937580943107605,0.5510866641998291,-0.30526646971702576,0.8131757378578186,0.4625002443790436,0.5391548275947571,0.10177651792764664,0.09450405836105347,0.4843835234642029,0.5536617636680603,-0.2876666784286499,0.8058794736862183,0.46156740188598633,0.5354666113853455,0.1182633712887764,0.09936817735433578,0.48082685470581055,0.5479678511619568,-0.2582220733165741,0.7473028898239136,0.3651609718799591,0.5097501873970032,0.12964902818202972,0.9994959235191345,0.3667493462562561,0.51919025182724,-0.12931980192661285,0.9998118281364441,0.3788871467113495,0.5905813574790955,0.17970578372478485,0.43573200702667236,0.3879648745059967,0.6025238037109375,-0.088223896920681,0.9233877658843994,0.37658312916755676,0.6758019328117371,0.2971935272216797,0.6387155055999756,0.37528660893440247,0.68952876329422,0.02387707307934761,0.9488299489021301,0.359850138425827,0.6907820701599121,0.30130094289779663,0.6486738920211792,0.35482513904571533,0.7104145288467407,0.028560619801282883,0.9134701490402222,0.43015098571777344,0.6909471750259399,0.2221101075410843,0.7499798536300659,0.4294932782649994,0.7054615020751953,-0.06836988776922226,0.9430115818977356
49,0.5577880144119263,0.3983559310436249,-0.0005053877248428762,0.9994880557060242,0.5594460368156433,0.3910354673862457,0.003650329541414976,0.9992893934249878,0.5580103993415833,0.39017993211746216,0.003601888893172145,0.9991604089736938,0.5563377141952515,0.38943958282470703,0.003539896570146084,0.9993806481361389,0.5599101185798645,0.39207184314727783,-0.03965048864483833,0.9992212057113647,0.558893084526062,0.39194008708000183,-0.03978033363819122,0.9990534782409668,0.5577120780944824,0.39185065031051636,-0.039770353585481644,0.9992817640304565,0.5376417636871338,0.38586103916168213,0.04038004204630852,0.9984981417655945,0.5418785810470581,0.3889908492565155,-0.15268994867801666,0.9988767504692078,0.5438305139541626,0.40074053406715393,0.021186308935284615,0.999153196811676,0.5450704097747803,0.4013292193412781,-0.0355253592133522,0.9993383884429932,0.4719281494617462,0.40659409761428833,0.14982600510120392,0.9996666312217712,0.484445184469223,0.41606229543685913,-0.26265087723731995,0.9999330639839172,0.42802542448043823,0.46108609437942505,0.20305362343788147,0.09040813893079758,0.46306902170181274,0.4766753315925598,-0.32093408703804016,0.9525715112686157,0.45369040966033936,0.5199860334396362,0.14218010008335114,0.09300209581851959,0.478000670671463,0.5363281965255737,-0.24990956485271454,0.8664369583129883,0.46013593673706055,0.5334308743476868,0.14647242426872253,0.09289929270744324,0.4828682243824005,0.5485705733299255,-0.286882221698761,0.8097437620162964,0.46456989645957947,0.536130964756012,0.10641670227050781,0.09481498599052429,0.48802459239959717,0.5512855648994446,-0.27016550302505493,0.8023897409439087,0.46310463547706604,0.5324389338493347,0.12207714468240738,0.09958011656999588,0.4826210141181946,0.5474692583084106,-0.2425653040409088,0.7437633872032166,0.3657989203929901,0.509233832359314,0.12582752108573914,0.9995028972625732,0.36898601055145264,0.5181754231452942,-0.1254899948835373,0.9998139142990112,0.37791571021080017,0.5905430316925049,0.15157870948314667,0.43502095341682434,0.38705170154571533,0.6022091507911682,-0.10719272494316101,0.9224218130111694,0.37704330682754517,0.6780821681022644,0.24961307644844055,0.6395502686500549,0.3766993582248688,0.6910584568977356,-0.010955044068396091,0.9486283659934998,0.36090561747550964,0.6943762302398682,0.2516515851020813,0.6505364775657654,0.3568442463874817,0.7114970684051514,-0.00796935148537159,0.9135713577270508,0.4230554699897766,0.6904007196426392,0.16880583763122559,0.7504434585571289,0.42872315645217896,0.7063628435134888,-0.10896587371826172,0.9428402781486511
50,0.5573537945747375,0.39989525079727173,-0.0013850837713107467,0.9994773864746094,0.5602245926856995,0.3928927779197693,0.0020949936006218195,0.9992824196815491,0.5587283968925476,0.3922187387943268,0.002031529787927866,0.9991531372070312,0.5569770336151123,0.39149004220962524,0.0019532477017492056,0.999374270439148,0.5609033703804016,0.39360806345939636,-0.04069841653108597,0.9992074966430664,0.5596606135368347,0.3933032751083374,-0.04082893207669258,0.9990352392196655,0.5584011077880859,0.39297690987586975,-0.04081491380929947,0.9992648363113403,0.5366452932357788,0.3867591321468353,0.03635994344949722,0.9984978437423706,0.5407565832138062,0.38898247480392456,-0.1546364575624466,0.998854398727417,0.5430030226707458,0.4024662971496582,0.01935333013534546,0.9991377592086792,0.5439127683639526,0.4028080105781555,-0.0367511510848999,0.9993179440498352,0.46548187732696533,0.4065597951412201,0.14283302426338196,0.999664843082428,0.48370087146759033,0.4151732325553894,-0.2632429003715515,0.9999316334724426,0.42574360966682434,0.46143239736557007,0.19999703764915466,0.09078196436166763,0.4663170576095581,0.47692784667015076,-0.3182224631309509,0.9505928158760071,0.45033958554267883,0.5227620601654053,0.14409825205802917,0.0923871323466301,0.4831068217754364,0.5378512144088745,-0.24092456698417664,0.8597332239151001,0.45133522152900696,0.533415675163269,0.14942710101604462,0.09232588112354279,0.48329341411590576,0.5505831837654114,-0.27526646852493286,0.802026093006134,0.4646126329898834,0.5407652854919434,0.11045870184898376,0.09421373158693314,0.4888317883014679,0.5509858131408691,-0.2596525251865387,0.7945793867111206,0.45111241936683655,0.5340582132339478,0.12481322884559631,0.0989716425538063,0.48419860005378723,0.5474557280540466,-0.23368026316165924,0.7356576323509216,0.3634333610534668,0.5096984505653381,0.12314843386411667,0.9995077848434448,0.36725082993507385,0.5183756947517395,-0.1228635385632515,0.9998143315315247,0.37348392605781555,0.5872417688369751,0.1643257588148117,0.43700718879699707,0.38418105244636536,0.5979929566383362,-0.08949028700590134,0.9220375418663025,0.3757089078426361,0.6753131151199341,0.27019229531288147,0.6414055824279785,0.3744839131832123,0.6881145238876343,0.020319126546382904,0.9483242034912109,0.358389675617218,0.6908441185951233,0.2730882167816162,0.6519802808761597,0.3573797345161438,0.705278754234314,0.025167502462863922,0.9139825701713562,0.42424413561820984,0.6916479468345642,0.1939563900232315,0.7516940236091614,0.42741987109184265,0.7074736952781677,-0.0693807527422905,0.9426555633544922
51,0.5578248500823975,0.40250569581985474,-0.0071182772517204285,0.9994838237762451,0.5606328248977661,0.39534124732017517,-0.0022997348569333553,0.999291181564331,0.559362530708313,0.3946039378643036,-0.002349659102037549,0.9991633296012878,0.5578266978263855,0.39386141300201416,-0.002413219539448619,0.9993825554847717,0.5612331032752991,0.39593347907066345,-0.04603131487965584,0.9992162585258484,0.5601099133491516,0.3954962491989136,-0.04615975543856621,0.9990447759628296,0.5589114427566528,0.3950884938240051,-0.04614487290382385,0.9992710947990417,0.5382144451141357,0.3883447051048279,0.03671189770102501,0.9985189437866211,0.5422555208206177,0.3907024562358856,-0.1582859456539154,0.9988613724708557,0.5445573329925537,0.405028760433197,0.015093937516212463,0.9991474151611328,0.5453075766563416,0.4052045941352844,-0.04220905900001526,0.9993215203285217,0.47224557399749756,0.40705037117004395,0.14527682960033417,0.9996699094772339,0.4836300015449524,0.4164406657218933,-0.26731163263320923,0.9999321103096008,0.4303182065486908,0.4615420401096344,0.19739583134651184,0.09316488355398178,0.4641375243663788,0.47698974609375,-0.32973548769950867,0.9505759477615356,0.455903023481369,0.5209460258483887,0.13146436214447021,0.09451382607221603,0.4779401421546936,0.5363156795501709,-0.2617408335208893,0.8590937852859497,0.4629560708999634,0.5344987511634827,0.13540664315223694,0.09413116425275803,0.4830685555934906,0.5486717820167542,-0.29935145378112793,0.8008942604064941,0.46687790751457214,0.5372250080108643,0.09635838121175766,0.09600656479597092,0.48729407787323,0.5510939359664917,-0.2820816934108734,0.7934430241584778,0.46385520696640015,0.535649836063385,0.1118423342704773,0.10067135840654373,0.48198387026786804,0.5473698973655701,-0.2541835904121399,0.7345355749130249,0.36920619010925293,0.5112566351890564,0.12759752571582794,0.9995105862617493,0.3682839274406433,0.5198697447776794,-0.1273125410079956,0.999815046787262,0.3782117962837219,0.5920076370239258,0.1751646101474762,0.4383893311023712,0.38667982816696167,0.6029218435287476,-0.08689098805189133,0.9225059747695923,0.3765862286090851,0.6742555499076843,0.29473167657852173,0.6417438387870789,0.3728058338165283,0.6895900964736938,0.027033058926463127,0.9484648108482361,0.35741764307022095,0.688136637210846,0.2989170551300049,0.6518406271934509,0.35369178652763367,0.7071560621261597,0.03222846984863281,0.9143816232681274,0.42217475175857544,0.6921471357345581,0.21983814239501953,0.7518723011016846,0.4301842451095581,0.7048830389976501,-0.06280059367418289,0.9428598880767822
52,0.557860255241394,0.4013170301914215,-0.003672053338959813,0.9994808435440063,0.5602321028709412,0.39403092861175537,-0.00014979216211941093,0.9992887377738953,0.5588185787200928,0.3932732045650482,-0.00021603899949695915,0.9991602301597595,0.557101845741272,0.3925689458847046,-0.00029455230105668306,0.9993804693222046,0.5610172152519226,0.3948836624622345,-0.043333057314157486,0.9992089867591858,0.5598521828651428,0.3945918679237366,-0.04346610605716705,0.9990341067314148,0.5585987567901611,0.3943510949611664,-0.043459780514240265,0.9992615580558777,0.5369818210601807,0.3881257176399231,0.03407960757613182,0.9985207319259644,0.5416328310966492,0.39071857929229736,-0.15881669521331787,0.9988478422164917,0.5440905094146729,0.40397581458091736,0.016971876844763756,0.9991447329521179,0.5450311899185181,0.404410183429718,-0.03966956585645676,0.9993125200271606,0.47248852252960205,0.4061959385871887,0.140947625041008,0.9996733665466309,0.4843708574771881,0.4163553714752197,-0.2676469087600708,0.9999312162399292,0.4280582070350647,0.46178826689720154,0.20031189918518066,0.09487397968769073,0.46663644909858704,0.477766215801239,-0.3229309916496277,0.9496638178825378,0.4518945813179016,0.5228702425956726,0.14189642667770386,0.09593959152698517,0.4799838662147522,0.5359231233596802,-0.24834471940994263,0.856106698513031,0.4581659138202667,0.5370078086853027,0.1468462496995926,0.0955970361828804,0.4841182827949524,0.5480268001556396,-0.2842266857624054,0.7971596717834473,0.461881160736084,0.5396128296852112,0.10691116005182266,0.09749170392751694,0.48814183473587036,0.550731360912323,-0.26828399300575256,0.7896435856819153,0.4663993716239929,0.5360371470451355,0.1221754178404808,0.10209264606237411,0.48318812251091003,0.5470366477966309,-0.24112479388713837,0.7306278347969055,0.36599162220954895,0.5096193552017212,0.1252230554819107,0.9995167851448059,0.37001049518585205,0.5194605588912964,-0.12493935972452164,0.9998152852058411,0.3787512481212616,0.59090656042099,0.1756613552570343,0.4432838559150696,0.3852887749671936,0.5998020768165588,-0.08345521241426468,0.923183262348175,0.3752477765083313,0.6747544407844543,0.2884812653064728,0.6468437314033508,0.3750981092453003,0.6872885227203369,0.03585308417677879,0.948749303817749,0.35868263244628906,0.6898229122161865,0.29222920536994934,0.6550536751747131,0.35866639018058777,0.7043141722679138,0.04169203341007233,0.9149400591850281,0.4244057834148407,0.690547525882721,0.21301504969596863,0.7551521062850952,0.42783308029174805,0.7063670754432678,-0.051522716879844666,0.9431642293930054
53,0.5579404830932617,0.39967605471611023,0.001771424082107842,0.9994727373123169,0.5602479577064514,0.3926308751106262,0.005465594585984945,0.9992793798446655,0.5589866042137146,0.391859233379364,0.005403987597674131,0.9991490244865417,0.5574918389320374,0.39113566279411316,0.005326242186129093,0.9993717670440674,0.5612452030181885,0.3935629427433014,-0.03719218075275421,0.9991971254348755,0.5603551268577576,0.39329561591148376,-0.03732329234480858,0.9990193247795105,0.5594239234924316,0.39308908581733704,-0.037318259477615356,0.9992502331733704,0.5384799838066101,0.386775404214859,0.03915643319487572,0.9985073804855347,0.5435625910758972,0.38966286182403564,-0.15151186287403107,0.9988333582878113,0.5447217226028442,0.4019315242767334,0.02211252972483635,0.9991323947906494,0.5458658933639526,0.4022904336452484,-0.03389671817421913,0.9993020296096802,0.4723784625530243,0.4055423140525818,0.14274384081363678,0.9996709823608398,0.4856039583683014,0.4160694479942322,-0.2594423294067383,0.9999305605888367,0.4283301830291748,0.46068912744522095,0.1989617645740509,0.09496647864580154,0.46458426117897034,0.47620564699172974,-0.3147898018360138,0.9492263197898865,0.4538430869579315,0.5209974646568298,0.1449623554944992,0.09566783159971237,0.4799216091632843,0.5348678827285767,-0.24278293550014496,0.8545652031898499,0.4603031873703003,0.534805953502655,0.1503591239452362,0.09541875123977661,0.4838595986366272,0.5470981001853943,-0.2783134877681732,0.7951833605766296,0.4645884335041046,0.5375573635101318,0.11020096391439438,0.09730131179094315,0.484779953956604,0.5484199523925781,-0.26198258996009827,0.787630558013916,0.46305572986602783,0.5336865186691284,0.1252042055130005,0.10182351619005203,0.4835625886917114,0.5461703538894653,-0.23551997542381287,0.7286158204078674,0.3660518527030945,0.5090138912200928,0.12187949568033218,0.9995160102844238,0.37044382095336914,0.5180970430374146,-0.12156467139720917,0.9998143911361694,0.37717023491859436,0.5890593528747559,0.15006956458091736,0.4446989893913269,0.38415464758872986,0.5974867939949036,-0.10051003843545914,0.9227873682975769,0.3752826750278473,0.6736246943473816,0.2519388496875763,0.6476053595542908,0.37534570693969727,0.6860235929489136,0.005078463815152645,0.9483907222747803,0.35975828766822815,0.6887274980545044,0.2547729015350342,0.6557717323303223,0.3580663502216339,0.7034221887588501,0.009405231103301048,0.9145215749740601,0.4244764447212219,0.6887705326080322,0.17468076944351196,0.7552689909934998,0.4290962517261505,0.7043978571891785,-0.08649840205907822,0.942734956741333
54,0.5578035116195679,0.4007178246974945,-0.010797008872032166,0.9994862675666809,0.5603755116462708,0.3938230872154236,-0.004267560783773661,0.9992969036102295,0.5592023134231567,0.39307349920272827,-0.0043106176890432835,0.9991702437400818,0.5577848553657532,0.3923616111278534,-0.004364342894405127,0.9993865489959717,0.5613071918487549,0.39467567205429077,-0.049563031643629074,0.9992174506187439,0.5603141784667969,0.3943216800689697,-0.04969575256109238,0.9990449547767639,0.5592637062072754,0.39400994777679443,-0.0496840626001358,0.9992690086364746,0.5384647250175476,0.38760748505592346,0.03938600793480873,0.9985394477844238,0.5428171753883362,0.38997355103492737,-0.1627408117055893,0.9988664388656616,0.5443606376647949,0.4027499556541443,0.012971549294888973,0.999152660369873,0.545318067073822,0.4029861390590668,-0.04638417065143585,0.9993207454681396,0.47286418080329895,0.40623706579208374,0.15182006359100342,0.9996747970581055,0.4850330650806427,0.414897620677948,-0.2759852707386017,0.999932050704956,0.42990463972091675,0.4614841341972351,0.204263836145401,0.09407949447631836,0.46436038613319397,0.47562289237976074,-0.3417093753814697,0.9502301812171936,0.45395028591156006,0.5225680470466614,0.13767944276332855,0.09495604783296585,0.4793144762516022,0.534701943397522,-0.2726341187953949,0.8565698266029358,0.4604739248752594,0.5368216037750244,0.14145398139953613,0.09476470202207565,0.48152050375938416,0.5491558909416199,-0.31200894713401794,0.7973833084106445,0.4631058871746063,0.539451539516449,0.10026109218597412,0.09665143489837646,0.4857676327228546,0.5517860651016235,-0.2944202125072479,0.7899028658866882,0.4625532329082489,0.5353932976722717,0.11682851612567902,0.10111445933580399,0.4826672077178955,0.545973539352417,-0.26497963070869446,0.7311097383499146,0.3699522316455841,0.5101507902145386,0.12991946935653687,0.9995231628417969,0.3710075914859772,0.5180371999740601,-0.12957678735256195,0.9998173117637634,0.37750616669654846,0.5885440707206726,0.15124501287937164,0.44165027141571045,0.38828280568122864,0.5995903611183167,-0.11436194181442261,0.9224022030830383,0.3784259855747223,0.6740161180496216,0.25576114654541016,0.6447336077690125,0.37618112564086914,0.6927410960197449,-0.014773865230381489,0.9482536911964417,0.36250734329223633,0.6922204494476318,0.25829818844795227,0.6550988554954529,0.35889190435409546,0.7100536227226257,-0.011391567066311836,0.9145990610122681,0.42157241702079773,0.6899849772453308,0.17552684247493744,0.7536175847053528,0.4295104146003723,0.7043123245239258,-0.11128024756908417,0.9427993297576904
55,0.5565878748893738,0.3976763188838959,-0.008904390037059784,0.9994925260543823,0.5586867928504944,0.3906160593032837,-0.004855091217905283,0.9993036389350891,0.557293176651001,0.3898705542087555,-0.004902735818177462,0.9991784691810608,0.5556660890579224,0.38921496272087097,-0.004959094803780317,0.999390721321106,0.5599051117897034,0.391645610332489,-0.049170516431331635,0.9992250800132751,0.5590125322341919,0.3914705514907837,-0.04931359738111496,0.9990555644035339,0.5580822229385376,0.3913806676864624,-0.04931233078241348,0.9992763996124268,0.5370355844497681,0.38572755455970764,0.031122829765081406,0.9985465407371521,0.5423994660377502,0.38858312368392944,-0.16650739312171936,0.9988836050033569,0.5427875518798828,0.40008822083473206,0.012494051828980446,0.9991629123687744,0.5440791845321655,0.40048569440841675,-0.045483749359846115,0.9993313550949097,0.4717998802661896,0.4062468409538269,0.14480862021446228,0.9996824264526367,0.4857727587223053,0.4154359698295593,-0.28066152334213257,0.9999340772628784,0.4284406900405884,0.4620141088962555,0.2021024525165558,0.09500111639499664,0.46423813700675964,0.47554105520248413,-0.34186169505119324,0.9504532217979431,0.4537741243839264,0.5224776864051819,0.1364949494600296,0.09655379503965378,0.4795212149620056,0.5343184471130371,-0.27305176854133606,0.8569585680961609,0.45992958545684814,0.5365320444107056,0.13899201154708862,0.09644036740064621,0.48177677392959595,0.5486040115356445,-0.3122389316558838,0.7977778315544128,0.46421724557876587,0.5396298170089722,0.09753334522247314,0.09835885465145111,0.48775091767311096,0.5490297079086304,-0.29564401507377625,0.7902761101722717,0.4660383462905884,0.5340175032615662,0.11534738540649414,0.10270503163337708,0.4831259548664093,0.5453152060508728,-0.2657758891582489,0.7316102385520935,0.3665724992752075,0.5098936557769775,0.13029149174690247,0.9995387196540833,0.3705297112464905,0.5185734033584595,-0.12996920943260193,0.9998230338096619,0.37859123945236206,0.5900465250015259,0.19088107347488403,0.44112247228622437,0.3882341682910919,0.6009396910667419,-0.0760079175233841,0.9219398498535156,0.37655937671661377,0.6731927394866943,0.3089503347873688,0.6466578841209412,0.3746882975101471,0.6910234689712524,0.041348207741975784,0.9482945799827576,0.3595598340034485,0.6880251169204712,0.31283602118492126,0.6576529741287231,0.3553094267845154,0.7081743478775024,0.04626696929335594,0.9147489666938782,0.42622143030166626,0.6867735385894775,0.2344997674226761,0.7549251317977905,0.4302826225757599,0.702919065952301,-0.050113167613744736,0.9428867101669312
56,0.5564490556716919,0.39998555183410645,-0.007458019070327282,0.9995011687278748,0.5589046478271484,0.3928748369216919,-0.0029731527902185917,0.9993147253990173,0.5576393008232117,0.39208629727363586,-0.003021925687789917,0.9991914629936218,0.5561230778694153,0.3913649320602417,-0.0030839485116302967,0.9993996620178223,0.5598652362823486,0.3938087522983551,-0.04626375436782837,0.9992389678955078,0.5588898062705994,0.3935113549232483,-0.046398140490055084,0.9990731477737427,0.5578612089157104,0.3932777941226959,-0.04638981446623802,0.9992896914482117,0.5371890068054199,0.3870553970336914,0.03396390751004219,0.9985716938972473,0.5420589447021484,0.3897637128829956,-0.15901418030261993,0.9989069104194641,0.5430634021759033,0.4022587835788727,0.014076869003474712,0.9991781711578369,0.5440757274627686,0.40260306000709534,-0.04264162480831146,0.9993455410003662,0.4722464382648468,0.4056660532951355,0.14300966262817383,0.9996876120567322,0.4854975938796997,0.4165509343147278,-0.2680343985557556,0.9999358654022217,0.4306923449039459,0.4620703160762787,0.20074544847011566,0.09451998770236969,0.46489065885543823,0.4761403203010559,-0.3252997100353241,0.9507396221160889,0.4558844566345215,0.5218247175216675,0.1424442082643509,0.09608407318592072,0.47876742482185364,0.5343412756919861,-0.25526005029678345,0.8572766184806824,0.46248960494995117,0.5355668067932129,0.14677880704402924,0.09604489803314209,0.48077183961868286,0.5490854382514954,-0.2923613488674164,0.7981367707252502,0.46410343050956726,0.5400277972221375,0.10595186799764633,0.09795870631933212,0.4813452959060669,0.5502138733863831,-0.27665722370147705,0.7906355261802673,0.46481722593307495,0.5343536138534546,0.12210265547037125,0.10226897150278091,0.48218032717704773,0.5457231998443604,-0.24827232956886292,0.7321012616157532,0.3700590431690216,0.5099973678588867,0.12557733058929443,0.9995456337928772,0.3707215487957001,0.5182416439056396,-0.1252574771642685,0.999826192855835,0.3777744174003601,0.5887100696563721,0.16638827323913574,0.4401476979255676,0.38745662569999695,0.6000117063522339,-0.08945608139038086,0.9217285513877869,0.3790310025215149,0.673701822757721,0.2758790850639343,0.6458867788314819,0.37486356496810913,0.6908968687057495,0.01510572712868452,0.9483650922775269,0.3638128936290741,0.6891323328018188,0.27904877066612244,0.6576002836227417,0.3559496998786926,0.7073075771331787,0.019111044704914093,0.9149847626686096,0.42538440227508545,0.6867174506187439,0.20020540058612823,0.7545472383499146,0.4303244352340698,0.703514039516449,-0.07634028047323227,0.9430708289146423
57,0.5556941032409668,0.398136705160141,-0.008709348738193512,0.9995021224021912,0.5582603812217712,0.39118459820747375,-0.005301864817738533,0.9993181824684143,0.5569323301315308,0.3903883099555969,-0.005355695728212595,0.999195396900177,0.5553889274597168,0.3896787166595459,-0.0054143271408975124,0.9994015097618103,0.5595957040786743,0.39229723811149597,-0.04818465933203697,0.9992426037788391,0.5588816404342651,0.3921261429786682,-0.04832598194479942,0.9990782141685486,0.5581585764884949,0.3920425474643707,-0.04832390695810318,0.9992937445640564,0.537116527557373,0.38579487800598145,0.027162279933691025,0.9985781908035278,0.5429356098175049,0.3888856768608093,-0.1644320785999298,0.9989191293716431,0.542346179485321,0.40027961134910583,0.011283520609140396,0.9991799592971802,0.5438116788864136,0.4007444977760315,-0.044943105429410934,0.9993495345115662,0.468051016330719,0.4036133885383606,0.13574321568012238,0.9996916055679321,0.48630526661872864,0.4150633215904236,-0.274469792842865,0.9999374747276306,0.42605912685394287,0.4607018530368805,0.19262252748012543,0.09464152157306671,0.46661895513534546,0.47617751359939575,-0.32903873920440674,0.9508036375045776,0.4516315162181854,0.5206166505813599,0.1347614973783493,0.09627828747034073,0.4821435213088989,0.5348786115646362,-0.25755855441093445,0.8567288517951965,0.45770400762557983,0.5342283248901367,0.1376955211162567,0.09636110812425613,0.4836404025554657,0.5464480519294739,-0.2942122519016266,0.7972605228424072,0.4638608396053314,0.538912832736969,0.09707272797822952,0.09828699380159378,0.4882988929748535,0.5491920709609985,-0.2783432602882385,0.7897446155548096,0.46103769540786743,0.5329001545906067,0.1143290102481842,0.10243457555770874,0.48360103368759155,0.5452105402946472,-0.25046488642692566,0.7312807440757751,0.3667674958705902,0.5089565515518188,0.1255716234445572,0.9995566010475159,0.37139150500297546,0.5176737308502197,-0.12523405253887177,0.9998307824134827,0.3792211413383484,0.5886451005935669,0.1727432906627655,0.4385439455509186,0.38821783661842346,0.6000795364379883,-0.08428729325532913,0.9210044741630554,0.3795423209667206,0.6721736788749695,0.2805866003036499,0.6465158462524414,0.37313956022262573,0.6892609596252441,0.025911035016179085,0.9479366540908813,0.3639433681964874,0.6867588758468628,0.2837325632572174,0.6595516800880432,0.3551314175128937,0.7059563994407654,0.030535461381077766,0.9146952629089355,0.4258733093738556,0.6860758066177368,0.20556138455867767,0.7551370859146118,0.4300706088542938,0.7028216123580933,-0.06379932910203934,0.942725419998169
58,0.5583149194717407,0.3978957235813141,-0.033687982708215714,0.9994990825653076,0.5604039430618286,0.39104336500167847,-0.02737669087946415,0.9993123412132263,0.5591894388198853,0.3903462290763855,-0.027439381927251816,0.9991887211799622,0.5577504634857178,0.38972198963165283,-0.02750631794333458,0.9993970990180969,0.5612879991531372,0.39193063974380493,-0.07320401817560196,0.9992357492446899,0.5602370500564575,0.39166682958602905,-0.07335663586854935,0.9990701675415039,0.5591554641723633,0.39148014783859253,-0.07337338477373123,0.9992896914482117,0.5385493636131287,0.38581910729408264,0.019811073318123817,0.9985555410385132,0.5429587364196777,0.3882596790790558,-0.18457302451133728,0.9989163279533386,0.5448569655418396,0.4002299904823303,-0.008319752290844917,0.9991762638092041,0.5456558465957642,0.4004582464694977,-0.06828207522630692,0.9993492960929871,0.47322893142700195,0.40600284934043884,0.14113406836986542,0.9996936917304993,0.48549598455429077,0.4140062928199768,-0.2944222390651703,0.9999377131462097,0.43397021293640137,0.46375519037246704,0.20184192061424255,0.09369509667158127,0.464523583650589,0.4744674563407898,-0.35138067603111267,0.9514706134796143,0.45876601338386536,0.5232052206993103,0.136144757270813,0.09582880139350891,0.48073917627334595,0.5333556532859802,-0.27805501222610474,0.8587797284126282,0.4653409421443939,0.5377137660980225,0.13919031620025635,0.09606347978115082,0.4825984239578247,0.5480412840843201,-0.3181038796901703,0.7996247410774231,0.4656215310096741,0.5391099452972412,0.09689942747354507,0.09799383580684662,0.4886978268623352,0.5488424301147461,-0.3012101948261261,0.7921371459960938,0.4675544202327728,0.5335244536399841,0.11459708958864212,0.10209522396326065,0.4840567409992218,0.544765055179596,-0.2705737054347992,0.7338601350784302,0.3719373345375061,0.5109594464302063,0.1313284933567047,0.9995577931404114,0.37134090065956116,0.5180197954177856,-0.13099776208400726,0.9998306035995483,0.3808203935623169,0.59015953540802,0.19960525631904602,0.4373306632041931,0.3862333595752716,0.6024407744407654,-0.07553116232156754,0.9205198287963867,0.3792914152145386,0.6735479235649109,0.31745007634162903,0.6477127075195312,0.3739292621612549,0.6887091994285583,0.04951317608356476,0.9475592374801636,0.3610929846763611,0.6905417442321777,0.3212153911590576,0.6607000827789307,0.3541753590106964,0.7061044573783875,0.05522242188453674,0.9140303730964661,0.4251139461994171,0.6887379288673401,0.23882287740707397,0.7560870051383972,0.4280025064945221,0.708199679851532,-0.042246367782354355,0.9425085783004761
59,0.5570951700210571,0.3986032009124756,-0.00874894205480814,0.9994987845420837,0.5594197511672974,0.3915623724460602,-0.005841822829097509,0.999311625957489,0.5580791234970093,0.3908401131629944,-0.0059049250558018684,0.9991880655288696,0.5564839243888855,0.3901817798614502,-0.005973217077553272,0.9993947744369507,0.5607460737228394,0.3926388621330261,-0.04965827614068985,0.9992323517799377,0.5597794055938721,0.392472505569458,-0.04979854077100754,0.9990662336349487,0.5587639808654785,0.39236998558044434,-0.049802880734205246,0.9992847442626953,0.5369845628738403,0.38643771409988403,0.026518139988183975,0.9985575675964355,0.5420966148376465,0.3892803490161896,-0.16878534853458405,0.9989186525344849,0.542971670627594,0.4011465013027191,0.011448831297457218,0.9991858601570129,0.5440245866775513,0.4015823304653168,-0.04587039351463318,0.9993546605110168,0.4725249409675598,0.40654367208480835,0.1394529789686203,0.9997019171714783,0.48529160022735596,0.4147455096244812,-0.28079110383987427,0.9999386072158813,0.4341733753681183,0.4622945785522461,0.19926007091999054,0.09698522835969925,0.4672454297542572,0.4763968586921692,-0.3353191018104553,0.9509052634239197,0.4628005027770996,0.5221227407455444,0.13264954090118408,0.09965912252664566,0.48023468255996704,0.5355117321014404,-0.2605358064174652,0.8576570153236389,0.4679647982120514,0.5352415442466736,0.13512325286865234,0.09970196336507797,0.4829222857952118,0.5497037768363953,-0.2980528175830841,0.7982043623924255,0.4694947600364685,0.5380860567092896,0.0948975458741188,0.10170906782150269,0.48311859369277954,0.5508714318275452,-0.28374606370925903,0.7906803488731384,0.46862664818763733,0.5362096428871155,0.11209903657436371,0.10580553859472275,0.4836748242378235,0.5462938547134399,-0.25392720103263855,0.7324565052986145,0.36460357904434204,0.5118546485900879,0.1280498504638672,0.9995707869529724,0.3705856204032898,0.5190299153327942,-0.1277599036693573,0.9998335838317871,0.38018935918807983,0.5913864374160767,0.21178749203681946,0.43745025992393494,0.38709521293640137,0.603766143321991,-0.05350276455283165,0.9198453426361084,0.3763522207736969,0.6733656525611877,0.33400529623031616,0.6487771272659302,0.37599891424179077,0.6860719919204712,0.0758734792470932,0.946821391582489,0.36130866408348083,0.6891987919807434,0.3384755849838257,0.660719096660614,0.35917961597442627,0.7031306624412537,0.0823051705956459,0.9133750200271606,0.4277704954147339,0.687938392162323,0.26362746953964233,0.7562537789344788,0.4321577847003937,0.7037287950515747,-0.007427198812365532,0.9417679905891418
60,0.5599168539047241,0.4005165994167328,-0.011180696077644825,0.999508261680603,0.5624254941940308,0.3928259015083313,-0.005785735324025154,0.9993248581886292,0.5609961748123169,0.39205947518348694,-0.005838756915181875,0.9992039799690247,0.559317946434021,0.39138224720954895,-0.005898870527744293,0.9994068741798401,0.562768816947937,0.39349064230918884,-0.050848186016082764,0.9992471933364868,0.5616738796234131,0.3931953012943268,-0.050979215651750565,0.9990836381912231,0.5604223608970642,0.3929518461227417,-0.050973694771528244,0.9992985725402832,0.5398552417755127,0.38745537400245667,0.035314593464136124,0.9985824823379517,0.5435657501220703,0.3900228440761566,-0.16602973639965057,0.9989382028579712,0.5464763045310974,0.40290266275405884,0.012019211426377296,0.9991966485977173,0.547584056854248,0.4032791256904602,-0.047084759920835495,0.9993641376495361,0.46957093477249146,0.4051894247531891,0.14618109166622162,0.9997029304504395,0.48285481333732605,0.4187396168708801,-0.27648431062698364,0.999938428401947,0.4279465675354004,0.46015286445617676,0.2019958645105362,0.09712901711463928,0.4651463031768799,0.4795113503932953,-0.33929574489593506,0.9513921737670898,0.4556993842124939,0.5196760892868042,0.1389809548854828,0.09941462427377701,0.4818824231624603,0.5382092595100403,-0.2716372013092041,0.8586598038673401,0.462480753660202,0.5329537391662598,0.14321494102478027,0.09939892590045929,0.48424357175827026,0.5490422248840332,-0.31140679121017456,0.7991851568222046,0.4672958254814148,0.53580242395401,0.10138507187366486,0.10138913244009018,0.4882872998714447,0.5511518120765686,-0.29276204109191895,0.7916733622550964,0.46662789583206177,0.535888671875,0.11805538833141327,0.10545315593481064,0.4863634705543518,0.5448366403579712,-0.26376205682754517,0.7335047721862793,0.36598891019821167,0.509651780128479,0.1280324012041092,0.9995704293251038,0.36820775270462036,0.5193379521369934,-0.1276642382144928,0.9998336434364319,0.37873557209968567,0.5908759832382202,0.15562251210212708,0.43847134709358215,0.3852035105228424,0.6002656817436218,-0.10779624432325363,0.9197268486022949,0.379363477230072,0.6744418144226074,0.2664209008216858,0.6480250954627991,0.37667137384414673,0.6893612742424011,0.001762280473485589,0.9468393921852112,0.3643392324447632,0.6890004873275757,0.27006015181541443,0.6605440974235535,0.35954391956329346,0.7065315246582031,0.006088172551244497,0.9130667448043823,0.42265138030052185,0.6905509829521179,0.18816861510276794,0.7557311654090881,0.4303474724292755,0.7015790939331055,-0.09457869827747345,0.9417309165000916
61,0.5561990141868591,0.40183109045028687,-0.034793421626091,0.9995149970054626,0.5596873164176941,0.39474713802337646,-0.026561079546809196,0.9993324279785156,0.5586003661155701,0.3940798044204712,-0.026609936729073524,0.999213457107544,0.5573021173477173,0.3933832049369812,-0.026678554713726044,0.9994142651557922,0.5596314072608948,0.3950878977775574,-0.07214047014713287,0.9992547631263733,0.5581163167953491,0.3944868743419647,-0.07226792722940445,0.9990924596786499,0.556755781173706,0.39396029710769653,-0.07225889712572098,0.999303936958313,0.5381008386611938,0.3880111277103424,0.029530592262744904,0.9985917210578918,0.5399200916290283,0.3897782862186432,-0.17309218645095825,0.9989346861839294,0.5436030626296997,0.40426117181777954,-0.006220820359885693,0.9992013573646545,0.5436165928840637,0.4042934477329254,-0.06574838608503342,0.9993637800216675,0.4749361574649811,0.40699300169944763,0.15020446479320526,0.9997007846832275,0.4799078106880188,0.4161030650138855,-0.27917036414146423,0.9999362826347351,0.43856021761894226,0.46470388770103455,0.19750885665416718,0.0980522632598877,0.46320995688438416,0.48017650842666626,-0.3513256013393402,0.9512186050415039,0.46312716603279114,0.523992657661438,0.1155247762799263,0.10030800849199295,0.47958964109420776,0.5370544791221619,-0.2915782928466797,0.8590596914291382,0.46908149123191833,0.5377442240715027,0.11803869903087616,0.09993019700050354,0.481218159198761,0.5509936213493347,-0.33241626620292664,0.7999553680419922,0.46882086992263794,0.5394406318664551,0.0785338506102562,0.10191964358091354,0.4813113808631897,0.5521420836448669,-0.31535038352012634,0.792479932308197,0.4680865705013275,0.5380153059959412,0.09511004388332367,0.1060580164194107,0.48211055994033813,0.547877311706543,-0.28425249457359314,0.7341712117195129,0.372467964887619,0.5119668245315552,0.12968215346336365,0.9995666146278381,0.3658648729324341,0.5185140371322632,-0.1293548196554184,0.999830961227417,0.3796565532684326,0.5901668667793274,0.1383940875530243,0.4377989172935486,0.3855085074901581,0.5985087156295776,-0.13009239733219147,0.9197452664375305,0.37893787026405334,0.6736295819282532,0.24323858320713043,0.6448108553886414,0.3756689429283142,0.6880887150764465,-0.0333537831902504,0.947044849395752,0.3638339042663574,0.688881516456604,0.2458312213420868,0.6584264636039734,0.35699522495269775,0.7061362266540527,-0.03036605194211006,0.9135951399803162,0.42326322197914124,0.690222442150116,0.15823662281036377,0.7549745440483093,0.43137651681900024,0.7033129930496216,-0.13772055506706238,0.9423537254333496
62,0.5589141845703125,0.4019317626953125,-0.015315696597099304,0.9995205402374268,0.5613913536071777,0.39498409628868103,-0.008957970887422562,0.9993398189544678,0.5601003170013428,0.3943008780479431,-0.009012260474264622,0.9992225766181946,0.5585262775421143,0.39361339807510376,-0.00907889660447836,0.9994217157363892,0.5618171691894531,0.3954795002937317,-0.05380336940288544,0.9992613792419434,0.5605030655860901,0.3950080871582031,-0.05393344163894653,0.9990994930267334,0.5590999126434326,0.39455267786979675,-0.05392391234636307,0.9993090629577637,0.5384279489517212,0.3885703384876251,0.036126602441072464,0.9986087679862976,0.5415570139884949,0.3903467357158661,-0.1639186143875122,0.9989408850669861,0.5455011129379272,0.4044504761695862,0.00897659920156002,0.9992103576660156,0.5461401343345642,0.40446844696998596,-0.049784425646066666,0.9993681907653809,0.47337308526039124,0.4069613814353943,0.14880138635635376,0.9997028112411499,0.48373204469680786,0.4158441424369812,-0.27283135056495667,0.9999361634254456,0.434081107378006,0.4629691541194916,0.20137722790241241,0.09890032559633255,0.46444573998451233,0.4772103726863861,-0.3351055085659027,0.9517472386360168,0.4612089693546295,0.5227611660957336,0.13332556188106537,0.10078486800193787,0.47996819019317627,0.5363858342170715,-0.26530662178993225,0.8603512048721313,0.466906875371933,0.5381965637207031,0.13805349171161652,0.10018225014209747,0.48215627670288086,0.5503592491149902,-0.3033861517906189,0.8012086153030396,0.47368302941322327,0.5451829433441162,0.09771854430437088,0.10216646641492844,0.4861931800842285,0.5528679490089417,-0.2860650420188904,0.7937719225883484,0.46705788373947144,0.5369386672973633,0.11306886374950409,0.10631976276636124,0.48318910598754883,0.5473053455352783,-0.2576274871826172,0.7355921864509583,0.3704180121421814,0.510955274105072,0.12738937139511108,0.999561071395874,0.3693808615207672,0.5186286568641663,-0.12708234786987305,0.9998279809951782,0.3791990876197815,0.5904085636138916,0.1610415130853653,0.43883219361305237,0.3853948712348938,0.599534273147583,-0.10314933210611343,0.920188844203949,0.37955647706985474,0.6734611988067627,0.2689013183116913,0.6443277597427368,0.3778916597366333,0.6881575584411621,0.006376881152391434,0.9470087885856628,0.3655834496021271,0.6874272227287292,0.27186521887779236,0.6573814749717712,0.357687771320343,0.7041367888450623,0.01091519184410572,0.9136929512023926,0.42535310983657837,0.6898738741874695,0.18904684484004974,0.7546844482421875,0.4288325309753418,0.7048768401145935,-0.0872076228260994,0.9424199461936951
63,0.5582333207130432,0.40116411447525024,-0.01891358755528927,0.999522864818573,0.5614440441131592,0.39440372586250305,-0.012937693856656551,0.9993431568145752,0.5597102046012878,0.3935197591781616,-0.012996912002563477,0.9992268681526184,0.5582785606384277,0.392835795879364,-0.013063923455774784,0.99942547082901,0.5616152286529541,0.3948453366756439,-0.05780555307865143,0.999263346195221,0.5605223178863525,0.3944470286369324,-0.05794419348239899,0.9991012811660767,0.5593634843826294,0.39408087730407715,-0.057942867279052734,0.9993105530738831,0.5384296178817749,0.38806480169296265,0.031080294400453568,0.998616635799408,0.5425011515617371,0.3903481960296631,-0.16911731660366058,0.9989449381828308,0.5451993346214294,0.4035102427005768,0.005027809180319309,0.9992184638977051,0.5459429025650024,0.4035908579826355,-0.053738176822662354,0.999372124671936,0.4727213978767395,0.40675926208496094,0.1453060358762741,0.9997066855430603,0.48377469182014465,0.4157315194606781,-0.27781224250793457,0.9999362230300903,0.436423659324646,0.46329793334007263,0.19958707690238953,0.10069852322340012,0.4641290307044983,0.47618556022644043,-0.3391776978969574,0.9521648287773132,0.4622974693775177,0.5217657685279846,0.12937678396701813,0.1025058701634407,0.48025619983673096,0.5350185632705688,-0.2692646086215973,0.8616577386856079,0.4695355296134949,0.5356046557426453,0.13297541439533234,0.10162292420864105,0.48195475339889526,0.5492804646492004,-0.3075219392776489,0.8025885820388794,0.47688156366348267,0.5416401028633118,0.09317105263471603,0.10363401472568512,0.48460349440574646,0.5484302639961243,-0.2909112274646759,0.7952002882957458,0.46896499395370483,0.5358718037605286,0.10910558700561523,0.10775994509458542,0.48352906107902527,0.5460138320922852,-0.2617948055267334,0.7371987700462341,0.3701120913028717,0.5111289620399475,0.12735731899738312,0.9995608925819397,0.36985474824905396,0.5187497735023499,-0.12705151736736298,0.9998262524604797,0.3784276843070984,0.5903591513633728,0.17676424980163574,0.4387791156768799,0.38491031527519226,0.5999912619590759,-0.08909695595502853,0.9200050234794617,0.3800871670246124,0.6721428632736206,0.28665101528167725,0.6433017253875732,0.3752279579639435,0.6860976219177246,0.027082812041044235,0.9463476538658142,0.3640381395816803,0.688407301902771,0.2897999882698059,0.6559200286865234,0.3577839434146881,0.7029762268066406,0.03225339576601982,0.9129700064659119,0.4256618022918701,0.6883776187896729,0.20865756273269653,0.7538130283355713,0.4296474754810333,0.7042320966720581,-0.06333383172750473,0.9418877363204956
64,0.5561292171478271,0.3986654281616211,-0.012237914837896824,0.9995070695877075,0.5584889650344849,0.3917270302772522,-0.009093470871448517,0.999323308467865,0.5571994781494141,0.39097392559051514,-0.009163282811641693,0.9992038011550903,0.555724024772644,0.390282541513443,-0.009241897612810135,0.999409019947052,0.5595317482948303,0.3926730453968048,-0.05137615650892258,0.9992385506629944,0.5587607622146606,0.39248543977737427,-0.05150964483618736,0.9990701675415039,0.5579990744590759,0.3923877477645874,-0.051507726311683655,0.9992872476577759,0.5376431941986084,0.38623368740081787,0.02466985210776329,0.9985820055007935,0.5429589152336121,0.38947993516921997,-0.1641121208667755,0.9989087581634521,0.5431954860687256,0.40095749497413635,0.008252040483057499,0.999194860458374,0.5445111989974976,0.4012989401817322,-0.04718879237771034,0.999351441860199,0.47179606556892395,0.4061197340488434,0.13138432800769806,0.9997060298919678,0.48497962951660156,0.4169042706489563,-0.26850470900535583,0.9999354481697083,0.42790040373802185,0.46177569031715393,0.1904318630695343,0.10150525718927383,0.46470344066619873,0.4775429666042328,-0.3174935579299927,0.9512788653373718,0.4552849233150482,0.5216789245605469,0.13492745161056519,0.10289449989795685,0.47969046235084534,0.5353877544403076,-0.24217887222766876,0.8592675924301147,0.4622666537761688,0.5351880788803101,0.1391049325466156,0.10204757750034332,0.4840189218521118,0.5474063754081726,-0.277222216129303,0.7995696067810059,0.4668097496032715,0.5378425121307373,0.09911783784627914,0.10404634475708008,0.48845183849334717,0.5498177409172058,-0.26189735531806946,0.792123019695282,0.4670761227607727,0.5350223779678345,0.11510226130485535,0.10812662541866302,0.48379629850387573,0.5461833477020264,-0.23517295718193054,0.7339828610420227,0.366452693939209,0.5094410181045532,0.1214568167924881,0.9995551705360413,0.36957693099975586,0.5190646052360535,-0.12117072939872742,0.9998235702514648,0.3784581124782562,0.589519739151001,0.18461377918720245,0.44160836935043335,0.38483020663261414,0.5983161926269531,-0.0657137855887413,0.9199013710021973,0.3769752085208893,0.6707241535186768,0.3054300546646118,0.6456008553504944,0.37467655539512634,0.6859058141708374,0.05971662327647209,0.946065366268158,0.3613412082195282,0.6839348077774048,0.3101380467414856,0.6563730835914612,0.3578174114227295,0.7031117677688599,0.06606267392635345,0.9124446511268616,0.4253872036933899,0.6881221532821655,0.23378346860408783,0.7546116709709167,0.42770278453826904,0.6973710656166077,-0.025108912959694862,0.9414079189300537
65,0.5572324991226196,0.40030497312545776,-0.012925907038152218,0.9995040893554688,0.5595690011978149,0.3934412896633148,-0.008466256782412529,0.9993206858634949,0.5583257675170898,0.3927103579044342,-0.00852997601032257,0.9992008209228516,0.5568677186965942,0.39201223850250244,-0.008599783293902874,0.9994072914123535,0.5604333877563477,0.39415696263313293,-0.05181445553898811,0.9992342591285706,0.5595356822013855,0.39382699131965637,-0.05195220932364464,0.9990646243095398,0.5585916042327881,0.3935541808605194,-0.05194821208715439,0.9992831349372864,0.5381163954734802,0.38760945200920105,0.028797825798392296,0.9985796213150024,0.5427663326263428,0.39019206166267395,-0.16487620770931244,0.9989067912101746,0.5444194078445435,0.40264981985092163,0.008541092276573181,0.9991939067840576,0.5456308126449585,0.40282002091407776,-0.04830048233270645,0.9993492364883423,0.4718180298805237,0.40665626525878906,0.13779370486736298,0.9997085332870483,0.4842871427536011,0.41702064871788025,-0.27209019660949707,0.9999356269836426,0.4306667447090149,0.4621552526950836,0.19657181203365326,0.10307477414608002,0.4640113115310669,0.47735396027565,-0.3259434103965759,0.9513705372810364,0.45806536078453064,0.5215799808502197,0.13674630224704742,0.10438361018896103,0.4828949272632599,0.5368351936340332,-0.2519015967845917,0.8591747283935547,0.46527835726737976,0.535178542137146,0.14059096574783325,0.10345607250928879,0.4821188747882843,0.5496333241462708,-0.28790271282196045,0.7991540431976318,0.4686250388622284,0.5375280380249023,0.1006249189376831,0.10549142211675644,0.48822563886642456,0.5499614477157593,-0.2719510793685913,0.7917085289955139,0.4683433175086975,0.5355074405670166,0.11670892685651779,0.10949914902448654,0.4839373826980591,0.5463276505470276,-0.2445339560508728,0.7336230278015137,0.36953166127204895,0.5109023451805115,0.1241333857178688,0.9995535612106323,0.3707849383354187,0.5193087458610535,-0.12384050339460373,0.9998220801353455,0.3784637153148651,0.5904205441474915,0.1816517561674118,0.44359391927719116,0.3847328722476959,0.6023818254470825,-0.07474727928638458,0.9200976490974426,0.3759858012199402,0.6739799380302429,0.29700103402137756,0.6471307277679443,0.37472420930862427,0.6859210729598999,0.046587128192186356,0.9457727670669556,0.3594147861003876,0.6886874437332153,0.30096325278282166,0.6568683981895447,0.3571023643016815,0.7030205726623535,0.052480436861515045,0.9120607376098633,0.4250054657459259,0.6884183883666992,0.22339019179344177,0.7550946474075317,0.428446888923645,0.7041990160942078,-0.03939352184534073,0.9410326480865479
66,0.5577020645141602,0.40040498971939087,-0.013702932745218277,0.999504029750824,0.5602496862411499,0.39358675479888916,-0.01009778305888176,0.9993211030960083,0.5589832663536072,0.39279696345329285,-0.010169703513383865,0.999201238155365,0.5575077533721924,0.3920189142227173,-0.010249853134155273,0.999408483505249,0.5611097812652588,0.3943941295146942,-0.05290442705154419,0.9992332458496094,0.5601564645767212,0.39406123757362366,-0.05303918570280075,0.9990625977516174,0.5591696500778198,0.3937700390815735,-0.053032081574201584,0.9992820620536804,0.5385534167289734,0.38698434829711914,0.02424524910748005,0.9985866546630859,0.5432380437850952,0.3899860978126526,-0.1670888215303421,0.9989045262336731,0.5446059107780457,0.4023946225643158,0.006891528610140085,0.9991925954818726,0.545722484588623,0.4026549458503723,-0.049294643104076385,0.9993465542793274,0.4716183841228485,0.4057381749153137,0.13004066050052643,0.9997110962867737,0.48421555757522583,0.4174594283103943,-0.2727172374725342,0.9999355673789978,0.4263113737106323,0.46073707938194275,0.19319221377372742,0.1034909263253212,0.466903954744339,0.4789784550666809,-0.3236216604709625,0.9509562253952026,0.45147180557250977,0.5223731398582458,0.1417149007320404,0.10437041521072388,0.48245126008987427,0.5375795364379883,-0.24819639325141907,0.8579100370407104,0.45809608697891235,0.5363379120826721,0.1466781049966812,0.10355789959430695,0.48441025614738464,0.5483551025390625,-0.28403910994529724,0.7974731922149658,0.4623401165008545,0.5391455292701721,0.1054915338754654,0.1056101992726326,0.4886596202850342,0.5507418513298035,-0.26810938119888306,0.7900081872940063,0.466591477394104,0.5356165766716003,0.12166035920381546,0.10956637561321259,0.4841386675834656,0.5471096038818359,-0.24096274375915527,0.7316412329673767,0.3652501702308655,0.5092992186546326,0.12269110977649689,0.9995551705360413,0.37039729952812195,0.5189042687416077,-0.12239626049995422,0.9998217225074768,0.3791351020336151,0.5896791219711304,0.17105035483837128,0.4493665099143982,0.3861992657184601,0.5980257391929626,-0.08147865533828735,0.9212520122528076,0.37773963809013367,0.6710783243179321,0.2877960503101349,0.6526317596435547,0.37606242299079895,0.6853647828102112,0.045158207416534424,0.946319043636322,0.3583318591117859,0.6874738931655884,0.29213276505470276,0.6600742936134338,0.360256165266037,0.7034786343574524,0.051828451454639435,0.9125220775604248,0.42513537406921387,0.6892281770706177,0.21378260850906372,0.758643627166748,0.42303910851478577,0.701738715171814,-0.03922537714242935,0.9415308833122253
67,0.5578193664550781,0.3998097777366638,-0.006133588030934334,0.9995045065879822,0.5602246522903442,0.39296725392341614,-0.0012337196385487914,0.9993219971656799,0.558988630771637,0.392208456993103,-0.0012828774051740766,0.9992016553878784,0.557555079460144,0.3914922773838043,-0.001348008750937879,0.9994092583656311,0.5610489249229431,0.39373576641082764,-0.045059338212013245,0.9992378950119019,0.5600959658622742,0.39338767528533936,-0.04519272223114967,0.999069094657898,0.559127688407898,0.39309558272361755,-0.0451875701546669,0.9992873072624207,0.5386554598808289,0.3869509696960449,0.03759892284870148,0.9985929727554321,0.5431522130966187,0.3893739879131317,-0.15775887668132782,0.9989149570465088,0.544757604598999,0.40190941095352173,0.015949971973896027,0.9991968870162964,0.5458723902702332,0.40208062529563904,-0.04146973043680191,0.9993531107902527,0.4719420075416565,0.40653371810913086,0.1492922008037567,0.999711275100708,0.4845186769962311,0.4161657691001892,-0.26963183283805847,0.9999372363090515,0.430168479681015,0.4626559317111969,0.20938873291015625,0.10205866396427155,0.46473315358161926,0.47709837555885315,-0.32628577947616577,0.9515080451965332,0.45503970980644226,0.5228788256645203,0.15286239981651306,0.1032785102725029,0.48203325271606445,0.5368479490280151,-0.2531786561012268,0.8587036728858948,0.4612672030925751,0.5366393327713013,0.15774978697299957,0.1026550903916359,0.48139816522598267,0.549781084060669,-0.29064351320266724,0.7984216809272766,0.4632289409637451,0.5402495861053467,0.11649461090564728,0.10469648241996765,0.48787420988082886,0.5501558780670166,-0.27324792742729187,0.7909648418426514,0.4645013213157654,0.5352186560630798,0.1323527842760086,0.10865314304828644,0.48309215903282166,0.5464140772819519,-0.245437353849411,0.7327802181243896,0.36987125873565674,0.5108939409255981,0.1297817975282669,0.9995524883270264,0.37170740962028503,0.5193139314651489,-0.12948940694332123,0.9998233914375305,0.37801381945610046,0.5901931524276733,0.19359590113162994,0.44466301798820496,0.3877109885215759,0.604328453540802,-0.0720091164112091,0.921416163444519,0.3772510886192322,0.6752150654792786,0.3199531137943268,0.6483746767044067,0.3709694743156433,0.6936590671539307,0.04146153852343559,0.946556568145752,0.3567385673522949,0.6905303597450256,0.3248277008533478,0.6578823328018188,0.35296952724456787,0.7096732258796692,0.04658625274896622,0.9128961563110352,0.42281314730644226,0.6903585195541382,0.2507696747779846,0.7553384304046631,0.430450439453125,0.7048556804656982,-0.045057639479637146,0.9415855407714844
68,0.5570811629295349,0.3990943729877472,-0.024677371606230736,0.9994974136352539,0.5597118139266968,0.3922230005264282,-0.02021970972418785,0.9993119239807129,0.5585530996322632,0.3914385735988617,-0.020280981436371803,0.9991894960403442,0.5571839809417725,0.39073365926742554,-0.02035667560994625,0.9994001984596252,0.5605238676071167,0.3932379186153412,-0.06365737318992615,0.9992292523384094,0.5595804452896118,0.3930202126502991,-0.06380083411931992,0.9990589022636414,0.5586273670196533,0.39288151264190674,-0.0638037770986557,0.9992803931236267,0.5382221937179565,0.3860676884651184,0.01998537965118885,0.9985676407814026,0.5428853034973145,0.38930803537368774,-0.17345552146434784,0.9989007115364075,0.5437686443328857,0.4011833071708679,-0.0017784993397071958,0.9991848468780518,0.5446861982345581,0.4015670716762543,-0.05859227851033211,0.9993453621864319,0.47202253341674805,0.40570515394210815,0.1331077367067337,0.9997092485427856,0.4838384985923767,0.4170006811618805,-0.2810087502002716,0.9999378323554993,0.427059143781662,0.46176090836524963,0.19621890783309937,0.10076753795146942,0.46422821283340454,0.4774072766304016,-0.3376392126083374,0.9510769844055176,0.4529189169406891,0.5223149061203003,0.14236654341220856,0.10213074833154678,0.4807681739330292,0.535545289516449,-0.26861146092414856,0.8579058051109314,0.45977410674095154,0.536087155342102,0.14671644568443298,0.10167565196752548,0.4822637736797333,0.5499032735824585,-0.3072083294391632,0.7976865172386169,0.4643321931362152,0.5390710234642029,0.10450907796621323,0.10371436178684235,0.48829028010368347,0.5504387617111206,-0.2903052568435669,0.79017573595047,0.46711087226867676,0.5347709655761719,0.12150149792432785,0.1077280342578888,0.4840031862258911,0.5467220544815063,-0.261225163936615,0.7316074967384338,0.36722004413604736,0.5096979141235352,0.1270970106124878,0.9995520710945129,0.3696046471595764,0.5181576609611511,-0.12682311236858368,0.9998249411582947,0.3788098096847534,0.5891370177268982,0.19202803075313568,0.44367945194244385,0.3855266273021698,0.5982380509376526,-0.06856344640254974,0.9214903712272644,0.3777558505535126,0.6704694628715515,0.32506662607192993,0.6477956175804138,0.37628716230392456,0.6857949495315552,0.0579109787940979,0.9468265771865845,0.3595062792301178,0.6867721676826477,0.33079802989959717,0.6577363014221191,0.35883063077926636,0.7035678029060364,0.06411466002464294,0.9132159948348999,0.42726367712020874,0.6880692839622498,0.25518184900283813,0.7551078796386719,0.42529168725013733,0.7018285989761353,-0.030721738934516907,0.9417917132377625
69,0.5579356551170349,0.3999392092227936,-0.034742604941129684,0.9995012879371643,0.5602397322654724,0.39296314120292664,-0.026945454999804497,0.9993147253990173,0.5590704083442688,0.39224565029144287,-0.027001939713954926,0.9991928935050964,0.5577062964439392,0.39159321784973145,-0.027071844786405563,0.9994033575057983,0.5607377290725708,0.3936217427253723,-0.0726579874753952,0.9992339015007019,0.5596713423728943,0.3932536244392395,-0.07279110699892044,0.9990653991699219,0.5581566095352173,0.39278778433799744,-0.07278846204280853,0.9992856979370117,0.5387939214706421,0.387317031621933,0.02564728446304798,0.9985672235488892,0.5422475337982178,0.3893677592277527,-0.17786581814289093,0.9989074468612671,0.5453085899353027,0.40218430757522583,-0.00772954011335969,0.9991896748542786,0.5461001992225647,0.4022558331489563,-0.06749707460403442,0.9993515014648438,0.4730677008628845,0.4073018431663513,0.1463344544172287,0.9997063279151917,0.4816983640193939,0.41593942046165466,-0.2872067093849182,0.9999372959136963,0.4359912574291229,0.4638255536556244,0.20136210322380066,0.09970104694366455,0.46412426233291626,0.4764973521232605,-0.35120102763175964,0.9519174098968506,0.4588472545146942,0.5227262377738953,0.13069875538349152,0.10166393965482712,0.4796966016292572,0.5350915193557739,-0.2833952307701111,0.8605920076370239,0.4670775234699249,0.5352063775062561,0.13324056565761566,0.10116764903068542,0.48139891028404236,0.5496172308921814,-0.3239138126373291,0.8011922836303711,0.4649335741996765,0.5405939221382141,0.0922083631157875,0.10320854187011719,0.48577842116355896,0.5518388152122498,-0.3069945275783539,0.7937873005867004,0.4668518602848053,0.5349006056785583,0.10961274802684784,0.10728083550930023,0.4829045534133911,0.546157956123352,-0.2759084701538086,0.7355931997299194,0.3719257712364197,0.5109071731567383,0.1303955316543579,0.9995470643043518,0.37045174837112427,0.5186061859130859,-0.13008591532707214,0.9998228549957275,0.3788449466228485,0.5895116925239563,0.1742599904537201,0.44156932830810547,0.3888549506664276,0.6013038158416748,-0.09412185102701187,0.9213129878044128,0.3784264922142029,0.6743562817573547,0.29314538836479187,0.6449477076530457,0.3735785484313965,0.6924059987068176,0.019383275881409645,0.9468345046043396,0.36000490188598633,0.6916106939315796,0.29706618189811707,0.6556451320648193,0.3579796552658081,0.7102071642875671,0.024026669561862946,0.9129369854927063,0.42175620794296265,0.6904088258743286,0.21531590819358826,0.7533074617385864,0.429641455411911,0.7048951983451843,-0.07570765167474747,0.9418852925300598
70,0.5582550168037415,0.39994433522224426,-0.03702706843614578,0.9994992017745972,0.5606517791748047,0.39290404319763184,-0.031696029007434845,0.9993097186088562,0.5594595074653625,0.3921303451061249,-0.03177021071314812,0.999186635017395,0.5580620169639587,0.3914244771003723,-0.031849827617406845,0.9993997812271118,0.5613330006599426,0.3937012255191803,-0.0763545110821724,0.9992297291755676,0.5603062510490417,0.3933529257774353,-0.07649990171194077,0.9990602135658264,0.5592404007911682,0.3930691182613373,-0.07650968432426453,0.9992830753326416,0.5386120080947876,0.3866872787475586,0.012503278441727161,0.9985540509223938,0.5427122116088867,0.3892759680747986,-0.1865178495645523,0.9989014863967896,0.5452171564102173,0.4020680785179138,-0.012684762477874756,0.9991908073425293,0.546144962310791,0.40225034952163696,-0.07112625241279602,0.9993529915809631,0.47147321701049805,0.4069293141365051,0.1299399882555008,0.9997111558914185,0.4824904203414917,0.41723912954330444,-0.29282721877098083,0.9999381899833679,0.4317187964916229,0.464083731174469,0.19533884525299072,0.10069404542446136,0.46378564834594727,0.47776737809181213,-0.34661298990249634,0.9522566199302673,0.4628697335720062,0.5220780372619629,0.13516820967197418,0.10332515835762024,0.4828820526599884,0.537419319152832,-0.2761302590370178,0.862683117389679,0.46537643671035767,0.5375049710273743,0.13850504159927368,0.10274241864681244,0.48251715302467346,0.5503873825073242,-0.3165234327316284,0.8036403059959412,0.4665476381778717,0.5416063070297241,0.09569709748029709,0.10485228151082993,0.4867359697818756,0.552497148513794,-0.2995932102203369,0.7962666153907776,0.46908074617385864,0.5363150835037231,0.11386481672525406,0.10896708071231842,0.4844198524951935,0.5470457077026367,-0.26877203583717346,0.7379380464553833,0.36991673707962036,0.5115443468093872,0.12951263785362244,0.9995490908622742,0.3692842125892639,0.5197572112083435,-0.12924498319625854,0.9998234510421753,0.3806971311569214,0.591517448425293,0.21464323997497559,0.4410620331764221,0.3872641324996948,0.6039901375770569,-0.052780430763959885,0.9217044115066528,0.3766055107116699,0.6733627915382385,0.3587853014469147,0.6449409127235413,0.37580668926239014,0.685502290725708,0.0887511670589447,0.9467189908027649,0.3607162833213806,0.6875600814819336,0.36579179763793945,0.6549123525619507,0.3587191700935364,0.7028610706329346,0.09655582904815674,0.9124642610549927,0.4269299805164337,0.6885039806365967,0.28976118564605713,0.7533761262893677,0.4243350028991699,0.7015351057052612,0.0034553261939436197,0.941735565662384
71,0.5590223073959351,0.40085816383361816,-0.03896873816847801,0.9995079040527344,0.5611852407455444,0.3938468098640442,-0.03217758983373642,0.9993212223052979,0.5596924424171448,0.3931121230125427,-0.032241784036159515,0.9992002844810486,0.5579356551170349,0.3924119472503662,-0.03230982646346092,0.999411404132843,0.5617893934249878,0.3943748474121094,-0.0779791846871376,0.999241292476654,0.5605354905128479,0.3939347565174103,-0.07811379432678223,0.9990730881690979,0.5591594576835632,0.39354437589645386,-0.07810211926698685,0.9992935061454773,0.538432240486145,0.387686163187027,0.017373261973261833,0.9985710382461548,0.5419180393218994,0.38967978954315186,-0.18682445585727692,0.9989116787910461,0.5454316735267639,0.40312156081199646,-0.012827565893530846,0.9992003440856934,0.5463752746582031,0.4032335877418518,-0.07275425642728806,0.9993582963943481,0.4712508022785187,0.4074549078941345,0.13663870096206665,0.9997143149375916,0.4798600971698761,0.4176979660987854,-0.29402148723602295,0.9999377727508545,0.4308083951473236,0.46293574571609497,0.1968826949596405,0.10146954655647278,0.46538782119750977,0.4787631630897522,-0.35209816694259644,0.9527542591094971,0.4544651508331299,0.5221758484840393,0.12783338129520416,0.10441891849040985,0.48023977875709534,0.5364232063293457,-0.2798629105091095,0.8644849061965942,0.4610210061073303,0.5357993841171265,0.1301386058330536,0.10361934453248978,0.4843316078186035,0.5486611723899841,-0.32021594047546387,0.8058440089225769,0.4649593234062195,0.5381274819374084,0.08931581676006317,0.10576029866933823,0.48781102895736694,0.5505982637405396,-0.3036549985408783,0.7985556125640869,0.4657735228538513,0.534822404384613,0.10707064718008041,0.10986465960741043,0.483561635017395,0.5467623472213745,-0.2724924087524414,0.7401307225227356,0.3656986355781555,0.5102852582931519,0.1303325891494751,0.9995503425598145,0.3684982359409332,0.5196857452392578,-0.13002318143844604,0.9998229146003723,0.37972939014434814,0.5879684090614319,0.18849579989910126,0.4422324001789093,0.3853430151939392,0.5998027324676514,-0.08214081823825836,0.9222347736358643,0.37739241123199463,0.6719889640808105,0.3162958323955536,0.6463390588760376,0.3751603960990906,0.686621904373169,0.04846829175949097,0.946940541267395,0.3617706596851349,0.6856794357299805,0.32127925753593445,0.6559217572212219,0.35788509249687195,0.7035262584686279,0.054965872317552567,0.9124715924263,0.4248529076576233,0.689684271812439,0.2401873767375946,0.7548913359642029,0.4254942238330841,0.6988296508789062,-0.043261703103780746,0.9420695304870605
72,0.5594692230224609,0.3991682529449463,-0.04402948170900345,0.9995096921920776,0.5618545413017273,0.3916480839252472,-0.03681112080812454,0.9993204474449158,0.5604737401008606,0.3908551335334778,-0.03688464313745499,0.9992000460624695,0.5589041709899902,0.39005404710769653,-0.03696887567639351,0.999412477016449,0.5625194311141968,0.3924907445907593,-0.08247961103916168,0.9992398619651794,0.561341404914856,0.3921768367290497,-0.08261650055646896,0.9990707039833069,0.5601202845573425,0.39185404777526855,-0.08261842280626297,0.9992926120758057,0.539942741394043,0.38558077812194824,0.015603362582623959,0.9985681176185608,0.5434402823448181,0.38803327083587646,-0.18797346949577332,0.9989065527915955,0.5466465353965759,0.4009832441806793,-0.016930382698774338,0.9992051124572754,0.5474583506584167,0.4012753367424011,-0.07672838121652603,0.999361515045166,0.4730437099933624,0.4071345329284668,0.13539952039718628,0.9997140169143677,0.4809631407260895,0.41584816575050354,-0.293197900056839,0.9999370574951172,0.4352838397026062,0.46440616250038147,0.194550558924675,0.10093708336353302,0.463980495929718,0.4766222834587097,-0.35251498222351074,0.9534431099891663,0.4576885998249054,0.5217987895011902,0.12988243997097015,0.10396730899810791,0.4785272777080536,0.5352794528007507,-0.2839559316635132,0.8673804998397827,0.46213221549987793,0.5389848351478577,0.13348495960235596,0.10312144458293915,0.48219507932662964,0.5475531220436096,-0.3262048661708832,0.8094790577888489,0.4626636207103729,0.5403392910957336,0.09061387181282043,0.10525352507829666,0.4866478443145752,0.5501600503921509,-0.30841416120529175,0.8022711873054504,0.46261247992515564,0.5377877354621887,0.10846573859453201,0.10943595319986343,0.48205968737602234,0.5462539196014404,-0.276498019695282,0.7440670728683472,0.37210506200790405,0.5104494690895081,0.12902958691120148,0.9995412826538086,0.3695615530014038,0.5184416174888611,-0.1287406086921692,0.9998188018798828,0.37826621532440186,0.5906140804290771,0.19177475571632385,0.4420790672302246,0.38491958379745483,0.6002103686332703,-0.0798565074801445,0.9225292801856995,0.37659114599227905,0.6754105687141418,0.3202563226222992,0.6465058326721191,0.37764090299606323,0.6880958080291748,0.052585288882255554,0.9470895528793335,0.3606066107749939,0.6901230216026306,0.3252571225166321,0.6550868153572083,0.3616025745868683,0.7055795192718506,0.059146732091903687,0.9123858213424683,0.424906849861145,0.6884593963623047,0.24158799648284912,0.7548553943634033,0.430269718170166,0.7047262191772461,-0.03944224491715431,0.9421457648277283
73,0.5577694773674011,0.4012431502342224,-0.028665609657764435,0.9995008707046509,0.5607256889343262,0.39420264959335327,-0.022862302139401436,0.9993104338645935,0.5593470335006714,0.39347466826438904,-0.022935442626476288,0.9991889595985413,0.5576208829879761,0.3926668167114258,-0.023014508187770844,0.9994052648544312,0.5612137317657471,0.394814670085907,-0.06766556948423386,0.9992226958274841,0.5597930550575256,0.39437735080718994,-0.06780170649290085,0.9990469813346863,0.5577331185340881,0.39371082186698914,-0.06780282407999039,0.9992745518684387,0.5363818407058716,0.3873593807220459,0.022561419755220413,0.9985483288764954,0.5395646095275879,0.38952183723449707,-0.17744942009449005,0.9988785982131958,0.5433521270751953,0.4037722647190094,-0.00406193733215332,0.9991958141326904,0.5438793897628784,0.40398257970809937,-0.06275680661201477,0.9993475675582886,0.4718533754348755,0.40564799308776855,0.13772179186344147,0.9997137188911438,0.481739342212677,0.41543465852737427,-0.28331729769706726,0.9999348521232605,0.43454861640930176,0.46334153413772583,0.1943960338830948,0.10212740302085876,0.46535664796829224,0.4764815866947174,-0.33886584639549255,0.9532352089881897,0.4639468789100647,0.5210204124450684,0.12455675005912781,0.10488291829824448,0.4839177429676056,0.5375935435295105,-0.2644273638725281,0.8670228123664856,0.4678366780281067,0.5399948358535767,0.12753340601921082,0.10387102514505386,0.4838863015174866,0.5501683950424194,-0.3025290071964264,0.8089051246643066,0.4762515723705292,0.5445793271064758,0.0872015431523323,0.10601382702589035,0.490011990070343,0.5502369403839111,-0.287056028842926,0.8017255663871765,0.4700494408607483,0.5363285541534424,0.10409463942050934,0.1102917343378067,0.4852677583694458,0.5468018651008606,-0.2573642432689667,0.7436203360557556,0.3673737943172455,0.5094882845878601,0.12548285722732544,0.9995386600494385,0.3695014417171478,0.5190163850784302,-0.12520088255405426,0.9998148679733276,0.3785772919654846,0.5896127223968506,0.1870860606431961,0.4440373480319977,0.3838593661785126,0.6010807752609253,-0.07809747755527496,0.9218664765357971,0.37871745228767395,0.6751905679702759,0.3016282618045807,0.6472915410995483,0.37534666061401367,0.6857864856719971,0.04931240528821945,0.9462125897407532,0.3612990379333496,0.689049482345581,0.30533716082572937,0.6542779803276062,0.3586749732494354,0.7037377953529358,0.05566851422190666,0.9113366007804871,0.4274180829524994,0.6896236538887024,0.22399452328681946,0.7551424503326416,0.4290885031223297,0.7047200202941895,-0.039038076996803284,0.9413855671882629
74,0.5600681900978088,0.4003371596336365,-0.03298868238925934,0.9994978904724121,0.5632650852203369,0.39346277713775635,-0.027060937136411667,0.999305784702301,0.5613694190979004,0.39250171184539795,-0.02713293582201004,0.9991838335990906,0.5600770115852356,0.39183351397514343,-0.02721739560365677,0.9994020462036133,0.5632712244987488,0.393974244594574,-0.07195260375738144,0.999214768409729,0.5620483160018921,0.393568754196167,-0.07208890467882156,0.9990362524986267,0.5607719421386719,0.3931945860385895,-0.07209136337041855,0.9992663860321045,0.5397939682006836,0.38692009449005127,0.019183289259672165,0.9985390901565552,0.5432341694831848,0.3891192376613617,-0.18100281059741974,0.99886155128479,0.5464523434638977,0.4026497006416321,-0.00805883388966322,0.9991909861564636,0.5472384691238403,0.4028656482696533,-0.06684079021215439,0.9993396997451782,0.47322654724121094,0.4062553346157074,0.13448496162891388,0.9997124671936035,0.4831239581108093,0.4147540032863617,-0.28629323840141296,0.9999331831932068,0.43576690554618835,0.4630332589149475,0.19172531366348267,0.1024150401353836,0.46462467312812805,0.47613421082496643,-0.34309661388397217,0.952721357345581,0.46240442991256714,0.5218955278396606,0.1250564455986023,0.10469405353069305,0.48097991943359375,0.5360340476036072,-0.2689172625541687,0.8661158084869385,0.46666714549064636,0.5404350161552429,0.1287475824356079,0.10355958342552185,0.482727974653244,0.5501686334609985,-0.3072846531867981,0.8078060150146484,0.46625348925590515,0.5420039296150208,0.08827227354049683,0.10568278282880783,0.48811841011047363,0.5506554245948792,-0.2916867434978485,0.8006207942962646,0.4683930575847626,0.5367875099182129,0.10468311607837677,0.11003565043210983,0.48384523391723633,0.5471148490905762,-0.26188960671424866,0.742301881313324,0.36677032709121704,0.5098457932472229,0.12613582611083984,0.9995383620262146,0.36654725670814514,0.5175524353981018,-0.12585221230983734,0.9998127222061157,0.3798646628856659,0.5901066660881042,0.18397028744220734,0.4467274844646454,0.3855423927307129,0.5986900925636292,-0.08104822784662247,0.9221479892730713,0.378051221370697,0.6711481213569641,0.30388692021369934,0.6492078900337219,0.3763633668422699,0.6851698160171509,0.04985901340842247,0.9461239576339722,0.3607979118824005,0.6867982745170593,0.30807003378868103,0.6544086933135986,0.3587171733379364,0.7030423879623413,0.056515779346227646,0.9111394286155701,0.42592954635620117,0.6899459362030029,0.2255067229270935,0.7566145658493042,0.4262692332267761,0.6991952061653137,-0.03932229429483414,0.9414201378822327
75,0.5596652030944824,0.40097934007644653,-0.030216630548238754,0.9994984269142151,0.5625632405281067,0.39413386583328247,-0.021487226709723473,0.999303936958313,0.560696005821228,0.393168181180954,-0.02154850959777832,0.999181866645813,0.5591095685958862,0.392385870218277,-0.02162761799991131,0.9994019269943237,0.5625579357147217,0.3945659399032593,-0.06812526285648346,0.9992125630378723,0.5612238645553589,0.39406996965408325,-0.06825969368219376,0.999033510684967,0.5597631931304932,0.3935752213001251,-0.06826180219650269,0.9992643594741821,0.5388645529747009,0.3876654803752899,0.03462756797671318,0.998528242111206,0.541731595993042,0.38923385739326477,-0.17316743731498718,0.9988534450531006,0.5456835627555847,0.4032672941684723,-0.002196697285398841,0.9991922378540039,0.5463448762893677,0.4033131003379822,-0.0632052943110466,0.9993396997451782,0.4737030565738678,0.4074874520301819,0.1553635597229004,0.9997105002403259,0.48187026381492615,0.41390031576156616,-0.2831447124481201,0.9999315738677979,0.44851621985435486,0.46492916345596313,0.20906846225261688,0.10248340666294098,0.4642188549041748,0.47493553161621094,-0.3496878743171692,0.9534500241279602,0.4622788429260254,0.5211693644523621,0.13358904421329498,0.10557430982589722,0.4796103239059448,0.5338524580001831,-0.2809689939022064,0.8686938285827637,0.4689456522464752,0.5358157157897949,0.1370798796415329,0.10434535890817642,0.48346078395843506,0.5462435483932495,-0.32161852717399597,0.8110424876213074,0.4769207835197449,0.5416972637176514,0.09648077189922333,0.10646947473287582,0.48432862758636475,0.5475202202796936,-0.30358657240867615,0.8039296269416809,0.4684547483921051,0.5355166792869568,0.11269408464431763,0.1108664721250534,0.4853091835975647,0.5417732000350952,-0.27303868532180786,0.7460176944732666,0.3724870979785919,0.5116588473320007,0.1317698061466217,0.9995304346084595,0.3696746528148651,0.5186446309089661,-0.13147661089897156,0.9998082518577576,0.37821197509765625,0.5899937152862549,0.18273597955703735,0.4472680985927582,0.38463521003723145,0.5999524593353271,-0.09249385446310043,0.9225802421569824,0.3768637776374817,0.6750028133392334,0.30577564239501953,0.6481257081031799,0.3769071698188782,0.687813937664032,0.030926577746868134,0.9462934732437134,0.3615928292274475,0.6900860071182251,0.3101493716239929,0.6526104807853699,0.3577755093574524,0.7036093473434448,0.03657037019729614,0.9109025597572327,0.4249987006187439,0.6887263059616089,0.2276771515607834,0.7559293508529663,0.42939668893814087,0.7050026655197144,-0.062145136296749115,0.9416465759277344
76,0.5596086978912354,0.3992465138435364,-0.03630232438445091,0.9995083808898926,0.5625790357589722,0.39256858825683594,-0.029415149241685867,0.9993143677711487,0.5606186389923096,0.3915736973285675,-0.029478158801794052,0.9991940855979919,0.559238076210022,0.39094191789627075,-0.029553430154919624,0.9994104504585266,0.562468945980072,0.39310672879219055,-0.07524649053812027,0.9992257356643677,0.5611902475357056,0.3927486836910248,-0.07539119571447372,0.9990501403808594,0.559838056564331,0.3924485445022583,-0.07539889961481094,0.9992771744728088,0.5392366647720337,0.38643693923950195,0.021312452852725983,0.9985432028770447,0.5426114797592163,0.38876092433929443,-0.18242670595645905,0.998872697353363,0.5459213852882385,0.40143290162086487,-0.009774858132004738,0.99921053647995,0.5467100143432617,0.40163642168045044,-0.06960524618625641,0.9993557929992676,0.4729655385017395,0.4076601564884186,0.14364002645015717,0.9997166395187378,0.48250576853752136,0.4154978394508362,-0.2908281087875366,0.9999330043792725,0.43772760033607483,0.4644106924533844,0.20322562754154205,0.10375949740409851,0.46368086338043213,0.47625988721847534,-0.3528139591217041,0.9538952708244324,0.46504339575767517,0.522696316242218,0.1319175809621811,0.10805908590555191,0.4805257022380829,0.5358856320381165,-0.2862321734428406,0.8712410926818848,0.47113046050071716,0.5371888875961304,0.13492977619171143,0.10664522647857666,0.48186004161834717,0.5498693585395813,-0.3277459740638733,0.8143318295478821,0.47802841663360596,0.5425524711608887,0.0930427834391594,0.10881733149290085,0.4823949933052063,0.5511177778244019,-0.310730904340744,0.8072436451911926,0.47103071212768555,0.5371523499488831,0.11050420254468918,0.11332172155380249,0.48344072699546814,0.5466505885124207,-0.2788279950618744,0.749522864818573,0.3720710873603821,0.5123304724693298,0.13146726787090302,0.9995373487472534,0.3692699074745178,0.519064724445343,-0.13119737803936005,0.9998104572296143,0.3790816068649292,0.5916455388069153,0.2084169238805771,0.44699549674987793,0.3869685232639313,0.60155189037323,-0.06490716338157654,0.9229755401611328,0.375311017036438,0.673745334148407,0.3453473150730133,0.648266613483429,0.376232773065567,0.6864058375358582,0.07097581773996353,0.9466044902801514,0.3619095981121063,0.6894577741622925,0.35114026069641113,0.6520943641662598,0.35909000039100647,0.7040649652481079,0.07767712324857712,0.9111445546150208,0.42710989713668823,0.6892338395118713,0.27184122800827026,0.7562682032585144,0.4316025674343109,0.70469069480896,-0.019761964678764343,0.9419889450073242
77,0.562795102596283,0.4012362062931061,-0.06122443825006485,0.9995139837265015,0.5651472210884094,0.3936198949813843,-0.05138305202126503,0.9993201494216919,0.5643891096115112,0.3924989700317383,-0.05144735425710678,0.9992011785507202,0.5629684329032898,0.39178162813186646,-0.05152257904410362,0.9994165897369385,0.5649962425231934,0.3941231369972229,-0.09921742230653763,0.999234139919281,0.5632177591323853,0.39354243874549866,-0.09935226291418076,0.9990615248680115,0.5620626211166382,0.39264369010925293,-0.09935203939676285,0.9992861747741699,0.5429520010948181,0.3872876465320587,0.012341663241386414,0.9985474348068237,0.5432648658752441,0.3894144892692566,-0.20064324140548706,0.9988806247711182,0.5500093698501587,0.4033937454223633,-0.03002399019896984,0.9992149472236633,0.5500532984733582,0.40336352586746216,-0.09254797548055649,0.9993613958358765,0.4739103615283966,0.408416748046875,0.14291884005069733,0.9997143745422363,0.48091429471969604,0.4162190556526184,-0.3089204430580139,0.9999325275421143,0.44146546721458435,0.4648338258266449,0.2026059478521347,0.10309305787086487,0.4660862684249878,0.4785476326942444,-0.37583252787590027,0.9549781680107117,0.4630146324634552,0.5237859487533569,0.12643185257911682,0.1079104095697403,0.48313653469085693,0.5373243689537048,-0.3115353286266327,0.8746751546859741,0.4690079689025879,0.53834068775177,0.12834380567073822,0.10645154863595963,0.48493263125419617,0.5492698550224304,-0.3567765951156616,0.8188199996948242,0.47467440366744995,0.5453916788101196,0.08433947712182999,0.10867269337177277,0.48895958065986633,0.5512719750404358,-0.33797597885131836,0.8118692636489868,0.46874678134918213,0.5370253920555115,0.10394942760467529,0.11320171505212784,0.4847414791584015,0.5471523404121399,-0.3037136197090149,0.7544925808906555,0.3725689649581909,0.5125576257705688,0.13656464219093323,0.9995354413986206,0.3660389482975006,0.5183671712875366,-0.13623082637786865,0.9998107552528381,0.38047486543655396,0.591261625289917,0.1817847341299057,0.44315749406814575,0.3856295347213745,0.6008331775665283,-0.10278121381998062,0.9231621026992798,0.37964683771133423,0.6736833453178406,0.3091209828853607,0.6452015042304993,0.3779613971710205,0.6890171766281128,0.01930529624223709,0.9468927979469299,0.36230769753456116,0.691861629486084,0.3139266073703766,0.6510831117630005,0.35729318857192993,0.7049758434295654,0.02464805729687214,0.9113390445709229,0.42990100383758545,0.6926022171974182,0.22824367880821228,0.7553015351295471,0.4281982481479645,0.7060961127281189,-0.0797160416841507,0.9424591660499573
78,0.5596182346343994,0.40129250288009644,-0.04800349473953247,0.9995187520980835,0.5623787641525269,0.3939584195613861,-0.03790028393268585,0.9993225932121277,0.5611493587493896,0.3932427763938904,-0.03795508295297623,0.9992050528526306,0.5596219301223755,0.39249926805496216,-0.038026466965675354,0.9994198083877563,0.562566876411438,0.39434558153152466,-0.0864788219332695,0.9992373585700989,0.5607587695121765,0.39363884925842285,-0.08661247789859772,0.9990663528442383,0.5592076182365417,0.39305374026298523,-0.08661175519227982,0.9992892146110535,0.5394837260246277,0.38744670152664185,0.02557225152850151,0.9985432624816895,0.5414705872535706,0.3888886272907257,-0.1906118243932724,0.9988811612129211,0.5463193655014038,0.403747022151947,-0.017005680128932,0.9992215037345886,0.5465766191482544,0.4035979211330414,-0.08045870810747147,0.999366044998169,0.473550021648407,0.40753525495529175,0.15630647540092468,0.9997166395187378,0.4799017310142517,0.41444167494773865,-0.30294719338417053,0.999932050704956,0.4513552784919739,0.4676949381828308,0.21093733608722687,0.10474114865064621,0.46545517444610596,0.4768555760383606,-0.37505367398262024,0.9557955265045166,0.46791064739227295,0.5249999761581421,0.12430496513843536,0.11070334911346436,0.4819553792476654,0.5363960266113281,-0.31184202432632446,0.8776808977127075,0.480103075504303,0.5428589582443237,0.12603838741779327,0.10886705666780472,0.48402848839759827,0.5504725575447083,-0.3572125732898712,0.8226820230484009,0.4793703854084015,0.5441455245018005,0.08331166952848434,0.11113429069519043,0.4896361529827118,0.5509074330329895,-0.33819177746772766,0.8158249855041504,0.47758179903030396,0.5410018563270569,0.10201827436685562,0.11571443825960159,0.48494628071784973,0.5471526384353638,-0.30384230613708496,0.7588151693344116,0.3737182915210724,0.512295663356781,0.13912799954414368,0.9995325803756714,0.3656448721885681,0.5181921124458313,-0.1388266384601593,0.9998084306716919,0.3816257417201996,0.5920582413673401,0.19674421846866608,0.4421508014202118,0.38591110706329346,0.6012992858886719,-0.09308274835348129,0.9235205054283142,0.3806380331516266,0.6752321720123291,0.33070167899131775,0.6437817215919495,0.37615785002708435,0.689596951007843,0.03402731195092201,0.947270929813385,0.3650706708431244,0.6897974014282227,0.3359631597995758,0.6500921845436096,0.35789239406585693,0.70649254322052,0.039591070264577866,0.9114542603492737,0.4265722632408142,0.69147789478302,0.2515110373497009,0.754817545413971,0.4315436780452728,0.7081881761550903,-0.06480594724416733,0.9429410099983215
79,0.5597413778305054,0.40021300315856934,-0.03715544939041138,0.9995136857032776,0.5619598627090454,0.3929908871650696,-0.03007320500910282,0.9993149042129517,0.5607485771179199,0.39222827553749084,-0.03015279956161976,0.999195396900177,0.5592219233512878,0.3914716839790344,-0.030248254537582397,0.9994138479232788,0.5624947547912598,0.39374107122421265,-0.07569020986557007,0.9992225170135498,0.5611387491226196,0.39332807064056396,-0.07582369446754456,0.9990448355674744,0.5596882104873657,0.3929360806941986,-0.07583855837583542,0.9992734789848328,0.5387735366821289,0.3868589401245117,0.02229984663426876,0.998526394367218,0.5417863130569458,0.38894832134246826,-0.18114718794822693,0.9988498687744141,0.5460141897201538,0.4027150273323059,-0.010097713209688663,0.9992152452468872,0.5465013384819031,0.4028611183166504,-0.06978911906480789,0.99935382604599,0.47356998920440674,0.4064984917640686,0.14194440841674805,0.9997161626815796,0.4816690981388092,0.41386309266090393,-0.2876400947570801,0.9999284744262695,0.44852882623672485,0.4662216305732727,0.19502201676368713,0.10698682069778442,0.46561652421951294,0.47640809416770935,-0.35000190138816833,0.9553196430206299,0.4653523862361908,0.5225898027420044,0.11882423609495163,0.11269693821668625,0.4821895658969879,0.5354040265083313,-0.27833518385887146,0.8773351311683655,0.470431387424469,0.5373663306236267,0.1219598799943924,0.11052664369344711,0.48488765954971313,0.5477940440177917,-0.31771349906921387,0.822195291519165,0.4764881134033203,0.5423508286476135,0.08189336210489273,0.1127856895327568,0.4880754351615906,0.5502852201461792,-0.301379919052124,0.8153152465820312,0.4697672426700592,0.5362801551818848,0.09833433479070663,0.11744402348995209,0.48446983098983765,0.5464797616004944,-0.27100807428359985,0.7583005428314209,0.37157583236694336,0.5112208127975464,0.12744498252868652,0.9995368719100952,0.36581724882125854,0.5172385573387146,-0.12715575098991394,0.9998058676719666,0.3805865943431854,0.5873602628707886,0.17300161719322205,0.4490368962287903,0.38397416472435,0.5980076789855957,-0.09985139966011047,0.9240400791168213,0.37793442606925964,0.6704473495483398,0.28470948338508606,0.6493081450462341,0.3759954571723938,0.6840015649795532,0.03090737573802471,0.9473080635070801,0.3630102872848511,0.6861674189567566,0.28819605708122253,0.6528131365776062,0.3589748442173004,0.7019815444946289,0.037457022815942764,0.9111338257789612,0.42560112476348877,0.689944863319397,0.2024778127670288,0.7588103413581848,0.4220012128353119,0.7024403810501099,-0.062059853225946426,0.9431270360946655
80,0.5611463785171509,0.40082573890686035,-0.046908263117074966,0.9995149970054626,0.5639509558677673,0.39381206035614014,-0.037871379405260086,0.9993133544921875,0.562118411064148,0.39285120368003845,-0.03793802112340927,0.9991936683654785,0.5606040358543396,0.3920733332633972,-0.03801753371953964,0.9994135499000549,0.563854992389679,0.39423438906669617,-0.0856863334774971,0.9992210268974304,0.5624967813491821,0.3937361240386963,-0.08582250028848648,0.9990429282188416,0.5610024929046631,0.393228679895401,-0.08583232760429382,0.9992725253105164,0.5399237871170044,0.38716381788253784,0.021164758130908012,0.9985159039497375,0.5427418351173401,0.38891154527664185,-0.19189953804016113,0.9988470673561096,0.5475284457206726,0.40317606925964355,-0.01752544194459915,0.9992183446884155,0.5480720400810242,0.40319663286209106,-0.08005993068218231,0.999356746673584,0.47335106134414673,0.4068552553653717,0.1472175270318985,0.9997161030769348,0.48117610812187195,0.4141623377799988,-0.30188313126564026,0.9999275803565979,0.4484812021255493,0.46580415964126587,0.20335091650485992,0.10693326592445374,0.4641497731208801,0.4760231077671051,-0.3694820702075958,0.9560233354568481,0.4637722969055176,0.5223448872566223,0.12323879450559616,0.1133536845445633,0.4800298810005188,0.5345479249954224,-0.30312615633010864,0.8796346783638,0.46926435828208923,0.5368449091911316,0.12529955804347992,0.11116842180490494,0.48132437467575073,0.5493558645248413,-0.3471250534057617,0.8250454068183899,0.4763697683811188,0.5423225164413452,0.0827527642250061,0.11345227062702179,0.48664766550064087,0.5497506856918335,-0.3290186822414398,0.8182485103607178,0.46850818395614624,0.5360896587371826,0.10130156576633453,0.11813253164291382,0.4826563596725464,0.5458775758743286,-0.29545462131500244,0.7615548372268677,0.3718322217464447,0.5110152959823608,0.13528840243816376,0.9995337724685669,0.36871740221977234,0.5184534192085266,-0.134979709982872,0.9998034238815308,0.3784841001033783,0.589300811290741,0.19356577098369598,0.44895684719085693,0.3846713900566101,0.5992913246154785,-0.09119001030921936,0.9241654872894287,0.37680307030677795,0.6746641397476196,0.322757363319397,0.6488068103790283,0.3765984773635864,0.687445342540741,0.041635166853666306,0.9473073482513428,0.36104756593704224,0.690640926361084,0.32777151465415955,0.6518539786338806,0.3573087453842163,0.7035030126571655,0.04810226708650589,0.9106568098068237,0.43016505241394043,0.6911506652832031,0.24384352564811707,0.7585210204124451,0.4288123548030853,0.7049059867858887,-0.05189656838774681,0.9431723356246948
81,0.5583236813545227,0.39928755164146423,-0.02048928290605545,0.9995224475860596,0.5612726807594299,0.3926861584186554,-0.014697433449327946,0.9993230700492859,0.5596023201942444,0.3917296230792999,-0.014759114012122154,0.9992051720619202,0.5581768751144409,0.39095619320869446,-0.014830420725047588,0.9994224309921265,0.5616064071655273,0.3933051824569702,-0.05896100401878357,0.9992309212684631,0.5605973601341248,0.392941951751709,-0.059087879955768585,0.9990540742874146,0.5595188140869141,0.39260008931159973,-0.0590822659432888,0.9992810487747192,0.5391279458999634,0.3861699104309082,0.029721926897764206,0.9985408186912537,0.5431438088417053,0.3888457119464874,-0.16773958504199982,0.9988606572151184,0.5453342795372009,0.4014832377433777,0.003597668372094631,0.9992303848266602,0.5462849140167236,0.4015483260154724,-0.05439353361725807,0.9993643760681152,0.47244295477867126,0.4057897627353668,0.1417677253484726,0.9997200965881348,0.48342767357826233,0.41478949785232544,-0.2730090618133545,0.9999278783798218,0.43629586696624756,0.4612613618373871,0.19497022032737732,0.10935301333665848,0.465077668428421,0.47649067640304565,-0.33119431138038635,0.9561988711357117,0.4625585675239563,0.5209171772003174,0.12641090154647827,0.11510378867387772,0.4805629849433899,0.5340395569801331,-0.2619844675064087,0.8798654675483704,0.4682137072086334,0.5361235737800598,0.1300601363182068,0.11256472766399384,0.48350203037261963,0.5474544167518616,-0.3004056215286255,0.8250458240509033,0.474920392036438,0.5414494276046753,0.09004285931587219,0.11482743918895721,0.48684293031692505,0.5498074293136597,-0.28377434611320496,0.8182570934295654,0.46759727597236633,0.5348332524299622,0.10625941306352615,0.11947792023420334,0.4831767678260803,0.5456113219261169,-0.25464218854904175,0.7617276310920715,0.37092360854148865,0.5095177888870239,0.12463842332363129,0.9995331764221191,0.37011972069740295,0.51738041639328,-0.12435578554868698,0.9998018145561218,0.37635374069213867,0.5880679488182068,0.1740022748708725,0.45240795612335205,0.3830150067806244,0.5965757966041565,-0.08660349994897842,0.9244747161865234,0.37548595666885376,0.6707158088684082,0.28920453786849976,0.6512717604637146,0.3741896450519562,0.6843897104263306,0.03654208034276962,0.9473410844802856,0.3617284893989563,0.6839863657951355,0.2930099368095398,0.6525566577911377,0.3576270341873169,0.7027618885040283,0.042358312755823135,0.9105252027511597,0.42512404918670654,0.6879234313964844,0.20998428761959076,0.7597455382347107,0.42376816272735596,0.7007473707199097,-0.054568931460380554,0.9431092143058777
82,0.5589970946311951,0.4001546800136566,-0.03293444216251373,0.9995246529579163,0.5618836879730225,0.39318913221359253,-0.02643696218729019,0.9993253350257874,0.5605931282043457,0.39250221848487854,-0.026506848633289337,0.999207079410553,0.5590360760688782,0.3917275667190552,-0.026586895808577538,0.9994251728057861,0.5624717473983765,0.39367949962615967,-0.07201821357011795,0.9992321729660034,0.5612367391586304,0.3932100534439087,-0.07214855402708054,0.9990538954734802,0.5598938465118408,0.3926936388015747,-0.07214797288179398,0.9992814660072327,0.539320707321167,0.3862076997756958,0.022600682452321053,0.9985472559928894,0.5427238941192627,0.38838428258895874,-0.18079964816570282,0.9988574385643005,0.5458865761756897,0.4025575518608093,-0.007105099502950907,0.9992341995239258,0.5466092228889465,0.40258604288101196,-0.0668007880449295,0.9993649125099182,0.47193998098373413,0.4057694375514984,0.1397688090801239,0.9997216463088989,0.4811613857746124,0.4145177900791168,-0.28728777170181274,0.9999271631240845,0.438668429851532,0.4601965844631195,0.19572395086288452,0.11116212606430054,0.464995414018631,0.4765072464942932,-0.3485238254070282,0.9564412832260132,0.4642172157764435,0.5220410823822021,0.12158368527889252,0.11694523692131042,0.48145392537117004,0.5347094535827637,-0.2797585725784302,0.8806491494178772,0.4704209268093109,0.5355103611946106,0.12395371496677399,0.11415902525186539,0.48270508646965027,0.5490055084228516,-0.31960389018058777,0.8258470892906189,0.47549015283584595,0.5427187085151672,0.08322855830192566,0.11643701791763306,0.48587650060653687,0.5510068535804749,-0.30279234051704407,0.8190976977348328,0.4697211682796478,0.534704327583313,0.1008099764585495,0.12107604742050171,0.4839222729206085,0.5451253652572632,-0.2723328173160553,0.7627747058868408,0.37092262506484985,0.5103110671043396,0.1283589005470276,0.9995304346084595,0.3688143491744995,0.5186859369277954,-0.12808899581432343,0.9997997283935547,0.3768051564693451,0.5891020894050598,0.191697359085083,0.45583975315093994,0.3837412893772125,0.5992376804351807,-0.07768716663122177,0.9247869849205017,0.3756929636001587,0.670708417892456,0.32198280096054077,0.6523217558860779,0.37434977293014526,0.6855959296226501,0.05835144966840744,0.9472822546958923,0.36095401644706726,0.6841763257980347,0.3274676203727722,0.6521783471107483,0.3574047386646271,0.7036261558532715,0.06558580696582794,0.9101364016532898,0.42629683017730713,0.689645528793335,0.24828402698040009,0.7601528167724609,0.4237384498119354,0.7024689316749573,-0.02918892912566662,0.9429425001144409
83,0.5596948862075806,0.4009225368499756,-0.042956624180078506,0.9995322823524475,0.5631308555603027,0.3939856290817261,-0.03596673160791397,0.9993348121643066,0.561475396156311,0.3931712806224823,-0.036037083715200424,0.9992183446884155,0.5601247549057007,0.3924940526485443,-0.03611064329743385,0.9994337558746338,0.5628998279571533,0.394246906042099,-0.08271706104278564,0.9992431402206421,0.5615890026092529,0.39375555515289307,-0.08285529166460037,0.9990667700767517,0.560165524482727,0.3932606279850006,-0.08285553008317947,0.9992916584014893,0.5396546125411987,0.38699933886528015,0.015684591606259346,0.998567521572113,0.5427374243736267,0.3891347348690033,-0.19268672168254852,0.998874306678772,0.5465884208679199,0.4035378098487854,-0.015838896855711937,0.9992462992668152,0.5469487905502319,0.403418630361557,-0.07701657712459564,0.9993742108345032,0.47221672534942627,0.4057467579841614,0.13703975081443787,0.9997264742851257,0.48005014657974243,0.41586431860923767,-0.2996561527252197,0.9999278783798218,0.43694213032722473,0.4624480605125427,0.19948306679725647,0.11175468564033508,0.46496671438217163,0.47777432203292847,-0.3591881990432739,0.956740140914917,0.46330612897872925,0.5239877104759216,0.12868618965148926,0.11731337755918503,0.482558012008667,0.5374656915664673,-0.2881234586238861,0.8816672563552856,0.4686391055583954,0.5379140973091125,0.1315513700246811,0.11440533399581909,0.48249176144599915,0.5514780879020691,-0.33062875270843506,0.8269864916801453,0.47511565685272217,0.5428471565246582,0.08878374099731445,0.11670936644077301,0.485976904630661,0.5532903075218201,-0.31366732716560364,0.8202671408653259,0.46716973185539246,0.5365172028541565,0.10714397579431534,0.12141487747430801,0.4836527407169342,0.5475380420684814,-0.28080227971076965,0.7638548612594604,0.36985617876052856,0.5110304355621338,0.13131733238697052,0.9995329976081848,0.36733758449554443,0.519119143486023,-0.1310255229473114,0.9998001456260681,0.3792245090007782,0.59041428565979,0.20155182480812073,0.45710793137550354,0.38548743724823,0.6001591682434082,-0.07515224069356918,0.9250400066375732,0.3767169415950775,0.6723886132240295,0.33330249786376953,0.6536870002746582,0.3755631446838379,0.6879515051841736,0.06430034339427948,0.9473103880882263,0.3612504005432129,0.6857767105102539,0.3386862576007843,0.6526076197624207,0.3577944338321686,0.7048120498657227,0.07166653126478195,0.9100778698921204,0.4252583086490631,0.6915360689163208,0.2560538351535797,0.7610840201377869,0.42294299602508545,0.7046363353729248,-0.025432858616113663,0.9430075287818909
84,0.5582656860351562,0.4012812674045563,-0.04835612326860428,0.9995244741439819,0.5609902739524841,0.3941188454627991,-0.0413658507168293,0.9993239641189575,0.5597798824310303,0.3934112787246704,-0.04144369810819626,0.9992055296897888,0.5582705736160278,0.3926742374897003,-0.04152444750070572,0.9994263648986816,0.56121426820755,0.3946254849433899,-0.08697479963302612,0.999229371547699,0.5598095655441284,0.3941649794578552,-0.08710788935422897,0.9990490078926086,0.5583044290542603,0.39372187852859497,-0.08710751682519913,0.9992794990539551,0.5377093553543091,0.38745737075805664,0.010362106375396252,0.9985479712486267,0.5404329299926758,0.38973864912986755,-0.1929381638765335,0.9988535046577454,0.5447982549667358,0.403956800699234,-0.02144874446094036,0.999231219291687,0.5450928211212158,0.4039420485496521,-0.0811464786529541,0.9993607997894287,0.47280073165893555,0.405620813369751,0.12956199049949646,0.9997249841690063,0.47949308156967163,0.4156777262687683,-0.29526177048683167,0.9999261498451233,0.43539923429489136,0.46177586913108826,0.19172263145446777,0.11183267831802368,0.4642004370689392,0.47606658935546875,-0.35169583559036255,0.9566600322723389,0.462523877620697,0.5210632681846619,0.12290258705615997,0.11705998331308365,0.47967827320098877,0.5333757996559143,-0.27955928444862366,0.8816112875938416,0.46797293424606323,0.5355829000473022,0.12534020841121674,0.11411284655332565,0.48375052213668823,0.5476638674736023,-0.3198191225528717,0.8268001079559326,0.4670262336730957,0.5368930697441101,0.08442036062479019,0.11642175167798996,0.48735907673835754,0.5497171878814697,-0.30371618270874023,0.8201190829277039,0.46597668528556824,0.533535897731781,0.10220745205879211,0.12113881856203079,0.4829905927181244,0.5451140999794006,-0.27238282561302185,0.7635849714279175,0.3719828426837921,0.5107144117355347,0.12765873968601227,0.9995209574699402,0.36647066473960876,0.5183733105659485,-0.12738178670406342,0.9997932314872742,0.38073161244392395,0.5870667695999146,0.20183828473091125,0.4594308137893677,0.38485243916511536,0.5987191796302795,-0.0660976842045784,0.9251090288162231,0.37829044461250305,0.6722713708877563,0.3333175480365753,0.6552356481552124,0.37446826696395874,0.6848388910293579,0.0757003203034401,0.9469480514526367,0.3612661063671112,0.6851670145988464,0.3388438820838928,0.6522549986839294,0.35726630687713623,0.7024343013763428,0.08373113721609116,0.9093896746635437,0.4236128628253937,0.6897510290145874,0.2591818571090698,0.7616463303565979,0.42686140537261963,0.7047778367996216,-0.0077424729242920876,0.9426833987236023
85,0.5592505931854248,0.4001559317111969,-0.04112458974123001,0.9995251893997192,0.5621680021286011,0.39281314611434937,-0.03495776653289795,0.9993262887001038,0.5604361295700073,0.3919144570827484,-0.0350230410695076,0.999207615852356,0.5589680671691895,0.39117807149887085,-0.03509267047047615,0.999428927898407,0.5622888803482056,0.3932819962501526,-0.08058784157037735,0.999233067035675,0.5610895752906799,0.39285868406295776,-0.08072270452976227,0.999052882194519,0.5597771406173706,0.39245209097862244,-0.08072434365749359,0.999284029006958,0.5386039614677429,0.38651663064956665,0.013287180103361607,0.9985519051551819,0.5425334572792053,0.3890592157840729,-0.19010473787784576,0.9988588094711304,0.5461428165435791,0.4027389883995056,-0.015308711677789688,0.9992307424545288,0.546860933303833,0.4027913212776184,-0.07504650205373764,0.9993622899055481,0.47151505947113037,0.4052921235561371,0.13256008923053741,0.9997262954711914,0.4814754128456116,0.4160299301147461,-0.2953437864780426,0.9999272227287292,0.4300634264945984,0.4613826870918274,0.19677138328552246,0.11048661917448044,0.4643552005290985,0.47582322359085083,-0.3476872146129608,0.9570452570915222,0.4608920216560364,0.5197838544845581,0.13239546120166779,0.1156734824180603,0.48285335302352905,0.5345779061317444,-0.2734375298023224,0.8821612596511841,0.4668906033039093,0.534696102142334,0.13556231558322906,0.11297875642776489,0.48721083998680115,0.5483290553092957,-0.31356239318847656,0.8273230791091919,0.46683961153030396,0.5359148979187012,0.09297012537717819,0.11527352780103683,0.48818880319595337,0.549061119556427,-0.29702651500701904,0.8206554651260376,0.4660535156726837,0.532745897769928,0.11111582815647125,0.11998558789491653,0.48439544439315796,0.5448211431503296,-0.26617899537086487,0.7640930414199829,0.36535999178886414,0.5099464654922485,0.13046464323997498,0.9995178580284119,0.3666093051433563,0.5190504193305969,-0.13016314804553986,0.9997935891151428,0.3766299784183502,0.5884577035903931,0.20484061539173126,0.458024799823761,0.38295191526412964,0.5974708199501038,-0.06760904937982559,0.9250679612159729,0.3746818006038666,0.6703925132751465,0.3414308726787567,0.6545320153236389,0.37314292788505554,0.685390830039978,0.07074262946844101,0.9468675255775452,0.3601929247379303,0.6837582588195801,0.34754273295402527,0.652096152305603,0.35653606057167053,0.7030356526374817,0.07828222215175629,0.9091008901596069,0.42585232853889465,0.687719464302063,0.2702902853488922,0.76126629114151,0.42493873834609985,0.701287031173706,-0.014420685358345509,0.9425566792488098
86,0.5588987469673157,0.39991986751556396,-0.02657320164144039,0.999518871307373,0.5606719255447388,0.39262914657592773,-0.020810775458812714,0.9993183612823486,0.5593317747116089,0.3918597996234894,-0.020870981737971306,0.9991973042488098,0.5577293634414673,0.3910994529724121,-0.020941227674484253,0.9994219541549683,0.5615324974060059,0.3934110403060913,-0.06609371304512024,0.9992257356643677,0.5603650808334351,0.3930404782295227,-0.06623296439647675,0.9990434050559998,0.55909663438797,0.3926977813243866,-0.06623677164316177,0.999277651309967,0.5377804636955261,0.38669002056121826,0.02466350607573986,0.9985296130180359,0.5421551465988159,0.38930022716522217,-0.17709940671920776,0.9988470673561096,0.5452548861503601,0.40231141448020935,-0.0018071645172312856,0.999218761920929,0.5463196039199829,0.40243053436279297,-0.06103949621319771,0.9993535280227661,0.4710976779460907,0.4058196544647217,0.14211927354335785,0.9997243881225586,0.48230451345443726,0.4159011244773865,-0.285875141620636,0.9999275803565979,0.4313204884529114,0.46211910247802734,0.2012365609407425,0.10968799889087677,0.4639633297920227,0.4771483540534973,-0.3458048701286316,0.9566847681999207,0.4608454704284668,0.5210898518562317,0.13270503282546997,0.11514022946357727,0.4809848368167877,0.5346181988716125,-0.2756906747817993,0.8807520866394043,0.46765369176864624,0.5353313088417053,0.13573986291885376,0.11259344220161438,0.48361727595329285,0.5479752421379089,-0.3152048587799072,0.8255387544631958,0.46753770112991333,0.5365859270095825,0.09492369741201401,0.11486771702766418,0.48728710412979126,0.5499424934387207,-0.29811549186706543,0.8188111782073975,0.4663468599319458,0.533379077911377,0.11194874346256256,0.11951553076505661,0.48543134331703186,0.5429900288581848,-0.26813215017318726,0.7620804309844971,0.3708970248699188,0.5123247504234314,0.13050521910190582,0.9995155334472656,0.366841197013855,0.5199739336967468,-0.13021056354045868,0.9997941255569458,0.38154137134552,0.5884950160980225,0.20097650587558746,0.4567425847053528,0.3849291205406189,0.6002942323684692,-0.0703682079911232,0.9243940114974976,0.3763255774974823,0.6728228330612183,0.3316851556301117,0.6533874273300171,0.3738715648651123,0.6879172325134277,0.060417547821998596,0.9465529322624207,0.3599405884742737,0.6872415542602539,0.3369921147823334,0.6516832113265991,0.35599228739738464,0.7051340937614441,0.06701064854860306,0.9087352752685547,0.4247545897960663,0.689583420753479,0.258707731962204,0.7603453397750854,0.4291520118713379,0.7073162794113159,-0.028313111513853073,0.9422192573547363
87,0.5595173835754395,0.4003159999847412,-0.0687512531876564,0.9994950890541077,0.5624247193336487,0.3933590054512024,-0.060470517724752426,0.9992840886116028,0.5607364177703857,0.3923912048339844,-0.060554876923561096,0.9991574287414551,0.559502124786377,0.39165130257606506,-0.060644928365945816,0.9993947148323059,0.5619568824768066,0.3937569558620453,-0.10762456059455872,0.9991869330406189,0.5605639219284058,0.39327847957611084,-0.10776924341917038,0.9989964962005615,0.5590834021568298,0.39281123876571655,-0.10778479278087616,0.9992440342903137,0.5422311425209045,0.3876315951347351,-0.0017512224148958921,0.9984514117240906,0.5419731140136719,0.38890817761421204,-0.2116670161485672,0.9987913966178894,0.5464662313461304,0.4026516079902649,-0.03912019729614258,0.9991858601570129,0.5463904142379761,0.4026556611061096,-0.10077162086963654,0.9993264079093933,0.47396180033683777,0.40546661615371704,0.1265396624803543,0.9997207522392273,0.48008570075035095,0.4141114354133606,-0.3155089318752289,0.9999261498451233,0.44903266429901123,0.46480947732925415,0.190986767411232,0.10932040959596634,0.46482786536216736,0.47633466124534607,-0.3725934624671936,0.9566068649291992,0.4650876224040985,0.5235490798950195,0.11664528399705887,0.11512665450572968,0.48022210597991943,0.5342553853988647,-0.30128005146980286,0.8814355731010437,0.4702349901199341,0.5375511050224304,0.11829832196235657,0.11257737874984741,0.48429903388023376,0.5479214191436768,-0.34463462233543396,0.8263959288597107,0.47689881920814514,0.542190432548523,0.07561173290014267,0.11489836126565933,0.48536136746406555,0.5488300323486328,-0.32855209708213806,0.8197038769721985,0.46891042590141296,0.5356733202934265,0.09487774968147278,0.11956745386123657,0.4838259518146515,0.5455226898193359,-0.2942838668823242,0.7626579999923706,0.3735634386539459,0.512063205242157,0.13459983468055725,0.9995020627975464,0.36466866731643677,0.5176048278808594,-0.13431861996650696,0.9997876286506653,0.3831653892993927,0.5883589386940002,0.22139319777488708,0.45306044816970825,0.38536691665649414,0.6000178456306458,-0.061533551663160324,0.9241580963134766,0.3773798942565918,0.671481728553772,0.3652850389480591,0.6505679488182068,0.3748147189617157,0.6875572800636292,0.08559730648994446,0.9458603858947754,0.36136558651924133,0.6878244280815125,0.37190064787864685,0.6493752002716064,0.3568747341632843,0.7042155861854553,0.09386832267045975,0.9077426195144653,0.4267846941947937,0.6910853385925293,0.29071176052093506,0.7585888504981995,0.4245707094669342,0.7048492431640625,-0.0021491083316504955,0.9416763782501221
88,0.5596029758453369,0.40005165338516235,-0.04324780032038689,0.9995006918907166,0.5620033144950867,0.3928016424179077,-0.036010514944791794,0.9992921948432922,0.5607335567474365,0.39213013648986816,-0.03608477860689163,0.9991666674613953,0.5591874718666077,0.39141741394996643,-0.036162640899419785,0.9994014501571655,0.5623648166656494,0.39325615763664246,-0.08281432092189789,0.9991925954818726,0.5610213875770569,0.39279699325561523,-0.08295319229364395,0.999001681804657,0.5595657825469971,0.39234355092048645,-0.08296199142932892,0.9992486834526062,0.5386947989463806,0.386591374874115,0.01681847870349884,0.9984647631645203,0.5415757298469543,0.3886769711971283,-0.1919565349817276,0.9987990856170654,0.5462666153907776,0.40284061431884766,-0.015793494880199432,0.9991891980171204,0.5467361211776733,0.4027364253997803,-0.07702597975730896,0.9993273615837097,0.4722362160682678,0.40594273805618286,0.13829641044139862,0.9997219443321228,0.4805946350097656,0.4154651165008545,-0.30004939436912537,0.9999247193336487,0.43462643027305603,0.461611807346344,0.1967938244342804,0.10976263135671616,0.46534013748168945,0.47647055983543396,-0.3620193600654602,0.9567429423332214,0.46304574608802795,0.5217151045799255,0.12315341085195541,0.11524047702550888,0.481322705745697,0.5343829393386841,-0.287095308303833,0.8817691206932068,0.46900537610054016,0.5357517004013062,0.12627708911895752,0.11265381425619125,0.4850420355796814,0.5475205183029175,-0.3276965022087097,0.8265602588653564,0.46867749094963074,0.5371792912483215,0.08490525931119919,0.1149645522236824,0.4886642098426819,0.5493810176849365,-0.3103742301464081,0.8198416233062744,0.46757206320762634,0.5340564846992493,0.10212261229753494,0.11961078643798828,0.4846174120903015,0.5449363589286804,-0.2793082892894745,0.7627063393592834,0.37118232250213623,0.5112535953521729,0.1307515650987625,0.9995052814483643,0.36520639061927795,0.5180855393409729,-0.13042183220386505,0.9997860789299011,0.3797019422054291,0.5862982869148254,0.1804489940404892,0.4589785635471344,0.3828444480895996,0.5967122316360474,-0.09847889095544815,0.9247856736183167,0.37603431940078735,0.6711785197257996,0.29719460010528564,0.6561547517776489,0.3744409680366516,0.6845322847366333,0.03859484940767288,0.9460956454277039,0.36258286237716675,0.6844338774681091,0.3012421727180481,0.6534351110458374,0.35783445835113525,0.7023839354515076,0.04593018814921379,0.9078528881072998,0.42488256096839905,0.6899967193603516,0.2175925374031067,0.7624582052230835,0.4210056662559509,0.7028579711914062,-0.05083877220749855,0.9420506358146667
89,0.5595952868461609,0.3997715711593628,-0.04377849027514458,0.9994844794273376,0.5620681047439575,0.39234960079193115,-0.03681790083646774,0.9992722868919373,0.5608047842979431,0.39161044359207153,-0.036894358694553375,0.9991422295570374,0.5592083930969238,0.3908454179763794,-0.03697722777724266,0.9993853569030762,0.5624501705169678,0.3929477334022522,-0.08260982483625412,0.9991727471351624,0.5610308051109314,0.3924866318702698,-0.08274787664413452,0.9989776611328125,0.5589359402656555,0.39182955026626587,-0.08275581896305084,0.9992321133613586,0.5381959080696106,0.38596242666244507,0.014984672889113426,0.9984260201454163,0.5409091711044312,0.3880698084831238,-0.1890246570110321,0.9987717866897583,0.5459173917770386,0.4022648334503174,-0.01668819785118103,0.9991633892059326,0.5462772846221924,0.40223270654678345,-0.07661614567041397,0.9993093609809875,0.4724080264568329,0.4062485098838806,0.1358187347650528,0.9997166991233826,0.4797680675983429,0.41523733735084534,-0.2939169704914093,0.9999243021011353,0.4344748258590698,0.462690532207489,0.1979457587003708,0.108204185962677,0.46409207582473755,0.4763415455818176,-0.3496476411819458,0.9565286040306091,0.46202611923217773,0.5205349922180176,0.13106784224510193,0.11384748667478561,0.4817870557308197,0.5341973304748535,-0.2781146466732025,0.8813419938087463,0.46850207448005676,0.5349863171577454,0.1334962695837021,0.11138194799423218,0.48435142636299133,0.5470052361488342,-0.31880536675453186,0.8261500597000122,0.4687463045120239,0.5367251038551331,0.09264542162418365,0.11366547644138336,0.48840010166168213,0.5491718053817749,-0.3018657863140106,0.8194461464881897,0.46773672103881836,0.5336676239967346,0.11029528826475143,0.11832607537508011,0.48613303899765015,0.5421958565711975,-0.2706785202026367,0.7622756361961365,0.371572881937027,0.5118039846420288,0.13025061786174774,0.9994961619377136,0.36606326699256897,0.5187728404998779,-0.12996436655521393,0.9997841715812683,0.3809400200843811,0.5871567130088806,0.2149200290441513,0.45528993010520935,0.38413843512535095,0.5985351204872131,-0.05536440759897232,0.9237212538719177,0.37879323959350586,0.6716740131378174,0.3567066192626953,0.6520242094993591,0.3749757409095764,0.6855524182319641,0.0843936949968338,0.9452747702598572,0.36074063181877136,0.6840542554855347,0.3633674085140228,0.650282084941864,0.35707777738571167,0.70311439037323,0.09212419390678406,0.9067786335945129,0.4252993166446686,0.6882302165031433,0.2858467996120453,0.7594677209854126,0.42923516035079956,0.7042533159255981,-0.0015536353457719088,0.9412490725517273
90,0.5579742193222046,0.4001835882663727,-0.0318782813847065,0.9994755983352661,0.5601991415023804,0.3928551971912384,-0.026567647233605385,0.999260663986206,0.5589993596076965,0.39206457138061523,-0.026644915342330933,0.9991285800933838,0.5575149059295654,0.39125901460647583,-0.026729829609394073,0.999376118183136,0.56070476770401,0.3936291038990021,-0.07071743160486221,0.9991567134857178,0.5594712495803833,0.3932259678840637,-0.0708521157503128,0.9989562630653381,0.5581387281417847,0.3928305208683014,-0.0708540678024292,0.9992165565490723,0.5374662280082703,0.3865245580673218,0.017558760941028595,0.9984081387519836,0.5410313010215759,0.3891032040119171,-0.1795647144317627,0.9987459778785706,0.5447998642921448,0.40244871377944946,-0.007626368664205074,0.9991477131843567,0.5453521609306335,0.4026198983192444,-0.06550458073616028,0.9992930293083191,0.47141677141189575,0.40528303384780884,0.12906447052955627,0.9997138381004333,0.48163485527038574,0.4153420329093933,-0.28196898102760315,0.999922513961792,0.43295255303382874,0.4608829617500305,0.18629582226276398,0.10846859961748123,0.46457040309906006,0.47632187604904175,-0.3376232087612152,0.9556801319122314,0.46010076999664307,0.5200614333152771,0.1216566264629364,0.11315594613552094,0.4805625379085541,0.5335901975631714,-0.26570701599121094,0.879019021987915,0.4677135944366455,0.5352032780647278,0.12480156123638153,0.11064887791872025,0.4845970571041107,0.5472127199172974,-0.3040909171104431,0.8232516646385193,0.4675249457359314,0.5367597341537476,0.08488307148218155,0.11288975179195404,0.48817455768585205,0.5493674278259277,-0.2882891595363617,0.8165146112442017,0.46624648571014404,0.5337058305740356,0.10165838897228241,0.11754491925239563,0.4841025173664093,0.5451428890228271,-0.2586888074874878,0.7590895295143127,0.36685970425605774,0.5088918805122375,0.12321555614471436,0.9994924664497375,0.36791691184043884,0.5180565118789673,-0.12293779850006104,0.9997811913490295,0.37945297360420227,0.5863559246063232,0.18205523490905762,0.45880523324012756,0.38309475779533386,0.597037672996521,-0.07755298167467117,0.9235936403274536,0.37609952688217163,0.6708650588989258,0.30104339122772217,0.6546941995620728,0.374942809343338,0.6844042539596558,0.05532881245017052,0.9450421929359436,0.35967689752578735,0.6862716674804688,0.3053646683692932,0.6512642502784729,0.358798086643219,0.7025737166404724,0.06240967661142349,0.9064508676528931,0.4247966408729553,0.6894194483757019,0.22297509014606476,0.76080721616745,0.42096084356307983,0.7025257349014282,-0.03214063495397568,0.9409641623497009
91,0.5583715438842773,0.40071386098861694,-0.058016352355480194,0.9994645118713379,0.5614347457885742,0.39386361837387085,-0.05056348443031311,0.9992464184761047,0.5597757697105408,0.39297938346862793,-0.05064355954527855,0.9991114735603333,0.5583722591400146,0.3922255039215088,-0.05072727054357529,0.9993648529052734,0.561100423336029,0.3941483497619629,-0.09663322567939758,0.9991426467895508,0.5597141981124878,0.39362210035324097,-0.09678186476230621,0.998939573764801,0.5582084655761719,0.3930763602256775,-0.09679710865020752,0.9992055296897888,0.5381871461868286,0.38689351081848145,0.00387054611928761,0.9983737468719482,0.5404832363128662,0.38865673542022705,-0.2012898325920105,0.9987271428108215,0.5453372001647949,0.4030856192111969,-0.030040234327316284,0.9991334676742554,0.5453970432281494,0.40302857756614685,-0.09029052406549454,0.999284029006958,0.47292840480804443,0.4063490033149719,0.12787316739559174,0.9997108578681946,0.47940415143966675,0.41428741812705994,-0.3048419952392578,0.9999225735664368,0.4346737861633301,0.46260660886764526,0.19186556339263916,0.1066378578543663,0.4630991220474243,0.4748227596282959,-0.3612309694290161,0.9557567834854126,0.46228572726249695,0.5187599658966064,0.12364891916513443,0.11165224760770798,0.4802148938179016,0.5326517224311829,-0.29060494899749756,0.8794331550598145,0.46563929319381714,0.5340364575386047,0.12576742470264435,0.10939774662256241,0.48365724086761475,0.5464770793914795,-0.3322684168815613,0.8238290548324585,0.4693622887134552,0.5368210077285767,0.08355457335710526,0.11164909601211548,0.48748093843460083,0.5489398241043091,-0.3157466650009155,0.8171114325523376,0.46867403388023376,0.5340636372566223,0.10225541144609451,0.11630788445472717,0.4834551513195038,0.5449280738830566,-0.2833755612373352,0.7595744729042053,0.37222370505332947,0.5111973881721497,0.1316121369600296,0.9994871020317078,0.36758002638816833,0.518363893032074,-0.1313260793685913,0.999780535697937,0.37913721799850464,0.5887023210525513,0.21578843891620636,0.4543713331222534,0.38458681106567383,0.5987703204154968,-0.06015828996896744,0.9230472445487976,0.3769547641277313,0.6737136244773865,0.35432228446006775,0.6512184739112854,0.3736124634742737,0.6853379011154175,0.08065292239189148,0.9444094300270081,0.3597806394100189,0.6890853047370911,0.3604264557361603,0.6485992670059204,0.3565211296081543,0.7023941278457642,0.0884355753660202,0.9056605100631714,0.4252362549304962,0.6879725456237793,0.28058165311813354,0.7585565447807312,0.4278869330883026,0.7044974565505981,-0.0054402523674070835,0.9404343962669373
92,0.5574603080749512,0.399490088224411,-0.04251890257000923,0.9994351863861084,0.5598334074020386,0.39209267497062683,-0.037752509117126465,0.9992061257362366,0.5586451292037964,0.3913190960884094,-0.037842392921447754,0.999064028263092,0.5572104454040527,0.390541136264801,-0.03794139251112938,0.9993311762809753,0.560585618019104,0.39288192987442017,-0.08164987713098526,0.9990899562835693,0.5594538450241089,0.3924981355667114,-0.08179015666246414,0.9988721609115601,0.5582497715950012,0.3921378552913666,-0.08180583268404007,0.9991553425788879,0.5371856689453125,0.3857775628566742,0.006547739263623953,0.9982945919036865,0.5410877466201782,0.3884483575820923,-0.18936368823051453,0.9986433386802673,0.5444118976593018,0.40183383226394653,-0.018134450539946556,0.9990905523300171,0.5449507236480713,0.40199413895606995,-0.07562041282653809,0.9992417097091675,0.4708993136882782,0.4057181775569916,0.12229181081056595,0.9997061491012573,0.48152023553848267,0.4147633910179138,-0.29120251536369324,0.9999195337295532,0.4324696362018585,0.4630262851715088,0.1825304478406906,0.10814596712589264,0.4642925560474396,0.47595301270484924,-0.3417201042175293,0.9543501734733582,0.46332278847694397,0.5213816165924072,0.11766282469034195,0.11293061822652817,0.4814610481262207,0.5336266756057739,-0.26647689938545227,0.8767319321632385,0.4689500033855438,0.536418080329895,0.12036360800266266,0.11062798649072647,0.4847292900085449,0.5472899675369263,-0.30466392636299133,0.8205780982971191,0.4664725959300995,0.5403692722320557,0.07989398390054703,0.1128700003027916,0.4855826795101166,0.5484298467636108,-0.2896326184272766,0.8138028383255005,0.4677146077156067,0.5344785451889038,0.0973409041762352,0.11755995452404022,0.4843236804008484,0.545028030872345,-0.259664922952652,0.755948543548584,0.3677251636981964,0.5096665620803833,0.12523049116134644,0.9994809627532959,0.36793309450149536,0.5180466175079346,-0.12499333173036575,0.9997752904891968,0.3808005154132843,0.5868596434593201,0.20385006070137024,0.45739662647247314,0.3853285610675812,0.5983738899230957,-0.06329613924026489,0.9230520725250244,0.3771182894706726,0.6698070168495178,0.3338327407836914,0.6548253297805786,0.3750329613685608,0.6850292086601257,0.08266224712133408,0.9441161751747131,0.3591279685497284,0.6846293210983276,0.33952659368515015,0.650234043598175,0.35762685537338257,0.7021641731262207,0.09124419093132019,0.9052866101264954,0.41972678899765015,0.6871763467788696,0.26108941435813904,0.7604336142539978,0.42352765798568726,0.7028447389602661,-0.00013753767416346818,0.9399622678756714
93,0.5588699579238892,0.400479257106781,-0.06384072452783585,0.9994453191757202,0.5619534254074097,0.3936401605606079,-0.055955689400434494,0.9992204308509827,0.5603746771812439,0.3927663564682007,-0.05603312328457832,0.9990798234939575,0.5590102672576904,0.39201024174690247,-0.05610933154821396,0.9993427991867065,0.5616356134414673,0.3939521312713623,-0.10293293744325638,0.9991118907928467,0.560282289981842,0.3934410512447357,-0.10308483242988586,0.9989009499549866,0.5588181018829346,0.39291512966156006,-0.103093720972538,0.9991773366928101,0.5410141944885254,0.3875170350074768,0.00082074583042413,0.9983225464820862,0.5411205291748047,0.38852572441101074,-0.2080422043800354,0.9986798763275146,0.5460239052772522,0.40289026498794556,-0.03474769741296768,0.9991079568862915,0.5461458563804626,0.4028281569480896,-0.09610939770936966,0.9992613792419434,0.4727674126625061,0.4065939784049988,0.12891879677772522,0.9997107982635498,0.4795551002025604,0.4146105647087097,-0.31377294659614563,0.9999225735664368,0.43620678782463074,0.4628163278102875,0.19799645245075226,0.10640385746955872,0.46298184990882874,0.47580116987228394,-0.37222999334335327,0.95517498254776,0.46389034390449524,0.5201124548912048,0.1297541707754135,0.11218013614416122,0.48287132382392883,0.5353451371192932,-0.3054269254207611,0.8793412446975708,0.4695514738559723,0.5350099205970764,0.13116084039211273,0.1101127341389656,0.48234885931015015,0.5495549440383911,-0.3500625789165497,0.8239530920982361,0.47722291946411133,0.5410142540931702,0.08739706873893738,0.11243011802434921,0.488082617521286,0.5498466491699219,-0.33244314789772034,0.8172491788864136,0.4697028398513794,0.5344284176826477,0.1076216772198677,0.1171499490737915,0.4839731752872467,0.5459305644035339,-0.2979522943496704,0.7594677209854126,0.3730502128601074,0.5119834542274475,0.1358569860458374,0.9994881749153137,0.36754730343818665,0.5185868740081787,-0.13556815683841705,0.9997814893722534,0.37919554114341736,0.5904498100280762,0.23539185523986816,0.45000043511390686,0.38529375195503235,0.6007328629493713,-0.04477217420935631,0.9228998422622681,0.3747542202472687,0.6736903786659241,0.3952138125896454,0.6482782959938049,0.3736632764339447,0.686224102973938,0.1037868782877922,0.943920373916626,0.35716697573661804,0.6878936290740967,0.40364107489585876,0.6465164422988892,0.35612615942955017,0.7031787633895874,0.11240750551223755,0.905304491519928,0.4264912009239197,0.687515914440155,0.3275604844093323,0.756744384765625,0.4308844804763794,0.704313337802887,0.01899326965212822,0.9399623870849609
94,0.5576350092887878,0.4001278281211853,-0.042426180094480515,0.9994374513626099,0.5606884956359863,0.39298343658447266,-0.03664184361696243,0.9992080926895142,0.5590230226516724,0.39203858375549316,-0.036718424409627914,0.9990658760070801,0.5576517581939697,0.39127588272094727,-0.036803387105464935,0.99933260679245,0.5606414079666138,0.3934577703475952,-0.08187974989414215,0.9990974068641663,0.5594448447227478,0.39301395416259766,-0.08202020078897476,0.9988826513290405,0.5581692457199097,0.3925831913948059,-0.08202692866325378,0.9991627931594849,0.5379306077957153,0.38644224405288696,0.010351558215916157,0.9982971549034119,0.541110098361969,0.38867610692977905,-0.19124957919120789,0.9986534118652344,0.5448312163352966,0.40245547890663147,-0.017040619626641273,0.9990994334220886,0.5451980829238892,0.40256184339523315,-0.07624079287052155,0.9992508888244629,0.4717966616153717,0.405988872051239,0.12919850647449493,0.9997121095657349,0.48153653740882874,0.414429247379303,-0.2973630428314209,0.9999228119850159,0.43449559807777405,0.4628356099128723,0.1898096352815628,0.10724633187055588,0.4650501608848572,0.47668227553367615,-0.35194477438926697,0.9546663761138916,0.4637255072593689,0.5224499106407166,0.1215539425611496,0.11306045949459076,0.48316866159439087,0.5355943441390991,-0.2790438234806061,0.8784707188606262,0.46726149320602417,0.5402390956878662,0.1242460161447525,0.1108962818980217,0.4849429130554199,0.5480892658233643,-0.31981799006462097,0.8228628635406494,0.4662972688674927,0.541662871837616,0.08243386447429657,0.11322339624166489,0.4881168007850647,0.5505696535110474,-0.30397260189056396,0.8161318302154541,0.46789151430130005,0.5359513163566589,0.1005541980266571,0.11799128353595734,0.4840787351131439,0.5464686155319214,-0.272134929895401,0.757959246635437,0.3669401705265045,0.5099671483039856,0.13068099319934845,0.9994921684265137,0.36580196022987366,0.5174247026443481,-0.13043688237667084,0.999782919883728,0.37584060430526733,0.5846630930900574,0.212092787027359,0.44979915022850037,0.385560005903244,0.5983250737190247,-0.062109336256980896,0.9232231378555298,0.3770253360271454,0.6699745059013367,0.3507721722126007,0.6494706273078918,0.37558016180992126,0.6862218379974365,0.08022887259721756,0.9441044330596924,0.35928231477737427,0.685042679309845,0.35697823762893677,0.6471616625785828,0.358371764421463,0.7036261558532715,0.08809039741754532,0.9055734276771545,0.4196898639202118,0.6873824596405029,0.2772427499294281,0.7576509714126587,0.42673102021217346,0.7001006603240967,-0.007136203348636627,0.9400752782821655
95,0.5590991377830505,0.39983898401260376,-0.059288736432790756,0.9994235038757324,0.5618230104446411,0.3926931619644165,-0.051711637526750565,0.999187171459198,0.5607590675354004,0.39191576838493347,-0.05178847908973694,0.9990416169166565,0.5593907237052917,0.39111241698265076,-0.05187000334262848,0.999315083026886,0.5620079636573792,0.3933491110801697,-0.09799131006002426,0.9990746378898621,0.5606428384780884,0.3928775489330292,-0.09813192486763,0.9988552331924438,0.5591859221458435,0.39241325855255127,-0.09814724326133728,0.999143123626709,0.5387693047523499,0.38571852445602417,0.0029582935385406017,0.9982407689094543,0.5410965085029602,0.38792884349823,-0.20328396558761597,0.9986181855201721,0.5458922982215881,0.40208345651626587,-0.031184358522295952,0.999075710773468,0.5459094047546387,0.4021835923194885,-0.09171774238348007,0.9992335438728333,0.4728165864944458,0.4063135087490082,0.12624749541282654,0.9997047781944275,0.4804460406303406,0.414269357919693,-0.30830609798431396,0.9999211430549622,0.4356050193309784,0.46217450499534607,0.18284934759140015,0.10629703104496002,0.46319106221199036,0.4754604697227478,-0.36913326382637024,0.9548351764678955,0.46343693137168884,0.5198319554328918,0.10905226320028305,0.11227479577064514,0.4823664426803589,0.5349346399307251,-0.3026748597621918,0.8794500827789307,0.4689764976501465,0.5353122353553772,0.11068291962146759,0.11017261445522308,0.48381251096725464,0.5472237467765808,-0.3457982540130615,0.8239927291870117,0.47647708654403687,0.5411009192466736,0.06767695397138596,0.11250785738229752,0.4876806437969208,0.5498054623603821,-0.3284059762954712,0.8172706365585327,0.4688120186328888,0.5345168113708496,0.08716055750846863,0.11732365190982819,0.4838346838951111,0.5458459854125977,-0.29538583755493164,0.7589340806007385,0.3718375861644745,0.5099509358406067,0.1312093436717987,0.9994814395904541,0.36607399582862854,0.5166518092155457,-0.13093669712543488,0.9997786283493042,0.3792593777179718,0.5852058529853821,0.19505174458026886,0.4469701051712036,0.3833201825618744,0.5961265563964844,-0.0803835317492485,0.9226483702659607,0.3755911886692047,0.668931782245636,0.32899007201194763,0.6468927264213562,0.3738768994808197,0.6829309463500977,0.05625170096755028,0.943496823310852,0.3604317903518677,0.6841410398483276,0.33494409918785095,0.6453290581703186,0.35711556673049927,0.7014415264129639,0.06345818936824799,0.9045295715332031,0.4237978756427765,0.687688946723938,0.25311312079429626,0.75575852394104,0.43011558055877686,0.6991977095603943,-0.03489004448056221,0.9393631219863892
96,0.555161714553833,0.400459349155426,-0.025675320997834206,0.9994183778762817,0.5577836036682129,0.3934195637702942,-0.01907302998006344,0.9991823434829712,0.5564568042755127,0.39275646209716797,-0.019138647243380547,0.9990352988243103,0.5548606514930725,0.3920632004737854,-0.019217435270547867,0.9993104338645935,0.558487057685852,0.39405950903892517,-0.06410131603479385,0.999070405960083,0.5572255253791809,0.39367932081222534,-0.06424641609191895,0.9988501071929932,0.5558861494064331,0.3932874798774719,-0.06425682455301285,0.9991403222084045,0.5348458886146545,0.3875878155231476,0.028521787375211716,0.9982317090034485,0.5382046699523926,0.3893190026283264,-0.1723136603832245,0.9986161589622498,0.5412425994873047,0.4031602442264557,-0.0004739703726954758,0.9990672469139099,0.5417060852050781,0.4033501148223877,-0.0594555102288723,0.9992297291755676,0.4705759286880493,0.40708643198013306,0.14344216883182526,0.999700665473938,0.48224180936813354,0.4141611158847809,-0.2802871763706207,0.9999215006828308,0.4322388470172882,0.46345609426498413,0.2004999965429306,0.10428253561258316,0.4636287987232208,0.4751793444156647,-0.34009891748428345,0.9546231031417847,0.46123895049095154,0.5191429257392883,0.1366567313671112,0.11013546586036682,0.48236894607543945,0.5342149138450623,-0.2693542242050171,0.8784237504005432,0.4647315442562103,0.5355488657951355,0.1406378149986267,0.10829145461320877,0.48330187797546387,0.5454989075660706,-0.30822494626045227,0.8227748274803162,0.465118408203125,0.5394620299339294,0.10005930066108704,0.1105584129691124,0.4877675771713257,0.5484651327133179,-0.2905840575695038,0.8159903287887573,0.4677535891532898,0.5342222452163696,0.11612671613693237,0.1153295710682869,0.4833024740219116,0.5445539951324463,-0.2616075277328491,0.7577645182609558,0.3693132996559143,0.5129306316375732,0.12815073132514954,0.9994791746139526,0.36918407678604126,0.518671989440918,-0.12786945700645447,0.9997796416282654,0.3827303946018219,0.5918716192245483,0.19268213212490082,0.4477415084838867,0.38768377900123596,0.6039571762084961,-0.07365704327821732,0.9226366281509399,0.3777637779712677,0.6733463406562805,0.3190109133720398,0.6470665335655212,0.3766477704048157,0.692852795124054,0.05345722660422325,0.9438489675521851,0.36292436718940735,0.6904227137565613,0.32386937737464905,0.6458480358123779,0.3576085865497589,0.7091599702835083,0.05979317054152489,0.9052367210388184,0.42633816599845886,0.6927778720855713,0.24454820156097412,0.7555784583091736,0.426904559135437,0.7045238018035889,-0.03476625308394432,0.9396420121192932
97,0.5564263463020325,0.3994778096675873,-0.017371414229273796,0.9993923306465149,0.5583238005638123,0.39217835664749146,-0.014218972995877266,0.9991511702537537,0.5570639371871948,0.3915291428565979,-0.014300159178674221,0.9990001320838928,0.5555394291877747,0.3909265697002411,-0.014398054219782352,0.9992836117744446,0.5593584179878235,0.3930199146270752,-0.055814024060964584,0.9990288019180298,0.5581431984901428,0.39273762702941895,-0.05594456568360329,0.9987989068031311,0.5568753480911255,0.39250120520591736,-0.05594734475016594,0.9990980625152588,0.5352743864059448,0.3871734142303467,0.02113419398665428,0.9981934428215027,0.5396157503128052,0.38929980993270874,-0.16450947523117065,0.9985499382019043,0.542145311832428,0.40224990248680115,0.0036244732327759266,0.9990358352661133,0.5427185297012329,0.40258026123046875,-0.05090762674808502,0.9991927742958069,0.4707401394844055,0.4063817858695984,0.1278626024723053,0.9996998310089111,0.48338064551353455,0.41370993852615356,-0.2659606337547302,0.9999197721481323,0.43416085839271545,0.4621257185935974,0.18644899129867554,0.1076367124915123,0.46760398149490356,0.4774307608604431,-0.3112494647502899,0.9522275328636169,0.463744193315506,0.5221202373504639,0.12858444452285767,0.11219003796577454,0.48347440361976624,0.536032497882843,-0.23318806290626526,0.8723253011703491,0.47013726830482483,0.5365246534347534,0.13266299664974213,0.11007948219776154,0.4853854179382324,0.547454297542572,-0.26736980676651,0.8157544136047363,0.46909600496292114,0.538243293762207,0.09399999678134918,0.11232475936412811,0.48855823278427124,0.5500758290290833,-0.25386855006217957,0.8089080452919006,0.4688408374786377,0.5358855724334717,0.10951723158359528,0.11712709814310074,0.48434099555015564,0.5461707711219788,-0.22675971686840057,0.7504627704620361,0.3642638623714447,0.5095974802970886,0.11997516453266144,0.9994840621948242,0.36643850803375244,0.5169553160667419,-0.11975468695163727,0.9997789263725281,0.37545233964920044,0.5846342444419861,0.18733260035514832,0.45156410336494446,0.3863646984100342,0.5977743268013,-0.0638812705874443,0.9225265383720398,0.37668973207473755,0.6692737340927124,0.30550530552864075,0.6507145166397095,0.3766770660877228,0.681317925453186,0.06693705171346664,0.9435384273529053,0.36103737354278564,0.682850182056427,0.31001365184783936,0.6471994519233704,0.357589453458786,0.6946609020233154,0.074204221367836,0.9051976203918457,0.4186142086982727,0.6871954202651978,0.23247486352920532,0.757642388343811,0.42648348212242126,0.699624240398407,-0.0147633608430624,0.939296305179596
98,0.5591415762901306,0.4001370370388031,-0.028584463521838188,0.9994100332260132,0.5613514184951782,0.3923279047012329,-0.02136698178946972,0.9991794228553772,0.5600249767303467,0.39158302545547485,-0.02143300510942936,0.9990323781967163,0.5583370923995972,0.3909401297569275,-0.021499810740351677,0.99930739402771,0.5614931583404541,0.39305078983306885,-0.06770174205303192,0.9990626573562622,0.5596441626548767,0.39246660470962524,-0.06784185767173767,0.9988403916358948,0.5579971075057983,0.39210277795791626,-0.0678451657295227,0.9991305470466614,0.5381374955177307,0.3872990012168884,0.027869392186403275,0.9982535243034363,0.5405853390693665,0.3888128697872162,-0.17909854650497437,0.9986045360565186,0.5459978580474854,0.402552992105484,-0.0028416390996426344,0.9990627765655518,0.5464650988578796,0.4027041494846344,-0.06360533088445663,0.9992190599441528,0.4724339246749878,0.4060000479221344,0.14375220239162445,0.999701201915741,0.4827119708061218,0.4135212302207947,-0.2876836955547333,0.9999213218688965,0.4324150085449219,0.46190547943115234,0.2000558227300644,0.10516956448554993,0.46504515409469604,0.4762968420982361,-0.34336403012275696,0.953260600566864,0.45486798882484436,0.5203287601470947,0.134787455201149,0.109642393887043,0.4812510907649994,0.5353302359580994,-0.2672100067138672,0.8744582533836365,0.46040356159210205,0.5333126783370972,0.1378498375415802,0.10774515569210052,0.48247259855270386,0.5464727878570557,-0.30655235052108765,0.8182272911071777,0.4646455645561218,0.5356884002685547,0.097380131483078,0.10993053019046783,0.48694831132888794,0.5494170188903809,-0.28900325298309326,0.8114416003227234,0.46338149905204773,0.5320698022842407,0.11419758200645447,0.11464853584766388,0.484377920627594,0.54225093126297,-0.2594812512397766,0.7535146474838257,0.3696631193161011,0.5109282732009888,0.1288720965385437,0.9994897842407227,0.36991891264915466,0.5191212892532349,-0.12854823470115662,0.9997830986976624,0.3767826557159424,0.5891801118850708,0.19304057955741882,0.44912490248680115,0.38568875193595886,0.6007267832756042,-0.07705968618392944,0.9219751954078674,0.37775474786758423,0.6710187792778015,0.3167448341846466,0.6479175686836243,0.372938334941864,0.6907975077629089,0.05409279465675354,0.9430683255195618,0.36205512285232544,0.6893322467803955,0.32145997881889343,0.6458024978637695,0.3574422299861908,0.7036001682281494,0.06096649542450905,0.9047285318374634,0.42770397663116455,0.6920066475868225,0.24141338467597961,0.7556821703910828,0.42524275183677673,0.7042552828788757,-0.03122844360768795,0.9388207793235779
99,0.5590245723724365,0.3976076543331146,-0.05151161551475525,0.9994024038314819,0.5613635182380676,0.3906027674674988,-0.04499799758195877,0.99916672706604,0.5600414872169495,0.3889443874359131,-0.04507647454738617,0.9990177750587463,0.5587245225906372,0.38822346925735474,-0.04517126455903053,0.9992968440055847,0.5612750053405762,0.3912360966205597,-0.08980968594551086,0.9990494847297668,0.5606477856636047,0.3903152346611023,-0.08995101600885391,0.9988254904747009,0.5593728423118591,0.3899901509284973,-0.08995942026376724,0.9991195201873779,0.5416863560676575,0.3851322829723358,0.006979648489505053,0.9982227683067322,0.5411074161529541,0.38759273290634155,-0.19232982397079468,0.9985793232917786,0.5461925268173218,0.39926087856292725,-0.02434786967933178,0.9990487098693848,0.546353816986084,0.399574339389801,-0.08288051933050156,0.9992079734802246,0.4715033173561096,0.40607959032058716,0.12943094968795776,0.9996970891952515,0.48170381784439087,0.41425594687461853,-0.2956405282020569,0.9999204874038696,0.4366518557071686,0.46292003989219666,0.19210626184940338,0.10452048480510712,0.46412310004234314,0.47593075037002563,-0.3508921265602112,0.9526222348213196,0.4636344611644745,0.5210219621658325,0.12692011892795563,0.10912927985191345,0.48074668645858765,0.5328307151794434,-0.27988100051879883,0.8735487461090088,0.47018128633499146,0.5364629030227661,0.12960176169872284,0.1072952076792717,0.4844038784503937,0.5467010140419006,-0.31998807191848755,0.8176236152648926,0.4699462354183197,0.5377002358436584,0.08800473064184189,0.10948378592729568,0.48806625604629517,0.5489109754562378,-0.30458709597587585,0.8108283877372742,0.46930912137031555,0.5342991352081299,0.10590124875307083,0.11427155137062073,0.48617592453956604,0.5417993068695068,-0.27301308512687683,0.7526103854179382,0.36933135986328125,0.511448323726654,0.12818937003612518,0.9994901418685913,0.365739643573761,0.51773601770401,-0.127931609749794,0.9997832775115967,0.37807387113571167,0.589421808719635,0.19984440505504608,0.4491139352321625,0.3849002420902252,0.5984372496604919,-0.06724861264228821,0.9220470786094666,0.3771424889564514,0.6703184843063354,0.3334041237831116,0.6487420797348022,0.375975638628006,0.6851398348808289,0.06904220581054688,0.9434553384780884,0.3617928922176361,0.6834231615066528,0.3389334976673126,0.6462956070899963,0.3584822416305542,0.702803373336792,0.0760209709405899,0.9050655364990234,0.4273677468299866,0.6887176036834717,0.2578006684780121,0.7566434741020203,0.42904359102249146,0.6991484761238098,-0.022195810452103615,0.9392392635345459
100,0.5600550770759583,0.4008527398109436,-0.05959329754114151,0.9994022250175476,0.562320351600647,0.39301443099975586,-0.04969024658203125,0.9991644620895386,0.5610637068748474,0.39229005575180054,-0.049758974462747574,0.9990170001983643,0.5594879984855652,0.3916759788990021,-0.049844469875097275,0.9992964267730713,0.5618178248405457,0.39340823888778687,-0.09687800705432892,0.9990492463111877,0.5603042840957642,0.3929463028907776,-0.09700857102870941,0.9988282322883606,0.5585763454437256,0.39252540469169617,-0.09701403230428696,0.9991214275360107,0.5390426516532898,0.3876960873603821,0.013737390749156475,0.998214602470398,0.5405281782150269,0.38883185386657715,-0.19647489488124847,0.9985818862915039,0.5464435815811157,0.4032444357872009,-0.028865734115242958,0.9990454912185669,0.5465891361236572,0.40318241715431213,-0.0905885174870491,0.9992092251777649,0.4726807773113251,0.40826448798179626,0.14213286340236664,0.999688982963562,0.4796401858329773,0.41531234979629517,-0.30304548144340515,0.9999188184738159,0.4466312527656555,0.46672239899635315,0.20315702259540558,0.10419608652591705,0.46413448452949524,0.4771658480167389,-0.36425259709358215,0.9534206986427307,0.4603467583656311,0.5222692489624023,0.13415394723415375,0.10873395949602127,0.4796212911605835,0.5353505611419678,-0.29180699586868286,0.8755289316177368,0.46644824743270874,0.5372019410133362,0.13759562373161316,0.10678680986166,0.48130062222480774,0.5492972731590271,-0.334181547164917,0.820166826248169,0.47505950927734375,0.5426627993583679,0.09472020715475082,0.10898780077695847,0.48749223351478577,0.5505317449569702,-0.3158363997936249,0.8134498596191406,0.46602681279182434,0.5365190505981445,0.1123235672712326,0.11377310007810593,0.48255398869514465,0.5465065836906433,-0.2838158905506134,0.7554791569709778,0.36974698305130005,0.5117143392562866,0.13426469266414642,0.9994693398475647,0.36464250087738037,0.5179712176322937,-0.1339571326971054,0.9997756481170654,0.37849608063697815,0.5900037884712219,0.18654115498065948,0.44667136669158936,0.38396260142326355,0.6000792384147644,-0.09323139488697052,0.9225992560386658,0.3756885528564453,0.6757892370223999,0.3176046907901764,0.6457205414772034,0.37401893734931946,0.6881211400032043,0.03411813825368881,0.9439074993133545,0.3597170412540436,0.6907539963722229,0.3227950930595398,0.644756019115448,0.35779935121536255,0.7051403522491455,0.04008282721042633,0.9053677320480347,0.4285934567451477,0.6913878917694092,0.2399825155735016,0.7544704079627991,0.4260323941707611,0.7049636840820312,-0.06031230464577675,0.9395818114280701
101,0.5576013922691345,0.39942866563796997,-0.05055088549852371,0.9994137287139893,0.5598386526107788,0.392193466424942,-0.04235558211803436,0.9991807341575623,0.5585358142852783,0.39148521423339844,-0.04242566600441933,0.9990362524986267,0.5575141906738281,0.3903275430202484,-0.042504217475652695,0.9993102550506592,0.5600752234458923,0.3927271068096161,-0.08876925706863403,0.9990692138671875,0.5587121844291687,0.39225757122039795,-0.08891106396913528,0.9988531470298767,0.5568550229072571,0.39164766669273376,-0.08891411870718002,0.9991399645805359,0.537857174873352,0.3857952654361725,0.01415098737925291,0.9982462525367737,0.5392597913742065,0.38792935013771057,-0.19244840741157532,0.9986106157302856,0.5446828007698059,0.401175320148468,-0.021939391270279884,0.9990618228912354,0.5451450347900391,0.4012311100959778,-0.08261728286743164,0.9992238283157349,0.47106313705444336,0.4075050354003906,0.13834089040756226,0.9996899366378784,0.4793942868709564,0.41446369886398315,-0.29908981919288635,0.9999197125434875,0.43556883931159973,0.4633115828037262,0.195737823843956,0.10333874076604843,0.4631558358669281,0.4762194752693176,-0.3619954288005829,0.9537426829338074,0.460313618183136,0.5208427309989929,0.12469223886728287,0.10802014172077179,0.4801207184791565,0.5341837406158447,-0.294251948595047,0.876484215259552,0.4642510414123535,0.5346311926841736,0.12753725051879883,0.10607242584228516,0.48377159237861633,0.5473867058753967,-0.3365131914615631,0.8214969635009766,0.4679282605648041,0.5373871922492981,0.08611714839935303,0.10825864225625992,0.4880046546459198,0.549803614616394,-0.31886279582977295,0.8148000240325928,0.46766358613967896,0.5347856879234314,0.10360337048768997,0.11304090917110443,0.48578691482543945,0.5429657697677612,-0.28666093945503235,0.7568033337593079,0.3697410523891449,0.5116021037101746,0.1323048621416092,0.9994735717773438,0.3672693967819214,0.5184339880943298,-0.13200412690639496,0.9997782707214355,0.3808552324771881,0.5876247882843018,0.18457554280757904,0.4442012906074524,0.38534241914749146,0.599394679069519,-0.09235402941703796,0.9226548075675964,0.37954017519950867,0.672559380531311,0.30959194898605347,0.6441937685012817,0.3756844103336334,0.685855507850647,0.033361271023750305,0.9441786408424377,0.3648272752761841,0.6871474385261536,0.3141792416572571,0.6445449590682983,0.3570336103439331,0.7037413120269775,0.03937209025025368,0.9059997797012329,0.42507410049438477,0.6895456314086914,0.23004506528377533,0.754138708114624,0.42889276146888733,0.7049264907836914,-0.06108589842915535,0.9400075078010559
102,0.5558887720108032,0.40196675062179565,-0.01712772436439991,0.9994185566902161,0.5599763989448547,0.39450132846832275,-0.011177634820342064,0.9991906881332397,0.5581082105636597,0.39369648694992065,-0.011241955682635307,0.9990478754043579,0.5566132068634033,0.3930305242538452,-0.011319762095808983,0.9993186593055725,0.560001015663147,0.3947552442550659,-0.05545414239168167,0.9990791082382202,0.5587271451950073,0.3942769765853882,-0.05558742582798004,0.9988643527030945,0.557404637336731,0.39376816153526306,-0.055578116327524185,0.9991466403007507,0.538541316986084,0.38891714811325073,0.03346933051943779,0.9982791543006897,0.539710521697998,0.38960424065589905,-0.16389574110507965,0.9986237287521362,0.5429253578186035,0.40365371108055115,0.006943061016499996,0.9990708827972412,0.5433833003044128,0.40376025438308716,-0.051067981868982315,0.9992262125015259,0.4711049497127533,0.40645313262939453,0.144778311252594,0.999691367149353,0.48326554894447327,0.4132326543331146,-0.27069422602653503,0.9999201893806458,0.4352896511554718,0.4617123007774353,0.20087456703186035,0.10380266606807709,0.4647582471370697,0.4758864939212799,-0.32723623514175415,0.9533408880233765,0.4625464677810669,0.5205916166305542,0.13784809410572052,0.10776448994874954,0.481778085231781,0.534524142742157,-0.2525166869163513,0.8744509816169739,0.469918429851532,0.535796046257019,0.14286887645721436,0.10575086623430252,0.48530516028404236,0.5472148656845093,-0.2892760932445526,0.818865954875946,0.4676112234592438,0.5403748750686646,0.10380943864583969,0.1078934520483017,0.4890850782394409,0.5496167540550232,-0.2730134427547455,0.8121152520179749,0.46907398104667664,0.5350656509399414,0.11836127936840057,0.11270077526569366,0.4848325848579407,0.5457504987716675,-0.24508200585842133,0.754084587097168,0.37026849389076233,0.5114449262619019,0.12598806619644165,0.9994748830795288,0.36951637268066406,0.5184916853904724,-0.12573862075805664,0.9997789263725281,0.3802811801433563,0.5867877006530762,0.18437299132347107,0.44675201177597046,0.3852493166923523,0.5976948738098145,-0.07830454409122467,0.9234016537666321,0.37774378061294556,0.6717612147331238,0.3040141761302948,0.6459061503410339,0.3760091960430145,0.6864119172096252,0.0457439050078392,0.9446585774421692,0.36236172914505005,0.6854714751243591,0.3081280589103699,0.6452118158340454,0.3583141267299652,0.7038493156433105,0.052114084362983704,0.9072340130805969,0.42535507678985596,0.6910402178764343,0.2282584309577942,0.7552415132522583,0.42238950729370117,0.7045899629592896,-0.039840217679739,0.9405180811882019
103,0.5589743852615356,0.4006504416465759,-0.049339089542627335,0.9994176030158997,0.5620417594909668,0.39372730255126953,-0.041408639401197433,0.9991917610168457,0.5602607727050781,0.3929416239261627,-0.041483454406261444,0.9990496635437012,0.5587634444236755,0.3923053443431854,-0.04157119616866112,0.9993204474449158,0.5617252588272095,0.3939098119735718,-0.08694110810756683,0.9990798830986023,0.5602731704711914,0.39338159561157227,-0.08708040416240692,0.9988653659820557,0.55869460105896,0.39283648133277893,-0.08708320558071136,0.9991475939750671,0.5397751927375793,0.38817107677459717,0.01370556652545929,0.9982853531837463,0.5400587320327759,0.3886488676071167,-0.18917158246040344,0.9986253380775452,0.5451854467391968,0.403283029794693,-0.02146909013390541,0.9990733861923218,0.5453766584396362,0.40317851305007935,-0.08107267320156097,0.9992280006408691,0.4717464745044708,0.40693455934524536,0.13503491878509521,0.9996932148933411,0.4810527265071869,0.41433897614479065,-0.2928922772407532,0.9999212026596069,0.4365237057209015,0.4646681845188141,0.19694232940673828,0.10364706814289093,0.46436700224876404,0.4762035310268402,-0.3466039001941681,0.9536631107330322,0.46243900060653687,0.5213866233825684,0.13182179629802704,0.10754654556512833,0.4818710386753082,0.5353795886039734,-0.2728132903575897,0.8753141164779663,0.46563512086868286,0.5389026403427124,0.13534757494926453,0.1055079773068428,0.48414504528045654,0.5492396950721741,-0.31264087557792664,0.8198813796043396,0.4674140214920044,0.5405848026275635,0.09382302314043045,0.10766271501779556,0.4901755154132843,0.5499770641326904,-0.2961716055870056,0.8131734728813171,0.46693211793899536,0.5382323861122131,0.11099590361118317,0.11249683797359467,0.48518189787864685,0.5462601780891418,-0.2654213309288025,0.7552201747894287,0.36932510137557983,0.5116081833839417,0.12961818277835846,0.999473512172699,0.36539679765701294,0.5180607438087463,-0.1293523758649826,0.999779224395752,0.3785446584224701,0.5896434187889099,0.20462661981582642,0.4451223611831665,0.3843225836753845,0.6014880537986755,-0.06564585119485855,0.9236151576042175,0.38030311465263367,0.6719927191734314,0.3410644829273224,0.6439893245697021,0.3754563629627228,0.6860024929046631,0.0713726282119751,0.9446201324462891,0.36403873562812805,0.6882761716842651,0.3468640148639679,0.6437347531318665,0.3584669828414917,0.7034343481063843,0.07872448861598969,0.9074315428733826,0.42846429347991943,0.6887838840484619,0.26699215173721313,0.7543593049049377,0.43022337555885315,0.704926609992981,-0.015934385359287262,0.9406331777572632
104,0.5587548017501831,0.4012033939361572,-0.04147486761212349,0.9994192123413086,0.5614197254180908,0.3946765065193176,-0.033507317304611206,0.9991945028305054,0.5596015453338623,0.3937927186489105,-0.03357447683811188,0.999053418636322,0.5580730438232422,0.3930983245372772,-0.03365592658519745,0.9993234872817993,0.5611058473587036,0.39492735266685486,-0.07890009880065918,0.9990842938423157,0.5596462488174438,0.39439624547958374,-0.07903405278921127,0.9988719820976257,0.558053731918335,0.39385661482810974,-0.07902678847312927,0.9991517066955566,0.539948582649231,0.388891339302063,0.02123100683093071,0.9982960820198059,0.5403172969818115,0.3895767331123352,-0.18064430356025696,0.9986327290534973,0.5450838804244995,0.40347227454185486,-0.013727005571126938,0.9990779161453247,0.5453351736068726,0.4033259451389313,-0.07307456433773041,0.99923175573349,0.4724615812301636,0.40698784589767456,0.14211082458496094,0.999695897102356,0.4817579984664917,0.4138858914375305,-0.2859730124473572,0.9999222755432129,0.4484744668006897,0.46557459235191345,0.20179802179336548,0.1040525808930397,0.4635382890701294,0.4763559401035309,-0.3427315950393677,0.9538326263427734,0.46279093623161316,0.5229196548461914,0.13363462686538696,0.10800616443157196,0.48030614852905273,0.536038339138031,-0.2706398367881775,0.8756659030914307,0.46837347745895386,0.5367640256881714,0.1367548257112503,0.10580230504274368,0.48300468921661377,0.550299882888794,-0.31037792563438416,0.82051020860672,0.4707586169242859,0.5393480658531189,0.09644404798746109,0.10795295238494873,0.4888720214366913,0.5509387254714966,-0.29447659850120544,0.813849151134491,0.46994900703430176,0.5369626879692078,0.11320879310369492,0.11284837871789932,0.4841131567955017,0.5472036004066467,-0.26337096095085144,0.7560398578643799,0.37021687626838684,0.511981725692749,0.12959860265254974,0.9994745254516602,0.36766335368156433,0.5181357264518738,-0.12934407591819763,0.9997797012329102,0.38079655170440674,0.5884943008422852,0.19661784172058105,0.4440552592277527,0.3858073651790619,0.6000559329986572,-0.07156329602003098,0.9235985279083252,0.3757871985435486,0.6750041842460632,0.32585233449935913,0.6425322890281677,0.37547701597213745,0.6876062154769897,0.056273311376571655,0.944663405418396,0.3580227196216583,0.6904227137565613,0.33073538541793823,0.6423004865646362,0.3576491177082062,0.7048972845077515,0.06272701919078827,0.9077606797218323,0.42506375908851624,0.690199613571167,0.2500253915786743,0.7535832524299622,0.4288896322250366,0.7069549560546875,-0.03191005438566208,0.9408535361289978
105,0.5585187673568726,0.4006919264793396,-0.04082731530070305,0.9993996024131775,0.561486542224884,0.39413490891456604,-0.033122509717941284,0.9991695880889893,0.5596291422843933,0.3931567072868347,-0.03319980204105377,0.9990254640579224,0.5581388473510742,0.3924086391925812,-0.03329640254378319,0.99930340051651,0.5611861348152161,0.3945302963256836,-0.07801597565412521,0.9990536570549011,0.5597906708717346,0.39405253529548645,-0.07814381271600723,0.9988353252410889,0.5582911968231201,0.39357003569602966,-0.07814809679985046,0.9991236925125122,0.5399795174598694,0.388363778591156,0.020393632352352142,0.9982508420944214,0.5403683185577393,0.3892453908920288,-0.17980793118476868,0.998583972454071,0.5444672107696533,0.40285438299179077,-0.01369496714323759,0.999048113822937,0.5446910858154297,0.4029011130332947,-0.07251747697591782,0.9992054104804993,0.4724971652030945,0.4069727063179016,0.13828328251838684,0.9996839761734009,0.48139211535453796,0.4126621186733246,-0.2830822169780731,0.9999187588691711,0.4479551613330841,0.4654521346092224,0.1931983381509781,0.10393962264060974,0.4638712704181671,0.4748246669769287,-0.337643027305603,0.9535176157951355,0.4637764096260071,0.5221410393714905,0.12714725732803345,0.10742031037807465,0.48014748096466064,0.5342382192611694,-0.2621764838695526,0.8751585483551025,0.470681369304657,0.5369059443473816,0.13182973861694336,0.10517069697380066,0.48445457220077515,0.5464617609977722,-0.2996857464313507,0.8198699355125427,0.4781656861305237,0.5421328544616699,0.09146607667207718,0.10729945451021194,0.48922380805015564,0.5493918657302856,-0.2831471860408783,0.8131909966468811,0.4700521230697632,0.5364086031913757,0.10679826885461807,0.11222631484270096,0.4840397834777832,0.5455579161643982,-0.2546943724155426,0.7552682757377625,0.3707423210144043,0.5104851126670837,0.12607026100158691,0.9994499683380127,0.3650238811969757,0.5156406760215759,-0.12580139935016632,0.9997686743736267,0.3792966604232788,0.5859100818634033,0.16955895721912384,0.4428354799747467,0.38300350308418274,0.5958666801452637,-0.09348646551370621,0.9235950708389282,0.3764641284942627,0.669731616973877,0.29080045223236084,0.6394222974777222,0.3744662404060364,0.6834863424301147,0.028709184378385544,0.94429612159729,0.36362123489379883,0.6840751767158508,0.29549407958984375,0.6397343873977661,0.35744303464889526,0.7016371488571167,0.034651823341846466,0.9071868062019348,0.4251236915588379,0.6881951093673706,0.21488910913467407,0.7510637640953064,0.4257969260215759,0.697591245174408,-0.06205114349722862,0.940301239490509
106,0.5574729442596436,0.4002287983894348,-0.049103520810604095,0.9994111061096191,0.5603122711181641,0.39355188608169556,-0.040820084512233734,0.9991832971572876,0.5585887432098389,0.39262855052948,-0.04088557884097099,0.9990426898002625,0.5571957230567932,0.3919059634208679,-0.04096318408846855,0.9993143677711487,0.5600234270095825,0.39399081468582153,-0.08669987320899963,0.999072790145874,0.5587073564529419,0.3935646116733551,-0.08683876693248749,0.9988614320755005,0.5573258399963379,0.39313799142837524,-0.08685081452131271,0.999143660068512,0.5393623113632202,0.3880273997783661,0.015158587135374546,0.9982814192771912,0.5399620532989502,0.3890655040740967,-0.18916337192058563,0.9986225962638855,0.5440182685852051,0.40256476402282715,-0.020915774628520012,0.9990686774253845,0.5442304611206055,0.40268588066101074,-0.080960214138031,0.9992278218269348,0.4712303578853607,0.40714359283447266,0.13893456757068634,0.9996866583824158,0.48060134053230286,0.41424760222435,-0.29523441195487976,0.9999207854270935,0.44770604372024536,0.46447014808654785,0.19801241159439087,0.10376255214214325,0.4640671908855438,0.47598347067832947,-0.35254913568496704,0.954240620136261,0.46084335446357727,0.5207559466362,0.13406473398208618,0.10686846822500229,0.48089683055877686,0.5394296646118164,-0.28061947226524353,0.8767639398574829,0.47104746103286743,0.5375341773033142,0.1381344348192215,0.10450632125139236,0.4843193590641022,0.550869345664978,-0.32178622484207153,0.8218463659286499,0.4740009009838104,0.5437330603599548,0.0953521654009819,0.10660868883132935,0.4853273928165436,0.5523479580879211,-0.30401337146759033,0.8151910305023193,0.4756695330142975,0.5393030047416687,0.1125001385807991,0.11152850091457367,0.4853370785713196,0.5478914380073547,-0.27289342880249023,0.7576542496681213,0.36777859926223755,0.5121533870697021,0.13067805767059326,0.9994518160820007,0.3678971230983734,0.5177894234657288,-0.13037385046482086,0.9997705817222595,0.37773430347442627,0.5903767943382263,0.18951615691184998,0.4413478672504425,0.3873938322067261,0.6041598916053772,-0.08137834817171097,0.9235795736312866,0.37912195920944214,0.6748100519180298,0.3157358169555664,0.6383269429206848,0.3758293688297272,0.689594566822052,0.04315461218357086,0.9445878267288208,0.3637824058532715,0.6888519525527954,0.3203235864639282,0.6394025683403015,0.3569674491882324,0.7084139585494995,0.04882604256272316,0.9075223207473755,0.42790892720222473,0.6931143403053284,0.236710786819458,0.7502056360244751,0.42772868275642395,0.7039825320243835,-0.04988044500350952,0.9405837059020996
107,0.5596227049827576,0.3993980884552002,-0.05819063261151314,0.9994021654129028,0.5616621971130371,0.3926153779029846,-0.05043291673064232,0.9991720914840698,0.5603895783424377,0.3919835090637207,-0.05051613971590996,0.9990305304527283,0.5584616661071777,0.3912244439125061,-0.050618305802345276,0.9993048906326294,0.5613634586334229,0.39293399453163147,-0.09518145769834518,0.9990586638450623,0.5599559545516968,0.392507940530777,-0.09531183540821075,0.9988455176353455,0.5584551692008972,0.39211422204971313,-0.09531854838132858,0.9991310238838196,0.540591835975647,0.3881602883338928,0.006219362374395132,0.9982648491859436,0.5405492782592773,0.38861745595932007,-0.19290496408939362,0.998602569103241,0.5466430187225342,0.4018813669681549,-0.029704775661230087,0.9990600943565369,0.5472604036331177,0.401915967464447,-0.08822765201330185,0.9992201924324036,0.4747738838195801,0.40957754850387573,0.13043007254600525,0.9996823668479919,0.4806389808654785,0.41469496488571167,-0.29253146052360535,0.9999193549156189,0.44773101806640625,0.4664229452610016,0.19115130603313446,0.10501466691493988,0.46213096380233765,0.4756394326686859,-0.34533217549324036,0.9537579417228699,0.4648227393627167,0.5233598351478577,0.12550094723701477,0.10801603645086288,0.47885650396347046,0.5347248315811157,-0.2721673250198364,0.8762956261634827,0.4783932566642761,0.5404917001724243,0.12936463952064514,0.1054290160536766,0.4811488687992096,0.5488532781600952,-0.3107609748840332,0.8215764164924622,0.47853338718414307,0.5416802763938904,0.08885974436998367,0.1075466126203537,0.487735778093338,0.5496160984039307,-0.2953663170337677,0.8149122595787048,0.4771997630596161,0.5395877361297607,0.10500107705593109,0.11251720041036606,0.48263004422187805,0.5458853244781494,-0.2651219666004181,0.7573233246803284,0.36911147832870483,0.5106582641601562,0.12654708325862885,0.9994381070137024,0.3640751838684082,0.5164212584495544,-0.12627065181732178,0.9997634887695312,0.3793124258518219,0.5867989659309387,0.18245655298233032,0.4401623606681824,0.38427144289016724,0.5973604321479797,-0.08188196271657944,0.923297107219696,0.3782891035079956,0.6714830994606018,0.30901092290878296,0.6362612247467041,0.37414824962615967,0.6851862668991089,0.0463615320622921,0.9443163871765137,0.362959086894989,0.6854569911956787,0.31406527757644653,0.6377621293067932,0.35641732811927795,0.7027618885040283,0.05267850682139397,0.9072712063789368,0.42588335275650024,0.6877197623252869,0.23368819057941437,0.748903751373291,0.43261364102363586,0.7000585794448853,-0.04520011320710182,0.940302312374115
108,0.5591267347335815,0.4002329707145691,-0.03991210460662842,0.9994195699691772,0.5627326369285583,0.3917950987815857,-0.030599800869822502,0.9991916418075562,0.5615801215171814,0.39102286100387573,-0.030652988702058792,0.9990540146827698,0.5602474212646484,0.3902217745780945,-0.03071168065071106,0.9993195533752441,0.5624678730964661,0.3924415707588196,-0.07857053726911545,0.9990828037261963,0.561198353767395,0.39211344718933105,-0.0787125900387764,0.9988764524459839,0.559834897518158,0.3916914165019989,-0.07872836291790009,0.9991540312767029,0.5409148335456848,0.38575422763824463,0.027555102482438087,0.9982851147651672,0.5430663824081421,0.38753360509872437,-0.18655720353126526,0.9986394047737122,0.546076238155365,0.40138205885887146,-0.010617831721901894,0.9990765452384949,0.5462965965270996,0.40170544385910034,-0.07339878380298615,0.9992390871047974,0.4721983075141907,0.4068332314491272,0.15035077929496765,0.9996813535690308,0.4817811846733093,0.4123222827911377,-0.2980966866016388,0.9999187588691711,0.43762338161468506,0.46137183904647827,0.19571460783481598,0.10400336235761642,0.463302880525589,0.47546887397766113,-0.37341663241386414,0.9544587731361389,0.45898792147636414,0.5195267796516418,0.11345211416482925,0.10714031010866165,0.47785264253616333,0.5332413911819458,-0.31316107511520386,0.878119707107544,0.46535083651542664,0.5341707468032837,0.11543397605419159,0.10462933778762817,0.4810067117214203,0.545731782913208,-0.35823854804039,0.8236823678016663,0.46569615602493286,0.5351377725601196,0.07275336980819702,0.10671854764223099,0.48623770475387573,0.5488886833190918,-0.3383999764919281,0.8170410394668579,0.4671453833580017,0.5327295064926147,0.09134478867053986,0.11156302690505981,0.4812871813774109,0.5446352362632751,-0.3051631450653076,0.7596578598022461,0.3699694871902466,0.5089917778968811,0.13330543041229248,0.9994535446166992,0.3684236705303192,0.5155728459358215,-0.13290740549564362,0.9997693300247192,0.3758910596370697,0.5882391929626465,0.13079217076301575,0.4398544132709503,0.38204073905944824,0.596277117729187,-0.14786933362483978,0.9222869873046875,0.3780615031719208,0.6704933643341064,0.22718071937561035,0.6368945837020874,0.3727465867996216,0.6901024580001831,-0.046049244701862335,0.9442739486694336,0.3621595501899719,0.6895543932914734,0.22904160618782043,0.6400026082992554,0.3588102161884308,0.7031375169754028,-0.0430426187813282,0.9069926738739014,0.42580878734588623,0.6909811496734619,0.134026437997818,0.7500454187393188,0.42189857363700867,0.7036862373352051,-0.15554729104042053,0.9405139088630676
109,0.5548064708709717,0.401116281747818,-0.06284582614898682,0.9994311332702637,0.5589845776557922,0.39340221881866455,-0.05387479439377785,0.9992080926895142,0.5578254461288452,0.39284512400627136,-0.05395275726914406,0.9990729689598083,0.5564508438110352,0.39222314953804016,-0.05403086170554161,0.9993327260017395,0.5592426061630249,0.3937079906463623,-0.10186337679624557,0.9991033673286438,0.557429850101471,0.3930647075176239,-0.1020226776599884,0.9989028573036194,0.555975079536438,0.39248690009117126,-0.10204207897186279,0.9991745948791504,0.536354660987854,0.3871752917766571,0.006061212159693241,0.9983158707618713,0.5381772518157959,0.38812026381492615,-0.20759980380535126,0.9986801743507385,0.5423914790153503,0.40298375487327576,-0.03293444588780403,0.9990962743759155,0.5425644516944885,0.4029172956943512,-0.09563688933849335,0.9992586970329285,0.46854251623153687,0.4095207154750824,0.13830384612083435,0.9996852278709412,0.47916439175605774,0.4133893847465515,-0.31581225991249084,0.9999204277992249,0.44531020522117615,0.46781548857688904,0.2072645127773285,0.10288534313440323,0.46071717143058777,0.477694571018219,-0.3783169686794281,0.954975426197052,0.46369844675064087,0.51894211769104,0.1375264823436737,0.10672293603420258,0.4804881513118744,0.5335052013397217,-0.30753573775291443,0.8794403672218323,0.4688846170902252,0.5332760214805603,0.14055971801280975,0.10440941900014877,0.48116496205329895,0.5481477975845337,-0.35050857067108154,0.8253412842750549,0.4784906208515167,0.539940595626831,0.09749848395586014,0.10656191408634186,0.4864003360271454,0.5511118769645691,-0.33269184827804565,0.8186975121498108,0.47061285376548767,0.5341807007789612,0.11540471017360687,0.11134329438209534,0.48361435532569885,0.5449015498161316,-0.29963600635528564,0.7614368796348572,0.3677998483181,0.5125122666358948,0.13627906143665314,0.9994577765464783,0.36745280027389526,0.5186424851417542,-0.13595162332057953,0.9997715353965759,0.38273221254348755,0.5928924679756165,0.2182827889919281,0.4385584592819214,0.38722944259643555,0.6058224439620972,-0.06557757407426834,0.9223716855049133,0.38087892532348633,0.6745252013206482,0.3535929024219513,0.6367775797843933,0.3745749294757843,0.6907175779342651,0.07269237190485,0.9443468451499939,0.3659570813179016,0.6923901438713074,0.35906392335891724,0.6406422257423401,0.3557484447956085,0.7092590928077698,0.07978446036577225,0.907251238822937,0.4284690022468567,0.693429172039032,0.2778426706790924,0.7502292394638062,0.4286189675331116,0.7110444903373718,-0.017321854829788208,0.9407659769058228
110,0.5601465702056885,0.40128082036972046,-0.07379549741744995,0.9994434118270874,0.5633214712142944,0.3943214416503906,-0.0638747364282608,0.9992237687110901,0.5622066259384155,0.39368414878845215,-0.06393898278474808,0.9990904927253723,0.5603064298629761,0.3928355872631073,-0.0640144944190979,0.9993457198143005,0.5626168847084045,0.3943270742893219,-0.11176322400569916,0.9991248250007629,0.5610706806182861,0.39367789030075073,-0.1119040995836258,0.9989306926727295,0.5593893527984619,0.39298638701438904,-0.11190121620893478,0.9991953372955322,0.5414789915084839,0.38816922903060913,0.0018543401965871453,0.9983466863632202,0.540230393409729,0.3880802392959595,-0.21073926985263824,0.9987137913703918,0.5467898845672607,0.4039382338523865,-0.04180748760700226,0.9991169571876526,0.547025203704834,0.4037157893180847,-0.10426199436187744,0.9992772936820984,0.4749660789966583,0.40945354104042053,0.13749730587005615,0.9996913075447083,0.47794732451438904,0.41422009468078613,-0.31778794527053833,0.999923050403595,0.4479941129684448,0.467143714427948,0.20532920956611633,0.10435176640748978,0.4622720181941986,0.4767523407936096,-0.381524920463562,0.9559859037399292,0.4660886228084564,0.5242525935173035,0.1297421157360077,0.10939937829971313,0.480471134185791,0.5361543297767639,-0.31667494773864746,0.882323145866394,0.4733259975910187,0.5374561548233032,0.13089410960674286,0.10677936673164368,0.48366212844848633,0.5500514507293701,-0.3616284132003784,0.8291956782341003,0.4803580045700073,0.5428065657615662,0.08792457729578018,0.10905185341835022,0.4882785677909851,0.5524896383285522,-0.34478822350502014,0.8226655125617981,0.47317904233932495,0.5374746322631836,0.10762743651866913,0.1138632521033287,0.4847777187824249,0.5471166968345642,-0.30923542380332947,0.7657953500747681,0.37153953313827515,0.5132436156272888,0.1388682872056961,0.9994626641273499,0.3636792004108429,0.5191391110420227,-0.13859358429908752,0.9997748732566833,0.37986254692077637,0.5924856662750244,0.22095781564712524,0.43489494919776917,0.38402971625328064,0.601926326751709,-0.06442717462778091,0.9229101538658142,0.3772293031215668,0.6741355657577515,0.37137120962142944,0.6333507299423218,0.3746565580368042,0.6900742053985596,0.07401114702224731,0.9447537064552307,0.36074039340019226,0.6883426904678345,0.3782901465892792,0.6392821669578552,0.3572888970375061,0.7071626782417297,0.08115527778863907,0.908014714717865,0.4275673031806946,0.6907173991203308,0.29970696568489075,0.7488052845001221,0.4325370490550995,0.7083413600921631,-0.017165036872029305,0.9413447976112366
111,0.5580558776855469,0.4011380076408386,-0.06912050396203995,0.9994483590126038,0.561747133731842,0.39425572752952576,-0.060673315078020096,0.9992291331291199,0.5600521564483643,0.39341387152671814,-0.06075624004006386,0.9990963935852051,0.5588266849517822,0.3927801549434662,-0.0608484223484993,0.9993507266044617,0.5608992576599121,0.39439481496810913,-0.10654516518115997,0.9991306662559509,0.5593259334564209,0.3938201069831848,-0.1066814735531807,0.9989384412765503,0.557659387588501,0.39323994517326355,-0.10668698698282242,0.9992010593414307,0.5401183366775513,0.3882367014884949,-0.000362594670150429,0.9983604550361633,0.5389403700828552,0.3883875012397766,-0.2042302042245865,0.998720645904541,0.5442071557044983,0.4039009213447571,-0.03922759369015694,0.9991273880004883,0.5439034700393677,0.40365591645240784,-0.09912519156932831,0.9992849230766296,0.4718129336833954,0.40754660964012146,0.12925411760807037,0.9996956586837769,0.47802430391311646,0.41277894377708435,-0.30561622977256775,0.999923825263977,0.4486547112464905,0.4672165811061859,0.1944301873445511,0.10680251568555832,0.46193405985832214,0.47625216841697693,-0.36090371012687683,0.9564334154129028,0.46589282155036926,0.5248702168464661,0.12390388548374176,0.11260423064231873,0.47888511419296265,0.5356847047805786,-0.29258444905281067,0.8843330144882202,0.47977155447006226,0.5413346886634827,0.12612895667552948,0.10964789241552353,0.4824773669242859,0.5495693683624268,-0.33424893021583557,0.8318192958831787,0.47990477085113525,0.542885959148407,0.08355748653411865,0.11201182752847672,0.4834839999675751,0.5505865216255188,-0.3183642625808716,0.8253582119941711,0.47222185134887695,0.5376788377761841,0.10226689279079437,0.11690372228622437,0.4836176037788391,0.5464919209480286,-0.2854410409927368,0.7688932418823242,0.36880314350128174,0.5118072628974915,0.13054174184799194,0.9994646906852722,0.3629714846611023,0.51735520362854,-0.13028584420681,0.9997749328613281,0.37932005524635315,0.588207483291626,0.2080441564321518,0.4354935884475708,0.38334256410598755,0.5997754335403442,-0.06304361671209335,0.9235429763793945,0.37747687101364136,0.6714485287666321,0.3498789966106415,0.6336309909820557,0.3762027323246002,0.6864010691642761,0.07846271991729736,0.9449491500854492,0.35918620228767395,0.6882585287094116,0.35636106133461,0.6384416818618774,0.35950538516044617,0.703875720500946,0.08615169674158096,0.9082096219062805,0.42504966259002686,0.6904014348983765,0.27677690982818604,0.7493381500244141,0.42186322808265686,0.7038391828536987,-0.009390180930495262,0.9416050314903259
112,0.5557273626327515,0.402264267206192,-0.06402986496686935,0.9994683861732483,0.5583842992782593,0.3957778215408325,-0.0543174110352993,0.9992568492889404,0.5574855804443359,0.3952232003211975,-0.054384320974349976,0.9991281628608704,0.5562999844551086,0.3945985436439514,-0.05445605516433716,0.9993746280670166,0.5585821270942688,0.39595597982406616,-0.10112462937831879,0.9991634488105774,0.5571061968803406,0.39527297019958496,-0.10126139223575592,0.9989790320396423,0.5548519492149353,0.3943217992782593,-0.10126140713691711,0.9992319941520691,0.5377740859985352,0.3893579840660095,0.010131320916116238,0.9984214305877686,0.5370641946792603,0.38898420333862305,-0.19792024791240692,0.9987711906433105,0.5414282083511353,0.4046216607093811,-0.03281727805733681,0.9991592168807983,0.54151451587677,0.40417951345443726,-0.09393001347780228,0.9993119239807129,0.4703901410102844,0.40862077474594116,0.14245307445526123,0.9997025728225708,0.47757261991500854,0.4118785262107849,-0.30370816588401794,0.9999263286590576,0.4476553499698639,0.46634969115257263,0.20620641112327576,0.10869535058736801,0.4601752460002899,0.47416409850120544,-0.36807432770729065,0.9579043984413147,0.4666963219642639,0.5178073644638062,0.1333056390285492,0.11534760892391205,0.48085495829582214,0.5343513488769531,-0.3070954978466034,0.8881559371948242,0.47866252064704895,0.5390485525131226,0.1352100670337677,0.11208952963352203,0.4869076907634735,0.5476399660110474,-0.35134124755859375,0.8367870450019836,0.47913429141044617,0.5409700274467468,0.09224940091371536,0.11452943086624146,0.4881274402141571,0.5489432215690613,-0.3323754370212555,0.8304755091667175,0.4737269878387451,0.5310251116752625,0.1112888902425766,0.11943213641643524,0.48775574564933777,0.5429550409317017,-0.29893696308135986,0.7751153111457825,0.3683433532714844,0.5117490291595459,0.13455508649349213,0.9994718432426453,0.36497578024864197,0.5186942219734192,-0.13426660001277924,0.9997791647911072,0.37755516171455383,0.5912868976593018,0.2077324390411377,0.4339018166065216,0.3839896619319916,0.6018474102020264,-0.0705270767211914,0.9242104291915894,0.37547188997268677,0.6754975318908691,0.34741249680519104,0.6318090558052063,0.3741914629936218,0.6890073418617249,0.06238538771867752,0.945453405380249,0.3588559329509735,0.6896659731864929,0.35346880555152893,0.6376268863677979,0.3543079197406769,0.7038183212280273,0.06925904005765915,0.9090111255645752,0.42727771401405334,0.6935871839523315,0.27406805753707886,0.7486304640769958,0.4280659258365631,0.7049192190170288,-0.026129182428121567,0.9422195553779602
113,0.558477520942688,0.4000106453895569,-0.09729433804750443,0.9994825124740601,0.5620291233062744,0.3935750424861908,-0.08713836967945099,0.9992762207984924,0.5611686706542969,0.39300262928009033,-0.08722288906574249,0.9991496205329895,0.5602537393569946,0.3915344476699829,-0.08730848133563995,0.9993913173675537,0.5605701208114624,0.39347901940345764,-0.13421298563480377,0.9991868138313293,0.5587621927261353,0.39282500743865967,-0.13435372710227966,0.9990084767341614,0.5576889514923096,0.39143455028533936,-0.1343517303466797,0.999254584312439,0.5418201684951782,0.38687562942504883,-0.01785101369023323,0.9984623193740845,0.53821861743927,0.38633495569229126,-0.2269524186849594,0.998805820941925,0.5461128354072571,0.40186983346939087,-0.06410601735115051,0.9991803765296936,0.5450555086135864,0.40146404504776,-0.12553055584430695,0.9993306994438171,0.47493141889572144,0.4078758656978607,0.12000416964292526,0.9997076392173767,0.47635719180107117,0.40986403822898865,-0.32662296295166016,0.9999282956123352,0.4465724229812622,0.46599602699279785,0.18988816440105438,0.11027596890926361,0.4562656283378601,0.4723004400730133,-0.3844541013240814,0.959166944026947,0.46553775668144226,0.522713840007782,0.11634382605552673,0.11827956140041351,0.4790983498096466,0.5333723425865173,-0.3217691481113434,0.892061173915863,0.47093963623046875,0.5362252593040466,0.11587346345186234,0.11480803042650223,0.48331740498542786,0.5464240908622742,-0.3674015998840332,0.8419318199157715,0.47898736596107483,0.5414687991142273,0.07213537395000458,0.11741510778665543,0.4882003664970398,0.5493549704551697,-0.35071954131126404,0.8357924222946167,0.4718635678291321,0.5356882810592651,0.09390299022197723,0.12227892875671387,0.48553961515426636,0.5421364903450012,-0.3145395815372467,0.7811974287033081,0.37056875228881836,0.5116317272186279,0.13548755645751953,0.9994761347770691,0.362396240234375,0.5165400505065918,-0.13521137833595276,0.999782145023346,0.3793434500694275,0.587380051612854,0.22872589528560638,0.4303567707538605,0.38366416096687317,0.5991615056991577,-0.05086131766438484,0.925081193447113,0.3746550679206848,0.6703348159790039,0.38586729764938354,0.6297162771224976,0.37385720014572144,0.6861454844474792,0.10039262473583221,0.9457492828369141,0.3589879870414734,0.6842220425605774,0.3937678933143616,0.6367315649986267,0.3572457730770111,0.7037144899368286,0.10917070508003235,0.9095662236213684,0.4261460304260254,0.6879925727844238,0.3145839273929596,0.7483437657356262,0.43010902404785156,0.703732430934906,0.01408788189291954,0.9427188038825989
114,0.5577517747879028,0.4010765552520752,-0.10159882158041,0.999498724937439,0.5618787407875061,0.39447730779647827,-0.09007870405912399,0.9992980360984802,0.5619940757751465,0.39297568798065186,-0.09017099440097809,0.9991743564605713,0.5601984262466431,0.3919956386089325,-0.09026425331830978,0.9994102716445923,0.5606518387794495,0.394215852022171,-0.13959798216819763,0.9992123246192932,0.558940589427948,0.39342591166496277,-0.13975535333156586,0.9990401268005371,0.5574353933334351,0.39130884408950806,-0.13978250324726105,0.9992798566818237,0.5417047142982483,0.38672634959220886,-0.015537435188889503,0.998499870300293,0.5372400283813477,0.38692396879196167,-0.23560306429862976,0.9988443851470947,0.544295072555542,0.40325790643692017,-0.06657849252223969,0.9992083311080933,0.5434686541557312,0.4026421904563904,-0.13115167617797852,0.9993550777435303,0.4747472107410431,0.40925711393356323,0.13089890778064728,0.9997156262397766,0.472183495759964,0.4130071997642517,-0.339552640914917,0.9999299049377441,0.44681376218795776,0.4660550057888031,0.20566600561141968,0.1115332841873169,0.45867836475372314,0.4731213450431824,-0.39941564202308655,0.9603738784790039,0.46545472741127014,0.5215309858322144,0.12695622444152832,0.122078076004982,0.4778814911842346,0.5327525734901428,-0.33436235785484314,0.8961670994758606,0.4712234139442444,0.5354563593864441,0.12746255099773407,0.11853036284446716,0.4826281666755676,0.545706570148468,-0.38150760531425476,0.8473823666572571,0.4793587028980255,0.5419242978096008,0.08253394067287445,0.12132705748081207,0.48390692472457886,0.5471467971801758,-0.3637348711490631,0.8413872122764587,0.4738001227378845,0.5314581990242004,0.10368373990058899,0.1260855346918106,0.482636421918869,0.5449010133743286,-0.3266638517379761,0.7876034379005432,0.3699474632740021,0.5150229334831238,0.14230458438396454,0.9994910955429077,0.3616380989551544,0.5189265012741089,-0.1419750452041626,0.9997878074645996,0.38353511691093445,0.5943853259086609,0.2402171492576599,0.42937079071998596,0.3832920789718628,0.6045835614204407,-0.059056930243968964,0.9261928200721741,0.38050705194473267,0.6737133264541626,0.39432492852211,0.6313206553459167,0.37559136748313904,0.6900342702865601,0.09927593171596527,0.9462553858757019,0.3649705648422241,0.6884446144104004,0.401828795671463,0.6382414698600769,0.35354459285736084,0.7071584463119507,0.10829368233680725,0.9096599817276001,0.4324907660484314,0.6892511248588562,0.32001546025276184,0.7509865760803223,0.426376610994339,0.7088619470596313,0.009774135425686836,0.9434803128242493
115,0.5618239641189575,0.3988361954689026,-0.051779989153146744,0.999444305896759,0.5646942257881165,0.39273586869239807,-0.04346718266606331,0.999230146408081,0.5635038018226624,0.39203378558158875,-0.0435698963701725,0.9990931153297424,0.5610625743865967,0.3908030092716217,-0.04369897395372391,0.999355673789978,0.5636632442474365,0.3927741050720215,-0.08829992264509201,0.9991337060928345,0.5618411898612976,0.3921031355857849,-0.08844160288572311,0.9989461302757263,0.559956431388855,0.39133012294769287,-0.08846141397953033,0.9992122054100037,0.5418198704719543,0.3852289915084839,0.013241922482848167,0.9983899593353271,0.5397769212722778,0.38521894812583923,-0.1869264841079712,0.9987362623214722,0.5475543141365051,0.40049177408218384,-0.023946698755025864,0.9991415739059448,0.5473679900169373,0.40037864446640015,-0.08272335678339005,0.9992965459823608,0.4739154279232025,0.40834784507751465,0.13127291202545166,0.9996957778930664,0.47613051533699036,0.40910691022872925,-0.2867218852043152,0.9999232888221741,0.44777390360832214,0.4653128683567047,0.19330236315727234,0.11182437837123871,0.46391549706459045,0.468869149684906,-0.3414309322834015,0.9596028327941895,0.4671480059623718,0.5184943675994873,0.1333570033311844,0.12120717018842697,0.4793488681316376,0.5283594131469727,-0.2668066620826721,0.8947504162788391,0.47087931632995605,0.5377243161201477,0.13760006427764893,0.11767442524433136,0.48325949907302856,0.5456109046936035,-0.30295026302337646,0.8456258177757263,0.47986775636672974,0.5435371994972229,0.09833506494760513,0.12045508623123169,0.4848615825176239,0.5474246740341187,-0.2872730493545532,0.839633584022522,0.4741377532482147,0.5328056216239929,0.11355502903461456,0.12518006563186646,0.48581746220588684,0.541674792766571,-0.2592920958995819,0.7855884432792664,0.37106674909591675,0.5127271413803101,0.12277065962553024,0.9994630217552185,0.3634093105792999,0.5169796943664551,-0.12254037708044052,0.9997722506523132,0.3787888288497925,0.5947908759117126,0.18493518233299255,0.4333348572254181,0.3819843828678131,0.603269100189209,-0.07354236394166946,0.9265296459197998,0.37726733088493347,0.6724981069564819,0.3130303919315338,0.6304740309715271,0.37529677152633667,0.6861194372177124,0.06825622171163559,0.945097029209137,0.36362379789352417,0.6867124438285828,0.3185921609401703,0.635250449180603,0.3580178916454315,0.7029784917831421,0.07662166655063629,0.9077949523925781,0.4245447516441345,0.691555917263031,0.242066890001297,0.7491081953048706,0.42034509778022766,0.7041028738021851,-0.010979491285979748,0.9420304894447327
116,0.5612252950668335,0.3989039957523346,-0.07934624701738358,0.9994198679924011,0.5658506751060486,0.39218011498451233,-0.07036080956459045,0.9992042779922485,0.5647741556167603,0.39165833592414856,-0.07046446204185486,0.9990601539611816,0.5633788108825684,0.39107033610343933,-0.07059239596128464,0.9993354082107544,0.5642886161804199,0.39180731773376465,-0.11478371918201447,0.9990997910499573,0.5621845126152039,0.39097458124160767,-0.11492040753364563,0.9989041090011597,0.5598729848861694,0.39003366231918335,-0.11492396146059036,0.9991819262504578,0.542216420173645,0.3853439688682556,-0.006278310436755419,0.9983503818511963,0.5383074283599854,0.3840523362159729,-0.20406854152679443,0.9986778497695923,0.547278881072998,0.4012298583984375,-0.048539336770772934,0.9991106390953064,0.5464025735855103,0.4005705714225769,-0.10663607716560364,0.9992644786834717,0.47498053312301636,0.40766796469688416,0.11980611830949783,0.9996880292892456,0.4737287163734436,0.41007933020591736,-0.2989436984062195,0.9999200105667114,0.4494893252849579,0.46174222230911255,0.18533554673194885,0.11394671350717545,0.45927461981773376,0.46731725335121155,-0.3478071689605713,0.9592739343643188,0.46717697381973267,0.5199896693229675,0.11655551195144653,0.12320540100336075,0.48034584522247314,0.5303053855895996,-0.2765398919582367,0.8944693803787231,0.4724554717540741,0.5355855822563171,0.11659080535173416,0.1195240318775177,0.48298516869544983,0.5472022891044617,-0.3141117990016937,0.8455842137336731,0.47822046279907227,0.5399876236915588,0.07680130004882812,0.12239091843366623,0.4855770468711853,0.5462112426757812,-0.3014829456806183,0.8396971225738525,0.4714382588863373,0.5339823365211487,0.0961424857378006,0.12714868783950806,0.4841879904270172,0.5429621934890747,-0.2701321542263031,0.7858918905258179,0.36995747685432434,0.5120355486869812,0.12408914417028427,0.9994595050811768,0.36390915513038635,0.5159893035888672,-0.12385749071836472,0.9997690320014954,0.3784451484680176,0.5933026671409607,0.19687964022159576,0.43679723143577576,0.38294321298599243,0.6018604040145874,-0.06109844893217087,0.9271745681762695,0.3764438331127167,0.671556293964386,0.3342352509498596,0.6306436657905579,0.37247639894485474,0.6844542026519775,0.08594910055398941,0.9447551965713501,0.36140701174736023,0.685324490070343,0.3404204845428467,0.6339842677116394,0.35343137383461,0.7018077373504639,0.09479223191738129,0.9073296189308167,0.4268012046813965,0.6917588114738464,0.26214277744293213,0.7497620582580566,0.4246627688407898,0.7049171328544617,0.004305018577724695,0.9418833255767822
117,0.5621432065963745,0.39960354566574097,-0.08879563957452774,0.9993953108787537,0.5667365193367004,0.39321136474609375,-0.07799990475177765,0.9991779327392578,0.5657272338867188,0.39263540506362915,-0.0781010240316391,0.9990276098251343,0.5643935799598694,0.3919513523578644,-0.07822168618440628,0.9993150234222412,0.5651355385780334,0.3927915096282959,-0.12412510067224503,0.9990654587745667,0.5630614757537842,0.3918958902359009,-0.1242801696062088,0.9988610744476318,0.5607507228851318,0.390862375497818,-0.12430105358362198,0.9991535544395447,0.543569803237915,0.38536447286605835,-0.009241016581654549,0.9982815384864807,0.5386895537376404,0.3842821717262268,-0.21493983268737793,0.9986250400543213,0.5479855537414551,0.40147560834884644,-0.05671793594956398,0.9990895390510559,0.5461205244064331,0.4007653594017029,-0.11703450977802277,0.9992424249649048,0.4783968925476074,0.4076453149318695,0.11907868832349777,0.9996823072433472,0.47142261266708374,0.40982574224472046,-0.31338465213775635,0.9999170303344727,0.4490922689437866,0.4624789357185364,0.18088270723819733,0.11492492258548737,0.4556066393852234,0.4680716097354889,-0.36681124567985535,0.9591764807701111,0.4675794243812561,0.5196447372436523,0.10372275114059448,0.12446510791778564,0.4789353609085083,0.5303077101707458,-0.29564428329467773,0.8946393132209778,0.47264590859413147,0.5370985269546509,0.10220843553543091,0.12082455307245255,0.48188531398773193,0.5474144220352173,-0.33477237820625305,0.8456791043281555,0.48064562678337097,0.5423330664634705,0.06241322681307793,0.12376123666763306,0.48517218232154846,0.5465330481529236,-0.3221825063228607,0.8398789763450623,0.47344717383384705,0.5365475416183472,0.08280854672193527,0.12844423949718475,0.48431363701820374,0.5439507961273193,-0.28932714462280273,0.7861480712890625,0.37341055274009705,0.5123766660690308,0.12927407026290894,0.9994558691978455,0.3614051342010498,0.5163149833679199,-0.12901733815670013,0.9997645020484924,0.3791595995426178,0.592535138130188,0.2006634771823883,0.43955764174461365,0.37898266315460205,0.6020972728729248,-0.07189664989709854,0.9279302954673767,0.37847471237182617,0.6725375652313232,0.3289686143398285,0.6315798759460449,0.3740908205509186,0.685133695602417,0.07835535705089569,0.9441220760345459,0.3617682158946991,0.6845862865447998,0.33378511667251587,0.6335999965667725,0.3572739362716675,0.7032357454299927,0.08738307654857635,0.9064011573791504,0.4267479479312897,0.6917061805725098,0.24921473860740662,0.7506281733512878,0.4292996823787689,0.7062916159629822,-0.005820631515234709,0.9414446353912354
118,0.5628065466880798,0.39888179302215576,-0.09387758374214172,0.9992280006408691,0.5678846836090088,0.3920143246650696,-0.08311808854341507,0.9989944100379944,0.5672927498817444,0.3916319012641907,-0.08322004228830338,0.9988028407096863,0.566373348236084,0.39121752977371216,-0.08337153494358063,0.9991598129272461,0.5648740530014038,0.391327828168869,-0.12414100766181946,0.998849093914032,0.5622193813323975,0.3903939723968506,-0.1242893785238266,0.9986042976379395,0.5593550205230713,0.38935747742652893,-0.12430547922849655,0.9989670515060425,0.5458793640136719,0.38593339920043945,-0.012022136710584164,0.9978991150856018,0.5360864400863647,0.38323044776916504,-0.19437751173973083,0.9982885718345642,0.5496770739555359,0.4014877676963806,-0.06125841662287712,0.9988827705383301,0.546409010887146,0.400442510843277,-0.11483947187662125,0.9990695118904114,0.4898560047149658,0.4097503125667572,0.11264334619045258,0.9996507167816162,0.4619625210762024,0.40874534845352173,-0.27982431650161743,0.9999104142189026,0.465778648853302,0.46453768014907837,0.16657371819019318,0.11634744703769684,0.45254087448120117,0.4663866460323334,-0.3274962902069092,0.9568452835083008,0.48228293657302856,0.5176336765289307,0.08782834559679031,0.127020925283432,0.47591543197631836,0.5208957195281982,-0.26611924171447754,0.890617311000824,0.4846905469894409,0.5339197516441345,0.0831039696931839,0.12328975647687912,0.4790908098220825,0.5390406847000122,-0.29995089769363403,0.8415926694869995,0.4857703447341919,0.5339720845222473,0.04853380471467972,0.12626765668392181,0.48257750272750854,0.5397713780403137,-0.29081061482429504,0.8358377814292908,0.48672014474868774,0.5271196961402893,0.06898217648267746,0.13084690272808075,0.4813489317893982,0.533027172088623,-0.26083651185035706,0.7820985913276672,0.38161227107048035,0.5136343240737915,0.11862441152334213,0.999435544013977,0.35714492201805115,0.5152623653411865,-0.11842557787895203,0.9997565746307373,0.38086259365081787,0.5927740335464478,0.1828279346227646,0.43613123893737793,0.37769651412963867,0.6023760437965393,-0.06057692691683769,0.9259969592094421,0.37748464941978455,0.6704307198524475,0.304794043302536,0.6253219842910767,0.37548038363456726,0.6833099126815796,0.06597116589546204,0.9419989585876465,0.3669835925102234,0.6847429275512695,0.30915361642837524,0.6290701627731323,0.3564009666442871,0.6981580257415771,0.07297089695930481,0.9046601057052612,0.4294576942920685,0.6918576955795288,0.2291284203529358,0.7474361658096313,0.4258657693862915,0.7062426209449768,-0.019482683390378952,0.9401183128356934
119,0.5559380054473877,0.3980307877063751,-0.14100930094718933,0.9989141225814819,0.5636906027793884,0.3914039134979248,-0.1269529163837433,0.9986034631729126,0.5637082457542419,0.3912104368209839,-0.12707547843456268,0.9983397126197815,0.5635590553283691,0.3909488022327423,-0.1272154301404953,0.9988082051277161,0.5589639544487,0.39003992080688477,-0.1658698320388794,0.9983550906181335,0.5563958287239075,0.388967901468277,-0.1660039871931076,0.9980198740959167,0.5535804033279419,0.38766419887542725,-0.16604448854923248,0.9985389709472656,0.5458153486251831,0.3857378661632538,-0.03514860197901726,0.9968283772468567,0.5317027568817139,0.38091474771499634,-0.20708845555782318,0.9975391626358032,0.543682336807251,0.4009722173213959,-0.10032293200492859,0.9984880685806274,0.538109302520752,0.399516224861145,-0.1507178544998169,0.9987490773200989,0.5001686811447144,0.41333168745040894,0.09843273460865021,0.9996280670166016,0.4529975354671478,0.40313059091567993,-0.28494229912757874,0.9998956918716431,0.48386913537979126,0.46170467138290405,0.12958547472953796,0.135441392660141,0.4357972741127014,0.45810166001319885,-0.3383743464946747,0.9568952322006226,0.4911763370037079,0.5057226419448853,0.02413308061659336,0.14723484218120575,0.472056120634079,0.5151925086975098,-0.28359711170196533,0.892536997795105,0.49605828523635864,0.5195998549461365,0.011932878755033016,0.13840614259243011,0.4732475280761719,0.5326692461967468,-0.3172917366027832,0.843593418598175,0.49558159708976746,0.5196818113327026,-0.01762252300977707,0.14132723212242126,0.4809260964393616,0.530498206615448,-0.3107392489910126,0.8378844857215881,0.4920690655708313,0.5157229900360107,0.006489221937954426,0.14573585987091064,0.48088717460632324,0.5269386172294617,-0.2785774767398834,0.784763753414154,0.3903181850910187,0.5096239447593689,0.10802629590034485,0.9994350671768188,0.35883957147598267,0.5096258521080017,-0.10781701654195786,0.9997455477714539,0.38333919644355774,0.5930628776550293,0.08313760906457901,0.4506235718727112,0.3712983727455139,0.5964199900627136,-0.1407499760389328,0.9246013164520264,0.3792113959789276,0.6689488887786865,0.16122621297836304,0.6329637765884399,0.37375587224960327,0.6787424683570862,-0.045379817485809326,0.9399827718734741,0.36629483103752136,0.68143630027771,0.16138659417629242,0.6315042972564697,0.35787492990493774,0.6944624185562134,-0.042177777737379074,0.8996688723564148,0.42843788862228394,0.6917096376419067,0.05889952555298805,0.7532613277435303,0.4226854145526886,0.7048599720001221,-0.16280856728553772,0.939038097858429
120,0.5490176677703857,0.39711031317710876,-0.10831823199987411,0.9987730383872986,0.5564007759094238,0.3911236524581909,-0.09266812354326248,0.9984068870544434,0.5566216111183167,0.39109671115875244,-0.09277250617742538,0.998123824596405,0.5567306280136108,0.39099428057670593,-0.09287631511688232,0.9986140727996826,0.552849292755127,0.39022010564804077,-0.1286163479089737,0.9980833530426025,0.5522795915603638,0.38793665170669556,-0.12871545553207397,0.9976973533630371,0.5501301884651184,0.3870689570903778,-0.12873564660549164,0.9982594847679138,0.5421258211135864,0.38661128282546997,0.0042076194658875465,0.9962233901023865,0.5311551690101624,0.38419070839881897,-0.15394411981105804,0.9970265626907349,0.5377691984176636,0.40002813935279846,-0.06537330895662308,0.9981629848480225,0.5345115661621094,0.3977290987968445,-0.11195354163646698,0.9984833002090454,0.5019797682762146,0.41465243697166443,0.12355394661426544,0.9996004700660706,0.45002779364585876,0.40076857805252075,-0.23195919394493103,0.9998676180839539,0.4941759407520294,0.457252562046051,0.11120052635669708,0.15769031643867493,0.43214353919029236,0.45238691568374634,-0.30314821004867554,0.9564756751060486,0.49073055386543274,0.4995113015174866,-0.02564423903822899,0.171737939119339,0.46937990188598633,0.5040729641914368,-0.27100569009780884,0.8949810862541199,0.4903896749019623,0.5121106505393982,-0.04293423518538475,0.15712888538837433,0.47169744968414307,0.5170354843139648,-0.310128778219223,0.8467516899108887,0.4887188673019409,0.5102517008781433,-0.06860668212175369,0.15990282595157623,0.4757271707057953,0.5166015625,-0.30457744002342224,0.841160774230957,0.4846501648426056,0.505718469619751,-0.04204873740673065,0.1643781214952469,0.4769313931465149,0.5122361183166504,-0.2676803767681122,0.7889626622200012,0.3868424594402313,0.5083696842193604,0.09776685386896133,0.9994634985923767,0.36231666803359985,0.5059265494346619,-0.09750137478113174,0.9997476935386658,0.38089483976364136,0.5906342267990112,0.013786450028419495,0.4701928198337555,0.37637728452682495,0.5953307151794434,-0.19158199429512024,0.9225105047225952,0.3771207630634308,0.67510986328125,0.05050559714436531,0.6470645070075989,0.3739222586154938,0.6821142435073853,-0.13513772189617157,0.938327968120575,0.3622107207775116,0.6883274912834167,0.045958779752254486,0.6345147490501404,0.35796961188316345,0.6991695165634155,-0.13679899275302887,0.8923020362854004,0.4170352816581726,0.6968379616737366,-0.08045496046543121,0.7626542448997498,0.42091813683509827,0.7085826992988586,-0.27833884954452515,0.9384515881538391
121,0.5417513847351074,0.39956992864608765,-0.05194181948900223,0.9984627366065979,0.5508207082748413,0.3952055871486664,-0.030681239441037178,0.9980259537696838,0.551694393157959,0.3956519067287445,-0.0307827927172184,0.9977148771286011,0.5526525378227234,0.3959641754627228,-0.030887603759765625,0.9982300400733948,0.5467212200164795,0.39292317628860474,-0.062475308775901794,0.9975507855415344,0.5443007946014404,0.39155012369155884,-0.0625559538602829,0.9970728754997253,0.5423582792282104,0.390158474445343,-0.06257587671279907,0.997705340385437,0.5425494909286499,0.3923633098602295,0.08306790143251419,0.9951949119567871,0.528936505317688,0.3856733739376068,-0.05740419030189514,0.9961656332015991,0.5330268144607544,0.40300172567367554,-0.004000349435955286,0.9976038336753845,0.5275673866271973,0.40046411752700806,-0.04548201709985733,0.9980669021606445,0.513942539691925,0.4235854744911194,0.18408669531345367,0.9995812177658081,0.441897451877594,0.39444032311439514,-0.12942692637443542,0.9998472929000854,0.5008814334869385,0.4670732021331787,0.1332482099533081,0.19170519709587097,0.42058122158050537,0.4334811568260193,-0.2083950936794281,0.956951916217804,0.46836504340171814,0.4902826249599457,-0.03484030067920685,0.2099633365869522,0.44513243436813354,0.48460930585861206,-0.2058718204498291,0.8997095227241516,0.4582633078098297,0.49674683809280396,-0.059784576296806335,0.1867447793483734,0.44612228870391846,0.49384719133377075,-0.24444882571697235,0.8530759215354919,0.4600147604942322,0.4937993586063385,-0.06992245465517044,0.18873552978038788,0.4562668204307556,0.4938242435455322,-0.23960775136947632,0.8478096723556519,0.4637764096260071,0.48879295587539673,-0.04506011679768562,0.19224269688129425,0.4551297128200531,0.4884634017944336,-0.20314010977745056,0.7978013157844543,0.3996831774711609,0.5069297552108765,0.09635252505540848,0.9994909763336182,0.35963812470436096,0.49865102767944336,-0.09614835679531097,0.9997459650039673,0.38926076889038086,0.5925415754318237,-0.030976038426160812,0.4962838590145111,0.3719119131565094,0.5893267393112183,-0.23167802393436432,0.9211791157722473,0.38057953119277954,0.6757937669754028,-0.04346473142504692,0.6628315448760986,0.3755751848220825,0.6822275519371033,-0.2190166413784027,0.9364655613899231,0.371033251285553,0.6946060061454773,-0.053123101592063904,0.6383064985275269,0.3627874553203583,0.7008030414581299,-0.2245287299156189,0.881033182144165,0.4274384677410126,0.6998387575149536,-0.194511279463768,0.7734588980674744,0.42550575733184814,0.708838939666748,-0.3785295784473419,0.9380260705947876
122,0.5406908392906189,0.4049351215362549,-0.011080648750066757,0.9981575012207031,0.551700234413147,0.40025123953819275,0.011198113672435284,0.9977078437805176,0.5528752207756042,0.40049105882644653,0.01113082841038704,0.9973728060722351,0.5542975068092346,0.40064144134521484,0.011043375357985497,0.99787437915802,0.5475326180458069,0.3976719081401825,-0.017810676246881485,0.9970918893814087,0.5454716682434082,0.3958882987499237,-0.0179066713899374,0.9964991807937622,0.543781578540802,0.39391806721687317,-0.017935529351234436,0.9971827268600464,0.5468369722366333,0.3955041468143463,0.13090366125106812,0.994300365447998,0.5313001871109009,0.38668331503868103,0.0015864402521401644,0.9955300092697144,0.5324877500534058,0.408050537109375,0.03923711180686951,0.9971514344215393,0.5265408754348755,0.40485915541648865,0.001036491827107966,0.997763454914093,0.5197038650512695,0.42769622802734375,0.21900175511837006,0.9995710849761963,0.4428003430366516,0.39095833897590637,-0.06875564157962799,0.999839723110199,0.49749913811683655,0.46639877557754517,0.1320442408323288,0.22301918268203735,0.41435563564300537,0.42630451917648315,-0.16397252678871155,0.9583055973052979,0.4824415445327759,0.47442013025283813,-0.05956370010972023,0.24809403717517853,0.4556482434272766,0.4724876284599304,-0.18063785135746002,0.9046635031700134,0.47925707697868347,0.48051849007606506,-0.09008496254682541,0.21775822341442108,0.45456284284591675,0.4812691807746887,-0.21596264839172363,0.8589619994163513,0.48101869225502014,0.4754296839237213,-0.08913591504096985,0.21861137449741364,0.4684750437736511,0.4773486256599426,-0.20782828330993652,0.8538306951522827,0.4786836504936218,0.4735909104347229,-0.06570947915315628,0.22061435878276825,0.4643089771270752,0.4750959277153015,-0.17625921964645386,0.8058024048805237,0.4066254198551178,0.5050620436668396,0.08987275511026382,0.9995096921920776,0.36140328645706177,0.4941471219062805,-0.08973445743322372,0.9997379779815674,0.39403200149536133,0.5904775857925415,-0.03467869758605957,0.5227716565132141,0.3705838620662689,0.5859730839729309,-0.2266269326210022,0.9198061227798462,0.38419753313064575,0.6739186644554138,-0.06092505529522896,0.6780418753623962,0.3790353238582611,0.6807413101196289,-0.22565114498138428,0.9340254068374634,0.37569016218185425,0.6914507150650024,-0.07170085608959198,0.6437861919403076,0.3654186725616455,0.6979614496231079,-0.23152385652065277,0.8703786730766296,0.42994940280914307,0.7043328285217285,-0.2167336642742157,0.7826211452484131,0.4239833354949951,0.7066136598587036,-0.38993021845817566,0.9365931749343872
123,0.5425289869308472,0.4022231101989746,0.049142539501190186,0.9966938495635986,0.5515767335891724,0.3965522050857544,0.07115034759044647,0.9960567355155945,0.5523167252540588,0.396456241607666,0.07111015170812607,0.9955450296401978,0.5531032085418701,0.39631667733192444,0.07097310572862625,0.996070921421051,0.550771176815033,0.3921816349029541,0.0404195599257946,0.9953369498252869,0.5499030947685242,0.3912113606929779,0.040270932018756866,0.9945751428604126,0.5491371750831604,0.38997524976730347,0.04018423706293106,0.9954977035522461,0.5446411371231079,0.3917686641216278,0.18379436433315277,0.9911447167396545,0.5381072759628296,0.3858928084373474,0.0450589545071125,0.9934924840927124,0.5349791646003723,0.4028867781162262,0.09750442206859589,0.9950653910636902,0.5290406346321106,0.4007991850376129,0.05648539960384369,0.9965282082557678,0.5148472785949707,0.42264848947525024,0.2547242045402527,0.9994232058525085,0.44913020730018616,0.38942909240722656,-0.03142867609858513,0.999814510345459,0.47931015491485596,0.4576490521430969,0.16933302581310272,0.23064078390598297,0.4230879843235016,0.4184855818748474,-0.19733023643493652,0.9538829922676086,0.45780885219573975,0.45530566573143005,-0.0012995880097150803,0.2642334997653961,0.4245201647281647,0.4342356324195862,-0.2986336052417755,0.9048917293548584,0.4503363370895386,0.4568743109703064,-0.02416066639125347,0.23145587742328644,0.42254942655563354,0.43715739250183105,-0.34797510504722595,0.861212968826294,0.45621201395988464,0.4520348608493805,-0.028216805309057236,0.23216335475444794,0.4319664537906647,0.43979448080062866,-0.3337779641151428,0.8564839959144592,0.4560849368572235,0.4514424204826355,-0.00908562634140253,0.23343822360038757,0.4333515465259552,0.43971413373947144,-0.295645147562027,0.8103121519088745,0.4006298780441284,0.5046858787536621,0.09145104140043259,0.9995291829109192,0.35870060324668884,0.4945327639579773,-0.09138020128011703,0.999738872051239,0.39968112111091614,0.5866837501525879,-0.08910255134105682,0.5410534143447876,0.37511903047561646,0.5841655135154724,-0.27154847979545593,0.9126007556915283,0.38527658581733704,0.6760395169258118,-0.13264992833137512,0.6827186346054077,0.3787626028060913,0.6861969232559204,-0.3128853440284729,0.9296994209289551,0.3827846944332123,0.6936905980110168,-0.14409101009368896,0.6424646377563477,0.3665529787540436,0.7008821964263916,-0.3232227563858032,0.8591461181640625,0.4302408993244171,0.7036741971969604,-0.2905803322792053,0.7853561639785767,0.42754295468330383,0.7122560739517212,-0.49254998564720154,0.9337565302848816
124,0.5424554944038391,0.4050671458244324,0.03950265794992447,0.9962689280509949,0.5495436787605286,0.39809855818748474,0.062351908534765244,0.9956053495407104,0.54993736743927,0.39751386642456055,0.06229547783732414,0.9949618577957153,0.5503978729248047,0.3968532383441925,0.062173277139663696,0.9955815672874451,0.5480949282646179,0.3975212872028351,0.01905934512615204,0.994987964630127,0.5448464155197144,0.395807147026062,0.018899114802479744,0.9942357540130615,0.5442572832107544,0.39470353722572327,0.01882062666118145,0.9952499866485596,0.5411821007728577,0.3910384774208069,0.17147549986839294,0.9905555844306946,0.5346180200576782,0.38943949341773987,-0.021642662584781647,0.9933063983917236,0.5371452569961548,0.4100103974342346,0.08669036626815796,0.9947263598442078,0.5260852575302124,0.4063018262386322,0.029696021229028702,0.9963617920875549,0.5054148435592651,0.41458138823509216,0.2695041596889496,0.9993758797645569,0.45299679040908813,0.39217206835746765,-0.13855136930942535,0.9998044371604919,0.4723682403564453,0.4413241446018219,0.2886866331100464,0.22519440948963165,0.43993204832077026,0.4180212914943695,-0.34061163663864136,0.9546326398849487,0.45584195852279663,0.43487557768821716,0.21023884415626526,0.2637883722782135,0.4670948386192322,0.42901191115379333,-0.4107811748981476,0.9080988168716431,0.4495064616203308,0.43557208776474,0.21010474860668182,0.23098066449165344,0.4688679873943329,0.4320334494113922,-0.46425166726112366,0.8661405444145203,0.4534127414226532,0.43316274881362915,0.19211092591285706,0.23169665038585663,0.47544440627098083,0.4319494366645813,-0.43803268671035767,0.8613950610160828,0.45367223024368286,0.4330410361289978,0.1997421830892563,0.23294219374656677,0.4739821255207062,0.4319905638694763,-0.401785671710968,0.8162857890129089,0.39591169357299805,0.5060646533966064,0.11858242005109787,0.99955153465271,0.35752952098846436,0.5023931264877319,-0.11846175789833069,0.9997445344924927,0.40678998827934265,0.5902491807937622,-0.05332791432738304,0.5552920699119568,0.3724498450756073,0.5889654755592346,-0.2773958444595337,0.910808801651001,0.38018661737442017,0.6751168370246887,-0.051593437790870667,0.6859226226806641,0.3739378750324249,0.6868395209312439,-0.30240869522094727,0.9294523000717163,0.36926382780075073,0.6900808215141296,-0.05775557458400726,0.6415737867355347,0.36280524730682373,0.7023007273674011,-0.3107963800430298,0.8538527488708496,0.4303777813911438,0.7023221254348755,-0.17987070977687836,0.7877916097640991,0.42366376519203186,0.7145867347717285,-0.4634757936000824,0.9342032670974731
125,0.5371646881103516,0.409196674823761,-0.02409120462834835,0.9945608377456665,0.5427985191345215,0.4027891755104065,-0.00106758379843086,0.9938107132911682,0.5458988547325134,0.403054416179657,-0.001097032567486167,0.9928482174873352,0.547149121761322,0.4028293490409851,-0.0012091994285583496,0.9935061931610107,0.5391238927841187,0.40148934721946716,-0.027980756014585495,0.9929512739181519,0.537686824798584,0.4003514349460602,-0.028088059276342392,0.9919828772544861,0.5328873991966248,0.3980266749858856,-0.02814902924001217,0.9934001564979553,0.5416021347045898,0.3982572555541992,0.11575177311897278,0.9869754314422607,0.5216909646987915,0.38889259099960327,-0.0024735876359045506,0.9911336898803711,0.525667130947113,0.41202616691589355,0.02497006580233574,0.9919005632400513,0.5212819576263428,0.4106384217739105,-0.010208077728748322,0.9947894811630249,0.5163519382476807,0.4227270483970642,0.1768282651901245,0.9991714358329773,0.4407390058040619,0.39707380533218384,-0.06281884759664536,0.9997032284736633,0.4889613389968872,0.43818989396095276,0.05643269047141075,0.2622320353984833,0.4007463753223419,0.4188477396965027,-0.2423834204673767,0.9528818726539612,0.43381139636039734,0.41064268350601196,-0.12678813934326172,0.3035205900669098,0.4171558916568756,0.4109404683113098,-0.35730189085006714,0.9093009233474731,0.4173200726509094,0.40279620885849,-0.15971602499485016,0.2644956409931183,0.4063727557659149,0.40466374158859253,-0.4061673581600189,0.8678184747695923,0.4200372099876404,0.40060538053512573,-0.1486852914094925,0.2632964551448822,0.4142087697982788,0.3998473286628723,-0.3901873230934143,0.8630536198616028,0.423015296459198,0.4015015661716461,-0.1285962015390396,0.26108989119529724,0.4175141155719757,0.40087777376174927,-0.3539716601371765,0.8191798329353333,0.4064209461212158,0.5122247934341431,0.08680697530508041,0.9995323419570923,0.3579193651676178,0.5008897185325623,-0.08677840232849121,0.9997068643569946,0.4152555763721466,0.5922031402587891,-0.07521428912878036,0.5760536789894104,0.36919844150543213,0.5876668691635132,-0.243288055062294,0.9081656336784363,0.38495081663131714,0.6738476157188416,-0.03896855562925339,0.6937631964683533,0.3788512349128723,0.6824057102203369,-0.23725643754005432,0.9277719259262085,0.36525213718414307,0.6831828951835632,-0.041449856013059616,0.6457301378250122,0.3660345673561096,0.7006630897521973,-0.24324192106723785,0.8434931039810181,0.4265081286430359,0.7016850113868713,-0.172109454870224,0.7918712496757507,0.4177060127258301,0.7213436365127563,-0.41005071997642517,0.9320006370544434
126,0.5522171258926392,0.40601879358291626,-0.052164193242788315,0.9944310188293457,0.5594527721405029,0.40046364068984985,-0.030161704868078232,0.993696391582489,0.5603972673416138,0.4005447328090668,-0.030155766755342484,0.9926753640174866,0.5614408254623413,0.4004802703857422,-0.03024713136255741,0.9932767152786255,0.5523912906646729,0.3974223732948303,-0.047156769782304764,0.9928946495056152,0.551024317741394,0.39628148078918457,-0.04728836566209793,0.9919171333312988,0.5495780110359192,0.39495155215263367,-0.047347135841846466,0.993359386920929,0.5520246028900146,0.3958160877227783,0.08905760198831558,0.9867163896560669,0.5314604640007019,0.3870612382888794,0.01310800202190876,0.9910147786140442,0.5388590097427368,0.4090091586112976,-0.0034077982418239117,0.9909860491752625,0.5341978669166565,0.40707454085350037,-0.026315411552786827,0.9944807291030884,0.5277804732322693,0.41930827498435974,0.1177079975605011,0.998916506767273,0.44591930508613586,0.39521995186805725,-0.0013859624741598964,0.9996293187141418,0.46715596318244934,0.43013137578964233,-0.026503028348088264,0.3072367310523987,0.39767986536026,0.41143903136253357,-0.2035689502954483,0.9487825632095337,0.4140744209289551,0.38692912459373474,-0.19220417737960815,0.350151002407074,0.3764325976371765,0.3777911067008972,-0.41821640729904175,0.9123531579971313,0.3969184160232544,0.3750928044319153,-0.22691971063613892,0.307749480009079,0.377802312374115,0.3684314489364624,-0.47703880071640015,0.8737565875053406,0.3990233838558197,0.37372979521751404,-0.2167595475912094,0.3054784834384918,0.3805397152900696,0.36680957674980164,-0.4674776792526245,0.8693629503250122,0.4062674939632416,0.37712734937667847,-0.19357547163963318,0.30108457803726196,0.3819315731525421,0.3699303865432739,-0.4218343198299408,0.8279711604118347,0.407029926776886,0.5078750848770142,0.062419600784778595,0.9995191693305969,0.3580375611782074,0.5002501010894775,-0.06250573694705963,0.9996715188026428,0.4145911633968353,0.5925109386444092,-0.07829109579324722,0.6020838022232056,0.3663492500782013,0.582949697971344,-0.24471494555473328,0.9073092341423035,0.38277924060821533,0.6749230623245239,-0.021856488659977913,0.7086615562438965,0.37601879239082336,0.6791679859161377,-0.21078665554523468,0.927081286907196,0.3735806345939636,0.686409592628479,-0.021879205480217934,0.65538090467453,0.38241323828697205,0.6930089592933655,-0.2146441638469696,0.8351523280143738,0.4233974814414978,0.7037383317947388,-0.1568315476179123,0.800613284111023,0.4034859836101532,0.7115964889526367,-0.3885810971260071,0.9310959577560425
127,0.5379096269607544,0.4095515310764313,-0.07714250683784485,0.9945020079612732,0.5456324815750122,0.40380215644836426,-0.054968319833278656,0.9938433170318604,0.5468937158584595,0.403999388217926,-0.05495470017194748,0.9928126931190491,0.5514090657234192,0.40532055497169495,-0.05497962608933449,0.9933414459228516,0.5414266586303711,0.4013722538948059,-0.07329666614532471,0.9931473731994629,0.5351202487945557,0.3977043926715851,-0.07343757152557373,0.99221271276474,0.5334386229515076,0.39601171016693115,-0.07350455969572067,0.9936147332191467,0.544028103351593,0.40241995453834534,0.06946955621242523,0.9867293834686279,0.5250899791717529,0.3910863697528839,-0.013877544552087784,0.9912717938423157,0.5314075350761414,0.4143257737159729,-0.02609838917851448,0.9902500510215759,0.5216529965400696,0.4097414016723633,-0.05102653428912163,0.9942672252655029,0.5218617916107178,0.42298001050949097,0.09428471326828003,0.9983351230621338,0.4478547275066376,0.39712008833885193,-0.02646363526582718,0.9995346069335938,0.44513559341430664,0.4123709797859192,-0.019370241090655327,0.33267709612846375,0.40164077281951904,0.39441508054733276,-0.27289336919784546,0.9471979737281799,0.4084814786911011,0.3670589029788971,-0.13854765892028809,0.38031622767448425,0.39210015535354614,0.3616253137588501,-0.5249257683753967,0.9160221219062805,0.39693132042884827,0.357742577791214,-0.16922390460968018,0.3357381820678711,0.3801681399345398,0.3543892502784729,-0.5887053608894348,0.8797204494476318,0.3991839587688446,0.35618525743484497,-0.16740010678768158,0.3330812454223633,0.38284459710121155,0.35214513540267944,-0.5770848393440247,0.8757686018943787,0.40831777453422546,0.3597923517227173,-0.1424427479505539,0.32717859745025635,0.38596993684768677,0.3530086278915405,-0.5289337635040283,0.8369125723838806,0.4118845760822296,0.5078961849212646,0.0563754066824913,0.9995160102844238,0.3607257306575775,0.4994787573814392,-0.056478679180145264,0.9996635317802429,0.40989062190055847,0.5937585234642029,-0.12136504799127579,0.6290503144264221,0.3666008710861206,0.5848402380943298,-0.24354742467403412,0.906783938407898,0.38338276743888855,0.6748310923576355,-0.08456986397504807,0.7252953052520752,0.3771573305130005,0.6796267628669739,-0.21183259785175323,0.9271939992904663,0.37773215770721436,0.6869081258773804,-0.0865044891834259,0.6655140519142151,0.3887385129928589,0.6961755752563477,-0.215477854013443,0.8273299336433411,0.41540637612342834,0.7019596099853516,-0.22784726321697235,0.810602068901062,0.4111238121986389,0.7043888568878174,-0.38707926869392395,0.9305775165557861
128,0.5351223945617676,0.40760859847068787,-0.05674518644809723,0.9949132800102234,0.5455362796783447,0.40386900305747986,-0.036901749670505524,0.9943327903747559,0.5470889210700989,0.40424805879592896,-0.036839809268713,0.9933836460113525,0.5514683723449707,0.4055200517177582,-0.036823857575654984,0.9938367605209351,0.5371181964874268,0.3996310532093048,-0.0436871312558651,0.9936777353286743,0.5357186794281006,0.3983668088912964,-0.04376036673784256,0.9928103089332581,0.5339269042015076,0.3967592418193817,-0.04374536871910095,0.9940824508666992,0.5486342310905457,0.4014987051486969,0.08045469969511032,0.9877592921257019,0.5235671997070312,0.39018070697784424,0.05110103264451027,0.9919239282608032,0.5278940796852112,0.41144976019859314,-0.008945852518081665,0.9906688928604126,0.5213810205459595,0.40457382798194885,-0.018357761204242706,0.9945775866508484,0.5278990268707275,0.42199212312698364,0.08666785806417465,0.9981973767280579,0.4428653419017792,0.3941284120082855,0.06032150238752365,0.9995031356811523,0.45576921105384827,0.40945929288864136,-0.09190879762172699,0.3895667493343353,0.3912012279033661,0.39339321851730347,-0.09634800255298615,0.9473416209220886,0.40793195366859436,0.35586583614349365,-0.2538735270500183,0.43428874015808105,0.3812558352947235,0.34834444522857666,-0.2840544581413269,0.9203199148178101,0.3909826874732971,0.3417603671550751,-0.2985086441040039,0.39043769240379333,0.3706118166446686,0.3373521566390991,-0.33196502923965454,0.8852188587188721,0.396743506193161,0.3425616919994354,-0.27913370728492737,0.3870569169521332,0.36987558007240295,0.3357993960380554,-0.33239811658859253,0.8816255927085876,0.398684024810791,0.3447033762931824,-0.2513600289821625,0.3792774975299835,0.37640026211738586,0.3404240608215332,-0.29147666692733765,0.8456151485443115,0.416253924369812,0.5101972222328186,0.04900193214416504,0.9994840621948242,0.35770729184150696,0.49810153245925903,-0.04905141144990921,0.9996331334114075,0.41320833563804626,0.5911127924919128,-0.09090554714202881,0.6525512933731079,0.3665168881416321,0.5827063322067261,-0.22758981585502625,0.9091650247573853,0.37948963046073914,0.6715281009674072,-0.049841154366731644,0.7374594211578369,0.37677302956581116,0.6808464527130127,-0.22168990969657898,0.9281066656112671,0.37052077054977417,0.6814457178115845,-0.05062183737754822,0.6716970801353455,0.3695211708545685,0.6985985040664673,-0.2267436981201172,0.8202922940254211,0.4200379252433777,0.6998441219329834,-0.1773502677679062,0.8171399235725403,0.4146195352077484,0.7169583439826965,-0.39273229241371155,0.929740846157074
129,0.532509982585907,0.41075438261032104,-0.07417839765548706,0.9951468706130981,0.5421758890151978,0.40538960695266724,-0.05242956057190895,0.9946691989898682,0.5435625314712524,0.405477911233902,-0.052351634949445724,0.9937543272972107,0.5504454374313354,0.407416433095932,-0.052289463579654694,0.9941438436508179,0.5374541282653809,0.4032820761203766,-0.06766058504581451,0.9940353035926819,0.5277839303016663,0.3989562392234802,-0.06776201725006104,0.9931914210319519,0.5274439454078674,0.3995424509048462,-0.06777984648942947,0.9944012761116028,0.5416059494018555,0.40509071946144104,0.06562285870313644,0.9883705973625183,0.5131940245628357,0.3966257572174072,0.00021043297601863742,0.9923713207244873,0.5245953798294067,0.4156108796596527,-0.02527681179344654,0.990639865398407,0.5215298533439636,0.4123143255710602,-0.04512850567698479,0.9946439862251282,0.5223432183265686,0.42264121770858765,0.10271365940570831,0.9980074763298035,0.44635167717933655,0.39976370334625244,-0.017540697008371353,0.9994543194770813,0.4589191973209381,0.39632725715637207,-0.008007929660379887,0.42576390504837036,0.39847075939178467,0.38604551553726196,-0.13816489279270172,0.9500631093978882,0.3999210298061371,0.34787458181381226,-0.13900253176689148,0.46736210584640503,0.37735816836357117,0.3392442464828491,-0.25381919741630554,0.9252323508262634,0.38448241353034973,0.33412325382232666,-0.1733504682779312,0.4210015833377838,0.3640328347682953,0.3264808654785156,-0.29850685596466064,0.8918470144271851,0.3854454755783081,0.3334696888923645,-0.16828356683254242,0.41677841544151306,0.3668413758277893,0.3270120620727539,-0.3024024963378906,0.8885732889175415,0.39157748222351074,0.33729255199432373,-0.14195995032787323,0.4082038700580597,0.3716983497142792,0.332125723361969,-0.2604520916938782,0.8552600741386414,0.40890419483184814,0.5146839618682861,0.07280579954385757,0.999453067779541,0.358595609664917,0.5039306282997131,-0.07280061393976212,0.9996053576469421,0.40734341740608215,0.5962532758712769,-0.09975815564393997,0.6654778122901917,0.37124621868133545,0.5888280272483826,-0.266647607088089,0.9103811979293823,0.3850981891155243,0.6784029006958008,-0.07428868114948273,0.7429929375648499,0.37390896677970886,0.6850396990776062,-0.2826187014579773,0.9265255928039551,0.36894264817237854,0.6874743700027466,-0.07684741169214249,0.6748958826065063,0.36624324321746826,0.6986161470413208,-0.2907261252403259,0.8094174265861511,0.428436815738678,0.705219030380249,-0.20143786072731018,0.8209936022758484,0.4206177294254303,0.7119348645210266,-0.45876345038414,0.9277887344360352
130,0.5320885181427002,0.40396174788475037,-0.08932371437549591,0.9955272674560547,0.5391499996185303,0.40355950593948364,-0.06892808526754379,0.9951011538505554,0.5445255041122437,0.4054179787635803,-0.06888923794031143,0.994260847568512,0.5456559658050537,0.4055406451225281,-0.06884250044822693,0.9946038126945496,0.5355550646781921,0.4015524387359619,-0.07382847368717194,0.9944963455200195,0.5280865430831909,0.3983438014984131,-0.07389034330844879,0.9937047362327576,0.5260818600654602,0.3970286250114441,-0.07384609431028366,0.9948136210441589,0.5442754030227661,0.4032770097255707,0.04427989944815636,0.9893056154251099,0.5136088132858276,0.39289143681526184,0.02410292439162731,0.9929010272026062,0.5227134227752686,0.4094884991645813,-0.043907079845666885,0.9910144209861755,0.5134662389755249,0.4056064486503601,-0.050702054053545,0.9948733448982239,0.5240803360939026,0.4213681221008301,0.04538145661354065,0.9979537725448608,0.4392043352127075,0.4003172814846039,0.04703003540635109,0.9993758201599121,0.4673152565956116,0.40020567178726196,-0.10870552062988281,0.47684913873672485,0.39174434542655945,0.3797474503517151,-0.04791133105754852,0.9518712162971497,0.3958662152290344,0.3391362428665161,-0.24997694790363312,0.5133697390556335,0.3706759214401245,0.3305065929889679,-0.17733106017112732,0.9297133684158325,0.38351503014564514,0.3243284225463867,-0.29369381070137024,0.46728041768074036,0.36074721813201904,0.3196728825569153,-0.21544784307479858,0.8974992632865906,0.38433724641799927,0.3230452835559845,-0.27391505241394043,0.46230533719062805,0.3637641966342926,0.31925007700920105,-0.22429101169109344,0.8945879936218262,0.3887529671192169,0.33002784848213196,-0.24674125015735626,0.45238637924194336,0.36928820610046387,0.32471907138824463,-0.18708615005016327,0.8640105128288269,0.41280415654182434,0.5121565461158752,0.035933319479227066,0.9994341731071472,0.3569366931915283,0.5002647042274475,-0.03589716553688049,0.9995836019515991,0.4097352623939514,0.5945896506309509,-0.11972694098949432,0.6844001412391663,0.3641715943813324,0.579322874546051,-0.23917047679424286,0.9128097295761108,0.3798149824142456,0.675469160079956,-0.07247865200042725,0.7529616951942444,0.376600056886673,0.6786460280418396,-0.22202134132385254,0.926825761795044,0.3822302520275116,0.6857534646987915,-0.07295624166727066,0.6785889267921448,0.3704352378845215,0.6936321258544922,-0.22629114985466003,0.8034887313842773,0.4213847219944,0.7043766975402832,-0.2071588933467865,0.827495813369751,0.41193583607673645,0.7052520513534546,-0.39011049270629883,0.9274934530258179
131,0.5384171009063721,0.40627437829971313,-0.08395383507013321,0.9957695007324219,0.5448319911956787,0.40545377135276794,-0.062300484627485275,0.9954091310501099,0.5459725260734558,0.4057435393333435,-0.06226097047328949,0.9946030378341675,0.5470117926597595,0.40571731328964233,-0.062205199152231216,0.9949012994766235,0.5361526608467102,0.4018220901489258,-0.07644724100828171,0.9948200583457947,0.5345864295959473,0.4007948040962219,-0.0765334889292717,0.9940407276153564,0.5325783491134644,0.3993719816207886,-0.07653778791427612,0.995096743106842,0.5458948016166687,0.4032570719718933,0.05680438503623009,0.9898780584335327,0.5159623622894287,0.3929652273654938,-0.0051802983507514,0.993268609046936,0.5286101698875427,0.4111068844795227,-0.03476721793413162,0.99102383852005,0.5189996957778931,0.4074087142944336,-0.053588829934597015,0.994960367679596,0.5233892202377319,0.42061829566955566,0.08928947150707245,0.9977591037750244,0.4436498284339905,0.39716097712516785,-0.007622295059263706,0.9993252158164978,0.46212685108184814,0.39519697427749634,-0.02204885147511959,0.508862316608429,0.3908849358558655,0.37780818343162537,-0.10906177014112473,0.9545859694480896,0.39475423097610474,0.3386756479740143,-0.14747460186481476,0.5418621301651001,0.37048667669296265,0.32860881090164185,-0.21986715495586395,0.9342260360717773,0.38674673438072205,0.3257635235786438,-0.18195663392543793,0.49290865659713745,0.35986509919166565,0.3191123604774475,-0.262528657913208,0.9035667181015015,0.3871266543865204,0.324829638004303,-0.17262482643127441,0.48694702982902527,0.36290010809898376,0.3188539743423462,-0.26637518405914307,0.9009271264076233,0.3879319429397583,0.33071160316467285,-0.14849704504013062,0.4763568639755249,0.36831602454185486,0.3242438733577728,-0.2266104519367218,0.8726904988288879,0.4097118377685547,0.5139435529708862,0.0643148273229599,0.999382734298706,0.36124664545059204,0.5011752843856812,-0.06420745700597763,0.9995501041412354,0.4119437038898468,0.5942760705947876,-0.07620174437761307,0.6918933987617493,0.36712446808815,0.5840538740158081,-0.27657508850097656,0.9139648675918579,0.3819236755371094,0.6769853234291077,-0.017877968028187752,0.7571228742599487,0.37568411231040955,0.6802489161491394,-0.26203295588493347,0.9267157316207886,0.37497517466545105,0.6867073774337769,-0.01744387298822403,0.6833143830299377,0.3661189079284668,0.6957144737243652,-0.26716938614845276,0.8002005219459534,0.42374882102012634,0.7029404640197754,-0.15027347207069397,0.83062344789505,0.41641736030578613,0.7088795900344849,-0.44272667169570923,0.9272516965866089
132,0.5231762528419495,0.39885684847831726,-0.11948483437299728,0.9960070252418518,0.5402200222015381,0.39844179153442383,-0.10425570607185364,0.9956693649291992,0.5420092344284058,0.3989745080471039,-0.10422728955745697,0.9949273467063904,0.5433996915817261,0.39915502071380615,-0.10420363396406174,0.9951981902122498,0.5311909914016724,0.39408308267593384,-0.09582892805337906,0.9950532913208008,0.5299621820449829,0.393159955739975,-0.09590338915586472,0.9942805767059326,0.5284090638160706,0.3920278549194336,-0.09585686028003693,0.9952828884124756,0.5483502149581909,0.4000110626220703,-0.0054830885492265224,0.9904236197471619,0.518798828125,0.38900575041770935,0.034381769597530365,0.9933315515518188,0.52235347032547,0.40649986267089844,-0.07989102602005005,0.9907373785972595,0.5160387754440308,0.39915692806243896,-0.06934200972318649,0.9946653842926025,0.5260336399078369,0.42304620146751404,-0.029926301911473274,0.9975329637527466,0.4435199201107025,0.39882558584213257,0.09886395931243896,0.9990705847740173,0.47357651591300964,0.40724748373031616,-0.20507541298866272,0.5531934499740601,0.39139577746391296,0.38034236431121826,0.028404798358678818,0.9505183100700378,0.40511271357536316,0.3462767004966736,-0.3378753662109375,0.5806793570518494,0.3735331594944,0.3320319950580597,-0.13708339631557465,0.934184730052948,0.3903493285179138,0.3311935067176819,-0.387762188911438,0.5326773524284363,0.3611852526664734,0.32174092531204224,-0.17625828087329865,0.9037297964096069,0.3903759717941284,0.32666605710983276,-0.3647257387638092,0.5260844230651855,0.3642576038837433,0.3216494917869568,-0.18816377222537994,0.9015081524848938,0.41373756527900696,0.3315286636352539,-0.33242595195770264,0.5140455365180969,0.3666177988052368,0.32414716482162476,-0.15008734166622162,0.8754575252532959,0.4104052782058716,0.509016215801239,-0.002108031651005149,0.9993324279785156,0.3586580157279968,0.49525028467178345,0.002047180663794279,0.9994762539863586,0.40532445907592773,0.5916728973388672,-0.17989405989646912,0.7082617878913879,0.36064431071281433,0.5754532814025879,-0.18019185960292816,0.9093691110610962,0.38044238090515137,0.6740603446960449,-0.13920824229717255,0.7658843994140625,0.375996857881546,0.6734045743942261,-0.11667799204587936,0.9188492894172668,0.37932196259498596,0.6866431832313538,-0.14005859196186066,0.6845833659172058,0.3951623737812042,0.6885365843772888,-0.1154228076338768,0.7871270179748535,0.396572083234787,0.7091549634933472,-0.2857953608036041,0.8345470428466797,0.3944002389907837,0.7014579176902771,-0.26324307918548584,0.91932612657547
133,0.5350552797317505,0.39395034313201904,-0.1217053234577179,0.9962412714958191,0.5486705303192139,0.3970288336277008,-0.10661514103412628,0.9959501028060913,0.5504990816116333,0.39775794744491577,-0.10661962628364563,0.9952666759490967,0.5521442890167236,0.39820998907089233,-0.10660342872142792,0.9955050945281982,0.5399623513221741,0.3915480971336365,-0.09881134331226349,0.9953184723854065,0.5388098359107971,0.39046695828437805,-0.09885571897029877,0.9945579767227173,0.5319765210151672,0.38659846782684326,-0.09880892187356949,0.9954924583435059,0.5531187057495117,0.3985861539840698,-0.006093855481594801,0.990986168384552,0.5288306474685669,0.3868664503097534,0.030834661796689034,0.9934567213058472,0.5285460948944092,0.40102824568748474,-0.08106216788291931,0.9906796216964722,0.5183631777763367,0.3960459530353546,-0.07126658409833908,0.994602620601654,0.531613826751709,0.42350664734840393,-0.025119256228208542,0.9973944425582886,0.44446128606796265,0.3955532908439636,0.0936884880065918,0.9988941550254822,0.4644896984100342,0.4062691628932953,-0.1908811628818512,0.5933359265327454,0.3855113089084625,0.3840978741645813,0.021050451323390007,0.9458898305892944,0.3985140025615692,0.34092870354652405,-0.306124746799469,0.6157876253128052,0.37124988436698914,0.33601805567741394,-0.13700613379478455,0.9326456189155579,0.3851628303527832,0.32606571912765503,-0.3515092134475708,0.568374514579773,0.36012712121009827,0.3188944458961487,-0.1745491772890091,0.9013668894767761,0.3853837847709656,0.32467544078826904,-0.3262140452861786,0.5611660480499268,0.36257827281951904,0.3181155323982239,-0.18275466561317444,0.899442195892334,0.39028429985046387,0.33226001262664795,-0.29853105545043945,0.5475558638572693,0.36717909574508667,0.3251079320907593,-0.1479043811559677,0.8751459121704102,0.4139856696128845,0.5100311636924744,0.010521887801587582,0.9992718696594238,0.3588251769542694,0.4977044463157654,-0.010487215593457222,0.9994195699691772,0.4128546714782715,0.5945169925689697,-0.12880030274391174,0.7220984101295471,0.36232680082321167,0.5833329558372498,-0.20928256213665009,0.9087561368942261,0.38225576281547546,0.6765385270118713,-0.04557648301124573,0.7735543251037598,0.37425696849823,0.6818552613258362,-0.1371692419052124,0.916404664516449,0.3699154257774353,0.6903836727142334,-0.04175042361021042,0.6891283392906189,0.36891061067581177,0.6992366313934326,-0.13464988768100739,0.7822381854057312,0.41580140590667725,0.7041085362434387,-0.18184597790241241,0.8381184935569763,0.40189117193222046,0.7093077898025513,-0.2943984866142273,0.9160138964653015
134,0.5401290059089661,0.3945809006690979,-0.1568443328142166,0.9964215159416199,0.5516284704208374,0.39249157905578613,-0.14546599984169006,0.996163547039032,0.5536505579948425,0.3933979272842407,-0.14546097815036774,0.9955469369888306,0.5556246042251587,0.39386603236198425,-0.14544476568698883,0.9957481026649475,0.542741060256958,0.38725101947784424,-0.13247570395469666,0.9955009818077087,0.5416616797447205,0.3865306079387665,-0.1325569897890091,0.9947683215141296,0.5354299545288086,0.3829006552696228,-0.1325257271528244,0.9956412315368652,0.5544015169143677,0.39835259318351746,-0.054919347167015076,0.9913999438285828,0.5305898189544678,0.3874361515045166,0.005588636267930269,0.9934613704681396,0.5284868478775024,0.40034788846969604,-0.12003591656684875,0.9903956055641174,0.5183656811714172,0.39574792981147766,-0.10340281575918198,0.9943586587905884,0.5310202240943909,0.4227887988090515,-0.08854053169488907,0.99726402759552,0.4501022696495056,0.40130138397216797,0.0881282314658165,0.9987021088600159,0.4571209251880646,0.4005714952945709,-0.26169347763061523,0.6298884153366089,0.390531063079834,0.3900532126426697,0.009939752519130707,0.9356185793876648,0.39320334792137146,0.3402586579322815,-0.37613093852996826,0.6476255655288696,0.35960325598716736,0.3424392342567444,-0.18598401546478271,0.9286965131759644,0.3808583617210388,0.32679951190948486,-0.42768168449401855,0.6015255451202393,0.3576604723930359,0.3281973600387573,-0.2297201007604599,0.8970853686332703,0.381155401468277,0.3254215717315674,-0.4067988395690918,0.5939828157424927,0.3617804944515228,0.32702720165252686,-0.24174864590168,0.8955670595169067,0.3812939524650574,0.32991141080856323,-0.37044382095336914,0.5790495872497559,0.3629613518714905,0.33101779222488403,-0.19994229078292847,0.8728150129318237,0.4109278917312622,0.5058574080467224,-0.013788562268018723,0.9991946220397949,0.3594455420970917,0.4964452385902405,0.013761780224740505,0.9993341565132141,0.40292781591415405,0.5926111340522766,-0.12417306005954742,0.7347802519798279,0.3578122556209564,0.5808277726173401,-0.1372881531715393,0.9027265310287476,0.37818196415901184,0.673889696598053,-0.05774300545454025,0.7809292078018188,0.37393778562545776,0.6786471605300903,-0.06145399808883667,0.9097374081611633,0.36688122153282166,0.6874130964279175,-0.05546785518527031,0.6878397464752197,0.37168440222740173,0.691188633441925,-0.05892167240381241,0.7701946496963501,0.39207953214645386,0.6997883915901184,-0.19491221010684967,0.8407250046730042,0.39022698998451233,0.70075523853302,-0.20651671290397644,0.90915846824646
135,0.5363107323646545,0.4024581015110016,-0.20817570388317108,0.9965806007385254,0.5524523854255676,0.40053099393844604,-0.19240610301494598,0.9963412284851074,0.5540333986282349,0.40109020471572876,-0.19240421056747437,0.9957596659660339,0.5555388331413269,0.4012916684150696,-0.19235748052597046,0.9959326982498169,0.5439237356185913,0.39522871375083923,-0.19174739718437195,0.9956579804420471,0.5426103472709656,0.39396005868911743,-0.1918012648820877,0.9949273467063904,0.5361738204956055,0.3897225260734558,-0.1917784959077835,0.9957672357559204,0.5530056953430176,0.40252599120140076,-0.08302363008260727,0.9916321039199829,0.530276358127594,0.39167535305023193,-0.07731011509895325,0.9934638738632202,0.5350198149681091,0.41042977571487427,-0.1631992757320404,0.9902762174606323,0.5256049633026123,0.405453622341156,-0.16235589981079102,0.9942978024482727,0.5309407711029053,0.42349496483802795,-0.0704522579908371,0.9971363544464111,0.44780969619750977,0.40041694045066833,-0.02426842227578163,0.9985961318016052,0.45997095108032227,0.4083878993988037,-0.23110240697860718,0.6623102426528931,0.3880833089351654,0.3885743021965027,-0.13572770357131958,0.9364578127861023,0.39401698112487793,0.3488732874393463,-0.37776514887809753,0.6760002970695496,0.36331239342689514,0.3386574983596802,-0.3126436173915863,0.9304060935974121,0.37680837512016296,0.3389338254928589,-0.42610177397727966,0.6299230456352234,0.3519723415374756,0.3301389515399933,-0.3600115180015564,0.8985773921012878,0.38036486506462097,0.33445215225219727,-0.4088723957538605,0.6220216155052185,0.3552699685096741,0.32909566164016724,-0.36670857667922974,0.8972145915031433,0.3859887421131134,0.3400440216064453,-0.37494391202926636,0.6057437658309937,0.3620472252368927,0.33365336060523987,-0.3232173025608063,0.8756385445594788,0.4122374355792999,0.5087680816650391,0.03310760483145714,0.9991064667701721,0.3583167493343353,0.49998897314071655,-0.0330176055431366,0.9992693662643433,0.4111666679382324,0.5941260457038879,-0.11451177299022675,0.7467355728149414,0.3632637560367584,0.5871766805648804,-0.2211250364780426,0.9045502543449402,0.38112872838974,0.6747838258743286,-0.030515430495142937,0.7891215682029724,0.36835718154907227,0.683868408203125,-0.15967820584774017,0.9111499190330505,0.3656201958656311,0.6830460429191589,-0.027568558230996132,0.6944786310195923,0.36198312044143677,0.6977294087409973,-0.16006343066692352,0.7691138982772827,0.4141233563423157,0.7023818492889404,-0.16860845685005188,0.8454447388648987,0.398740291595459,0.7093767523765564,-0.33258137106895447,0.9092732667922974
136,0.5521669387817383,0.40477579832077026,-0.11704522371292114,0.9964960813522339,0.5577864050865173,0.403524786233902,-0.09867367148399353,0.9962624907493591,0.5590299963951111,0.40368157625198364,-0.09863489121198654,0.9956949949264526,0.5603073835372925,0.4036838412284851,-0.09862704575061798,0.9957584738731384,0.5496063828468323,0.3992786705493927,-0.11217155307531357,0.9956254959106445,0.5484540462493896,0.3983278274536133,-0.11231648921966553,0.9949169754981995,0.5471135973930359,0.39714694023132324,-0.11235851794481277,0.9957320094108582,0.558862566947937,0.40143021941185,0.013454345986247063,0.9912484884262085,0.5388102531433105,0.3921176493167877,-0.045260239392519,0.9935040473937988,0.5441632866859436,0.409756600856781,-0.06959088891744614,0.9898436665534973,0.5359625220298767,0.40563082695007324,-0.08748486638069153,0.9942221641540527,0.534260094165802,0.4209347665309906,0.041938647627830505,0.9970806837081909,0.45988261699676514,0.4037910997867584,-0.05091913044452667,0.9986616969108582,0.46530354022979736,0.40217822790145874,-0.12627220153808594,0.6736564636230469,0.40458256006240845,0.3958319425582886,-0.252397745847702,0.9368788599967957,0.3985188901424408,0.3558019697666168,-0.3059251010417938,0.6881592273712158,0.37396129965782166,0.3546503782272339,-0.48480936884880066,0.9320896863937378,0.385259211063385,0.34807437658309937,-0.34930044412612915,0.6407376527786255,0.35917365550994873,0.34566450119018555,-0.5509135127067566,0.901655375957489,0.38984009623527527,0.34340786933898926,-0.342018723487854,0.6324983835220337,0.36462920904159546,0.34274566173553467,-0.5484324097633362,0.9003986120223999,0.389357328414917,0.3476531207561493,-0.3091209828853607,0.6148698925971985,0.3673681914806366,0.3458871841430664,-0.49289825558662415,0.8792770504951477,0.41105544567108154,0.5015826225280762,0.0669245794415474,0.9991248846054077,0.36391180753707886,0.48983174562454224,-0.06685666739940643,0.9992860555648804,0.4056161344051361,0.5928637981414795,-0.07069305330514908,0.7513512372970581,0.37184494733810425,0.5849590301513672,-0.2648893892765045,0.9023012518882751,0.38031700253486633,0.6727749109268188,-0.024015074595808983,0.7943621873855591,0.3728860318660736,0.6788821220397949,-0.2380501925945282,0.9112182855606079,0.37359488010406494,0.6850913763046265,-0.025619715452194214,0.7023282647132874,0.3682651221752167,0.6905550956726074,-0.24306203424930573,0.7679327130317688,0.4230254590511322,0.6989321708679199,-0.16755303740501404,0.8489077687263489,0.4157867729663849,0.7049589157104492,-0.42513030767440796,0.9097298979759216
137,0.5477437973022461,0.42162981629371643,-0.21426686644554138,0.9962741732597351,0.5505192875862122,0.41797342896461487,-0.19817863404750824,0.9959991574287415,0.5547647476196289,0.41566234827041626,-0.19818942248821259,0.9953541159629822,0.5594170093536377,0.4166443347930908,-0.198219433426857,0.9953542947769165,0.5469045042991638,0.4166143536567688,-0.2254786342382431,0.9954725503921509,0.5455263257026672,0.4154847264289856,-0.22568154335021973,0.9947769641876221,0.5384752750396729,0.4120543897151947,-0.22577254474163055,0.9956481456756592,0.5535273551940918,0.4095243513584137,-0.08523562550544739,0.9904135465621948,0.5339534878730774,0.4064578413963318,-0.20594461262226105,0.9934890270233154,0.5411486029624939,0.4247283935546875,-0.16382725536823273,0.9897796511650085,0.5371517539024353,0.42337244749069214,-0.1997068226337433,0.9942834973335266,0.5319865942001343,0.4205576777458191,-0.005211586132645607,0.9971179962158203,0.46343961358070374,0.4092930257320404,-0.23464861512184143,0.9987409710884094,0.4628298580646515,0.41250792145729065,-0.08925925195217133,0.6668831706047058,0.4062180519104004,0.4115673899650574,-0.479860782623291,0.9372631907463074,0.41145557165145874,0.37264284491539,-0.23434969782829285,0.6828572154045105,0.39441898465156555,0.3707362115383148,-0.6805386543273926,0.9310595989227295,0.39446377754211426,0.36469486355781555,-0.26382961869239807,0.6328721046447754,0.38531291484832764,0.3621300458908081,-0.751005232334137,0.9003668427467346,0.3960609436035156,0.3639654517173767,-0.26925018429756165,0.6243395805358887,0.3826136589050293,0.3600916266441345,-0.7369946837425232,0.8985932469367981,0.39937660098075867,0.3658643364906311,-0.24168477952480316,0.6048720479011536,0.3886926472187042,0.36593097448349,-0.6818980574607849,0.8755105137825012,0.4025706946849823,0.5057722330093384,0.10413601249456406,0.9991136193275452,0.36074399948120117,0.5005238652229309,-0.10405684262514114,0.9992876648902893,0.4118445813655853,0.5930229425430298,-0.02422882802784443,0.7509798407554626,0.3704829216003418,0.5898329615592957,-0.2549797594547272,0.904897928237915,0.3763067424297333,0.6761250495910645,0.0734792947769165,0.7963129878044128,0.36634111404418945,0.6885408163070679,-0.19789741933345795,0.9145652055740356,0.36563870310783386,0.6862040758132935,0.07658975571393967,0.7092353105545044,0.3572089374065399,0.703910768032074,-0.20009343326091766,0.7751796245574951,0.4233756959438324,0.6996409893035889,-0.05345433950424194,0.8494743704795837,0.41171854734420776,0.7151169180870056,-0.37599891424179077,0.9125015735626221
138,0.5491949319839478,0.4244670271873474,0.009765560738742352,0.9955764412879944,0.5570139288902283,0.41841211915016174,0.02847994491457939,0.9951351881027222,0.5581030249595642,0.4183177947998047,0.02847972884774208,0.9944370985031128,0.5597578287124634,0.4180781841278076,0.028407586738467216,0.9944271445274353,0.5512087941169739,0.4158703684806824,-0.0034200833179056644,0.9946190118789673,0.5501953959465027,0.41452354192733765,-0.003532796399667859,0.9939508438110352,0.5496047139167786,0.4129219651222229,-0.0035846619866788387,0.9949021339416504,0.5580156445503235,0.4088400900363922,0.12306883186101913,0.9892416596412659,0.544625997543335,0.40695327520370483,-0.016373667865991592,0.992805540561676,0.5415523052215576,0.4242646098136902,0.05239371582865715,0.98943030834198,0.5377567410469055,0.4223023056983948,0.010691746138036251,0.993973970413208,0.5352349877357483,0.42059198021888733,0.18217550218105316,0.997332751750946,0.47343793511390686,0.39829814434051514,-0.09370021522045135,0.9988362193107605,0.49551263451576233,0.43904805183410645,0.07977768033742905,0.6635809540748596,0.43998587131500244,0.42052561044692993,-0.29810193181037903,0.9384783506393433,0.431143581867218,0.40776291489601135,-0.09144378453493118,0.684266209602356,0.42135345935821533,0.40021657943725586,-0.4284520745277405,0.9323427081108093,0.4134176969528198,0.4010595679283142,-0.11421160399913788,0.6305301785469055,0.4063534736633301,0.3930957317352295,-0.48860442638397217,0.9017742276191711,0.4151303470134735,0.3989982008934021,-0.11198806762695312,0.6214901208877563,0.4085739254951477,0.3928903043270111,-0.47197234630584717,0.8998295664787292,0.4194345772266388,0.3997628688812256,-0.09528820961713791,0.6000736355781555,0.4157038927078247,0.39745673537254333,-0.4265420734882355,0.8759078979492188,0.4045009911060333,0.5031346678733826,0.10684074461460114,0.9991804361343384,0.36361655592918396,0.4967712461948395,-0.10668135434389114,0.999333381652832,0.3993978798389435,0.5944660902023315,-0.0828021839261055,0.7504070401191711,0.3690348267555237,0.5907038450241089,-0.2603185176849365,0.9043368697166443,0.37635865807533264,0.6795660257339478,-0.06614099442958832,0.7932963967323303,0.36844301223754883,0.6874844431877136,-0.2716764211654663,0.9151595234870911,0.3612087368965149,0.6955878138542175,-0.07120826840400696,0.7090261578559875,0.35518428683280945,0.7048563957214355,-0.2799203097820282,0.7764216661453247,0.4265627861022949,0.7073913812637329,-0.20526279509067535,0.8495709300041199,0.4140755236148834,0.7171960473060608,-0.4423528015613556,0.9146114587783813
139,0.5314997434616089,0.43293410539627075,-0.28952285647392273,0.9944924712181091,0.5400493741035461,0.42495331168174744,-0.2730022668838501,0.9941379427909851,0.5448868274688721,0.42215418815612793,-0.27302613854408264,0.9933013319969177,0.5490429401397705,0.4222872257232666,-0.2731310725212097,0.9935541152954102,0.53621506690979,0.4239564836025238,-0.3114539682865143,0.9935916066169739,0.534305214881897,0.42263689637184143,-0.31163978576660156,0.9927816390991211,0.5269295573234558,0.419647753238678,-0.3117213547229767,0.9939834475517273,0.5390170216560364,0.41521453857421875,-0.14646878838539124,0.9872665405273438,0.5137017965316772,0.4114173948764801,-0.3171859681606293,0.991422176361084,0.5218722820281982,0.4328106939792633,-0.23103730380535126,0.9874409437179565,0.5152183771133423,0.4309607148170471,-0.28164926171302795,0.9922693371772766,0.5114600658416748,0.425743043422699,0.03145161271095276,0.9973817467689514,0.4575047492980957,0.40939196944236755,-0.3361891210079193,0.998799204826355,0.5074598789215088,0.4449412226676941,0.20007288455963135,0.6147853136062622,0.440621554851532,0.42620760202407837,-0.36300185322761536,0.9332466721534729,0.4857480227947235,0.45461803674697876,0.24995674192905426,0.6302893161773682,0.4596171975135803,0.43992727994918823,-0.2681747078895569,0.9099543690681458,0.4780573546886444,0.4584777355194092,0.2690936028957367,0.5807746052742004,0.4599016308784485,0.44480395317077637,-0.29251956939697266,0.877507209777832,0.4866428077220917,0.45093387365341187,0.23733830451965332,0.5727129578590393,0.46539339423179626,0.4444618225097656,-0.29283007979393005,0.8751949071884155,0.4800657629966736,0.4563688337802887,0.23901668190956116,0.5541849732398987,0.46448376774787903,0.44290274381637573,-0.2648027837276459,0.8477170467376709,0.40640145540237427,0.5051770210266113,0.11605877429246902,0.999184787273407,0.3620186150074005,0.5004645586013794,-0.11582057923078537,0.9993284344673157,0.4066692888736725,0.5922118425369263,-0.016905685886740685,0.730353057384491,0.36412280797958374,0.589053750038147,-0.24648717045783997,0.8991976976394653,0.3724862337112427,0.6753307580947876,-0.01618739403784275,0.7820277810096741,0.36195817589759827,0.6892848610877991,-0.27169308066368103,0.9133982062339783,0.3560464680194855,0.6890537738800049,-0.022239742800593376,0.7040046453475952,0.3495858609676361,0.7050257921218872,-0.2786034047603607,0.7797168493270874,0.4080159068107605,0.7040997743606567,-0.15242712199687958,0.8417866230010986,0.40467169880867004,0.7184385061264038,-0.42983198165893555,0.9146402478218079
140,0.5552488565444946,0.4249008297920227,-0.08201473206281662,0.9947299957275391,0.5671443939208984,0.4192064702510834,-0.0657486841082573,0.9944154620170593,0.5679603815078735,0.4189496636390686,-0.0658503845334053,0.9936161637306213,0.5687825083732605,0.4186776280403137,-0.06595031172037125,0.9938984513282776,0.5630312561988831,0.41760435700416565,-0.09976816922426224,0.9938104152679443,0.5613894462585449,0.41628581285476685,-0.0998801738023758,0.99299156665802,0.5598111152648926,0.4148302972316742,-0.09988895058631897,0.9941756129264832,0.5610858201980591,0.41185635328292847,0.03560470789670944,0.987805187702179,0.5457348823547363,0.40560823678970337,-0.11491840332746506,0.9916314482688904,0.5439803600311279,0.4264015555381775,-0.03621804341673851,0.9883158802986145,0.5387606024742126,0.42438191175460815,-0.08079232275485992,0.9927321076393127,0.5256491303443909,0.42721453309059143,0.14227266609668732,0.9976103901863098,0.46175655722618103,0.4049747586250305,-0.18440328538417816,0.9988945126533508,0.49567633867263794,0.47457021474838257,0.12251672893762589,0.5891667008399963,0.4286497235298157,0.4455801844596863,-0.2440691888332367,0.9327895641326904,0.4757358431816101,0.4788828492164612,-0.017567375674843788,0.6045072674751282,0.4742954671382904,0.48636889457702637,-0.18486694991588593,0.9034920334815979,0.47908681631088257,0.48299580812454224,-0.03633129596710205,0.5539449453353882,0.47892600297927856,0.492020845413208,-0.21050359308719635,0.8668811321258545,0.4800623953342438,0.4794035851955414,-0.04139978438615799,0.5459147691726685,0.4811461865901947,0.4898531436920166,-0.2073819637298584,0.8635285496711731,0.47727030515670776,0.477337121963501,-0.024258684366941452,0.528525710105896,0.4804243743419647,0.48556405305862427,-0.18009543418884277,0.8323479890823364,0.40396255254745483,0.5062199831008911,0.0989631786942482,0.9992337226867676,0.35900500416755676,0.49789151549339294,-0.09863103181123734,0.9993640184402466,0.40123113989830017,0.5909441113471985,-0.04296448826789856,0.7253230810165405,0.3680591583251953,0.5908104777336121,-0.24968723952770233,0.9037930369377136,0.3781457543373108,0.677030086517334,-0.03814832121133804,0.781860888004303,0.3678061068058014,0.689490795135498,-0.24132408201694489,0.9168244004249573,0.35578665137290955,0.6854907274246216,-0.045132264494895935,0.7040969729423523,0.35236138105392456,0.7091668844223022,-0.2448555827140808,0.7896014451980591,0.42431777715682983,0.7069261074066162,-0.17591984570026398,0.8422685861587524,0.4173123240470886,0.7185804843902588,-0.38781648874282837,0.9183462262153625
141,0.5618395805358887,0.42353740334510803,-0.025269726291298866,0.9951472878456116,0.5704011917114258,0.4175399839878082,-0.005127927754074335,0.9948488473892212,0.5702630281448364,0.4170377850532532,-0.0051997071132063866,0.9941078424453735,0.5699170231819153,0.416450560092926,-0.0052652498707175255,0.9943888187408447,0.5681856870651245,0.41651663184165955,-0.04345022514462471,0.9942800402641296,0.5664544701576233,0.41523805260658264,-0.04358779639005661,0.9935166239738464,0.5646604299545288,0.41382890939712524,-0.04358585178852081,0.9946224093437195,0.5568715333938599,0.40867939591407776,0.09888263046741486,0.9886751770973206,0.5487406253814697,0.4048920273780823,-0.07113847881555557,0.9922425746917725,0.5491726994514465,0.4253436028957367,0.018997007980942726,0.9892970323562622,0.546346127986908,0.4239506125450134,-0.03098488599061966,0.9933147430419922,0.5176118612289429,0.4271940290927887,0.21102900803089142,0.9978263974189758,0.46794483065605164,0.4084804952144623,-0.16529497504234314,0.9989991188049316,0.5011786818504333,0.47221487760543823,0.219534769654274,0.5613566637039185,0.4312046766281128,0.46063852310180664,-0.25165894627571106,0.9369286298751831,0.5062812566757202,0.5087750554084778,0.10557054728269577,0.5818444490432739,0.48648160696029663,0.5094137787818909,-0.20941738784313202,0.9080066084861755,0.5103021860122681,0.5220796465873718,0.09854774177074432,0.5304312705993652,0.4922952353954315,0.5217286348342896,-0.23930111527442932,0.871138334274292,0.5100693106651306,0.5221109986305237,0.07466302067041397,0.5232517719268799,0.4955425560474396,0.5220285654067993,-0.2247524857521057,0.8675903081893921,0.5060592889785767,0.5175631046295166,0.09079138189554214,0.5079220533370972,0.4962540864944458,0.5179218053817749,-0.20076778531074524,0.8357793688774109,0.4050934314727783,0.50575190782547,0.11110158264636993,0.999287486076355,0.36596405506134033,0.498518705368042,-0.11083746701478958,0.9994160532951355,0.39443862438201904,0.5886322259902954,-0.03079301491379738,0.7241936922073364,0.3701625466346741,0.5903672575950623,-0.25596076250076294,0.9102640748023987,0.3764043152332306,0.6725161671638489,-0.023139698430895805,0.7853022813796997,0.36803653836250305,0.6932650804519653,-0.26576000452041626,0.9229646325111389,0.360840380191803,0.6861277222633362,-0.030367417261004448,0.7113257646560669,0.35148558020591736,0.7089601159095764,-0.272222101688385,0.8048933148384094,0.42538419365882874,0.6974431872367859,-0.14817233383655548,0.8472858667373657,0.420087993144989,0.7186633348464966,-0.41562679409980774,0.9244636297225952
142,0.5591423511505127,0.4258679449558258,-0.06313038617372513,0.9956017136573792,0.5695750713348389,0.42031699419021606,-0.046052418649196625,0.9953209757804871,0.5694196224212646,0.4196072220802307,-0.04609797149896622,0.9946469664573669,0.569101095199585,0.4187162518501282,-0.046174585819244385,0.99491286277771,0.5679805278778076,0.4193252921104431,-0.08775286376476288,0.9948024153709412,0.566719651222229,0.4178634285926819,-0.08787865936756134,0.9941061735153198,0.5651634335517883,0.4160396456718445,-0.08784792572259903,0.9951157569885254,0.5572535395622253,0.4091211259365082,0.042063068598508835,0.9897130131721497,0.5516490340232849,0.4061657786369324,-0.14360961318016052,0.9929525852203369,0.5455945134162903,0.42596131563186646,-0.025187311694025993,0.9903283715248108,0.5435783267021179,0.42463207244873047,-0.07977540045976639,0.9939509630203247,0.5035719275474548,0.4248724579811096,0.17074045538902283,0.9980338215827942,0.48062217235565186,0.4125179350376129,-0.23222151398658752,0.9990970492362976,0.48704537749290466,0.4793463349342346,0.23111945390701294,0.5410659909248352,0.43099868297576904,0.46213871240615845,-0.3052179515361786,0.9418056607246399,0.5103867053985596,0.5258556604385376,0.14677517116069794,0.5654704570770264,0.48593026399612427,0.5135437846183777,-0.25447142124176025,0.9139581322669983,0.5164608359336853,0.5405609607696533,0.14967584609985352,0.5137990713119507,0.4857501983642578,0.5304381251335144,-0.2878597378730774,0.8780216574668884,0.5164264440536499,0.5405704975128174,0.11307601630687714,0.5078569054603577,0.489473819732666,0.5285306572914124,-0.27130451798439026,0.8744816184043884,0.5130082964897156,0.5356643199920654,0.1278415322303772,0.4940486550331116,0.491438627243042,0.5265333652496338,-0.2454328089952469,0.8431336283683777,0.4004756212234497,0.5018259882926941,0.1225055456161499,0.9993189573287964,0.36933669447898865,0.5000772476196289,-0.12224370241165161,0.9994563460350037,0.3986402750015259,0.5876379013061523,0.04508893936872482,0.7099589109420776,0.3728368580341339,0.5918323397636414,-0.20062096416950226,0.9162598848342896,0.3748534619808197,0.667522668838501,0.09447867423295975,0.7755171060562134,0.3672291934490204,0.6944013833999634,-0.18134216964244843,0.9284685254096985,0.3615224063396454,0.6791043281555176,0.09148065745830536,0.7105370163917542,0.3512484133243561,0.7109582424163818,-0.1847320944070816,0.819990336894989,0.42644211649894714,0.6922736167907715,-0.0028111941646784544,0.8427050709724426,0.4264702796936035,0.7145241498947144,-0.30384400486946106,0.9296712875366211
143,0.5552200675010681,0.42714181542396545,0.0447053425014019,0.996029257774353,0.5644048452377319,0.42148351669311523,0.055569689720869064,0.9957736730575562,0.5639511942863464,0.420473575592041,0.05554896593093872,0.9951649904251099,0.563071608543396,0.41943877935409546,0.05551920458674431,0.9954098463058472,0.5644587278366089,0.42153382301330566,0.009885825216770172,0.9953056573867798,0.5641562938690186,0.42054444551467896,0.009730137884616852,0.9946752786636353,0.5634458065032959,0.4195871353149414,0.009754004888236523,0.9955893158912659,0.5506727695465088,0.4100417494773865,0.1072503849864006,0.9907143712043762,0.5519834160804749,0.4112420976161957,-0.09702995419502258,0.9936348795890808,0.5415290594100952,0.4266146719455719,0.06974080204963684,0.991277813911438,0.5417098999023438,0.4266749322414398,0.009584710001945496,0.9945398569107056,0.48648887872695923,0.41213464736938477,0.2146758884191513,0.9982218742370605,0.4901931881904602,0.41354900598526,-0.21036869287490845,0.9991855621337891,0.47089558839797974,0.4688047468662262,0.2821473181247711,0.49949732422828674,0.4762771725654602,0.471505343914032,-0.27825015783309937,0.9455938935279846,0.503629207611084,0.5180206894874573,0.22198668122291565,0.5217627882957458,0.5033186078071594,0.5196645259857178,-0.20616558194160461,0.9158006906509399,0.5117942690849304,0.5244318246841431,0.2372453212738037,0.475088894367218,0.5082732439041138,0.5315778255462646,-0.23912274837493896,0.8790950775146484,0.5172182321548462,0.5261479020118713,0.19744369387626648,0.47000181674957275,0.514663815498352,0.5251668095588684,-0.2146199494600296,0.8753058910369873,0.5082354545593262,0.5268732309341431,0.2029712051153183,0.45796528458595276,0.5116366147994995,0.5208147168159485,-0.195002019405365,0.8427053093910217,0.3864805996417999,0.5039998292922974,0.13177822530269623,0.999357283115387,0.373216837644577,0.5086869597434998,-0.13140207529067993,0.9994996786117554,0.3873421549797058,0.5895519256591797,0.10909536480903625,0.6854294538497925,0.38155397772789,0.595704972743988,-0.16420306265354156,0.9212226271629333,0.3772251009941101,0.6696332693099976,0.17453178763389587,0.7623589634895325,0.37657326459884644,0.6901933550834656,-0.11649966984987259,0.9330968856811523,0.36894696950912476,0.679015040397644,0.17315781116485596,0.7082256078720093,0.35123059153556824,0.7071362137794495,-0.11674266308546066,0.8337300419807434,0.4281177818775177,0.6879395842552185,0.09273035079240799,0.836068868637085,0.4217927157878876,0.7064496874809265,-0.2076457291841507,0.9340790510177612
144,0.5555765628814697,0.4287354350090027,0.032972607761621475,0.9964083433151245,0.5656264424324036,0.4236682951450348,0.04049834609031677,0.9961769580841064,0.5653268694877625,0.42315149307250977,0.04047808051109314,0.9956271052360535,0.5650113224983215,0.4225645959377289,0.04043564200401306,0.9958546161651611,0.5653345584869385,0.4230172038078308,0.000829179072752595,0.9957512617111206,0.564880907535553,0.422027587890625,0.000697492971085012,0.9951788187026978,0.5644145607948303,0.4209405779838562,0.0007504284149035811,0.9960079789161682,0.5548185706138611,0.41379523277282715,0.08262662589550018,0.9916142821311951,0.554935097694397,0.4135323464870453,-0.09473364800214767,0.9942377805709839,0.5431972742080688,0.42806339263916016,0.05489679425954819,0.9921219944953918,0.5419942736625671,0.42740243673324585,0.0024487480986863375,0.9950571060180664,0.4896441698074341,0.4111015200614929,0.18298375606536865,0.9983879923820496,0.4981039762496948,0.420527845621109,-0.17971466481685638,0.9992626309394836,0.4771387279033661,0.47545933723449707,0.24958373606204987,0.4677973985671997,0.4826493561267853,0.45774784684181213,-0.19684574007987976,0.9462636709213257,0.5160341858863831,0.5079894065856934,0.18406400084495544,0.4860093891620636,0.49991264939308167,0.4621215760707855,-0.07947532832622528,0.9107256531715393,0.5279976725578308,0.5152393579483032,0.20024612545967102,0.4435732364654541,0.505097508430481,0.4617098271846771,-0.09620456397533417,0.8725408911705017,0.5323549509048462,0.5156616568565369,0.16478338837623596,0.4394797384738922,0.5038356781005859,0.45826107263565063,-0.08464942872524261,0.8687428832054138,0.528666615486145,0.5129127502441406,0.16707934439182281,0.42929333448410034,0.5002687573432922,0.45774388313293457,-0.07242860645055771,0.8347488045692444,0.3910389244556427,0.5001057982444763,0.11984455585479736,0.9993804693222046,0.3808158040046692,0.5021655559539795,-0.11950600147247314,0.9995297789573669,0.38699793815612793,0.5863209962844849,0.09500046819448471,0.6549987196922302,0.3828737437725067,0.5940666198730469,-0.14874570071697235,0.9237404465675354,0.3806630074977875,0.6650758981704712,0.14114198088645935,0.7448337078094482,0.3825457990169525,0.6869654059410095,-0.1318456530570984,0.9359382390975952,0.3729759156703949,0.6778221130371094,0.13825495541095734,0.7029818296432495,0.35999441146850586,0.7019262313842773,-0.13447676599025726,0.8440995216369629,0.42511841654777527,0.6894844174385071,0.05738262087106705,0.8261520862579346,0.4267638623714447,0.7045855522155762,-0.22389176487922668,0.9368934631347656
145,0.5544514060020447,0.42858991026878357,0.05832832306623459,0.9967518448829651,0.566740095615387,0.4252132475376129,0.07049762457609177,0.9965490698814392,0.566908597946167,0.42529258131980896,0.07046785950660706,0.9960528612136841,0.5670053362846375,0.42523640394210815,0.07045283913612366,0.9962594509124756,0.5653548240661621,0.423126757144928,0.031167099252343178,0.9961642622947693,0.5646368265151978,0.4217194616794586,0.03101692721247673,0.9956462979316711,0.5639543533325195,0.420213520526886,0.03100089728832245,0.9963957071304321,0.5580282807350159,0.4175618290901184,0.13218282163143158,0.9924380779266357,0.5537369847297668,0.4119963049888611,-0.043901510536670685,0.9948039054870605,0.5417973399162292,0.4285886287689209,0.0881086215376854,0.9928894639015198,0.5393927097320557,0.42590245604515076,0.035858578979969025,0.9955362677574158,0.49709954857826233,0.4215213656425476,0.21678178012371063,0.9985260963439941,0.4922560453414917,0.4166925847530365,-0.13190442323684692,0.9993316531181335,0.4627581834793091,0.4553174078464508,0.2291134148836136,0.4295806884765625,0.4697752296924591,0.45289668440818787,-0.1256731152534485,0.9437527656555176,0.4681966006755829,0.45205870270729065,0.16044478118419647,0.44335901737213135,0.4958961606025696,0.4446496069431305,0.04913881793618202,0.8966014385223389,0.46938738226890564,0.4515919089317322,0.17237752676010132,0.40491682291030884,0.5029681324958801,0.442462682723999,0.04033273458480835,0.8557493090629578,0.4737837612628937,0.4515553116798401,0.15693379938602448,0.40126940608024597,0.5006635189056396,0.43929362297058105,0.05353319272398949,0.8511025309562683,0.4725218117237091,0.45128053426742554,0.15182167291641235,0.39270487427711487,0.49687856435775757,0.4400010108947754,0.06032223626971245,0.8147143125534058,0.3907575011253357,0.5031126737594604,0.10832114517688751,0.9994273781776428,0.3766784369945526,0.5020981431007385,-0.1079196110367775,0.9995685815811157,0.3937535881996155,0.5855297446250916,0.029174329712986946,0.6342806816101074,0.38367244601249695,0.5913264155387878,-0.20328523218631744,0.9238476753234863,0.3762817084789276,0.6680917143821716,-0.015508487820625305,0.7347601652145386,0.368786484003067,0.691857635974884,-0.2357305884361267,0.9355381727218628,0.3649325370788574,0.6806377172470093,-0.026182834059000015,0.6966173648834229,0.3548350930213928,0.7071679830551147,-0.24220186471939087,0.8489806056022644,0.41900360584259033,0.6917012929916382,-0.12828627228736877,0.8187152743339539,0.4213455319404602,0.7137982845306396,-0.3466513156890869,0.9369342923164368
146,0.5554502010345459,0.4317079484462738,0.004420338664203882,0.9970478415489197,0.5676758885383606,0.42851391434669495,0.006009670905768871,0.9968734979629517,0.568123459815979,0.4284883439540863,0.005956513341516256,0.9964232444763184,0.5685939788818359,0.4283352792263031,0.0059034856967628,0.9966151118278503,0.5682089924812317,0.4278581738471985,-0.03165199235081673,0.996525764465332,0.5682132244110107,0.4270419478416443,-0.03178079053759575,0.996054470539093,0.5685181617736816,0.42628583312034607,-0.03176834434270859,0.9967350959777832,0.5604329109191895,0.41975370049476624,0.03162660077214241,0.9931668043136597,0.5596402883529663,0.4192813038825989,-0.13602593541145325,0.9952996373176575,0.5435574054718018,0.4313388466835022,0.023357342928647995,0.9935599565505981,0.5420343279838562,0.4293918013572693,-0.026698091998696327,0.9959521293640137,0.48572883009910583,0.40152662992477417,0.12689608335494995,0.9986457824707031,0.5051032900810242,0.427758127450943,-0.20627903938293457,0.9993854761123657,0.4493303894996643,0.4217914044857025,0.3036326467990875,0.38998299837112427,0.48347753286361694,0.4552465081214905,-0.18287253379821777,0.9352908730506897,0.4709358513355255,0.4315952658653259,0.41981247067451477,0.4012325406074524,0.5082538723945618,0.44563156366348267,0.005355947185307741,0.868232250213623,0.47715437412261963,0.4332365095615387,0.46080321073532104,0.36704978346824646,0.5156300067901611,0.4444962441921234,-0.0009053185349330306,0.8283308744430542,0.48107197880744934,0.4387693405151367,0.42733532190322876,0.36384591460227966,0.5140687227249146,0.4422067701816559,0.006322020199149847,0.8232066631317139,0.4783574342727661,0.4379292130470276,0.4104148745536804,0.3567539155483246,0.5104461908340454,0.4414556920528412,0.013655637390911579,0.7844222187995911,0.38358861207962036,0.4950934052467346,0.10558497905731201,0.9994677901268005,0.3794347643852234,0.502609133720398,-0.10518403351306915,0.9996011853218079,0.3874254822731018,0.5850721001625061,0.05026891082525253,0.6136089563369751,0.38284164667129517,0.5918048024177551,-0.14798320829868317,0.9212098121643066,0.37796324491500854,0.6675854921340942,0.04394977167248726,0.7178071141242981,0.3718942105770111,0.6891206502914429,-0.15978628396987915,0.9322554469108582,0.3648880422115326,0.6769319176673889,0.03908338397741318,0.6767663955688477,0.35352107882499695,0.703406572341919,-0.1629437804222107,0.8446070551872253,0.41697996854782104,0.6906325817108154,-0.04542702063918114,0.8042020797729492,0.4202367067337036,0.7114847898483276,-0.24882365763187408,0.9343640804290771
147,0.5617965459823608,0.43585434556007385,-0.01792663149535656,0.9972949028015137,0.5732871890068054,0.4313820004463196,-0.025287479162216187,0.9971598386764526,0.57215815782547,0.4282819628715515,-0.02539040707051754,0.9967518448829651,0.5724409818649292,0.4277312755584717,-0.025489743798971176,0.996931254863739,0.5728145241737366,0.4308928847312927,-0.059781286865472794,0.9968386292457581,0.5728026628494263,0.4302580952644348,-0.059885673224925995,0.9964041113853455,0.5729923844337463,0.42975324392318726,-0.05985734611749649,0.9970229864120483,0.5635697841644287,0.4196396470069885,-0.029944106936454773,0.9938232898712158,0.5668060183525085,0.42242592573165894,-0.18511591851711273,0.9957244396209717,0.5450079441070557,0.43182796239852905,-0.008624525740742683,0.994114339351654,0.5473737716674805,0.4327312111854553,-0.054912857711315155,0.9962733387947083,0.46972301602363586,0.39865976572036743,0.054237958043813705,0.9986582398414612,0.5214225053787231,0.438594251871109,-0.23478694260120392,0.9993446469306946,0.38395819067955017,0.38874590396881104,0.29322168231010437,0.3551209568977356,0.4958839416503906,0.4570165276527405,-0.16343346238136292,0.9054796099662781,0.39877235889434814,0.40398508310317993,0.45425546169281006,0.36313748359680176,0.5206624269485474,0.43974804878234863,0.07068327069282532,0.8042756915092468,0.4014429450035095,0.4068279266357422,0.502488911151886,0.33345136046409607,0.5290812849998474,0.4373723566532135,0.07217449694871902,0.7700567841529846,0.4069906771183014,0.4154389500617981,0.4542987048625946,0.3307419419288635,0.5271480679512024,0.4348386824131012,0.07880019396543503,0.7653130292892456,0.40645527839660645,0.4140518605709076,0.4414040446281433,0.3251415491104126,0.522655725479126,0.4339454174041748,0.07936251908540726,0.729000449180603,0.3691234886646271,0.4957001209259033,0.10916511714458466,0.9994560480117798,0.3844667971134186,0.5080966949462891,-0.10883358865976334,0.9996061325073242,0.38595885038375854,0.5852774977684021,0.11043179035186768,0.5820654630661011,0.3888578712940216,0.5965428352355957,-0.0965636819601059,0.9214795827865601,0.3745230734348297,0.6652024984359741,0.15649627149105072,0.6862528920173645,0.3687534034252167,0.6895195245742798,-0.07519472390413284,0.9286525249481201,0.3611030578613281,0.6719512939453125,0.15917348861694336,0.6433178186416626,0.34862619638442993,0.705712080001831,-0.07307372242212296,0.8411545157432556,0.4132981300354004,0.68880295753479,0.11206385493278503,0.77243572473526,0.4151918590068817,0.712244987487793,-0.12227114289999008,0.9281278848648071
148,0.5754069685935974,0.4337159991264343,0.09938348829746246,0.9974525570869446,0.5759199857711792,0.4252775311470032,0.08969388902187347,0.9973706603050232,0.5785278677940369,0.4217380881309509,0.08961714804172516,0.9969936013221741,0.5778460502624512,0.42096662521362305,0.08957438170909882,0.9971704483032227,0.581498384475708,0.4277724325656891,0.055523473769426346,0.9970716238021851,0.5814396739006042,0.4273768365383148,0.055407628417015076,0.9966654181480408,0.5813239216804504,0.42703551054000854,0.05541563406586647,0.9972424507141113,0.5623831152915955,0.41233688592910767,0.06715687364339828,0.9943671822547913,0.5737342238426208,0.4199109673500061,-0.08709454536437988,0.9960752129554749,0.5591580867767334,0.42918509244918823,0.10089191049337387,0.9945651292800903,0.5649980902671814,0.43287038803100586,0.05487263947725296,0.9965385794639587,0.4786933362483978,0.40011414885520935,0.13652458786964417,0.9986311793327332,0.5295122861862183,0.4323391318321228,-0.1690274477005005,0.999373733997345,0.42915093898773193,0.3967750668525696,0.37375929951667786,0.32272881269454956,0.5092176198959351,0.44156426191329956,-0.11179812997579575,0.8932194709777832,0.4724273681640625,0.4094356894493103,0.5713092684745789,0.32832807302474976,0.5230056643486023,0.41947275400161743,0.10079128295183182,0.7615446448326111,0.4827097952365875,0.41017889976501465,0.6250656843185425,0.302092969417572,0.5293115973472595,0.414766401052475,0.10165004432201385,0.7294222116470337,0.4893077313899994,0.41879206895828247,0.5813539624214172,0.29976555705070496,0.5261389017105103,0.4133017063140869,0.10661230981349945,0.7249570488929749,0.48658061027526855,0.41874951124191284,0.5597156882286072,0.29527294635772705,0.5219323039054871,0.41380342841148376,0.10761614143848419,0.6899287104606628,0.370742529630661,0.4948129653930664,0.10847526043653488,0.9993594884872437,0.3914034068584442,0.5088439583778381,-0.10820895433425903,0.999589741230011,0.3862673342227936,0.5828714966773987,0.10124354064464569,0.5440781712532043,0.3943781852722168,0.5962152481079102,-0.10806701332330704,0.9132671356201172,0.3744830787181854,0.6695071458816528,0.1159222424030304,0.6513309478759766,0.3723030984401703,0.6892551183700562,-0.11876948922872543,0.9202178716659546,0.36166274547576904,0.6783879399299622,0.11524280160665512,0.6168291568756104,0.35263824462890625,0.7046006321907043,-0.11987675726413727,0.8372902274131775,0.41486096382141113,0.6856834888458252,0.06962329894304276,0.7379879951477051,0.4193974435329437,0.7108593583106995,-0.1718081831932068,0.9172078967094421
149,0.572410523891449,0.4263470768928528,0.1468777060508728,0.9976012706756592,0.5745491981506348,0.4193557798862457,0.12276630103588104,0.9975559115409851,0.5738646388053894,0.41845306754112244,0.12269182503223419,0.9972047209739685,0.5730221271514893,0.41735562682151794,0.12262769043445587,0.9973739385604858,0.5806414484977722,0.42272433638572693,0.10537230968475342,0.9972584843635559,0.5814027786254883,0.4230228066444397,0.10531802475452423,0.996864378452301,0.5820342898368835,0.4231566786766052,0.10535796731710434,0.9974006414413452,0.5599297285079956,0.4108836054801941,0.053099289536476135,0.9948411583900452,0.575772762298584,0.42116600275039673,-0.024298453703522682,0.9963237643241882,0.5598364472389221,0.4248577058315277,0.13403548300266266,0.9948126077651978,0.5602999925613403,0.4264437258243561,0.11043302714824677,0.9966705441474915,0.477432519197464,0.4020077586174011,0.10463330149650574,0.9985447525978088,0.5345708131790161,0.4386938214302063,-0.08412779867649078,0.9993306994438171,0.394435852766037,0.3695237338542938,0.36327651143074036,0.2971270680427551,0.4944480359554291,0.4406796097755432,0.018462061882019043,0.8358783721923828,0.46920204162597656,0.3879428505897522,0.6112493276596069,0.29974985122680664,0.5108288526535034,0.4079199433326721,0.2512901723384857,0.6972504258155823,0.49038246273994446,0.39061328768730164,0.6713730692863464,0.278394490480423,0.5184098482131958,0.4020576477050781,0.2686937153339386,0.671358048915863,0.4975554049015045,0.4031462073326111,0.6183493137359619,0.27675461769104004,0.5174798369407654,0.40123099088668823,0.2726461589336395,0.6672843098640442,0.4891982674598694,0.4020872712135315,0.597946047782898,0.27431291341781616,0.5124762058258057,0.4017295837402344,0.2588602304458618,0.635974109172821,0.36859041452407837,0.4939747452735901,0.08338401466608047,0.9993108510971069,0.39596831798553467,0.5103372931480408,-0.08336605131626129,0.9995848536491394,0.3748772442340851,0.5784339308738708,0.054444149136543274,0.5120587944984436,0.3976052701473236,0.5990424156188965,-0.0770903155207634,0.9025331139564514,0.3685090243816376,0.6701741218566895,0.0442441925406456,0.6268450021743774,0.37297216057777405,0.6919911503791809,-0.14144839346408844,0.9127395749092102,0.3555986285209656,0.6799907684326172,0.04404427856206894,0.5921190977096558,0.34801286458969116,0.7060080766677856,-0.14766308665275574,0.827944815158844,0.40390047430992126,0.6919212937355042,0.01494912151247263,0.7092880606651306,0.38847193121910095,0.7206507921218872,-0.1971714198589325,0.9039422273635864
150,0.5832874178886414,0.42151492834091187,0.2229946404695511,0.9977511167526245,0.5867477059364319,0.41582804918289185,0.19339732825756073,0.9977244138717651,0.5843944549560547,0.4125474989414215,0.19340330362319946,0.9973978996276855,0.5822421312332153,0.41067832708358765,0.19343537092208862,0.9975426197052002,0.5905068516731262,0.41990527510643005,0.17789489030838013,0.9974525570869446,0.5918123722076416,0.42119336128234863,0.17778603732585907,0.997093141078949,0.5936050415039062,0.4210936427116394,0.17779380083084106,0.9975779056549072,0.5691736340522766,0.40712958574295044,0.09516303986310959,0.9952669143676758,0.5845009684562683,0.4196707606315613,0.026091543957591057,0.9965953230857849,0.5656760931015015,0.4208696484565735,0.19829098880290985,0.995217502117157,0.5702690482139587,0.42637699842453003,0.17726540565490723,0.9969180822372437,0.4791698455810547,0.4003748297691345,0.10953773558139801,0.9986406564712524,0.5429725050926208,0.4374419152736664,-0.05697070062160492,0.9993882775306702,0.3826124370098114,0.37723445892333984,0.2865881323814392,0.3328112065792084,0.47247663140296936,0.45238932967185974,-0.10500872135162354,0.8107394576072693,0.4104936718940735,0.3611251711845398,0.46605050563812256,0.32082870602607727,0.4526905417442322,0.4254912734031677,-0.06153231859207153,0.6542752981185913,0.40633028745651245,0.35255539417266846,0.5066098570823669,0.3002387583255768,0.45072436332702637,0.41926640272140503,-0.07109567523002625,0.6298643350601196,0.4142986238002777,0.35552507638931274,0.48153162002563477,0.29806819558143616,0.44967570900917053,0.4179890751838684,-0.061381544917821884,0.625445544719696,0.4183467924594879,0.3600292503833771,0.46300745010375977,0.29295068979263306,0.4482487440109253,0.41933900117874146,-0.057358939200639725,0.5959661602973938,0.35850825905799866,0.49089425802230835,0.1042485162615776,0.9993082284927368,0.4051364064216614,0.5116035342216492,-0.10427094250917435,0.9996019005775452,0.3697018027305603,0.574410080909729,0.12966616451740265,0.47946786880493164,0.3986632823944092,0.5965356230735779,-0.06633161008358002,0.9034937620162964,0.36583346128463745,0.6533087491989136,0.21045565605163574,0.6039015054702759,0.3768923580646515,0.6883152723312378,-0.08871456235647202,0.9144173264503479,0.35391896963119507,0.6644042730331421,0.21715690195560455,0.5855692625045776,0.3560837507247925,0.7043853998184204,-0.09029906243085861,0.8374796509742737,0.3824846148490906,0.6746399402618408,0.19221101701259613,0.6810700297355652,0.42264536023139954,0.7037304639816284,-0.1451653242111206,0.9005143046379089
151,0.584526777267456,0.42246896028518677,0.24507388472557068,0.9979215860366821,0.5881320834159851,0.4158482551574707,0.2171085923910141,0.9979010224342346,0.5855363011360168,0.41340726613998413,0.21711097657680511,0.9975998997688293,0.5838339328765869,0.4114631712436676,0.21714498102664948,0.997725248336792,0.5921483039855957,0.4199567437171936,0.2005033940076828,0.997651994228363,0.5939613580703735,0.4212551712989807,0.20037510991096497,0.9973241090774536,0.5950701236724854,0.4219813942909241,0.20040656626224518,0.9977623224258423,0.5725598931312561,0.40698400139808655,0.119134321808815,0.9956722855567932,0.587159276008606,0.41981953382492065,0.04492834582924843,0.9968639612197876,0.5693292021751404,0.4211548864841461,0.22009128332138062,0.9956201910972595,0.5745588541030884,0.42690610885620117,0.19769391417503357,0.9971761703491211,0.4828249514102936,0.3998364210128784,0.12706740200519562,0.9987522959709167,0.5469231009483337,0.435778945684433,-0.04377451539039612,0.9994446039199829,0.39660054445266724,0.37442195415496826,0.2975447177886963,0.3659985661506653,0.4615325927734375,0.44150298833847046,-0.09031931310892105,0.7950274348258972,0.4006907045841217,0.35655301809310913,0.4519864022731781,0.34871870279312134,0.43738552927970886,0.41179412603378296,-0.05228273570537567,0.6259206533432007,0.4018319845199585,0.3472481369972229,0.48682767152786255,0.33009806275367737,0.43415579199790955,0.40506529808044434,-0.06436282396316528,0.6017099022865295,0.4081330895423889,0.3494957685470581,0.45857587456703186,0.327288955450058,0.4343782663345337,0.4043514132499695,-0.055130183696746826,0.5967838764190674,0.4091005027294159,0.3523019552230835,0.44704991579055786,0.3191535770893097,0.43322640657424927,0.40572768449783325,-0.04838846996426582,0.568490743637085,0.3641964793205261,0.487398236989975,0.1087016761302948,0.9993383884429932,0.40687277913093567,0.5089355111122131,-0.10870783776044846,0.9996289610862732,0.36905643343925476,0.5779786705970764,0.13064518570899963,0.4511079490184784,0.4130898714065552,0.5984160900115967,-0.09022901207208633,0.9061582684516907,0.359513521194458,0.6538848876953125,0.21401681005954742,0.5867573022842407,0.3690694272518158,0.6896997094154358,-0.11342384666204453,0.9173051118850708,0.34736165404319763,0.6665357947349548,0.22076693177223206,0.580713152885437,0.35631632804870605,0.7066860795021057,-0.11553636938333511,0.8467338681221008,0.39070940017700195,0.6746668815612793,0.19468653202056885,0.659564733505249,0.4216161370277405,0.7085384130477905,-0.1742137372493744,0.9001421332359314
152,0.5763034224510193,0.41745680570602417,0.22272846102714539,0.9980188012123108,0.5813483595848083,0.40991654992103577,0.19792026281356812,0.9980137944221497,0.5789528489112854,0.4074264168739319,0.19796344637870789,0.9977270364761353,0.5773493051528931,0.40551429986953735,0.19801530241966248,0.9978362321853638,0.5852634310722351,0.41413116455078125,0.18332400918006897,0.9977744817733765,0.5861092209815979,0.4148781895637512,0.18318217992782593,0.9974663257598877,0.5869393944740295,0.41556525230407715,0.18320024013519287,0.9978733658790588,0.5665422677993774,0.40138721466064453,0.1123683825135231,0.9959645867347717,0.579432487487793,0.41351914405822754,0.0466938279569149,0.9970415830612183,0.562168300151825,0.4151497781276703,0.2012539952993393,0.9958943128585815,0.5675615072250366,0.4203539788722992,0.18153105676174164,0.9973353147506714,0.4806134104728699,0.4016040861606598,0.11403109133243561,0.998838484287262,0.5423732399940491,0.43258076906204224,-0.026655355468392372,0.999492347240448,0.39796847105026245,0.3782773017883301,0.22247998416423798,0.40604889392852783,0.4594845771789551,0.430852472782135,-0.0431816428899765,0.7764933109283447,0.40594482421875,0.3546141982078552,0.32520708441734314,0.38207244873046875,0.42071783542633057,0.37634560465812683,0.026985978707671165,0.5981248021125793,0.40128982067108154,0.3423408269882202,0.34785160422325134,0.3632109761238098,0.41584348678588867,0.3657720685005188,0.02171003818511963,0.5731620788574219,0.4065133333206177,0.3434194028377533,0.3259609639644623,0.3598395884037018,0.40978652238845825,0.37342703342437744,0.027457701042294502,0.5681915879249573,0.4085158109664917,0.3496841788291931,0.32009047269821167,0.34875935316085815,0.4147499203681946,0.3691980242729187,0.029795709997415543,0.542672872543335,0.36112213134765625,0.4943041205406189,0.0975329577922821,0.9993581175804138,0.4063470959663391,0.5115504860877991,-0.09760718792676926,0.9996500015258789,0.3623359203338623,0.5811129808425903,0.10244986414909363,0.43038350343704224,0.3997955322265625,0.5969141125679016,-0.07216525077819824,0.9082360863685608,0.35952460765838623,0.6543818712234497,0.18604698777198792,0.5779464840888977,0.37056511640548706,0.6930965781211853,-0.07858450710773468,0.9197673201560974,0.3375023901462555,0.6657687425613403,0.1922978013753891,0.5853679180145264,0.3527070879936218,0.7098932862281799,-0.080332450568676,0.8560817837715149,0.37007012963294983,0.6757611036300659,0.16134171187877655,0.6461811065673828,0.42289844155311584,0.7092881202697754,-0.1433129906654358,0.89872145652771
153,0.5822381973266602,0.4154874384403229,0.2485814392566681,0.9981247186660767,0.5841991305351257,0.4077829420566559,0.21955980360507965,0.9981276988983154,0.5823610424995422,0.4060209393501282,0.21957318484783173,0.9978594779968262,0.580469012260437,0.40422147512435913,0.21959351003170013,0.9979507327079773,0.5894118547439575,0.41228318214416504,0.20948316156864166,0.9978914856910706,0.5905386805534363,0.4132409989833832,0.20935757458209991,0.9976032376289368,0.5926517844200134,0.41450315713882446,0.2093820720911026,0.9979731440544128,0.5680954456329346,0.39990735054016113,0.11555758863687515,0.9962499737739563,0.5852857828140259,0.4127724766731262,0.06933102756738663,0.9971965551376343,0.5667992234230042,0.4147890508174896,0.22070160508155823,0.9961589574813843,0.5718002915382385,0.41969481110572815,0.20672547817230225,0.9974985718727112,0.47714734077453613,0.4013039469718933,0.10360869020223618,0.9989230036735535,0.5494861006736755,0.4313281178474426,0.0018899468705058098,0.9995335340499878,0.3829459846019745,0.3874395489692688,0.1926983892917633,0.4502326548099518,0.4648057818412781,0.43670836091041565,0.015111743472516537,0.7452808618545532,0.40465301275253296,0.3523902893066406,0.27177125215530396,0.422467976808548,0.4337921440601349,0.38897716999053955,0.11065782606601715,0.5640086531639099,0.39994361996650696,0.33984652161598206,0.29220446944236755,0.4038488566875458,0.43122389912605286,0.37687867879867554,0.10961107909679413,0.5404859781265259,0.4044465720653534,0.34095263481140137,0.270358145236969,0.39995279908180237,0.42694956064224243,0.3741973638534546,0.11558566987514496,0.5354651808738708,0.40754571557044983,0.3456759452819824,0.2670534551143646,0.38624393939971924,0.4248802065849304,0.3657877445220947,0.11458683013916016,0.512488603591919,0.362966924905777,0.49239426851272583,0.09101151674985886,0.9993495345115662,0.4096338152885437,0.5116750597953796,-0.09110169857740402,0.9996577501296997,0.3549109399318695,0.5755680203437805,0.11712087690830231,0.41501471400260925,0.3986835777759552,0.5952551364898682,-0.08613741397857666,0.9127565622329712,0.35311758518218994,0.652353823184967,0.22558456659317017,0.5697375535964966,0.373104065656662,0.6884952783584595,-0.10030554980039597,0.9233627319335938,0.333021879196167,0.6603962779045105,0.23605191707611084,0.5881627202033997,0.3547276258468628,0.7062134742736816,-0.10213394463062286,0.8652645349502563,0.3576655387878418,0.6730772256851196,0.21464474499225616,0.629421055316925,0.4239215850830078,0.7085905075073242,-0.1641201376914978,0.898400604724884
154,0.5754741430282593,0.41483932733535767,0.3014789819717407,0.9980872273445129,0.5789068937301636,0.40714389085769653,0.27563798427581787,0.9981116056442261,0.5771616697311401,0.40543025732040405,0.27565374970436096,0.9978592395782471,0.5740922689437866,0.40287575125694275,0.27567556500434875,0.9979361891746521,0.5838973522186279,0.410846471786499,0.27086684107780457,0.9978049397468567,0.5851477980613708,0.41139715909957886,0.27073416113853455,0.9975115656852722,0.5862945318222046,0.4118209481239319,0.2707655727863312,0.9978655576705933,0.5639996528625488,0.3988627791404724,0.1791585087776184,0.9962918758392334,0.5801763534545898,0.40968307852745056,0.15600338578224182,0.9970643520355225,0.5590341091156006,0.4138842225074768,0.27414870262145996,0.9960922002792358,0.5662761330604553,0.4168522357940674,0.26722458004951477,0.9974159598350525,0.47899624705314636,0.40226060152053833,0.14536763727664948,0.9989966154098511,0.5431849956512451,0.42837458848953247,0.09185054898262024,0.9995543956756592,0.3794765770435333,0.38630589842796326,0.20420756936073303,0.4951305091381073,0.4545767605304718,0.43560686707496643,0.12976889312267303,0.6985763907432556,0.40590307116508484,0.35187822580337524,0.27576112747192383,0.4638846516609192,0.42423832416534424,0.3807162642478943,0.2543846666812897,0.5265915989875793,0.4032112658023834,0.3402211666107178,0.29225262999534607,0.4451181888580322,0.4225834012031555,0.3668801188468933,0.2595973312854767,0.5060395002365112,0.4086829721927643,0.3417803943157196,0.2719029188156128,0.44080978631973267,0.418232798576355,0.3633589446544647,0.2636912763118744,0.5012770295143127,0.4077167212963104,0.3471173644065857,0.27114126086235046,0.42484837770462036,0.415243923664093,0.35700762271881104,0.2575719654560089,0.4811205565929413,0.35976919531822205,0.4925256669521332,0.06362903863191605,0.9993376135826111,0.4112553894519806,0.5113738179206848,-0.0639241561293602,0.999647855758667,0.35521504282951355,0.5751945376396179,0.04539560154080391,0.4126289188861847,0.4010820984840393,0.5931835174560547,-0.05952228605747223,0.9118059873580933,0.3564554750919342,0.6573731899261475,0.07818290591239929,0.5759559869766235,0.3787895143032074,0.6917603611946106,-0.10043753683567047,0.9238063097000122,0.3349953889846802,0.6711851358413696,0.0811527892947197,0.6020230054855347,0.35688942670822144,0.707231342792511,-0.10728535056114197,0.8718463778495789,0.354915052652359,0.6783324480056763,0.040645308792591095,0.6230376958847046,0.41994205117225647,0.7076685428619385,-0.17656412720680237,0.8922120332717896
155,0.5771811008453369,0.412797749042511,0.28533095121383667,0.9982287883758545,0.581127941608429,0.40670180320739746,0.25632375478744507,0.9982571601867676,0.5793859958648682,0.4049624800682068,0.2562992572784424,0.9980270862579346,0.5766659379005432,0.40268269181251526,0.2563122510910034,0.9980950951576233,0.5861935615539551,0.41087037324905396,0.24904245138168335,0.9979681372642517,0.5874912738800049,0.41173356771469116,0.24892324209213257,0.997697651386261,0.5888704657554626,0.41244179010391235,0.2489648461341858,0.9980183243751526,0.5662850141525269,0.3985527455806732,0.15198728442192078,0.9966028928756714,0.5826846361160278,0.410499632358551,0.11813481897115707,0.9972808361053467,0.5633701086044312,0.41001835465431213,0.2564588189125061,0.9963913559913635,0.5702844858169556,0.4152442514896393,0.2462274730205536,0.9976096153259277,0.47644925117492676,0.3977414667606354,0.12920436263084412,0.999079167842865,0.5451024174690247,0.4296237826347351,0.05225292220711708,0.9995848536491394,0.3745039105415344,0.38735833764076233,0.23031294345855713,0.5370544195175171,0.4596725106239319,0.4524974226951599,0.10141279548406601,0.6639040112495422,0.4027518928050995,0.34653106331825256,0.33349308371543884,0.501528799533844,0.44222742319107056,0.41112416982650757,0.24636611342430115,0.4930865466594696,0.40332114696502686,0.33604884147644043,0.35915806889533997,0.48235470056533813,0.4433888792991638,0.4018515944480896,0.2553882300853729,0.4750727713108063,0.40824607014656067,0.3371752202510834,0.33658111095428467,0.47772523760795593,0.44010913372039795,0.3981286585330963,0.26205769181251526,0.47026997804641724,0.40710189938545227,0.342497855424881,0.32980799674987793,0.45985305309295654,0.43817341327667236,0.40009602904319763,0.25243425369262695,0.45187288522720337,0.35954830050468445,0.4919249415397644,0.07258198410272598,0.999347448348999,0.41120660305023193,0.5115103125572205,-0.07279404997825623,0.9996534585952759,0.35578101873397827,0.5752764940261841,0.06534235924482346,0.4121991693973541,0.40271908044815063,0.5923041701316833,-0.07442645728588104,0.9145084023475647,0.35895898938179016,0.660094678401947,0.12283030897378922,0.5802260041236877,0.3712915778160095,0.6847038269042969,-0.11182204633951187,0.9262502193450928,0.3487745523452759,0.6656822562217712,0.12921567261219025,0.6101152300834656,0.3549765348434448,0.7029968500137329,-0.11684547364711761,0.878330647945404,0.36204665899276733,0.6753765344619751,0.0960160493850708,0.6179811358451843,0.4183189868927002,0.7041882276535034,-0.18303494155406952,0.8912895917892456
156,0.576659083366394,0.4118400514125824,0.285548597574234,0.9983177781105042,0.578926682472229,0.4050445556640625,0.2570217251777649,0.9983515739440918,0.5773144960403442,0.40339455008506775,0.25703197717666626,0.9981374144554138,0.5757663249969482,0.40176495909690857,0.25706690549850464,0.9981988072395325,0.5837497711181641,0.4089438319206238,0.2494807094335556,0.9980656504631042,0.5850396752357483,0.40971773862838745,0.24934059381484985,0.9978067874908447,0.5864270329475403,0.4102948307991028,0.24938181042671204,0.9981042742729187,0.5652809143066406,0.3976583182811737,0.1528616100549698,0.9968265295028687,0.5805382132530212,0.40812158584594727,0.11714400351047516,0.9974031448364258,0.5601884126663208,0.41014498472213745,0.256939172744751,0.9965905547142029,0.5670002102851868,0.41508394479751587,0.2461564987897873,0.997724711894989,0.47522303462028503,0.3969029188156128,0.12741975486278534,0.9991467595100403,0.5451213121414185,0.4254396855831146,0.05608556047081947,0.9996137022972107,0.3784326910972595,0.3805724084377289,0.20867820084095,0.571603536605835,0.46178245544433594,0.4370153844356537,0.10417548567056656,0.6330465078353882,0.40747061371803284,0.3477586507797241,0.2900227904319763,0.5322444438934326,0.43884530663490295,0.38303041458129883,0.24076953530311584,0.46366360783576965,0.4035494923591614,0.3347766101360321,0.3111819922924042,0.5131365656852722,0.4394565224647522,0.36993253231048584,0.24762199819087982,0.4475768208503723,0.4075818657875061,0.33629941940307617,0.28963616490364075,0.5081738233566284,0.4344121217727661,0.36588621139526367,0.25419506430625916,0.44290658831596375,0.40756669640541077,0.3420478105545044,0.2857168912887573,0.4885002672672272,0.4323289692401886,0.3693658709526062,0.24613173305988312,0.42665475606918335,0.36325833201408386,0.491403192281723,0.07706359773874283,0.9993430972099304,0.4132395088672638,0.5117384791374207,-0.0772399976849556,0.9996558427810669,0.3629491925239563,0.5793717503547668,0.05868829786777496,0.40145495533943176,0.39806878566741943,0.5967051982879639,-0.09109356254339218,0.9150954484939575,0.36164113879203796,0.6629596948623657,0.10017036646604538,0.5778197050094604,0.3725302815437317,0.6869567632675171,-0.13191035389900208,0.9262641072273254,0.3531661927700043,0.6717468500137329,0.10401229560375214,0.6128941178321838,0.35473984479904175,0.7056322693824768,-0.13732147216796875,0.8826915621757507,0.3754332959651947,0.6797091364860535,0.06585530936717987,0.6096082329750061,0.42179757356643677,0.7060179114341736,-0.20436979830265045,0.8874043226242065
157,0.5654944777488708,0.4080910086631775,0.3003481924533844,0.9982308745384216,0.5667373538017273,0.4000004827976227,0.2682487368583679,0.9983231425285339,0.5648088455200195,0.3983379900455475,0.26820749044418335,0.9981197118759155,0.5627713203430176,0.3965924084186554,0.2682056427001953,0.9981734156608582,0.5738360285758972,0.40477341413497925,0.26957669854164124,0.9979836940765381,0.5750793814659119,0.40564602613449097,0.26944318413734436,0.9977071285247803,0.5784081816673279,0.40729326009750366,0.26947882771492004,0.9979917407035828,0.5523398518562317,0.3927652835845947,0.15574921667575836,0.9969146847724915,0.5718584656715393,0.4052264094352722,0.1594325602054596,0.9972659349441528,0.5518416166305542,0.4057297706604004,0.26841655373573303,0.9963364601135254,0.5603829026222229,0.4113464951515198,0.26920178532600403,0.997492253780365,0.46268945932388306,0.3997645378112793,0.11000093072652817,0.9991558790206909,0.543780505657196,0.4290468096733093,0.1159539446234703,0.9995986819267273,0.3671773374080658,0.3843247592449188,0.18824400007724762,0.6059984564781189,0.5036869645118713,0.44548559188842773,0.24529525637626648,0.5974262356758118,0.4053223133087158,0.34718525409698486,0.29926955699920654,0.5580673217773438,0.5019815564155579,0.38821277022361755,0.4490669369697571,0.4332374036312103,0.4010066092014313,0.3335820734500885,0.32147568464279175,0.5382803082466125,0.5090788006782532,0.37522566318511963,0.46938180923461914,0.42054831981658936,0.404413104057312,0.3369019031524658,0.2982049286365509,0.5328933596611023,0.5009375214576721,0.37001317739486694,0.4693055748939514,0.4161284565925598,0.40761202573776245,0.3425288796424866,0.2956083416938782,0.5117926001548767,0.4962230324745178,0.3735511898994446,0.45361819863319397,0.40204545855522156,0.35921505093574524,0.49647682905197144,0.043654195964336395,0.9992924332618713,0.4138982892036438,0.5145092606544495,-0.04401096701622009,0.9996382594108582,0.3586816191673279,0.5802872180938721,0.054374855011701584,0.39807382225990295,0.40113258361816406,0.5949796438217163,-0.05898221954703331,0.9088670611381531,0.3647572100162506,0.6641685962677002,0.08816272020339966,0.576410174369812,0.37485364079475403,0.6846289038658142,-0.11574780941009521,0.9224834442138672,0.3539271950721741,0.6778302788734436,0.09369569271802902,0.617584228515625,0.35840123891830444,0.703453004360199,-0.12210037559270859,0.8846679925918579,0.37021997570991516,0.6825268268585205,0.06350052356719971,0.6004807949066162,0.4190504848957062,0.6993231177330017,-0.18772409856319427,0.8778994083404541
158,0.5707774758338928,0.40942248702049255,0.2954050302505493,0.9983181357383728,0.5741220712661743,0.4035190939903259,0.26488450169563293,0.9984161853790283,0.5725031495094299,0.4018186628818512,0.2648691236972809,0.9982262849807739,0.5700063705444336,0.39968305826187134,0.2649034261703491,0.9982767701148987,0.5785732269287109,0.40741339325904846,0.2594202756881714,0.9980911612510681,0.579780101776123,0.408263623714447,0.2592780590057373,0.9978269934654236,0.5810734629631042,0.408954918384552,0.25929996371269226,0.9980939626693726,0.5599217414855957,0.3956608772277832,0.157753586769104,0.9971228837966919,0.5754785537719727,0.40717142820358276,0.13194192945957184,0.9974161982536316,0.558319628238678,0.406929075717926,0.2659566104412079,0.9965259432792664,0.5646792650222778,0.4118003249168396,0.2579701840877533,0.9976144433021545,0.4670730233192444,0.3949350416660309,0.12951548397541046,0.9992138743400574,0.5448287129402161,0.42827996611595154,0.07485274225473404,0.9996253848075867,0.3706827759742737,0.3842180371284485,0.22820940613746643,0.6361860632896423,0.4728507697582245,0.44689661264419556,0.1727723628282547,0.5740270018577576,0.40464353561401367,0.34877967834472656,0.34242045879364014,0.5816706418991089,0.4468298554420471,0.4073662757873535,0.3616061210632324,0.40820151567459106,0.4001206159591675,0.3360007405281067,0.3702470064163208,0.5608083605766296,0.44765064120292664,0.3974180817604065,0.3782443702220917,0.3969331979751587,0.4063326120376587,0.3378097712993622,0.3463459312915802,0.5552101731300354,0.44196727871894836,0.3934520184993744,0.3819948732852936,0.39257746934890747,0.4080521762371063,0.34218958020210266,0.33847561478614807,0.5326893925666809,0.44018012285232544,0.3958272635936737,0.3676585853099823,0.37990468740463257,0.3601423501968384,0.49514323472976685,0.06589923053979874,0.9992913007736206,0.4145512580871582,0.5141599178314209,-0.06614518910646439,0.9996428489685059,0.36355558037757874,0.5779734253883362,0.06340555846691132,0.39051568508148193,0.40084108710289,0.5969709753990173,-0.06564748287200928,0.9062896370887756,0.36130475997924805,0.6672306060791016,0.0888381078839302,0.5738946199417114,0.3705165386199951,0.6876451969146729,-0.11820093542337418,0.9203083515167236,0.3526301681995392,0.6765203475952148,0.0920155867934227,0.6200419664382935,0.35693642497062683,0.7030248045921326,-0.12451187521219254,0.8867247104644775,0.37285807728767395,0.6826878786087036,0.05589217692613602,0.5941771268844604,0.4147995114326477,0.7044399380683899,-0.18812793493270874,0.8723564147949219
159,0.5665559768676758,0.40633273124694824,0.29802313446998596,0.9984551072120667,0.5703567266464233,0.40068429708480835,0.2651638090610504,0.9985501766204834,0.5680917501449585,0.3991142809391022,0.26513466238975525,0.9983777403831482,0.5664036273956299,0.3977273404598236,0.26516690850257874,0.9984237551689148,0.5748627185821533,0.4035230278968811,0.26150718331336975,0.9982487559318542,0.5761507153511047,0.4041465222835541,0.26140281558036804,0.9980040192604065,0.5776015520095825,0.4047181010246277,0.26146382093429565,0.9982455372810364,0.5567715167999268,0.3937087655067444,0.1519886553287506,0.997382402420044,0.5719950199127197,0.40420541167259216,0.1341080665588379,0.9976271390914917,0.551745593547821,0.4064164161682129,0.2668584883213043,0.9968085289001465,0.5582817792892456,0.4109048843383789,0.26120525598526,0.9978033304214478,0.46692898869514465,0.3940882086753845,0.12457894533872604,0.9992746710777283,0.5463950037956238,0.4280569553375244,0.08032994717359543,0.9996497631072998,0.3621409237384796,0.3878398537635803,0.20499810576438904,0.6679353713989258,0.48076802492141724,0.45426812767982483,0.20714078843593597,0.5588064789772034,0.4010453224182129,0.35031190514564514,0.29297253489494324,0.6106501221656799,0.49400147795677185,0.4144043028354645,0.4284895956516266,0.38786977529525757,0.40241047739982605,0.3378935158252716,0.32001441717147827,0.5889543294906616,0.5026825666427612,0.4048216938972473,0.4492277503013611,0.37791118025779724,0.4071957468986511,0.3383461833000183,0.2953912019729614,0.5832836031913757,0.4966244697570801,0.3991275429725647,0.45672255754470825,0.37344056367874146,0.4083438813686371,0.3426504135131836,0.28885596990585327,0.5599632859230042,0.49192535877227783,0.40118926763534546,0.43752914667129517,0.361627995967865,0.3631061017513275,0.49344730377197266,0.06632986664772034,0.9992778897285461,0.41615915298461914,0.5158568620681763,-0.06657963246107101,0.9996463060379028,0.364335834980011,0.5785073637962341,0.07732592523097992,0.3861781656742096,0.4021143317222595,0.598601758480072,-0.0962359607219696,0.9081181287765503,0.36278867721557617,0.663830041885376,0.13423775136470795,0.5704989433288574,0.37149742245674133,0.6909021735191345,-0.15975899994373322,0.9220234751701355,0.35910433530807495,0.6703946590423584,0.14182977378368378,0.6220232844352722,0.3551250696182251,0.7086424231529236,-0.16654665768146515,0.8909528851509094,0.3774870038032532,0.6817553043365479,0.11562372744083405,0.5866817235946655,0.418580025434494,0.7081028819084167,-0.23496970534324646,0.872094452381134
160,0.5653789043426514,0.40934091806411743,0.2534981369972229,0.9985821843147278,0.5692744255065918,0.4023670554161072,0.22133882343769073,0.9986754655838013,0.5676646828651428,0.40073370933532715,0.22128571569919586,0.9985190033912659,0.5647606253623962,0.39843952655792236,0.2212960124015808,0.9985620379447937,0.5737838745117188,0.40593695640563965,0.21230222284793854,0.9983983039855957,0.5748965740203857,0.4066358208656311,0.2121896892786026,0.9981721043586731,0.5760563015937805,0.4072237014770508,0.21224580705165863,0.9983916878700256,0.5542335510253906,0.3932511806488037,0.11651527881622314,0.9976239204406738,0.5710442066192627,0.4050142765045166,0.07404867559671402,0.9978309869766235,0.5523911714553833,0.407606303691864,0.22633084654808044,0.997077226638794,0.5593694448471069,0.4124961793422699,0.2133149951696396,0.997981607913971,0.46485570073127747,0.39294183254241943,0.10326078534126282,0.999331533908844,0.5446456670761108,0.4277036190032959,0.028142573311924934,0.9996767640113831,0.3611167371273041,0.388659805059433,0.2038077414035797,0.6950950026512146,0.4925045967102051,0.4485785961151123,0.17588581144809723,0.556573212146759,0.40020307898521423,0.3510662615299225,0.2938842177391052,0.6349479556083679,0.515423059463501,0.406594455242157,0.41972893476486206,0.37674659490585327,0.40129491686820984,0.33912554383277893,0.32307228446006775,0.612723708152771,0.5266646146774292,0.3963404893875122,0.44134920835494995,0.36726686358451843,0.406491219997406,0.3394046425819397,0.2962438464164734,0.6071823239326477,0.5206603407859802,0.3902886211872101,0.44997137784957886,0.3626484274864197,0.4077437222003937,0.3434583246707916,0.28869712352752686,0.5833401083946228,0.5148205757141113,0.39282095432281494,0.43055394291877747,0.350867360830307,0.3624017536640167,0.4945858120918274,0.07812529057264328,0.9992918372154236,0.4154145121574402,0.5161382555961609,-0.07827933877706528,0.9996622204780579,0.36822783946990967,0.5794500112533569,0.11859885603189468,0.3801562488079071,0.39917948842048645,0.6020918488502502,-0.09324394911527634,0.9108894467353821,0.3671357333660126,0.6624253392219543,0.2145339995622635,0.5672097206115723,0.3742043077945709,0.690421462059021,-0.11195401102304459,0.9240918159484863,0.3626108467578888,0.6711435317993164,0.2262497842311859,0.6212320327758789,0.35803717374801636,0.7078571319580078,-0.11307505518198013,0.8944463133811951,0.38486528396606445,0.6847438812255859,0.20486687123775482,0.5846518874168396,0.4189832806587219,0.7112112045288086,-0.17844827473163605,0.8745244145393372
161,0.5638861656188965,0.4080067574977875,0.2300664633512497,0.9987108707427979,0.5676369667053223,0.40097540616989136,0.19845040142536163,0.9987998604774475,0.565900444984436,0.39943304657936096,0.1983751356601715,0.998658299446106,0.5639904737472534,0.3977888226509094,0.19837172329425812,0.9986977577209473,0.5723114013671875,0.4044985771179199,0.18562684953212738,0.9985483884811401,0.573615312576294,0.4053323268890381,0.18550735712051392,0.9983423948287964,0.5749527215957642,0.40607959032058716,0.18555353581905365,0.9985408186912537,0.5519605278968811,0.3924683928489685,0.0984012708067894,0.9978539943695068,0.5692145228385925,0.40421146154403687,0.03909851610660553,0.9980348348617554,0.551193118095398,0.40685874223709106,0.20513378083705902,0.9973453879356384,0.5580002069473267,0.4116235375404358,0.18715643882751465,0.9981632232666016,0.4573759436607361,0.39405661821365356,0.10655279457569122,0.999381959438324,0.5441628694534302,0.42734986543655396,-0.013062838464975357,0.9997031688690186,0.35799741744995117,0.38926127552986145,0.2615966498851776,0.7126091718673706,0.4934667944908142,0.44777411222457886,0.1408468782901764,0.5591371059417725,0.4021686911582947,0.3543242812156677,0.3880474865436554,0.6458200216293335,0.5205287933349609,0.4042288661003113,0.39915597438812256,0.36626148223876953,0.40346941351890564,0.34329667687416077,0.428059458732605,0.6246188879013062,0.5359665155410767,0.3914334177970886,0.42265620827674866,0.35750049352645874,0.4082755148410797,0.34376823902130127,0.3927137553691864,0.6194388270378113,0.5363651514053345,0.3916425406932831,0.4319687783718109,0.3526163101196289,0.40960583090782166,0.34788012504577637,0.38070234656333923,0.5953059196472168,0.5243465900421143,0.38881587982177734,0.4111312925815582,0.34110331535339355,0.3616986572742462,0.4959048628807068,0.09223523736000061,0.9993100166320801,0.4146430492401123,0.5160545110702515,-0.09230191260576248,0.9996823072433472,0.36631524562835693,0.5752887725830078,0.15342766046524048,0.37079963088035583,0.4030342400074005,0.5990394949913025,-0.09562535583972931,0.915443480014801,0.3630213737487793,0.6562913060188293,0.2597203850746155,0.5616611838340759,0.3732716739177704,0.6890844106674194,-0.11389371007680893,0.9274563789367676,0.360212504863739,0.6627892255783081,0.27318984270095825,0.6198967695236206,0.35207778215408325,0.7059013843536377,-0.11362188309431076,0.8991730213165283,0.38832342624664307,0.6784408092498779,0.26373928785324097,0.5823874473571777,0.4123222231864929,0.7097148895263672,-0.17064432799816132,0.8791580200195312
162,0.5672714710235596,0.4047757089138031,0.2275400012731552,0.9988229274749756,0.5682849884033203,0.3996036648750305,0.1937730312347412,0.998908519744873,0.5675291419029236,0.39695537090301514,0.19370967149734497,0.998779833316803,0.5656951069831848,0.3953520953655243,0.19369560480117798,0.9988161325454712,0.573447048664093,0.40375274419784546,0.1861901879310608,0.998678982257843,0.5748668313026428,0.40485915541648865,0.1860855668783188,0.998490571975708,0.5772784948348999,0.4063268303871155,0.18614377081394196,0.9986691474914551,0.5550416707992554,0.3923394978046417,0.08719179779291153,0.9980578422546387,0.5707530975341797,0.40422528982162476,0.0513225756585598,0.9982095956802368,0.552480161190033,0.40472230315208435,0.20022664964199066,0.997577965259552,0.5583677291870117,0.4101094603538513,0.18916989862918854,0.9983202219009399,0.4583878517150879,0.3900202214717865,0.08514543622732162,0.9994262456893921,0.5451043844223022,0.4272366464138031,0.009764417074620724,0.9997221827507019,0.3522608280181885,0.37023162841796875,0.2275170385837555,0.7317746877670288,0.5052367448806763,0.45363301038742065,0.14780718088150024,0.5505650043487549,0.3991803824901581,0.35385483503341675,0.3551616966724396,0.6610472798347473,0.5198087096214294,0.4028860926628113,0.3764062523841858,0.3519132733345032,0.40094760060310364,0.3426884710788727,0.3907076120376587,0.6404812335968018,0.5311825275421143,0.39199578762054443,0.39738622307777405,0.3452857434749603,0.4058551788330078,0.3427084982395172,0.35900166630744934,0.635343074798584,0.5349308252334595,0.39053666591644287,0.4040513038635254,0.34033825993537903,0.4070929288864136,0.34651535749435425,0.3497830629348755,0.6107966899871826,0.5208301544189453,0.3874785304069519,0.3859172463417053,0.3294941186904907,0.3640650510787964,0.49446552991867065,0.07850690186023712,0.9993266463279724,0.4200029671192169,0.5150408744812012,-0.07864921540021896,0.9996967911720276,0.36738458275794983,0.5787765979766846,0.13713328540325165,0.36842888593673706,0.42317694425582886,0.5999711751937866,-0.0861632451415062,0.919325053691864,0.3634894788265228,0.657738208770752,0.24410517513751984,0.5603625178337097,0.37610116600990295,0.6891191005706787,-0.11241401731967926,0.9304753541946411,0.36264437437057495,0.6661959886550903,0.2577837109565735,0.620862603187561,0.35851746797561646,0.7016467452049255,-0.11360647529363632,0.9032418727874756,0.3848874270915985,0.6828339695930481,0.24260134994983673,0.5806944370269775,0.41673773527145386,0.7091969847679138,-0.17518404126167297,0.8827368021011353
163,0.5691109895706177,0.40416449308395386,0.1909549981355667,0.9989252686500549,0.568706750869751,0.39944061636924744,0.15870629251003265,0.9990081191062927,0.5684287548065186,0.39616379141807556,0.15863588452339172,0.9988911747932434,0.566356897354126,0.39459800720214844,0.15861091017723083,0.9989243745803833,0.5743981599807739,0.4032283425331116,0.1473434418439865,0.9987993836402893,0.5757334232330322,0.4041043221950531,0.14722435176372528,0.9986271858215332,0.5769777894020081,0.40485793352127075,0.14726315438747406,0.998788058757782,0.5511607527732849,0.38990578055381775,0.06150463968515396,0.9982433319091797,0.5712007284164429,0.4029664397239685,0.008230519481003284,0.9983724355697632,0.5535617470741272,0.4047425389289856,0.16756275296211243,0.9977926015853882,0.5594861507415771,0.4091286063194275,0.15141238272190094,0.9984669089317322,0.45477136969566345,0.3923940062522888,0.07493589073419571,0.9994663596153259,0.5448062419891357,0.42496100068092346,-0.03053690679371357,0.9997439384460449,0.3597038984298706,0.38813692331314087,0.23933246731758118,0.7443752288818359,0.507165789604187,0.4531436860561371,0.11992092430591583,0.5545162558555603,0.3999674916267395,0.3538029193878174,0.38008642196655273,0.6693241000175476,0.5272736549377441,0.40088337659835815,0.3584153950214386,0.346646249294281,0.4018078148365021,0.3433300852775574,0.4186195731163025,0.6499603986740112,0.539759635925293,0.3896131217479706,0.3785625994205475,0.3412323296070099,0.40663397312164307,0.3441036641597748,0.3843754231929779,0.6450051069259644,0.5440483093261719,0.38602161407470703,0.3846145570278168,0.3361935615539551,0.40630748867988586,0.3490362763404846,0.37395524978637695,0.6201600432395935,0.5384823083877563,0.39041781425476074,0.3682290315628052,0.3256241977214813,0.3647143542766571,0.49374619126319885,0.08863119781017303,0.999350368976593,0.4164719879627228,0.5158590078353882,-0.08867020905017853,0.9997162222862244,0.3670649528503418,0.5740790963172913,0.19173094630241394,0.3598908483982086,0.4055333733558655,0.5985140204429626,-0.0968194529414177,0.9226623773574829,0.36382848024368286,0.6551006436347961,0.3291374146938324,0.5516916513442993,0.3734229505062103,0.6870999336242676,-0.1033257395029068,0.9330039620399475,0.3612672984600067,0.6607578992843628,0.3461856544017792,0.6170594692230225,0.3539850413799286,0.7056106328964233,-0.10148856788873672,0.9067860245704651,0.38808801770210266,0.6759133338928223,0.339833527803421,0.5754481554031372,0.41984209418296814,0.7093257904052734,-0.16261281073093414,0.8864114284515381
164,0.5654412508010864,0.4017243981361389,0.26974746584892273,0.9990219473838806,0.5691078901290894,0.39611706137657166,0.2350207418203354,0.9991004467010498,0.567267119884491,0.39464062452316284,0.23494230210781097,0.9989944696426392,0.5652282238006592,0.39297541975975037,0.23493516445159912,0.9990250468254089,0.574397087097168,0.3997688293457031,0.2275947630405426,0.9989100694656372,0.5759507417678833,0.4007571339607239,0.22748516499996185,0.9987527132034302,0.5775371789932251,0.4015985429286957,0.22755812108516693,0.9988977909088135,0.5534170866012573,0.38800156116485596,0.12243124842643738,0.9984123110771179,0.5711697936058044,0.4016270041465759,0.08751247078180313,0.9985204339027405,0.5517897605895996,0.4018716812133789,0.24023659527301788,0.9979899525642395,0.5580137968063354,0.4074247479438782,0.22948475182056427,0.9985999464988708,0.45119476318359375,0.39135217666625977,0.11836317181587219,0.9995055794715881,0.5458216071128845,0.42650237679481506,0.034454379230737686,0.9997592568397522,0.36405149102211,0.392660915851593,0.2580452561378479,0.7570158243179321,0.5050129294395447,0.4536198675632477,0.18620550632476807,0.5422205924987793,0.40126004815101624,0.3599126935005188,0.3816920518875122,0.6769172549247742,0.5194814205169678,0.4028104245662689,0.43607664108276367,0.3307630121707916,0.4014441668987274,0.34943073987960815,0.4205906391143799,0.6586474180221558,0.5312098264694214,0.391831636428833,0.46311432123184204,0.32728487253189087,0.4089291989803314,0.3499593734741211,0.38854700326919556,0.6536920666694641,0.5244225263595581,0.38581424951553345,0.47060123085975647,0.32215988636016846,0.4103110730648041,0.3539921045303345,0.37630870938301086,0.6282492280006409,0.5263882279396057,0.39348262548446655,0.4469650983810425,0.31227096915245056,0.3642541766166687,0.4940125048160553,0.07827187329530716,0.9993581175804138,0.41994476318359375,0.5135849714279175,-0.07844379544258118,0.9997247457504272,0.3648592531681061,0.577041745185852,0.12446770071983337,0.3589348793029785,0.42407849431037903,0.5976585745811462,-0.0972551628947258,0.9254486560821533,0.3636433482170105,0.6588810682296753,0.19696131348609924,0.556365966796875,0.37521520256996155,0.6841137409210205,-0.13684087991714478,0.9352093935012817,0.36283203959465027,0.662808895111084,0.20718751847743988,0.6218801736831665,0.3552550971508026,0.6990282535552979,-0.1392359435558319,0.9095099568367004,0.38746100664138794,0.6787533760070801,0.18798422813415527,0.5786161422729492,0.4174528419971466,0.7024595141410828,-0.20066992938518524,0.8887701630592346
165,0.5662899613380432,0.40212926268577576,0.24353483319282532,0.9991133809089661,0.5698896646499634,0.39580047130584717,0.20643576979637146,0.9991863965988159,0.5681203603744507,0.3943251073360443,0.20635513961315155,0.9990907311439514,0.5652374029159546,0.39227887988090515,0.2063581645488739,0.9991183876991272,0.573391318321228,0.4002508521080017,0.19887247681617737,0.9990139603614807,0.5752520561218262,0.3999035656452179,0.198767751455307,0.9988712668418884,0.5763516426086426,0.4005613327026367,0.19881992042064667,0.9990018606185913,0.5533590316772461,0.38791796565055847,0.09015344083309174,0.9985675811767578,0.5688198208808899,0.4003433585166931,0.05480131134390831,0.9986613988876343,0.5505678653717041,0.4023076593875885,0.213280588388443,0.99817955493927,0.5569198131561279,0.407693475484848,0.20242094993591309,0.9987308382987976,0.4535704255104065,0.38759034872055054,0.08060266822576523,0.999543309211731,0.5438169240951538,0.4262259006500244,0.006967317312955856,0.9997789859771729,0.35621896386146545,0.3889578878879547,0.23444180190563202,0.7702479958534241,0.4926159679889679,0.44669395685195923,0.1665377914905548,0.5423977375030518,0.3987671434879303,0.3577682673931122,0.38452833890914917,0.6792904138565063,0.5082297325134277,0.40649765729904175,0.421065092086792,0.31661516427993774,0.4031456708908081,0.3444884717464447,0.4264412224292755,0.6611648201942444,0.5194199681282043,0.39654356241226196,0.4480386972427368,0.31397396326065063,0.408067524433136,0.3473765254020691,0.3930586874485016,0.6563079357147217,0.5163058042526245,0.39111384749412537,0.45553380250930786,0.3088444173336029,0.4084503948688507,0.35179758071899414,0.3792179822921753,0.630656898021698,0.515216588973999,0.39142370223999023,0.43206167221069336,0.2995735704898834,0.3627494275569916,0.49327582120895386,0.08120783418416977,0.9993784427642822,0.4208117723464966,0.5127766132354736,-0.08128924667835236,0.9997428059577942,0.3667149543762207,0.5753868818283081,0.15758849680423737,0.3633369505405426,0.4223105013370514,0.5981398820877075,-0.0873250663280487,0.9306191802024841,0.36638009548187256,0.6476954221725464,0.2763703167438507,0.558931291103363,0.37463441491127014,0.6863079071044922,-0.11433371156454086,0.9390342235565186,0.3640190660953522,0.657504677772522,0.2921026945114136,0.6273214221000671,0.3551332354545593,0.7039937973022461,-0.11403881013393402,0.9147124290466309,0.38667571544647217,0.6742721796035767,0.2959507703781128,0.5742630958557129,0.41914376616477966,0.7085195779800415,-0.16352790594100952,0.8919699192047119
166,0.5645375847816467,0.4008656442165375,0.22415415942668915,0.999187707901001,0.5675839185714722,0.3963233232498169,0.1895398646593094,0.9992590546607971,0.5660368800163269,0.3947815001010895,0.18944591283798218,0.9991721510887146,0.5637629628181458,0.39143624901771545,0.18942169845104218,0.999197781085968,0.5716620683670044,0.4000163674354553,0.18077890574932098,0.999100923538208,0.5726244449615479,0.4009350836277008,0.18068087100982666,0.9989696145057678,0.5736229419708252,0.4017813801765442,0.1807413101196289,0.999087393283844,0.550929069519043,0.38739603757858276,0.08253855258226395,0.9987030625343323,0.5670860409736633,0.40001219511032104,0.041600197553634644,0.9987781047821045,0.5485525131225586,0.4013999402523041,0.19721297919750214,0.9983356595039368,0.5550566911697388,0.4065541625022888,0.18462832272052765,0.998835563659668,0.4516962170600891,0.38992804288864136,0.08745820820331573,0.9995712041854858,0.5429248809814453,0.4253336489200592,-0.0016559830401092768,0.999791145324707,0.3415275514125824,0.3749712407588959,0.24436941742897034,0.7769439816474915,0.49901798367500305,0.4526359438896179,0.15150749683380127,0.5329767465591431,0.3960050940513611,0.3585016131401062,0.38204818964004517,0.6812409162521362,0.5167499780654907,0.4009503424167633,0.39514023065567017,0.30413347482681274,0.3984718322753906,0.34818035364151,0.4216070771217346,0.6647229194641113,0.5294386148452759,0.3896828889846802,0.41996732354164124,0.3030778467655182,0.4051249623298645,0.3483887016773224,0.38781389594078064,0.6600005030632019,0.5348369479179382,0.38809382915496826,0.426474392414093,0.29792094230651855,0.4058379828929901,0.3518945276737213,0.37611621618270874,0.6341802477836609,0.5218310952186584,0.3847659230232239,0.40544089674949646,0.28937938809394836,0.3624662160873413,0.49267902970314026,0.08108313381671906,0.999371349811554,0.41777390241622925,0.5146217942237854,-0.08120087534189224,0.999748170375824,0.3675592541694641,0.5739027857780457,0.14937420189380646,0.35583895444869995,0.4215512275695801,0.5978184342384338,-0.0913681760430336,0.9322822690010071,0.36949971318244934,0.6494810581207275,0.25684863328933716,0.5539553761482239,0.37403419613838196,0.6852317452430725,-0.1093256026506424,0.9402117729187012,0.3636839687824249,0.6588104963302612,0.2710443139076233,0.6233174204826355,0.3548918664455414,0.703421950340271,-0.10866238176822662,0.9161984324455261,0.38884976506233215,0.6750472187995911,0.2623549997806549,0.5704032182693481,0.4004802405834198,0.7111338973045349,-0.16479042172431946,0.8930684328079224
167,0.5577099323272705,0.40131449699401855,0.2124118208885193,0.9992498755455017,0.5624726414680481,0.3960201144218445,0.1790313720703125,0.9993211030960083,0.5608124732971191,0.3945322632789612,0.1789693981409073,0.999241828918457,0.5589315295219421,0.3929350972175598,0.1789519488811493,0.9992654919624329,0.5671958327293396,0.39980989694595337,0.1702512949705124,0.9991757869720459,0.568312406539917,0.40077218413352966,0.1701173335313797,0.9990541338920593,0.5694902539253235,0.401618093252182,0.17014536261558533,0.9991604089736938,0.5458632707595825,0.3879876732826233,0.07429628819227219,0.9988208413124084,0.563988447189331,0.40027278661727905,0.032599058002233505,0.9988790154457092,0.544211745262146,0.398925244808197,0.18583960831165314,0.9984667897224426,0.551254153251648,0.40435296297073364,0.17309324443340302,0.9989252686500549,0.45087650418281555,0.3900025486946106,0.07784013450145721,0.9995986819267273,0.5411285161972046,0.4246577322483063,-0.005239066202193499,0.9998060464859009,0.3559263050556183,0.39799946546554565,0.21676544845104218,0.7828582525253296,0.4992862343788147,0.4521907866001129,0.15139055252075195,0.5302035808563232,0.39968180656433105,0.3625335097312927,0.3443760573863983,0.6836927533149719,0.51360684633255,0.4040077328681946,0.3978775143623352,0.2968538701534271,0.39765018224716187,0.3493538498878479,0.3825547993183136,0.6681181788444519,0.5249568223953247,0.3937171697616577,0.4241044819355011,0.29660600423812866,0.4079717993736267,0.3500196933746338,0.35176554322242737,0.6633175015449524,0.518744707107544,0.3873945474624634,0.42946314811706543,0.291413277387619,0.40919631719589233,0.35480642318725586,0.33960235118865967,0.6366721987724304,0.5123822689056396,0.3900299072265625,0.4079282879829407,0.28311285376548767,0.36401429772377014,0.4923500418663025,0.08196315169334412,0.9993864893913269,0.42057591676712036,0.5121373534202576,-0.08207152783870697,0.9997603297233582,0.365400105714798,0.5747492909431458,0.17536954581737518,0.3523310124874115,0.42128098011016846,0.5968948602676392,-0.11350008845329285,0.9345548152923584,0.3634509742259979,0.6496757864952087,0.2883376181125641,0.5545918941497803,0.37426337599754333,0.6858302354812622,-0.12920264899730682,0.9419644474983215,0.35721465945243835,0.6593760848045349,0.30237337946891785,0.6258282661437988,0.3556094169616699,0.6968390345573425,-0.12845014035701752,0.9188163876533508,0.3832551836967468,0.6736899018287659,0.28732988238334656,0.5730785131454468,0.4182514548301697,0.7003994584083557,-0.19161541759967804,0.896125853061676
168,0.5580126047134399,0.3976796865463257,0.20599666237831116,0.9993070960044861,0.5607501864433289,0.3945351839065552,0.17379747331142426,0.9993767142295837,0.5591155290603638,0.39303669333457947,0.17376741766929626,0.9993039965629578,0.5583736896514893,0.38976404070854187,0.17376665771007538,0.9993265867233276,0.5655206441879272,0.3982090651988983,0.1658000946044922,0.9992427825927734,0.5664997100830078,0.39903905987739563,0.16569943726062775,0.9991298317909241,0.568966805934906,0.4003544747829437,0.16575156152248383,0.9992257356643677,0.5457946062088013,0.385059118270874,0.07236003130674362,0.9989255666732788,0.5626121759414673,0.3985196352005005,0.03481324762105942,0.9989669322967529,0.5418047904968262,0.39742159843444824,0.1805187165737152,0.9985819458961487,0.5498436689376831,0.40279683470726013,0.1689811646938324,0.9990031719207764,0.4517879784107208,0.3863591253757477,0.07781776040792465,0.9996224641799927,0.5421952605247498,0.42283234000205994,-0.0001853928406490013,0.9998146295547485,0.3603309690952301,0.39361751079559326,0.22148750722408295,0.7892270088195801,0.494075745344162,0.4525843560695648,0.14332053065299988,0.5184099078178406,0.39903661608695984,0.36111512780189514,0.35218122601509094,0.687337338924408,0.498128205537796,0.404724657535553,0.38636335730552673,0.2850736379623413,0.395619660615921,0.34836626052856445,0.39057457447052,0.6726760864257812,0.5069217085838318,0.3943813145160675,0.4120344817638397,0.28630146384239197,0.40750372409820557,0.34980350732803345,0.3603339195251465,0.6678207516670227,0.5005141496658325,0.3886635899543762,0.4157947897911072,0.28122279047966003,0.408843457698822,0.35438182950019836,0.3478032648563385,0.6408896446228027,0.4953467845916748,0.3909892737865448,0.3952389061450958,0.27345705032348633,0.3677330017089844,0.4913105070590973,0.07792428135871887,0.9994035363197327,0.42335647344589233,0.5089594125747681,-0.07804208248853683,0.9997682571411133,0.37732312083244324,0.5739489793777466,0.1312759667634964,0.3506479859352112,0.4276025593280792,0.5944952964782715,-0.10546166449785233,0.9360402226448059,0.36831343173980713,0.6523621678352356,0.21158429980278015,0.5546300411224365,0.37527716159820557,0.6832262277603149,-0.1511039435863495,0.9428443908691406,0.3615816831588745,0.6622369885444641,0.22181065380573273,0.6257609128952026,0.35458341240882874,0.7002166509628296,-0.1547025740146637,0.9192548394203186,0.38680315017700195,0.6774407625198364,0.1974334716796875,0.572781503200531,0.4191613495349884,0.702125072479248,-0.2223040759563446,0.8970587849617004
169,0.5635290145874023,0.4040977954864502,0.25840872526168823,0.9993336796760559,0.5658347606658936,0.39711084961891174,0.2264193594455719,0.9994108080863953,0.5627598166465759,0.39501845836639404,0.2263748198747635,0.9993429183959961,0.5604005455970764,0.39319348335266113,0.2263805866241455,0.9993658065795898,0.5712400078773499,0.40112513303756714,0.21739131212234497,0.99928218126297,0.5722775459289551,0.4019850790500641,0.21723893284797668,0.9991726279258728,0.5733010768890381,0.4026852250099182,0.21726147830486298,0.9992629289627075,0.5492697358131409,0.38951146602630615,0.12218516319990158,0.9990024566650391,0.5675539970397949,0.4014264941215515,0.07893494516611099,0.9990227818489075,0.548520565032959,0.4041474461555481,0.23125503957271576,0.9986458420753479,0.5556677579879761,0.40987053513526917,0.2181999832391739,0.9990391135215759,0.4537166953086853,0.39137423038482666,0.11324726045131683,0.9996384978294373,0.5428929328918457,0.42464008927345276,0.031010257080197334,0.9998258352279663,0.3594159483909607,0.39601317048072815,0.250475138425827,0.793055534362793,0.49881717562675476,0.4462246000766754,0.18396051228046417,0.5086531639099121,0.40004587173461914,0.3629657030105591,0.388799250125885,0.6857810020446777,0.49823978543281555,0.3917604386806488,0.4315216839313507,0.27582159638404846,0.39664778113365173,0.3505716919898987,0.4267943501472473,0.6713318228721619,0.5061448812484741,0.3790435194969177,0.4558098316192627,0.277518630027771,0.40716615319252014,0.3523637652397156,0.3961556851863861,0.6665076017379761,0.49853187799453735,0.3730090856552124,0.4611797034740448,0.27258071303367615,0.40816736221313477,0.35852283239364624,0.383737176656723,0.6389061808586121,0.4932234585285187,0.3765488564968109,0.44068747758865356,0.26532647013664246,0.3640608489513397,0.49698346853256226,0.07632572948932648,0.9993904829025269,0.42189469933509827,0.5145260691642761,-0.0764954686164856,0.9997701644897461,0.3684961497783661,0.5763471126556396,0.145865797996521,0.34297528862953186,0.40706416964530945,0.5973244309425354,-0.08901813626289368,0.9343321919441223,0.3634006083011627,0.6547532677650452,0.21720939874649048,0.5521122217178345,0.37380048632621765,0.6853573322296143,-0.11202798783779144,0.9413027167320251,0.3569372296333313,0.6612192988395691,0.22634512186050415,0.6278784871101379,0.3597283959388733,0.6975591778755188,-0.11309565603733063,0.9197505712509155,0.3822724521160126,0.6700778603553772,0.2049429714679718,0.5715079307556152,0.4191700518131256,0.7001538276672363,-0.17252850532531738,0.8949199318885803
170,0.5631150007247925,0.39992743730545044,0.21344920992851257,0.9993956685066223,0.5660902857780457,0.393419086933136,0.17698386311531067,0.9994670748710632,0.56415194272995,0.39180052280426025,0.17690397799015045,0.9994056820869446,0.5610024333000183,0.38949698209762573,0.17691995203495026,0.999426543712616,0.5693943500518799,0.3985942304134369,0.16463103890419006,0.9993506669998169,0.5715001821517944,0.39773088693618774,0.16451933979988098,0.9992513060569763,0.572483479976654,0.3983059525489807,0.16454605758190155,0.9993327260017395,0.548984706401825,0.38528716564178467,0.0677887573838234,0.999099850654602,0.565934956073761,0.39669013023376465,0.011135970242321491,0.9991161227226257,0.5473517179489136,0.4000999927520752,0.18577221035957336,0.9987730383872986,0.5540083646774292,0.4058700501918793,0.16869066655635834,0.9991281032562256,0.4519898593425751,0.387737512588501,0.07334625720977783,0.9996591806411743,0.5441403985023499,0.4218260645866394,-0.04166911169886589,0.9998393058776855,0.3457637429237366,0.3954855799674988,0.24523912370204926,0.7960091829299927,0.49580010771751404,0.44534119963645935,0.11800703406333923,0.5298961400985718,0.399779349565506,0.3647240400314331,0.40152016282081604,0.6744967699050903,0.505997896194458,0.39382392168045044,0.38759610056877136,0.27549105882644653,0.4005918800830841,0.35334116220474243,0.44782891869544983,0.6606231331825256,0.515460729598999,0.3821330964565277,0.41581806540489197,0.27587348222732544,0.40924936532974243,0.35346823930740356,0.41376546025276184,0.6561180353164673,0.509816586971283,0.37618738412857056,0.42262476682662964,0.2707836627960205,0.4109411835670471,0.35836151242256165,0.39607948064804077,0.6288389563560486,0.5042341947555542,0.379406213760376,0.398925244808197,0.263351708650589,0.3643503785133362,0.49411582946777344,0.09328867495059967,0.9994103908538818,0.4207727313041687,0.5132466554641724,-0.09327991306781769,0.9997842907905579,0.37201085686683655,0.5728831887245178,0.1995224803686142,0.35030296444892883,0.42304694652557373,0.5948101878166199,-0.07137680053710938,0.9392168521881104,0.3632350564002991,0.6531798839569092,0.30358120799064636,0.5609895586967468,0.3741528391838074,0.6814312934875488,-0.08306413888931274,0.9447328448295593,0.3546818494796753,0.6611297726631165,0.31725338101387024,0.6392786502838135,0.3571520447731018,0.6979482769966125,-0.08047927170991898,0.9245306849479675,0.3860905170440674,0.6760922074317932,0.32132869958877563,0.5728167295455933,0.42068126797676086,0.7020150423049927,-0.11988099664449692,0.8976469039916992
171,0.5612363219261169,0.398962140083313,0.20386208593845367,0.9994398355484009,0.5625561475753784,0.3937510848045349,0.16807618737220764,0.9995102286338806,0.56106036901474,0.3921389579772949,0.16800308227539062,0.9994537830352783,0.55926913022995,0.39042162895202637,0.1679956465959549,0.9994735717773438,0.5668315887451172,0.3974766433238983,0.15868252515792847,0.9994022250175476,0.5678378939628601,0.39831748604774475,0.1585836261510849,0.9993098378181458,0.5689191818237305,0.39903491735458374,0.15862269699573517,0.9993836879730225,0.5465167760848999,0.38445889949798584,0.05945197120308876,0.9991804361343384,0.5635412335395813,0.3976028859615326,0.01616443507373333,0.9991852641105652,0.5440136194229126,0.39896589517593384,0.17654463648796082,0.9988660216331482,0.5506359934806824,0.4043979048728943,0.16328172385692596,0.9991897940635681,0.448246031999588,0.3885321617126465,0.06613261252641678,0.999667227268219,0.5439882278442383,0.4219090938568115,-0.025976845994591713,0.9998453259468079,0.3357744812965393,0.37790554761886597,0.22881150245666504,0.7939074635505676,0.4934133291244507,0.4415827691555023,0.12241404503583908,0.5322813391685486,0.3903094530105591,0.35978925228118896,0.3777438998222351,0.6648631691932678,0.4946516752243042,0.38767820596694946,0.36822864413261414,0.26970258355140686,0.391867071390152,0.3494947552680969,0.418883740901947,0.652826726436615,0.5025469064712524,0.3752482235431671,0.39452093839645386,0.27067428827285767,0.40100395679473877,0.34919339418411255,0.3869953155517578,0.6484683156013489,0.4961387515068054,0.36988282203674316,0.39795050024986267,0.26561275124549866,0.4010809063911438,0.35485488176345825,0.3727748394012451,0.6214110255241394,0.4909290671348572,0.3733692169189453,0.37717127799987793,0.2587585747241974,0.3669942319393158,0.4936588704586029,0.08263389021158218,0.9994078874588013,0.42342114448547363,0.5118831396102905,-0.0826864093542099,0.9997886419296265,0.37526920437812805,0.5775119662284851,0.15971118211746216,0.3458385169506073,0.4073428809642792,0.595109760761261,-0.08015744388103485,0.9412314891815186,0.3658389747142792,0.6553122401237488,0.24891330301761627,0.5585062503814697,0.37337085604667664,0.6851413249969482,-0.10343647003173828,0.9454500675201416,0.35854893922805786,0.6652458310127258,0.2604804039001465,0.6376607418060303,0.3560146689414978,0.7030731439590454,-0.10297471284866333,0.9255350828170776,0.38580575585365295,0.6806392073631287,0.25024503469467163,0.5684085488319397,0.4216424226760864,0.7059733867645264,-0.15253694355487823,0.8969584703445435
172,0.5621089935302734,0.40120190382003784,0.2133488804101944,0.9994856715202332,0.5651201009750366,0.3935054540634155,0.18265850841999054,0.9995530247688293,0.5628567934036255,0.3915461301803589,0.18260042369365692,0.9995012283325195,0.5606715679168701,0.3896486163139343,0.18260635435581207,0.9995197653770447,0.5687669515609741,0.39710259437561035,0.1666736602783203,0.9994546175003052,0.5700441598892212,0.39801663160324097,0.16653388738632202,0.9993698596954346,0.5708719491958618,0.3986489176750183,0.16655713319778442,0.9994370341300964,0.5483852624893188,0.3853253722190857,0.08684448152780533,0.9992558360099792,0.5634695291519165,0.3967687487602234,0.013199374079704285,0.9992569088935852,0.5478032827377319,0.4002723693847656,0.18974383175373077,0.9989607334136963,0.554002046585083,0.4052954316139221,0.16766203939914703,0.9992555975914001,0.4493892788887024,0.38879525661468506,0.10667873173952103,0.9996830821037292,0.5437668561935425,0.421622097492218,-0.04576311260461807,0.9998565316200256,0.35368332266807556,0.39800509810447693,0.2777019739151001,0.785452663898468,0.4936479330062866,0.44067078828811646,0.075520820915699,0.5426223874092102,0.39634591341018677,0.3644748330116272,0.4152469336986542,0.6568349003791809,0.4939723014831543,0.3917810320854187,0.30517464876174927,0.2728821635246277,0.39568811655044556,0.3521507978439331,0.45799243450164795,0.6468895673751831,0.5008431077003479,0.3802320957183838,0.32663199305534363,0.2729703485965729,0.40512603521347046,0.3522760272026062,0.42465370893478394,0.6428046226501465,0.49480611085891724,0.37514734268188477,0.33357566595077515,0.2676466405391693,0.4064072072505951,0.3593043088912964,0.40917444229125977,0.6152819395065308,0.4895768165588379,0.3785260319709778,0.3154967427253723,0.2603500187397003,0.3651992678642273,0.4954086244106293,0.10165663063526154,0.9994252920150757,0.4234675168991089,0.5121182203292847,-0.10168655961751938,0.9997987747192383,0.37151405215263367,0.573026180267334,0.1993686407804489,0.3368431329727173,0.41108983755111694,0.5951122641563416,-0.10257230699062347,0.9431290626525879,0.3599703907966614,0.6473618149757385,0.29816561937332153,0.5569510459899902,0.37648651003837585,0.6837518215179443,-0.1091623529791832,0.946832537651062,0.349846214056015,0.6578105688095093,0.3095645010471344,0.6394016742706299,0.3579633831977844,0.7000622749328613,-0.10733035206794739,0.9275161623954773,0.3867790102958679,0.670199453830719,0.29390981793403625,0.5722203850746155,0.42475461959838867,0.7050341367721558,-0.16218766570091248,0.9001346230506897
173,0.5564330220222473,0.399983286857605,0.20604069530963898,0.9995259046554565,0.5594006180763245,0.392983078956604,0.17214329540729523,0.9995912313461304,0.5576956272125244,0.3913738429546356,0.17205235362052917,0.9995437264442444,0.5557043552398682,0.3896426260471344,0.17203502357006073,0.9995611906051636,0.5638875365257263,0.39660441875457764,0.1596141904592514,0.9995005130767822,0.564984917640686,0.3974355161190033,0.15950334072113037,0.9994221925735474,0.5661184787750244,0.3981183171272278,0.15954414010047913,0.999483048915863,0.5424142479896545,0.3844820261001587,0.06967334449291229,0.9993240833282471,0.5606473684310913,0.3961866497993469,0.012128599919378757,0.999318540096283,0.5423171520233154,0.3990853428840637,0.18065579235553741,0.9990435838699341,0.548412561416626,0.4038155674934387,0.16318939626216888,0.9993112087249756,0.4430694580078125,0.3882777690887451,0.0890546590089798,0.9996935725212097,0.5409291982650757,0.42210254073143005,-0.036577437072992325,0.9998612403869629,0.35100439190864563,0.3965287506580353,0.2635863423347473,0.7799544334411621,0.4990396201610565,0.4410567879676819,0.11065152287483215,0.545752227306366,0.39284974336624146,0.3642919659614563,0.4040827751159668,0.6494918465614319,0.5049024820327759,0.38825681805610657,0.35919609665870667,0.27165207266807556,0.3942168056964874,0.352115273475647,0.44706451892852783,0.6419508457183838,0.5139355659484863,0.37596753239631653,0.3849272131919861,0.2723708748817444,0.40307489037513733,0.35220324993133545,0.4115259051322937,0.6381360292434692,0.5068008899688721,0.3707517385482788,0.3896176218986511,0.2668865919113159,0.4032702147960663,0.35882270336151123,0.39749419689178467,0.6107566356658936,0.5009292364120483,0.37435925006866455,0.3691490590572357,0.2597975432872772,0.364180326461792,0.4948357939720154,0.08918651193380356,0.9994257688522339,0.42236626148223877,0.5121683478355408,-0.08923821151256561,0.9998000860214233,0.3737143278121948,0.5752478241920471,0.17073172330856323,0.3319311738014221,0.42782700061798096,0.5926437377929688,-0.08634551614522934,0.9439169764518738,0.36752426624298096,0.6505335569381714,0.24982251226902008,0.5580078959465027,0.3770790100097656,0.6828352212905884,-0.09841873496770859,0.9471585154533386,0.35816827416419983,0.6640650033950806,0.26017141342163086,0.6394168734550476,0.3620567321777344,0.6905471086502075,-0.09688594937324524,0.9279900789260864,0.3903634250164032,0.6788766980171204,0.2437865138053894,0.5755019783973694,0.4272960126399994,0.7060914039611816,-0.1465914249420166,0.9011328816413879
174,0.5579426288604736,0.40006595849990845,0.2077973634004593,0.9995655417442322,0.5612543225288391,0.3924367129802704,0.17404292523860931,0.9996274709701538,0.5587918758392334,0.3905521631240845,0.17396338284015656,0.9995840191841125,0.5567080974578857,0.38879990577697754,0.17395783960819244,0.9996002316474915,0.5651505589485168,0.3959510922431946,0.16035163402557373,0.999544620513916,0.566805899143219,0.39695030450820923,0.1602376401424408,0.9994727969169617,0.5678275227546692,0.39759665727615356,0.1602666974067688,0.9995279312133789,0.5446460247039795,0.38467955589294434,0.0704074501991272,0.9993871450424194,0.5604763031005859,0.39561957120895386,0.007318855728954077,0.9993786811828613,0.5436670780181885,0.39924687147140503,0.18201382458209991,0.9991247057914734,0.5505041480064392,0.4042576849460602,0.16297872364521027,0.9993683099746704,0.44390586018562317,0.388034462928772,0.08593332767486572,0.9997051954269409,0.541558563709259,0.42058366537094116,-0.04500848054885864,0.9998701214790344,0.34815502166748047,0.3984328508377075,0.2540944814682007,0.7747550010681152,0.49208423495292664,0.44039735198020935,0.10079643130302429,0.5526944398880005,0.38970452547073364,0.36403006315231323,0.3911631405353546,0.6408190131187439,0.4921085834503174,0.38725587725639343,0.3520279824733734,0.2710520327091217,0.3899863660335541,0.3511861562728882,0.4337373375892639,0.6348051428794861,0.4994529187679291,0.37457165122032166,0.3763025999069214,0.2714812457561493,0.40027761459350586,0.35144007205963135,0.399570494890213,0.631286084651947,0.4929412305355072,0.3693283200263977,0.38194653391838074,0.2658941447734833,0.4011680483818054,0.3581015169620514,0.3848743438720703,0.6039422750473022,0.4874838888645172,0.3730335235595703,0.3622482419013977,0.25878775119781494,0.3643769919872284,0.49508732557296753,0.09616439789533615,0.9994321465492249,0.42228737473487854,0.5122165083885193,-0.09614454209804535,0.9998077750205994,0.37176764011383057,0.5724401473999023,0.20633210241794586,0.32506948709487915,0.42922669649124146,0.5932527184486389,-0.0927615836262703,0.9462703466415405,0.3625645637512207,0.6473931074142456,0.31942233443260193,0.5534928441047668,0.3782537579536438,0.684697687625885,-0.0994277074933052,0.9487015604972839,0.35360264778137207,0.6575229167938232,0.33321070671081543,0.6386735439300537,0.3602205812931061,0.7009658813476562,-0.09698820114135742,0.9299925565719604,0.38777831196784973,0.671172559261322,0.3273649215698242,0.5722153782844543,0.4284200966358185,0.7045716047286987,-0.1463846117258072,0.9030643105506897
175,0.5556364059448242,0.39946886897087097,0.1706426739692688,0.9996053576469421,0.5582408905029297,0.3919011950492859,0.1400308459997177,0.9996627569198608,0.5565312504768372,0.390475869178772,0.1399330198764801,0.9996232986450195,0.5546171069145203,0.38899990916252136,0.13991811871528625,0.9996381402015686,0.562597393989563,0.39510461688041687,0.12236522883176804,0.9995876550674438,0.5635200142860413,0.3957988917827606,0.12225214391946793,0.9995223879814148,0.5644885897636414,0.3963530659675598,0.12227773666381836,0.9995721578598022,0.5403532981872559,0.3845684230327606,0.05066170170903206,0.9994465708732605,0.5576852560043335,0.39459121227264404,-0.030672447755932808,0.9994373917579651,0.5417792797088623,0.39927613735198975,0.1497928649187088,0.9992052912712097,0.5471339225769043,0.40329498052597046,0.12546546757221222,0.9994258284568787,0.4347684979438782,0.38831502199172974,0.0832238718867302,0.9997180700302124,0.5367527008056641,0.42036110162734985,-0.08265512436628342,0.9998788237571716,0.3480347692966461,0.3971748948097229,0.27505555748939514,0.7631551027297974,0.4933377206325531,0.4417390823364258,0.06944849342107773,0.570390522480011,0.3917500674724579,0.3649304211139679,0.41499993205070496,0.627533495426178,0.5068305134773254,0.3887850046157837,0.3330537974834442,0.279824435710907,0.39371630549430847,0.3520004153251648,0.46019893884658813,0.6242637634277344,0.5172445178031921,0.3762773275375366,0.356250137090683,0.27897587418556213,0.40331903100013733,0.35319608449935913,0.42070499062538147,0.6213657259941101,0.5113848447799683,0.3706423044204712,0.36309701204299927,0.273118257522583,0.4028829038143158,0.36010342836380005,0.4066896140575409,0.5946136713027954,0.5048466920852661,0.3742973208427429,0.3444102108478546,0.2655310332775116,0.36514753103256226,0.4960574209690094,0.10389988869428635,0.9994440674781799,0.4188695549964905,0.5141291618347168,-0.1038019210100174,0.9998169541358948,0.370288223028183,0.5701979994773865,0.24144020676612854,0.31931090354919434,0.4100984036922455,0.5945297479629517,-0.09303618222475052,0.948945939540863,0.36134499311447144,0.6434338092803955,0.37299564480781555,0.5481685996055603,0.37568169832229614,0.6832050681114197,-0.08281250298023224,0.9505661725997925,0.35167837142944336,0.6534216403961182,0.38910385966300964,0.6369828581809998,0.35732829570770264,0.7001391649246216,-0.0782044306397438,0.9321956038475037,0.3888200521469116,0.6675997972488403,0.3889141082763672,0.5702673196792603,0.4261002540588379,0.705702006816864,-0.12359432876110077,0.906173586845398
176,0.5547055602073669,0.3961067497730255,0.21798545122146606,0.999640941619873,0.5578770637512207,0.38865041732788086,0.18253812193870544,0.9996944665908813,0.5564526915550232,0.387494832277298,0.18242686986923218,0.9996586441993713,0.5547542572021484,0.386213093996048,0.18241029977798462,0.9996723532676697,0.5610648393630981,0.39218345284461975,0.1664031594991684,0.9996263384819031,0.5619853734970093,0.39268290996551514,0.16630692780017853,0.999566912651062,0.5637571811676025,0.39201638102531433,0.16634659469127655,0.9996118545532227,0.5400511622428894,0.3817918002605438,0.07599838078022003,0.9995001554489136,0.5572290420532227,0.3907317817211151,0.0027393237687647343,0.9994900822639465,0.5385487675666809,0.3979954719543457,0.19214393198490143,0.9992779493331909,0.5447055697441101,0.4016878008842468,0.17009001970291138,0.9994773268699646,0.4355713427066803,0.38422250747680664,0.09882035851478577,0.9997310042381287,0.5383866429328918,0.41959279775619507,-0.0607895627617836,0.9998853206634521,0.32999712228775024,0.3819825351238251,0.301584929227829,0.7452394962310791,0.49903595447540283,0.4475674629211426,0.11395353823900223,0.5668457746505737,0.39887797832489014,0.3680320978164673,0.46853986382484436,0.5994611382484436,0.505271852016449,0.3949540853500366,0.4108293354511261,0.2671312987804413,0.39576995372772217,0.3547969460487366,0.5198839902877808,0.598885715007782,0.5143328905105591,0.3830307126045227,0.4408573508262634,0.2678174376487732,0.4041804373264313,0.35629457235336304,0.4816368818283081,0.5966114401817322,0.507171630859375,0.37734562158584595,0.4446471631526947,0.26218855381011963,0.4053710401058197,0.364057719707489,0.4616715610027313,0.5720672011375427,0.5012388825416565,0.3805680274963379,0.4218338131904602,0.25513768196105957,0.3618249297142029,0.49489396810531616,0.10138498991727829,0.9994667172431946,0.41429847478866577,0.5103237628936768,-0.10131660848855972,0.9998268485069275,0.36346980929374695,0.5714333057403564,0.22011451423168182,0.32094770669937134,0.4053887128829956,0.5926095247268677,-0.08708953857421875,0.9513661861419678,0.3631874620914459,0.6477524042129517,0.3076123893260956,0.5522294044494629,0.3770054578781128,0.6821541786193848,-0.10256951302289963,0.9521021842956543,0.34337958693504333,0.6578044295310974,0.3195257782936096,0.6397451758384705,0.3610122799873352,0.6991856098175049,-0.09998639672994614,0.9332884550094604,0.3814083933830261,0.6743479371070862,0.3201710879802704,0.5695587396621704,0.4279610514640808,0.7046959400177002,-0.13888098299503326,0.9065226912498474
177,0.5544699430465698,0.39573749899864197,0.22413486242294312,0.9996744394302368,0.5565142035484314,0.3882790803909302,0.18603429198265076,0.9997236132621765,0.5548354387283325,0.3870111107826233,0.18591856956481934,0.9996911883354187,0.5528938174247742,0.38563933968544006,0.18592046201229095,0.9997036457061768,0.5603368282318115,0.3918101489543915,0.17259171605110168,0.9996618628501892,0.5618811249732971,0.3925049304962158,0.17248468101024628,0.9996078610420227,0.5636854767799377,0.39203569293022156,0.17251351475715637,0.99964839220047,0.5414774417877197,0.38210272789001465,0.06914634257555008,0.9995488524436951,0.5569310188293457,0.3902891278266907,0.007718938402831554,0.9995384812355042,0.5402984023094177,0.39739087224006653,0.19456329941749573,0.9993462562561035,0.5454875230789185,0.40124940872192383,0.17616493999958038,0.99952632188797,0.4343183636665344,0.38550516963005066,0.07766377180814743,0.999747633934021,0.538998544216156,0.42020201683044434,-0.052817411720752716,0.9998932480812073,0.3192441463470459,0.3834509253501892,0.27738651633262634,0.734693169593811,0.4842221438884735,0.447040855884552,0.11316196620464325,0.5663257241249084,0.39120757579803467,0.3723819851875305,0.45079341530799866,0.5755801200866699,0.48675695061683655,0.3936923146247864,0.39540404081344604,0.2560046911239624,0.39301538467407227,0.3610169291496277,0.5001376271247864,0.5770395994186401,0.4948725700378418,0.38204270601272583,0.42473945021629333,0.25757235288619995,0.4035993218421936,0.36227041482925415,0.46261513233184814,0.5754177570343018,0.4889674782752991,0.3765751123428345,0.42774227261543274,0.2521734833717346,0.40561774373054504,0.3669295310974121,0.444131076335907,0.5529865026473999,0.48371627926826477,0.3796181082725525,0.40544843673706055,0.2458195835351944,0.36257120966911316,0.49758535623550415,0.09155509620904922,0.9994996190071106,0.4191870093345642,0.515411376953125,-0.09148494154214859,0.9998399019241333,0.36725950241088867,0.5745754837989807,0.22591717541217804,0.3247688412666321,0.4186129570007324,0.5970568060874939,-0.07132646441459656,0.9537769556045532,0.3636467754840851,0.6461125612258911,0.32585933804512024,0.552399754524231,0.37648338079452515,0.6828521490097046,-0.08652956038713455,0.9532166123390198,0.36128562688827515,0.6564738154411316,0.3392903804779053,0.6378977298736572,0.35787099599838257,0.6994228959083557,-0.08386260271072388,0.9340420365333557,0.38908514380455017,0.6727015972137451,0.3489101827144623,0.5621523261070251,0.4217134118080139,0.7073953151702881,-0.11709166318178177,0.9048716425895691
178,0.5572816729545593,0.3960912227630615,0.1433260142803192,0.9997041821479797,0.5596221685409546,0.38886183500289917,0.1133008524775505,0.9997495412826538,0.5570657253265381,0.38742971420288086,0.11317754536867142,0.9997199773788452,0.5549321174621582,0.3860515058040619,0.11314071714878082,0.9997314214706421,0.5635456442832947,0.39109301567077637,0.09183278679847717,0.9996938109397888,0.5647010803222656,0.3915444612503052,0.09172506630420685,0.9996447563171387,0.565424919128418,0.3917800486087799,0.0917363092303276,0.9996813535690308,0.5413715839385986,0.38194453716278076,0.031042082235217094,0.9995924234390259,0.5559701919555664,0.3896278142929077,-0.06623140722513199,0.9995821118354797,0.5420417785644531,0.3983076512813568,0.12657564878463745,0.9994063377380371,0.5475925207138062,0.4014011025428772,0.09754007309675217,0.9995698928833008,0.4324324429035187,0.3858809769153595,0.0764118954539299,0.9997509121894836,0.5333724617958069,0.41844528913497925,-0.13034678995609283,0.9998995065689087,0.3298185467720032,0.38572609424591064,0.31457698345184326,0.6927083730697632,0.4827960133552551,0.44360512495040894,-0.02549738809466362,0.5788014531135559,0.3929275870323181,0.3731275498867035,0.506458044052124,0.537264883518219,0.4897771179676056,0.3938036859035492,0.18612179160118103,0.2581600844860077,0.39074885845184326,0.3598027229309082,0.5547242164611816,0.5411731004714966,0.4974287152290344,0.3822733759880066,0.19623936712741852,0.26036643981933594,0.4044933021068573,0.3634847104549408,0.5150226354598999,0.5402277112007141,0.4934256970882416,0.3771551251411438,0.20222416520118713,0.2550441026687622,0.40659525990486145,0.367495596408844,0.49850180745124817,0.5203297734260559,0.48755180835723877,0.3803919553756714,0.19486427307128906,0.24832025170326233,0.3622426390647888,0.5018326044082642,0.11141963303089142,0.9995190501213074,0.41309264302253723,0.5158404111862183,-0.11119478195905685,0.9998501539230347,0.3713512122631073,0.5779481530189514,0.3015017509460449,0.31970417499542236,0.4003399610519409,0.5982067584991455,-0.048216044902801514,0.9555166959762573,0.36461421847343445,0.6509554982185364,0.47358500957489014,0.5415490865707397,0.374587744474411,0.6868566274642944,-0.011797839775681496,0.9544883966445923,0.3430851101875305,0.6578369140625,0.49354827404022217,0.6297333240509033,0.35751596093177795,0.7009501457214355,-0.004036036320030689,0.9346424341201782,0.3854692280292511,0.6753655076026917,0.5015936493873596,0.5535798072814941,0.42746496200561523,0.711031436920166,-0.04450999200344086,0.906753659248352
179,0.5524789094924927,0.3934757709503174,0.1755364090204239,0.9997296929359436,0.5542417764663696,0.3859027922153473,0.14320817589759827,0.9997722506523132,0.5523545145988464,0.38447368144989014,0.14309236407279968,0.9997451305389404,0.5502591729164124,0.38298314809799194,0.14305424690246582,0.9997557997703552,0.5593711137771606,0.3888026475906372,0.12539564073085785,0.9997216463088989,0.5605739951133728,0.38930782675743103,0.12528064846992493,0.9996768236160278,0.5625580549240112,0.38993048667907715,0.12528584897518158,0.999709963798523,0.5356042385101318,0.37922757863998413,0.04959479346871376,0.999630868434906,0.5539197325706482,0.3883545398712158,-0.03156076744198799,0.9996200799942017,0.5387625694274902,0.39364954829216003,0.15428632497787476,0.9994583129882812,0.5440811514854431,0.39739853143692017,0.13001875579357147,0.999607264995575,0.4330836534500122,0.3888150453567505,0.0846971645951271,0.999760091304779,0.5355660915374756,0.41946133971214294,-0.08926655352115631,0.9999055862426758,0.3520583510398865,0.4051632881164551,0.2722804844379425,0.6834821701049805,0.48273494839668274,0.44699373841285706,0.05754386633634567,0.579566478729248,0.3901352882385254,0.3709275424480438,0.4001038372516632,0.5298253297805786,0.48275884985923767,0.3916553258895874,0.3121892511844635,0.2559034526348114,0.3875386416912079,0.35712552070617676,0.4408392310142517,0.5352053046226501,0.48974210023880005,0.37844985723495483,0.33226048946380615,0.2588278353214264,0.3991265892982483,0.35744810104370117,0.40485692024230957,0.5346971750259399,0.48350533843040466,0.372519850730896,0.3373299539089203,0.25348469614982605,0.40168625116348267,0.36223703622817993,0.3923647701740265,0.5151004195213318,0.4779875874519348,0.37644046545028687,0.3224157392978668,0.24698784947395325,0.36048445105552673,0.4987514019012451,0.10795020312070847,0.9995372295379639,0.41515785455703735,0.5144200325012207,-0.10781265050172806,0.9998584985733032,0.3634236752986908,0.5689404606819153,0.2840106785297394,0.31401169300079346,0.40130260586738586,0.5971376299858093,-0.06226620078086853,0.9570685625076294,0.3511647880077362,0.6448888182640076,0.4357440173625946,0.5356712341308594,0.3729207217693329,0.685560941696167,-0.04103560373187065,0.9555481672286987,0.34051671624183655,0.6541987657546997,0.45394137501716614,0.6270232796669006,0.35350507497787476,0.7028261423110962,-0.0352991484105587,0.9353137612342834,0.3817289471626282,0.6694273948669434,0.4584009349346161,0.5500851273536682,0.4240322411060333,0.7070692777633667,-0.08221444487571716,0.9082825183868408
180,0.5493566393852234,0.39639341831207275,0.12161342799663544,0.9997520446777344,0.5528485178947449,0.38895291090011597,0.09265981614589691,0.9997923970222473,0.5514972805976868,0.38793545961380005,0.09251859784126282,0.9997673034667969,0.5499361753463745,0.3868536949157715,0.09245352447032928,0.9997774362564087,0.5555851459503174,0.3905436396598816,0.07196523994207382,0.9997463822364807,0.5560141801834106,0.3906197249889374,0.07186708599328995,0.9997053146362305,0.5564888715744019,0.3905879855155945,0.07188775390386581,0.9997354745864868,0.5349658131599426,0.38259923458099365,0.015364430844783783,0.9996653199195862,0.547544538974762,0.38916561007499695,-0.07797399163246155,0.9996535778045654,0.5342827439308167,0.3988530933856964,0.10656549781560898,0.9995027184486389,0.5384413003921509,0.40150347352027893,0.07853720337152481,0.9996390342712402,0.4300310015678406,0.3878041207790375,0.0660114735364914,0.9997507929801941,0.5283134579658508,0.4196322560310364,-0.13348731398582458,0.9999057650566101,0.32765141129493713,0.3881438374519348,0.2847136855125427,0.6431090235710144,0.4811677634716034,0.4443458020687103,-0.03634895756840706,0.5826891660690308,0.38570505380630493,0.37217432260513306,0.4488993287086487,0.49725162982940674,0.49000900983810425,0.3937108814716339,0.16289255023002625,0.2582642138004303,0.384203165769577,0.3596007227897644,0.49170324206352234,0.5049917101860046,0.4985200762748718,0.38174697756767273,0.17267613112926483,0.2625768184661865,0.3940933346748352,0.359990656375885,0.4545292258262634,0.5048973560333252,0.49331939220428467,0.37660279870033264,0.1789136826992035,0.257156103849411,0.3963712453842163,0.36402860283851624,0.4410482943058014,0.4873010814189911,0.4869101643562317,0.3800692558288574,0.17162132263183594,0.2502571642398834,0.361113578081131,0.4998725950717926,0.10442628711462021,0.9995346069335938,0.4110566973686218,0.5164608359336853,-0.10423845797777176,0.9998611211776733,0.3703147768974304,0.5776437520980835,0.2634464502334595,0.30560988187789917,0.402420312166214,0.5959064960479736,-0.03193205967545509,0.9566122889518738,0.3592681884765625,0.6484676003456116,0.43082207441329956,0.5202237963676453,0.37408217787742615,0.6841716766357422,0.012318456545472145,0.9550682306289673,0.34369030594825745,0.6559261083602905,0.4502808451652527,0.6123300194740295,0.35633599758148193,0.7009592652320862,0.020483054220676422,0.9331936836242676,0.3846493065357208,0.6733310222625732,0.4513546824455261,0.5405481457710266,0.42686590552330017,0.7068873643875122,-0.020525634288787842,0.9085438847541809
181,0.5457851886749268,0.3930826783180237,0.17699231207370758,0.9997735023498535,0.549399733543396,0.38606223464012146,0.14219902455806732,0.9998114109039307,0.5482957363128662,0.3850141167640686,0.14207345247268677,0.9997885823249817,0.546995997428894,0.383927583694458,0.14203813672065735,0.9997977614402771,0.552100658416748,0.38757526874542236,0.12469100207090378,0.9997696280479431,0.5526936650276184,0.3875523805618286,0.12458563596010208,0.9997321963310242,0.5533735752105713,0.3874654471874237,0.12457582354545593,0.999759316444397,0.5331709384918213,0.37966006994247437,0.04302133992314339,0.9996972680091858,0.5463411808013916,0.38558855652809143,-0.0370081327855587,0.9996854662895203,0.5333301424980164,0.39416518807411194,0.15414653718471527,0.9995463490486145,0.5363737344741821,0.3965684771537781,0.13031883537769318,0.9996707439422607,0.42684948444366455,0.3886234760284424,0.07491227239370346,0.9997565150260925,0.5330869555473328,0.4201940894126892,-0.09840120375156403,0.9999107718467712,0.3388073146343231,0.40525954961776733,0.28517693281173706,0.6330181360244751,0.4811795651912689,0.44794154167175293,0.06510572880506516,0.5819100737571716,0.3827382028102875,0.3737635016441345,0.45700421929359436,0.479250431060791,0.48195937275886536,0.3962399661540985,0.3513626456260681,0.24825192987918854,0.38229671120643616,0.3609805107116699,0.5079560875892639,0.488585501909256,0.4885439872741699,0.3845691382884979,0.3791864514350891,0.25330784916877747,0.39385250210762024,0.3614382743835449,0.4716742932796478,0.4889470040798187,0.4830600619316101,0.3787788450717926,0.3826729357242584,0.24810382723808289,0.3937095105648041,0.3681618571281433,0.45086944103240967,0.47239336371421814,0.47770312428474426,0.3821222186088562,0.3620970547199249,0.24163004755973816,0.35841700434684753,0.49876052141189575,0.11062248051166534,0.9995520114898682,0.41447481513023376,0.5153641700744629,-0.11046436429023743,0.9998700022697449,0.3634241223335266,0.568203866481781,0.30043959617614746,0.306857168674469,0.41934293508529663,0.5971440076828003,-0.0928315594792366,0.9594729542732239,0.348692923784256,0.6407200694084167,0.46542686223983765,0.5185393691062927,0.3727213144302368,0.685045599937439,-0.09116487205028534,0.9573599696159363,0.3395921587944031,0.6494636535644531,0.4863591492176056,0.6162534952163696,0.3532853126525879,0.7013944387435913,-0.08587104827165604,0.9361132979393005,0.3786561191082001,0.6659536361694336,0.5128439664840698,0.5336083173751831,0.4239649176597595,0.7059376835823059,-0.1227121353149414,0.9104834198951721
182,0.5369811058044434,0.393157422542572,0.10735785961151123,0.9997860789299011,0.5432445406913757,0.38684365153312683,0.07938508689403534,0.9998250007629395,0.5430669188499451,0.3863290548324585,0.07929795235395432,0.9998036026954651,0.5422046184539795,0.38556212186813354,0.07925201952457428,0.9998124837875366,0.5430976152420044,0.38680195808410645,0.06268707662820816,0.9997860193252563,0.5431530475616455,0.3863259553909302,0.06260644644498825,0.9997506737709045,0.5431867837905884,0.3857359290122986,0.06263437122106552,0.999775230884552,0.5306320190429688,0.38128936290740967,0.005955552216619253,0.9997225403785706,0.5375621914863586,0.3836255669593811,-0.07001309841871262,0.9997074604034424,0.5243532061576843,0.39633628726005554,0.09347333759069443,0.9995642304420471,0.5262405872344971,0.39707425236701965,0.07058481872081757,0.9996821880340576,0.423730731010437,0.38685935735702515,0.05681992694735527,0.9997432827949524,0.5303245782852173,0.41954511404037476,-0.10408615320920944,0.999905526638031,0.3499939739704132,0.4072173237800598,0.23535919189453125,0.6255471706390381,0.49372613430023193,0.4519551694393158,0.0813831239938736,0.571451723575592,0.3801605999469757,0.37531524896621704,0.3675084114074707,0.47304317355155945,0.49720752239227295,0.4010569453239441,0.37834590673446655,0.24239742755889893,0.3742315173149109,0.3585176467895508,0.4087579846382141,0.483482301235199,0.5052247643470764,0.38881173729896545,0.40668433904647827,0.24887225031852722,0.38832682371139526,0.3621566891670227,0.37445899844169617,0.484009712934494,0.4979417026042938,0.38283273577690125,0.4089829623699188,0.2438153177499771,0.3900197446346283,0.3669806718826294,0.3606434166431427,0.46771106123924255,0.5027637481689453,0.38907110691070557,0.38887614011764526,0.23788858950138092,0.3604719042778015,0.49757829308509827,0.09785044193267822,0.9995346069335938,0.4139384329319,0.5135707259178162,-0.09772365540266037,0.9998653531074524,0.370601624250412,0.5777166485786438,0.22434569895267487,0.30178672075271606,0.4215705394744873,0.5962911248207092,-0.08606395125389099,0.9586387872695923,0.3637520372867584,0.6510745882987976,0.3476608693599701,0.5124696493148804,0.37313568592071533,0.6817846298217773,-0.08413984626531601,0.9564029574394226,0.34244483709335327,0.6606829762458801,0.36319348216056824,0.6102994680404663,0.3557600975036621,0.6988727450370789,-0.08099202811717987,0.9341806769371033,0.3825700879096985,0.6750434041023254,0.3614313006401062,0.5316389203071594,0.4238981604576111,0.7039574980735779,-0.12946705520153046,0.9098507761955261
183,0.5421972870826721,0.38898777961730957,0.13119423389434814,0.9998031854629517,0.5472030639648438,0.3818681240081787,0.09883956611156464,0.9998400211334229,0.5462056398391724,0.3809109330177307,0.09875158965587616,0.9998202919960022,0.5440306663513184,0.37960702180862427,0.09872499853372574,0.999828577041626,0.5491349697113037,0.3832342326641083,0.08594997227191925,0.9998042583465576,0.5494261980056763,0.38320624828338623,0.08588559180498123,0.9997715950012207,0.5498398542404175,0.38312798738479614,0.08592289686203003,0.9997938275337219,0.5294105410575867,0.3758106231689453,0.009325288236141205,0.9997478723526001,0.541837751865387,0.38169482350349426,-0.04976697638630867,0.9997318983078003,0.5289897322654724,0.3908831775188446,0.11196104437112808,0.9995961785316467,0.532196581363678,0.3926689624786377,0.09410994499921799,0.9997053146362305,0.4212293326854706,0.3867272734642029,0.04571203514933586,0.9997473955154419,0.5293359160423279,0.4186578691005707,-0.08126796782016754,0.999908447265625,0.33326953649520874,0.4113134443759918,0.25152063369750977,0.6127929091453552,0.47358042001724243,0.44806212186813354,0.0906330868601799,0.5598176717758179,0.38047030568122864,0.3777622580528259,0.4322054982185364,0.45929571986198425,0.472565621137619,0.4019084870815277,0.35357022285461426,0.23402005434036255,0.38393986225128174,0.3675119876861572,0.47766444087028503,0.470747172832489,0.47836577892303467,0.38884568214416504,0.38104817271232605,0.2415456622838974,0.3938367962837219,0.3666507303714752,0.4437306225299835,0.47153201699256897,0.47165632247924805,0.3829166293144226,0.3812190592288971,0.23673324286937714,0.39505741000175476,0.37117278575897217,0.4268273115158081,0.4562128484249115,0.46632084250450134,0.38675084710121155,0.3618795573711395,0.23176001012325287,0.3592863380908966,0.4967101514339447,0.08554469794034958,0.9995368719100952,0.4166930019855499,0.5119370818138123,-0.08539837598800659,0.9998679757118225,0.3614802062511444,0.570774257183075,0.237861767411232,0.3006021976470947,0.4262297451496124,0.5915254950523376,-0.06279671937227249,0.9578835964202881,0.3643907308578491,0.6482152342796326,0.35729435086250305,0.5085533261299133,0.3767378628253937,0.6781433820724487,-0.058348722755908966,0.9550960659980774,0.34457364678382874,0.6555983424186707,0.3727200925350189,0.6049714088439941,0.3589648902416229,0.6949318051338196,-0.05415748059749603,0.9316485524177551,0.38101255893707275,0.6688472032546997,0.38197755813598633,0.5257906317710876,0.42696413397789,0.7025830745697021,-0.09087051451206207,0.906072735786438
184,0.5405517220497131,0.38633960485458374,0.14058302342891693,0.9998193979263306,0.5452569723129272,0.3791879415512085,0.10786942392587662,0.999853789806366,0.5430272817611694,0.37800031900405884,0.1077713668346405,0.9998356103897095,0.5416970252990723,0.37696805596351624,0.10774160921573639,0.9998432993888855,0.5476436018943787,0.38056135177612305,0.09782259911298752,0.9998208284378052,0.5483472943305969,0.3806261718273163,0.09776787459850311,0.999790608882904,0.5489516854286194,0.38060566782951355,0.09781230241060257,0.9998107552528381,0.5271023511886597,0.3736988306045532,0.014392131939530373,0.9997707605361938,0.5407884120941162,0.37953829765319824,-0.03281532973051071,0.9997538924217224,0.5258928537368774,0.3885849118232727,0.11952919512987137,0.9996254444122314,0.5295886993408203,0.39044636487960815,0.10524296015501022,0.9997270703315735,0.4157988131046295,0.3875032067298889,0.03947128355503082,0.9997537732124329,0.5289546251296997,0.4179926812648773,-0.05641815811395645,0.999910831451416,0.3323269486427307,0.4122156500816345,0.2289993315935135,0.6037881970405579,0.46790462732315063,0.44693392515182495,0.11575304716825485,0.5397956967353821,0.3789936900138855,0.37720775604248047,0.39644041657447815,0.45174166560173035,0.4663729667663574,0.3993791341781616,0.3668103814125061,0.2244914323091507,0.38068005442619324,0.36738044023513794,0.43571335077285767,0.46379002928733826,0.4724639356136322,0.38585370779037476,0.39388373494148254,0.23318231105804443,0.390551894903183,0.3670196533203125,0.40346559882164,0.46490946412086487,0.4659233093261719,0.38028156757354736,0.3927499055862427,0.22861608862876892,0.39237159490585327,0.37156420946121216,0.3908626437187195,0.45015808939933777,0.4604748487472534,0.3842316269874573,0.3742775321006775,0.22466038167476654,0.3583477735519409,0.4973023533821106,0.0733317881822586,0.9995470643043518,0.41818565130233765,0.512006938457489,-0.07320360839366913,0.9998733401298523,0.35019993782043457,0.561195969581604,0.23090554773807526,0.3013709485530853,0.42399388551712036,0.5895299911499023,-0.06272352486848831,0.957033097743988,0.3490544855594635,0.6335298418998718,0.3793315887451172,0.5029638409614563,0.37578555941581726,0.6778887510299683,-0.05624996870756149,0.9544413089752197,0.34373942017555237,0.6428967714309692,0.3984677493572235,0.5970602035522461,0.35807371139526367,0.6937358379364014,-0.05200567841529846,0.9289532899856567,0.36129429936408997,0.6474736332893372,0.4208355247974396,0.519325315952301,0.4270615577697754,0.701248049736023,-0.08793240040540695,0.9036392569541931
185,0.5403260588645935,0.385295569896698,0.09312212467193604,0.9998349547386169,0.544533371925354,0.37842488288879395,0.06395814567804337,0.9998668432235718,0.5430026054382324,0.3777160048484802,0.06384654343128204,0.9998500347137451,0.5403356552124023,0.3767637014389038,0.06380472332239151,0.9998571872711182,0.5472289323806763,0.37933647632598877,0.050169024616479874,0.9998367428779602,0.5474287867546082,0.3792409896850586,0.050118982791900635,0.9998089075088501,0.5477520823478699,0.37912681698799133,0.05015847831964493,0.9998271465301514,0.5246526002883911,0.37356168031692505,-0.012974396347999573,0.9997919797897339,0.5380049347877502,0.37808382511138916,-0.0768471211194992,0.9997752904891968,0.5245165824890137,0.3881826400756836,0.07907012850046158,0.9996522665023804,0.5277887582778931,0.3897915780544281,0.059848181903362274,0.9997478723526001,0.4141809344291687,0.38521528244018555,0.02955058589577675,0.9997490644454956,0.5258750915527344,0.4180496335029602,-0.10037539899349213,0.9999134540557861,0.3301577568054199,0.41217368841171265,0.21235261857509613,0.5790248513221741,0.466472327709198,0.44713306427001953,0.08040997385978699,0.5193125009536743,0.382413387298584,0.38264065980911255,0.35703933238983154,0.4351520240306854,0.45552846789360046,0.40320056676864624,0.33943378925323486,0.21611963212490082,0.38068529963493347,0.3683053255081177,0.39039093255996704,0.4481804072856903,0.45951399207115173,0.3901507556438446,0.36125242710113525,0.22573396563529968,0.3933730721473694,0.3725934624671936,0.35608580708503723,0.4498283565044403,0.45411381125450134,0.38514071702957153,0.3610437214374542,0.22145622968673706,0.39123445749282837,0.37520813941955566,0.34929969906806946,0.43598446249961853,0.4486619830131531,0.3890545070171356,0.3471377193927765,0.21843212842941284,0.35829129815101624,0.5024786591529846,0.08575510233640671,0.9995435476303101,0.4174898862838745,0.5156532526016235,-0.08554011583328247,0.9998776316642761,0.3570457994937897,0.5720500946044922,0.2919121980667114,0.29059654474258423,0.4249584972858429,0.5998517274856567,-0.03829289972782135,0.9544788599014282,0.3518259525299072,0.6407714486122131,0.4877474904060364,0.4836050868034363,0.3732874095439911,0.6862190961837769,0.00278336345218122,0.9522278904914856,0.3431090712547302,0.6498462557792664,0.5113913416862488,0.5785265564918518,0.3535057604312897,0.7038184404373169,0.010294675827026367,0.9239596128463745,0.3709730803966522,0.6581580638885498,0.5329409241676331,0.5044655203819275,0.42674678564071655,0.7079780697822571,-0.029915647581219673,0.9004828333854675
186,0.5349085330963135,0.38342997431755066,0.1295240968465805,0.999849796295166,0.5386218428611755,0.3767794072628021,0.09479247033596039,0.9998791217803955,0.536436140537262,0.37611114978790283,0.09470907598733902,0.9998637437820435,0.5348464846611023,0.3755309283733368,0.09473127871751785,0.9998703598976135,0.541579008102417,0.3773539662361145,0.08212611824274063,0.9998517036437988,0.5422398447990417,0.37724950909614563,0.08207681775093079,0.999826192855835,0.5428705811500549,0.3771134614944458,0.08211498707532883,0.9998427629470825,0.5193078517913818,0.3723589777946472,0.0031027505174279213,0.9998116493225098,0.5328782796859741,0.3762674033641815,-0.054116953164339066,0.9997953772544861,0.5199283957481384,0.3869316577911377,0.11018124967813492,0.9996811151504517,0.5230198502540588,0.38853850960731506,0.09303495287895203,0.9997687339782715,0.40781623125076294,0.38632136583328247,0.029666664078831673,0.9997426271438599,0.523065984249115,0.4176674485206604,-0.09090418368577957,0.9999158978462219,0.3252825140953064,0.4139757752418518,0.21369391679763794,0.5615489482879639,0.47021394968032837,0.4418417811393738,0.09872878342866898,0.5218993425369263,0.3818574547767639,0.3861503005027771,0.3861117362976074,0.40817105770111084,0.4679821729660034,0.3951081335544586,0.3830629587173462,0.2082231342792511,0.38671764731407166,0.3713308572769165,0.4270246624946594,0.42047280073165894,0.4729976952075958,0.38078778982162476,0.4106025695800781,0.21784745156764984,0.3935873806476593,0.3752351403236389,0.3953046500682831,0.4222475588321686,0.465595543384552,0.37509649991989136,0.41000449657440186,0.21383507549762726,0.39523789286613464,0.37905851006507874,0.3803156912326813,0.41034868359565735,0.4603045880794525,0.37928053736686707,0.39095214009284973,0.2114051729440689,0.35782572627067566,0.5024356245994568,0.08415615558624268,0.9995535612106323,0.4158768653869629,0.5163313746452332,-0.08388631045818329,0.9998844861984253,0.36742904782295227,0.5794764757156372,0.2641458511352539,0.2986454665660858,0.40495172142982483,0.5982356071472168,-0.04942668229341507,0.9559765458106995,0.366624653339386,0.6532844305038452,0.3809528350830078,0.48960793018341064,0.37797826528549194,0.6860970258712769,-0.04521840810775757,0.9529439210891724,0.3514741361141205,0.6629574298858643,0.395649790763855,0.58450847864151,0.3592313528060913,0.7004738450050354,-0.041136883199214935,0.9249724745750427,0.39405980706214905,0.6760725975036621,0.41604867577552795,0.5006798505783081,0.4254617393016815,0.7085069417953491,-0.06967286020517349,0.8965274691581726
187,0.5240832567214966,0.376644492149353,0.14181752502918243,0.9998587965965271,0.5287641882896423,0.37055227160453796,0.10275175422430038,0.9998875260353088,0.5272225737571716,0.3703796863555908,0.10270804166793823,0.9998728036880493,0.5241951942443848,0.36989259719848633,0.10275427252054214,0.9998786449432373,0.5327661037445068,0.3704644441604614,0.09560000896453857,0.999862015247345,0.5339265465736389,0.3702329695224762,0.0955674946308136,0.9998380541801453,0.5355374813079834,0.37005844712257385,0.0955977514386177,0.9998530745506287,0.5090934038162231,0.36865198612213135,-0.006881107110530138,0.9998266100883484,0.529706597328186,0.3710966408252716,-0.03996273875236511,0.9998099207878113,0.510046660900116,0.38208553194999695,0.115665964782238,0.9996923804283142,0.5137139558792114,0.3837531805038452,0.10565822571516037,0.9997791051864624,0.40488025546073914,0.38527554273605347,0.0005449092132039368,0.9996782541275024,0.5275081396102905,0.4190753400325775,-0.07961452007293701,0.999917209148407,0.33222338557243347,0.41882920265197754,0.14491154253482819,0.5435429215431213,0.49460479617118835,0.4580592215061188,0.11283255368471146,0.5248030424118042,0.3722691833972931,0.39954081177711487,0.3242659270763397,0.37775343656539917,0.4660894274711609,0.4205520749092102,0.389909565448761,0.19720126688480377,0.38508665561676025,0.38298261165618896,0.3595535159111023,0.38890713453292847,0.4653570353984833,0.4102718234062195,0.42406511306762695,0.20640243589878082,0.393338680267334,0.3843972682952881,0.33691486716270447,0.39052462577819824,0.4578086733818054,0.4052906632423401,0.4167444109916687,0.20263369381427765,0.39194074273109436,0.3932243287563324,0.32155489921569824,0.380097895860672,0.4536643624305725,0.4085301458835602,0.39489999413490295,0.20099052786827087,0.3564108610153198,0.5026077628135681,0.06823007017374039,0.9995438456535339,0.42220214009284973,0.5154545903205872,-0.06800764799118042,0.9998899698257446,0.3651449978351593,0.573837399482727,0.22918544709682465,0.3158450126647949,0.40496954321861267,0.59818035364151,-0.03734634444117546,0.95737224817276,0.3647572696208954,0.6523423194885254,0.33237242698669434,0.4995081126689911,0.3773200511932373,0.6855209469795227,-0.0609985813498497,0.9539867043495178,0.35329490900039673,0.6606323719024658,0.34638798236846924,0.6020521521568298,0.3543303608894348,0.7048965692520142,-0.059699155390262604,0.928092896938324,0.39614689350128174,0.6685864329338074,0.3932091295719147,0.492726594209671,0.4281279146671295,0.7042805552482605,-0.07581516355276108,0.8882750272750854
188,0.5199270844459534,0.3769753575325012,0.15496893227100372,0.9998653531074524,0.5220315456390381,0.3706420660018921,0.1158958226442337,0.9998939633369446,0.5199742317199707,0.3698430061340332,0.11582963913679123,0.9998797178268433,0.5177147388458252,0.3689121603965759,0.11585262417793274,0.9998852610588074,0.528182864189148,0.3719746470451355,0.11099521070718765,0.9998693466186523,0.5299400687217712,0.37215083837509155,0.11095774173736572,0.9998460412025452,0.5325978994369507,0.37242239713668823,0.1109854131937027,0.9998598098754883,0.5036273002624512,0.3677138090133667,0.008077648468315601,0.9998388886451721,0.5272842049598694,0.3737853765487671,-0.014072803780436516,0.9998179078102112,0.5054228901863098,0.38115817308425903,0.12943880259990692,0.9996968507766724,0.5124787092208862,0.3828739523887634,0.1226259097456932,0.999781608581543,0.40370306372642517,0.3868393301963806,0.01414251048117876,0.999609112739563,0.5244819521903992,0.41754621267318726,-0.048845868557691574,0.999908983707428,0.33317461609840393,0.416867196559906,0.1751968413591385,0.5348306894302368,0.4888111650943756,0.44889870285987854,0.1315329372882843,0.5180990695953369,0.38318032026290894,0.38709861040115356,0.36524564027786255,0.3562853932380676,0.47148171067237854,0.3908895254135132,0.38992682099342346,0.18651486933231354,0.39032813906669617,0.3729459047317505,0.40260809659957886,0.36642375588417053,0.4744625389575958,0.3756703734397888,0.4197554588317871,0.19597585499286652,0.3972766101360321,0.37325865030288696,0.3784983456134796,0.36793261766433716,0.46585819125175476,0.36992499232292175,0.4138903319835663,0.19250503182411194,0.3963218331336975,0.3799271583557129,0.3625428378582001,0.359028160572052,0.4609135389328003,0.37464675307273865,0.3943791687488556,0.1916981041431427,0.35518619418144226,0.5035360455513,0.06560036540031433,0.9995335936546326,0.41587936878204346,0.5170218348503113,-0.06538520008325577,0.999893069267273,0.36513176560401917,0.5794196724891663,0.21908923983573914,0.32525554299354553,0.40586715936660767,0.5987915992736816,-0.04397258907556534,0.9577553868293762,0.3667832612991333,0.6530805230140686,0.3014143407344818,0.5064086318016052,0.37568917870521545,0.6889564990997314,-0.07944655418395996,0.9537878036499023,0.3533708155155182,0.6652648448944092,0.31298828125,0.6112437844276428,0.35384148359298706,0.7080355286598206,-0.07940448075532913,0.9288052916526794,0.3909498453140259,0.6754266023635864,0.34452080726623535,0.4844123125076294,0.4271963834762573,0.7115083932876587,-0.10461103916168213,0.8777104616165161
189,0.5173614621162415,0.3766270875930786,0.138539656996727,0.9998729228973389,0.5203884243965149,0.37076064944267273,0.09923732280731201,0.9999008774757385,0.5177834033966064,0.37015265226364136,0.09918250888586044,0.999887228012085,0.5155972242355347,0.36946749687194824,0.09923453629016876,0.99989253282547,0.5261532664299011,0.37123730778694153,0.09421976655721664,0.9998774528503418,0.5282639265060425,0.37114930152893066,0.09417430311441422,0.9998550415039062,0.5305440425872803,0.3710710108280182,0.09419412910938263,0.9998679161071777,0.5015138983726501,0.36794865131378174,-0.007431508507579565,0.999850869178772,0.5250118970870972,0.37243640422821045,-0.029689550399780273,0.9998279809951782,0.5034127235412598,0.38072115182876587,0.11314661055803299,0.999706506729126,0.5101911425590515,0.38191115856170654,0.10635582357645035,0.9997873306274414,0.3998440206050873,0.3840712606906891,-0.0079256072640419,0.999553382396698,0.5240508913993835,0.4163385331630707,-0.05995514243841171,0.9999052286148071,0.32855886220932007,0.41529637575149536,0.1441635936498642,0.5248974561691284,0.4736674129962921,0.44170331954956055,0.1281467080116272,0.5235404968261719,0.38289323449134827,0.3901732265949249,0.33712589740753174,0.33182287216186523,0.47444507479667664,0.4021924138069153,0.3978849947452545,0.17875252664089203,0.3863014280796051,0.37996727228164673,0.3736168444156647,0.3409329354763031,0.4789012372493744,0.38883641362190247,0.4293532073497772,0.1876446157693863,0.400762140750885,0.38381826877593994,0.34799331426620483,0.34232601523399353,0.4707735776901245,0.38293516635894775,0.4252968728542328,0.1843554973602295,0.39262232184410095,0.3880951404571533,0.33356422185897827,0.33505308628082275,0.4654887318611145,0.38689476251602173,0.4032899737358093,0.18426011502742767,0.35988688468933105,0.505363941192627,0.05657577142119408,0.9995302557945251,0.41938191652297974,0.5188902020454407,-0.05637522414326668,0.9998978972434998,0.3558136522769928,0.5729280710220337,0.1966586709022522,0.3448195457458496,0.40379491448402405,0.6009314060211182,-0.013718015514314175,0.9589094519615173,0.36077356338500977,0.6517374515533447,0.290313184261322,0.5171878933906555,0.3758320212364197,0.6914923191070557,-0.03356652706861496,0.9542739987373352,0.3564974367618561,0.6631327867507935,0.3036462664604187,0.6239030361175537,0.35232651233673096,0.709331214427948,-0.03173067793250084,0.9309608340263367,0.38981711864471436,0.6723787188529968,0.3458406627178192,0.4787752628326416,0.4284205138683319,0.7086114883422852,-0.04513845592737198,0.8682471513748169
190,0.5098634958267212,0.37425708770751953,0.21555037796497345,0.9998822808265686,0.5126672983169556,0.36758825182914734,0.16792935132980347,0.9999089241027832,0.5104515552520752,0.3669195771217346,0.1678813099861145,0.9998963475227356,0.5067956447601318,0.3658965229988098,0.16797523200511932,0.9999010562896729,0.519496738910675,0.3681415319442749,0.16595569252967834,0.9998874664306641,0.5217163562774658,0.36798709630966187,0.16588343679904938,0.9998669624328613,0.524133026599884,0.36792510747909546,0.16588442027568817,0.9998785853385925,0.49509865045547485,0.3646102249622345,0.02729744464159012,0.999863862991333,0.5206036567687988,0.3690873384475708,0.019089844077825546,0.9998422861099243,0.4977134168148041,0.3780805468559265,0.1769995540380478,0.9997283220291138,0.5046374201774597,0.3790299892425537,0.1745334416627884,0.999802827835083,0.39672547578811646,0.3829461336135864,-0.0038448700215667486,0.9995391964912415,0.5223209857940674,0.41418832540512085,-0.04059905931353569,0.9999091625213623,0.32673928141593933,0.4142231047153473,0.167775958776474,0.5227117538452148,0.4687357544898987,0.4479564130306244,0.1517365574836731,0.5442505478858948,0.3672540783882141,0.40447741746902466,0.41406670212745667,0.3048911988735199,0.46102824807167053,0.41940736770629883,0.4427648186683655,0.16885977983474731,0.38303467631340027,0.4017661213874817,0.462300568819046,0.3130660355091095,0.46041709184646606,0.410982221364975,0.4846424460411072,0.17706458270549774,0.3996606469154358,0.4053271412849426,0.43829217553138733,0.31429848074913025,0.4530458152294159,0.40511375665664673,0.473996639251709,0.17402788996696472,0.39453554153442383,0.4060506224632263,0.4136616885662079,0.3082828223705292,0.4497028887271881,0.40735238790512085,0.4464796185493469,0.1743423491716385,0.358391135931015,0.5009921789169312,0.055286310613155365,0.9995559453964233,0.4207327663898468,0.5144736766815186,-0.05510326847434044,0.9999057054519653,0.3650433123111725,0.579258382320404,0.18682749569416046,0.38958045840263367,0.403961718082428,0.5958077907562256,0.002735437825322151,0.9621415138244629,0.36641430854797363,0.6554533839225769,0.20669260621070862,0.550359845161438,0.3749437928199768,0.6796798706054688,-0.05358467996120453,0.9569776058197021,0.3584577441215515,0.6688753962516785,0.21250896155834198,0.6531862020492554,0.3550238311290741,0.6974562406539917,-0.05422435700893402,0.9359627366065979,0.39220601320266724,0.6737434267997742,0.2570500671863556,0.48393577337265015,0.4204117953777313,0.7014442682266235,-0.05241423100233078,0.8593987226486206
191,0.5072301626205444,0.3671897053718567,0.1112847626209259,0.9998928904533386,0.5089200735092163,0.3610735535621643,0.07080747932195663,0.9999172687530518,0.504996657371521,0.3600395619869232,0.07076940685510635,0.9999058246612549,0.5017854571342468,0.3589954972267151,0.07088220119476318,0.9999099969863892,0.5180436968803406,0.3626970946788788,0.06680496782064438,0.9998977780342102,0.5209888219833374,0.3630659282207489,0.06676090508699417,0.9998791217803955,0.5240752696990967,0.36355698108673096,0.06677433848381042,0.999889612197876,0.48785337805747986,0.3600030541419983,-0.03668208047747612,0.9998764991760254,0.5199576616287231,0.3670980930328369,-0.05444776639342308,0.9998565316200256,0.49407705664634705,0.3716369867324829,0.08515791594982147,0.999750018119812,0.5034458041191101,0.37368011474609375,0.07993350178003311,0.999818742275238,0.3930377960205078,0.38552165031433105,-0.050562534481287,0.9995228052139282,0.5208938121795654,0.4129645824432373,-0.08212388306856155,0.9999126195907593,0.32761725783348083,0.4172561764717102,0.11323203146457672,0.5219064950942993,0.4733089804649353,0.4458851218223572,0.12183103710412979,0.5641335248947144,0.37814921140670776,0.39804017543792725,0.3384850323200226,0.28200048208236694,0.4741189181804657,0.41217121481895447,0.40461045503616333,0.16308443248271942,0.39339780807495117,0.3940458297729492,0.3762776553630829,0.2889077365398407,0.4764081835746765,0.40076208114624023,0.43827229738235474,0.1700817197561264,0.4111364483833313,0.3976217806339264,0.35436156392097473,0.2899768352508545,0.4676287770271301,0.39388853311538696,0.4288251996040344,0.16718347370624542,0.39780935645103455,0.3950418531894684,0.3372727334499359,0.2851748764514923,0.46311670541763306,0.39723193645477295,0.40782126784324646,0.16763697564601898,0.35976991057395935,0.5032145380973816,0.052061207592487335,0.9995812177658081,0.4217062294483185,0.5145130157470703,-0.05170286074280739,0.9999133348464966,0.3602359890937805,0.5742901563644409,0.23848332464694977,0.42874735593795776,0.40919020771980286,0.5951064229011536,0.013558843173086643,0.9649981260299683,0.3659379184246063,0.6477081775665283,0.3459910452365875,0.5767347812652588,0.3843892514705658,0.6827836036682129,0.005434760358184576,0.9596291184425354,0.3644542396068573,0.6621474623680115,0.36082425713539124,0.6781193614006042,0.3574495017528534,0.7008938789367676,0.008999019861221313,0.9405041933059692,0.39635175466537476,0.6673358678817749,0.42210251092910767,0.4872514605522156,0.4279073178768158,0.7001793384552002,0.009824241511523724,0.8556116223335266
192,0.506331205368042,0.36644864082336426,0.14150996506214142,0.9999006390571594,0.5064321160316467,0.35956478118896484,0.09878457337617874,0.9999237060546875,0.5028665661811829,0.3585624098777771,0.09873156249523163,0.9999131560325623,0.49799680709838867,0.35722607374191284,0.09881207346916199,0.9999167919158936,0.5157526135444641,0.3612483739852905,0.09128479659557343,0.9999058842658997,0.5185278654098511,0.3615416884422302,0.09122908115386963,0.9998887777328491,0.5214458107948303,0.3618900775909424,0.09120694547891617,0.9998982548713684,0.48356521129608154,0.3583771586418152,-0.01596440002322197,0.9998868703842163,0.5168077945709229,0.3649597764015198,-0.04948955774307251,0.9998681545257568,0.4928460121154785,0.37098026275634766,0.11322534084320068,0.9997655749320984,0.503362238407135,0.3729216158390045,0.10347158461809158,0.9998304843902588,0.3914647102355957,0.3848746418952942,-0.024683864787220955,0.9994792938232422,0.515974760055542,0.41048917174339294,-0.09570543467998505,0.9999138116836548,0.334791362285614,0.41402584314346313,0.15325193107128143,0.5158630013465881,0.4755426049232483,0.44060730934143066,0.10515496879816055,0.5838441252708435,0.388426810503006,0.39662420749664307,0.39191508293151855,0.2605261504650116,0.476471871137619,0.40554505586624146,0.4123348593711853,0.15679112076759338,0.4054061770439148,0.38924017548561096,0.4357226490974426,0.26633939146995544,0.47758835554122925,0.39363783597946167,0.45019108057022095,0.16304902732372284,0.42381128668785095,0.391605019569397,0.415952205657959,0.26733216643333435,0.4691060483455658,0.38683605194091797,0.4395846128463745,0.16042354702949524,0.4178054928779602,0.39391833543777466,0.3916672468185425,0.2635924220085144,0.464905321598053,0.39024513959884644,0.4162103831768036,0.16087870299816132,0.3590651750564575,0.506929874420166,0.06593553721904755,0.9996004700660706,0.4212706387042999,0.5160514712333679,-0.06556635349988937,0.9999200105667114,0.3624234199523926,0.5761098861694336,0.26485204696655273,0.46431276202201843,0.4058438539505005,0.5985487103462219,0.017917456105351448,0.9678248763084412,0.3655155301094055,0.6551132798194885,0.3718196153640747,0.6015393137931824,0.37625300884246826,0.6852659583091736,0.00010051327990368009,0.9623309373855591,0.3594841957092285,0.6636369228363037,0.387039452791214,0.7016337513923645,0.3538767397403717,0.7040663957595825,0.0029218352865427732,0.9447466731071472,0.3947809338569641,0.6682823896408081,0.44834837317466736,0.4892773926258087,0.4258241355419159,0.7063934206962585,-0.004075811710208654,0.8520455360412598
193,0.5028032660484314,0.363872230052948,0.17480364441871643,0.9999077916145325,0.5027021169662476,0.3569847643375397,0.1293468326330185,0.9999296069145203,0.4991875886917114,0.3561108112335205,0.1293058544397354,0.9999199509620667,0.4944583773612976,0.35497552156448364,0.12941227853298187,0.9999229907989502,0.5122809410095215,0.3586004376411438,0.12325894087553024,0.9999133944511414,0.515379786491394,0.3589298129081726,0.12319237738847733,0.9998977780342102,0.5187382698059082,0.3593592941761017,0.12315541505813599,0.9999063014984131,0.4806446433067322,0.3567672371864319,0.0011697931913658977,0.9998962879180908,0.5159848928451538,0.362720787525177,-0.025591466575860977,0.9998791217803955,0.4897317588329315,0.36912864446640015,0.1412009745836258,0.9997813105583191,0.500808835029602,0.37059611082077026,0.1334964781999588,0.9998422861099243,0.39131543040275574,0.38370347023010254,-0.020443832501769066,0.9994373917579651,0.5172982811927795,0.40891847014427185,-0.08421450108289719,0.9999160170555115,0.3341645896434784,0.4145483374595642,0.14873023331165314,0.511288583278656,0.47472289204597473,0.44134625792503357,0.11958169937133789,0.6065447926521301,0.38066861033439636,0.40248212218284607,0.3885837495326996,0.2398693561553955,0.4647398293018341,0.4136179983615875,0.436408668756485,0.15032871067523956,0.3984970450401306,0.3969506323337555,0.43426722288131714,0.24483580887317657,0.462862491607666,0.40435343980789185,0.4789910912513733,0.15567027032375336,0.416117787361145,0.3990749716758728,0.41464996337890625,0.2457582652568817,0.4550471901893616,0.3981715440750122,0.4659454822540283,0.15328441560268402,0.4097570776939392,0.4005209803581238,0.3886764645576477,0.24295879900455475,0.45200315117836,0.40070945024490356,0.4399432837963104,0.15383942425251007,0.3596760630607605,0.5049606561660767,0.06480754911899567,0.9996232390403748,0.4217436611652374,0.5157051682472229,-0.06445392221212387,0.9999264478683472,0.3639777600765228,0.5799410343170166,0.24881482124328613,0.5003570914268494,0.40497660636901855,0.597944974899292,0.008958635851740837,0.9704952836036682,0.3664018511772156,0.658328115940094,0.3173357844352722,0.6275628209114075,0.3705645799636841,0.6849387288093567,-0.03223694488406181,0.9647813439369202,0.35334450006484985,0.6668878793716431,0.3285035789012909,0.7245598435401917,0.3492319881916046,0.7049614787101746,-0.03158597648143768,0.9486246705055237,0.3792104125022888,0.6634401679039001,0.3913283348083496,0.49238109588623047,0.42354947328567505,0.706439733505249,-0.03337300568819046,0.8458638191223145
194,0.5005672574043274,0.36386555433273315,0.12504470348358154,0.9999127984046936,0.5002283453941345,0.3568793535232544,0.08523505181074142,0.9999340176582336,0.4966268837451935,0.35580968856811523,0.08517078310251236,0.9999249577522278,0.4921107292175293,0.35446321964263916,0.08523473143577576,0.9999275207519531,0.5090073347091675,0.35875630378723145,0.07596196234226227,0.9999191164970398,0.5115998387336731,0.35909387469291687,0.07588811963796616,0.9999046325683594,0.5144389271736145,0.3594552278518677,0.07583974301815033,0.9999123811721802,0.4774123430252075,0.35562366247177124,-0.020260987803339958,0.9999035596847534,0.5112733840942383,0.36263418197631836,-0.06169939041137695,0.9998874664306641,0.4875311255455017,0.3681703805923462,0.09998085349798203,0.9997891187667847,0.49772465229034424,0.3702290654182434,0.08789893984794617,0.9998485445976257,0.3887975811958313,0.3847416639328003,-0.01778542809188366,0.9993839263916016,0.513815701007843,0.40844208002090454,-0.1082632839679718,0.999914288520813,0.3335385322570801,0.41411179304122925,0.15821820497512817,0.49991047382354736,0.47078847885131836,0.44399142265319824,0.09872974455356598,0.6190450191497803,0.3884808123111725,0.3983188569545746,0.37700217962265015,0.22269468009471893,0.47107747197151184,0.4099435806274414,0.41295966506004333,0.1459711343050003,0.4060778021812439,0.39075326919555664,0.418273001909256,0.22694212198257446,0.47170305252075195,0.3989253044128418,0.45001983642578125,0.15070785582065582,0.4246234595775604,0.39316004514694214,0.3961177468299866,0.22785744071006775,0.46298572421073914,0.3922935128211975,0.43931207060813904,0.14854472875595093,0.4186282157897949,0.3957880139350891,0.3750007748603821,0.22593142092227936,0.4589933753013611,0.39554232358932495,0.4172624945640564,0.14917507767677307,0.36122891306877136,0.5052735805511475,0.06989425420761108,0.9996315240859985,0.4234318137168884,0.5157632827758789,-0.06953664869070053,0.9999306797981262,0.3651167154312134,0.5782679319381714,0.28463372588157654,0.523088812828064,0.40449902415275574,0.5969063639640808,0.028243612498044968,0.972344696521759,0.3652116060256958,0.6521261930465698,0.398515522480011,0.6433318853378296,0.36993879079818726,0.6845781207084656,0.029363222420215607,0.9661831855773926,0.354336678981781,0.6639865636825562,0.41433101892471313,0.740559458732605,0.3489231467247009,0.7030196189880371,0.03390432894229889,0.9510982632637024,0.39136970043182373,0.6666679978370667,0.4660395681858063,0.4928767681121826,0.42328745126724243,0.7059658765792847,0.02136221155524254,0.8410655856132507
195,0.49662432074546814,0.36231693625450134,0.17559874057769775,0.9999198913574219,0.49630382657051086,0.3553727865219116,0.12847112119197845,0.9999395608901978,0.492117702960968,0.3541223406791687,0.1284285932779312,0.9999313354492188,0.4883454740047455,0.35288700461387634,0.12855097651481628,0.9999335408210754,0.5050983428955078,0.3573589622974396,0.12305886298418045,0.9999260306358337,0.5077720284461975,0.3577162027359009,0.12297792732715607,0.9999128580093384,0.5107707977294922,0.3580930233001709,0.12292324751615524,0.9999198317527771,0.4743984341621399,0.3539438843727112,-0.0006025623879395425,0.9999120235443115,0.5084468126296997,0.3609811067581177,-0.024287564679980278,0.9998973608016968,0.4839808940887451,0.3666529655456543,0.1415511518716812,0.9998059272766113,0.4946005940437317,0.3686808943748474,0.13489028811454773,0.9998605847358704,0.38670867681503296,0.3831576108932495,-0.03203825652599335,0.9993700981140137,0.5126824975013733,0.40706968307495117,-0.07971134781837463,0.9999171495437622,0.3249351680278778,0.41627639532089233,0.13642501831054688,0.5016241669654846,0.4698227047920227,0.4429470896720886,0.12581968307495117,0.6443875432014465,0.3808044493198395,0.4024178981781006,0.38596203923225403,0.20488207042217255,0.4666528105735779,0.4111475348472595,0.4460539221763611,0.1416832059621811,0.4014692008495331,0.39902737736701965,0.4330313503742218,0.20840367674827576,0.4660935699939728,0.4017053246498108,0.48877206444740295,0.14522847533226013,0.41966506838798523,0.40103679895401,0.41376635432243347,0.20926038920879364,0.4576537311077118,0.39480265974998474,0.47655901312828064,0.14328117668628693,0.41240793466567993,0.40225857496261597,0.3865230679512024,0.20812830328941345,0.45461753010749817,0.3972412049770355,0.44976091384887695,0.14387689530849457,0.3612983226776123,0.5061722993850708,0.05788453295826912,0.9996544718742371,0.4230082631111145,0.5158225893974304,-0.05750232934951782,0.9999364614486694,0.3591623604297638,0.5840265154838562,0.2472562938928604,0.5607060194015503,0.4015858471393585,0.601099967956543,0.02607044391334057,0.9747965931892395,0.36658450961112976,0.659132719039917,0.31482407450675964,0.6696566939353943,0.3671829104423523,0.6876529455184937,-0.009503933601081371,0.9686328768730164,0.3557041883468628,0.6696903705596924,0.3263704478740692,0.7618138194084167,0.3482939302921295,0.7027997970581055,-0.007980293594300747,0.9548385143280029,0.38469988107681274,0.673309326171875,0.39399033784866333,0.49939554929733276,0.41737034916877747,0.705717146396637,-0.004176266025751829,0.8362625241279602
196,0.4917435646057129,0.3618980050086975,0.20384100079536438,0.9999250173568726,0.4917233884334564,0.3546481728553772,0.1551075428724289,0.999943733215332,0.4881657361984253,0.3535574674606323,0.1550653725862503,0.9999362230300903,0.48466965556144714,0.3524792790412903,0.15518911182880402,0.9999379515647888,0.4998183250427246,0.35645079612731934,0.14907634258270264,0.9999312162399292,0.5027706027030945,0.3567652106285095,0.14899082481861115,0.9999191164970398,0.5058808326721191,0.35706374049186707,0.14892277121543884,0.9999253153800964,0.4703400135040283,0.35384637117385864,0.016275661066174507,0.9999186992645264,0.5045088529586792,0.35961616039276123,-0.010955512523651123,0.9999052286148071,0.47990670800209045,0.36675143241882324,0.16620300710201263,0.9998196363449097,0.49001485109329224,0.36809808015823364,0.15870735049247742,0.9998703598976135,0.3823394477367401,0.38255763053894043,-0.0156741663813591,0.999367356300354,0.5123836994171143,0.40614786744117737,-0.08300069719552994,0.9999203085899353,0.3224142789840698,0.4156317114830017,0.14706167578697205,0.5055121779441833,0.47496020793914795,0.43676862120628357,0.11502082645893097,0.667381227016449,0.37325379252433777,0.41529589891433716,0.3838198781013489,0.18934904038906097,0.4627911150455475,0.4147365093231201,0.4429292380809784,0.13723093271255493,0.39451757073402405,0.41313666105270386,0.4318913221359253,0.1922406703233719,0.4609759747982025,0.40736252069473267,0.4860827922821045,0.13950875401496887,0.41197457909584045,0.41493362188339233,0.40950462222099304,0.19307003915309906,0.45347803831100464,0.4011477828025818,0.4745935797691345,0.13774597644805908,0.4043606221675873,0.41498976945877075,0.3830476403236389,0.19265198707580566,0.4506070017814636,0.40298622846603394,0.4473189413547516,0.1383885145187378,0.36290356516838074,0.505708634853363,0.06486202776432037,0.9996769428253174,0.4258654713630676,0.5146409869194031,-0.06455021351575851,0.9999417662620544,0.36058032512664795,0.5845933556556702,0.26531583070755005,0.5931894779205322,0.4005190134048462,0.6012574434280396,0.004013661295175552,0.9769921898841858,0.36737915873527527,0.6605596542358398,0.3206116259098053,0.6932822465896606,0.37098896503448486,0.6894553303718567,-0.04506545141339302,0.9708331823348999,0.3562961518764496,0.6699537634849548,0.3304692506790161,0.7810747027397156,0.3471474051475525,0.706771194934845,-0.045226357877254486,0.9582486748695374,0.384919136762619,0.6718774437904358,0.394426554441452,0.5053275227546692,0.42101722955703735,0.7053347826004028,-0.04551306366920471,0.832527756690979
197,0.48492810130119324,0.36197832226753235,0.23833777010440826,0.9999302625656128,0.4849608838558197,0.35468530654907227,0.18773707747459412,0.9999479055404663,0.4816904366016388,0.35339874029159546,0.1876983791589737,0.9999411106109619,0.47850367426872253,0.3521226644515991,0.1878368854522705,0.999942421913147,0.492360383272171,0.35667717456817627,0.1859072744846344,0.9999362826347351,0.4952142536640167,0.3569565415382385,0.18583424389362335,0.9999252557754517,0.49823734164237976,0.3572145700454712,0.18578025698661804,0.9999306797981262,0.4644659161567688,0.35278183221817017,0.038891036063432693,0.9999251961708069,0.4980866611003876,0.3592293858528137,0.03014148399233818,0.9999127388000488,0.474958598613739,0.36689531803131104,0.19595907628536224,0.9998332858085632,0.48345428705215454,0.36846107244491577,0.19405677914619446,0.9998798966407776,0.3795454204082489,0.38220280408859253,-0.021398156881332397,0.9993828535079956,0.5135067701339722,0.4061889052391052,-0.04323690012097359,0.9999223947525024,0.32501858472824097,0.41953855752944946,0.13184209167957306,0.518205463886261,0.4776952862739563,0.4413411617279053,0.17163202166557312,0.6879284381866455,0.36798393726348877,0.429912805557251,0.37255859375,0.1749933809041977,0.4629300534725189,0.42663151025772095,0.5179204344749451,0.1312737911939621,0.3865310251712799,0.43035799264907837,0.417342871427536,0.17720402777194977,0.45801636576652527,0.4214251637458801,0.5645915269851685,0.13278982043266296,0.40149596333503723,0.43079814314842224,0.39715197682380676,0.17801518738269806,0.4491470456123352,0.4153130054473877,0.545855700969696,0.13127806782722473,0.39498066902160645,0.42989373207092285,0.37323129177093506,0.17820727825164795,0.4474550783634186,0.4162927269935608,0.5191348791122437,0.1320379078388214,0.3628663420677185,0.5046478509902954,0.04509693384170532,0.9997014999389648,0.4281509518623352,0.5145336985588074,-0.04480626434087753,0.9999468326568604,0.35582301020622253,0.5824103951454163,0.23664714395999908,0.6285130977630615,0.4027920663356781,0.6007345914840698,0.040275391191244125,0.9790774583816528,0.3629114329814911,0.6571589112281799,0.2746839225292206,0.7179553508758545,0.37285882234573364,0.6892716288566589,-0.023472050204873085,0.9730344414710999,0.3601526618003845,0.6687463521957397,0.2834570109844208,0.8001963496208191,0.3528153896331787,0.7052274346351624,-0.0256380345672369,0.9616236686706543,0.37682926654815674,0.6699656844139099,0.3529784679412842,0.5140124559402466,0.41839978098869324,0.7047594785690308,-0.018156005069613457,0.8280174136161804
198,0.4833042025566101,0.3611559271812439,0.20684975385665894,0.9999363422393799,0.48234421014785767,0.35369813442230225,0.15620964765548706,0.9999525547027588,0.47925639152526855,0.3526785373687744,0.15617462992668152,0.9999464154243469,0.47577640414237976,0.3516066074371338,0.15633580088615417,0.9999475479125977,0.4905891716480255,0.35555940866470337,0.15411928296089172,0.9999420642852783,0.4932444393634796,0.3558309078216553,0.15405145287513733,0.999932050704956,0.4964601695537567,0.3561655879020691,0.15399810671806335,0.9999369382858276,0.4615691602230072,0.35298922657966614,0.013709853403270245,0.9999321103096008,0.4962877035140991,0.35874107480049133,0.004628367722034454,0.9999207854270935,0.4727711081504822,0.36628979444503784,0.1671871542930603,0.9998480081558228,0.4826450049877167,0.3676392436027527,0.1650645136833191,0.9998904466629028,0.37950050830841064,0.3826804757118225,-0.040284525603055954,0.9993915557861328,0.5102060437202454,0.4051927924156189,-0.06052177771925926,0.9999258518218994,0.3207052946090698,0.41935309767723083,0.12361456453800201,0.530376672744751,0.470260351896286,0.44253700971603394,0.15651988983154297,0.7109413743019104,0.36934658885002136,0.413809597492218,0.3869889974594116,0.16116183996200562,0.46491649746894836,0.41863518953323364,0.49566420912742615,0.12745638191699982,0.3883669674396515,0.4100785255432129,0.43497294187545776,0.16272638738155365,0.46217915415763855,0.4108063578605652,0.541801929473877,0.12786750495433807,0.40621277689933777,0.4104388356208801,0.4175736606121063,0.16347689926624298,0.4528980255126953,0.40354833006858826,0.5262223482131958,0.12653423845767975,0.3994944393634796,0.41087907552719116,0.38915035128593445,0.16418108344078064,0.45083725452423096,0.40543121099472046,0.4980442523956299,0.12732572853565216,0.36137908697128296,0.5044780969619751,0.0471244752407074,0.9997221231460571,0.42546892166137695,0.514324426651001,-0.04672107845544815,0.9999514222145081,0.35868039727211,0.577324390411377,0.23801849782466888,0.6614151000976562,0.4024581015110016,0.5998814105987549,0.04790506884455681,0.9810490608215332,0.365675151348114,0.6552908420562744,0.29323890805244446,0.7406468391418457,0.37064361572265625,0.6877946257591248,-0.008871645666658878,0.9752521514892578,0.3611637055873871,0.6648315787315369,0.3044187128543854,0.8178883790969849,0.34973132610321045,0.7066388130187988,-0.00920460931956768,0.9649108648300171,0.3816831409931183,0.6665872931480408,0.38767895102500916,0.5194982290267944,0.41838642954826355,0.7031056880950928,0.0070168874226510525,0.8253062963485718
199,0.476718932390213,0.3634396493434906,0.2468997687101364,0.9999412298202515,0.47628745436668396,0.35587549209594727,0.196528822183609,0.9999564290046692,0.473829060792923,0.35503581166267395,0.1965031921863556,0.9999508857727051,0.4711284339427948,0.35421693325042725,0.19666807353496552,0.9999517798423767,0.483825147151947,0.3573113679885864,0.1942952424287796,0.9999468326568604,0.48653340339660645,0.3574520945549011,0.19421590864658356,0.9999377727508545,0.4897674024105072,0.35765156149864197,0.1941653937101364,0.9999421238899231,0.4584740102291107,0.355265736579895,0.04936658591032028,0.9999379515647888,0.4902728199958801,0.35951387882232666,0.03950029984116554,0.9999276995658875,0.467602401971817,0.36840224266052246,0.20499323308467865,0.999860405921936,0.4766887128353119,0.3693564832210541,0.20272022485733032,0.99989914894104,0.3775976300239563,0.3828997015953064,-0.009364101104438305,0.9994064569473267,0.5089173316955566,0.4044930338859558,-0.0375029481947422,0.9999287128448486,0.3216070532798767,0.4254811704158783,0.15158389508724213,0.5416989326477051,0.47473055124282837,0.44461965560913086,0.18041762709617615,0.7308053970336914,0.36386698484420776,0.42442482709884644,0.4054645597934723,0.14917485415935516,0.4613947868347168,0.42485421895980835,0.5300208330154419,0.12390334904193878,0.3812791705131531,0.4232028126716614,0.4544967710971832,0.15020804107189178,0.4572116732597351,0.41876477003097534,0.5785539150238037,0.12342209368944168,0.3975819945335388,0.4227522909641266,0.43469569087028503,0.15091487765312195,0.44814974069595337,0.41199183464050293,0.5619598031044006,0.1222553700208664,0.3916001617908478,0.4223918318748474,0.4068152606487274,0.1520880162715912,0.4464612603187561,0.41333502531051636,0.5324624180793762,0.12310802191495895,0.36148545145988464,0.504256546497345,0.04642705246806145,0.9997409582138062,0.4276716113090515,0.51329505443573,-0.046120982617139816,0.9999554753303528,0.36289161443710327,0.5822998285293579,0.21286147832870483,0.6906254887580872,0.40360522270202637,0.5994144678115845,0.0415327362716198,0.982772946357727,0.36832621693611145,0.6563822031021118,0.22413846850395203,0.7613566517829895,0.37085121870040894,0.6880359053611755,-0.035066667944192886,0.9770881533622742,0.36102548241615295,0.6701897978782654,0.23032203316688538,0.8338524699211121,0.3496555984020233,0.7068182229995728,-0.0380869060754776,0.9677495956420898,0.3793778717517853,0.6694003939628601,0.2987777888774872,0.5263484120368958,0.41617652773857117,0.7070150971412659,-0.02648151107132435,0.8201340436935425
200,0.47404828667640686,0.36112385988235474,0.22477306425571442,0.9999465346336365,0.4726470410823822,0.35354843735694885,0.17638461291790009,0.9999604225158691,0.46978551149368286,0.35277870297431946,0.17637009918689728,0.999955415725708,0.46676281094551086,0.35205888748168945,0.17654883861541748,0.9999561905860901,0.4813064932823181,0.3551251292228699,0.1704997420310974,0.9999517798423767,0.48432376980781555,0.35536104440689087,0.1704353392124176,0.9999435544013977,0.487964004278183,0.3556494116783142,0.17038358747959137,0.9999474883079529,0.45504581928253174,0.3542167842388153,0.04086907207965851,0.999943733215332,0.48926395177841187,0.35793644189834595,0.014756818301975727,0.9999344944953918,0.46435439586639404,0.3664588928222656,0.18745090067386627,0.9998729825019836,0.4750850200653076,0.3673158884048462,0.1804523468017578,0.9999082088470459,0.374743789434433,0.384664386510849,-0.009359469637274742,0.9994230270385742,0.5066324472427368,0.4043157994747162,-0.06369323283433914,0.9999325275421143,0.32225245237350464,0.42903071641921997,0.1475887894630432,0.5539703369140625,0.47328898310661316,0.45012563467025757,0.16245044767856598,0.7506088018417358,0.3628943860530853,0.4261971116065979,0.3908379375934601,0.13829518854618073,0.4655603766441345,0.425747811794281,0.5315020084381104,0.12061856687068939,0.37967830896377563,0.42466336488723755,0.4398431181907654,0.1387316733598709,0.46100151538848877,0.4194173216819763,0.5809231400489807,0.11922384798526764,0.39490339159965515,0.4234217703342438,0.42290037870407104,0.13939034938812256,0.451721727848053,0.412565141916275,0.5648041367530823,0.11821628361940384,0.38906151056289673,0.4230738580226898,0.39288097620010376,0.1409672349691391,0.45019543170928955,0.41403841972351074,0.5349384546279907,0.11891427636146545,0.36436936259269714,0.5078870058059692,0.0611746683716774,0.9997604489326477,0.4294314980506897,0.5142835974693298,-0.06079047545790672,0.9999594688415527,0.3637387454509735,0.5848081111907959,0.25671038031578064,0.7175605297088623,0.40687257051467896,0.6006364822387695,0.019880391657352448,0.9844076633453369,0.36295729875564575,0.6548166275024414,0.3039639890193939,0.7806958556175232,0.3757655620574951,0.686061680316925,-0.049496062099933624,0.9790346026420593,0.3607616722583771,0.667729377746582,0.3139820694923401,0.8487514853477478,0.35376402735710144,0.705001711845398,-0.05130738765001297,0.9705471396446228,0.38677680492401123,0.6669739484786987,0.39376094937324524,0.5337381362915039,0.42401039600372314,0.705204963684082,-0.04344839230179787,0.8210498094558716
201,0.47097697854042053,0.3618009090423584,0.22594952583312988,0.9999504685401917,0.46895653009414673,0.35406726598739624,0.17867931723594666,0.9999634623527527,0.4658704400062561,0.3532244563102722,0.1786470264196396,0.9999589323997498,0.46165597438812256,0.35224997997283936,0.17879745364189148,0.9999595284461975,0.47766029834747314,0.3556376099586487,0.17404192686080933,0.9999555945396423,0.4806388318538666,0.3558000922203064,0.1739707738161087,0.9999480843544006,0.484199196100235,0.35598641633987427,0.17391909658908844,0.9999516010284424,0.45023590326309204,0.354228675365448,0.042538177222013474,0.9999483227729797,0.4855300784111023,0.3581199645996094,0.021728545427322388,0.9999399185180664,0.4609840512275696,0.3672386109828949,0.1877490133047104,0.9998830556869507,0.47198694944381714,0.3679701089859009,0.18229185044765472,0.9999153017997742,0.3726195991039276,0.3843458592891693,-0.008639102801680565,0.9994378089904785,0.5050828456878662,0.40309494733810425,-0.05471184477210045,0.9999346733093262,0.3201887011528015,0.4316691756248474,0.14143654704093933,0.5652195811271667,0.47412025928497314,0.44606009125709534,0.15134172141551971,0.7668046355247498,0.359710693359375,0.43113547563552856,0.3668070137500763,0.12966646254062653,0.4555392265319824,0.424247682094574,0.48854345083236694,0.11869710683822632,0.3748212456703186,0.42986831068992615,0.4104205369949341,0.12947586178779602,0.44989916682243347,0.41789907217025757,0.5316802859306335,0.11637651920318604,0.38958877325057983,0.4284176230430603,0.39265143871307373,0.13010653853416443,0.4404264986515045,0.41164320707321167,0.5144607424736023,0.115516796708107,0.38439467549324036,0.4279807209968567,0.3679432272911072,0.1320933848619461,0.4393545687198639,0.41315165162086487,0.49019721150398254,0.1161884069442749,0.36277660727500916,0.5053393840789795,0.05345507338643074,0.9997764229774475,0.4281291961669922,0.5129450559616089,-0.05310531333088875,0.9999628067016602,0.3615705668926239,0.5764291882514954,0.25003907084465027,0.7402172088623047,0.4057539105415344,0.5985460877418518,0.03359721601009369,0.9858013987541199,0.3604687452316284,0.6497474908828735,0.29981136322021484,0.7966257929801941,0.3716874122619629,0.6853865385055542,-0.022245079278945923,0.9805548787117004,0.3599642813205719,0.6624704599380493,0.30935609340667725,0.8613482117652893,0.3499491810798645,0.7037454843521118,-0.023712841793894768,0.9727867245674133,0.38064447045326233,0.6611598134040833,0.3762499988079071,0.5390337705612183,0.4193176329135895,0.7028296589851379,-0.023389561101794243,0.8194206357002258
202,0.46812981367111206,0.3605384826660156,0.22002309560775757,0.9999547600746155,0.465745210647583,0.35284027457237244,0.17822964489459991,0.9999666810035706,0.46253666281700134,0.35192984342575073,0.17822648584842682,0.999962568283081,0.4584331214427948,0.35093945264816284,0.17840495705604553,0.9999630451202393,0.47436684370040894,0.35444486141204834,0.17161402106285095,0.9999595284461975,0.4772471487522125,0.3546082377433777,0.17156057059764862,0.9999526739120483,0.4806556701660156,0.35478609800338745,0.17153948545455933,0.9999558329582214,0.44655320048332214,0.3530309796333313,0.05803823843598366,0.9999528527259827,0.4812053143978119,0.35725945234298706,0.027586679905653,0.9999452829360962,0.4579542875289917,0.3656647205352783,0.186729297041893,0.999893069267273,0.4688964784145355,0.36663517355918884,0.17859317362308502,0.9999225735664368,0.37041324377059937,0.3848227262496948,0.011702894233167171,0.9994609951972961,0.5018503665924072,0.40364307165145874,-0.051560405641794205,0.999937891960144,0.318114310503006,0.43537458777427673,0.09663037955760956,0.5828582048416138,0.4716569185256958,0.4515000283718109,0.1472155749797821,0.7838767170906067,0.3585517406463623,0.4461084008216858,0.2184884399175644,0.1256060004234314,0.45027151703834534,0.4421301782131195,0.4681979715824127,0.12288834154605865,0.36387696862220764,0.45489874482154846,0.2450416386127472,0.12416765838861465,0.44346219301223755,0.43878650665283203,0.503293514251709,0.11824759095907211,0.3756760060787201,0.4526040554046631,0.2278413623571396,0.12472998350858688,0.43437469005584717,0.43238192796707153,0.48824945092201233,0.11748629063367844,0.3720046877861023,0.45103341341018677,0.21697987616062164,0.12703612446784973,0.43292921781539917,0.4329867959022522,0.47033560276031494,0.11791694164276123,0.3659856617450714,0.5055103898048401,0.06102123111486435,0.9997904896736145,0.43132704496383667,0.5134800672531128,-0.06061765179038048,0.9999657273292542,0.367127388715744,0.5844725370407104,0.25932568311691284,0.7589430212974548,0.4080857038497925,0.6010969281196594,0.011373281478881836,0.9870303869247437,0.3637690544128418,0.657532811164856,0.301229327917099,0.8093063235282898,0.37128254771232605,0.6892210245132446,-0.05141569674015045,0.981814444065094,0.35754939913749695,0.6714322566986084,0.30897167325019836,0.8725776076316833,0.34889161586761475,0.7082444429397583,-0.05508467182517052,0.974770188331604,0.38903358578681946,0.6675533056259155,0.3699539303779602,0.5389791131019592,0.4272037148475647,0.7047480940818787,-0.05988854914903641,0.8164434432983398
203,0.46057361364364624,0.3558514714241028,0.25001227855682373,0.9999585747718811,0.45761698484420776,0.34872978925704956,0.20551654696464539,0.9999695420265198,0.45355093479156494,0.34780657291412354,0.20549839735031128,0.9999658465385437,0.44949930906295776,0.346935510635376,0.20567584037780762,0.9999662041664124,0.46788108348846436,0.3505420684814453,0.19730573892593384,0.999963104724884,0.47146251797676086,0.35088807344436646,0.1972450464963913,0.9999569058418274,0.475298136472702,0.3512371778488159,0.19719117879867554,0.9999597072601318,0.4391637444496155,0.3499695360660553,0.07460815459489822,0.9999570250511169,0.4784259498119354,0.3542822599411011,0.03780412673950195,0.9999502897262573,0.4509941637516022,0.3614990711212158,0.21296429634094238,0.9999024271965027,0.46389326453208923,0.36249274015426636,0.2030460089445114,0.9999292492866516,0.36509567499160767,0.3862762153148651,0.020816689357161522,0.9994615316390991,0.500637412071228,0.40338391065597534,-0.06515342742204666,0.9999405741691589,0.31372034549713135,0.4400807023048401,0.1221185177564621,0.5995315909385681,0.473298043012619,0.452728807926178,0.13422180712223053,0.8011918663978577,0.35439005494117737,0.44878917932510376,0.27569520473480225,0.11846701800823212,0.4527873694896698,0.44568973779678345,0.478778213262558,0.12268725037574768,0.3579574227333069,0.4582909941673279,0.3106274902820587,0.11625859141349792,0.44413283467292786,0.4432855248451233,0.5156276822090149,0.11618157476186752,0.36987653374671936,0.4549103379249573,0.293570876121521,0.11677639186382294,0.4344218671321869,0.4369681477546692,0.5019696354866028,0.11551769822835922,0.368314653635025,0.45018118619918823,0.2752302289009094,0.11935310810804367,0.4339832365512848,0.43720847368240356,0.4818974733352661,0.11578451842069626,0.36251041293144226,0.5090868473052979,0.07117374241352081,0.9998006224632263,0.42824020981788635,0.514187216758728,-0.07072287797927856,0.9999682903289795,0.3656703233718872,0.5855619311332703,0.27474063634872437,0.7781524062156677,0.40844714641571045,0.601098358631134,0.023055793717503548,0.9882463216781616,0.3608807325363159,0.6565679311752319,0.31116604804992676,0.8224335312843323,0.37125393748283386,0.6898766160011292,-0.038940928876399994,0.9831827282905579,0.34842538833618164,0.6697273850440979,0.31865957379341125,0.8835187554359436,0.35081449151039124,0.7090158462524414,-0.041344404220581055,0.9768046140670776,0.3801250755786896,0.6623499989509583,0.3871734142303467,0.5349108576774597,0.42376306653022766,0.705198347568512,-0.038497813045978546,0.8109580278396606
204,0.4575096666812897,0.3548153340816498,0.21204575896263123,0.9999616742134094,0.4538995921611786,0.34753066301345825,0.16803430020809174,0.9999716877937317,0.449321448802948,0.3464962840080261,0.16800141334533691,0.9999682903289795,0.4446435570716858,0.34544065594673157,0.16816551983356476,0.9999685287475586,0.4655671715736389,0.3495098352432251,0.1617233157157898,0.9999659061431885,0.4696154296398163,0.34988516569137573,0.16164827346801758,0.9999602437019348,0.47383347153663635,0.3502282500267029,0.1615971326828003,0.9999627470970154,0.4335913360118866,0.34853649139404297,0.03657940775156021,0.9999600648880005,0.47667062282562256,0.35378292202949524,0.00798958633095026,0.9999542236328125,0.4466385841369629,0.3605099320411682,0.17408744990825653,0.999910295009613,0.46146249771118164,0.3620782494544983,0.16660939157009125,0.9999347925186157,0.3641723096370697,0.38618722558021545,-0.023307867348194122,0.9994732141494751,0.5004506707191467,0.40248903632164,-0.08690733462572098,0.9999431371688843,0.31529927253723145,0.4422820508480072,0.0405779592692852,0.6197541952133179,0.47287508845329285,0.45453643798828125,0.062411557883024216,0.8170650005340576,0.3522132635116577,0.4578288197517395,0.14740273356437683,0.11614961177110672,0.4428356885910034,0.45590153336524963,0.32930582761764526,0.12869742512702942,0.36043938994407654,0.46709996461868286,0.1660788655281067,0.11228987574577332,0.43452897667884827,0.45596328377723694,0.35219070315361023,0.11863449215888977,0.37149250507354736,0.4643018841743469,0.1520330011844635,0.11272403597831726,0.42659395933151245,0.4501306116580963,0.33822375535964966,0.1180242970585823,0.36800166964530945,0.46185725927352905,0.14588521420955658,0.1155746653676033,0.4260011911392212,0.4495113492012024,0.32968446612358093,0.11779867857694626,0.36252376437187195,0.5062556862831116,0.062187355011701584,0.9998134970664978,0.42933744192123413,0.5133860111236572,-0.06173468008637428,0.9999708533287048,0.36902791261672974,0.581358790397644,0.2716180980205536,0.7958422899246216,0.40749311447143555,0.599943220615387,0.0610109344124794,0.9893217086791992,0.3671676218509674,0.6489218473434448,0.3614983856678009,0.8338117599487305,0.3709941804409027,0.6858696937561035,0.04590347781777382,0.9843530058860779,0.3645165264606476,0.6618295311927795,0.3737344443798065,0.8928464651107788,0.35040706396102905,0.7050427198410034,0.04708840698003769,0.9785137176513672,0.3923390209674835,0.6574324369430542,0.43983858823776245,0.5333960056304932,0.42064207792282104,0.7012084126472473,0.04577270522713661,0.8079226016998291
205,0.4556328356266022,0.35323771834373474,0.21676941215991974,0.999963104724884,0.45082706212997437,0.3461771607398987,0.17206701636314392,0.9999725818634033,0.4459114074707031,0.3454316258430481,0.1720302551984787,0.9999693036079407,0.44102686643600464,0.3446275591850281,0.17217662930488586,0.9999694228172302,0.46348071098327637,0.34753847122192383,0.1643371880054474,0.9999673366546631,0.46768689155578613,0.3477897644042969,0.16427098214626312,0.9999620914459229,0.4719952940940857,0.3480415642261505,0.16419990360736847,0.9999644160270691,0.43023890256881714,0.34812596440315247,0.03942536190152168,0.9999614357948303,0.4735707938671112,0.3521767854690552,0.005016479641199112,0.9999566674232483,0.44357991218566895,0.3594362139701843,0.17911651730537415,0.9999153017997742,0.45999574661254883,0.3608524203300476,0.16984522342681885,0.9999381303787231,0.3615270256996155,0.3879595994949341,-0.020275602117180824,0.999430239200592,0.49592432379722595,0.40256160497665405,-0.09302230179309845,0.9999435544013977,0.31261491775512695,0.44536107778549194,0.0487375482916832,0.6296627521514893,0.46433284878730774,0.45492568612098694,0.05871465429663658,0.8308467864990234,0.3494519889354706,0.4650801718235016,0.171660915017128,0.10990714281797409,0.44029226899147034,0.4547487199306488,0.33887770771980286,0.1300405114889145,0.35547876358032227,0.47025537490844727,0.19484591484069824,0.10551455616950989,0.43229949474334717,0.45477837324142456,0.36488229036331177,0.11775864660739899,0.36744195222854614,0.4673517644405365,0.1810336858034134,0.10589122772216797,0.42437976598739624,0.44907325506210327,0.35325729846954346,0.11717208474874496,0.36382025480270386,0.4647239148616791,0.1705017238855362,0.10894958674907684,0.4238704741001129,0.4484807848930359,0.3407498896121979,0.11661283671855927,0.36527571082115173,0.5102734565734863,0.06513538956642151,0.9998183250427246,0.4285893440246582,0.5151549577713013,-0.06473271548748016,0.9999726414680481,0.37156766653060913,0.5856542587280273,0.2688235938549042,0.8106972575187683,0.40870940685272217,0.6006916761398315,0.05694950371980667,0.9902733564376831,0.368902325630188,0.6517124176025391,0.35502469539642334,0.8423728942871094,0.3711467683315277,0.6891687512397766,0.03928818926215172,0.9852643609046936,0.3593232035636902,0.6664779782295227,0.3669651448726654,0.9006741046905518,0.35135000944137573,0.7083632349967957,0.04098476842045784,0.9799166917800903,0.38814765214920044,0.6611810922622681,0.4344596862792969,0.5240193009376526,0.424603134393692,0.7051365971565247,0.041570112109184265,0.7986729145050049
206,0.4498317837715149,0.35204145312309265,0.2007671296596527,0.9999628067016602,0.44579026103019714,0.3450664281845093,0.15769734978675842,0.999971866607666,0.44103020429611206,0.3441513180732727,0.15764619410037994,0.9999685883522034,0.436218798160553,0.34321093559265137,0.1577644944190979,0.9999687075614929,0.4583567678928375,0.34670573472976685,0.1500764787197113,0.9999669790267944,0.46274334192276,0.3470075726509094,0.15000681579113007,0.9999619126319885,0.46725893020629883,0.34733572602272034,0.1499391347169876,0.99996417760849,0.42599132657051086,0.3466188311576843,0.029090240597724915,0.9999604225158691,0.4701191782951355,0.3511871099472046,-0.004810248501598835,0.9999567866325378,0.438464492559433,0.3580471873283386,0.1643238663673401,0.9999167323112488,0.45430856943130493,0.3593915104866028,0.15516003966331482,0.9999381303787231,0.3579646944999695,0.38774603605270386,-0.024594107642769814,0.9994029402732849,0.4964083731174469,0.40289002656936646,-0.10028102993965149,0.9999423027038574,0.3106744885444641,0.4478282034397125,0.03478844463825226,0.6417325139045715,0.47216564416885376,0.4574531614780426,0.046883296221494675,0.8420554995536804,0.34693023562431335,0.46967214345932007,0.1308305263519287,0.10806673765182495,0.44581273198127747,0.4576854109764099,0.31520986557006836,0.13322307169437408,0.35021650791168213,0.47886571288108826,0.14791515469551086,0.10249132663011551,0.4378642141819,0.45879632234573364,0.3376366198062897,0.11863632500171661,0.36158841848373413,0.47793492674827576,0.13311070203781128,0.1028381958603859,0.42975276708602905,0.4536547064781189,0.32470592856407166,0.11811280250549316,0.3550061285495758,0.4744585454463959,0.12845221161842346,0.10609561949968338,0.42898130416870117,0.4528335630893707,0.3163111209869385,0.1170816645026207,0.36492249369621277,0.5098769664764404,0.06601864099502563,0.999824583530426,0.42880943417549133,0.5163059234619141,-0.06563519686460495,0.9999741911888123,0.37033435702323914,0.5843093991279602,0.2676495909690857,0.8220342397689819,0.405547559261322,0.6029892563819885,0.06464613229036331,0.9910550713539124,0.36519956588745117,0.6490623950958252,0.3758641183376312,0.848343551158905,0.3730825185775757,0.6903241872787476,0.06843052059412003,0.9858649373054504,0.36157649755477905,0.6617922782897949,0.3896538317203522,0.9066063761711121,0.3540147542953491,0.7052078247070312,0.07154198735952377,0.9808030128479004,0.38891708850860596,0.6564961671829224,0.44837620854377747,0.5183297991752625,0.42397552728652954,0.703963577747345,0.062463656067848206,0.7924191951751709
207,0.44858232140541077,0.352617084980011,0.1826760619878769,0.9999549984931946,0.4436893165111542,0.3453559875488281,0.1472194343805313,0.9999632239341736,0.4390353858470917,0.34459832310676575,0.1471942961215973,0.9999585747718811,0.43443763256073,0.3437999188899994,0.14731040596961975,0.9999592900276184,0.4556982219219208,0.3469921350479126,0.1306905597448349,0.9999598860740662,0.4598027169704437,0.34728240966796875,0.130584716796875,0.9999545216560364,0.464081346988678,0.34756091237068176,0.1305176168680191,0.9999574422836304,0.4239945411682129,0.3471553921699524,0.03760707378387451,0.9999467730522156,0.4654659628868103,0.3512798547744751,-0.03587084636092186,0.9999499320983887,0.4382152855396271,0.35864025354385376,0.15293551981449127,0.9999054670333862,0.45315051078796387,0.3599918782711029,0.13209030032157898,0.9999270439147949,0.3559877276420593,0.3889352083206177,0.01230390090495348,0.9993473291397095,0.4929760694503784,0.4017692506313324,-0.15226678550243378,0.9999404549598694,0.31601187586784363,0.45089322328567505,0.064024917781353,0.6299433708190918,0.4722416400909424,0.4575892388820648,-0.06640244275331497,0.8527898192405701,0.3504905104637146,0.4773663580417633,0.1218617781996727,0.10539710521697998,0.4377226233482361,0.4707297682762146,0.134388729929924,0.14402833580970764,0.3589206635951996,0.4893953800201416,0.13242818415164948,0.09957227855920792,0.42889276146888733,0.47486209869384766,0.14119024574756622,0.1251242309808731,0.36587193608283997,0.48767000436782837,0.11603904515504837,0.0999172106385231,0.42371371388435364,0.47102102637290955,0.13232919573783875,0.1244809627532959,0.3658052682876587,0.4815274775028229,0.11664636433124542,0.10325666517019272,0.423017293214798,0.4694541394710541,0.13542330265045166,0.12259403616189957,0.3688398599624634,0.5120068192481995,0.09134983271360397,0.9998294115066528,0.42872491478919983,0.5175760388374329,-0.09088762104511261,0.9999750852584839,0.376741498708725,0.5904045104980469,0.27703744173049927,0.8254493474960327,0.405315101146698,0.6043316125869751,0.05134041979908943,0.9915666580200195,0.36965513229370117,0.665859043598175,0.37015482783317566,0.8516514897346497,0.36929982900619507,0.6923934817314148,0.08311361819505692,0.9856638312339783,0.3547177314758301,0.6720843315124512,0.3799993395805359,0.9095854163169861,0.35238662362098694,0.7069994211196899,0.08823637664318085,0.980512261390686,0.397142618894577,0.6667941212654114,0.40896427631378174,0.5200929641723633,0.4241124391555786,0.707980215549469,0.06485850363969803,0.7872920036315918
208,0.44213998317718506,0.3534851670265198,0.19440630078315735,0.999954342842102,0.4383653402328491,0.34628528356552124,0.15798087418079376,0.9999619722366333,0.43422025442123413,0.3456883430480957,0.15796060860157013,0.9999570250511169,0.43003708124160767,0.3451153039932251,0.15810999274253845,0.9999576210975647,0.4500068128108978,0.34745705127716064,0.13886068761348724,0.9999593496322632,0.4543728232383728,0.3476230502128601,0.13875530660152435,0.9999542236328125,0.45899704098701477,0.3477511405944824,0.13867922127246857,0.9999571442604065,0.42031732201576233,0.3489134907722473,0.04661138728260994,0.9999442100524902,0.46190181374549866,0.3511063754558563,-0.03864317387342453,0.9999505877494812,0.43212810158729553,0.3598077893257141,0.1643761247396469,0.9999069571495056,0.4466540813446045,0.36057478189468384,0.14033009111881256,0.9999277591705322,0.3528057336807251,0.3892844617366791,0.025578390806913376,0.9993499517440796,0.490619033575058,0.3998400568962097,-0.17114336788654327,0.9999418258666992,0.31344765424728394,0.4506860375404358,0.11246804893016815,0.629817545413971,0.47764986753463745,0.4594345986843109,-0.0781882107257843,0.8636012673377991,0.35100141167640686,0.4779101014137268,0.1976121962070465,0.10399238020181656,0.4401583671569824,0.4734204411506653,0.15013381838798523,0.1519118994474411,0.35939085483551025,0.4877597689628601,0.21363620460033417,0.09742562472820282,0.42920565605163574,0.4826532304286957,0.1565372496843338,0.12925995886325836,0.3716391623020172,0.48254960775375366,0.19433103501796722,0.09783949702978134,0.4243338406085968,0.47840243577957153,0.1450691521167755,0.12858276069164276,0.37120872735977173,0.4808961749076843,0.1921566277742386,0.10128993541002274,0.4241001605987549,0.4764281213283539,0.15054558217525482,0.125787153840065,0.36290884017944336,0.512802004814148,0.1018301248550415,0.9998378157615662,0.4253528118133545,0.5188267230987549,-0.10132087022066116,0.999976396560669,0.3751634955406189,0.5917640328407288,0.32926496863365173,0.8327731490135193,0.3999052345752716,0.6060024499893188,0.06310230493545532,0.9921693205833435,0.3721000552177429,0.6674008369445801,0.41490426659584045,0.8577498197555542,0.36568373441696167,0.6958114504814148,0.0828247219324112,0.9858902096748352,0.35960325598716736,0.6778688430786133,0.4242982566356659,0.9147231578826904,0.3478049635887146,0.7109236717224121,0.08638005703687668,0.9808298945426941,0.4031773805618286,0.6691228151321411,0.46137741208076477,0.5229489803314209,0.4289992153644562,0.7088209390640259,0.06571304798126221,0.7820172309875488
209,0.44040924310684204,0.35477733612060547,0.201523095369339,0.9999521374702454,0.4346378445625305,0.3471206724643707,0.1655101776123047,0.9999588131904602,0.42993292212486267,0.34652435779571533,0.16551047563552856,0.9999530911445618,0.42543143033981323,0.34599775075912476,0.16567672789096832,0.9999538660049438,0.44702428579330444,0.34815847873687744,0.1448218822479248,0.9999573230743408,0.45124372839927673,0.3482044041156769,0.1447090059518814,0.9999522566795349,0.4555792510509491,0.3482140302658081,0.14464209973812103,0.9999552369117737,0.41675105690956116,0.34957846999168396,0.05452915281057358,0.99993896484375,0.4574939012527466,0.3511561155319214,-0.03717087581753731,0.9999493956565857,0.4305470883846283,0.36061930656433105,0.1719188392162323,0.9999069571495056,0.4456825256347656,0.36149805784225464,0.14577940106391907,0.9999258518218994,0.3530519902706146,0.39077916741371155,0.037721261382102966,0.9993624091148376,0.4880838990211487,0.39911380410194397,-0.16916808485984802,0.9999431371688843,0.3138044774532318,0.45216840505599976,0.1079380214214325,0.6315402388572693,0.48179543018341064,0.4586816728115082,-0.09990998357534409,0.8741880059242249,0.358203262090683,0.48177823424339294,0.16110382974147797,0.10634572803974152,0.43538784980773926,0.48039907217025757,0.08400396257638931,0.1694447249174118,0.36762386560440063,0.4906303286552429,0.1720447540283203,0.09859628975391388,0.4254000782966614,0.48569121956825256,0.08265332132577896,0.1405324786901474,0.3749871551990509,0.48524942994117737,0.15416888892650604,0.09906557202339172,0.4215892255306244,0.47955766320228577,0.07342612743377686,0.13964039087295532,0.37467706203460693,0.4832952618598938,0.15513396263122559,0.10284405201673508,0.42229267954826355,0.4776608347892761,0.08421456068754196,0.13572682440280914,0.36763784289360046,0.5154832601547241,0.10346809774637222,0.9998456835746765,0.4279595613479614,0.5192788243293762,-0.1029081866145134,0.9999773502349854,0.37869584560394287,0.59421306848526,0.3019104599952698,0.8374135494232178,0.40680450201034546,0.6052052974700928,0.07838689535856247,0.9926185011863708,0.3724447786808014,0.6712123155593872,0.3725754916667938,0.8614028096199036,0.36703208088874817,0.6944916248321533,0.10783346742391586,0.9854298233985901,0.3617081642150879,0.6803513765335083,0.380492240190506,0.9177741408348083,0.3495912551879883,0.7124025821685791,0.1132587343454361,0.9804947376251221,0.4043273627758026,0.6722451448440552,0.4120404124259949,0.5240433812141418,0.43013519048690796,0.711264967918396,0.09874618053436279,0.7727179527282715
210,0.43465492129325867,0.35476768016815186,0.2142786681652069,0.9999518990516663,0.4309627413749695,0.34728091955184937,0.17759549617767334,0.9999577403068542,0.42713987827301025,0.3466511368751526,0.17761772871017456,0.9999516010284424,0.423249214887619,0.34606125950813293,0.1778024435043335,0.9999522566795349,0.4412078857421875,0.3482966125011444,0.15700723230838776,0.9999571442604065,0.44502028822898865,0.34831780195236206,0.15690895915031433,0.9999522566795349,0.4491081237792969,0.34830689430236816,0.15685909986495972,0.9999551177024841,0.41424161195755005,0.3494626581668854,0.06445562839508057,0.9999372959136963,0.4522925019264221,0.3505594730377197,-0.026384081691503525,0.9999500513076782,0.4265842139720917,0.3610948622226715,0.1841592937707901,0.9999090433120728,0.4385680854320526,0.3612230122089386,0.1581987887620926,0.9999266862869263,0.3502963185310364,0.39013320207595825,0.05677630752325058,0.9993779063224792,0.4864867329597473,0.3953673839569092,-0.16382203996181488,0.9999457001686096,0.3141889274120331,0.4530479311943054,0.13167166709899902,0.6353537440299988,0.48476552963256836,0.4545498788356781,-0.09274962544441223,0.8840407133102417,0.359932541847229,0.47868162393569946,0.1904362291097641,0.10944179445505142,0.43914440274238586,0.48104768991470337,0.09903819113969803,0.1853659301996231,0.370390921831131,0.4871904253959656,0.2064567506313324,0.1002904400229454,0.42921093106269836,0.4867921471595764,0.10197746753692627,0.15091276168823242,0.38165774941444397,0.48156824707984924,0.18918520212173462,0.10074733197689056,0.4213259816169739,0.4797216057777405,0.09307558089494705,0.14971943199634552,0.3771704435348511,0.4795863628387451,0.18517470359802246,0.10463783144950867,0.4223412275314331,0.47782444953918457,0.10012981295585632,0.1447606086730957,0.3708239197731018,0.5134257674217224,0.11116419732570648,0.999851405620575,0.4264962375164032,0.5173391699790955,-0.1106337159872055,0.9999781847000122,0.3825171887874603,0.594489336013794,0.2941860854625702,0.8388425707817078,0.4009024202823639,0.6065730452537537,0.02234438993036747,0.9930216670036316,0.37599310278892517,0.6727932691574097,0.341932475566864,0.8640238642692566,0.3676795959472656,0.6962467432022095,0.013615056872367859,0.9852890968322754,0.3697158098220825,0.682003915309906,0.3468932807445526,0.920651376247406,0.34799543023109436,0.7140377759933472,0.014959180727601051,0.9804354906082153,0.41031134128570557,0.6742751598358154,0.3793688416481018,0.5251576900482178,0.4294467866420746,0.7114219665527344,-0.0037476143334060907,0.7683676481246948
211,0.43610110878944397,0.352402001619339,0.22887074947357178,0.9999549984931946,0.4302956163883209,0.3455118238925934,0.18582676351070404,0.9999603629112244,0.4256795346736908,0.34501132369041443,0.18584315478801727,0.9999545216560364,0.4204804599285126,0.34450599551200867,0.186068594455719,0.9999549984931946,0.44234520196914673,0.3462356925010681,0.16725759208202362,0.9999600648880005,0.4461510479450226,0.34621870517730713,0.16715453565120697,0.9999555945396423,0.4504326581954956,0.3462120294570923,0.16707958281040192,0.9999582171440125,0.41146451234817505,0.34786248207092285,0.05601523816585541,0.9999412298202515,0.45268723368644714,0.34922099113464355,-0.02625448629260063,0.9999537467956543,0.42621320486068726,0.3583943247795105,0.19279037415981293,0.9999159574508667,0.4407779276371002,0.35879817605018616,0.16961365938186646,0.9999321103096008,0.3497965931892395,0.39175835251808167,0.016853339970111847,0.9993894100189209,0.483930766582489,0.3982919752597809,-0.1653699427843094,0.9999491572380066,0.3123556971549988,0.4545803964138031,0.12397880852222443,0.6397522687911987,0.4880317747592926,0.4569095969200134,-0.06657662987709045,0.894503653049469,0.3667204976081848,0.4795149862766266,0.2566763758659363,0.10413216054439545,0.4412439167499542,0.4740879535675049,0.16495351493358612,0.19584496319293976,0.37674710154533386,0.4859495162963867,0.28399360179901123,0.09491053968667984,0.4340265989303589,0.48344549536705017,0.17679071426391602,0.1557064950466156,0.38703128695487976,0.4832928776741028,0.2675166428089142,0.09535420686006546,0.42704150080680847,0.47606906294822693,0.16407829523086548,0.15439389646053314,0.3843403160572052,0.4787147641181946,0.2542249858379364,0.09947224706411362,0.42750105261802673,0.47470539808273315,0.16503193974494934,0.1487189382314682,0.36979013681411743,0.5168681740760803,0.1025385633111,0.9998596906661987,0.42738601565361023,0.5208606123924255,-0.1018642708659172,0.9999797940254211,0.3842448890209198,0.5957269668579102,0.3167056441307068,0.8500553965568542,0.40134572982788086,0.6072613596916199,0.0491969995200634,0.9936515092849731,0.378121554851532,0.6742222905158997,0.37253472208976746,0.8716754913330078,0.3681272864341736,0.6963805556297302,0.03745279833674431,0.9861546754837036,0.37554848194122314,0.682693362236023,0.38023313879966736,0.9262756705284119,0.3475363254547119,0.7145544290542603,0.04092741012573242,0.9817152619361877,0.4180942177772522,0.6767125725746155,0.4461207091808319,0.5237464308738708,0.43094396591186523,0.7110564112663269,0.04820504039525986,0.7635911107063293
212,0.4349968433380127,0.35307490825653076,0.22580893337726593,0.9999571442604065,0.42861589789390564,0.3463934063911438,0.18363073468208313,0.9999620318412781,0.4235720634460449,0.3457791805267334,0.1836393177509308,0.9999563694000244,0.4180030822753906,0.3451785445213318,0.18384741246700287,0.9999566078186035,0.4410974681377411,0.34735968708992004,0.1642150580883026,0.9999621510505676,0.44495269656181335,0.34737706184387207,0.16410931944847107,0.9999580383300781,0.4488724172115326,0.34738263487815857,0.16404148936271667,0.9999604225158691,0.4073401093482971,0.3482784032821655,0.05508224293589592,0.9999437928199768,0.45184630155563354,0.34976476430892944,-0.030988303944468498,0.999956488609314,0.4250144064426422,0.3592277765274048,0.1904965043067932,0.9999212622642517,0.43975967168807983,0.35939228534698486,0.16609777510166168,0.9999361634254456,0.34672632813453674,0.39354991912841797,0.030279336497187614,0.9994010925292969,0.48215728998184204,0.39599916338920593,-0.17270299792289734,0.999952495098114,0.31159037351608276,0.45440012216567993,0.139635369181633,0.6394873261451721,0.48320135474205017,0.45646166801452637,-0.09066830575466156,0.9036244750022888,0.3696684241294861,0.47676998376846313,0.2653025984764099,0.10051871836185455,0.4407801628112793,0.4783593714237213,0.11701074242591858,0.20657998323440552,0.3775109052658081,0.48575276136398315,0.2934630215167999,0.09113450348377228,0.4322957694530487,0.48364290595054626,0.12580044567584991,0.1612234264612198,0.38486263155937195,0.4799126088619232,0.27641111612319946,0.09154114872217178,0.4267691373825073,0.4787423610687256,0.11630716174840927,0.1597035676240921,0.3851993978023529,0.4780937135219574,0.2624967694282532,0.09584899246692657,0.42594921588897705,0.4719148576259613,0.11801610887050629,0.1533154994249344,0.3702981173992157,0.5178595185279846,0.11206737160682678,0.9998661279678345,0.4269111156463623,0.5201536417007446,-0.1114315316081047,0.999981164932251,0.38789480924606323,0.5967795848846436,0.32577210664749146,0.8563835620880127,0.4017085134983063,0.6090385317802429,0.02402673475444317,0.9941737651824951,0.382071316242218,0.6699844598770142,0.38724106550216675,0.8761013150215149,0.3669317066669464,0.6985791921615601,0.016747474670410156,0.9866955876350403,0.38547584414482117,0.6818663477897644,0.39483052492141724,0.9302603602409363,0.34893667697906494,0.7137695550918579,0.020592864602804184,0.9825801849365234,0.42694973945617676,0.6782153844833374,0.45368364453315735,0.5213199257850647,0.4329748749732971,0.7077023983001709,0.021833406761288643,0.7603145241737366
213,0.4294055998325348,0.35302454233169556,0.2211061418056488,0.9999583959579468,0.42429089546203613,0.34649720788002014,0.18309016525745392,0.9999625086784363,0.42033278942108154,0.3460206985473633,0.18312574923038483,0.9999569058418274,0.41568347811698914,0.3455590605735779,0.18333004415035248,0.9999568462371826,0.4348909258842468,0.3471848964691162,0.16365088522434235,0.9999632239341736,0.43848827481269836,0.347144216299057,0.16354097425937653,0.999959409236908,0.44226858019828796,0.3471294045448303,0.16348055005073547,0.9999614953994751,0.4068910479545593,0.34892114996910095,0.06599954515695572,0.9999445676803589,0.444680392742157,0.34955039620399475,-0.02038426324725151,0.9999580383300781,0.42104387283325195,0.35964450240135193,0.1891123205423355,0.9999246001243591,0.4336141049861908,0.35963255167007446,0.16456986963748932,0.9999386072158813,0.34629809856414795,0.3927867114543915,0.04987216368317604,0.9994174838066101,0.47885340452194214,0.3955058753490448,-0.15899626910686493,0.9999556541442871,0.31215256452560425,0.4529043138027191,0.12771156430244446,0.6447223424911499,0.48103439807891846,0.45573148131370544,-0.08075721561908722,0.9116036295890808,0.3701995313167572,0.47715824842453003,0.2123667150735855,0.10227274894714355,0.43860623240470886,0.4795073866844177,0.110418401658535,0.21984004974365234,0.37913817167282104,0.48626652359962463,0.23571306467056274,0.09188365191221237,0.43101152777671814,0.48507100343704224,0.11570094525814056,0.16899608075618744,0.3867964744567871,0.48010045289993286,0.21814920008182526,0.09220156073570251,0.4230232238769531,0.4755956530570984,0.10814475268125534,0.16721899807453156,0.3865596652030945,0.47826138138771057,0.20833179354667664,0.09651920944452286,0.42294490337371826,0.47447481751441956,0.11183389276266098,0.16001984477043152,0.3711031973361969,0.5154493451118469,0.12048236280679703,0.9998699426651001,0.4258367419242859,0.5180673003196716,-0.11984850466251373,0.9999821186065674,0.388929545879364,0.5956101417541504,0.3251190483570099,0.8590763211250305,0.40311112999916077,0.6066250205039978,-0.03454625606536865,0.9946328401565552,0.3981201946735382,0.6697564125061035,0.3899705708026886,0.8799372911453247,0.3683850169181824,0.6961468458175659,-0.0505891889333725,0.9872714281082153,0.3898960053920746,0.6836593747138977,0.3969857394695282,0.9335381388664246,0.3493281900882721,0.7131520509719849,-0.048252008855342865,0.9833961129188538,0.43301141262054443,0.6777874827384949,0.4404330253601074,0.5252923369407654,0.43554258346557617,0.7078245282173157,-0.06532883644104004,0.7650936245918274
214,0.429951548576355,0.35278043150901794,0.21291673183441162,0.999959409236908,0.42503324151039124,0.34602659940719604,0.17584669589996338,0.9999631643295288,0.42122316360473633,0.34561705589294434,0.17585861682891846,0.9999576210975647,0.41676393151283264,0.34522169828414917,0.17604176700115204,0.9999573826789856,0.43522894382476807,0.34676408767700195,0.15504324436187744,0.9999642968177795,0.4386468529701233,0.3467927873134613,0.15493488311767578,0.9999607801437378,0.4422871470451355,0.34682178497314453,0.15486857295036316,0.9999626278877258,0.40764468908309937,0.3487556576728821,0.06321553140878677,0.9999456405639648,0.44434550404548645,0.3493001461029053,-0.029466811567544937,0.9999596476554871,0.421694278717041,0.35955923795700073,0.18270528316497803,0.9999274015426636,0.43358007073402405,0.35941290855407715,0.15630529820919037,0.999940812587738,0.3452233672142029,0.3944317400455475,0.05312377214431763,0.9994146227836609,0.47660690546035767,0.3957354426383972,-0.16857917606830597,0.9999580979347229,0.31025731563568115,0.453545480966568,0.14113923907279968,0.6410367488861084,0.47979819774627686,0.4576469361782074,-0.08775022625923157,0.9186655282974243,0.3706168830394745,0.4750303328037262,0.23436224460601807,0.10071410238742828,0.4438773989677429,0.4682346284389496,0.11608786135911942,0.22968466579914093,0.3800479471683502,0.4839577078819275,0.26036515831947327,0.09016682952642441,0.4373913109302521,0.4801962375640869,0.12380511313676834,0.17462050914764404,0.3927237093448639,0.47744879126548767,0.24266107380390167,0.09043961018323898,0.43199485540390015,0.47506842017173767,0.11831990629434586,0.17259196937084198,0.38742610812187195,0.4759276807308197,0.23035721480846405,0.09478835761547089,0.4277772605419159,0.46824145317077637,0.11894091218709946,0.16466446220874786,0.3726549446582794,0.5169488787651062,0.12200191617012024,0.999870240688324,0.42739424109458923,0.5183192491531372,-0.12137378752231598,0.9999828338623047,0.3918992877006531,0.5956878066062927,0.33412966132164,0.8587108850479126,0.4021858274936676,0.6074811816215515,-0.033604398369789124,0.9950282573699951,0.38507789373397827,0.6655092835426331,0.41617095470428467,0.8804259300231934,0.36925044655799866,0.69612717628479,-0.043978046625852585,0.9876936674118042,0.3847358822822571,0.6799601316452026,0.42530885338783264,0.9356701374053955,0.3498636782169342,0.7143908143043518,-0.04094037786126137,0.9839853048324585,0.42916929721832275,0.6743174195289612,0.4749184548854828,0.5226959586143494,0.43217259645462036,0.7119781970977783,-0.05779274180531502,0.7677557468414307
215,0.430511474609375,0.3506055474281311,0.22375530004501343,0.9999589920043945,0.42567014694213867,0.344180166721344,0.186638742685318,0.9999623894691467,0.4216260313987732,0.3437356948852539,0.1866527497768402,0.9999566674232483,0.41715729236602783,0.34331467747688293,0.1868222951889038,0.9999562501907349,0.435987651348114,0.3448038697242737,0.1692279577255249,0.99996417760849,0.4392671287059784,0.3447955250740051,0.16911709308624268,0.9999607801437378,0.4433266222476959,0.3447991609573364,0.16906672716140747,0.9999623894691467,0.4074609577655792,0.3468090891838074,0.0711376965045929,0.9999450445175171,0.44557347893714905,0.34790071845054626,-0.006154890637844801,0.9999597072601318,0.42216402292251587,0.3570956587791443,0.1921558529138565,0.9999276399612427,0.4340874254703522,0.35712629556655884,0.17006532847881317,0.9999404549598694,0.3456823527812958,0.3928470015525818,0.0625767707824707,0.999413251876831,0.4745480716228485,0.3942177891731262,-0.14165940880775452,0.9999605417251587,0.3118230402469635,0.4518718123435974,0.13265904784202576,0.6375662684440613,0.47677749395370483,0.4565652906894684,-0.06822658330202103,0.924528181552887,0.3728504180908203,0.4738529324531555,0.21085889637470245,0.10110988467931747,0.44392839074134827,0.47430211305618286,0.11226638406515121,0.2386237382888794,0.38285472989082336,0.4832715094089508,0.23596252501010895,0.09023962914943695,0.43941134214401245,0.47901105880737305,0.11927586793899536,0.18001104891300201,0.3957274556159973,0.47658926248550415,0.21866117417812347,0.09037712216377258,0.42626699805259705,0.4682517647743225,0.11607802659273148,0.17768342792987823,0.3944869041442871,0.4748288094997406,0.20714505016803741,0.09468589723110199,0.42554330825805664,0.4672534465789795,0.11546532064676285,0.1693752110004425,0.374729186296463,0.513329267501831,0.12026731669902802,0.9998654127120972,0.4269622266292572,0.5154597759246826,-0.11973158270120621,0.999983012676239,0.3956886827945709,0.5927450656890869,0.29921770095825195,0.8512955904006958,0.40464070439338684,0.6056907176971436,-0.04640443995594978,0.9953052401542664,0.40750449895858765,0.6620506048202515,0.3565308451652527,0.8777241110801697,0.3716893494129181,0.6950960159301758,-0.07325298339128494,0.9877803325653076,0.39951181411743164,0.6764752268791199,0.3626866638660431,0.9363587498664856,0.35195392370224,0.7140249013900757,-0.07176429778337479,0.9843092560768127,0.4465004801750183,0.6699661612510681,0.403256356716156,0.5190402269363403,0.4371897280216217,0.7075832486152649,-0.08940588682889938,0.7698121070861816
216,0.4281117022037506,0.35430553555488586,0.21477964520454407,0.9999551773071289,0.4230934679508209,0.34694427251815796,0.18100020289421082,0.9999586343765259,0.4195951223373413,0.3465675711631775,0.1810101568698883,0.9999523758888245,0.4156486392021179,0.34625244140625,0.18116351962089539,0.9999517798423767,0.43265020847320557,0.3474762439727783,0.1590331494808197,0.9999614357948303,0.4359433054924011,0.3473721146583557,0.15891386568546295,0.9999579787254333,0.43948933482170105,0.347258985042572,0.15883858501911163,0.999959409236908,0.4073615074157715,0.3495245575904846,0.07877321541309357,0.9999401569366455,0.44119179248809814,0.34942376613616943,-0.019105834886431694,0.999957263469696,0.4203433692455292,0.36069896817207336,0.18819521367549896,0.9999233484268188,0.43160301446914673,0.36080196499824524,0.16017985343933105,0.9999364614486694,0.34615257382392883,0.39415547251701355,0.07782791554927826,0.9993900060653687,0.4720352590084076,0.3941604197025299,-0.1566283404827118,0.9999613761901855,0.3144981265068054,0.4514598250389099,0.1719130575656891,0.6245771050453186,0.47613000869750977,0.4560733437538147,-0.08443119376897812,0.92913419008255,0.3736668825149536,0.47182923555374146,0.26460978388786316,0.09900583326816559,0.44281822443008423,0.464805543422699,0.11378281563520432,0.24325250089168549,0.38426339626312256,0.4812178611755371,0.29305970668792725,0.08845055103302002,0.44128385186195374,0.4754902720451355,0.12109561264514923,0.18282511830329895,0.3968055844306946,0.474857896566391,0.27252086997032166,0.08857724815607071,0.4298361539840698,0.46602338552474976,0.1176423728466034,0.18030646443367004,0.395773321390152,0.4730640947818756,0.25955015420913696,0.09294518828392029,0.42959222197532654,0.4649001955986023,0.11741411685943604,0.1715879738330841,0.37392041087150574,0.5155956149101257,0.12305665761232376,0.999856173992157,0.4272077679634094,0.5158255100250244,-0.12254506349563599,0.9999825954437256,0.3935762941837311,0.5925850868225098,0.31269755959510803,0.8429587483406067,0.40578076243400574,0.6050967574119568,-0.051189273595809937,0.9954858422279358,0.39434054493904114,0.6601763963699341,0.38892096281051636,0.8719778060913086,0.37196457386016846,0.694623589515686,-0.07442868500947952,0.9876458048820496,0.3860010504722595,0.6740642786026001,0.3976258635520935,0.9355326294898987,0.35198938846588135,0.7134380340576172,-0.07278337329626083,0.9842636585235596,0.43182432651519775,0.673306941986084,0.4411238729953766,0.5113704800605774,0.43467283248901367,0.7083958983421326,-0.09642600268125534,0.7697064876556396
217,0.43313199281692505,0.35449308156967163,0.26267218589782715,0.9999547004699707,0.4280422627925873,0.3475836515426636,0.22522418200969696,0.9999583959579468,0.42452502250671387,0.3470670282840729,0.22522489726543427,0.9999523162841797,0.42088180780410767,0.34659725427627563,0.22538542747497559,0.9999514222145081,0.43608853220939636,0.3482239544391632,0.20475561916828156,0.9999616742134094,0.4388352632522583,0.3481379747390747,0.2046256810426712,0.9999584555625916,0.4420209527015686,0.3480444550514221,0.20454096794128418,0.9999597072601318,0.4090448021888733,0.349365770816803,0.11068595945835114,0.9999406337738037,0.4427563548088074,0.35017645359039307,0.019502315670251846,0.9999582767486572,0.42655616998672485,0.36051392555236816,0.23209039866924286,0.9999234676361084,0.4356237053871155,0.3603774309158325,0.20610411465168,0.9999365210533142,0.34534192085266113,0.3927411437034607,0.09816563129425049,0.9993836283683777,0.4706023335456848,0.3953443765640259,-0.12560273706912994,0.9999632835388184,0.31779754161834717,0.4508330225944519,0.2137613445520401,0.6175464987754822,0.4779941439628601,0.45632821321487427,-0.019340677186846733,0.9335624575614929,0.3743273913860321,0.46843352913856506,0.34146642684936523,0.09518881887197495,0.44684383273124695,0.4651983678340912,0.23053163290023804,0.24051031470298767,0.38485580682754517,0.4742411673069,0.3800119161605835,0.08495348691940308,0.4468544125556946,0.47344380617141724,0.24852672219276428,0.18026867508888245,0.3962406516075134,0.47205787897109985,0.3591288626194,0.0850672498345375,0.43342044949531555,0.4654777944087982,0.24513165652751923,0.17771568894386292,0.3958805203437805,0.4674268662929535,0.338011771440506,0.08948177099227905,0.43412256240844727,0.4617055058479309,0.2359326183795929,0.16887891292572021,0.3759641945362091,0.5130565166473389,0.12400681525468826,0.9998505711555481,0.42731890082359314,0.5140972137451172,-0.12355466187000275,0.9999828338623047,0.39575785398483276,0.591539740562439,0.32281336188316345,0.8422479629516602,0.40792927145957947,0.604568362236023,-0.043914783746004105,0.9957531094551086,0.38451308012008667,0.6643283367156982,0.3668068051338196,0.8723326921463013,0.3732597231864929,0.6944113373756409,-0.09914863109588623,0.9879490733146667,0.3920295834541321,0.6771096587181091,0.37299224734306335,0.9377338886260986,0.3533439636230469,0.7136614918708801,-0.10018428415060043,0.9847550392150879,0.4359399676322937,0.6732116341590881,0.42631658911705017,0.5078926086425781,0.4390209913253784,0.7077942490577698,-0.11585217714309692,0.7701267004013062
218,0.4313349723815918,0.3554222881793976,0.265231728553772,0.9999544024467468,0.4256353974342346,0.348322331905365,0.22602424025535583,0.9999587535858154,0.4222036600112915,0.3479378819465637,0.22599901258945465,0.9999529719352722,0.41850870847702026,0.3476186990737915,0.22614096105098724,0.9999517202377319,0.4342859983444214,0.34874874353408813,0.2037171721458435,0.9999624490737915,0.43701744079589844,0.348609983921051,0.20357924699783325,0.9999595880508423,0.4400714933872223,0.3484818637371063,0.20348495244979858,0.9999606609344482,0.4081231355667114,0.3502033054828644,0.10918547213077545,0.9999420046806335,0.44047272205352783,0.3505460023880005,0.00931050069630146,0.9999598860740662,0.4236811399459839,0.36153942346572876,0.23437458276748657,0.9999239444732666,0.4338550269603729,0.36163395643234253,0.20585836470127106,0.9999375939369202,0.34642595052719116,0.3941240906715393,0.09689853340387344,0.9993596076965332,0.4656241834163666,0.3951275050640106,-0.13597247004508972,0.9999646544456482,0.32254722714424133,0.4521239697933197,0.2536667585372925,0.5993401408195496,0.4664456248283386,0.45738595724105835,-0.01385862473398447,0.9365792274475098,0.3729169964790344,0.46792784333229065,0.43663108348846436,0.08899654448032379,0.44550421833992004,0.4630905091762543,0.27565330266952515,0.23041726648807526,0.3894610106945038,0.4703965187072754,0.486966609954834,0.07955702394247055,0.4404639005661011,0.46469682455062866,0.3050234913825989,0.1729717254638672,0.3973214328289032,0.46489325165748596,0.4677235186100006,0.07966718077659607,0.44227248430252075,0.46241942048072815,0.29889410734176636,0.1704908162355423,0.39602914452552795,0.4637487530708313,0.43545612692832947,0.08400517702102661,0.43975475430488586,0.4615117013454437,0.2817109227180481,0.16173280775547028,0.3768712282180786,0.5135145783424377,0.12675690650939941,0.9998471736907959,0.4236431419849396,0.5147339701652527,-0.12632860243320465,0.9999833703041077,0.39667704701423645,0.5937492847442627,0.3432188034057617,0.8453487753868103,0.40831804275512695,0.6038094758987427,-0.05503465235233307,0.996049165725708,0.3839162290096283,0.6649054884910583,0.4044328033924103,0.8755666613578796,0.37116068601608276,0.6959224939346313,-0.11198816448450089,0.9885385632514954,0.3966381847858429,0.6775732040405273,0.41292208433151245,0.9407969117164612,0.3535993993282318,0.7126493453979492,-0.11267118155956268,0.9854453802108765,0.44075411558151245,0.6723353862762451,0.4740222096443176,0.5093931555747986,0.4367384910583496,0.7079564332962036,-0.13086876273155212,0.7747262716293335
219,0.43330520391464233,0.3528885245323181,0.27528008818626404,0.9999557137489319,0.42732542753219604,0.3462528586387634,0.23557808995246887,0.9999603629112244,0.42355918884277344,0.3456541895866394,0.23554424941539764,0.9999549984931946,0.4192686378955841,0.34509143233299255,0.23568259179592133,0.9999535083770752,0.4366046190261841,0.34708306193351746,0.2123628556728363,0.99996417760849,0.43968233466148376,0.34706929326057434,0.21221312880516052,0.9999616146087646,0.44299909472465515,0.3470754027366638,0.2120978832244873,0.999962568283081,0.4071566164493561,0.3477194309234619,0.11757853627204895,0.9999447464942932,0.4433847963809967,0.3494340479373932,0.013910035602748394,0.9999622702598572,0.42571476101875305,0.35906103253364563,0.24419768154621124,0.9999266266822815,0.4363086223602295,0.3592655062675476,0.21470284461975098,0.9999401569366455,0.3455149233341217,0.39284747838974,0.10302557051181793,0.9993484616279602,0.465813010931015,0.3953855037689209,-0.13847513496875763,0.9999661445617676,0.3204457461833954,0.4509008526802063,0.2680935263633728,0.5823256373405457,0.46723222732543945,0.45842400193214417,-0.006277135573327541,0.9392622113227844,0.3712320029735565,0.46617522835731506,0.4598965644836426,0.08284462988376617,0.4440018832683563,0.4638952612876892,0.3075309097766876,0.2188919335603714,0.3896577060222626,0.4689328074455261,0.5124155879020691,0.07418708503246307,0.44511252641677856,0.46487516164779663,0.3377864956855774,0.16455809772014618,0.3987206220626831,0.4599577486515045,0.48955392837524414,0.07431615144014359,0.44187989830970764,0.45806974172592163,0.33295077085494995,0.162197083234787,0.3975331485271454,0.4590068757534027,0.45754069089889526,0.07859101891517639,0.43621838092803955,0.45799022912979126,0.31452319025993347,0.15364257991313934,0.3762894570827484,0.5139380097389221,0.1284778118133545,0.9998499751091003,0.42584848403930664,0.515553891658783,-0.12807130813598633,0.9999842643737793,0.3959657549858093,0.5938832759857178,0.35994818806648254,0.8511341214179993,0.40869784355163574,0.6046100854873657,-0.034833673387765884,0.9963430762290955,0.38410136103630066,0.6699541211128235,0.41682401299476624,0.8808814883232117,0.3724316358566284,0.6939910054206848,-0.08492407202720642,0.9891839027404785,0.3967742919921875,0.6779550313949585,0.4250251054763794,0.9442072510719299,0.35292553901672363,0.7109719514846802,-0.0852002203464508,0.9861934781074524,0.4367797076702118,0.6713019609451294,0.4859829843044281,0.5150611996650696,0.43748998641967773,0.7070043683052063,-0.10061375051736832,0.7797245383262634
