frame,nose_x,nose_y,nose_z,nose_visibility,left_eye_inner_x,left_eye_inner_y,left_eye_inner_z,left_eye_inner_visibility,left_eye_x,left_eye_y,left_eye_z,left_eye_visibility,left_eye_outer_x,left_eye_outer_y,left_eye_outer_z,left_eye_outer_visibility,right_eye_inner_x,right_eye_inner_y,right_eye_inner_z,right_eye_inner_visibility,right_eye_x,right_eye_y,right_eye_z,right_eye_visibility,right_eye_outer_x,right_eye_outer_y,right_eye_outer_z,right_eye_outer_visibility,left_ear_x,left_ear_y,left_ear_z,left_ear_visibility,right_ear_x,right_ear_y,right_ear_z,right_ear_visibility,mouth_left_x,mouth_left_y,mouth_left_z,mouth_left_visibility,mouth_right_x,mouth_right_y,mouth_right_z,mouth_right_visibility,left_shoulder_x,left_shoulder_y,left_shoulder_z,left_shoulder_visibility,right_shoulder_x,right_shoulder_y,right_shoulder_z,right_shoulder_visibility,left_elbow_x,left_elbow_y,left_elbow_z,left_elbow_visibility,right_elbow_x,right_elbow_y,right_elbow_z,right_elbow_visibility,left_wrist_x,left_wrist_y,left_wrist_z,left_wrist_visibility,right_wrist_x,right_wrist_y,right_wrist_z,right_wrist_visibility,left_pinky_x,left_pinky_y,left_pinky_z,left_pinky_visibility,right_pinky_x,right_pinky_y,right_pinky_z,right_pinky_visibility,left_index_x,left_index_y,left_index_z,left_index_visibility,right_index_x,right_index_y,right_index_z,right_index_visibility,left_thumb_x,left_thumb_y,left_thumb_z,left_thumb_visibility,right_thumb_x,right_thumb_y,right_thumb_z,right_thumb_visibility,left_hip_x,left_hip_y,left_hip_z,left_hip_visibility,right_hip_x,right_hip_y,right_hip_z,right_hip_visibility,left_knee_x,left_knee_y,left_knee_z,left_knee_visibility,right_knee_x,right_knee_y,right_knee_z,right_knee_visibility,left_ankle_x,left_ankle_y,left_ankle_z,left_ankle_visibility,right_ankle_x,right_ankle_y,right_ankle_z,right_ankle_visibility,left_heel_x,left_heel_y,left_heel_z,left_heel_visibility,right_heel_x,right_heel_y,right_heel_z,right_heel_visibility,left_foot_index_x,left_foot_index_y,left_foot_index_z,left_foot_index_visibility,right_foot_index_x,right_foot_index_y,right_foot_index_z,right_foot_index_visibility
0,0.5651189088821411,0.39936530590057373,-0.6467705368995667,0.9996100068092346,0.5645298957824707,0.3949795961380005,-0.6221621632575989,0.9990204572677612,0.5654277205467224,0.39538484811782837,-0.6222895383834839,0.9990115165710449,0.5664981007575989,0.39571407437324524,-0.6223694682121277,0.9991664886474609,0.5549836158752441,0.3968566656112671,-0.632800281047821,0.9987725615501404,0.551646888256073,0.3975755572319031,-0.6328882575035095,0.998580813407898,0.5442097187042236,0.3974703252315521,-0.6328902244567871,0.9986763596534729,0.5601828098297119,0.40420371294021606,-0.44303393363952637,0.9973220229148865,0.533112645149231,0.4046248495578766,-0.48668161034584045,0.9965914487838745,0.5706291794776917,0.4115487039089203,-0.575618326663971,0.9992513060569763,0.5600107908248901,0.4115287661552429,-0.5883264541625977,0.9989719390869141,0.5961180925369263,0.4616923928260803,-0.25890055298805237,0.9998812675476074,0.47938272356987,0.46095648407936096,-0.3888967037200928,0.9996466636657715,0.5779851675033569,0.5380799770355225,-0.18595480918884277,0.9368592500686646,0.49483439326286316,0.5373613238334656,-0.3632815480232239,0.9625838398933411,0.5606744289398193,0.6148909330368042,-0.3376167118549347,0.9010552167892456,0.5249329805374146,0.6190811991691589,-0.4459570348262787,0.9537443518638611,0.562430202960968,0.6402194499969482,-0.3855394721031189,0.8544186353683472,0.5249429941177368,0.6379136443138123,-0.5104495286941528,0.9246922135353088,0.5572308897972107,0.6387962102890015,-0.4502652585506439,0.8605241775512695,0.5365713834762573,0.6400078535079956,-0.5455607175827026,0.9276267886161804,0.5546481609344482,0.6306887865066528,-0.3670009970664978,0.8496047258377075,0.5366082787513733,0.6320146918296814,-0.46135351061820984,0.9119245409965515,0.5426961183547974,0.5925083160400391,0.025989267975091934,0.9998170733451843,0.4811522960662842,0.590825617313385,-0.02592451311647892,0.9998038411140442,0.5910932421684265,0.6963989734649658,-0.03316797688603401,0.9843457341194153,0.4367298185825348,0.6958577036857605,-0.08619728684425354,0.9896141886711121,0.6128669381141663,0.7916907668113708,0.1871311068534851,0.9734594821929932,0.40974828600883484,0.7906144857406616,0.13326339423656464,0.9852948188781738,0.5967551469802856,0.8031890988349915,0.19749607145786285,0.7689622044563293,0.41417625546455383,0.8107808232307434,0.14266017079353333,0.8550252318382263,0.650450587272644,0.8220449090003967,-0.013431754894554615,0.9638435244560242,0.38334494829177856,0.8273247480392456,-0.07366251200437546,0.9759578108787537
1,0.5558103919029236,0.40070825815200806,-0.6169788241386414,0.999631404876709,0.5575414896011353,0.39722469449043274,-0.5845586061477661,0.9990702867507935,0.560623824596405,0.39831244945526123,-0.584697425365448,0.999059796333313,0.5637550354003906,0.3993024528026581,-0.5847296714782715,0.9992021322250366,0.5462294816970825,0.3959887623786926,-0.6071487069129944,0.9988449811935425,0.5424090623855591,0.3964737355709076,-0.607257604598999,0.9986682534217834,0.5382813811302185,0.39695823192596436,-0.6073132753372192,0.9987570643424988,0.5633102059364319,0.40870749950408936,-0.3873969614505768,0.9974035024642944,0.5281516313552856,0.4076102674007416,-0.4885602593421936,0.9968127012252808,0.5618707537651062,0.4129248261451721,-0.5406158566474915,0.9992722868919373,0.5525630116462708,0.4162347614765167,-0.5698696374893188,0.9990184307098389,0.5897050499916077,0.46620428562164307,-0.18780891597270966,0.9998660683631897,0.4745056629180908,0.4674150049686432,-0.42711159586906433,0.9996523857116699,0.5837690830230713,0.5407154560089111,-0.10932276397943497,0.9282062649726868,0.4795396625995636,0.5382121801376343,-0.4163772165775299,0.9633832573890686,0.5630793571472168,0.6179333329200745,-0.2630227506160736,0.8918993473052979,0.5237122178077698,0.6214831471443176,-0.46067526936531067,0.9534876942634583,0.567773699760437,0.6426190137863159,-0.30376213788986206,0.843059241771698,0.5280017852783203,0.6398637890815735,-0.5218111872673035,0.9240440726280212,0.5606334209442139,0.6414632201194763,-0.36544331908226013,0.8495981693267822,0.5388782620429993,0.6406150460243225,-0.555367112159729,0.9270092248916626,0.5591676235198975,0.6327500939369202,-0.29289907217025757,0.8393241167068481,0.5389682650566101,0.6337282657623291,-0.4741436541080475,0.9114952683448792,0.5504117608070374,0.588808000087738,0.0693492665886879,0.9998146891593933,0.485513299703598,0.5928940176963806,-0.0690978392958641,0.9998055100440979,0.5943891406059265,0.693114697933197,0.06477236747741699,0.984218418598175,0.4356668293476105,0.6971848011016846,-0.13387154042720795,0.9900979995727539,0.6205815672874451,0.7856085300445557,0.2637079954147339,0.9741162657737732,0.4108656644821167,0.7930516004562378,0.0666121393442154,0.9858652949333191,0.614095151424408,0.7981431484222412,0.2709195613861084,0.7723669409751892,0.40893763303756714,0.8068894743919373,0.07403144985437393,0.8555521965026855,0.6580906510353088,0.8180726766586304,0.06422769278287888,0.9646738767623901,0.3844229578971863,0.828892707824707,-0.14803317189216614,0.976776123046875
2,0.5617000460624695,0.3996869623661041,-0.5544171333312988,0.9996536374092102,0.5632263422012329,0.39862537384033203,-0.5211396813392639,0.999122142791748,0.5664329528808594,0.39960137009620667,-0.521319568157196,0.9991083741188049,0.5697391629219055,0.4005916714668274,-0.5213896036148071,0.9992364048957825,0.5507076978683472,0.39831212162971497,-0.5475252866744995,0.9989202618598938,0.5462441444396973,0.399148166179657,-0.5476526618003845,0.9987585544586182,0.5384131669998169,0.3996235132217407,-0.547731876373291,0.9988409280776978,0.5673664212226868,0.41086748242378235,-0.32731762528419495,0.9975157380104065,0.5257771015167236,0.4061708450317383,-0.4467615485191345,0.9970510005950928,0.5693413019180298,0.4157511293888092,-0.4794054925441742,0.9993114471435547,0.5517827272415161,0.41489967703819275,-0.5138518214225769,0.999089777469635,0.5990674495697021,0.47014379501342773,-0.13580025732517242,0.9998593330383301,0.46954429149627686,0.47128039598464966,-0.4039933383464813,0.9996729493141174,0.5836666226387024,0.5446736812591553,-0.05129562318325043,0.9204171895980835,0.48143744468688965,0.5422016382217407,-0.40047651529312134,0.9642918705940247,0.5628936290740967,0.6175276041030884,-0.20051106810569763,0.8840519785881042,0.5214163661003113,0.6188717484474182,-0.4590258300304413,0.9531230330467224,0.5682540535926819,0.6378121972084045,-0.23971353471279144,0.8322731256484985,0.5250334739685059,0.6369090676307678,-0.5226206183433533,0.9233272671699524,0.5591847896575928,0.637255072593689,-0.29637590050697327,0.8389689922332764,0.5372046828269958,0.6375922560691833,-0.5544472336769104,0.9262650012969971,0.557039201259613,0.6284749507904053,-0.22802259027957916,0.8280824422836304,0.5371360778808594,0.6295578479766846,-0.4715041220188141,0.9104928970336914,0.5592433214187622,0.5954123139381409,0.08337730169296265,0.9998030662536621,0.48242634534835815,0.5946663618087769,-0.08307631313800812,0.9998024106025696,0.5972515940666199,0.694987416267395,0.13800199329853058,0.9839940667152405,0.43559667468070984,0.6975472569465637,-0.20159156620502472,0.9907020926475525,0.6197588443756104,0.7853894829750061,0.40109094977378845,0.9744476675987244,0.4115142822265625,0.7855239510536194,0.018775347620248795,0.9866203665733337,0.6112604141235352,0.7995520830154419,0.41537684202194214,0.7744028568267822,0.41289785504341125,0.7941650748252869,0.029034435749053955,0.857868492603302,0.6651429533958435,0.8127710223197937,0.2283359318971634,0.9648835062980652,0.3896961808204651,0.821875810623169,-0.19204990565776825,0.9778148531913757
3,0.5616884231567383,0.40184053778648376,-0.5241227149963379,0.9996786713600159,0.562881588935852,0.39674147963523865,-0.4902564585208893,0.9991826415061951,0.5669300556182861,0.39740636944770813,-0.4904157817363739,0.9991673231124878,0.5704089999198914,0.3980697691440582,-0.49044716358184814,0.9992815256118774,0.5511448383331299,0.39717093110084534,-0.5185691714286804,0.9990007281303406,0.5465810298919678,0.39814919233322144,-0.518704891204834,0.9988532066345215,0.5409864783287048,0.3991301357746124,-0.5187821984291077,0.9989291429519653,0.5696636438369751,0.4081847071647644,-0.29645752906799316,0.9976521134376526,0.5251871943473816,0.4093371331691742,-0.424434632062912,0.9972925782203674,0.5694171786308289,0.4144040048122406,-0.4491603970527649,0.9993579387664795,0.5515340566635132,0.4138875901699066,-0.4859752058982849,0.9991639256477356,0.5981262922286987,0.46863678097724915,-0.10548119992017746,0.9998576045036316,0.46894821524620056,0.47047391533851624,-0.3967784643173218,0.9996955990791321,0.5839246511459351,0.5456883311271667,-0.03228994458913803,0.9126638174057007,0.48136985301971436,0.5436968207359314,-0.39588630199432373,0.9660648107528687,0.5612351298332214,0.6183372735977173,-0.2025916874408722,0.8779308199882507,0.5163721442222595,0.6196067929267883,-0.4611594080924988,0.9542115926742554,0.5662718415260315,0.6411723494529724,-0.24403084814548492,0.8245639204978943,0.5175447463989258,0.6392341256141663,-0.527084469795227,0.9246326088905334,0.556169331073761,0.6407143473625183,-0.30164918303489685,0.8314080238342285,0.5331820845603943,0.6404330134391785,-0.55940842628479,0.9274755716323853,0.5537272691726685,0.631072461605072,-0.231296107172966,0.8198250532150269,0.5326105356216431,0.6316560506820679,-0.47398585081100464,0.911774754524231,0.5622110962867737,0.5962122082710266,0.09230147302150726,0.9997860193252563,0.4872265160083771,0.5976793169975281,-0.09194245934486389,0.9997950196266174,0.5988922119140625,0.6963469982147217,0.13710558414459229,0.9831429719924927,0.4377746284008026,0.6955894231796265,-0.2575800120830536,0.99118572473526,0.6190230250358582,0.7856336832046509,0.39225250482559204,0.9742607474327087,0.4115463197231293,0.7850253582000732,-0.043847035616636276,0.9871777892112732,0.6081318855285645,0.7977181077003479,0.4060242474079132,0.7760152816772461,0.4117269515991211,0.7935640215873718,-0.033898256719112396,0.858909547328949,0.6574076414108276,0.814542829990387,0.22283174097537994,0.964575469493866,0.39810484647750854,0.8195048570632935,-0.2544400691986084,0.9785808324813843
4,0.554519772529602,0.40017077326774597,-0.05814015492796898,0.9996288418769836,0.5482346415519714,0.39718136191368103,-0.06661243736743927,0.999061107635498,0.5460907220840454,0.39733850955963135,-0.06672637909650803,0.9990137219429016,0.5433149337768555,0.3974897265434265,-0.06673913449048996,0.9991396069526672,0.5543965101242065,0.3986685872077942,-0.08448424190282822,0.998892605304718,0.5556582808494568,0.3997454047203064,-0.08455321192741394,0.9987401962280273,0.5569824576377869,0.4007404148578644,-0.08457151800394058,0.9988452792167664,0.5317839980125427,0.4038566052913666,-0.09273269027471542,0.9971738457679749,0.5551800727844238,0.41133028268814087,-0.17160014808177948,0.9972401261329651,0.5521121621131897,0.41293036937713623,-0.06118296831846237,0.999232292175293,0.5600179433822632,0.4134683907032013,-0.08404424786567688,0.9990718364715576,0.47386324405670166,0.46867191791534424,-0.06534366309642792,0.9997881650924683,0.5875291228294373,0.46700793504714966,-0.23057390749454498,0.999694287776947,0.4869518578052521,0.5485755801200867,-0.0778638944029808,0.8755432367324829,0.5774120688438416,0.5439785122871399,-0.25722330808639526,0.9630556106567383,0.532638669013977,0.6180917024612427,-0.16259530186653137,0.8422411680221558,0.5445092916488647,0.6228466033935547,-0.24692077934741974,0.9474589824676514,0.5421597361564636,0.6400693655014038,-0.19661729037761688,0.7876134514808655,0.5505779385566711,0.6446439027786255,-0.2865002155303955,0.9133389592170715,0.5398303270339966,0.6396424770355225,-0.2303590178489685,0.7938205599784851,0.5491533875465393,0.6451027989387512,-0.3064287304878235,0.9154383540153503,0.5366950035095215,0.6332163214683533,-0.18105071783065796,0.7822547554969788,0.5469815731048584,0.6376134157180786,-0.2560677230358124,0.8984505534172058,0.49478042125701904,0.598147988319397,0.04029422253370285,0.9997622966766357,0.5489042401313782,0.5977153182029724,-0.0402039997279644,0.9997804164886475,0.4409823417663574,0.7002553939819336,0.12121131271123886,0.9712117314338684,0.5819569230079651,0.6937736868858337,0.034408748149871826,0.9853991270065308,0.4338221848011017,0.7953010201454163,0.2580133080482483,0.9674352407455444,0.6084979176521301,0.7864306569099426,0.22765140235424042,0.9818032383918762,0.4274531900882721,0.8127622008323669,0.2635893225669861,0.7683137059211731,0.5748559236526489,0.8106614947319031,0.240464448928833,0.8518601059913635,0.4327756464481354,0.8080075979232788,0.14952988922595978,0.9534296989440918,0.5892696976661682,0.8064152002334595,0.13396722078323364,0.9676227569580078
5,0.555419385433197,0.4035950303077698,-0.46160489320755005,0.9996442794799805,0.5564111471176147,0.3973787724971771,-0.43653950095176697,0.9990930557250977,0.5591259002685547,0.39793193340301514,-0.43674829602241516,0.9990439414978027,0.561873197555542,0.3986300230026245,-0.4368276596069336,0.9991590976715088,0.5462892651557922,0.3982682526111603,-0.4554497301578522,0.9989364147186279,0.5425381064414978,0.39941543340682983,-0.4555826783180237,0.9987919330596924,0.5382230281829834,0.4004707634449005,-0.45565637946128845,0.9988924860954285,0.5598891973495483,0.40948647260665894,-0.28097304701805115,0.9972220063209534,0.527083158493042,0.4066314995288849,-0.3664748966693878,0.9973667860031128,0.561377227306366,0.41604819893836975,-0.40065547823905945,0.9992516040802002,0.546372652053833,0.41520076990127563,-0.4251735806465149,0.999112606048584,0.5896585583686829,0.4697672724723816,-0.1398766189813614,0.9997789859771729,0.4768906235694885,0.46992629766464233,-0.3273364007472992,0.9997028708457947,0.5776416659355164,0.5454570055007935,-0.10014377534389496,0.8692907691001892,0.48605477809906006,0.5457985401153564,-0.32963672280311584,0.961219847202301,0.5531795620918274,0.619066596031189,-0.2379690408706665,0.8334923386573792,0.5251492857933044,0.6202148795127869,-0.3985216021537781,0.9442834854125977,0.561570405960083,0.640807032585144,-0.2822189927101135,0.7756490707397461,0.5331497192382812,0.6414881944656372,-0.46140164136886597,0.9086751937866211,0.5526284575462341,0.6398581862449646,-0.33231762051582336,0.7819585800170898,0.5407748818397522,0.6417587399482727,-0.49083298444747925,0.9108745455741882,0.549863338470459,0.6308748126029968,-0.26308050751686096,0.769478440284729,0.539398729801178,0.6342004537582397,-0.41175010800361633,0.8930273652076721,0.547522783279419,0.5993958711624146,0.05569244921207428,0.9997448325157166,0.49591997265815735,0.5977528691291809,-0.055479977279901505,0.9997720122337341,0.5925173759460449,0.6984341740608215,0.12781278789043427,0.9716043472290039,0.44056326150894165,0.6988306641578674,-0.1423380970954895,0.9862218499183655,0.6205374598503113,0.7874162793159485,0.3716685473918915,0.9683636426925659,0.41521063446998596,0.7858661413192749,0.09943089634180069,0.9826298952102661,0.6112174987792969,0.8010131120681763,0.3839086890220642,0.7701215744018555,0.4169425964355469,0.800172746181488,0.11245408654212952,0.8545473217964172,0.6557523608207703,0.8131132125854492,0.19399406015872955,0.954417884349823,0.3952518403530121,0.8162928819656372,-0.09100025147199631,0.9689982533454895
6,0.5549603700637817,0.4002554714679718,-0.4766167104244232,0.9996578693389893,0.5559664368629456,0.39634057879447937,-0.4492820203304291,0.9991216659545898,0.5590426921844482,0.3968540132045746,-0.4494944214820862,0.9990705847740173,0.5620987415313721,0.39753490686416626,-0.44957971572875977,0.9991748929023743,0.5444812774658203,0.3974316418170929,-0.4697152376174927,0.9989754557609558,0.5402772426605225,0.3986736834049225,-0.46985262632369995,0.998837947845459,0.535575270652771,0.39980658888816833,-0.4699346423149109,0.9989340305328369,0.5593891143798828,0.4049423635005951,-0.2835502028465271,0.9972509741783142,0.5240853428840637,0.4060482978820801,-0.3762560486793518,0.9974774122238159,0.5616124272346497,0.41437217593193054,-0.4120732843875885,0.9992668032646179,0.5454177260398865,0.41355714201927185,-0.43866437673568726,0.9991502165794373,0.5899460911750793,0.4685676395893097,-0.13313189148902893,0.9997653961181641,0.4704568386077881,0.46933701634407043,-0.3383888304233551,0.9997078776359558,0.5793179273605347,0.5451148152351379,-0.08356036990880966,0.8613190054893494,0.48402488231658936,0.5429447293281555,-0.3346162736415863,0.9598172307014465,0.5547309517860413,0.6174371838569641,-0.22443117201328278,0.8239944577217102,0.5244783759117126,0.6200112700462341,-0.39905422925949097,0.9413067102432251,0.5625147223472595,0.6426441669464111,-0.26749128103256226,0.7638128399848938,0.5288973450660706,0.6423723101615906,-0.4613190293312073,0.9042902588844299,0.552733838558197,0.6415755152702332,-0.32008931040763855,0.7702838182449341,0.5391636490821838,0.6429349780082703,-0.4923248291015625,0.9065834879875183,0.5498074889183044,0.6319664716720581,-0.2504376769065857,0.7568889260292053,0.5376850962638855,0.6346537470817566,-0.41236668825149536,0.8879309296607971,0.548933744430542,0.5973303914070129,0.06331366300582886,0.9997180104255676,0.4927442669868469,0.597547709941864,-0.06307408213615417,0.9997574090957642,0.5946180820465088,0.6982517838478088,0.1331191062927246,0.9720575213432312,0.44002124667167664,0.6977400183677673,-0.1755724996328354,0.987038791179657,0.617982029914856,0.7862033843994141,0.3860754370689392,0.9692608118057251,0.4170851409435272,0.7848145365715027,0.0682707354426384,0.9834661483764648,0.608306348323822,0.79880291223526,0.3992283046245575,0.7720856070518494,0.42666754126548767,0.8007810115814209,0.08151981234550476,0.8569739460945129,0.6578914523124695,0.8151818513870239,0.20903603732585907,0.9554052352905273,0.39454346895217896,0.8189042210578918,-0.12708207964897156,0.9703934192657471
7,0.5535923838615417,0.4037784934043884,-0.5399064421653748,0.9996741414070129,0.5556208491325378,0.39794403314590454,-0.5107266306877136,0.9991602897644043,0.5588852763175964,0.39863353967666626,-0.510899007320404,0.9991068840026855,0.5631458759307861,0.39957424998283386,-0.5109676122665405,0.999203085899353,0.5447404980659485,0.3986489176750183,-0.5313618183135986,0.9990275502204895,0.540654182434082,0.39986923336982727,-0.5315002202987671,0.9988981485366821,0.5365036129951477,0.40005773305892944,-0.5315690040588379,0.9989898204803467,0.5632501244544983,0.41065821051597595,-0.33092841506004333,0.9973372220993042,0.5228173732757568,0.41169416904449463,-0.42443546652793884,0.9976189136505127,0.5614933967590332,0.4193573296070099,-0.46987998485565186,0.9992969036102295,0.5441863536834717,0.41878005862236023,-0.49673202633857727,0.9991984367370605,0.5951581597328186,0.4709262549877167,-0.1619170606136322,0.9997683763504028,0.4671357572078705,0.4708501398563385,-0.3705063462257385,0.9997215270996094,0.5829322934150696,0.5457311272621155,-0.09561321139335632,0.8615689277648926,0.4832744598388672,0.5465928912162781,-0.3603934049606323,0.9601125717163086,0.5559492707252502,0.6208578944206238,-0.2403271496295929,0.8240485191345215,0.5186223387718201,0.6192703247070312,-0.4300895631313324,0.9407299757003784,0.5633087158203125,0.6432229280471802,-0.2842956781387329,0.7627390027046204,0.526924192905426,0.6414403319358826,-0.49156510829925537,0.903328537940979,0.552361249923706,0.6426710486412048,-0.33729082345962524,0.7692044973373413,0.5374058485031128,0.6424033641815186,-0.5247559547424316,0.9056897163391113,0.5498391389846802,0.6332828998565674,-0.26614910364151,0.755104124546051,0.5360144376754761,0.6338218450546265,-0.4436565637588501,0.8866694569587708,0.5570298433303833,0.5991907715797424,0.0665980875492096,0.9997095465660095,0.48881468176841736,0.6010989546775818,-0.06639079004526138,0.9997524619102478,0.5950180292129517,0.6996362805366516,0.120295450091362,0.9726372361183167,0.43607446551322937,0.6998156905174255,-0.17602142691612244,0.9877973794937134,0.6221539378166199,0.7859081625938416,0.3964913785457611,0.9697288274765015,0.4108870327472687,0.7863170504570007,0.06316721439361572,0.984207808971405,0.6117411851882935,0.7978807091712952,0.4126262962818146,0.7736622095108032,0.4117206037044525,0.7992908954620361,0.07587627321481705,0.858088493347168,0.6563013195991516,0.8150424361228943,0.22828863561153412,0.9559294581413269,0.3903699219226837,0.8213232755661011,-0.13785657286643982,0.9716047048568726
8,0.5541932582855225,0.39858683943748474,-0.4975232183933258,0.9996907711029053,0.555677056312561,0.3929804265499115,-0.46821221709251404,0.9991995096206665,0.5582890510559082,0.39372149109840393,-0.46842220425605774,0.9991446733474731,0.5609403848648071,0.3945568799972534,-0.4685036540031433,0.999232828617096,0.5466018915176392,0.39376866817474365,-0.4853174388408661,0.9990782737731934,0.5430176258087158,0.39491936564445496,-0.4854404628276825,0.998956561088562,0.5366740822792053,0.39579248428344727,-0.48549899458885193,0.9990440607070923,0.5582470297813416,0.40576520562171936,-0.2940063774585724,0.9974274039268494,0.5259157419204712,0.4054431915283203,-0.3718893229961395,0.997748613357544,0.5591890215873718,0.41150981187820435,-0.43054720759391785,0.9993271827697754,0.5438161492347717,0.41136178374290466,-0.4528389573097229,0.9992458820343018,0.5946850180625916,0.4696216285228729,-0.14534178376197815,0.9997678995132446,0.46119844913482666,0.4713731110095978,-0.3190189599990845,0.999732494354248,0.5842322707176208,0.5451802015304565,-0.09303648769855499,0.8612943291664124,0.47849246859550476,0.544196367263794,-0.31246182322502136,0.9596946239471436,0.5575169920921326,0.6173620820045471,-0.24464981257915497,0.8223018050193787,0.518742024898529,0.6199665665626526,-0.40452486276626587,0.9392845034599304,0.5650049448013306,0.6432414650917053,-0.29242902994155884,0.7591197490692139,0.527174711227417,0.642395555973053,-0.4673527181148529,0.9010423421859741,0.5538281798362732,0.6420742273330688,-0.3449820280075073,0.765615701675415,0.5384781956672668,0.6400299668312073,-0.5009161829948425,0.9034741520881653,0.5511513948440552,0.6321115493774414,-0.27045172452926636,0.750453531742096,0.537142276763916,0.6305018067359924,-0.4189564883708954,0.8838229179382324,0.5572825074195862,0.599285364151001,0.05456319823861122,0.9997050166130066,0.4870137572288513,0.5991353392601013,-0.0543101504445076,0.9997535347938538,0.5943795442581177,0.7000130414962769,0.07941706478595734,0.9737114906311035,0.43539002537727356,0.7002794742584229,-0.19374053180217743,0.9885823130607605,0.6196947693824768,0.7862125039100647,0.3537682592868805,0.9708015322685242,0.41190582513809204,0.7862175703048706,0.04619818180799484,0.9851019978523254,0.6091564893722534,0.7982311844825745,0.36909347772598267,0.777137279510498,0.41490957140922546,0.8014461398124695,0.05852939188480377,0.861086368560791,0.6566827297210693,0.815433919429779,0.17734745144844055,0.957217276096344,0.38550347089767456,0.8198352456092834,-0.159366175532341,0.9730736017227173
9,0.5480833053588867,0.40618786215782166,-0.31166931986808777,0.9996868371963501,0.5461272597312927,0.39966920018196106,-0.31042298674583435,0.999182403087616,0.5457315444946289,0.3998960852622986,-0.3105509579181671,0.9991114139556885,0.5438333749771118,0.40368515253067017,-0.31057581305503845,0.999210774898529,0.5481037497520447,0.40096336603164673,-0.327483594417572,0.9990727305412292,0.5482103228569031,0.40186139941215515,-0.3275544047355652,0.9989509582519531,0.5481604337692261,0.40263766050338745,-0.32756227254867554,0.9990494847297668,0.5359882116317749,0.409832626581192,-0.2660277783870697,0.9973158836364746,0.5455803275108337,0.40889108180999756,-0.34118732810020447,0.9977572560310364,0.5480998754501343,0.4206025302410126,-0.2884359061717987,0.9992719888687134,0.5492521524429321,0.42019084095954895,-0.3101716637611389,0.9991945624351501,0.4923464059829712,0.47071027755737305,-0.18031325936317444,0.9997319579124451,0.5495793223381042,0.4669492840766907,-0.3378145098686218,0.9997220635414124,0.5201461911201477,0.5552147030830383,-0.17331022024154663,0.837660014629364,0.5731683373451233,0.5469367504119873,-0.3378415107727051,0.9550230503082275,0.5414286255836487,0.6186719536781311,-0.27557051181793213,0.8003033399581909,0.5372926592826843,0.6229133605957031,-0.34559813141822815,0.9339480400085449,0.5481464266777039,0.6401346921920776,-0.3181546926498413,0.735651969909668,0.5439905524253845,0.6427367925643921,-0.39268356561660767,0.8942046761512756,0.5439716577529907,0.6398218870162964,-0.35793155431747437,0.7419221997261047,0.5448745489120483,0.6435171365737915,-0.4251548945903778,0.89654541015625,0.5418400764465332,0.6303051710128784,-0.297072172164917,0.7268620729446411,0.5425175428390503,0.6372432112693787,-0.36020374298095703,0.8763751983642578,0.5132233500480652,0.6012348532676697,0.037982143461704254,0.9997007846832275,0.5298497676849365,0.6014601588249207,-0.03776150941848755,0.9997483491897583,0.5425747632980347,0.7000042796134949,0.08417496830224991,0.9710933566093445,0.4970274269580841,0.6971750259399414,0.003948627971112728,0.9874308109283447,0.5499126315116882,0.7951079607009888,0.2671259641647339,0.9693310856819153,0.4806681275367737,0.7935745120048523,0.23048630356788635,0.9837751984596252,0.5441211462020874,0.8116481304168701,0.27552881836891174,0.7746394872665405,0.4821755886077881,0.8110866546630859,0.24339771270751953,0.8563190698623657,0.569639265537262,0.8122416734695435,0.12381184846162796,0.9545488357543945,0.4766193628311157,0.8108009696006775,0.0962010845541954,0.9702797532081604
10,0.546892523765564,0.40849465131759644,-0.6126677393913269,0.9996974468231201,0.5556218028068542,0.4012208878993988,-0.5836296677589417,0.9992111921310425,0.560023844242096,0.40227144956588745,-0.5837944746017456,0.9991400241851807,0.5643820762634277,0.4034422039985657,-0.5838717222213745,0.9992325305938721,0.5403939485549927,0.40110722184181213,-0.602177083492279,0.999112069606781,0.5327136516571045,0.40180227160453796,-0.6022989749908447,0.9989970922470093,0.5268611311912537,0.4026259183883667,-0.6023514866828918,0.999090850353241,0.5647851228713989,0.4140184819698334,-0.390057235956192,0.997399628162384,0.5146377682685852,0.40882641077041626,-0.4744667410850525,0.997868001461029,0.5580646395683289,0.42242714762687683,-0.5362425446510315,0.9992996454238892,0.5392648577690125,0.4216601252555847,-0.5606463551521301,0.9992337226867676,0.5959988832473755,0.4706365168094635,-0.1986749917268753,0.9997362494468689,0.46080249547958374,0.470898300409317,-0.391672819852829,0.9997323155403137,0.5855913162231445,0.5457736849784851,-0.11442708969116211,0.839952290058136,0.482120156288147,0.5466339588165283,-0.3591947853565216,0.9555426239967346,0.55755215883255,0.6178199052810669,-0.2640557289123535,0.8020455837249756,0.5174371004104614,0.6211111545562744,-0.4393182396888733,0.9339240789413452,0.5646206736564636,0.6434265971183777,-0.3090382516384125,0.7376231551170349,0.5264421701431274,0.6437445282936096,-0.5019579529762268,0.8945684432983398,0.5538710355758667,0.6423925161361694,-0.3682476282119751,0.744254469871521,0.5376893281936646,0.6438546776771545,-0.5409443974494934,0.8970616459846497,0.5509434342384338,0.6328305006027222,-0.2916358411312103,0.7288971543312073,0.5362145900726318,0.6353599429130554,-0.4548889398574829,0.8767346739768982,0.5551465749740601,0.5977402329444885,0.05691559985280037,0.9996907114982605,0.4863557517528534,0.5986592769622803,-0.056717485189437866,0.999736487865448,0.5973371863365173,0.6966530680656433,0.065828338265419,0.9723294377326965,0.4362912178039551,0.6996175050735474,-0.14626947045326233,0.9881165623664856,0.6197373270988464,0.7849730849266052,0.3170738220214844,0.9703580737113953,0.41143667697906494,0.785038948059082,0.09535583108663559,0.9843946099281311,0.6097378730773926,0.7965481281280518,0.33026862144470215,0.7782164812088013,0.41953739523887634,0.7987762093544006,0.10773538798093796,0.856639564037323,0.6550814509391785,0.8155906200408936,0.12922360002994537,0.9558799862861633,0.38994893431663513,0.820334255695343,-0.10985419899225235,0.9713598489761353
11,0.5504065155982971,0.4063938558101654,-0.37814223766326904,0.9997019171714783,0.5498490333557129,0.39949831366539,-0.36673226952552795,0.999214231967926,0.5508068203926086,0.39982637763023376,-0.36690571904182434,0.9991363883018494,0.5545655488967896,0.39930760860443115,-0.3669649362564087,0.9992313981056213,0.5468751192092896,0.4007546007633209,-0.38741403818130493,0.9991204738616943,0.5438724160194397,0.40161553025245667,-0.3875235319137573,0.9990041255950928,0.5418965816497803,0.40259239077568054,-0.38758111000061035,0.9991022944450378,0.5471446514129639,0.4100314974784851,-0.273398220539093,0.9973570108413696,0.5382978916168213,0.4073057174682617,-0.3645719289779663,0.9978854656219482,0.5553944110870361,0.41701018810272217,-0.3379327952861786,0.9992882609367371,0.5495752692222595,0.41744571924209595,-0.36420294642448425,0.999228835105896,0.5483709573745728,0.47000017762184143,-0.1559448093175888,0.9997245073318481,0.518735408782959,0.46875879168510437,-0.3592652678489685,0.9997336268424988,0.5466672778129578,0.546925961971283,-0.1293146312236786,0.8239469528198242,0.5219314694404602,0.5486190319061279,-0.3656872808933258,0.9535356760025024,0.5464274287223816,0.6179388761520386,-0.23887425661087036,0.7874804139137268,0.5347241163253784,0.6234388947486877,-0.3879331946372986,0.9317523241043091,0.5535968542098999,0.6401405334472656,-0.2787405848503113,0.7214824557304382,0.5411832332611084,0.64280766248703,-0.4454665184020996,0.8916225433349609,0.5491365194320679,0.6397086977958679,-0.3251897096633911,0.727973461151123,0.5446141362190247,0.6433427333831787,-0.4729386568069458,0.8940424919128418,0.5449507832527161,0.6299371719360352,-0.26287490129470825,0.71236652135849,0.5427866578102112,0.6374495625495911,-0.4008437395095825,0.8732051253318787,0.534041702747345,0.6012488603591919,0.05955752730369568,0.999682605266571,0.51011723279953,0.6012035608291626,-0.05929533764719963,0.9997339248657227,0.5710666179656982,0.6990728378295898,0.15193988382816315,0.9701630473136902,0.4713074564933777,0.6955999135971069,-0.07768052071332932,0.988041877746582,0.6170865297317505,0.7905544638633728,0.3740006387233734,0.9693635106086731,0.44147592782974243,0.7901489734649658,0.16285733878612518,0.9841711521148682,0.5913516283035278,0.807529091835022,0.3854420483112335,0.7749505043029785,0.44038090109825134,0.8068283796310425,0.1768951565027237,0.8554099798202515,0.6444071531295776,0.8118125796318054,0.22072021663188934,0.9544839859008789,0.4080309569835663,0.8154706954956055,0.005376680288463831,0.9709190130233765
12,0.5597496032714844,0.4014922082424164,-0.5633826851844788,0.9997199773788452,0.5615664720535278,0.39497965574264526,-0.5305396914482117,0.9992628693580627,0.5649314522743225,0.3954180181026459,-0.5307275652885437,0.9991890788078308,0.5689793825149536,0.3960108458995819,-0.5308031439781189,0.9992752075195312,0.5475240349769592,0.3959689140319824,-0.5517536401748657,0.9991780519485474,0.5412995219230652,0.3971390128135681,-0.5518889427185059,0.9990705251693726,0.5342422127723694,0.39828452467918396,-0.5519305467605591,0.9991616010665894,0.565359890460968,0.4055478870868683,-0.33530914783477783,0.9975130558013916,0.5181812047958374,0.4068911671638489,-0.43099361658096313,0.9980366230010986,0.565842866897583,0.41401204466819763,-0.48783087730407715,0.999337375164032,0.5456766486167908,0.41466084122657776,-0.5154841542243958,0.9992862343788147,0.5972796678543091,0.46900737285614014,-0.1552312672138214,0.9997389912605286,0.460647851228714,0.4729679822921753,-0.3709542751312256,0.9997488260269165,0.5874980688095093,0.54608154296875,-0.08446550369262695,0.828494131565094,0.47740432620048523,0.5464009642601013,-0.3591998517513275,0.9555679559707642,0.5569688677787781,0.6184138059616089,-0.25803056359291077,0.7906392216682434,0.5157480239868164,0.6216967701911926,-0.45383724570274353,0.933861494064331,0.560893177986145,0.6436039209365845,-0.308170348405838,0.7244181632995605,0.5242705941200256,0.6439077258110046,-0.5208883881568909,0.8946992754936218,0.5530979037284851,0.6397427916526794,-0.3649976849555969,0.7310389280319214,0.5359341502189636,0.6440346837043762,-0.5560386776924133,0.8970816135406494,0.5493921637535095,0.629708468914032,-0.2859565317630768,0.7149422764778137,0.5344210267066956,0.6355762481689453,-0.46816784143447876,0.8762974739074707,0.5565816760063171,0.5988534688949585,0.05977893993258476,0.99969083070755,0.4856856167316437,0.5994114279747009,-0.05947281792759895,0.9997369050979614,0.5973193049430847,0.6967571973800659,0.02246234379708767,0.971724271774292,0.4350593388080597,0.7002321481704712,-0.14447440207004547,0.9886673092842102,0.6214513182640076,0.7864931225776672,0.2779499292373657,0.9706589579582214,0.41080543398857117,0.7855510115623474,0.12336339801549911,0.9847726225852966,0.6105764508247375,0.7978187203407288,0.2913449704647064,0.7803794145584106,0.41973185539245605,0.7988770604133606,0.13817425072193146,0.8562153577804565,0.656595766544342,0.8155415654182434,0.08447795361280441,0.9562960863113403,0.38988277316093445,0.8197528719902039,-0.07866902649402618,0.9720396995544434
13,0.5481575131416321,0.40146058797836304,-0.18168222904205322,0.9997105002403259,0.5444204807281494,0.39849865436553955,-0.18236516416072845,0.9992375373840332,0.5433082580566406,0.3988230526447296,-0.18253576755523682,0.9991466403007507,0.5427699089050293,0.3986791968345642,-0.18256303668022156,0.9992408752441406,0.5478837490081787,0.39969930052757263,-0.2054774910211563,0.9991630911827087,0.5482351183891296,0.4006619453430176,-0.20555822551250458,0.999056339263916,0.5484071373939514,0.4015076756477356,-0.2055821716785431,0.9991586804389954,0.5318508744239807,0.40570709109306335,-0.16535580158233643,0.9973665475845337,0.5512231588363647,0.40561357140541077,-0.26758331060409546,0.9980647563934326,0.5504274368286133,0.41578036546707153,-0.16873541474342346,0.9992857575416565,0.5543823838233948,0.4156511425971985,-0.19829948246479034,0.9992489814758301,0.4830995202064514,0.47141382098197937,-0.09945307672023773,0.9996879696846008,0.558864951133728,0.4675200283527374,-0.31810060143470764,0.999740481376648,0.5077788233757019,0.5566844344139099,-0.09669147431850433,0.7919611930847168,0.5736414194107056,0.5468158721923828,-0.3404507339000702,0.953410267829895,0.5394222140312195,0.6184192299842834,-0.20421697199344635,0.7593641877174377,0.5411601066589355,0.6244205832481384,-0.3336007297039032,0.9302805066108704,0.5468549728393555,0.6408612132072449,-0.24631452560424805,0.692957878112793,0.5425317287445068,0.6436872482299805,-0.3825847804546356,0.8889365792274475,0.5440602898597717,0.640263020992279,-0.28380486369132996,0.6993511319160461,0.5468230247497559,0.6442004442214966,-0.4062533676624298,0.8909356594085693,0.5417060256004333,0.6306281685829163,-0.22615279257297516,0.6840804815292358,0.5449644327163696,0.6383755207061768,-0.3444291055202484,0.8694889545440674,0.5079021453857422,0.602809727191925,0.055205088108778,0.9996827840805054,0.531781792640686,0.6028417348861694,-0.05493031069636345,0.9997313618659973,0.5185080766677856,0.7030899524688721,0.14953570067882538,0.966387152671814,0.5157227516174316,0.7001820802688599,0.06019001081585884,0.9863783121109009,0.507056474685669,0.7982826828956604,0.3445799648761749,0.9676381349563599,0.5064994096755981,0.7925661206245422,0.31489500403404236,0.9821773767471313,0.4991312623023987,0.8152064681053162,0.35509994626045227,0.7759953141212463,0.504907488822937,0.8095754981040955,0.33194229006767273,0.8485763669013977,0.5265065431594849,0.8138682246208191,0.22347193956375122,0.9515273571014404,0.5149710774421692,0.8084518313407898,0.20616932213306427,0.9669249057769775
14,0.5536046028137207,0.4045339822769165,-0.594035804271698,0.9997192025184631,0.5565682649612427,0.4002779722213745,-0.5674005746841431,0.999260425567627,0.5601203441619873,0.40120500326156616,-0.567586362361908,0.999172031879425,0.5637360215187073,0.4023907482624054,-0.5676753520965576,0.9992599487304688,0.5436536073684692,0.4006217420101166,-0.5823748707771301,0.9991900324821472,0.538902997970581,0.40169593691825867,-0.5825067162513733,0.9990869164466858,0.5311758518218994,0.40265098214149475,-0.5825613737106323,0.999184787273407,0.5617875456809998,0.4112091660499573,-0.38741275668144226,0.9974358677864075,0.5215811133384705,0.41000646352767944,-0.455624520778656,0.9981284141540527,0.5592285394668579,0.4209792912006378,-0.5231645107269287,0.9993070363998413,0.5402237772941589,0.41956478357315063,-0.5427926778793335,0.999277651309967,0.5929574966430664,0.470458060503006,-0.2180194854736328,0.9996962547302246,0.4610280394554138,0.47289296984672546,-0.3692803978919983,0.9997467994689941,0.5853720307350159,0.5441334247589111,-0.14826728403568268,0.7991942167282104,0.47796863317489624,0.5461986660957336,-0.3363756239414215,0.9530450701713562,0.5559243559837341,0.6183435916900635,-0.2799132764339447,0.7639667987823486,0.5216251611709595,0.6212673187255859,-0.4070148766040802,0.9293610453605652,0.5631982684135437,0.6401337385177612,-0.32486608624458313,0.6970593333244324,0.52592533826828,0.6419396996498108,-0.46545758843421936,0.8877922296524048,0.55287766456604,0.6393181681632996,-0.379419207572937,0.703589677810669,0.5371917486190796,0.6417776346206665,-0.5024160146713257,0.8899993896484375,0.5502279996871948,0.6293615102767944,-0.3053014278411865,0.6877971291542053,0.5361796617507935,0.6324111819267273,-0.4220971167087555,0.8682830929756165,0.5530046820640564,0.5981529951095581,0.04422111436724663,0.9996777772903442,0.4865204989910126,0.5983068943023682,-0.04404161497950554,0.9997268319129944,0.5937203168869019,0.6967847347259521,0.06956520676612854,0.9682713150978088,0.4371698200702667,0.6959717273712158,-0.13002318143844604,0.9872231483459473,0.6197341084480286,0.7862831354141235,0.33029744029045105,0.9691521525382996,0.4124322831630707,0.7857409119606018,0.12578052282333374,0.9831010699272156,0.6081488132476807,0.7964221835136414,0.3443472981452942,0.7804062962532043,0.4261484742164612,0.7991238236427307,0.1397704780101776,0.8516850471496582,0.6578124165534973,0.815805971622467,0.1423644870519638,0.9536067843437195,0.39121213555336,0.8197206258773804,-0.07504290342330933,0.9686241149902344
15,0.5488982796669006,0.4078402519226074,-0.2852688133716583,0.9997257590293884,0.5487606525421143,0.4013981521129608,-0.28136682510375977,0.9992753267288208,0.5490468740463257,0.403116375207901,-0.28151676058769226,0.9991816878318787,0.548020601272583,0.40325748920440674,-0.28153425455093384,0.9992721676826477,0.5482481122016907,0.4023827016353607,-0.30127742886543274,0.999207079410553,0.5479504466056824,0.4032770097255707,-0.30134880542755127,0.9991032481193542,0.5508369207382202,0.40250760316848755,-0.3013628423213959,0.999204158782959,0.540347695350647,0.4097934365272522,-0.2318173199892044,0.9974504113197327,0.5455420017242432,0.40894296765327454,-0.3195040822029114,0.9981708526611328,0.5518982410430908,0.4202665686607361,-0.2607966959476471,0.9992955327033997,0.5512596964836121,0.41992872953414917,-0.2861212491989136,0.9992625713348389,0.49353620409965515,0.4725930094718933,-0.14616352319717407,0.9996843934059143,0.5451382994651794,0.4672190248966217,-0.3372800648212433,0.9997450709342957,0.5212560892105103,0.557083249092102,-0.14494165778160095,0.7779013514518738,0.5626489520072937,0.5483814477920532,-0.34884947538375854,0.9510712027549744,0.5433554649353027,0.6193012595176697,-0.25441986322402954,0.7466596364974976,0.5364311933517456,0.6231746077537537,-0.34800800681114197,0.9274489283561707,0.5480098724365234,0.6402710676193237,-0.2977619767189026,0.6791342496871948,0.5434877872467041,0.6421776413917542,-0.3979552686214447,0.8851999044418335,0.5440806746482849,0.6401339769363403,-0.33720001578330994,0.6854994297027588,0.5470593571662903,0.6429386734962463,-0.42602822184562683,0.8872985243797302,0.5417954325675964,0.6307691931724548,-0.2768719494342804,0.6701003909111023,0.544969379901886,0.637183427810669,-0.361068993806839,0.8656370043754578,0.519378125667572,0.6013297438621521,0.04847714304924011,0.9996845722198486,0.5235220193862915,0.6002629995346069,-0.04817325994372368,0.9997305870056152,0.5654712319374084,0.6987410187721252,0.09637778252363205,0.9667701125144958,0.48169809579849243,0.6957955956459045,0.0034717777743935585,0.9866523146629333,0.6174724698066711,0.7913660407066345,0.26077574491500854,0.9687288403511047,0.4483940005302429,0.788539469242096,0.23287074267864227,0.9822788238525391,0.5946675539016724,0.8106690645217896,0.2672257721424103,0.7785468697547913,0.4472353160381317,0.805717408657074,0.2463226020336151,0.8470746874809265,0.6436968445777893,0.813202440738678,0.11358635872602463,0.9525036811828613,0.44321906566619873,0.8062447309494019,0.103123240172863,0.9667832851409912
16,0.5548583269119263,0.40346193313598633,-0.5550757646560669,0.9997361302375793,0.5560727715492249,0.3971855342388153,-0.5287019610404968,0.9993017315864563,0.5589460134506226,0.3978196084499359,-0.5288899540901184,0.9992117881774902,0.5618786215782166,0.398583322763443,-0.5289708971977234,0.9992952942848206,0.5447060465812683,0.3980713486671448,-0.542939305305481,0.9992369413375854,0.5404849052429199,0.3992052376270294,-0.5430653691291809,0.999137282371521,0.5329696536064148,0.4001123011112213,-0.5431172847747803,0.9992328882217407,0.5588566064834595,0.4097207486629486,-0.356094628572464,0.9975327253341675,0.5234312415122986,0.40944260358810425,-0.4204934239387512,0.998240053653717,0.5596247315406799,0.4174017012119293,-0.4874829351902008,0.9993233680725098,0.5424224734306335,0.4167500436306,-0.5059974789619446,0.9992969632148743,0.592769205570221,0.47058793902397156,-0.19824351370334625,0.9996955990791321,0.46223875880241394,0.4725107252597809,-0.3439464867115021,0.9997537136077881,0.583371639251709,0.5462144017219543,-0.1418422907590866,0.7870408892631531,0.47756826877593994,0.545670747756958,-0.3215789198875427,0.9510030150413513,0.5539954304695129,0.6177381277084351,-0.2766381800174713,0.7534213662147522,0.5211228132247925,0.6206333637237549,-0.3998629152774811,0.9271477460861206,0.5573282837867737,0.6393009424209595,-0.3227296471595764,0.685383677482605,0.5252906680107117,0.6431925296783447,-0.4595368802547455,0.8848192095756531,0.5505638718605042,0.6410453915596008,-0.37498149275779724,0.6917383074760437,0.5361732840538025,0.6431086659431458,-0.4946499764919281,0.8870528936386108,0.5466359257698059,0.6315818428993225,-0.30139297246932983,0.6756700277328491,0.5349117517471313,0.6345276236534119,-0.4146592617034912,0.8651487231254578,0.5508676767349243,0.5985507965087891,0.04321590065956116,0.9996840953826904,0.4872460961341858,0.5986859202384949,-0.04301457107067108,0.999729335308075,0.5933475494384766,0.6965763568878174,0.062241893261671066,0.9685618281364441,0.43664461374282837,0.6990968585014343,-0.13377133011817932,0.9874486327171326,0.6199008822441101,0.7863225936889648,0.30790355801582336,0.9702341556549072,0.41221973299980164,0.7847630977630615,0.11655870079994202,0.983176589012146,0.6093898415565491,0.7981143593788147,0.3201344609260559,0.782776415348053,0.4225025177001953,0.7994475960731506,0.12999559938907623,0.8500615358352661,0.6564061641693115,0.81418776512146,0.11659751832485199,0.9545852541923523,0.3906365931034088,0.8167105317115784,-0.08257661759853363,0.9684678912162781
17,0.5475752949714661,0.403927206993103,-0.5090348720550537,0.9997372031211853,0.5506992340087891,0.4008021652698517,-0.4870547950267792,0.9992984533309937,0.5533886551856995,0.4013400673866272,-0.48724445700645447,0.9992093443870544,0.5560777187347412,0.4019266366958618,-0.4873393177986145,0.9992889761924744,0.5401400923728943,0.4014855921268463,-0.5037761926651001,0.9992356300354004,0.5368129014968872,0.4024043083190918,-0.5039040446281433,0.9991370439529419,0.5296579003334045,0.4029560387134552,-0.5039671063423157,0.9992297887802124,0.5546392202377319,0.4083186089992523,-0.33886459469795227,0.9975202083587646,0.5249513983726501,0.4086395800113678,-0.4138360619544983,0.9982448816299438,0.5565900802612305,0.41891878843307495,-0.4500972032546997,0.999329149723053,0.5429351925849915,0.4185457229614258,-0.4716699421405792,0.9993072748184204,0.588158905506134,0.47012215852737427,-0.19084268808364868,0.9997019171714783,0.47379016876220703,0.4720213711261749,-0.3600214719772339,0.9997598528862,0.5741502642631531,0.5476877093315125,-0.14894984662532806,0.792222261428833,0.4915899634361267,0.5489024519920349,-0.3590908348560333,0.9504008889198303,0.5533709526062012,0.6193426847457886,-0.269474595785141,0.7571344971656799,0.5274142026901245,0.6239495873451233,-0.41737502813339233,0.9271801114082336,0.5620622038841248,0.6411447525024414,-0.3109580874443054,0.6879225969314575,0.5331140160560608,0.6428915858268738,-0.47721347212791443,0.8850164413452148,0.5528929829597473,0.6406971216201782,-0.3611481487751007,0.6942223906517029,0.5409956574440002,0.6435615420341492,-0.5070337653160095,0.8872896432876587,0.5502930879592896,0.6314467787742615,-0.2938414216041565,0.6778028607368469,0.539682924747467,0.6357981562614441,-0.43059268593788147,0.8652743101119995,0.5441504120826721,0.600349485874176,0.04812466725707054,0.9996849298477173,0.49426087737083435,0.6011831760406494,-0.04796282947063446,0.9997298717498779,0.5924553871154785,0.6962867975234985,0.09911608695983887,0.9692846536636353,0.4395354390144348,0.697533369064331,-0.11288230121135712,0.9879685640335083,0.6207910776138306,0.7895580530166626,0.3211483955383301,0.9708741903305054,0.4140283167362213,0.7874237298965454,0.1210031732916832,0.9837062358856201,0.6148019433021545,0.8048114776611328,0.3312649726867676,0.7829543352127075,0.42587757110595703,0.8048238158226013,0.13320088386535645,0.8522037863731384,0.65523761510849,0.8105869889259338,0.1377382129430771,0.9554403424263,0.39300668239593506,0.8229573369026184,-0.06644725054502487,0.9695290327072144
18,0.5465618968009949,0.40095511078834534,-0.40636762976646423,0.9997398853302002,0.5508681535720825,0.3956771492958069,-0.38781580328941345,0.9992979764938354,0.5526315569877625,0.3962107300758362,-0.38804808259010315,0.9992095828056335,0.5543551445007324,0.39673852920532227,-0.3881402313709259,0.9992856979370117,0.5438095927238464,0.3962898552417755,-0.4021889865398407,0.9992302060127258,0.5414953827857971,0.3971570134162903,-0.4023248851299286,0.9991282820701599,0.5387365221977234,0.3978738486766815,-0.4023938775062561,0.9992212653160095,0.5508793592453003,0.40628549456596375,-0.2651779353618622,0.9974990487098694,0.5292110443115234,0.4065999388694763,-0.3293340504169464,0.9982143044471741,0.5552546381950378,0.41427913308143616,-0.35759320855140686,0.9993321895599365,0.5431102514266968,0.4138990342617035,-0.37585464119911194,0.9993141293525696,0.5779581069946289,0.46767398715019226,-0.1585707664489746,0.999708354473114,0.47530025243759155,0.4718466103076935,-0.29930320382118225,0.9997628331184387,0.5756335258483887,0.5466068387031555,-0.14515157043933868,0.7962992191314697,0.492208868265152,0.5480196475982666,-0.3122197985649109,0.9475920796394348,0.5535670518875122,0.6165894865989685,-0.2683897018432617,0.7575529217720032,0.5295430421829224,0.6214618682861328,-0.37653782963752747,0.9239370822906494,0.5613918304443359,0.6397830247879028,-0.313554584980011,0.6858437061309814,0.5352755784988403,0.6425713896751404,-0.43679869174957275,0.8801470398902893,0.5531606078147888,0.6389997601509094,-0.3565990924835205,0.6917658448219299,0.5428749322891235,0.6426883339881897,-0.4632110595703125,0.8824081420898438,0.5504512786865234,0.6301390528678894,-0.29051652550697327,0.6744652390480042,0.5412876605987549,0.6351020932197571,-0.38954439759254456,0.8597159385681152,0.5373122096061707,0.6018416285514832,0.04161045700311661,0.9996845722198486,0.49585452675819397,0.6023989319801331,-0.04142652824521065,0.9997339248657227,0.5914953947067261,0.6996715664863586,0.1352950930595398,0.9694586396217346,0.43783149123191833,0.7003578543663025,-0.12742353975772858,0.9883707761764526,0.6202436685562134,0.7862015962600708,0.3844851553440094,0.9711017608642578,0.4145957827568054,0.7851962447166443,0.12347894161939621,0.9841598868370056,0.6148704886436462,0.8000489473342896,0.39779314398765564,0.7811244130134583,0.42274463176727295,0.8007128238677979,0.13826394081115723,0.8550085425376892,0.6576247215270996,0.8144346475601196,0.216903418302536,0.9556437134742737,0.39005327224731445,0.8176557421684265,-0.05190301686525345,0.9704225063323975
19,0.5529365539550781,0.4010283052921295,-0.5002837777137756,0.9997479319572449,0.5543349385261536,0.39542457461357117,-0.4724843204021454,0.9993157386779785,0.5565930008888245,0.39603468775749207,-0.4726846218109131,0.9992309808731079,0.5588414072990417,0.39667895436286926,-0.4727679193019867,0.9993001818656921,0.5456493496894836,0.39616087079048157,-0.4917706549167633,0.9992508888244629,0.541748046875,0.39934825897216797,-0.4919195771217346,0.9991528391838074,0.5376003384590149,0.40040847659111023,-0.491995632648468,0.9992411136627197,0.5554988980293274,0.40694066882133484,-0.3068026900291443,0.9975325465202332,0.5262913703918457,0.4069451093673706,-0.39308980107307434,0.998262882232666,0.5569956302642822,0.4140784442424774,-0.4361549913883209,0.9993525147438049,0.5426241159439087,0.41375696659088135,-0.46088671684265137,0.9993404150009155,0.5895774960517883,0.467259019613266,-0.15344174206256866,0.9997153878211975,0.46789875626564026,0.4716850221157074,-0.3529665768146515,0.9997683167457581,0.5786823034286499,0.5467817187309265,-0.11124254763126373,0.7985842227935791,0.48389554023742676,0.5484643578529358,-0.35724660754203796,0.9480465054512024,0.5548719763755798,0.617322564125061,-0.2586648762226105,0.7579684853553772,0.5290260910987854,0.6233251690864563,-0.42744845151901245,0.9239752888679504,0.5623549222946167,0.6375816464424133,-0.3036839962005615,0.6851752400398254,0.5341551899909973,0.6448334455490112,-0.49058765172958374,0.8799185752868652,0.5544233918190002,0.6396532654762268,-0.35490405559539795,0.6910223364830017,0.5416445732116699,0.6447385549545288,-0.5192034840583801,0.8821408748626709,0.5516225695610046,0.630347490310669,-0.2842727303504944,0.6730877161026001,0.5405405759811401,0.6366647481918335,-0.4398331344127655,0.8589925765991211,0.5475079417228699,0.5988213419914246,0.05968591198325157,0.9996857643127441,0.4912581741809845,0.5998528003692627,-0.05945010110735893,0.9997369050979614,0.5927978157997131,0.6969653964042664,0.10951478034257889,0.9707621335983276,0.4386724829673767,0.6975078582763672,-0.14545582234859467,0.9890792369842529,0.6211896538734436,0.7868558764457703,0.3815467059612274,0.9722411036491394,0.4133373200893402,0.7843368053436279,0.12407886236906052,0.985014021396637,0.6104587316513062,0.7971861362457275,0.3962017297744751,0.7852242588996887,0.41582992672920227,0.7977403402328491,0.13938213884830475,0.8591404557228088,0.6579347252845764,0.8138515949249268,0.19875739514827728,0.957339882850647,0.3936867117881775,0.8213198781013489,-0.0717184916138649,0.9720290303230286
20,0.5554984211921692,0.40016964077949524,-0.43915584683418274,0.9997549057006836,0.5559328198432922,0.3944436311721802,-0.41273799538612366,0.9993324875831604,0.5581653714179993,0.3949320614337921,-0.41297149658203125,0.9992501139640808,0.5604408979415894,0.39549052715301514,-0.4130551815032959,0.9993141293525696,0.5471711158752441,0.3951309323310852,-0.43419718742370605,0.9992676377296448,0.5438107252120972,0.3960253596305847,-0.43433451652526855,0.9991714954376221,0.5399224162101746,0.3967895805835724,-0.43441247940063477,0.9992572665214539,0.5564945936203003,0.40575429797172546,-0.2571519613265991,0.9975754618644714,0.527687132358551,0.4058651924133301,-0.35359564423561096,0.9983105063438416,0.5598347783088684,0.4129525423049927,-0.37855497002601624,0.9993698596954346,0.5454002022743225,0.41250428557395935,-0.4061949551105499,0.9993627667427063,0.5861266255378723,0.4682217538356781,-0.11907210201025009,0.9997177124023438,0.4700656831264496,0.47117283940315247,-0.33153435587882996,0.9997700452804565,0.5787500739097595,0.5447694659233093,-0.08539928495883942,0.8002527356147766,0.48529040813446045,0.5472922921180725,-0.3449270725250244,0.9482941627502441,0.5557695031166077,0.6160889863967896,-0.23399916291236877,0.758287250995636,0.5251579284667969,0.6213179230690002,-0.41013336181640625,0.9238821864128113,0.563339352607727,0.6365777850151062,-0.2799348533153534,0.6835684180259705,0.533519983291626,0.6427907347679138,-0.47502824664115906,0.879330039024353,0.5550917387008667,0.638839066028595,-0.3283978998661041,0.689439594745636,0.5413777232170105,0.6427178978919983,-0.5017184019088745,0.8815626502037048,0.5520691275596619,0.629700243473053,-0.25922930240631104,0.6712881922721863,0.5399929881095886,0.6348472833633423,-0.4222402572631836,0.8581302165985107,0.5460542440414429,0.5980085730552673,0.06286409497261047,0.9996782541275024,0.49415966868400574,0.5986698269844055,-0.06264238804578781,0.999734103679657,0.5941691398620605,0.6992079019546509,0.14777235686779022,0.9711601138114929,0.4384954273700714,0.6998873353004456,-0.14663155376911163,0.9895530939102173,0.6196432709693909,0.7870153784751892,0.4028756618499756,0.9726165533065796,0.4122011959552765,0.7866259217262268,0.10971703380346298,0.9854992032051086,0.6128782629966736,0.8007267713546753,0.4164699614048004,0.7847127914428711,0.415694922208786,0.7957848906517029,0.12453106045722961,0.8603695631027222,0.6623832583427429,0.8143495321273804,0.23076795041561127,0.9578425288200378,0.39433780312538147,0.8201339244842529,-0.07642451673746109,0.9729208946228027
21,0.5428237915039062,0.4056658446788788,-0.20119905471801758,0.9997406005859375,0.5415534973144531,0.3994172215461731,-0.20396804809570312,0.999291181564331,0.5404844284057617,0.3999123275279999,-0.20413276553153992,0.9991941452026367,0.5390665531158447,0.40021559596061707,-0.20414458215236664,0.9992626905441284,0.5454151034355164,0.40032580494880676,-0.2236528843641281,0.999233067035675,0.546477198600769,0.40127602219581604,-0.22372403740882874,0.999136209487915,0.5474629998207092,0.40214285254478455,-0.22374914586544037,0.999230682849884,0.5288743376731873,0.4070727229118347,-0.1929958164691925,0.9974156618118286,0.5497018098831177,0.40716609358787537,-0.28064170479774475,0.9982975125312805,0.5465315580368042,0.4170288145542145,-0.19053491950035095,0.9993157386779785,0.5509505867958069,0.4169526994228363,-0.2158239334821701,0.9993160367012024,0.4761182963848114,0.4720342457294464,-0.1282189041376114,0.9996811747550964,0.5816386938095093,0.46759748458862305,-0.3181873559951782,0.9997654557228088,0.5010145902633667,0.5573437213897705,-0.12825708091259003,0.7761234045028687,0.5728978514671326,0.5462421178817749,-0.336527943611145,0.9476234912872314,0.5407892465591431,0.6176384687423706,-0.22570262849330902,0.737337589263916,0.5405126810073853,0.6235285997390747,-0.33114323019981384,0.9226976037025452,0.5479024052619934,0.6362487077713013,-0.26472800970077515,0.6622280478477478,0.5462472438812256,0.6433943510055542,-0.37834179401397705,0.8769837617874146,0.5453173518180847,0.6390804648399353,-0.3037280738353729,0.6679024696350098,0.5479169487953186,0.6452102065086365,-0.40237244963645935,0.8789229393005371,0.5430965423583984,0.6294289827346802,-0.24732869863510132,0.6507863998413086,0.5457397103309631,0.6375218033790588,-0.34222111105918884,0.8556658029556274,0.5066936016082764,0.6005693078041077,0.046519793570041656,0.9996760487556458,0.535731315612793,0.6009631752967834,-0.04627453163266182,0.9997319579124451,0.529190719127655,0.7019641995429993,0.11996345221996307,0.9679427742958069,0.5073009133338928,0.697085440158844,0.03010919690132141,0.9877336621284485,0.5404605865478516,0.7998043298721313,0.27613088488578796,0.9706416726112366,0.48849791288375854,0.7915131449699402,0.2540195882320404,0.9830871820449829,0.5366101861000061,0.817125141620636,0.28258952498435974,0.7799772620201111,0.4876372814178467,0.8088781833648682,0.26775574684143066,0.85218346118927,0.5596503019332886,0.815468430519104,0.14290277659893036,0.954153835773468,0.48885855078697205,0.8073352575302124,0.13956615328788757,0.9680674076080322
22,0.5538575649261475,0.40115514397621155,-0.3934250771999359,0.9997424483299255,0.5532001256942749,0.39528271555900574,-0.3736295998096466,0.999291718006134,0.5546472668647766,0.3956880569458008,-0.37385573983192444,0.9991961717605591,0.5560449957847595,0.3961378335952759,-0.37394750118255615,0.9992627501487732,0.5466398596763611,0.39615097641944885,-0.39369824528694153,0.9992300868034363,0.5441597104072571,0.3971049189567566,-0.3938421607017517,0.9991308450698853,0.5406951308250427,0.4004014730453491,-0.39392364025115967,0.9992250204086304,0.5512022376060486,0.40593278408050537,-0.2482938915491104,0.9973952770233154,0.5295659899711609,0.4070214331150055,-0.33748796582221985,0.9982732534408569,0.5573329329490662,0.41352713108062744,-0.3433048129081726,0.9993142485618591,0.5462753772735596,0.4134758710861206,-0.3688485026359558,0.999315619468689,0.5772351622581482,0.46759042143821716,-0.12949709594249725,0.9996815323829651,0.4769785702228546,0.4713612496852875,-0.32619932293891907,0.9997621774673462,0.5694165825843811,0.5470474362373352,-0.10655827075242996,0.773750901222229,0.5048173666000366,0.547724187374115,-0.34199056029319763,0.945868194103241,0.5529560446739197,0.6160279512405396,-0.23376473784446716,0.7331453561782837,0.5304027795791626,0.6214475631713867,-0.39022156596183777,0.9203497171401978,0.5612172484397888,0.6361901760101318,-0.27632200717926025,0.6566579937934875,0.5357951521873474,0.6427710652351379,-0.4526256322860718,0.8735743165016174,0.5529512763023376,0.638481855392456,-0.3221346139907837,0.6622288823127747,0.5434228777885437,0.642940104007721,-0.4769896864891052,0.8755070567131042,0.5503523945808411,0.6294668912887573,-0.2575826644897461,0.6446621417999268,0.5419092774391174,0.6352071166038513,-0.40208300948143005,0.851625382900238,0.5372306704521179,0.601743757724762,0.05847984924912453,0.9996671080589294,0.5007172226905823,0.6020381450653076,-0.058236684650182724,0.9997299313545227,0.5909715294837952,0.6994392275810242,0.17306269705295563,0.9674789905548096,0.4401773512363434,0.6999524831771851,-0.11862685531377792,0.988119900226593,0.6199056506156921,0.7874200344085693,0.43299606442451477,0.9703245759010315,0.41326138377189636,0.786413311958313,0.14521721005439758,0.9834539294242859,0.6096223592758179,0.7999264001846313,0.4477940499782562,0.7770031094551086,0.4256850779056549,0.8009074330329895,0.16158153116703033,0.8539941310882568,0.6564531326293945,0.8147265315055847,0.27296653389930725,0.9538272023200989,0.3953745663166046,0.819561779499054,-0.024092989042401314,0.9688665270805359
23,0.5580483078956604,0.4004583954811096,-0.5172975063323975,0.9997547268867493,0.5591869950294495,0.3947257697582245,-0.48339760303497314,0.99932861328125,0.5622186660766602,0.3953784108161926,-0.483589231967926,0.9992392063140869,0.5652979016304016,0.39613109827041626,-0.4836761951446533,0.9993003606796265,0.5479596257209778,0.39549118280410767,-0.5059288740158081,0.9992709755897522,0.5432009696960449,0.39657118916511536,-0.506071150302887,0.999177873134613,0.5358606576919556,0.39735010266304016,-0.5061411261558533,0.9992660284042358,0.5635433793067932,0.4067942500114441,-0.2932453155517578,0.9975248575210571,0.5238677263259888,0.40668195486068726,-0.3934157192707062,0.9983664751052856,0.5648258328437805,0.41286224126815796,-0.44447916746139526,0.9993544220924377,0.5468411445617676,0.4128423035144806,-0.47342032194137573,0.9993555545806885,0.5980515480041504,0.4694521725177765,-0.1197047233581543,0.9996947646141052,0.4693806767463684,0.47109222412109375,-0.35654449462890625,0.9997677803039551,0.584049642086029,0.54681795835495,-0.05549534410238266,0.7783387303352356,0.4817374348640442,0.5469658374786377,-0.3526149392127991,0.9481565952301025,0.5593042373657227,0.6176075339317322,-0.2306603193283081,0.7361873984336853,0.5205037593841553,0.6212708950042725,-0.4388233721256256,0.9224298000335693,0.5618265867233276,0.6397013068199158,-0.2781543731689453,0.6599268317222595,0.5253267884254456,0.6431239247322083,-0.5055505037307739,0.8765647411346436,0.5560086965560913,0.6390018463134766,-0.3355160057544708,0.6657857298851013,0.5368322134017944,0.6410471200942993,-0.5369150638580322,0.8784646391868591,0.5523430109024048,0.6287208795547485,-0.2592622637748718,0.6478667259216309,0.5359339118003845,0.6320406198501587,-0.45175525546073914,0.8545292615890503,0.5568820834159851,0.5980356931686401,0.06674017012119293,0.9996733665466309,0.4841872751712799,0.5983021259307861,-0.06639495491981506,0.9997300505638123,0.5971856117248535,0.6974567174911499,0.024066444486379623,0.9693257808685303,0.43647900223731995,0.6968217492103577,-0.13747216761112213,0.9888297319412231,0.6191800236701965,0.7848241329193115,0.29150664806365967,0.9716755747795105,0.4134930670261383,0.782795250415802,0.14704954624176025,0.9842793345451355,0.6085145473480225,0.7968512773513794,0.30602121353149414,0.7830416560173035,0.4187874495983124,0.7947544455528259,0.16359935700893402,0.8563946485519409,0.6596971154212952,0.8144733905792236,0.10016036033630371,0.9559821486473083,0.3902874290943146,0.8225984573364258,-0.05017183721065521,0.9704676270484924
24,0.5517136454582214,0.40911781787872314,-0.5497242212295532,0.9997565150260925,0.5571132898330688,0.4056953489780426,-0.5246695280075073,0.9993342757225037,0.5606344938278198,0.4064615070819855,-0.524842381477356,0.9992470145225525,0.5641441345214844,0.4073830842971802,-0.5249164700508118,0.9993045926094055,0.5451465845108032,0.40559816360473633,-0.5438540577888489,0.9992786049842834,0.5410397052764893,0.4063616693019867,-0.5439847707748413,0.9991873502731323,0.5339110493659973,0.4068223237991333,-0.5440479516983032,0.9992717504501343,0.562890350818634,0.4129284620285034,-0.3560292720794678,0.9975460767745972,0.5259135365486145,0.41291868686676025,-0.44268205761909485,0.9983842372894287,0.5611660480499268,0.4239373207092285,-0.4826866388320923,0.9993593692779541,0.5452799201011658,0.4235672354698181,-0.5076274871826172,0.9993645548820496,0.5922654271125793,0.46942228078842163,-0.18792115151882172,0.9996997117996216,0.4692038893699646,0.4738539457321167,-0.38203540444374084,0.9997696876525879,0.5789812803268433,0.5456758737564087,-0.1294032335281372,0.7846466898918152,0.48524999618530273,0.5474080443382263,-0.3692297339439392,0.9482906460762024,0.5540177822113037,0.6158850193023682,-0.25861650705337524,0.7419176697731018,0.5239760279655457,0.6229995489120483,-0.42412230372428894,0.9225058555603027,0.561130702495575,0.6407014727592468,-0.2988097071647644,0.665905773639679,0.5325852632522583,0.6429970264434814,-0.48415613174438477,0.8769153356552124,0.5523747205734253,0.6398022174835205,-0.3505181670188904,0.6719125509262085,0.5404536128044128,0.6431550979614258,-0.5151157379150391,0.8789877891540527,0.5498086810112,0.6304453015327454,-0.28332436084747314,0.6540768146514893,0.5390408635139465,0.634921669960022,-0.4370851516723633,0.855168342590332,0.5472860932350159,0.5967969298362732,0.05992739647626877,0.999661922454834,0.4887084364891052,0.5975204110145569,-0.05972423404455185,0.9997212290763855,0.5952725410461426,0.6990786790847778,0.12460768222808838,0.9699649810791016,0.4388691186904907,0.6993789076805115,-0.14353761076927185,0.989348292350769,0.6196670532226562,0.7859333157539368,0.3743201792240143,0.9719555974006653,0.41366297006607056,0.7848643064498901,0.093297079205513,0.9848407506942749,0.6124442219734192,0.7995210289955139,0.3878341317176819,0.7832645773887634,0.4150829613208771,0.7988376617431641,0.10607089847326279,0.858116090297699,0.6632909774780273,0.8142290711402893,0.19888409972190857,0.9565256834030151,0.3936394155025482,0.8170746564865112,-0.10079758614301682,0.9715649485588074
25,0.5564475059509277,0.40472304821014404,-0.46407049894332886,0.9997644424438477,0.5556973218917847,0.3986895680427551,-0.4419235587120056,0.9993540644645691,0.5575041770935059,0.39907553791999817,-0.44211816787719727,0.999269425868988,0.5593204498291016,0.39949163794517517,-0.44219091534614563,0.9993230700492859,0.5484322905540466,0.39939168095588684,-0.46526333689689636,0.9993000030517578,0.5457572937011719,0.40038570761680603,-0.4653908908367157,0.9992106556892395,0.5423669815063477,0.4013051390647888,-0.4654636085033417,0.9992910623550415,0.5545887351036072,0.4090535342693329,-0.29745733737945557,0.997612714767456,0.5293223261833191,0.410700261592865,-0.40250447392463684,0.9984320402145386,0.5636847615242004,0.41752323508262634,-0.4060134291648865,0.9993767142295837,0.5485605597496033,0.4167858958244324,-0.4362338185310364,0.9993863701820374,0.5773442387580872,0.46968746185302734,-0.14624066650867462,0.9997019171714783,0.47806239128112793,0.4709085524082184,-0.3760807514190674,0.9997739195823669,0.5679557919502258,0.5471702814102173,-0.09266332536935806,0.7822681665420532,0.49468570947647095,0.5457314848899841,-0.3732370436191559,0.9491021037101746,0.549340546131134,0.6180053949356079,-0.21164709329605103,0.7398598194122314,0.5288040637969971,0.623217761516571,-0.4074110686779022,0.9234830141067505,0.5557087659835815,0.6395857334136963,-0.24905408918857574,0.6632660031318665,0.5343577861785889,0.6426157355308533,-0.4690772593021393,0.8781602382659912,0.5509079098701477,0.6388017535209656,-0.30056941509246826,0.6693158149719238,0.5417582392692566,0.6427736878395081,-0.4951924681663513,0.8802307844161987,0.5468071103096008,0.6295813322067261,-0.23671676218509674,0.6516212821006775,0.540492594242096,0.6346652507781982,-0.4186442792415619,0.8565003871917725,0.5362771153450012,0.5983197093009949,0.07011676579713821,0.9996539950370789,0.49922722578048706,0.5989753603935242,-0.06984461843967438,0.9997202157974243,0.5912876129150391,0.697297215461731,0.1682264506816864,0.9696158766746521,0.4396836459636688,0.6972477436065674,-0.15263612568378448,0.9897866249084473,0.6192883849143982,0.7854769825935364,0.4226948618888855,0.9715465903282166,0.4147596061229706,0.7843881249427795,0.08949516713619232,0.9853081703186035,0.6081013679504395,0.7990586161613464,0.43725264072418213,0.7805626392364502,0.4159986972808838,0.7980992197990417,0.10347867012023926,0.860042154788971,0.6604089140892029,0.8138094544410706,0.261902391910553,0.9560767412185669,0.3948884606361389,0.8168626427650452,-0.09288127720355988,0.9724215865135193
26,0.5578651428222656,0.40376386046409607,-0.4724127948284149,0.9997722506523132,0.556990921497345,0.39758363366127014,-0.4476951062679291,0.9993758201599121,0.5590721368789673,0.397911936044693,-0.4479016065597534,0.9992944002151489,0.561176598072052,0.39831483364105225,-0.44798582792282104,0.9993447661399841,0.5485352277755737,0.39840883016586304,-0.4719972610473633,0.999322772026062,0.5451483726501465,0.3994247019290924,-0.4721405804157257,0.9992352724075317,0.5410194993019104,0.4004126787185669,-0.4722168743610382,0.9993122816085815,0.5557432174682617,0.40766558051109314,-0.2932499349117279,0.9976864457130432,0.526488184928894,0.40969187021255493,-0.4023723006248474,0.9984855055809021,0.5625455975532532,0.4158007800579071,-0.41106027364730835,0.9993960857391357,0.5487572550773621,0.4155571758747101,-0.4424900710582733,0.999407172203064,0.5797950625419617,0.46913185715675354,-0.13834524154663086,0.9997046589851379,0.4751175045967102,0.47088155150413513,-0.37780553102493286,0.9997751116752625,0.5701757073402405,0.5474326610565186,-0.0862310528755188,0.7788844704627991,0.49291664361953735,0.5462504029273987,-0.37788867950439453,0.9499475359916687,0.5520762205123901,0.6159734129905701,-0.2180822193622589,0.7359431385993958,0.5276504755020142,0.6232549548149109,-0.4147912859916687,0.9240738749504089,0.5558947324752808,0.6395226716995239,-0.2577793598175049,0.6590290665626526,0.5333966612815857,0.6425989866256714,-0.47669023275375366,0.8787674903869629,0.551540732383728,0.6386444568634033,-0.30965766310691833,0.6651892066001892,0.5410684943199158,0.6427600383758545,-0.5023272633552551,0.8808107972145081,0.5474908947944641,0.6295114755630493,-0.24395067989826202,0.6476160883903503,0.5397069454193115,0.6347643136978149,-0.4256365895271301,0.8569867014884949,0.5391268730163574,0.5984000563621521,0.07013704627752304,0.9996486902236938,0.49620485305786133,0.5996283292770386,-0.06986499577760696,0.9997174739837646,0.592125415802002,0.6988123655319214,0.1446501910686493,0.9699760675430298,0.4396156966686249,0.6991716623306274,-0.13137269020080566,0.9902195930480957,0.6191580295562744,0.7864543795585632,0.4033046364784241,0.9718042612075806,0.4146251380443573,0.7856208086013794,0.13194125890731812,0.9857838153839111,0.608601987361908,0.7996963262557983,0.4179598093032837,0.7810909152030945,0.4165401756763458,0.7988384962081909,0.14769835770130157,0.8620932698249817,0.6574608087539673,0.814519464969635,0.23480375111103058,0.9565473794937134,0.3944343030452728,0.8183361291885376,-0.05066695436835289,0.9732969403266907
27,0.5599579215049744,0.39994150400161743,-0.5425979495048523,0.9997820258140564,0.5602707862854004,0.39547470211982727,-0.5070658326148987,0.9994044899940491,0.5634891390800476,0.3959285318851471,-0.5072529911994934,0.9993281364440918,0.567411482334137,0.3967285454273224,-0.5073272585868835,0.9993727803230286,0.5476275086402893,0.3968648314476013,-0.5353114604949951,0.9993569850921631,0.5422488451004028,0.3983643651008606,-0.5354694128036499,0.9992759227752686,0.535975456237793,0.39985716342926025,-0.5355511903762817,0.9993475675582886,0.5638992190361023,0.40513336658477783,-0.3094654381275177,0.9977881908416748,0.5201410055160522,0.4096066653728485,-0.4363161027431488,0.9985750317573547,0.5682582855224609,0.41473135352134705,-0.46659237146377563,0.9994298815727234,0.548334002494812,0.4153439700603485,-0.5031684637069702,0.9994445443153381,0.5976682901382446,0.46854275465011597,-0.11740483343601227,0.9997156858444214,0.46323129534721375,0.47214895486831665,-0.41199299693107605,0.9997832775115967,0.5818641185760498,0.5462856292724609,-0.04336749389767647,0.7805123329162598,0.4828948378562927,0.5478804111480713,-0.41717052459716797,0.9527043700218201,0.5578596591949463,0.6168175339698792,-0.21264348924160004,0.7379631996154785,0.523470938205719,0.6236773729324341,-0.48566967248916626,0.9270907044410706,0.561707615852356,0.6418117880821228,-0.25561049580574036,0.6618602871894836,0.5278753042221069,0.6430308222770691,-0.554405927658081,0.8832960724830627,0.5561046600341797,0.637650728225708,-0.3134249150753021,0.6683237552642822,0.5383164882659912,0.6434053778648376,-0.5832291841506958,0.8853126764297485,0.5521899461746216,0.6311728358268738,-0.2415049821138382,0.6507987976074219,0.5372270941734314,0.6352473497390747,-0.4971255362033844,0.8619852066040039,0.558576226234436,0.5985068082809448,0.08852285146713257,0.999652624130249,0.4827803373336792,0.598555326461792,-0.08814702928066254,0.9997187852859497,0.5964382290840149,0.6976286768913269,0.09804234653711319,0.97093665599823,0.4375952184200287,0.69898921251297,-0.20507381856441498,0.9907315373420715,0.6200277209281921,0.7860032320022583,0.36793601512908936,0.9721730947494507,0.41070613265037537,0.7865378856658936,0.049551982432603836,0.9863287210464478,0.6091555953025818,0.7964168190956116,0.3834260106086731,0.7835823893547058,0.41043779253959656,0.7951787710189819,0.06370893120765686,0.8624510169029236,0.6625804305076599,0.815460205078125,0.1912069320678711,0.9574275612831116,0.39401546120643616,0.8223578929901123,-0.1545010209083557,0.9743868112564087
28,0.5601599812507629,0.4052337408065796,-0.5662911534309387,0.9997910261154175,0.5606456995010376,0.3987644910812378,-0.5319787263870239,0.9994317889213562,0.5640997886657715,0.3991451561450958,-0.532131552696228,0.9993594884872437,0.5684213042259216,0.39972448348999023,-0.5321897268295288,0.9993999004364014,0.5473601818084717,0.39935964345932007,-0.563322901725769,0.9993887543678284,0.5418552756309509,0.40025967359542847,-0.5634835362434387,0.999312698841095,0.5355032086372375,0.40108081698417664,-0.563568651676178,0.9993794560432434,0.5648412108421326,0.4087686538696289,-0.3315468728542328,0.9978833198547363,0.5193891525268555,0.41010674834251404,-0.4719969630241394,0.9986562728881836,0.5702618360519409,0.41886651515960693,-0.48781654238700867,0.9994596242904663,0.5520799160003662,0.418916791677475,-0.5284306406974792,0.9994754791259766,0.593672513961792,0.46895402669906616,-0.1244983822107315,0.999727725982666,0.469155490398407,0.468778520822525,-0.4413827359676361,0.999792218208313,0.5821398496627808,0.5458991527557373,-0.04129822924733162,0.7806901931762695,0.48277807235717773,0.5457963347434998,-0.439960241317749,0.9552711844444275,0.556342601776123,0.6162869334220886,-0.21105116605758667,0.7406609654426575,0.5226922631263733,0.6232223510742188,-0.4912309944629669,0.9303054213523865,0.5588017106056213,0.6420844197273254,-0.2533837854862213,0.6655961275100708,0.5270031690597534,0.6430416107177734,-0.5589483976364136,0.8881580829620361,0.5526183843612671,0.641410231590271,-0.3124501407146454,0.672382116317749,0.5373970866203308,0.6437187194824219,-0.5897025465965271,0.8901373147964478,0.5489507913589478,0.631430447101593,-0.24070380628108978,0.6551291942596436,0.5360984206199646,0.6352109909057617,-0.5029698014259338,0.8673505187034607,0.5535199642181396,0.594579815864563,0.09286531060934067,0.9996605515480042,0.4891512393951416,0.5964779257774353,-0.09252533316612244,0.9997205138206482,0.5954163670539856,0.6962881684303284,0.11177656054496765,0.9715318083763123,0.43810245394706726,0.6971567273139954,-0.14917050302028656,0.99106365442276,0.6184884905815125,0.784460186958313,0.36218559741973877,0.9726413488388062,0.41627392172813416,0.7809667587280273,0.1130165085196495,0.9866690039634705,0.6084556579589844,0.7946862578392029,0.375364750623703,0.7867971062660217,0.4180568754673004,0.796154797077179,0.12769126892089844,0.8624395132064819,0.6577184200286865,0.8122335076332092,0.1780739426612854,0.9585314393043518,0.39693787693977356,0.8199694156646729,-0.08616095036268234,0.9752064943313599
29,0.5580581426620483,0.4050105810165405,-0.5578604936599731,0.9997937083244324,0.5584927797317505,0.3990410566329956,-0.5277950763702393,0.9994398951530457,0.5614148378372192,0.3995334208011627,-0.5279383659362793,0.999369740486145,0.5655263662338257,0.4002636969089508,-0.5280036926269531,0.9994069337844849,0.5476260185241699,0.39943113923072815,-0.553958535194397,0.9994003772735596,0.543501079082489,0.4002889096736908,-0.5541173219680786,0.9993272423744202,0.5386372804641724,0.40112465620040894,-0.5541983842849731,0.9993904829025269,0.5621375441551208,0.41002988815307617,-0.3436727225780487,0.9979128241539001,0.5246734619140625,0.4108811318874359,-0.4608173966407776,0.9986942410469055,0.5675074458122253,0.41845399141311646,-0.4854488670825958,0.9994712471961975,0.5508809089660645,0.41850706934928894,-0.5192834138870239,0.9994895458221436,0.5927820801734924,0.4684569537639618,-0.15424159169197083,0.9997336268424988,0.468272864818573,0.47334620356559753,-0.4159490764141083,0.9997973442077637,0.578061580657959,0.5447503924369812,-0.08340734988451004,0.7823733687400818,0.4845937192440033,0.5443969368934631,-0.4114893972873688,0.9568852782249451,0.5534176230430603,0.6173445582389832,-0.2285425215959549,0.7436301112174988,0.5223352313041687,0.6220243573188782,-0.4605320692062378,0.9324144721031189,0.5566375255584717,0.6398054361343384,-0.2686305046081543,0.6693645119667053,0.5274778604507446,0.6434608101844788,-0.5234144926071167,0.8913088440895081,0.551035463809967,0.6391779780387878,-0.3244505524635315,0.676281213760376,0.5380415320396423,0.6440995335578918,-0.5543391704559326,0.8932942748069763,0.5487640500068665,0.6299120187759399,-0.2559579312801361,0.6589934825897217,0.5365722179412842,0.6364281177520752,-0.4728061854839325,0.8708746433258057,0.5504610538482666,0.5966792702674866,0.0766248032450676,0.9996591806411743,0.4945298433303833,0.5982543230056763,-0.07636474817991257,0.9997162222862244,0.593428373336792,0.6974453330039978,0.11696235835552216,0.9718610644340515,0.4405897855758667,0.696600615978241,-0.13970717787742615,0.9912896752357483,0.620445191860199,0.7910678386688232,0.35697096586227417,0.9728935360908508,0.41354724764823914,0.7842969298362732,0.10654059052467346,0.9868682026863098,0.6107601523399353,0.8007153868675232,0.3690347969532013,0.7879971265792847,0.41935890913009644,0.8009382486343384,0.11966241896152496,0.8625998497009277,0.6563816666603088,0.8140808939933777,0.17376665771007538,0.95908522605896,0.396377831697464,0.8242241144180298,-0.09054651111364365,0.9757044911384583
30,0.5543486475944519,0.4028395414352417,-0.5604839324951172,0.9998007416725159,0.5539448261260986,0.39766615629196167,-0.5308382511138916,0.9994581937789917,0.5564883351325989,0.3980494439601898,-0.5309996008872986,0.9993906021118164,0.5591927170753479,0.3985233008861542,-0.5310595035552979,0.9994260668754578,0.5445008873939514,0.39861389994621277,-0.551025927066803,0.9994196891784668,0.5409963130950928,0.3997224271297455,-0.5511482954025269,0.9993486404418945,0.5368024110794067,0.400716632604599,-0.5512110590934753,0.9994093179702759,0.5574827790260315,0.40983453392982483,-0.34793561697006226,0.9979805946350098,0.5253286957740784,0.41111600399017334,-0.4382496476173401,0.9987307190895081,0.5630505084991455,0.4191328287124634,-0.48930132389068604,0.9994903206825256,0.5462190508842468,0.4187128245830536,-0.5152748823165894,0.9995099902153015,0.5956475734710693,0.47195690870285034,-0.17315265536308289,0.9997443556785583,0.46690964698791504,0.4750332236289978,-0.3788257837295532,0.9998045563697815,0.5778025984764099,0.5475834608078003,-0.11216042190790176,0.7926563024520874,0.48174405097961426,0.5465711355209351,-0.36999770998954773,0.9580618143081665,0.5504201054573059,0.6205674409866333,-0.26148998737335205,0.7552611231803894,0.5142592787742615,0.6222363710403442,-0.44688767194747925,0.9345561265945435,0.5538561344146729,0.643180251121521,-0.3053705394268036,0.6819631457328796,0.5238794088363647,0.6421635150909424,-0.5101090669631958,0.8944454193115234,0.5474874973297119,0.6427401304244995,-0.3599437475204468,0.6886916160583496,0.5334857702255249,0.6429844498634338,-0.5444624423980713,0.8964806199073792,0.5432389974594116,0.6329993605613708,-0.2877337634563446,0.6711012125015259,0.5311623811721802,0.634163498878479,-0.4611342251300812,0.8744971752166748,0.5499916076660156,0.5983260273933411,0.06480347365140915,0.9996642470359802,0.48752814531326294,0.59921795129776,-0.06458374112844467,0.9997208714485168,0.594003438949585,0.6993167400360107,0.1053052768111229,0.9728582501411438,0.4364117681980133,0.6991573572158813,-0.1871168464422226,0.9917230606079102,0.6182204484939575,0.7852571606636047,0.37250110507011414,0.9734717011451721,0.4155759811401367,0.7845043540000916,0.04925499111413956,0.9874541759490967,0.6077170372009277,0.7949660420417786,0.3871263563632965,0.788345456123352,0.4206083416938782,0.8008115887641907,0.061106711626052856,0.8641036152839661,0.6569617986679077,0.8121031522750854,0.19515278935432434,0.9600207209587097,0.39157533645629883,0.8187990784645081,-0.15843932330608368,0.9767615795135498
31,0.5480620861053467,0.4053613841533661,-0.4955678880214691,0.9997961521148682,0.5491459369659424,0.3979519009590149,-0.4753153622150421,0.9994382858276367,0.5509968400001526,0.39839085936546326,-0.4755011200904846,0.9993690848350525,0.5545525550842285,0.39922428131103516,-0.4755822718143463,0.9994031190872192,0.5421904921531677,0.39913278818130493,-0.4912652373313904,0.9993990063667297,0.5368314981460571,0.3999820053577423,-0.4913872480392456,0.9993250370025635,0.53316730260849,0.4010480046272278,-0.49145931005477905,0.9993858933448792,0.5515720844268799,0.4106258749961853,-0.3354892134666443,0.9979108572006226,0.5265358090400696,0.4113008677959442,-0.4074230194091797,0.9986772537231445,0.5548743605613708,0.41950225830078125,-0.43957415223121643,0.9994750022888184,0.5422204732894897,0.41943788528442383,-0.4601673483848572,0.9995025992393494,0.5800153017044067,0.47230345010757446,-0.1916341781616211,0.9997417330741882,0.4887998700141907,0.46728360652923584,-0.35909366607666016,0.9998068809509277,0.5657721161842346,0.5484645962715149,-0.14856819808483124,0.7954898476600647,0.48903024196624756,0.5473679900169373,-0.35437527298927307,0.9574404954910278,0.5473929047584534,0.619979202747345,-0.25676417350769043,0.7574287056922913,0.5194293260574341,0.6236717104911804,-0.4079374670982361,0.9342899918556213,0.5500699877738953,0.6419234871864319,-0.2951097786426544,0.6835111379623413,0.5274301171302795,0.6434816718101501,-0.46619558334350586,0.8939383029937744,0.5458222031593323,0.6412370800971985,-0.344709575176239,0.6900779604911804,0.5355691909790039,0.643510103225708,-0.4943051338195801,0.8960281610488892,0.5421156287193298,0.6311179995536804,-0.2802051901817322,0.6720566153526306,0.5346219539642334,0.6350104808807373,-0.42039602994918823,0.8741075992584229,0.53786700963974,0.5985060930252075,0.05332805588841438,0.9996548891067505,0.49690359830856323,0.600601315498352,-0.0531243272125721,0.9997203350067139,0.590151309967041,0.6974480152130127,0.13891932368278503,0.9728553891181946,0.43756890296936035,0.6998270750045776,-0.15264417231082916,0.9919578433036804,0.6193037629127502,0.7838965058326721,0.3904724419116974,0.9734034538269043,0.41139641404151917,0.7891891002655029,0.074162557721138,0.9877715110778809,0.6127918362617493,0.7991191148757935,0.4042617380619049,0.7864338159561157,0.4132002294063568,0.7984676957130432,0.08619418740272522,0.865848183631897,0.6528668403625488,0.8122619986534119,0.2228047400712967,0.9598262310028076,0.391375333070755,0.8241425156593323,-0.1172308623790741,0.9773070812225342
32,0.543547511100769,0.40570181608200073,-0.5908280611038208,0.9998076558113098,0.5500367283821106,0.399236798286438,-0.5583034157752991,0.9994685649871826,0.5556720495223999,0.4004504382610321,-0.5584624409675598,0.9994041919708252,0.5604130625724792,0.4016497731208801,-0.558502733707428,0.9994330406188965,0.5344043970108032,0.40003296732902527,-0.5768706798553467,0.9994338154792786,0.526840090751648,0.40115734934806824,-0.5769863724708557,0.9993657469749451,0.5197669267654419,0.40214332938194275,-0.5770455598831177,0.9994211792945862,0.5609328746795654,0.41281241178512573,-0.36163681745529175,0.9980210661888123,0.5079492330551147,0.41123896837234497,-0.44665205478668213,0.9987537264823914,0.5533541440963745,0.42135173082351685,-0.5150160789489746,0.9995071887969971,0.5337562561035156,0.42128902673721313,-0.5393431782722473,0.9995386600494385,0.5973803400993347,0.4727948009967804,-0.17581741511821747,0.9997555017471313,0.4564342498779297,0.47454312443733215,-0.3791508078575134,0.999818742275238,0.580119788646698,0.5488319396972656,-0.0977187380194664,0.8068851828575134,0.4694947600364685,0.5474410653114319,-0.35850459337234497,0.9595115184783936,0.5496911406517029,0.6214249730110168,-0.2433517724275589,0.7684411406517029,0.5070304870605469,0.620451033115387,-0.4465973973274231,0.9364196062088013,0.5530666708946228,0.645200788974762,-0.2842663824558258,0.6951940655708313,0.5090065002441406,0.6425421833992004,-0.5096576809883118,0.8968832492828369,0.5458104014396667,0.6440351009368896,-0.34047290682792664,0.7015942931175232,0.521580159664154,0.6428777575492859,-0.544261634349823,0.8990268707275391,0.5409343838691711,0.634670615196228,-0.26907894015312195,0.6831387877464294,0.5204485058784485,0.6346032023429871,-0.4606490731239319,0.8776127696037292,0.5566036105155945,0.5983808636665344,0.07200031727552414,0.9996569752693176,0.48108214139938354,0.5981062054634094,-0.0716421976685524,0.9997286200523376,0.5947060585021973,0.6985487341880798,0.11562725901603699,0.9737222194671631,0.4368151128292084,0.6973320841789246,-0.2971811592578888,0.9924370050430298,0.6197892427444458,0.7830971479415894,0.41776520013809204,0.9735237956047058,0.4112670421600342,0.7876144051551819,-0.08595749735832214,0.9884698987007141,0.608059287071228,0.7947407960891724,0.43630027770996094,0.787380576133728,0.41459712386131287,0.7967411875724792,-0.07637499272823334,0.8688039779663086,0.6576906442642212,0.8137103915214539,0.24996525049209595,0.9603257775306702,0.39329010248184204,0.8218677639961243,-0.31174322962760925,0.9785948395729065
33,0.5417830348014832,0.4046460688114166,-0.6063764095306396,0.9998147487640381,0.5491091012954712,0.3986242711544037,-0.5736730694770813,0.9994884729385376,0.5552754998207092,0.4000698924064636,-0.5738400816917419,0.9994275569915771,0.5606600642204285,0.4014354348182678,-0.5738703608512878,0.9994503259658813,0.5301018953323364,0.39833274483680725,-0.58891761302948,0.9994597434997559,0.522685170173645,0.3993375599384308,-0.5890114903450012,0.999397873878479,0.5145405530929565,0.40020686388015747,-0.5890543460845947,0.9994483590126038,0.563522219657898,0.41240403056144714,-0.3704683482646942,0.9980952739715576,0.5028517842292786,0.40982186794281006,-0.4423096776008606,0.998813271522522,0.5548135042190552,0.41855981945991516,-0.5280746221542358,0.9995323419570923,0.5257998108863831,0.4174022674560547,-0.5486252903938293,0.999569833278656,0.6019216179847717,0.4727765619754791,-0.18707618117332458,0.9997653961181641,0.44990095496177673,0.47370174527168274,-0.35557493567466736,0.9998292922973633,0.5799198150634766,0.5499542951583862,-0.10349563509225845,0.8179234862327576,0.46187034249305725,0.5468311905860901,-0.31997600197792053,0.9612170457839966,0.5471748113632202,0.6207687258720398,-0.2592765986919403,0.7789789438247681,0.49834707379341125,0.6241432428359985,-0.4313451647758484,0.9379646182060242,0.5505954027175903,0.6470193862915039,-0.3038962185382843,0.7069790959358215,0.5000681281089783,0.6427322626113892,-0.49371230602264404,0.8990496397018433,0.5422881245613098,0.6434251070022583,-0.36204227805137634,0.7134445905685425,0.5141740441322327,0.6427035927772522,-0.5342223644256592,0.9013566374778748,0.5382382273674011,0.6338489055633545,-0.28550902009010315,0.6948066353797913,0.513213038444519,0.6343844532966614,-0.44775390625,0.8805133104324341,0.5607076287269592,0.6006971597671509,0.06223142519593239,0.9996440410614014,0.47813382744789124,0.6001963019371033,-0.06189541891217232,0.9997275471687317,0.5964861512184143,0.6986038088798523,0.08406641334295273,0.9747785329818726,0.43830469250679016,0.693003237247467,-0.28522413969039917,0.992836594581604,0.6176841259002686,0.7831115126609802,0.3924753665924072,0.9735310673713684,0.41725432872772217,0.7798706889152527,-0.07263930141925812,0.9889965653419495,0.6036925315856934,0.7914409637451172,0.41202282905578613,0.7869457602500916,0.41508492827415466,0.7960273027420044,-0.06284909695386887,0.8689013123512268,0.6552149057388306,0.8151252269744873,0.22629787027835846,0.9604931473731995,0.39297425746917725,0.820954442024231,-0.29593944549560547,0.9795094728469849
34,0.539105236530304,0.4114507734775543,-0.6325191259384155,0.9998195171356201,0.548522412776947,0.40361350774765015,-0.5994102954864502,0.999501645565033,0.5544441342353821,0.4047931432723999,-0.5995358228683472,0.9994435906410217,0.5600758194923401,0.4061611294746399,-0.5995411276817322,0.9994596838951111,0.527973473072052,0.4033869206905365,-0.6177765727043152,0.9994792938232422,0.5186852216720581,0.404236376285553,-0.61786949634552,0.9994230270385742,0.5100678205490112,0.4051956832408905,-0.6179117560386658,0.9994686245918274,0.5615020990371704,0.41281014680862427,-0.3882574737071991,0.9981440305709839,0.4983501434326172,0.4116498529911041,-0.473510205745697,0.9988600015640259,0.5493160486221313,0.4234701991081238,-0.5500788688659668,0.9995526671409607,0.5282750725746155,0.42314404249191284,-0.574501097202301,0.9995978474617004,0.5986842513084412,0.4731445610523224,-0.18803109228610992,0.9997772574424744,0.4468749463558197,0.4715900421142578,-0.3881088197231293,0.9998413920402527,0.5762113928794861,0.5507773756980896,-0.11041297763586044,0.8285940289497375,0.45314639806747437,0.5468248724937439,-0.36370158195495605,0.9632952809333801,0.5412103533744812,0.6225553750991821,-0.28186506032943726,0.790805995464325,0.4966365694999695,0.6234949827194214,-0.48561999201774597,0.9404506683349609,0.5414780378341675,0.6456315517425537,-0.3284777104854584,0.7206547856330872,0.49743595719337463,0.6440292596817017,-0.5524898171424866,0.902755856513977,0.5347557663917542,0.6438959240913391,-0.3862505555152893,0.7270258665084839,0.5070294737815857,0.6434025168418884,-0.5926834940910339,0.9051475524902344,0.5306431651115417,0.6343180537223816,-0.3083396553993225,0.7080406546592712,0.5064729452133179,0.6340715885162354,-0.5019448399543762,0.8849049806594849,0.5594809651374817,0.5974289178848267,0.07569066435098648,0.9996300935745239,0.47611433267593384,0.5967814326286316,-0.07532630860805511,0.9997281432151794,0.5946357846260071,0.6975875496864319,0.1014939472079277,0.9749492406845093,0.44132000207901,0.6918809413909912,-0.3387167155742645,0.993147611618042,0.6156198978424072,0.779558002948761,0.42123305797576904,0.972304105758667,0.40986528992652893,0.7838069796562195,-0.14679256081581116,0.9894317984580994,0.604838490486145,0.7921556830406189,0.4420541822910309,0.7833277583122253,0.4058784246444702,0.7956761717796326,-0.13922321796417236,0.8685027956962585,0.655241847038269,0.8122327923774719,0.26091670989990234,0.9594601392745972,0.3936532735824585,0.826559841632843,-0.3821626305580139,0.980309009552002
35,0.5397961139678955,0.40815067291259766,-0.7602757215499878,0.9997974038124084,0.5481328368186951,0.399923175573349,-0.7299493551254272,0.9994656443595886,0.5542857646942139,0.40150249004364014,-0.7300547361373901,0.9994037747383118,0.561430811882019,0.4034428000450134,-0.7300621867179871,0.9994212985038757,0.5269299745559692,0.3993378281593323,-0.7467477917671204,0.9994529485702515,0.5165619254112244,0.4005974531173706,-0.7468560338020325,0.9993973970413208,0.506890058517456,0.40220028162002563,-0.7469197511672974,0.9994451403617859,0.5643129944801331,0.41131553053855896,-0.5085610747337341,0.9980502128601074,0.4917351007461548,0.41043588519096375,-0.5844610333442688,0.9988256096839905,0.5530825853347778,0.4236258566379547,-0.6706793904304504,0.9995170831680298,0.5224788188934326,0.4240582287311554,-0.6927188038825989,0.9995812177658081,0.6001966595649719,0.47244060039520264,-0.290971040725708,0.9997775554656982,0.435253769159317,0.47063377499580383,-0.46424055099487305,0.9998475313186646,0.5739726424217224,0.5491384863853455,-0.20716175436973572,0.8359085321426392,0.4460841417312622,0.5451134443283081,-0.4355436861515045,0.9647502899169922,0.5334184765815735,0.6203345060348511,-0.3753976821899414,0.798833429813385,0.4876634478569031,0.6230316162109375,-0.5525726079940796,0.9419631361961365,0.5307276248931885,0.6437674760818481,-0.4327501058578491,0.7299354076385498,0.49086400866508484,0.6432800889015198,-0.6208049654960632,0.9053195714950562,0.5238054990768433,0.642467200756073,-0.4896754026412964,0.7365888357162476,0.4990825951099396,0.6432173252105713,-0.6656878590583801,0.9079694747924805,0.5208934545516968,0.6340452432632446,-0.4023492634296417,0.7175591588020325,0.4994752109050751,0.6344833970069885,-0.5708003044128418,0.8883315920829773,0.560169517993927,0.5927333831787109,0.060041703283786774,0.9996147155761719,0.4722493886947632,0.5921419858932495,-0.05981040373444557,0.9997155070304871,0.5941956639289856,0.6916283369064331,0.07661347836256027,0.9737582206726074,0.4445600211620331,0.6888066530227661,-0.15481337904930115,0.992154598236084,0.6166540384292603,0.7801386713981628,0.3372446894645691,0.9691206812858582,0.4105110466480255,0.7807100415229797,0.044259484857320786,0.9877009391784668,0.6070451140403748,0.7895455956459045,0.3523493707180023,0.7696797251701355,0.4056909680366516,0.7921250462532043,0.052988242357969284,0.847632884979248,0.651574432849884,0.8141763806343079,0.15737462043762207,0.9563196897506714,0.39370641112327576,0.8240016102790833,-0.1758406013250351,0.9778449535369873
36,0.5355181694030762,0.3979046046733856,-0.6259526014328003,0.9998031258583069,0.5396092534065247,0.3916962742805481,-0.594725489616394,0.9994840621948242,0.5454415678977966,0.3925177752971649,-0.5948721170425415,0.9994234442710876,0.5509498119354248,0.39337459206581116,-0.5948625802993774,0.9994382858276367,0.5243786573410034,0.3922881484031677,-0.6160445809364319,0.9994754791259766,0.5187076330184937,0.3934921622276306,-0.6161569356918335,0.9994243383407593,0.5123118758201599,0.39461550116539,-0.6162149310112,0.999470055103302,0.5525943040847778,0.40486952662467957,-0.3909842073917389,0.9981206655502319,0.4983503520488739,0.4060697853565216,-0.4885663092136383,0.9988873600959778,0.5464373826980591,0.41544806957244873,-0.5452436208724976,0.9995384812355042,0.5253487825393677,0.4146234691143036,-0.5734034180641174,0.9996055960655212,0.5910863876342773,0.4713958203792572,-0.19858144223690033,0.9997879266738892,0.43425506353378296,0.46961870789527893,-0.40567252039909363,0.9998571872711182,0.5638283491134644,0.5510905385017395,-0.11789342015981674,0.8442866206169128,0.4424150586128235,0.5444735288619995,-0.38160550594329834,0.9666698575019836,0.5304285883903503,0.6180410385131836,-0.2784797251224518,0.8084878921508789,0.4865300953388214,0.6200486421585083,-0.4757644534111023,0.9447697401046753,0.5256087183952332,0.6394370198249817,-0.32954105734825134,0.7406747341156006,0.4842112362384796,0.6420640349388123,-0.5417507290840149,0.9094858169555664,0.514890730381012,0.6383130550384521,-0.3824169337749481,0.747241199016571,0.49259835481643677,0.6405497193336487,-0.5817558765411377,0.9121437668800354,0.5149100422859192,0.6297264099121094,-0.3040043115615845,0.7284670472145081,0.4963506758213043,0.6342180967330933,-0.49155640602111816,0.8933753967285156,0.5524046421051025,0.5945584177970886,0.06905996054410934,0.9996217489242554,0.4726640582084656,0.5961301326751709,-0.06875026226043701,0.9997178912162781,0.5910377502441406,0.6958647966384888,0.0794086828827858,0.9733853340148926,0.442432165145874,0.6937757134437561,-0.22603821754455566,0.9919361472129822,0.6222792863845825,0.7858447432518005,0.3042698800563812,0.968088686466217,0.41032007336616516,0.7854164838790894,-0.04502427577972412,0.9871975183486938,0.6138033866882324,0.8002132773399353,0.3157002329826355,0.7635625004768372,0.4063492715358734,0.7999447584152222,-0.037915606051683426,0.8386204242706299,0.6549705862998962,0.8148549199104309,0.1268240064382553,0.9552547335624695,0.3909606635570526,0.8203220963478088,-0.2588707506656647,0.9771103858947754
37,0.5316012501716614,0.4121122658252716,-0.7410417795181274,0.999786913394928,0.5387404561042786,0.4025520384311676,-0.7121606469154358,0.9994579553604126,0.5454598069190979,0.40326035022735596,-0.7123170495033264,0.9993942379951477,0.5520374178886414,0.40579384565353394,-0.7123537659645081,0.9994146227836609,0.5176368951797485,0.40292349457740784,-0.7283768057823181,0.9994527101516724,0.5093865394592285,0.4038531184196472,-0.7285076379776001,0.9994000792503357,0.5001182556152344,0.4047633707523346,-0.7285701036453247,0.9994516968727112,0.5536710619926453,0.4114392101764679,-0.4977335035800934,0.9980640411376953,0.48633766174316406,0.41175296902656555,-0.5713059306144714,0.9988441467285156,0.543366551399231,0.4278205633163452,-0.6545237898826599,0.9995121359825134,0.516122043132782,0.4254034757614136,-0.6758860945701599,0.9995843768119812,0.5920091271400452,0.470895379781723,-0.3015095293521881,0.9997889399528503,0.42975595593452454,0.4728231728076935,-0.44735440611839294,0.9998576641082764,0.5579835772514343,0.5521212816238403,-0.2375810444355011,0.8517648577690125,0.43586263060569763,0.5440419912338257,-0.41115427017211914,0.9668967127799988,0.516827404499054,0.6219034194946289,-0.41162317991256714,0.8147503733634949,0.47857218980789185,0.6206484436988831,-0.5215544104576111,0.9444088339805603,0.5077285766601562,0.6426874995231628,-0.4733887016773224,0.7466433048248291,0.47628122568130493,0.6434525847434998,-0.5869376063346863,0.9091141819953918,0.49826276302337646,0.6416239142417908,-0.5203294157981873,0.7531065940856934,0.4807783365249634,0.6420163512229919,-0.6337813138961792,0.9120493531227112,0.4963877499103546,0.6336774230003357,-0.4348038136959076,0.73356032371521,0.4829102158546448,0.6330732107162476,-0.5405319929122925,0.8933071494102478,0.5578283071517944,0.5966234803199768,0.04861842840909958,0.9996049404144287,0.4712941646575928,0.5950149893760681,-0.04839910939335823,0.9997009634971619,0.5962913632392883,0.7006181478500366,0.0635812059044838,0.9740346074104309,0.43780770897865295,0.7001158595085144,-0.12262701988220215,0.991754412651062,0.6250086426734924,0.7854123711585999,0.3450828194618225,0.9679296016693115,0.40824776887893677,0.7912559509277344,0.12551173567771912,0.986766517162323,0.613139271736145,0.7951103448867798,0.3618904650211334,0.759630560874939,0.40738922357559204,0.8000295162200928,0.13896185159683228,0.8297247290611267,0.654941737651825,0.8155368566513062,0.15914256870746613,0.9551389217376709,0.39012622833251953,0.8330236077308655,-0.08655049651861191,0.9763094782829285
38,0.5229337215423584,0.4038752615451813,-0.5839556455612183,0.9997550249099731,0.5292556881904602,0.3950693905353546,-0.5532835125923157,0.9994034171104431,0.5345922708511353,0.39542070031166077,-0.5534675121307373,0.9993342757225037,0.539903461933136,0.3960261642932892,-0.5535275340080261,0.9993489384651184,0.5102113485336304,0.39669880270957947,-0.5653576254844666,0.9993995428085327,0.5018110871315002,0.3980879485607147,-0.5654710531234741,0.9993463754653931,0.49398770928382874,0.39955198764801025,-0.5655484795570374,0.9994047284126282,0.5423936247825623,0.40379706025123596,-0.3518933951854706,0.9979247450828552,0.4808284640312195,0.40696480870246887,-0.4083021581172943,0.9987603425979614,0.5361100435256958,0.41598060727119446,-0.5049864053726196,0.9994668960571289,0.5073432922363281,0.41704949736595154,-0.5214516520500183,0.9995498657226562,0.5877626538276672,0.4678229093551636,-0.19076284766197205,0.9997665882110596,0.4251653254032135,0.46937596797943115,-0.3051883578300476,0.999845564365387,0.5498528480529785,0.5464386343955994,-0.12562647461891174,0.850371778011322,0.41718947887420654,0.5375357270240784,-0.24686431884765625,0.9653782248497009,0.4954225420951843,0.6152879595756531,-0.2973661720752716,0.8031583428382874,0.452434778213501,0.6166190505027771,-0.3548859655857086,0.9375416040420532,0.48886916041374207,0.6350997090339661,-0.35373932123184204,0.7327786684036255,0.4515366554260254,0.6387563943862915,-0.4126819372177124,0.8991876840591431,0.47814109921455383,0.6351564526557922,-0.39791345596313477,0.7393456697463989,0.46086761355400085,0.6389158964157104,-0.45947080850601196,0.9025402069091797,0.4788897931575775,0.6265118718147278,-0.31839990615844727,0.7190052270889282,0.46196845173835754,0.6294906139373779,-0.37350934743881226,0.8833315372467041,0.556097686290741,0.5989919900894165,0.04009716585278511,0.999578595161438,0.46580809354782104,0.5976265668869019,-0.0397997722029686,0.9996814727783203,0.5949523448944092,0.7002567648887634,0.04078875854611397,0.97552090883255,0.43307504057884216,0.7062938809394836,-0.11702248454093933,0.9920967221260071,0.622840166091919,0.7820980548858643,0.33778002858161926,0.9691910743713379,0.4068993926048279,0.791680634021759,0.15027689933776855,0.9871269464492798,0.6142768263816833,0.7933961749076843,0.3552719056606293,0.7638532519340515,0.40647509694099426,0.8025866746902466,0.16490937769412994,0.8299636244773865,0.6552495956420898,0.8152804970741272,0.149573415517807,0.9564381241798401,0.38484251499176025,0.8336279392242432,-0.05817514657974243,0.9766141772270203
39,0.517933189868927,0.41082075238227844,-0.5576143264770508,0.9996442198753357,0.5253129005432129,0.4006219208240509,-0.5296334624290466,0.9991993308067322,0.5313432812690735,0.4010133445262909,-0.5297650694847107,0.9991178512573242,0.5373111963272095,0.40167003870010376,-0.5298121571540833,0.9991274476051331,0.5047699809074402,0.40187397599220276,-0.5395628213882446,0.9992035031318665,0.49641096591949463,0.40299955010414124,-0.5396534204483032,0.9991474151611328,0.4888330399990082,0.40419575572013855,-0.5397120714187622,0.9992185831069946,0.5412938594818115,0.4082314372062683,-0.3336387574672699,0.9973599910736084,0.47722065448760986,0.41080474853515625,-0.3785002529621124,0.9983599781990051,0.5325946807861328,0.42287105321884155,-0.4790150821208954,0.9992460608482361,0.5042870044708252,0.4235135614871979,-0.4921463429927826,0.9993838667869568,0.5843358635902405,0.46412393450737,-0.17150069773197174,0.9997218251228333,0.4352187216281891,0.4659004807472229,-0.278000146150589,0.999811589717865,0.5443735718727112,0.5372647047042847,-0.11663659662008286,0.8454201221466064,0.42271506786346436,0.5349458456039429,-0.23228248953819275,0.9599345922470093,0.4844512343406677,0.6088933348655701,-0.29182302951812744,0.790259838104248,0.45096537470817566,0.6054266691207886,-0.3562551438808441,0.9232864379882812,0.47004881501197815,0.6258150339126587,-0.3477553725242615,0.7195972800254822,0.45036667585372925,0.6273553371429443,-0.41520872712135315,0.8827028274536133,0.4631829559803009,0.6247156858444214,-0.38950875401496887,0.7264014482498169,0.4510500729084015,0.6270960569381714,-0.4627090096473694,0.886994481086731,0.4662831425666809,0.6178046464920044,-0.31163376569747925,0.7051780819892883,0.4570580720901489,0.6175850629806519,-0.3760620057582855,0.867254912853241,0.5562176704406738,0.5945146083831787,0.04846489056944847,0.9995076060295105,0.4705570638179779,0.5958330035209656,-0.04817614704370499,0.9996358752250671,0.5998775362968445,0.6913939118385315,0.07542981952428818,0.9752120971679688,0.44557541608810425,0.6917652487754822,-0.1518651843070984,0.9919862747192383,0.6213559508323669,0.778755247592926,0.37197190523147583,0.9681375622749329,0.41032442450523376,0.789991557598114,0.06533466279506683,0.986905574798584,0.6128709316253662,0.7894436717033386,0.3899984657764435,0.7598358392715454,0.4088450074195862,0.7997373342514038,0.07556627690792084,0.8243211507797241,0.6562659740447998,0.8132981061935425,0.19516465067863464,0.9550371170043945,0.3898393511772156,0.8324701189994812,-0.15163244307041168,0.9760797619819641
40,0.5138596296310425,0.4012112021446228,-0.453746497631073,0.9996080994606018,0.5186346769332886,0.3932439684867859,-0.42291757464408875,0.9991429448127747,0.5234678387641907,0.39339426159858704,-0.4230661988258362,0.9990484714508057,0.5286524295806885,0.3937802016735077,-0.4230983853340149,0.999060869216919,0.49985018372535706,0.39525672793388367,-0.43036046624183655,0.999152660369873,0.4923953711986542,0.39664390683174133,-0.43041691184043884,0.9990953803062439,0.4842856526374817,0.39808207750320435,-0.43043777346611023,0.999176025390625,0.5296316742897034,0.4004773199558258,-0.22884881496429443,0.9972272515296936,0.47350212931632996,0.4040446877479553,-0.2644225060939789,0.9982690215110779,0.5262763500213623,0.4133457839488983,-0.37807461619377136,0.9991807341575623,0.4984341561794281,0.41520586609840393,-0.38859206438064575,0.9993360638618469,0.572776198387146,0.4625431001186371,-0.10990964621305466,0.9996992349624634,0.41395947337150574,0.464092880487442,-0.16535219550132751,0.9998007416725159,0.5306982398033142,0.5373490452766418,-0.07837919145822525,0.8480369448661804,0.403340607881546,0.5306451916694641,-0.1515093594789505,0.9580846428871155,0.45731592178344727,0.6049844622612,-0.2616350054740906,0.7884731888771057,0.4285040497779846,0.6050488352775574,-0.3316252529621124,0.9191492795944214,0.4445790648460388,0.623159646987915,-0.3236810564994812,0.7163510918617249,0.4279904365539551,0.6269816160202026,-0.39713865518569946,0.8769912719726562,0.43739354610443115,0.6228649616241455,-0.3600282371044159,0.7230269908905029,0.4337100684642792,0.6258942484855652,-0.4359041750431061,0.8816030621528625,0.43988803029060364,0.6148274540901184,-0.27944862842559814,0.7011208534240723,0.43721166253089905,0.6160063147544861,-0.3494756519794464,0.8617623448371887,0.5532780885696411,0.594963788986206,0.0274906475096941,0.9995002746582031,0.4664127230644226,0.5969825983047485,-0.0272732675075531,0.9996324181556702,0.5974395275115967,0.6958208680152893,-0.0067574698477983475,0.976216197013855,0.4375787377357483,0.6994419693946838,-0.11047622561454773,0.9919519424438477,0.622765302658081,0.7822349071502686,0.26510268449783325,0.9686841368675232,0.40946733951568604,0.7892626523971558,0.11515691876411438,0.9869170188903809,0.6112326383590698,0.7969418168067932,0.28075599670410156,0.7600864768028259,0.41237059235572815,0.8019992709159851,0.12572188675403595,0.8208261728286743,0.654540479183197,0.8158875703811646,0.07878661155700684,0.9554897546768188,0.3875267803668976,0.831862211227417,-0.09583471715450287,0.9758195281028748
41,0.49854031205177307,0.405719131231308,-0.44614163041114807,0.9995766878128052,0.505634605884552,0.39669546484947205,-0.41812863945961,0.9990952014923096,0.5120851397514343,0.3967508375644684,-0.41825664043426514,0.9989938735961914,0.5172556042671204,0.39720192551612854,-0.41827070713043213,0.9990063905715942,0.4863051176071167,0.3986927568912506,-0.41510021686553955,0.9991071820259094,0.48016470670700073,0.39971116185188293,-0.41516104340553284,0.9990522861480713,0.4741125702857971,0.4007684290409088,-0.41514790058135986,0.9991376399993896,0.5193617939949036,0.4040094017982483,-0.22986744344234467,0.9971442818641663,0.4650249481201172,0.4057076871395111,-0.2183317244052887,0.9981746077537537,0.5118348002433777,0.41626816987991333,-0.37275588512420654,0.9991402626037598,0.4829667806625366,0.4178753197193146,-0.36949533224105835,0.9993098378181458,0.5679668188095093,0.4614696204662323,-0.131465882062912,0.9997045993804932,0.41134464740753174,0.4691370129585266,-0.08525947481393814,0.9998006224632263,0.530002772808075,0.5322487354278564,-0.140601247549057,0.857609748840332,0.39058247208595276,0.5319121479988098,-0.09511695802211761,0.9525637626647949,0.44030410051345825,0.5945025682449341,-0.35319098830223083,0.7974343299865723,0.41215598583221436,0.5848991274833679,-0.35623571276664734,0.912120521068573,0.4254301190376282,0.6129496097564697,-0.4239977300167084,0.7258862257003784,0.4151152968406677,0.6020575165748596,-0.42693576216697693,0.8688276410102844,0.4118199050426483,0.6099216938018799,-0.45109763741493225,0.7320601344108582,0.40726107358932495,0.601515531539917,-0.4648296535015106,0.873920738697052,0.41474369168281555,0.6012056469917297,-0.3668942153453827,0.7093058824539185,0.4289272129535675,0.5889585018157959,-0.37612250447273254,0.8537211418151855,0.5528846383094788,0.5980411767959595,0.002828461118042469,0.9995145797729492,0.46291011571884155,0.6007868051528931,-0.0026664643082767725,0.9996423125267029,0.5987130403518677,0.7007890939712524,-0.016055433079600334,0.976841390132904,0.4398544132709503,0.7036609649658203,-0.1169564425945282,0.991659939289093,0.6210271716117859,0.7823498845100403,0.2834390103816986,0.9687835574150085,0.41404807567596436,0.7902202010154724,0.108400858938694,0.9867401123046875,0.6165727376937866,0.7968671321868896,0.30113017559051514,0.7600898742675781,0.41825559735298157,0.800872802734375,0.11832262575626373,0.8189556002616882,0.6525799036026001,0.8153123259544373,0.09205944091081619,0.9555559158325195,0.39159122109413147,0.8317111134529114,-0.11219027638435364,0.9755833745002747
42,0.4995530843734741,0.40998026728630066,-0.6073213815689087,0.9994884133338928,0.5074449777603149,0.39970386028289795,-0.5804246068000793,0.9989550113677979,0.5130950808525085,0.40013831853866577,-0.5805544853210449,0.9988365769386292,0.5188834071159363,0.4008687734603882,-0.5805466175079346,0.9988492131233215,0.486558198928833,0.4012414813041687,-0.5812385082244873,0.9989917278289795,0.47763678431510925,0.40255239605903625,-0.5813413858413696,0.9989469647407532,0.46988052129745483,0.4038045108318329,-0.5813543796539307,0.9990515112876892,0.5227808356285095,0.4070966839790344,-0.37347644567489624,0.9967577457427979,0.4576074182987213,0.4079965353012085,-0.38018032908439636,0.9979590773582458,0.5131082534790039,0.4215364158153534,-0.5242913961410522,0.9989608526229858,0.4836885929107666,0.4226989448070526,-0.5263875126838684,0.9991959929466248,0.5683391094207764,0.4627518355846405,-0.2512921988964081,0.9996783137321472,0.40028414130210876,0.46726271510124207,-0.22046157717704773,0.9997823238372803,0.5122407674789429,0.5361484289169312,-0.2598067820072174,0.8647322654724121,0.3809903562068939,0.532476007938385,-0.22400842607021332,0.9453645944595337,0.40271079540252686,0.5931528210639954,-0.4746917188167572,0.8003836870193481,0.36927783489227295,0.59553462266922,-0.47429633140563965,0.9003463387489319,0.3850998878479004,0.6109879016876221,-0.5518885254859924,0.7277366518974304,0.3550756275653839,0.6122121214866638,-0.5451800227165222,0.8561104536056519,0.3729577958583832,0.6082183122634888,-0.5758022665977478,0.7337466478347778,0.3585720956325531,0.6099612712860107,-0.5934373140335083,0.862415611743927,0.3769383728504181,0.6015802621841431,-0.4881633520126343,0.7097979187965393,0.3673657476902008,0.6018128991127014,-0.49841856956481934,0.842485785484314,0.5527856945991516,0.5955299735069275,0.00880251731723547,0.9994675517082214,0.4627596437931061,0.596763551235199,-0.008568811230361462,0.9996041059494019,0.6032298803329468,0.697340726852417,-0.02898484282195568,0.9768134355545044,0.44034090638160706,0.696119487285614,-0.11110423505306244,0.9904136657714844,0.626183807849884,0.7831724286079407,0.24822963774204254,0.9679378867149353,0.41594892740249634,0.7824967503547668,0.1251615732908249,0.9851014614105225,0.6161494255065918,0.7941452264785767,0.26457950472831726,0.7572028636932373,0.41978365182876587,0.7927277088165283,0.13731643557548523,0.8071354031562805,0.6535302996635437,0.814685046672821,0.05028782784938812,0.9545031785964966,0.3899431824684143,0.8271936774253845,-0.08958813548088074,0.9730452299118042
43,0.4896877706050873,0.40613698959350586,-0.49732497334480286,0.9994152188301086,0.49637570977211,0.39630478620529175,-0.4713440239429474,0.9988489151000977,0.5015188455581665,0.39650478959083557,-0.47147607803344727,0.9987131357192993,0.5065776109695435,0.39701592922210693,-0.471496045589447,0.9987316727638245,0.47624459862709045,0.398169606924057,-0.470470130443573,0.9988935589790344,0.4691219627857208,0.39929667115211487,-0.4705679714679718,0.9988494515419006,0.46198058128356934,0.4004597067832947,-0.47060248255729675,0.9989752173423767,0.5100893974304199,0.40337803959846497,-0.28025907278060913,0.9965108633041382,0.4494239389896393,0.40510034561157227,-0.2792794406414032,0.9977895617485046,0.5025599598884583,0.41701507568359375,-0.42131155729293823,0.998801589012146,0.47512805461883545,0.4181806743144989,-0.4212532341480255,0.9990718960762024,0.5559278726577759,0.4595436751842499,-0.1896411031484604,0.9996575117111206,0.39720413088798523,0.4666641652584076,-0.12534908950328827,0.9997638463973999,0.5006515383720398,0.5324192047119141,-0.18913018703460693,0.8704347014427185,0.3755153715610504,0.5322777032852173,-0.11020514369010925,0.9402208924293518,0.37845897674560547,0.5855754613876343,-0.36834800243377686,0.8030596971511841,0.3441975712776184,0.5899716019630432,-0.3359069526195526,0.8942447900772095,0.35316985845565796,0.6000010371208191,-0.4396691620349884,0.729544997215271,0.325652539730072,0.6052345633506775,-0.3988363742828369,0.8493281602859497,0.3465655446052551,0.5960633754730225,-0.45959410071372986,0.7352408170700073,0.3296617567539215,0.6025891900062561,-0.4465433657169342,0.856390118598938,0.3507017493247986,0.5924409031867981,-0.37921592593193054,0.7105050086975098,0.3403342664241791,0.5950283408164978,-0.35951998829841614,0.8373826742172241,0.5539503693580627,0.597834050655365,-0.008651678450405598,0.9994483590126038,0.46052026748657227,0.5991268157958984,0.00881661381572485,0.9995775818824768,0.6027572751045227,0.7016112804412842,0.0038025700487196445,0.9777289628982544,0.43334224820137024,0.6985474228858948,-0.01932060718536377,0.9896418452262878,0.628615140914917,0.7864618301391602,0.2677595019340515,0.9686259031295776,0.41229304671287537,0.7795044183731079,0.24973221123218536,0.9836744666099548,0.6213337779045105,0.7969567179679871,0.28297701478004456,0.7559189200401306,0.41380056738853455,0.7984542846679688,0.26566752791404724,0.7953603267669678,0.6543903946876526,0.8167294263839722,0.06734953820705414,0.9549687504768372,0.3877624571323395,0.8265005946159363,0.057893723249435425,0.9706029891967773
44,0.4830551743507385,0.4070439040660858,-0.5399264693260193,0.9993358254432678,0.48993852734565735,0.39761537313461304,-0.5141803622245789,0.9987430572509766,0.495228111743927,0.39839112758636475,-0.5143160223960876,0.9985926151275635,0.5010775327682495,0.39917653799057007,-0.5143342018127441,0.9986055493354797,0.471650093793869,0.39807721972465515,-0.5144123435020447,0.9987961053848267,0.46360453963279724,0.3988483250141144,-0.5145559310913086,0.9987567067146301,0.4543481767177582,0.39990952610969543,-0.5146130323410034,0.9989020228385925,0.5057156682014465,0.4048868417739868,-0.3160146176815033,0.9962852001190186,0.43863600492477417,0.40597352385520935,-0.3201621472835541,0.9976775050163269,0.4955902099609375,0.4189470112323761,-0.4603006839752197,0.998670756816864,0.46655693650245667,0.4199140965938568,-0.46167856454849243,0.9989802241325378,0.5480614900588989,0.4573991596698761,-0.2247302383184433,0.9996589422225952,0.385030061006546,0.46991807222366333,-0.14401482045650482,0.9997629523277283,0.4933781921863556,0.5301889181137085,-0.24770118296146393,0.878058135509491,0.3385468125343323,0.5500523447990417,-0.14801374077796936,0.9375430941581726,0.37409549951553345,0.5674277544021606,-0.4528319239616394,0.8101254105567932,0.29757988452911377,0.5896512866020203,-0.4108083248138428,0.8937287926673889,0.33123403787612915,0.5881169438362122,-0.5306609272956848,0.7359160780906677,0.26851314306259155,0.6001846194267273,-0.4758908748626709,0.8489565253257751,0.3244917094707489,0.5821901559829712,-0.5430262088775635,0.7411983609199524,0.26718178391456604,0.5982968211174011,-0.526756227016449,0.8565531969070435,0.3264474868774414,0.5758950114250183,-0.4617634415626526,0.7153762578964233,0.2892409861087799,0.5925118327140808,-0.43679967522621155,0.8383253812789917,0.552819013595581,0.6000181436538696,-0.01720442995429039,0.9994368553161621,0.45648807287216187,0.6013897061347961,0.01742972433567047,0.9995529651641846,0.594569206237793,0.7032479047775269,0.006793910171836615,0.9788074493408203,0.43163979053497314,0.7016319632530212,0.029679015278816223,0.9887545704841614,0.6256170272827148,0.7879642844200134,0.30791768431663513,0.9695937633514404,0.40858298540115356,0.7825354337692261,0.362293004989624,0.982029139995575,0.6229091882705688,0.8018822073936462,0.32661184668540955,0.7577484846115112,0.4139161705970764,0.7969281673431396,0.38444024324417114,0.7853867411613464,0.6517415642738342,0.8190786242485046,0.09974367171525955,0.9561922550201416,0.3877182602882385,0.8255813717842102,0.17564594745635986,0.96844881772995
45,0.4705684185028076,0.4038904011249542,-0.4704894423484802,0.9993361234664917,0.477188378572464,0.39424121379852295,-0.4439852833747864,0.9987413883209229,0.4821985960006714,0.3943708539009094,-0.4441763162612915,0.9985701441764832,0.4876946210861206,0.3947000801563263,-0.44427841901779175,0.9985985159873962,0.45911234617233276,0.3953564763069153,-0.4456530809402466,0.9988257884979248,0.4517572522163391,0.39606598019599915,-0.4458945095539093,0.9987896084785461,0.4429894983768463,0.39700138568878174,-0.4459872841835022,0.9989386796951294,0.49031203985214233,0.4003828763961792,-0.2582953870296478,0.9963275790214539,0.428619921207428,0.40253666043281555,-0.270956814289093,0.9977921843528748,0.4833011329174042,0.4137782156467438,-0.3974939286708832,0.9986957311630249,0.4551059305667877,0.41522184014320374,-0.40118175745010376,0.9990136623382568,0.5378198027610779,0.45497336983680725,-0.2020488977432251,0.9996615648269653,0.3768465220928192,0.4673023223876953,-0.15368682146072388,0.9997740983963013,0.4695236384868622,0.5206948518753052,-0.23234324157238007,0.8807492256164551,0.32395169138908386,0.5257902145385742,-0.31124380230903625,0.9390532970428467,0.3305755853652954,0.5578857064247131,-0.3177442252635956,0.8052282929420471,0.3959317207336426,0.5167772769927979,-0.5514111518859863,0.8915805220603943,0.29257142543792725,0.5698555707931519,-0.3792206645011902,0.7267061471939087,0.41760915517807007,0.5187438726425171,-0.6274779438972473,0.841428816318512,0.288270503282547,0.5638889670372009,-0.3804667592048645,0.7302183508872986,0.4177948236465454,0.5069963932037354,-0.6039606928825378,0.8470076322555542,0.29459720849990845,0.5628798604011536,-0.3198906481266022,0.7035704851150513,0.41998055577278137,0.5099779963493347,-0.5479360222816467,0.8271393179893494,0.5458670258522034,0.6026290655136108,-0.019886812195181847,0.999467670917511,0.45372599363327026,0.6060085892677307,0.019846340641379356,0.9995690584182739,0.5926789045333862,0.7017911076545715,-0.04503914713859558,0.9799480438232422,0.42765170335769653,0.7087030410766602,0.15140819549560547,0.9878635406494141,0.6242325901985168,0.7879009246826172,0.3130296468734741,0.9706565141677856,0.4098265767097473,0.7832923531532288,0.5674399137496948,0.9800915122032166,0.6154038310050964,0.7969254851341248,0.34171587228775024,0.7630324363708496,0.41175538301467896,0.7905338406562805,0.599821925163269,0.781424880027771,0.6513617634773254,0.8200962543487549,0.13730978965759277,0.9570740461349487,0.3891092836856842,0.8268864750862122,0.4144526720046997,0.9657770395278931
46,0.46436113119125366,0.39773091673851013,-0.42429161071777344,0.9992510080337524,0.46948978304862976,0.38995903730392456,-0.4048271179199219,0.9986077547073364,0.4768068194389343,0.39030030369758606,-0.40500107407569885,0.9984033703804016,0.48230987787246704,0.39083558320999146,-0.40515202283859253,0.9984666109085083,0.4540920555591583,0.38965293765068054,-0.40023401379585266,0.9987121820449829,0.44581592082977295,0.39038655161857605,-0.40045085549354553,0.9986628293991089,0.4401826858520508,0.39110106229782104,-0.40058082342147827,0.9988489151000977,0.48472511768341064,0.39686161279678345,-0.2479701042175293,0.9959702491760254,0.4298055171966553,0.3982352018356323,-0.22971855103969574,0.9975267052650452,0.4769604802131653,0.40902507305145264,-0.3611043095588684,0.9983041882514954,0.4535346031188965,0.408664733171463,-0.35603687167167664,0.9986952543258667,0.5288068652153015,0.4523959457874298,-0.22574439644813538,0.9995970129966736,0.3790385127067566,0.464133620262146,-0.08022944629192352,0.999714195728302,0.4505598247051239,0.5198550820350647,-0.27690455317497253,0.8836077451705933,0.33165106177330017,0.535496711730957,-0.13869668543338776,0.922635555267334,0.3029310703277588,0.5467739701271057,-0.3693543076515198,0.8071823120117188,0.29880595207214355,0.5543309450149536,-0.37278035283088684,0.878635585308075,0.26485154032707214,0.5546297430992126,-0.4344801902770996,0.7277817130088806,0.2807837724685669,0.5622959733009338,-0.43160346150398254,0.8284847736358643,0.2602185010910034,0.5483065843582153,-0.4297851026058197,0.7302431464195251,0.28051865100860596,0.5540008544921875,-0.4488995373249054,0.8344080448150635,0.27447086572647095,0.5471510291099548,-0.36970841884613037,0.7019979357719421,0.3209972381591797,0.5529291033744812,-0.3863438367843628,0.8150739073753357,0.5438751578330994,0.6004351377487183,-0.035636864602565765,0.9994756579399109,0.45405638217926025,0.6032047867774963,0.03571000695228577,0.9995600581169128,0.5851350426673889,0.7014496326446533,-0.006362400483340025,0.9807791709899902,0.4279058873653412,0.7052727341651917,0.13804878294467926,0.9871628284454346,0.6239057779312134,0.7882214784622192,0.32634270191192627,0.9718048572540283,0.4096238613128662,0.7855725884437561,0.5310983657836914,0.979306161403656,0.6168045401573181,0.7982144951820374,0.35179391503334045,0.7648890018463135,0.4167095720767975,0.7921130061149597,0.5620952844619751,0.7802795171737671,0.6499536633491516,0.8188239932060242,0.14390020072460175,0.9583551287651062,0.38618209958076477,0.8304816484451294,0.38352683186531067,0.9648876786231995
47,0.4521930515766144,0.39134547114372253,-0.3885694444179535,0.9992578029632568,0.4555562138557434,0.38315775990486145,-0.36718395352363586,0.9986586570739746,0.4600878059864044,0.38346877694129944,-0.3673645853996277,0.9984452128410339,0.4663180410861969,0.3839138448238373,-0.36747774481773376,0.9985096454620361,0.44058695435523987,0.38438546657562256,-0.3667866289615631,0.9987547993659973,0.4358055889606476,0.38542020320892334,-0.3670249581336975,0.9986920356750488,0.4273775517940521,0.38685691356658936,-0.36714881658554077,0.998877763748169,0.4683201313018799,0.39301711320877075,-0.2107599675655365,0.9960617423057556,0.4235692620277405,0.39357641339302063,-0.2088206261396408,0.9975782632827759,0.4650098383426666,0.4029095768928528,-0.3253680467605591,0.9982437491416931,0.44308093190193176,0.4037504196166992,-0.3248579800128937,0.9986428022384644,0.5105003118515015,0.4486084580421448,-0.1865769773721695,0.9995555877685547,0.3793039917945862,0.4594825804233551,-0.1326889991760254,0.9996702671051025,0.4032578766345978,0.5126420259475708,-0.2509077787399292,0.8691911101341248,0.359017550945282,0.5206826329231262,-0.26911184191703796,0.9129130840301514,0.2642024755477905,0.537591814994812,-0.27295082807540894,0.7820279598236084,0.4117550849914551,0.4899291694164276,-0.4347732663154602,0.8648507595062256,0.23012365400791168,0.5368918180465698,-0.3262253701686859,0.7013528943061829,0.43093183636665344,0.48577114939689636,-0.49509939551353455,0.8105931878089905,0.22424452006816864,0.5315430760383606,-0.31659823656082153,0.7018255591392517,0.4289165437221527,0.48363474011421204,-0.4739113450050354,0.8141258358955383,0.23614336550235748,0.5317778587341309,-0.2698161005973816,0.673209547996521,0.40935376286506653,0.4841668903827667,-0.4299369752407074,0.792165994644165,0.5396179556846619,0.6029309630393982,-0.022245559841394424,0.9995011687278748,0.4525735676288605,0.6068883538246155,0.02225715108215809,0.9995737075805664,0.5856114029884338,0.7042927145957947,0.022727901116013527,0.9813592433929443,0.4265139400959015,0.7048583626747131,0.13541001081466675,0.9865289330482483,0.6252506971359253,0.7873721718788147,0.38704708218574524,0.9726653099060059,0.4101622998714447,0.7839707136154175,0.5241878628730774,0.9785267114639282,0.6235567927360535,0.797510027885437,0.41696780920028687,0.7679844498634338,0.41773611307144165,0.793552577495575,0.5549197793006897,0.7815552949905396,0.6575896143913269,0.8176218271255493,0.23127079010009766,0.958651602268219,0.3888160288333893,0.8294495940208435,0.3763360381126404,0.9636433720588684
48,0.44117477536201477,0.39386940002441406,-0.39084914326667786,0.9991776943206787,0.45089584589004517,0.384829580783844,-0.37237173318862915,0.9985854029655457,0.45607292652130127,0.38499191403388977,-0.37252774834632874,0.9983254075050354,0.46275362372398376,0.3853550851345062,-0.37266087532043457,0.9983969330787659,0.4339146614074707,0.38607919216156006,-0.36351484060287476,0.9986919164657593,0.42866986989974976,0.3869059681892395,-0.36377570033073425,0.9986029267311096,0.42010557651519775,0.38817134499549866,-0.3639415204524994,0.9988100528717041,0.4679643511772156,0.39336293935775757,-0.2252516895532608,0.9957279562950134,0.41757693886756897,0.394099622964859,-0.1863379329442978,0.997384250164032,0.45770296454429626,0.40522563457489014,-0.3311905860900879,0.9977641701698303,0.43465954065322876,0.40587589144706726,-0.3200297951698303,0.9983130097389221,0.5056149959564209,0.45153120160102844,-0.22046233713626862,0.9993332028388977,0.37901586294174194,0.4593573212623596,-0.07801893353462219,0.9995622634887695,0.38138237595558167,0.5145145654678345,-0.27580925822257996,0.8534777164459229,0.34420356154441833,0.515903890132904,-0.18670673668384552,0.8908959031105042,0.254244863986969,0.5238528847694397,-0.2641967833042145,0.755864679813385,0.3764269948005676,0.49154284596443176,-0.37642669677734375,0.8396966457366943,0.21920917928218842,0.5235409140586853,-0.31766289472579956,0.6760901212692261,0.3763062357902527,0.490849107503891,-0.43431490659713745,0.7834759950637817,0.21500657498836517,0.5170478820800781,-0.31175968050956726,0.6750960946083069,0.38026437163352966,0.48707205057144165,-0.4213240444660187,0.7852635383605957,0.2258676290512085,0.5180848836898804,-0.2617958188056946,0.6461499929428101,0.3796297013759613,0.4867326319217682,-0.376388281583786,0.7624137997627258,0.5386123061180115,0.6070155501365662,-0.04404197260737419,0.9995052218437195,0.4516499936580658,0.6130741238594055,0.04395340755581856,0.9995709657669067,0.5797452330589294,0.7083492875099182,0.013432840816676617,0.9812203645706177,0.4267948865890503,0.7100381255149841,0.1695440113544464,0.9845681190490723,0.6310068964958191,0.7918369770050049,0.3665609061717987,0.972629725933075,0.4094475507736206,0.7897514700889587,0.5457994341850281,0.9761476516723633,0.631106972694397,0.8032392263412476,0.3957141637802124,0.7659051418304443,0.416949063539505,0.8012925982475281,0.5756710767745972,0.7793353796005249,0.6512843370437622,0.8181301951408386,0.2083386480808258,0.9573009014129639,0.38822028040885925,0.8298845291137695,0.4025028347969055,0.9601866602897644
49,0.4231712222099304,0.39193618297576904,-0.3796693682670593,0.9991528391838074,0.43653103709220886,0.38413387537002563,-0.3775653839111328,0.9986017346382141,0.4420052468776703,0.3842694163322449,-0.3777039051055908,0.9983169436454773,0.4473298490047455,0.38467302918434143,-0.3778265416622162,0.998396098613739,0.42206013202667236,0.385050892829895,-0.34878697991371155,0.9987062215805054,0.418643981218338,0.38522055745124817,-0.3490310609340668,0.998601496219635,0.4127521216869354,0.3859654366970062,-0.34916257858276367,0.9988153576850891,0.45655977725982666,0.39278432726860046,-0.2888803482055664,0.9958109855651855,0.4165419042110443,0.39154380559921265,-0.1608932465314865,0.9973793625831604,0.43974769115448,0.4040816128253937,-0.3403155207633972,0.9975214600563049,0.4178648293018341,0.4031974971294403,-0.30343472957611084,0.9981001019477844,0.4871446490287781,0.4521627128124237,-0.34161099791526794,0.9991447329521179,0.38665440678596497,0.45278045535087585,0.010611389763653278,0.9994581937789917,0.3746200501918793,0.5082405209541321,-0.42479243874549866,0.8574421405792236,0.3197295665740967,0.5017671585083008,-0.09322677552700043,0.841355562210083,0.2526686191558838,0.5086405277252197,-0.39549607038497925,0.7548372149467468,0.28156301379203796,0.4777526557445526,-0.3617958128452301,0.8067888021469116,0.2213645726442337,0.5081193447113037,-0.45659324526786804,0.6748602390289307,0.27077168226242065,0.4729524850845337,-0.41937193274497986,0.7538768649101257,0.2199222296476364,0.5035010576248169,-0.4504186809062958,0.6729713082313538,0.27288535237312317,0.4676378667354584,-0.4220449924468994,0.7553874254226685,0.23123663663864136,0.503368616104126,-0.39313915371894836,0.6436747908592224,0.2805105745792389,0.469774067401886,-0.373180627822876,0.7337101101875305,0.5229565501213074,0.6037073135375977,-0.10549034178256989,0.9995104074478149,0.44895505905151367,0.6065083742141724,0.10548138618469238,0.999562680721283,0.5715005993843079,0.7038729786872864,-0.10545084625482559,0.9809410572052002,0.42347705364227295,0.7065131068229675,0.33116358518600464,0.9771348237991333,0.6338182687759399,0.7907969951629639,0.20287203788757324,0.9726870059967041,0.40651506185531616,0.7895935773849487,0.6894654631614685,0.9708060622215271,0.6423425078392029,0.8025023341178894,0.22814661264419556,0.7677422165870667,0.415563702583313,0.8001235723495483,0.7177870869636536,0.7771190404891968,0.6346622705459595,0.8187812566757202,0.03665146231651306,0.9563252925872803,0.37766000628471375,0.8241490125656128,0.5719116926193237,0.9537000060081482
50,0.41387584805488586,0.4000956118106842,-0.37006840109825134,0.9991380572319031,0.4292711317539215,0.39051732420921326,-0.372671514749527,0.9986461400985718,0.436108261346817,0.3905475437641144,-0.37280166149139404,0.9983526468276978,0.4434273838996887,0.3909904658794403,-0.3729216754436493,0.9984361529350281,0.4129021167755127,0.39144518971443176,-0.3389624357223511,0.9987369775772095,0.4093639850616455,0.3917217552661896,-0.33920904994010925,0.9986154437065125,0.40584421157836914,0.39209282398223877,-0.3393053710460663,0.9988276958465576,0.45271098613739014,0.39778611063957214,-0.29605454206466675,0.9959768652915955,0.40899962186813354,0.395656943321228,-0.14596466720104218,0.9973645806312561,0.42841097712516785,0.4107554852962494,-0.3344913721084595,0.9973309636116028,0.4067646563053131,0.4108443856239319,-0.291265606880188,0.9978681802749634,0.4753047227859497,0.45141205191612244,-0.36324262619018555,0.999064564704895,0.38039737939834595,0.4566219747066498,0.048920705914497375,0.9993184804916382,0.3729446828365326,0.500237762928009,-0.4462760388851166,0.8603408336639404,0.31897273659706116,0.5004464983940125,-0.05013485997915268,0.7843219637870789,0.24605774879455566,0.49416568875312805,-0.40159133076667786,0.7534244656562805,0.2644463777542114,0.4766559600830078,-0.32543855905532837,0.7673738598823547,0.21900759637355804,0.49160268902778625,-0.4619666039943695,0.6741349697113037,0.24825510382652283,0.4714617133140564,-0.37477976083755493,0.7192620038986206,0.22288347780704498,0.4819082021713257,-0.44866907596588135,0.6712839603424072,0.24792984127998352,0.4676509499549866,-0.389183908700943,0.7206941843032837,0.24088816344738007,0.48423370718955994,-0.39539843797683716,0.6412376761436462,0.25704288482666016,0.46984338760375977,-0.34248673915863037,0.7003952264785767,0.5133638978004456,0.606044352054596,-0.1304159164428711,0.9995391964912415,0.4473824203014374,0.6050723791122437,0.13050296902656555,0.9995768666267395,0.5681354403495789,0.7057502865791321,-0.15392272174358368,0.9806234240531921,0.42117342352867126,0.7106021642684937,0.37424734234809875,0.9652003049850464,0.64316326379776,0.7964038848876953,0.1008504256606102,0.9731525182723999,0.4074263572692871,0.7897215485572815,0.7352744936943054,0.9620126485824585,0.6582496762275696,0.8078807592391968,0.11970682442188263,0.7718539237976074,0.41844654083251953,0.8027927875518799,0.7638921737670898,0.7732736468315125,0.631046712398529,0.8185587525367737,-0.0908326655626297,0.9565562009811401,0.36767247319221497,0.8255380988121033,0.628354012966156,0.9450442790985107
51,0.4115329086780548,0.3924892246723175,-0.37348052859306335,0.9991924166679382,0.42496365308761597,0.38388440012931824,-0.3854718506336212,0.9987513422966003,0.4307194650173187,0.38396134972572327,-0.3855862617492676,0.9984764456748962,0.43565133213996887,0.38445594906806946,-0.38566726446151733,0.9985541105270386,0.4131697416305542,0.38472655415534973,-0.3388611078262329,0.9988269805908203,0.41026830673217773,0.3852744996547699,-0.33908945322036743,0.9987056851387024,0.40565094351768494,0.38617631793022156,-0.33915504813194275,0.9989041090011597,0.4445188641548157,0.39265719056129456,-0.34229522943496704,0.9962978363037109,0.41218098998069763,0.3911062479019165,-0.13343127071857452,0.997522234916687,0.4278546869754791,0.40415284037590027,-0.35030055046081543,0.997450590133667,0.4103189706802368,0.40357348322868347,-0.2898264527320862,0.9979284405708313,0.46362462639808655,0.45142894983291626,-0.42957791686058044,0.9991174340248108,0.39032241702079773,0.45665037631988525,0.09298679232597351,0.9993181228637695,0.3463576138019562,0.4994848668575287,-0.48389700055122375,0.8697553873062134,0.3211052715778351,0.5068960785865784,0.02722567319869995,0.7327998280525208,0.23861360549926758,0.47901639342308044,-0.37483909726142883,0.7669734358787537,0.26576194167137146,0.4745526611804962,-0.2520274519920349,0.7420374751091003,0.2211514115333557,0.4816139340400696,-0.4326624572277069,0.6911868453025818,0.25152555108070374,0.46633198857307434,-0.29601192474365234,0.6970971822738647,0.21919521689414978,0.4656384289264679,-0.41894546151161194,0.6876384019851685,0.25045695900917053,0.46078044176101685,-0.3147198557853699,0.6982123255729675,0.2280694991350174,0.47020068764686584,-0.36603137850761414,0.6571793556213379,0.2579582929611206,0.4640360474586487,-0.2715160548686981,0.6783724427223206,0.503532886505127,0.6093905568122864,-0.17009656131267548,0.9995710849761963,0.4487219750881195,0.6083599328994751,0.17020611464977264,0.9995943307876587,0.5609729290008545,0.7095216512680054,-0.16153478622436523,0.9802259206771851,0.4136296212673187,0.709315299987793,0.43786704540252686,0.9420055747032166,0.6495695114135742,0.7959601283073425,0.07749466598033905,0.9737567901611328,0.40330803394317627,0.7910449504852295,0.8030240535736084,0.9434919357299805,0.666218101978302,0.8097950220108032,0.09566287696361542,0.779729425907135,0.41529741883277893,0.8056846261024475,0.833282470703125,0.7667268514633179,0.6191073656082153,0.8232197165489197,-0.09974635392427444,0.9571974277496338,0.353014200925827,0.8228116631507874,0.7265436053276062,0.9302099943161011
52,0.4038856029510498,0.39723387360572815,-0.3435279130935669,0.9992377161979675,0.41727301478385925,0.38788121938705444,-0.3567802309989929,0.9988504648208618,0.42269647121429443,0.3877323269844055,-0.3568394184112549,0.9985941052436829,0.4288302958011627,0.38782814145088196,-0.3569110929965973,0.9986668825149536,0.4048524498939514,0.3884851336479187,-0.3068212568759918,0.9989103078842163,0.4024357795715332,0.38863858580589294,-0.30697309970855713,0.9987881183624268,0.3997863829135895,0.3889058232307434,-0.3070090115070343,0.9989737868309021,0.43789005279541016,0.3944576382637024,-0.32419997453689575,0.9966098666191101,0.404310941696167,0.3925223648548126,-0.1004164069890976,0.9976729154586792,0.4149777591228485,0.40779978036880493,-0.323376327753067,0.9974772334098816,0.39872249960899353,0.4071512520313263,-0.2586010694503784,0.9979045391082764,0.45294708013534546,0.4470011591911316,-0.4217918813228607,0.9991623759269714,0.4071258008480072,0.45241910219192505,0.13677434623241425,0.9992648363113403,0.355768620967865,0.4957102835178375,-0.47745758295059204,0.8803235292434692,0.3564436733722687,0.5026653409004211,0.1302577257156372,0.6757106184959412,0.24449750781059265,0.47345027327537537,-0.3551879823207855,0.783227801322937,0.2730797231197357,0.47585269808769226,-0.0849897488951683,0.7086651921272278,0.21948419511318207,0.4634922444820404,-0.4115632176399231,0.7107134461402893,0.2626846432685852,0.4641687273979187,-0.11517547816038132,0.6677836775779724,0.21743060648441315,0.45352065563201904,-0.3868890404701233,0.7066332697868347,0.2586480677127838,0.45982393622398376,-0.13766884803771973,0.6686673760414124,0.23056277632713318,0.45973387360572815,-0.341484397649765,0.6759046912193298,0.26738226413726807,0.463824599981308,-0.10455700755119324,0.6494011282920837,0.48229557275772095,0.6033512353897095,-0.18559087812900543,0.999600887298584,0.45489630103111267,0.6020752191543579,0.1857966035604477,0.9996102452278137,0.5235993266105652,0.700239360332489,-0.14615121483802795,0.9783512949943542,0.4506915509700775,0.7068396806716919,0.4555628299713135,0.8956098556518555,0.5797744989395142,0.7956203818321228,0.07717616856098175,0.9711781740188599,0.45677322149276733,0.7868382334709167,0.7560170888900757,0.9067760705947876,0.6067137122154236,0.8100551962852478,0.09520087391138077,0.7861239910125732,0.47825875878334045,0.8038557767868042,0.7798271179199219,0.7540624737739563,0.5195143818855286,0.8267553448677063,-0.04401947930455208,0.9551705121994019,0.37647703289985657,0.8105149865150452,0.7103523015975952,0.9045668244361877
53,0.39105671644210815,0.39691585302352905,-0.34557467699050903,0.9992973804473877,0.4064479172229767,0.3883601725101471,-0.3569844663143158,0.9989505410194397,0.4140568673610687,0.3881939947605133,-0.3571157455444336,0.9987136125564575,0.4191623628139496,0.3883243203163147,-0.3571738004684448,0.9987807869911194,0.3958609402179718,0.3885914981365204,-0.3108471930027008,0.9990024566650391,0.39352771639823914,0.3887123465538025,-0.31109631061553955,0.9988856911659241,0.3880159556865692,0.3891403079032898,-0.31114014983177185,0.9990565776824951,0.43318259716033936,0.3945257365703583,-0.3145732879638672,0.9969117045402527,0.3976581394672394,0.3934497833251953,-0.1063595786690712,0.9978617429733276,0.4083017408847809,0.4067022502422333,-0.3226936161518097,0.9976814389228821,0.39089465141296387,0.40592536330223083,-0.2627047598361969,0.9980687499046326,0.4543117582798004,0.44509828090667725,-0.4056639075279236,0.9992309808731079,0.37571823596954346,0.455659955739975,0.10707973688840866,0.9993144273757935,0.3490467667579651,0.48455944657325745,-0.4976636469364166,0.888578474521637,0.3023069202899933,0.5008922219276428,0.04052421450614929,0.6481776833534241,0.24045966565608978,0.46059998869895935,-0.4241446852684021,0.793670117855072,0.278615802526474,0.46773555874824524,-0.22964447736740112,0.69814532995224,0.21163679659366608,0.4598364233970642,-0.4885023236274719,0.7223898768424988,0.2739276885986328,0.4605192542076111,-0.2783503830432892,0.6570067405700684,0.22050654888153076,0.4443218410015106,-0.4703323543071747,0.7173712253570557,0.275969922542572,0.4545299708843231,-0.2866513431072235,0.6566962003707886,0.2249106466770172,0.4453517198562622,-0.4144839346408844,0.6864591240882874,0.28008583188056946,0.45745792984962463,-0.24413472414016724,0.6369037628173828,0.4935557544231415,0.6033204793930054,-0.16887281835079193,0.9996362924575806,0.4395022988319397,0.6050651669502258,0.16901728510856628,0.9996420741081238,0.542483925819397,0.6992685198783875,-0.17450092732906342,0.9783737063407898,0.412407785654068,0.7090932726860046,0.47537684440612793,0.8853747248649597,0.6526113748550415,0.7844040989875793,0.088852658867836,0.9720523357391357,0.40822964906692505,0.7892077565193176,0.8558604717254639,0.90151447057724,0.6658607721328735,0.7916625738143921,0.10915883630514145,0.7911558747291565,0.4196855425834656,0.800636351108551,0.8864541053771973,0.757034182548523,0.6305138468742371,0.8171493411064148,-0.09704186022281647,0.9558714032173157,0.3631628751754761,0.8248527646064758,0.7696531414985657,0.8998516201972961
54,0.39007803797721863,0.3941894769668579,-0.1722310483455658,0.9991757869720459,0.4060434401035309,0.38739702105522156,-0.1915619671344757,0.9989047050476074,0.41090306639671326,0.38720858097076416,-0.1915806382894516,0.998671293258667,0.41510438919067383,0.3873361647129059,-0.1916292905807495,0.998763382434845,0.39234259724617004,0.3867538571357727,-0.14039599895477295,0.9989066123962402,0.39042291045188904,0.38692179322242737,-0.1406278759241104,0.9987302422523499,0.38826996088027954,0.3871109187602997,-0.1407548040151596,0.9989702105522156,0.42892587184906006,0.3917869031429291,-0.20417343080043793,0.9968438148498535,0.4016558527946472,0.39173704385757446,0.025308270007371902,0.9976967573165894,0.4035283029079437,0.4033616781234741,-0.17008301615715027,0.9972249865531921,0.3861401081085205,0.40310779213905334,-0.1037270650267601,0.9976434111595154,0.42929500341415405,0.44382530450820923,-0.32992637157440186,0.9991587400436401,0.4025122821331024,0.45096781849861145,0.23791538178920746,0.9991589188575745,0.32116782665252686,0.47868627309799194,-0.4077562987804413,0.8950628638267517,0.32750439643859863,0.49576085805892944,0.3112627863883972,0.5970377922058105,0.23177120089530945,0.44032707810401917,-0.2912786900997162,0.7963536977767944,0.29746711254119873,0.4813598692417145,0.19660867750644684,0.6495761275291443,0.21216699481010437,0.4277447760105133,-0.33785659074783325,0.7242566347122192,0.2925565540790558,0.477775901556015,0.1854727566242218,0.6123523116111755,0.21758610010147095,0.4256956875324249,-0.31666356325149536,0.7178195714950562,0.2939067482948303,0.47285810112953186,0.16819429397583008,0.611827552318573,0.226176455616951,0.4271937608718872,-0.2785186171531677,0.6864374279975891,0.2966705858707428,0.47395408153533936,0.1830352544784546,0.5944098234176636,0.47793951630592346,0.5937021970748901,-0.17471501231193542,0.9995947480201721,0.45485806465148926,0.5949013829231262,0.17459619045257568,0.9996007084846497,0.4462946653366089,0.695128858089447,-0.1592622548341751,0.9689761400222778,0.5169149041175842,0.6996415853500366,0.25891321897506714,0.8533652424812317,0.4155319631099701,0.7888312935829163,-0.021846195682883263,0.9630023837089539,0.5992342829704285,0.7860441207885742,0.4298931360244751,0.8833534717559814,0.4538671374320984,0.808768093585968,-0.011934598907828331,0.7885615229606628,0.62822425365448,0.8000628352165222,0.4430537223815918,0.7582915425300598,0.37301382422447205,0.8289074301719666,-0.13951236009597778,0.9438266754150391,0.5557495951652527,0.811420202255249,0.3608546257019043,0.8795338273048401
55,0.3792767822742462,0.38844695687294006,-0.11318940669298172,0.9992160201072693,0.3975270986557007,0.3792837858200073,-0.13056227564811707,0.9989867210388184,0.402142733335495,0.3794986605644226,-0.13050861656665802,0.9987726807594299,0.40972599387168884,0.3797227442264557,-0.13052739202976227,0.9988592267036438,0.3892439305782318,0.3795980215072632,-0.0799974575638771,0.9989802241325378,0.38436654210090637,0.38018861413002014,-0.08015546947717667,0.9988078474998474,0.38293910026550293,0.3804958760738373,-0.08029260486364365,0.999036431312561,0.4226948320865631,0.38728147745132446,-0.13825875520706177,0.9970910549163818,0.39806291460990906,0.38487452268600464,0.0868840366601944,0.9978610873222351,0.3917875289916992,0.3986395001411438,-0.10814565420150757,0.997322142124176,0.3804727792739868,0.3953525125980377,-0.04296131432056427,0.9977177977561951,0.41885554790496826,0.43659982085227966,-0.26485055685043335,0.9991750121116638,0.39727160334587097,0.4449274241924286,0.31049320101737976,0.9991335272789001,0.3076266646385193,0.469875693321228,-0.3117448687553406,0.9034004211425781,0.31715479493141174,0.4854348301887512,0.40654170513153076,0.5560305118560791,0.2382008582353592,0.4266362190246582,-0.18086419999599457,0.8098538517951965,0.28847721219062805,0.47802507877349854,0.3067357838153839,0.6184685230255127,0.22267737984657288,0.41279613971710205,-0.22229346632957458,0.7409270405769348,0.2804246246814728,0.47283610701560974,0.3004264831542969,0.5833264589309692,0.22710949182510376,0.4103517532348633,-0.20140987634658813,0.7339465022087097,0.2854486107826233,0.46805059909820557,0.280419260263443,0.5829408764839172,0.23745828866958618,0.41320255398750305,-0.16698907315731049,0.7026658058166504,0.288916677236557,0.46943336725234985,0.29300832748413086,0.5673087239265442,0.4669254422187805,0.5858222842216492,-0.1880767047405243,0.9995865225791931,0.4526008069515228,0.5882301926612854,0.18815423548221588,0.9995772838592529,0.4276995360851288,0.6910911202430725,-0.2167840152978897,0.9670126438140869,0.513953447341919,0.6958077549934387,0.28421497344970703,0.8018333911895752,0.41122671961784363,0.7944028377532959,-0.17037300765514374,0.9607798457145691,0.5955621004104614,0.7839023470878601,0.41407281160354614,0.843812882900238,0.4206879138946533,0.811965823173523,-0.17006716132164001,0.7987174391746521,0.622772753238678,0.8002718091011047,0.4239988923072815,0.7454169988632202,0.3522270619869232,0.8269945979118347,-0.30360448360443115,0.9436014294624329,0.5441069602966309,0.8013871908187866,0.3518177568912506,0.8513850569725037
56,0.3756953179836273,0.39091557264328003,-0.07002175599336624,0.9992786049842834,0.39321282505989075,0.3840043842792511,-0.09212714433670044,0.9990768432617188,0.3968096375465393,0.3841755986213684,-0.09208452701568604,0.9988811612129211,0.40406450629234314,0.38430705666542053,-0.09203176945447922,0.9989607930183411,0.3870871961116791,0.38322684168815613,-0.04121340811252594,0.999068558216095,0.38678818941116333,0.38382813334465027,-0.04145440086722374,0.998907744884491,0.38627251982688904,0.38433533906936646,-0.041581444442272186,0.9991185069084167,0.41537556052207947,0.39237114787101746,-0.1274809092283249,0.9973492622375488,0.3981735408306122,0.39153987169265747,0.09944415092468262,0.9980491399765015,0.38672488927841187,0.40119990706443787,-0.07681164145469666,0.9975199699401855,0.3806104063987732,0.4009190797805786,-0.010839846916496754,0.9978888034820557,0.41170328855514526,0.4463726878166199,-0.2601219117641449,0.9992281198501587,0.39877796173095703,0.45137205719947815,0.3039554953575134,0.9991647005081177,0.2902391254901886,0.46327105164527893,-0.2813210189342499,0.9106093645095825,0.30726444721221924,0.4736545979976654,0.4177490472793579,0.5194443464279175,0.24333256483078003,0.4159647226333618,-0.12415006011724472,0.8200489282608032,0.27521753311157227,0.46025553345680237,0.35434332489967346,0.5871577858924866,0.22995786368846893,0.3992435038089752,-0.16047453880310059,0.7539028525352478,0.26939961314201355,0.45086923241615295,0.3514026701450348,0.55387943983078,0.24193957448005676,0.39620330929756165,-0.1490751951932907,0.7462762594223022,0.2740447223186493,0.4465416371822357,0.33215758204460144,0.5535010695457458,0.24615487456321716,0.40314820408821106,-0.11504891514778137,0.715094804763794,0.27519145607948303,0.44929730892181396,0.34082069993019104,0.5401008129119873,0.4651014804840088,0.5895505547523499,-0.18471239507198334,0.9996145963668823,0.4615391194820404,0.5926992893218994,0.18491847813129425,0.9995988607406616,0.47861284017562866,0.6975988745689392,-0.18579092621803284,0.9663552045822144,0.47086456418037415,0.6903952956199646,0.316803514957428,0.7508697509765625,0.5260178446769714,0.8049517273902893,-0.15530449151992798,0.9614187479019165,0.5050383806228638,0.7773943543434143,0.4649595022201538,0.8034806251525879,0.5538424849510193,0.8230946063995361,-0.15785931050777435,0.8108017444610596,0.5284746885299683,0.7941116690635681,0.4745667576789856,0.7312727570533752,0.4503994286060333,0.830152153968811,-0.3068617582321167,0.9458436369895935,0.4359927773475647,0.7930861115455627,0.4045395851135254,0.8274398446083069
57,0.36511263251304626,0.3840598165988922,-0.06264879554510117,0.9993380308151245,0.3826291561126709,0.3767927587032318,-0.08095317333936691,0.9991601705551147,0.3870163857936859,0.37726861238479614,-0.08088082820177078,0.9989813566207886,0.3916153907775879,0.37927812337875366,-0.08081875741481781,0.9990543127059937,0.3753502070903778,0.37685081362724304,-0.028794726356863976,0.9991502165794373,0.37201517820358276,0.3774777054786682,-0.02895970642566681,0.999000072479248,0.3712661862373352,0.37787818908691406,-0.029041582718491554,0.9991936683654785,0.40852469205856323,0.38948553800582886,-0.10020197927951813,0.9975892901420593,0.38649076223373413,0.3856561481952667,0.13084959983825684,0.9982214570045471,0.372463196516037,0.39404261112213135,-0.06420858949422836,0.9977021217346191,0.36199280619621277,0.39453330636024475,0.0029017373453825712,0.9980473518371582,0.4040873348712921,0.4395239055156708,-0.23359476029872894,0.999239981174469,0.3875682055950165,0.44441187381744385,0.3318886458873749,0.999131441116333,0.28926974534988403,0.4518706500530243,-0.257341593503952,0.9171830415725708,0.29539331793785095,0.4621303677558899,0.37026506662368774,0.48783475160598755,0.25477659702301025,0.3959605097770691,-0.08285445719957352,0.8296541571617126,0.2851038873195648,0.4356735348701477,0.22449161112308502,0.5604188442230225,0.24660252034664154,0.3852068781852722,-0.11822160333395004,0.7666068077087402,0.28445878624916077,0.42616328597068787,0.20964984595775604,0.529086172580719,0.26193732023239136,0.3827941119670868,-0.10632296651601791,0.7586544156074524,0.2947222590446472,0.420931339263916,0.19834037125110626,0.5287014245986938,0.2652287483215332,0.3854184150695801,-0.07291668653488159,0.7280946969985962,0.2943549156188965,0.4237615764141083,0.21166647970676422,0.5170199275016785,0.45748481154441833,0.5835316181182861,-0.18491998314857483,0.9996387362480164,0.4494849145412445,0.5897257328033447,0.18495438992977142,0.999618649482727,0.47044530510902405,0.6946918368339539,-0.20279939472675323,0.9646420478820801,0.482199102640152,0.6947802305221558,0.261354923248291,0.7028298377990723,0.5115683674812317,0.80485999584198,-0.19069664180278778,0.9606373906135559,0.5355254411697388,0.7854835987091064,0.3530043363571167,0.7693343162536621,0.5391893982887268,0.8228213787078857,-0.1948235183954239,0.8198513388633728,0.5616298913955688,0.8023109436035156,0.3570428788661957,0.7189623713493347,0.43552860617637634,0.8326091170310974,-0.33636945486068726,0.9463637471199036,0.4705873727798462,0.8027870655059814,0.27791568636894226,0.8042510151863098
58,0.36029648780822754,0.39461755752563477,-0.1160416305065155,0.9993763566017151,0.3825525939464569,0.3876784145832062,-0.13915973901748657,0.9992219805717468,0.38429123163223267,0.3880942165851593,-0.1391373872756958,0.999053955078125,0.3849461078643799,0.3889634907245636,-0.13908837735652924,0.999125063419342,0.3795067071914673,0.3828141987323761,-0.08938944339752197,0.9992024898529053,0.37938547134399414,0.3830256164073944,-0.08961101621389389,0.99904865026474,0.3784812092781067,0.38330310583114624,-0.08969137072563171,0.9992358684539795,0.4008435010910034,0.39750418066978455,-0.17732851207256317,0.9977662563323975,0.3857378363609314,0.3926890194416046,0.04440632462501526,0.9983318448066711,0.37579479813575745,0.41217026114463806,-0.12466385215520859,0.9978442788124084,0.3699464201927185,0.41088011860847473,-0.05999992415308952,0.9981585144996643,0.39787888526916504,0.4482082724571228,-0.29769861698150635,0.9992765784263611,0.3810691237449646,0.44927778840065,0.22116480767726898,0.9991102814674377,0.2900427579879761,0.4549127221107483,-0.4074818193912506,0.9232064485549927,0.28966617584228516,0.4518762528896332,0.2670486867427826,0.477145791053772,0.25963401794433594,0.399230033159256,-0.3493378758430481,0.8397343754768372,0.26902925968170166,0.4008874297142029,0.1486404538154602,0.555201530456543,0.24986501038074493,0.38552919030189514,-0.40371182560920715,0.779748260974884,0.267255961894989,0.38505375385284424,0.12705592811107635,0.5216404795646667,0.2626231610774994,0.3843380808830261,-0.3909114897251129,0.771481454372406,0.27426841855049133,0.38479942083358765,0.1198408231139183,0.5207633376121521,0.2662401497364044,0.3864629864692688,-0.34310653805732727,0.7413487434387207,0.27819904685020447,0.3864956498146057,0.13723649084568024,0.5100123286247253,0.46946704387664795,0.5946580171585083,-0.17271950840950012,0.9996602535247803,0.45375606417655945,0.5967139601707458,0.17273744940757751,0.999631404876709,0.4866245985031128,0.7017032504081726,-0.18474020063877106,0.9651451706886292,0.4617394208908081,0.7015126347541809,0.2733162045478821,0.6774758696556091,0.5680544972419739,0.8056183457374573,-0.1393057405948639,0.9623452425003052,0.48706161975860596,0.7851994633674622,0.4488680958747864,0.7514415979385376,0.5966276526451111,0.8210045099258423,-0.1408613622188568,0.83076012134552,0.5097928643226624,0.7988513112068176,0.4598100185394287,0.7124911546707153,0.5083608627319336,0.8375350832939148,-0.3084276020526886,0.9488520622253418,0.39600127935409546,0.8110141754150391,0.37045061588287354,0.792404055595398
59,0.36892005801200867,0.3753465712070465,-0.14665411412715912,0.9994315505027771,0.3854910433292389,0.3732062876224518,-0.1641787439584732,0.9992933869361877,0.38794946670532227,0.3742624819278717,-0.1641567200422287,0.9991397857666016,0.3901355266571045,0.37548336386680603,-0.16406720876693726,0.9992051720619202,0.38177981972694397,0.3722441792488098,-0.11615266650915146,0.9992733001708984,0.37885069847106934,0.37298718094825745,-0.11636661738157272,0.9991300106048584,0.3779962360858917,0.37351569533348083,-0.11642640084028244,0.9993021488189697,0.4020262658596039,0.38726675510406494,-0.17742648720741272,0.9979690313339233,0.39067545533180237,0.3836430311203003,0.0340728685259819,0.9984787106513977,0.3716472387313843,0.3888546824455261,-0.14681370556354523,0.9980095028877258,0.3624904453754425,0.38577812910079956,-0.08514196425676346,0.998301088809967,0.38403192162513733,0.4417227804660797,-0.29626327753067017,0.9993094205856323,0.3814232349395752,0.4395093619823456,0.242427259683609,0.9991022944450378,0.28603118658065796,0.4539484679698944,-0.3386189043521881,0.9281870126724243,0.2984512448310852,0.46895837783813477,0.3005770444869995,0.45959365367889404,0.2639220058917999,0.394835501909256,-0.20276878774166107,0.8454540967941284,0.2788940966129303,0.40176135301589966,0.1935458928346634,0.5395378470420837,0.2560301125049591,0.38087576627731323,-0.24382548034191132,0.786762535572052,0.28133681416511536,0.3886532783508301,0.17713932693004608,0.5050213932991028,0.2723504304885864,0.38021987676620483,-0.2342347800731659,0.777934193611145,0.28994742035865784,0.3835340142250061,0.16860300302505493,0.5039639472961426,0.2764205038547516,0.3859424293041229,-0.19600529968738556,0.7479400634765625,0.2925899922847748,0.38931408524513245,0.18190240859985352,0.4946499466896057,0.45282289385795593,0.5843480825424194,-0.1779923290014267,0.9996766448020935,0.4512321650981903,0.5839101672172546,0.17818708717823029,0.9996436834335327,0.5048002600669861,0.6958649754524231,-0.17190520465373993,0.9663165807723999,0.4296213388442993,0.6904104351997375,0.224632129073143,0.6589789986610413,0.6196836829185486,0.8009306788444519,-0.14411666989326477,0.9642454385757446,0.43376481533050537,0.784633457660675,0.37120774388313293,0.7385517358779907,0.648857831954956,0.817244291305542,-0.14717304706573486,0.8401987552642822,0.4551955759525299,0.8006066679954529,0.37886184453964233,0.7070297598838806,0.5747151374816895,0.8306187391281128,-0.3103852868080139,0.9512298703193665,0.3712974190711975,0.81251060962677,0.28949278593063354,0.7831851840019226
60,0.36726945638656616,0.38070452213287354,-0.1339976191520691,0.9994798302650452,0.3854215741157532,0.37647533416748047,-0.15282508730888367,0.9993565678596497,0.38852590322494507,0.3776422441005707,-0.15277381241321564,0.9992155432701111,0.39119991660118103,0.37892648577690125,-0.152705118060112,0.999275803565979,0.3780718743801117,0.37410131096839905,-0.10022768378257751,0.9993355870246887,0.378195196390152,0.37424802780151367,-0.10041526705026627,0.999201238155365,0.3775419592857361,0.3744889199733734,-0.10046425461769104,0.999359667301178,0.40363848209381104,0.38877883553504944,-0.17152386903762817,0.9981480240821838,0.38937458395957947,0.38333824276924133,0.06054404750466347,0.998605489730835,0.3707226514816284,0.3924008905887604,-0.1364755481481552,0.9981542229652405,0.3630196154117584,0.3919537365436554,-0.06889878213405609,0.9984240531921387,0.38957250118255615,0.44129136204719543,-0.2984330952167511,0.9993255734443665,0.3807014524936676,0.4398263692855835,0.2663267254829407,0.9990817308425903,0.2994326949119568,0.45097777247428894,-0.36996790766716003,0.9324235320091248,0.3029250204563141,0.4522899091243744,0.27959316968917847,0.43988174200057983,0.27147725224494934,0.39270326495170593,-0.253011554479599,0.8521153330802917,0.29079386591911316,0.4016471803188324,0.10212641954421997,0.5258616805076599,0.2628081142902374,0.3827371895313263,-0.2996821999549866,0.7962070107460022,0.28311672806739807,0.3839721083641052,0.07890060544013977,0.4924643039703369,0.28051504492759705,0.3813020884990692,-0.2886464297771454,0.7872352004051208,0.2947883605957031,0.38343873620033264,0.07024513930082321,0.4913290739059448,0.2831229269504547,0.3841846287250519,-0.24616849422454834,0.7572907209396362,0.2967439293861389,0.3859275281429291,0.08864342421293259,0.4832243025302887,0.4544405937194824,0.5852730870246887,-0.18613885343074799,0.9996947646141052,0.45178505778312683,0.5856643915176392,0.18628261983394623,0.9996578693389893,0.49812933802604675,0.6967438459396362,-0.2145497053861618,0.9676728844642639,0.4425838589668274,0.6900860071182251,0.24840958416461945,0.6435168385505676,0.6052417159080505,0.7989308834075928,-0.1862354874610901,0.9663019776344299,0.454610675573349,0.7837722301483154,0.39799320697784424,0.7322337031364441,0.6349124312400818,0.8151872754096985,-0.1901329606771469,0.8497348427772522,0.47752681374549866,0.7999083995819092,0.40553733706474304,0.7058593034744263,0.5526651740074158,0.8300012946128845,-0.36266663670539856,0.9538573622703552,0.3803974390029907,0.8066117167472839,0.3103809356689453,0.7790747880935669
61,0.35599201917648315,0.3764461874961853,-0.13801221549510956,0.9995264410972595,0.37650156021118164,0.37053388357162476,-0.15341095626354218,0.9994157552719116,0.38337644934654236,0.37237387895584106,-0.1533166766166687,0.9992868900299072,0.3873641788959503,0.3738769292831421,-0.1532159447669983,0.9993414282798767,0.37065091729164124,0.3692716062068939,-0.0995757207274437,0.9993953108787537,0.3703707456588745,0.3694317638874054,-0.09974835067987442,0.9992717504501343,0.36989709734916687,0.36973249912261963,-0.09978727996349335,0.9994162917137146,0.4007965326309204,0.384557843208313,-0.15722379088401794,0.998317539691925,0.3789266347885132,0.3786769211292267,0.07948309183120728,0.998731255531311,0.36056646704673767,0.38793250918388367,-0.13578209280967712,0.9982933402061462,0.35439014434814453,0.38655683398246765,-0.06693597137928009,0.9985436201095581,0.3901214003562927,0.4386640787124634,-0.28950461745262146,0.9993348121643066,0.37375158071517944,0.4350763261318207,0.2849726676940918,0.9990851283073425,0.2966708838939667,0.450338214635849,-0.33866584300994873,0.9355164170265198,0.2980354428291321,0.4510846436023712,0.20751258730888367,0.4208310842514038,0.27579739689826965,0.39827144145965576,-0.18057642877101898,0.8579734563827515,0.29436489939689636,0.4082849621772766,-0.0683598592877388,0.5144315958023071,0.2765193283557892,0.3829469382762909,-0.22270935773849487,0.805060088634491,0.2890605926513672,0.39269429445266724,-0.10160579532384872,0.4823191165924072,0.2931567132472992,0.38194626569747925,-0.20859627425670624,0.7961951494216919,0.3033708333969116,0.3903370499610901,-0.10975541174411774,0.4809553623199463,0.2959662973880768,0.38737377524375916,-0.1715139001607895,0.7662820219993591,0.3004283010959625,0.3936093747615814,-0.08424466848373413,0.47339653968811035,0.4543376564979553,0.5792236328125,-0.1889769583940506,0.9997094869613647,0.4439701735973358,0.5800378918647766,0.18900980055332184,0.9996700882911682,0.5072514414787292,0.6949278712272644,-0.19116543233394623,0.9692298173904419,0.43388277292251587,0.6808927655220032,0.21828904747962952,0.6339419484138489,0.653413712978363,0.7891205549240112,-0.15950757265090942,0.9686297178268433,0.4470144212245941,0.7771590352058411,0.3504926562309265,0.7328954935073853,0.6650427579879761,0.8089897632598877,-0.16244812309741974,0.8599050045013428,0.4708147346973419,0.7919848561286926,0.35658320784568787,0.7078620195388794,0.5976291298866272,0.8330926299095154,-0.33800703287124634,0.9565861821174622,0.3773171007633209,0.805612325668335,0.24651356041431427,0.7789421677589417
62,0.36364781856536865,0.37547293305397034,-0.13920708000659943,0.9995380640029907,0.38409489393234253,0.3724125921726227,-0.1589958220720291,0.9994480609893799,0.3875214457511902,0.3738078474998474,-0.15897132456302643,0.999326229095459,0.39073169231414795,0.37520313262939453,-0.15896713733673096,0.9993810653686523,0.37743908166885376,0.3708609342575073,-0.10780670493841171,0.999422013759613,0.3775101900100708,0.3708859980106354,-0.10801941156387329,0.999298632144928,0.37640315294265747,0.36959192156791687,-0.10811853408813477,0.9994410872459412,0.40422138571739197,0.38617345690727234,-0.18382112681865692,0.9984114170074463,0.38693466782569885,0.3783004879951477,0.04037828743457794,0.9988038539886475,0.36339908838272095,0.38860833644866943,-0.14407917857170105,0.9983499050140381,0.35547828674316406,0.3858150839805603,-0.07869350910186768,0.9986059069633484,0.38951852917671204,0.4424133896827698,-0.3085174560546875,0.9992484450340271,0.3735586702823639,0.4399048686027527,0.2419646978378296,0.9989535808563232,0.2946667969226837,0.4492073953151703,-0.35867738723754883,0.9365487694740295,0.29657572507858276,0.45061370730400085,0.1994009017944336,0.4043691158294678,0.28163525462150574,0.39251577854156494,-0.21412433683872223,0.8567634224891663,0.28992757201194763,0.39076894521713257,0.01720517687499523,0.49415186047554016,0.2722800672054291,0.37916967272758484,-0.2549585998058319,0.8052198886871338,0.290775865316391,0.37842798233032227,-5.774977580585983e-06,0.462068110704422,0.2918427288532257,0.37907201051712036,-0.24211211502552032,0.7958479523658752,0.30134838819503784,0.3750365674495697,-0.0021925419569015503,0.4602171778678894,0.2954697012901306,0.3846380412578583,-0.20565174520015717,0.7661292552947998,0.3055512011051178,0.38210827112197876,0.006737655494362116,0.4540635049343109,0.45350682735443115,0.5840414762496948,-0.1854129433631897,0.9996992349624634,0.44982805848121643,0.5828063488006592,0.18532244861125946,0.9996501803398132,0.4175170660018921,0.6962173581123352,-0.21587711572647095,0.9679676294326782,0.5335164666175842,0.6966534852981567,0.25516417622566223,0.6187657117843628,0.40668684244155884,0.8026312589645386,-0.18515822291374207,0.9682311415672302,0.6262307167053223,0.7782451510429382,0.37950804829597473,0.7300683856010437,0.4326970875263214,0.8289835453033447,-0.18759559094905853,0.8658448457717896,0.6538706421852112,0.7915775179862976,0.38798025250434875,0.7143205404281616,0.32180577516555786,0.8428476452827454,-0.3301796019077301,0.9553468823432922,0.5858638882637024,0.8004834651947021,0.3059617578983307,0.7702013254165649
63,0.3597205877304077,0.3782217800617218,-0.16560785472393036,0.9995619058609009,0.3867119550704956,0.373517781496048,-0.18304194509983063,0.9994862675666809,0.3907912075519562,0.3750080466270447,-0.18300043046474457,0.9993723630905151,0.3944748044013977,0.3765315115451813,-0.18300816416740417,0.9994239211082458,0.3780372738838196,0.37189197540283203,-0.13022437691688538,0.9994571208953857,0.37705138325691223,0.37082022428512573,-0.1303889900445938,0.9993367791175842,0.37617018818855286,0.37079519033432007,-0.1305166780948639,0.9994715452194214,0.40709179639816284,0.38794049620628357,-0.19493483006954193,0.9985197186470032,0.38652363419532776,0.3795446455478668,0.03684544935822487,0.9988774061203003,0.36212730407714844,0.39277783036231995,-0.16515128314495087,0.9984163045883179,0.35605695843696594,0.38882842659950256,-0.09758561104536057,0.998665452003479,0.3948991000652313,0.44467344880104065,-0.3209611475467682,0.9991759061813354,0.37256914377212524,0.4430924355983734,0.24571527540683746,0.9988011717796326,0.3107617199420929,0.45531052350997925,-0.4086795449256897,0.9404656887054443,0.2972894012928009,0.4527738392353058,0.20112766325473785,0.38447025418281555,0.28220295906066895,0.39558035135269165,-0.32397937774658203,0.8651717305183411,0.29432404041290283,0.4084201455116272,-0.02931458316743374,0.48102977871894836,0.27432578802108765,0.3824153542518616,-0.37835392355918884,0.8164969086647034,0.2971540689468384,0.3934597969055176,-0.0562138631939888,0.450726181268692,0.29328733682632446,0.3819848895072937,-0.3602454960346222,0.8072881102561951,0.30503350496292114,0.3871786296367645,-0.06410249322652817,0.4488838315010071,0.29520124197006226,0.3850802779197693,-0.31479161977767944,0.7780085206031799,0.3067994713783264,0.39420241117477417,-0.04286119341850281,0.44340839982032776,0.45854640007019043,0.5873225331306458,-0.18994925916194916,0.9997062087059021,0.44448572397232056,0.5864594578742981,0.18991708755493164,0.9996511340141296,0.4537270963191986,0.699802041053772,-0.18563568592071533,0.9683982133865356,0.5081874132156372,0.6990355253219604,0.2803744971752167,0.5932865142822266,0.4216412603855133,0.7997518181800842,-0.13148675858974457,0.9685786366462708,0.5845804810523987,0.7823827862739563,0.423884779214859,0.7136627435684204,0.4474160373210907,0.816436767578125,-0.13241003453731537,0.8718493580818176,0.6127204895019531,0.796470046043396,0.43288230895996094,0.7079065442085266,0.37276938557624817,0.8294355273246765,-0.2820484936237335,0.9564117193222046,0.5268688201904297,0.8035586476325989,0.3454591929912567,0.758707582950592
64,0.36550477147102356,0.37628763914108276,-0.1581038534641266,0.9995934367179871,0.3864396810531616,0.37307754158973694,-0.1687464565038681,0.9995273947715759,0.39347440004348755,0.37432432174682617,-0.16871201992034912,0.9994222521781921,0.39901140332221985,0.3756638467311859,-0.1686999350786209,0.9994698166847229,0.37663066387176514,0.3702750504016876,-0.11819043010473251,0.9994991421699524,0.37516865134239197,0.37023189663887024,-0.11836721003055573,0.9993869662284851,0.37124869227409363,0.3703598380088806,-0.11842924356460571,0.9995111227035522,0.4147481918334961,0.3862372934818268,-0.15221966803073883,0.9986417889595032,0.3822939693927765,0.37852224707603455,0.06657961755990982,0.9989689588546753,0.37064462900161743,0.38779333233833313,-0.1487383395433426,0.9985306859016418,0.3573911786079407,0.3865950405597687,-0.08517129719257355,0.998765766620636,0.4186233580112457,0.43853870034217834,-0.2787277102470398,0.9991479516029358,0.3660039007663727,0.43705782294273376,0.26809412240982056,0.9987543225288391,0.32494959235191345,0.4595513343811035,-0.3663688600063324,0.9432891011238098,0.2885100245475769,0.45475277304649353,0.1315101832151413,0.3804718554019928,0.29027485847473145,0.3988589346408844,-0.2662919759750366,0.8711055517196655,0.2985210716724396,0.39852508902549744,-0.14995451271533966,0.479239821434021,0.27494096755981445,0.38522210717201233,-0.3125445544719696,0.8246041536331177,0.29795822501182556,0.3844103515148163,-0.18569396436214447,0.4461526572704315,0.2934642732143402,0.3848280608654022,-0.28886550664901733,0.8154270648956299,0.30694910883903503,0.3795522153377533,-0.18043972551822662,0.44311580061912537,0.2969793975353241,0.39113664627075195,-0.2529626190662384,0.7871626019477844,0.31056058406829834,0.386628657579422,-0.16048745810985565,0.43810775876045227,0.45673519372940063,0.5820041298866272,-0.1843506097793579,0.999714732170105,0.44271937012672424,0.5818997621536255,0.18410085141658783,0.9996525049209595,0.4414529502391815,0.6951221227645874,-0.20663364231586456,0.9685578346252441,0.5173466205596924,0.6954287886619568,0.24160028994083405,0.5911558866500854,0.4427286982536316,0.8053560853004456,-0.16606779396533966,0.9689214825630188,0.622207760810852,0.7738789916038513,0.3751438558101654,0.7166389226913452,0.4648091495037079,0.8205041885375977,-0.16704221069812775,0.8770150542259216,0.6514637470245361,0.7850120067596436,0.3844397962093353,0.7151052355766296,0.37032803893089294,0.8291085958480835,-0.32493600249290466,0.9561125636100769,0.5834425687789917,0.8025307059288025,0.28754934668540955,0.7563366889953613
65,0.3689422607421875,0.375949501991272,-0.0811697319149971,0.9996246099472046,0.3891404867172241,0.37458011507987976,-0.0970432385802269,0.9995670318603516,0.3926807641983032,0.37620916962623596,-0.09697458148002625,0.9994709491729736,0.39745602011680603,0.37753990292549133,-0.09693591296672821,0.9995148777961731,0.38405734300613403,0.3722119927406311,-0.04611275717616081,0.9995394349098206,0.38397592306137085,0.37218841910362244,-0.0462990440428257,0.9994347095489502,0.3837759792804718,0.37215402722358704,-0.04632236063480377,0.9995493292808533,0.40818163752555847,0.38762643933296204,-0.1087128296494484,0.9987566471099854,0.392452597618103,0.3817431330680847,0.11358637362718582,0.9990538358688354,0.3700300455093384,0.3891220986843109,-0.08180607855319977,0.9986312389373779,0.36420002579689026,0.3854319155216217,-0.01729913428425789,0.9988527894020081,0.38696739077568054,0.44044941663742065,-0.23692305386066437,0.9991414546966553,0.38538211584091187,0.43689218163490295,0.3160572946071625,0.9987282752990723,0.3122704327106476,0.45475706458091736,-0.2529989778995514,0.9418972730636597,0.30218836665153503,0.4513167440891266,0.28021350502967834,0.3738503158092499,0.28372254967689514,0.3958689272403717,-0.05677886679768562,0.8659143447875977,0.2979612946510315,0.39806777238845825,0.08807317167520523,0.47355347871780396,0.2757469117641449,0.3818626403808594,-0.08319232612848282,0.8189310431480408,0.2896461486816406,0.3779132068157196,0.0709792971611023,0.44040775299072266,0.2930925190448761,0.38195565342903137,-0.06998533010482788,0.809100329875946,0.3090555965900421,0.3780478239059448,0.07183875143527985,0.43667885661125183,0.2973400354385376,0.38812974095344543,-0.0451083742082119,0.7819030284881592,0.30488234758377075,0.38217055797576904,0.07877185940742493,0.4318496286869049,0.4514894187450409,0.5785093307495117,-0.18556106090545654,0.9996922612190247,0.45776572823524475,0.5837083458900452,0.18547742068767548,0.9996290802955627,0.42261654138565063,0.690322995185852,-0.2523622512817383,0.9668719172477722,0.5135562419891357,0.6912881731987,0.21404439210891724,0.5951017141342163,0.41024231910705566,0.7951047420501709,-0.237949401140213,0.967875063419342,0.6199619770050049,0.7773606777191162,0.30579838156700134,0.7281561493873596,0.422162264585495,0.8103258013725281,-0.23903204500675201,0.8800018429756165,0.6508427262306213,0.7914152145385742,0.3121301829814911,0.7281498908996582,0.32830244302749634,0.8288373947143555,-0.3672514259815216,0.9522734880447388,0.5768420100212097,0.8068777322769165,0.23275771737098694,0.7571677565574646
66,0.3712790608406067,0.38313600420951843,-0.11238250136375427,0.9996547698974609,0.38888150453567505,0.379172146320343,-0.13044923543930054,0.9996053576469421,0.39213451743125916,0.38009536266326904,-0.13037817180156708,0.999518096446991,0.3972274661064148,0.3808507025241852,-0.130360946059227,0.9995582103729248,0.38387227058410645,0.37834835052490234,-0.07700943201780319,0.999578058719635,0.383514404296875,0.37866026163101196,-0.07709618657827377,0.9994805455207825,0.38297194242477417,0.37901780009269714,-0.07718295603990555,0.9995855093002319,0.40733808279037476,0.3899722993373871,-0.14837343990802765,0.9988680481910706,0.3915356993675232,0.38656726479530334,0.08618535846471786,0.9991337060928345,0.37672242522239685,0.396200954914093,-0.11362331360578537,0.9987273812294006,0.3669840693473816,0.3937605023384094,-0.0453030951321125,0.9989310503005981,0.3978964388370514,0.44715654850006104,-0.27514076232910156,0.9991450905799866,0.39799103140830994,0.4456977844238281,0.30178579688072205,0.9986624121665955,0.3190673887729645,0.46212416887283325,-0.32188329100608826,0.94556725025177,0.32341325283050537,0.46581509709358215,0.33631277084350586,0.36182403564453125,0.28664565086364746,0.39943525195121765,-0.18456196784973145,0.8737203478813171,0.30457955598831177,0.41092923283576965,0.20725053548812866,0.46775510907173157,0.277565598487854,0.3848961293697357,-0.22302314639091492,0.8290228843688965,0.2965129315853119,0.38805854320526123,0.2009066939353943,0.435140997171402,0.29216301441192627,0.38450491428375244,-0.20704136788845062,0.8194036483764648,0.3023706078529358,0.383972704410553,0.1899982988834381,0.43179798126220703,0.29653555154800415,0.390447735786438,-0.17332924902439117,0.7925832867622375,0.30689918994903564,0.3906712532043457,0.1955328732728958,0.42786160111427307,0.4578089118003845,0.5832251310348511,-0.19900360703468323,0.9996975064277649,0.4580824673175812,0.5813445448875427,0.19899575412273407,0.9996289610862732,0.4228939414024353,0.6912529468536377,-0.2365594059228897,0.968208909034729,0.5241541862487793,0.6932731866836548,0.2514636218547821,0.5750061273574829,0.4095488488674164,0.7939480543136597,-0.23573239147663116,0.9689249396324158,0.60878586769104,0.7805959582328796,0.3471071720123291,0.7166367769241333,0.42193424701690674,0.8105809092521667,-0.24028873443603516,0.8868521451950073,0.6361360549926758,0.795887291431427,0.35330864787101746,0.7242459654808044,0.34998819231987,0.8284468054771423,-0.3760337829589844,0.9547131061553955,0.555167555809021,0.7999293804168701,0.2784026861190796,0.7514449954032898
67,0.3654235303401947,0.39013996720314026,-0.16030947864055634,0.9996469020843506,0.386559396982193,0.384436696767807,-0.18031004071235657,0.9996123909950256,0.3893374502658844,0.38521042466163635,-0.18029096722602844,0.999527633190155,0.391751229763031,0.3860865533351898,-0.18033495545387268,0.99956876039505,0.3801845908164978,0.3829498291015625,-0.12389028817415237,0.9995715022087097,0.3804108500480652,0.3831334114074707,-0.12405887246131897,0.9994621276855469,0.38005495071411133,0.3833214044570923,-0.12410127371549606,0.9995701313018799,0.4061623811721802,0.39461156725883484,-0.20485538244247437,0.9988901019096375,0.3930811882019043,0.39133742451667786,0.04434628412127495,0.9991154074668884,0.3750780522823334,0.3991696536540985,-0.16472452878952026,0.9986803531646729,0.3679879307746887,0.39928627014160156,-0.0924801453948021,0.9988663196563721,0.411295086145401,0.45467790961265564,-0.33423665165901184,0.9989666938781738,0.3907744884490967,0.4540198743343353,0.2509152591228485,0.9982589483261108,0.33495599031448364,0.46810832619667053,-0.40771591663360596,0.9428905844688416,0.31415116786956787,0.4651415944099426,0.20130859315395355,0.3453174829483032,0.29121023416519165,0.4060332477092743,-0.28588882088661194,0.8709453344345093,0.29662299156188965,0.406109482049942,-0.028273416683077812,0.455240398645401,0.28341445326805115,0.3917449414730072,-0.3375590741634369,0.8270230293273926,0.2954815626144409,0.3903825879096985,-0.04959331452846527,0.42592716217041016,0.29575464129447937,0.3903244733810425,-0.3139905035495758,0.8171953558921814,0.30128440260887146,0.3863306939601898,-0.059960879385471344,0.42226913571357727,0.2993469536304474,0.395699679851532,-0.27351248264312744,0.7899170517921448,0.30603182315826416,0.3924892246723175,-0.042818646878004074,0.41827312111854553,0.46775078773498535,0.5965617895126343,-0.1954277753829956,0.9996643662452698,0.45656564831733704,0.5961030125617981,0.1954215168952942,0.9995739459991455,0.4234957993030548,0.6983395218849182,-0.22775451838970184,0.9653925895690918,0.5222554206848145,0.6976128220558167,0.33006879687309265,0.5697609186172485,0.40705788135528564,0.7966660857200623,-0.1663842499256134,0.9677026271820068,0.6093741655349731,0.788566529750824,0.5016997456550598,0.7213068008422852,0.42320120334625244,0.8124355673789978,-0.16538256406784058,0.8863523602485657,0.6378675103187561,0.800516664981842,0.5145385265350342,0.7291672229766846,0.3571398854255676,0.8326609134674072,-0.3152504861354828,0.9513503909111023,0.565181314945221,0.819652259349823,0.43537473678588867,0.7479032278060913
68,0.3628816604614258,0.39937087893486023,-0.29460179805755615,0.9996310472488403,0.38939252495765686,0.38828563690185547,-0.31523990631103516,0.9996076822280884,0.39387547969818115,0.3888387978076935,-0.31535014510154724,0.9995151162147522,0.3977758586406708,0.3894738256931305,-0.31541162729263306,0.9995592832565308,0.37662601470947266,0.38829419016838074,-0.2634895145893097,0.9995560646057129,0.37584441900253296,0.3880961239337921,-0.26376932859420776,0.999430775642395,0.3744984567165375,0.3879912793636322,-0.26391682028770447,0.9995445609092712,0.4189930558204651,0.39896294474601746,-0.3239537477493286,0.9988763332366943,0.3870284855365753,0.39660903811454773,-0.09264557808637619,0.9990825057029724,0.3805372416973114,0.4088839590549469,-0.2918236553668976,0.9986534714698792,0.3664647936820984,0.40918484330177307,-0.22445836663246155,0.9988299608230591,0.4379732608795166,0.4556082487106323,-0.42365550994873047,0.9989646673202515,0.38370481133461,0.4567962884902954,0.09753395617008209,0.9982064366340637,0.3462047278881073,0.4703359603881836,-0.5967748165130615,0.9444954991340637,0.31709757447242737,0.47162750363349915,0.034382253885269165,0.333162784576416,0.29477638006210327,0.4087744951248169,-0.5992400646209717,0.873747706413269,0.2930730879306793,0.41742679476737976,-0.20137855410575867,0.4446316063404083,0.27586740255355835,0.3958722949028015,-0.6715443730354309,0.8309343457221985,0.28825828433036804,0.3994387984275818,-0.24025483429431915,0.41626039147377014,0.28876787424087524,0.39315882325172424,-0.6460838913917542,0.8208855390548706,0.29620906710624695,0.39707812666893005,-0.2461816519498825,0.41234251856803894,0.29282346367836,0.3954581916332245,-0.5909544825553894,0.7922757863998413,0.3005196452140808,0.39923736453056335,-0.2151443511247635,0.4080682396888733,0.4973733425140381,0.605726420879364,-0.1714097261428833,0.9996767044067383,0.44919952750205994,0.6054429411888123,0.17152312397956848,0.9995806217193604,0.5395130515098572,0.7096624970436096,-0.11957269161939621,0.966336727142334,0.4145181477069855,0.7074999213218689,0.3254861533641815,0.5723090767860413,0.6249405145645142,0.790669858455658,0.07080806791782379,0.9686261415481567,0.40590324997901917,0.7978590130805969,0.6080829501152039,0.7161777019500732,0.6311603784561157,0.8144257068634033,0.08291083574295044,0.888006329536438,0.42167648673057556,0.8089703917503357,0.6288058757781982,0.7229833006858826,0.5674827694892883,0.8369081616401672,-0.10425315052270889,0.9530629515647888,0.3726388216018677,0.829959511756897,0.5142660737037659,0.7482253313064575
69,0.3763599991798401,0.3988862931728363,-0.28435367345809937,0.9995623826980591,0.39178863167762756,0.3871918320655823,-0.2819860875606537,0.9995172619819641,0.3943140506744385,0.3870616853237152,-0.2820855975151062,0.9993830919265747,0.4111594557762146,0.39323854446411133,-0.2821628451347351,0.9994450211524963,0.37298691272735596,0.388963520526886,-0.25007298588752747,0.9994440674781799,0.38327154517173767,0.3942857086658478,-0.2503344416618347,0.999266505241394,0.3793415427207947,0.3945122957229614,-0.2504355311393738,0.9993972182273865,0.42750653624534607,0.39892256259918213,-0.20884455740451813,0.9986162185668945,0.3835999667644501,0.4002169370651245,-0.06405327469110489,0.9987918138504028,0.40129032731056213,0.4074268341064453,-0.25307396054267883,0.9982985258102417,0.38513875007629395,0.41304177045822144,-0.2111239731311798,0.9984354376792908,0.45573416352272034,0.44818973541259766,-0.28321903944015503,0.9986655712127686,0.36692553758621216,0.4568362832069397,0.06137899309396744,0.9977672696113586,0.43025344610214233,0.4640040397644043,-0.5872514247894287,0.9371935129165649,0.3169965147972107,0.47443071007728577,-0.1331089437007904,0.34212860465049744,0.3128660321235657,0.41600847244262695,-0.7519602179527283,0.8606873750686646,0.29556241631507874,0.42660632729530334,-0.4073413908481598,0.44316112995147705,0.3059234023094177,0.4064374268054962,-0.839324414730072,0.8133752942085266,0.2899395823478699,0.4143534004688263,-0.46612322330474854,0.41067466139793396,0.3061438500881195,0.40592703223228455,-0.8019624948501587,0.80234295129776,0.30439940094947815,0.4055261015892029,-0.4598376750946045,0.40583208203315735,0.309479296207428,0.40697363018989563,-0.7440593242645264,0.7722622752189636,0.3088025152683258,0.41165462136268616,-0.41794246435165405,0.4011433720588684,0.5174990296363831,0.5946261882781982,-0.11221227794885635,0.9996860027313232,0.4471794068813324,0.6029590964317322,0.11202328652143478,0.9995933175086975,0.5468844175338745,0.702708899974823,-0.09560573846101761,0.9644260406494141,0.41581064462661743,0.7025946378707886,0.14621400833129883,0.6021683812141418,0.6167815327644348,0.7859595417976379,0.11666899919509888,0.9665927886962891,0.4035230875015259,0.7946075201034546,0.40802696347236633,0.7317207455635071,0.6243001818656921,0.8005107045173645,0.1289147436618805,0.8731260299682617,0.41017547249794006,0.8106591105461121,0.4251560866832733,0.7250652313232422,0.594095766544342,0.8298857808113098,-0.08982023596763611,0.9487078189849854,0.3670327067375183,0.827713131904602,0.2540437579154968,0.7572215795516968
70,0.40866732597351074,0.41226494312286377,-0.32843825221061707,0.9995912909507751,0.41594305634498596,0.4044244885444641,-0.300971120595932,0.9995395541191101,0.4254346787929535,0.4041053354740143,-0.30106085538864136,0.9994059801101685,0.4305061399936676,0.4043280780315399,-0.3011026382446289,0.9994598627090454,0.40154606103897095,0.4049922227859497,-0.30320876836776733,0.9994781613349915,0.39266273379325867,0.4060242474079132,-0.3034753203392029,0.9993146061897278,0.3886377215385437,0.40641334652900696,-0.30364367365837097,0.9994329810142517,0.43831124901771545,0.41003578901290894,-0.1343061327934265,0.9986667633056641,0.384830117225647,0.41425612568855286,-0.14660480618476868,0.9988644123077393,0.42387470602989197,0.42126578092575073,-0.2652118504047394,0.9983856081962585,0.4012507200241089,0.4223410189151764,-0.2687053680419922,0.9985189437866211,0.4793247878551483,0.4623272716999054,-0.10239660739898682,0.9984405636787415,0.36488234996795654,0.4732331335544586,-0.09683278948068619,0.9978441596031189,0.45834237337112427,0.516170859336853,-0.14345966279506683,0.9074833393096924,0.30836936831474304,0.4961189031600952,-0.4194272756576538,0.3993414342403412,0.40859469771385193,0.5149058103561401,-0.14468035101890564,0.8298351764678955,0.28145813941955566,0.44492560625076294,-0.738945722579956,0.4877142608165741,0.39877307415008545,0.5174795389175415,-0.1745971143245697,0.7776595950126648,0.26953986287117004,0.42660534381866455,-0.8128700256347656,0.4503650367259979,0.40319371223449707,0.5163909196853638,-0.18304356932640076,0.7672800421714783,0.27439767122268677,0.42471054196357727,-0.7853564620018005,0.4445534646511078,0.40353822708129883,0.5164237022399902,-0.14943334460258484,0.739719033241272,0.2799793779850006,0.43239644169807434,-0.7394931316375732,0.43746218085289,0.5303194522857666,0.6233713030815125,-0.01624797098338604,0.9997023940086365,0.4474125802516937,0.62547767162323,0.016081973910331726,0.9996176362037659,0.5620198845863342,0.716234564781189,0.03384309262037277,0.9667828679084778,0.4150756597518921,0.7200106382369995,0.13985450565814972,0.6396306753158569,0.6107165217399597,0.7889249920845032,0.32832619547843933,0.9684526324272156,0.4010852873325348,0.7956076860427856,0.48960593342781067,0.7555974125862122,0.6083036065101624,0.798812210559845,0.34910711646080017,0.8662954568862915,0.40970227122306824,0.8043365478515625,0.5159903764724731,0.7316955924034119,0.6405503749847412,0.8172886371612549,0.143014058470726,0.9506005644798279,0.375643789768219,0.831814169883728,0.33817917108535767,0.7764406800270081
71,0.40742987394332886,0.4165811836719513,-0.30322137475013733,0.999574601650238,0.4222765564918518,0.40628117322921753,-0.2955318093299866,0.9995057582855225,0.4279012680053711,0.4057169556617737,-0.295588880777359,0.9993526935577393,0.4349522590637207,0.4051397442817688,-0.2956184446811676,0.9994077682495117,0.4084891378879547,0.4078599214553833,-0.2675871253013611,0.9994416832923889,0.40634143352508545,0.4081065356731415,-0.26775604486465454,0.9992680549621582,0.40410882234573364,0.40839990973472595,-0.267886757850647,0.9993901252746582,0.4521045386791229,0.4091265797615051,-0.1993202120065689,0.9984972476959229,0.41406142711639404,0.4123399555683136,-0.06914814561605453,0.9986846446990967,0.4282810688018799,0.4243468642234802,-0.26363903284072876,0.9980565309524536,0.4112984240055084,0.42524251341819763,-0.22613771259784698,0.9982033967971802,0.48961690068244934,0.46141573786735535,-0.25158238410949707,0.9978516101837158,0.3984692692756653,0.47350361943244934,0.050296589732170105,0.9974915981292725,0.40865933895111084,0.4981687664985657,-0.4645708203315735,0.9004725217819214,0.34889161586761475,0.5053865909576416,-0.11253999918699265,0.4069288372993469,0.2867806553840637,0.47118711471557617,-0.5372990965843201,0.8209450840950012,0.2852148711681366,0.4700187146663666,-0.3951311707496643,0.4953739643096924,0.2649368345737457,0.46091175079345703,-0.6017365455627441,0.76630038022995,0.2614274024963379,0.4559033215045929,-0.4544064700603485,0.4565873444080353,0.26671886444091797,0.45626845955848694,-0.5788590908050537,0.7556238770484924,0.2747831642627716,0.45465439558029175,-0.45711177587509155,0.4508344233036041,0.27319085597991943,0.45895686745643616,-0.5312429070472717,0.7265282273292542,0.2856394350528717,0.45835182070732117,-0.4088461101055145,0.44425153732299805,0.5361129641532898,0.6135761737823486,-0.07938948273658752,0.9996379017829895,0.45993655920028687,0.6159408688545227,0.0794229581952095,0.999582827091217,0.5676091909408569,0.7111340165138245,0.024342896416783333,0.9673253893852234,0.4138979911804199,0.7060852646827698,0.10462231189012527,0.6728511452674866,0.6037902235984802,0.7891296744346619,0.3679443299770355,0.9682710766792297,0.4024476110935211,0.7960861325263977,0.42136695981025696,0.7767109274864197,0.5956411361694336,0.7994052767753601,0.3946048617362976,0.8516707420349121,0.4097457528114319,0.8093876242637634,0.44488149881362915,0.7400334477424622,0.6357333064079285,0.8165842890739441,0.20389331877231598,0.9489721655845642,0.37808486819267273,0.8286294937133789,0.2708580791950226,0.7929750680923462
72,0.42662185430526733,0.42431509494781494,-0.2647547423839569,0.9995211362838745,0.434676855802536,0.41413697600364685,-0.2542572021484375,0.9994091987609863,0.44284123182296753,0.41377657651901245,-0.25433242321014404,0.9992179274559021,0.4472073018550873,0.4133583605289459,-0.25438034534454346,0.9992914199829102,0.4249447286128998,0.4150755703449249,-0.2338009625673294,0.9993219971656799,0.4222506880760193,0.41531628370285034,-0.23391130566596985,0.9991182684898376,0.4153088629245758,0.41560694575309753,-0.2339828610420227,0.9992638826370239,0.4636271893978119,0.4185788929462433,-0.15319521725177765,0.9981644153594971,0.42080628871917725,0.42228803038597107,-0.05831978842616081,0.9982383251190186,0.4456023573875427,0.4346950650215149,-0.22397013008594513,0.9976779818534851,0.4280518889427185,0.4333876073360443,-0.19652190804481506,0.9978100061416626,0.5149797201156616,0.4663994610309601,-0.18158654868602753,0.9978079199790955,0.40734824538230896,0.47402915358543396,0.053637582808732986,0.9974371194839478,0.4471448063850403,0.5152050256729126,-0.3651602268218994,0.9022629261016846,0.35533881187438965,0.5124338865280151,-0.04289399832487106,0.43391647934913635,0.2957773506641388,0.4919155538082123,-0.4695262908935547,0.8253761529922485,0.28648853302001953,0.4868716299533844,-0.2718384265899658,0.5186673402786255,0.26702505350112915,0.490933358669281,-0.5302921533584595,0.7679342031478882,0.26479318737983704,0.47952041029930115,-0.31689533591270447,0.4762895703315735,0.2756803631782532,0.48624908924102783,-0.5066055655479431,0.7571300268173218,0.26114997267723083,0.47691771388053894,-0.33259445428848267,0.47131454944610596,0.280648797750473,0.48615309596061707,-0.4625142812728882,0.7259674072265625,0.27313241362571716,0.4793328046798706,-0.28729596734046936,0.4642487168312073,0.5485728979110718,0.6062431335449219,-0.048713319003582,0.9995812177658081,0.4661976397037506,0.6081480383872986,0.048765234649181366,0.9995524883270264,0.5795298218727112,0.7042194604873657,-0.03514545410871506,0.9688652753829956,0.4153525233268738,0.7036691904067993,-0.05487155169248581,0.7046964168548584,0.6034047603607178,0.7885615229606628,0.28464409708976746,0.9694324135780334,0.40149185061454773,0.7983886003494263,0.19637565314769745,0.7980413436889648,0.5939681529998779,0.7990508675575256,0.30780601501464844,0.8486135005950928,0.40963491797447205,0.8099885582923889,0.21241416037082672,0.7552556991577148,0.6366837620735168,0.8175635933876038,0.11273438483476639,0.9506629705429077,0.3750988245010376,0.8331888318061829,0.01081242598593235,0.811734139919281
73,0.4348905086517334,0.43325337767601013,-0.4556223154067993,0.9994882345199585,0.44221481680870056,0.4222557246685028,-0.4447643458843231,0.9993158578872681,0.4514308571815491,0.4211989641189575,-0.4448552131652832,0.9990819096565247,0.45509809255599976,0.4209022521972656,-0.44490623474121094,0.9991537928581238,0.4261048138141632,0.4250374734401703,-0.42825964093208313,0.9992468357086182,0.42346665263175964,0.42552390694618225,-0.4284643530845642,0.9990346431732178,0.42051228880882263,0.42612484097480774,-0.42858538031578064,0.9992036819458008,0.4685393273830414,0.4233101010322571,-0.3098612427711487,0.9978371262550354,0.4236079156398773,0.4292120039463043,-0.23618225753307343,0.9980790019035339,0.45183065533638,0.4459572732448578,-0.39872124791145325,0.9976427555084229,0.4342610538005829,0.4468116760253906,-0.37722843885421753,0.9978653788566589,0.5185002088546753,0.4682033658027649,-0.27654412388801575,0.9978877902030945,0.39872485399246216,0.4774547815322876,-0.08992652595043182,0.9976581931114197,0.4305858612060547,0.5293331146240234,-0.4084935784339905,0.9038611054420471,0.3335270583629608,0.5370199084281921,-0.23679038882255554,0.47430309653282166,0.30664148926734924,0.5172975659370422,-0.5172805190086365,0.8290631771087646,0.33605387806892395,0.5120100975036621,-0.5712440609931946,0.5509579181671143,0.2706737816333771,0.5192558765411377,-0.5792087316513062,0.7685837149620056,0.3355759382247925,0.5075672268867493,-0.6406614184379578,0.5052417516708374,0.2783188223838806,0.5125824213027954,-0.5716683268547058,0.7573572993278503,0.34034857153892517,0.5000739693641663,-0.636077344417572,0.49963071942329407,0.28732290863990784,0.5125809907913208,-0.5148088932037354,0.7219613194465637,0.34513452649116516,0.5015395283699036,-0.5772213935852051,0.48787060379981995,0.5525259375572205,0.6035528182983398,-0.036525312811136246,0.9993464350700378,0.4642457365989685,0.6044186353683472,0.036568332463502884,0.9994590878486633,0.5875825881958008,0.6980741024017334,-0.07631043344736099,0.969842791557312,0.4168030023574829,0.7022402882575989,-0.17870932817459106,0.7331662774085999,0.6012142300605774,0.7852786183357239,0.28301796317100525,0.9692184925079346,0.40005308389663696,0.7969893217086792,0.07674726098775864,0.8170125484466553,0.5915901064872742,0.7979652285575867,0.3105088174343109,0.8424704074859619,0.4062894880771637,0.8109130859375,0.09224759042263031,0.7673928141593933,0.6361492872238159,0.8179010152816772,0.1143055334687233,0.9500305652618408,0.37359699606895447,0.8308574557304382,-0.14018361270427704,0.8281386494636536
74,0.48201486468315125,0.435699462890625,-0.7013047933578491,0.9995046257972717,0.4830660820007324,0.4267229437828064,-0.6755540370941162,0.9993021488189697,0.48857805132865906,0.426425039768219,-0.6757137775421143,0.9990516901016235,0.49252110719680786,0.42627283930778503,-0.6757785677909851,0.9991158843040466,0.46789538860321045,0.42669087648391724,-0.6796970367431641,0.9992560744285583,0.4627143442630768,0.4275546371936798,-0.6800340414047241,0.9990527033805847,0.4525238871574402,0.4291372001171112,-0.6801832318305969,0.9992208480834961,0.49340713024139404,0.4300331473350525,-0.4756418764591217,0.997816264629364,0.44055601954460144,0.4367160499095917,-0.4952303171157837,0.9981504678726196,0.4898334741592407,0.4446418583393097,-0.6216514706611633,0.9977989792823792,0.47015756368637085,0.4483841359615326,-0.6274336576461792,0.9980249404907227,0.5505355596542358,0.4849322438240051,-0.3411714732646942,0.9980189800262451,0.3912510871887207,0.490294486284256,-0.3599223792552948,0.9978559613227844,0.5579659342765808,0.5559355020523071,-0.4665100574493408,0.9050500392913818,0.3499528765678406,0.56331467628479,-0.6248002648353577,0.5233496427536011,0.4545593857765198,0.5397889018058777,-0.6728652715682983,0.8314741849899292,0.34767457842826843,0.5001791715621948,-0.9564133286476135,0.5916867256164551,0.4263531267642975,0.5385586023330688,-0.7284827828407288,0.7636445164680481,0.3461852967739105,0.48105230927467346,-1.022244930267334,0.5452911257743835,0.4245964586734772,0.5289715528488159,-0.7138795256614685,0.7504511475563049,0.3428049087524414,0.47320351004600525,-1.0023192167282104,0.5384212732315063,0.4307516813278198,0.5302222371101379,-0.6705132722854614,0.7099046111106873,0.3501240909099579,0.4799560606479645,-0.9533740282058716,0.5213276743888855,0.5626431703567505,0.6060163378715515,0.0037984654773026705,0.9992445111274719,0.47537368535995483,0.6084389090538025,-0.003747184993699193,0.9993932247161865,0.5947445631027222,0.702413022518158,-0.07489058375358582,0.9717616438865662,0.4192871153354645,0.7076591849327087,-0.14930060505867004,0.758995771408081,0.6056997776031494,0.7838571667671204,0.3673485815525055,0.9696322083473206,0.39845573902130127,0.7925403714179993,0.22591128945350647,0.8339644074440002,0.5948382616043091,0.7941992282867432,0.4006372094154358,0.8417148590087891,0.4006015956401825,0.8049815893173218,0.2513786554336548,0.7759553790092468,0.6385418772697449,0.8171021938323975,0.18680065870285034,0.9509063959121704,0.3789931833744049,0.830467164516449,0.009959605522453785,0.842718243598938
75,0.4862249791622162,0.43220749497413635,-0.40394333004951477,0.9994122385978699,0.4844663143157959,0.42631229758262634,-0.3830449879169464,0.9991331100463867,0.4885231852531433,0.42584437131881714,-0.38315120339393616,0.9988604187965393,0.49166253209114075,0.42536506056785583,-0.3831786513328552,0.9989227056503296,0.4727846086025238,0.4288000762462616,-0.3802514374256134,0.9991307258605957,0.4686845541000366,0.4301885962486267,-0.3803967535495758,0.998947262763977,0.4631499648094177,0.43177923560142517,-0.3804841935634613,0.9991145133972168,0.49511781334877014,0.4292369484901428,-0.2294721156358719,0.997363805770874,0.4544476270675659,0.4381827116012573,-0.21781626343727112,0.9979332685470581,0.49876517057418823,0.4390401244163513,-0.3425537347793579,0.9977549314498901,0.48093143105506897,0.4431685209274292,-0.33902162313461304,0.9980350732803345,0.5717482566833496,0.47627973556518555,-0.14126352965831757,0.9981756806373596,0.43335098028182983,0.49233391880989075,-0.11514344811439514,0.9980437159538269,0.5676233172416687,0.5496582388877869,-0.15004359185695648,0.9036774039268494,0.43864235281944275,0.5533331632614136,-0.13579078018665314,0.5550615787506104,0.4936070144176483,0.5987545847892761,-0.2931229770183563,0.8301974534988403,0.454364150762558,0.5799795985221863,-0.32721468806266785,0.604368269443512,0.472684770822525,0.6165673732757568,-0.3455982208251953,0.7618323564529419,0.4582659602165222,0.5898349285125732,-0.38139545917510986,0.5565531253814697,0.45791274309158325,0.613053560256958,-0.3616388440132141,0.7498010396957397,0.46143868565559387,0.5832083225250244,-0.40778160095214844,0.5514484643936157,0.4579656720161438,0.6053733825683594,-0.30104735493659973,0.7095487117767334,0.46415242552757263,0.57927006483078,-0.34097668528556824,0.5345490574836731,0.5748744606971741,0.6060823202133179,0.018961226567626,0.9992387890815735,0.4880501627922058,0.605394184589386,-0.018803242594003677,0.999384880065918,0.6073665618896484,0.6998894214630127,0.04577571526169777,0.970954179763794,0.43057969212532043,0.69862961769104,-0.18940261006355286,0.7816532254219055,0.6126583218574524,0.7829786539077759,0.33199965953826904,0.9670964479446411,0.39503908157348633,0.7872866988182068,-0.03203136473894119,0.8488908410072327,0.603327751159668,0.7923117876052856,0.35173651576042175,0.8294760584831238,0.40160343050956726,0.8042673468589783,-0.02469787746667862,0.7777094841003418,0.6429992318153381,0.8164061903953552,0.18187004327774048,0.9483287334442139,0.38449206948280334,0.8264825940132141,-0.23087401688098907,0.855521559715271
76,0.5040194988250732,0.43556612730026245,-0.5562346577644348,0.9994391798973083,0.5075874328613281,0.43099239468574524,-0.5290297865867615,0.9991514086723328,0.5110014081001282,0.4311623275279999,-0.5290708541870117,0.9988861083984375,0.5141721367835999,0.4312245547771454,-0.5290210247039795,0.9989537000656128,0.49353379011154175,0.4325433373451233,-0.53885418176651,0.9991647005081177,0.48562130331993103,0.43403884768486023,-0.5389744639396667,0.9989981055259705,0.4807111918926239,0.43536892533302307,-0.539040744304657,0.9991574883460999,0.5181076526641846,0.4390336275100708,-0.3493983745574951,0.9973663091659546,0.47352346777915955,0.44488075375556946,-0.3919234275817871,0.9980279803276062,0.5195719599723816,0.44537442922592163,-0.4851931035518646,0.9979151487350464,0.5015690326690674,0.4470895230770111,-0.4973989427089691,0.9981783032417297,0.5819695591926575,0.4901263117790222,-0.18752910196781158,0.9983454346656799,0.4478006660938263,0.5055961012840271,-0.30204686522483826,0.9982336163520813,0.588774561882019,0.5560603737831116,-0.12911666929721832,0.90465247631073,0.4689202904701233,0.5649171471595764,-0.28939762711524963,0.5973002314567566,0.5584923028945923,0.6208256483078003,-0.2808731198310852,0.8362201452255249,0.5218217968940735,0.6216086149215698,-0.42239853739738464,0.6395063400268555,0.5552513003349304,0.63947594165802,-0.3355380892753601,0.7686405777931213,0.5341024398803711,0.6392497420310974,-0.48449569940567017,0.5934010744094849,0.5487613677978516,0.6383389234542847,-0.3809604048728943,0.7581387162208557,0.5426636338233948,0.6376000046730042,-0.5188068747520447,0.5890766978263855,0.5418422818183899,0.6313913464546204,-0.30249348282814026,0.7195402383804321,0.5409269332885742,0.6301721334457397,-0.4364215135574341,0.5722648501396179,0.5837693810462952,0.6060571074485779,0.04203160107135773,0.9993009567260742,0.5057312250137329,0.6104312539100647,-0.04185276851058006,0.9994310140609741,0.6190599203109741,0.7012684941291809,-0.06870447099208832,0.9712096452713013,0.4372948706150055,0.6939116716384888,-0.20243266224861145,0.8021029233932495,0.6211303472518921,0.7873209714889526,0.12926481664180756,0.9660347104072571,0.3960131108760834,0.7879692316055298,-0.0673028975725174,0.8620263338088989,0.6073994040489197,0.7972661256790161,0.13886499404907227,0.8220055103302002,0.39307495951652527,0.7967681884765625,-0.06378528475761414,0.7757776379585266,0.6560549139976501,0.8175593614578247,-0.048552483320236206,0.9481892585754395,0.3830515146255493,0.8215656876564026,-0.27002376317977905,0.8669000267982483
77,0.5110403895378113,0.44009384512901306,-0.835574746131897,0.9994353652000427,0.5143823027610779,0.43572166562080383,-0.814448893070221,0.9990902543067932,0.5165368318557739,0.43620458245277405,-0.8145102858543396,0.998812735080719,0.5187232494354248,0.4365158975124359,-0.8145877122879028,0.9989107251167297,0.5057070851325989,0.43572625517845154,-0.82325279712677,0.9991322755813599,0.5033251047134399,0.43631070852279663,-0.8234182000160217,0.9989727735519409,0.49729999899864197,0.4370420575141907,-0.8234766721725464,0.9991296529769897,0.523263156414032,0.4436286687850952,-0.6250866651535034,0.9971238374710083,0.49257445335388184,0.4432814419269562,-0.6632641553878784,0.9979305863380432,0.5231783986091614,0.4503472149372101,-0.7579360008239746,0.9979711771011353,0.5086159706115723,0.4549740254878998,-0.7689931988716125,0.9982016086578369,0.5869346857070923,0.48324811458587646,-0.4031115472316742,0.9984811544418335,0.4596273601055145,0.5028612017631531,-0.5110083818435669,0.9983845949172974,0.6087673902511597,0.5486376285552979,-0.32441920042037964,0.9032778739929199,0.4949354827404022,0.5619832277297974,-0.4802360236644745,0.6304610371589661,0.6205726265907288,0.6160953044891357,-0.44585689902305603,0.8363361358642578,0.5836572051048279,0.6207539439201355,-0.5619956851005554,0.662815272808075,0.6293908953666687,0.6342554688453674,-0.49207165837287903,0.7692655920982361,0.5987943410873413,0.6372110247612,-0.6148169636726379,0.6164944767951965,0.625649631023407,0.6375987529754639,-0.5483028292655945,0.7605049014091492,0.6101568937301636,0.637466549873352,-0.6548227667808533,0.613235592842102,0.6156010031700134,0.6294755339622498,-0.47077834606170654,0.7231941819190979,0.6049265265464783,0.6289519667625427,-0.5770321488380432,0.5943164825439453,0.571533203125,0.5998329520225525,0.03231181204319,0.9993486404418945,0.510716438293457,0.6008039712905884,-0.03231009095907211,0.9994540810585022,0.624085545539856,0.6927040219306946,-0.05611293762922287,0.9724785089492798,0.4455476999282837,0.6962186098098755,-0.12657530605793,0.821030855178833,0.6266899108886719,0.7867421507835388,0.18172559142112732,0.967217206954956,0.399911105632782,0.7921883463859558,0.07634769380092621,0.874579131603241,0.6109960079193115,0.7965475916862488,0.1931300312280655,0.8232033848762512,0.3991803526878357,0.8032752275466919,0.08441400527954102,0.7827816605567932,0.6680140495300293,0.8129048943519592,-0.023190639913082123,0.9499846696853638,0.3888230621814728,0.8222676515579224,-0.14099271595478058,0.8779962658882141
78,0.5236796736717224,0.43738776445388794,-0.45871469378471375,0.9994550347328186,0.529549241065979,0.43353885412216187,-0.4311978220939636,0.9991121888160706,0.5339129567146301,0.4340440332889557,-0.43118810653686523,0.9988438487052917,0.53998202085495,0.4344373643398285,-0.43122249841690063,0.9989475607872009,0.5150512456893921,0.4328855872154236,-0.4370434284210205,0.9991586208343506,0.5086499452590942,0.43316301703453064,-0.43712809681892395,0.999006986618042,0.5041380524635315,0.43363067507743835,-0.4371233582496643,0.9991520643234253,0.5431334972381592,0.43739989399909973,-0.2450859695672989,0.9972025752067566,0.49751800298690796,0.43879276514053345,-0.26962631940841675,0.9979826807975769,0.5381773114204407,0.4463098645210266,-0.3850661516189575,0.998102605342865,0.5199825167655945,0.44681316614151,-0.3924259841442108,0.9982917904853821,0.5959140062332153,0.48013752698898315,-0.07391195744276047,0.9986163973808289,0.47256341576576233,0.489968478679657,-0.17489038407802582,0.9985179901123047,0.6355755925178528,0.5355669260025024,0.009262844920158386,0.9017686247825623,0.5251486301422119,0.5409616231918335,-0.1424420177936554,0.6552808284759521,0.6724796295166016,0.5946604609489441,-0.14145848155021667,0.837813675403595,0.6101413369178772,0.5874554514884949,-0.2453756332397461,0.6689181327819824,0.6867112517356873,0.6118828058242798,-0.1828494817018509,0.7732072472572327,0.6342122554779053,0.6042932868003845,-0.294185996055603,0.6221338510513306,0.6864699721336365,0.6129834055900574,-0.23606014251708984,0.7661594748497009,0.6470476984977722,0.5989943742752075,-0.33008134365081787,0.620177149772644,0.6730757355690002,0.6051568388938904,-0.16464275121688843,0.7314023375511169,0.630431592464447,0.5905970931053162,-0.2588101029396057,0.5993760824203491,0.5827605724334717,0.6032909750938416,0.03554989770054817,0.9993995428085327,0.5024906396865845,0.6046715378761292,-0.03559939190745354,0.9994798302650452,0.6280807256698608,0.6958999633789062,-0.04822776839137077,0.9730319380760193,0.44866615533828735,0.7030551433563232,-0.09760435670614243,0.8374128937721252,0.6279267072677612,0.7880851626396179,0.13448934257030487,0.9682192206382751,0.39713409543037415,0.7961113452911377,0.027021868154406548,0.8858799934387207,0.6112805604934692,0.7997663617134094,0.14006653428077698,0.8265745639801025,0.39355483651161194,0.805665910243988,0.027070004492998123,0.7894021272659302,0.6741811037063599,0.8138919472694397,-0.06363014131784439,0.9515590071678162,0.3914651572704315,0.8290101885795593,-0.19258274137973785,0.8881055116653442
79,0.5416794419288635,0.4360779821872711,-0.3556971848011017,0.9993767738342285,0.5417349934577942,0.4305199384689331,-0.32820984721183777,0.9989650845527649,0.5469115376472473,0.43127790093421936,-0.3282786011695862,0.9986481070518494,0.5502790808677673,0.4313511550426483,-0.32837656140327454,0.9987989664077759,0.5299158692359924,0.42997825145721436,-0.34684547781944275,0.999008059501648,0.5263572335243225,0.43030017614364624,-0.34692174196243286,0.9988194704055786,0.5190838575363159,0.43416884541511536,-0.34693461656570435,0.9989750981330872,0.5503813028335571,0.4346325695514679,-0.1480366736650467,0.9967244863510132,0.5130181908607483,0.43845781683921814,-0.22756947576999664,0.9976520538330078,0.5500335693359375,0.4501843750476837,-0.2826911509037018,0.9980485439300537,0.5331971049308777,0.45085030794143677,-0.30599331855773926,0.9981262683868408,0.5885593295097351,0.477028489112854,0.038634128868579865,0.9987059831619263,0.4808099865913391,0.47474581003189087,-0.22772476077079773,0.9985873103141785,0.6399350166320801,0.5300639867782593,0.08344494551420212,0.8866910338401794,0.5661526322364807,0.5267490744590759,-0.26617667078971863,0.6827678680419922,0.7087572813034058,0.5620977878570557,-0.0957907885313034,0.8331066370010376,0.6783976554870605,0.5567339658737183,-0.34148356318473816,0.6871863603591919,0.7428066730499268,0.5758145451545715,-0.13018472492694855,0.7709890604019165,0.7122731804847717,0.572265088558197,-0.3967527151107788,0.6397507786750793,0.7350412011146545,0.5757214426994324,-0.18705591559410095,0.7660198211669922,0.7108114361763,0.5675686001777649,-0.41218581795692444,0.6377720236778259,0.7172999382019043,0.574900209903717,-0.12335211038589478,0.7339742183685303,0.7008745670318604,0.5660610198974609,-0.34582000970840454,0.6131120920181274,0.5750693082809448,0.6019630432128906,0.07355678826570511,0.9993804097175598,0.49614307284355164,0.6044905185699463,-0.0734936073422432,0.9993716478347778,0.6370386481285095,0.6864413022994995,-0.11249196529388428,0.9731331467628479,0.4575336277484894,0.6992369890213013,-0.1697167456150055,0.8525617718696594,0.6264842748641968,0.7814520597457886,0.04291480779647827,0.969388484954834,0.39817720651626587,0.7916130423545837,-0.0440480075776577,0.8961785435676575,0.6068570613861084,0.7945846319198608,0.04778611660003662,0.8329598903656006,0.38731634616851807,0.8017737865447998,-0.04250997304916382,0.7977940440177917,0.6810869574546814,0.8095181584358215,-0.14186321198940277,0.9531600475311279,0.39593446254730225,0.827637255191803,-0.2570982873439789,0.897301435470581
80,0.5833846926689148,0.435970276594162,-0.29921749234199524,0.9993568658828735,0.5743228197097778,0.4286574721336365,-0.26520347595214844,0.9989410638809204,0.5755009055137634,0.42880457639694214,-0.26528728008270264,0.9985924959182739,0.5784098505973816,0.42919594049453735,-0.2653883397579193,0.998748242855072,0.568693220615387,0.4294591248035431,-0.30790936946868896,0.9989827275276184,0.5630539059638977,0.42986926436424255,-0.3080132007598877,0.9987888336181641,0.5549027323722839,0.43083226680755615,-0.30798202753067017,0.9989185929298401,0.5692300200462341,0.43411895632743835,-0.07373496145009995,0.9966647624969482,0.5421803593635559,0.4369766414165497,-0.26018425822257996,0.9976444840431213,0.5863494277000427,0.4454134702682495,-0.22276805341243744,0.9981508851051331,0.57696932554245,0.4468616545200348,-0.2768101990222931,0.9981725811958313,0.58778315782547,0.4804029166698456,0.1354416310787201,0.9987917542457581,0.49857890605926514,0.4821544289588928,-0.3610800504684448,0.9985593557357788,0.6602141857147217,0.5184293985366821,0.23363660275936127,0.8541300892829895,0.5759234428405762,0.5096958875656128,-0.6035699844360352,0.7132934331893921,0.7479196786880493,0.5286434888839722,0.09168296307325363,0.8208147287368774,0.6470458507537842,0.47376835346221924,-0.7316004633903503,0.7151159644126892,0.780832052230835,0.5350447297096252,0.0706172063946724,0.7611688375473022,0.6664721965789795,0.46750444173812866,-0.8005494475364685,0.6696879863739014,0.7809748649597168,0.5333279371261597,0.017850859090685844,0.7587475180625916,0.6555303335189819,0.4614935517311096,-0.8012834191322327,0.6674439311027527,0.7683427929878235,0.530350387096405,0.06326451152563095,0.7305479645729065,0.6492533087730408,0.4648556113243103,-0.7333465218544006,0.6413750052452087,0.570235550403595,0.6091770529747009,0.12170147150754929,0.9994077682495117,0.500431478023529,0.6128107309341431,-0.12149275094270706,0.999346137046814,0.6368832588195801,0.6915890574455261,-0.05873585119843483,0.9719483256340027,0.46817100048065186,0.7017037272453308,-0.12741145491600037,0.8654951453208923,0.6331166625022888,0.7825750112533569,0.14436808228492737,0.9696204662322998,0.3960726261138916,0.7906511425971985,0.04407840594649315,0.904721736907959,0.6093449592590332,0.7961445450782776,0.15566113591194153,0.8407679200172424,0.379059761762619,0.802180290222168,0.05086023360490799,0.8047862648963928,0.684019923210144,0.8066582083702087,-0.01051006093621254,0.9535526633262634,0.3998906910419464,0.8276926279067993,-0.15383240580558777,0.9043346047401428
81,0.6029453873634338,0.4285253882408142,-0.13464191555976868,0.9994087815284729,0.5892958641052246,0.42140519618988037,-0.11551184207201004,0.9990334510803223,0.5882112383842468,0.42161795496940613,-0.11561504006385803,0.9987109303474426,0.5870104432106018,0.42192506790161133,-0.11566459387540817,0.9988515973091125,0.5883008241653442,0.422162801027298,-0.16949954628944397,0.9990724921226501,0.5863936543464661,0.4228536784648895,-0.16967728734016418,0.9988943338394165,0.5842519402503967,0.4236092269420624,-0.16970929503440857,0.9990114569664001,0.5713290572166443,0.4281183183193207,0.011469454504549503,0.9969566464424133,0.5648448467254639,0.4311777353286743,-0.22855527698993683,0.9978593587875366,0.6021068096160889,0.43797484040260315,-0.07870199531316757,0.9983088374137878,0.5981845855712891,0.43872278928756714,-0.14827632904052734,0.9983334541320801,0.5487855076789856,0.47563818097114563,0.19877620041370392,0.9988747239112854,0.5329287052154541,0.4783262312412262,-0.3912481665611267,0.9986849427223206,0.5773573517799377,0.5086557269096375,0.40250924229621887,0.7746385335922241,0.6235567331314087,0.4984588027000427,-0.5856731534004211,0.7407524585723877,0.6410727500915527,0.5153930187225342,0.5034589767456055,0.7518671154975891,0.7370813488960266,0.48295852541923523,-0.5479801297187805,0.7383447289466858,0.6595945358276367,0.5171685814857483,0.5317888855934143,0.6999253630638123,0.76743483543396,0.48390617966651917,-0.5923144817352295,0.693692147731781,0.6642834544181824,0.5168941020965576,0.49149656295776367,0.6981810331344604,0.7687215805053711,0.47949379682540894,-0.5727047920227051,0.6904762387275696,0.6570954322814941,0.5176311731338501,0.48852261900901794,0.6738281846046448,0.7537607550621033,0.4799949824810028,-0.5370498895645142,0.6608012914657593,0.5528952479362488,0.6089691519737244,0.16663871705532074,0.9994484782218933,0.5096758604049683,0.6113771200180054,-0.1663498729467392,0.999398946762085,0.6314467787742615,0.6953086256980896,0.19000272452831268,0.9642190933227539,0.4634966552257538,0.7056455612182617,-0.32586854696273804,0.8783513307571411,0.6287966966629028,0.784640908241272,0.37915292382240295,0.9685145616531372,0.39043039083480835,0.7975460290908813,-0.23335780203342438,0.9137398600578308,0.6089683771133423,0.7984656691551208,0.39266857504844666,0.8490419387817383,0.3715585470199585,0.8090201020240784,-0.22846607863903046,0.8206804990768433,0.6951020359992981,0.808693528175354,0.28941085934638977,0.9535683393478394,0.4097275137901306,0.8294630646705627,-0.406154602766037,0.9129822850227356
82,0.6243075132369995,0.4291352331638336,-0.23187412321567535,0.9994368553161621,0.6118547916412354,0.41710779070854187,-0.21471373736858368,0.9990948438644409,0.6109309792518616,0.4171355366706848,-0.2148672342300415,0.998786985874176,0.6098439693450928,0.4171699583530426,-0.21496738493442535,0.9989137649536133,0.6096575856208801,0.41872870922088623,-0.26645657420158386,0.9991313219070435,0.6065768003463745,0.4187326431274414,-0.2666422426700592,0.9989631772041321,0.6008769273757935,0.4184478223323822,-0.2667141258716583,0.9990695714950562,0.5916901230812073,0.42201751470565796,-0.07749485969543457,0.997178852558136,0.5785170793533325,0.42244213819503784,-0.3077998757362366,0.9980360865592957,0.6218711137771606,0.4379858374595642,-0.17066746950149536,0.9984430074691772,0.6159913539886475,0.43865230679512024,-0.2374042123556137,0.9984723925590515,0.5824872851371765,0.4692634344100952,0.13349634408950806,0.9989510774612427,0.5299616456031799,0.46581175923347473,-0.44362083077430725,0.9987878799438477,0.6211963891983032,0.48015815019607544,0.3393869400024414,0.7094497680664062,0.5983390212059021,0.48125866055488586,-0.6286457180976868,0.7651689648628235,0.6632652878761292,0.4771024286746979,0.4413564205169678,0.6938504576683044,0.6992979645729065,0.45138975977897644,-0.5848768353462219,0.7550252676010132,0.6751895546913147,0.47804537415504456,0.4630441665649414,0.6467773914337158,0.7345293760299683,0.4511309266090393,-0.6312748789787292,0.7089004516601562,0.6771319508552551,0.4778541922569275,0.4307023882865906,0.6455696225166321,0.7324967980384827,0.44570663571357727,-0.6134065985679626,0.7044606804847717,0.6713873744010925,0.4789545238018036,0.428646445274353,0.6247768998146057,0.7177087664604187,0.44524991512298584,-0.574576735496521,0.6701531410217285,0.5645065307617188,0.6082959771156311,0.16170436143875122,0.9994795918464661,0.5059906840324402,0.6094338893890381,-0.16147933900356293,0.9994391202926636,0.6340279579162598,0.695900559425354,0.2506643831729889,0.9547112584114075,0.4707505702972412,0.7058557271957397,-0.23914176225662231,0.8894199132919312,0.6293615102767944,0.7818178534507751,0.49828022718429565,0.9656299352645874,0.3928390145301819,0.7969166040420532,-0.08006623387336731,0.9214234352111816,0.6088340878486633,0.7951185703277588,0.5174902677536011,0.8530282974243164,0.37499964237213135,0.8100903034210205,-0.06940619647502899,0.8316985964775085,0.6921374201774597,0.8089708685874939,0.4042937159538269,0.9517778754234314,0.4055938124656677,0.8296450972557068,-0.2550988793373108,0.9201874732971191
83,0.6144065856933594,0.4139537513256073,-0.2578176259994507,0.9994860887527466,0.6117913126945496,0.4063636064529419,-0.22484634816646576,0.9991761445999146,0.6120524406433105,0.406704306602478,-0.22494849562644958,0.9988929629325867,0.6120516061782837,0.4070425033569336,-0.22499343752861023,0.9990074038505554,0.6041604280471802,0.40582364797592163,-0.2788355350494385,0.999210774898529,0.6011557579040527,0.406156063079834,-0.2790137231349945,0.9990573525428772,0.5974690914154053,0.40648993849754333,-0.2790523171424866,0.9991533756256104,0.5976902842521667,0.410768985748291,-0.04289659857749939,0.9974353909492493,0.5716139078140259,0.41223856806755066,-0.28050392866134644,0.9982233047485352,0.6129916310310364,0.4249170422554016,-0.1834363490343094,0.9985880851745605,0.6063279509544373,0.42450064420700073,-0.2525787651538849,0.9986164569854736,0.5985175967216492,0.46026596426963806,0.15604741871356964,0.9990166425704956,0.5331678986549377,0.45261961221694946,-0.4228754937648773,0.9988777041435242,0.6649798154830933,0.45387542247772217,0.2450125813484192,0.6903948187828064,0.5927481651306152,0.4611462950706482,-0.6581488251686096,0.7881394624710083,0.6660001277923584,0.4145478904247284,0.2062608152627945,0.6889787912368774,0.6859558820724487,0.40423357486724854,-0.6711580157279968,0.7772798538208008,0.6667066216468811,0.4058614671230316,0.19321919977664948,0.6369220614433289,0.7001959681510925,0.3950943946838379,-0.7401236295700073,0.7331988215446472,0.6611310839653015,0.4045281410217285,0.17758357524871826,0.6351242661476135,0.6940988898277283,0.3931942284107208,-0.7168437838554382,0.7284719347953796,0.6594568490982056,0.40885791182518005,0.1944226175546646,0.6163148880004883,0.687290608882904,0.3946407735347748,-0.6613177061080933,0.6942566633224487,0.5712839365005493,0.6075836420059204,0.1634124517440796,0.9995188117027283,0.5057851672172546,0.6043121218681335,-0.16306622326374054,0.9994823336601257,0.6292576193809509,0.6971491575241089,0.24574948847293854,0.9477355480194092,0.471512109041214,0.7061933875083923,-0.18431062996387482,0.8993441462516785,0.6325743198394775,0.786018431186676,0.5341302752494812,0.9613960385322571,0.39412006735801697,0.7971439957618713,0.004956522490829229,0.9280275106430054,0.6140617728233337,0.7965685129165649,0.5553685426712036,0.8534480929374695,0.37167155742645264,0.8051363229751587,0.015285923145711422,0.8389344811439514,0.6963453888893127,0.8090459704399109,0.42552486062049866,0.9481931328773499,0.4003949761390686,0.829384982585907,-0.191492959856987,0.9260345101356506
84,0.6406247615814209,0.408902108669281,-0.21123912930488586,0.9994949102401733,0.6362059116363525,0.40071648359298706,-0.1802792251110077,0.9992085695266724,0.6360188126564026,0.4004313051700592,-0.1803496778011322,0.998913049697876,0.6357209086418152,0.4000343382358551,-0.1803893893957138,0.9990236163139343,0.6243401765823364,0.3998457193374634,-0.24264481663703918,0.9992550611495972,0.6208919882774353,0.39975276589393616,-0.24290122091770172,0.9991087913513184,0.6165844202041626,0.4052819013595581,-0.24297799170017242,0.9992029666900635,0.6147085428237915,0.4044705331325531,-0.004297310020774603,0.9975808262825012,0.587273120880127,0.4087763726711273,-0.28369319438934326,0.9983707666397095,0.6336103677749634,0.42532217502593994,-0.13732360303401947,0.9986613392829895,0.6241979598999023,0.4247871935367584,-0.21879389882087708,0.9987139701843262,0.5971183180809021,0.4511716663837433,0.18419572710990906,0.9989492297172546,0.530457615852356,0.4491633176803589,-0.40710583329200745,0.9989281892776489,0.636981725692749,0.4127664566040039,0.3542727828025818,0.6472569704055786,0.5686782598495483,0.4219260811805725,-0.5641986131668091,0.8081954121589661,0.5963898301124573,0.3583550751209259,0.4237971901893616,0.6480380892753601,0.6254866123199463,0.3830123841762543,-0.4434506595134735,0.7909226417541504,0.5834227204322815,0.3461971879005432,0.42299628257751465,0.5948720574378967,0.6369954943656921,0.3723527491092682,-0.489372581243515,0.7431212067604065,0.5781512260437012,0.348295122385025,0.41919437050819397,0.5924574732780457,0.6338319182395935,0.37507712841033936,-0.47537413239479065,0.7371083498001099,0.5819886922836304,0.35400471091270447,0.41835829615592957,0.5768184065818787,0.628210186958313,0.3798030912876129,-0.43495142459869385,0.7005963921546936,0.5699371695518494,0.6023191809654236,0.1743350476026535,0.999522864818573,0.517508864402771,0.5984235405921936,-0.1740986704826355,0.9995033740997314,0.627945601940155,0.6945215463638306,0.28168177604675293,0.9348002672195435,0.4679446816444397,0.7039080858230591,-0.12538787722587585,0.9077773690223694,0.6296133995056152,0.7828369736671448,0.5752597451210022,0.9531048536300659,0.387194961309433,0.8003295063972473,0.08372180163860321,0.9332746863365173,0.6098164916038513,0.7968219518661499,0.5988128781318665,0.8510074615478516,0.3676351308822632,0.8073616027832031,0.09764906018972397,0.8440797924995422,0.6994795799255371,0.8067528605461121,0.4826629161834717,0.9421665668487549,0.4046900272369385,0.8290812373161316,-0.09074787050485611,0.930202305316925
85,0.6388495564460754,0.41218891739845276,-0.15198923647403717,0.9994663596153259,0.632934033870697,0.40257886052131653,-0.12787532806396484,0.9992003440856934,0.632527768611908,0.4024726152420044,-0.12795737385749817,0.9988688826560974,0.6322016716003418,0.40225622057914734,-0.1280459314584732,0.9990053176879883,0.6231773495674133,0.40183624625205994,-0.1864296942949295,0.9992625713348389,0.6207119822502136,0.40168488025665283,-0.1867184340953827,0.9991121888160706,0.6179952621459961,0.4013952314853668,-0.18682067096233368,0.9992204308509827,0.6126403212547302,0.4019685387611389,0.01646890677511692,0.9976395964622498,0.5903326869010925,0.4066424071788788,-0.24666708707809448,0.9984725713729858,0.6338872313499451,0.42117738723754883,-0.09020622074604034,0.9986532330513,0.6241827011108398,0.4213336408138275,-0.1669202744960785,0.9987260103225708,0.5850580334663391,0.4512253999710083,0.20347018539905548,0.998784065246582,0.5493346452713013,0.44418439269065857,-0.3776819109916687,0.9989661574363708,0.6013414263725281,0.4376016855239868,0.43199634552001953,0.5889707207679749,0.5640866160392761,0.4307224154472351,-0.5099246501922607,0.8253034353256226,0.6141889095306396,0.42055389285087585,0.5817040801048279,0.5894777178764343,0.6319738626480103,0.397546648979187,-0.3586432933807373,0.7945665121078491,0.6175932884216309,0.4169921875,0.6042760610580444,0.5414158701896667,0.6532077789306641,0.3936828672885895,-0.39169129729270935,0.7407437562942505,0.6204028725624084,0.4218907654285431,0.5759917497634888,0.5393688678741455,0.653684139251709,0.39569398760795593,-0.3678644001483917,0.7333245277404785,0.6179577708244324,0.4238208532333374,0.5676624774932861,0.5264438986778259,0.6392244696617126,0.398467093706131,-0.34523698687553406,0.6948285698890686,0.572705864906311,0.5996859073638916,0.16035442054271698,0.9994722604751587,0.5189090967178345,0.6020042300224304,-0.16027483344078064,0.999487578868866,0.6205834150314331,0.6927571892738342,0.18550366163253784,0.9246447682380676,0.47046926617622375,0.7045714855194092,-0.013826420530676842,0.9143860936164856,0.619497537612915,0.7842543721199036,0.389741986989975,0.9484902620315552,0.38820093870162964,0.8013321757316589,0.19607065618038177,0.9370598196983337,0.6032797694206238,0.8002410531044006,0.40467897057533264,0.8510896563529968,0.3689002990722656,0.8076568841934204,0.21106120944023132,0.8465117812156677,0.6978595852851868,0.8062155246734619,0.2829878628253937,0.9390178918838501,0.4069358706474304,0.8310652375221252,0.04963203892111778,0.9324865341186523
86,0.6393384337425232,0.4050265848636627,-0.10456408560276031,0.9993119239807129,0.6338746547698975,0.3951823115348816,-0.08407903462648392,0.999083399772644,0.6333129405975342,0.3951531648635864,-0.08416765928268433,0.9986626505851746,0.6326456665992737,0.39496782422065735,-0.08430502563714981,0.9988476634025574,0.6247639060020447,0.3945392370223999,-0.14615729451179504,0.9991316199302673,0.6221617460250854,0.39441975951194763,-0.1464017927646637,0.9989479780197144,0.619292140007019,0.39408978819847107,-0.14647862315177917,0.9990882873535156,0.6063173413276672,0.39499279856681824,0.04706905037164688,0.9975119233131409,0.587243914604187,0.3940623700618744,-0.23055389523506165,0.9983825087547302,0.6340055465698242,0.41494500637054443,-0.04634391516447067,0.998353898525238,0.6257240176200867,0.41472679376602173,-0.12722375988960266,0.9983253479003906,0.5891860127449036,0.44853219389915466,0.2422574907541275,0.9983301162719727,0.5514174103736877,0.43357953429222107,-0.38494086265563965,0.9988717436790466,0.6193447113037109,0.4713265001773834,0.4163297712802887,0.5348238945007324,0.5881571173667908,0.4294188916683197,-0.5037964582443237,0.8382495045661926,0.6072637438774109,0.4722636640071869,0.4630891680717468,0.5365628004074097,0.5982822179794312,0.38621029257774353,-0.37760448455810547,0.7987818121910095,0.6034206748008728,0.47517913579940796,0.47995731234550476,0.49363407492637634,0.5978766679763794,0.37454792857170105,-0.41713935136795044,0.7453274130821228,0.6011142134666443,0.47448650002479553,0.44994381070137024,0.4920181632041931,0.5929250717163086,0.3736615777015686,-0.40513524413108826,0.7377199530601501,0.6018962264060974,0.4735057055950165,0.4472377598285675,0.4811733365058899,0.5904649496078491,0.3793066143989563,-0.3691752254962921,0.6982482075691223,0.5752798318862915,0.6000041365623474,0.17695635557174683,0.9993898868560791,0.5239485502243042,0.5979770421981812,-0.17685489356517792,0.9994570016860962,0.6230894923210144,0.6928539872169495,0.3062449097633362,0.9076237678527832,0.47313520312309265,0.7033659219741821,-0.07500907778739929,0.9205300211906433,0.6200783848762512,0.7836875915527344,0.4886378049850464,0.9397870898246765,0.3827097415924072,0.7987753748893738,0.09881976246833801,0.9403904676437378,0.6060112118721008,0.7998976111412048,0.5003774166107178,0.847316324710846,0.36238449811935425,0.8041789531707764,0.11088720709085464,0.8509122133255005,0.6996564269065857,0.8086971044540405,0.3930323123931885,0.9311701655387878,0.40474018454551697,0.8317590355873108,-0.03352241590619087,0.933975338935852
87,0.6333147883415222,0.4017695188522339,-0.1260865330696106,0.9993394613265991,0.6253616213798523,0.3912321627140045,-0.0971946194767952,0.9991341829299927,0.6262494921684265,0.39139673113822937,-0.09722865372896194,0.9987269043922424,0.6266137361526489,0.39145395159721375,-0.09727076441049576,0.9989029765129089,0.6194627285003662,0.39098629355430603,-0.15753760933876038,0.9991843104362488,0.616338312625885,0.39089056849479675,-0.1578168272972107,0.9990124106407166,0.6072916984558105,0.3898615837097168,-0.15796539187431335,0.9991468787193298,0.6099216938018799,0.3930555284023285,0.05714845284819603,0.9976641535758972,0.58964604139328,0.39161980152130127,-0.21255354583263397,0.9985102415084839,0.6277855038642883,0.4116714298725128,-0.06247605383396149,0.9984171986579895,0.6213371157646179,0.41156238317489624,-0.14100006222724915,0.9984132051467896,0.5964984893798828,0.4432346522808075,0.251007616519928,0.9978770017623901,0.5496151447296143,0.43707790970802307,-0.35584256052970886,0.9988361597061157,0.5992200970649719,0.43994978070259094,0.42421644926071167,0.4873541295528412,0.5531557202339172,0.42186862230300903,-0.4749424159526825,0.8511751294136047,0.5595207214355469,0.40512019395828247,0.5181084871292114,0.4887761175632477,0.5843842029571533,0.3826727867126465,-0.30869847536087036,0.7968078851699829,0.5477266311645508,0.3978671133518219,0.5385264754295349,0.4498983323574066,0.5959038138389587,0.37428128719329834,-0.3385147452354431,0.7390385270118713,0.5490595698356628,0.40083110332489014,0.5234937071800232,0.4484351575374603,0.595844030380249,0.3771292269229889,-0.3175910711288452,0.7300394177436829,0.5516871809959412,0.4036541283130646,0.5087689161300659,0.439319372177124,0.5924428701400757,0.38175687193870544,-0.29488229751586914,0.6891205906867981,0.5808476805686951,0.6003357172012329,0.17954637110233307,0.9993715286254883,0.5281512141227722,0.5939849019050598,-0.17936816811561584,0.9994695782661438,0.612544059753418,0.6944165825843811,0.29221388697624207,0.8940967321395874,0.4757036566734314,0.7026255130767822,-0.16485661268234253,0.9272652268409729,0.6255399584770203,0.7835406064987183,0.5141959190368652,0.9324053525924683,0.3799368143081665,0.7966948747634888,-0.014317813329398632,0.9446653127670288,0.6082533001899719,0.7976556420326233,0.5298274159431458,0.8436113595962524,0.3611598312854767,0.8071164488792419,-0.0058196308091282845,0.8565865755081177,0.6960556507110596,0.8082011342048645,0.4193686246871948,0.9250824451446533,0.40619155764579773,0.8319163918495178,-0.17710168659687042,0.9373809695243835
88,0.629914402961731,0.3911973536014557,-0.11043667048215866,0.9993055462837219,0.6228082776069641,0.3830951750278473,-0.08196275681257248,0.9990915656089783,0.6232069730758667,0.3833540081977844,-0.08199888467788696,0.9986409544944763,0.6229757070541382,0.3833829164505005,-0.08204422146081924,0.9988473653793335,0.6181557178497314,0.3827517628669739,-0.14259175956249237,0.9991644620895386,0.6153265833854675,0.3827308118343353,-0.14290395379066467,0.9989956617355347,0.6057907938957214,0.3818548917770386,-0.1430407166481018,0.9991474747657776,0.6062487363815308,0.3874560594558716,0.07086565345525742,0.9976121187210083,0.586864709854126,0.38415974378585815,-0.20005010068416595,0.9985714554786682,0.627368152141571,0.40242817997932434,-0.0466754175722599,0.998360276222229,0.6179615259170532,0.4019106924533844,-0.1255216896533966,0.9984123706817627,0.5920591950416565,0.43436336517333984,0.2573445737361908,0.9975552558898926,0.5495725870132446,0.427688330411911,-0.3374241590499878,0.9988083243370056,0.5915321111679077,0.4291733205318451,0.4373498558998108,0.44717317819595337,0.5427239537239075,0.40223973989486694,-0.46814852952957153,0.8633192777633667,0.535643994808197,0.3951056897640228,0.5218077301979065,0.44793248176574707,0.5955061316490173,0.37723782658576965,-0.298279345035553,0.7936888933181763,0.5188034176826477,0.38928472995758057,0.5326656699180603,0.4122927486896515,0.6020088195800781,0.3676208555698395,-0.3340296447277069,0.7294263243675232,0.518817663192749,0.39137163758277893,0.5187706351280212,0.41081517934799194,0.6047526597976685,0.37249165773391724,-0.310097873210907,0.7187897562980652,0.523729145526886,0.39367517828941345,0.5125661492347717,0.4032834768295288,0.5998594760894775,0.3762669265270233,-0.28489193320274353,0.6769691705703735,0.5830386281013489,0.5980542898178101,0.1734587699174881,0.9993313550949097,0.533507764339447,0.5918589234352112,-0.17339278757572174,0.9994466304779053,0.6080647110939026,0.690532386302948,0.2561105191707611,0.8801853060722351,0.4834326207637787,0.6985398530960083,-0.11920567601919174,0.9323161244392395,0.6238016486167908,0.7867396473884583,0.4266027510166168,0.9264969825744629,0.38574615120887756,0.7982848286628723,0.03426500782370567,0.9470694065093994,0.6093051433563232,0.8020201325416565,0.43575945496559143,0.8395267724990845,0.368995726108551,0.8128833174705505,0.04201136529445648,0.8563293814659119,0.7022905945777893,0.8090997934341431,0.30678850412368774,0.920225203037262,0.4160487651824951,0.8322552442550659,-0.1289285123348236,0.9384490251541138
89,0.617905855178833,0.3904084861278534,-0.10235867649316788,0.9992786645889282,0.6171644926071167,0.38269156217575073,-0.07355860620737076,0.9990566968917847,0.618418276309967,0.383122056722641,-0.07352706044912338,0.9985805749893188,0.6190318465232849,0.3832252323627472,-0.07354256510734558,0.9987951517105103,0.6114778518676758,0.38167116045951843,-0.12664641439914703,0.9991369247436523,0.6032595038414001,0.38084840774536133,-0.1269255429506302,0.9989635944366455,0.6003463268280029,0.3802715837955475,-0.12705190479755402,0.9991283416748047,0.6052876710891724,0.3844570219516754,0.0758671760559082,0.9975233674049377,0.5874522924423218,0.38217028975486755,-0.1608884632587433,0.9985854625701904,0.6188141107559204,0.40023139119148254,-0.0411188006401062,0.9982745051383972,0.6114686131477356,0.3990292549133301,-0.11001329123973846,0.9983622431755066,0.5930713415145874,0.4306073486804962,0.23326453566551208,0.9971224665641785,0.5505190491676331,0.4178406000137329,-0.2812921702861786,0.9986606240272522,0.5713183283805847,0.42193883657455444,0.3542248010635376,0.4191189408302307,0.5262241363525391,0.39167794585227966,-0.42424875497817993,0.8743115067481995,0.5108225345611572,0.38566091656684875,0.3764600157737732,0.4221477508544922,0.5314564108848572,0.36421287059783936,-0.3398686647415161,0.7995656132698059,0.4923204779624939,0.38010844588279724,0.37690773606300354,0.38946035504341125,0.528502881526947,0.35763174295425415,-0.38201579451560974,0.7335936427116394,0.4922553598880768,0.38135892152786255,0.35928112268447876,0.3877643644809723,0.532391369342804,0.36243921518325806,-0.36778178811073303,0.7224403619766235,0.4976968765258789,0.3834711015224457,0.36518940329551697,0.3814873993396759,0.5335752964019775,0.3659152686595917,-0.3328441381454468,0.6810598373413086,0.589140772819519,0.590503990650177,0.15576677024364471,0.9993062019348145,0.5394145846366882,0.5836641192436218,-0.15578697621822357,0.999427855014801,0.6031662225723267,0.685834527015686,0.19965046644210815,0.8746006488800049,0.48691049218177795,0.6933594942092896,-0.1678130328655243,0.9376198053359985,0.624769926071167,0.7829620838165283,0.36262160539627075,0.9250456690788269,0.38685011863708496,0.7978668212890625,-0.0338468961417675,0.9504518508911133,0.6145706176757812,0.7993954420089722,0.370260626077652,0.8384405374526978,0.36751100420951843,0.8077451586723328,-0.029694991186261177,0.8601505160331726,0.6935338377952576,0.8090913891792297,0.2291860282421112,0.9184744358062744,0.41409027576446533,0.8278909921646118,-0.21274526417255402,0.9409452080726624
90,0.6065390110015869,0.3836871087551117,-0.11853443831205368,0.9992921948432922,0.6018531322479248,0.3761751055717468,-0.09128428250551224,0.9990682005882263,0.6029688715934753,0.3765004873275757,-0.09119831025600433,0.9985877275466919,0.6033280491828918,0.37659409642219543,-0.0911809504032135,0.998781144618988,0.5975983738899231,0.37616363167762756,-0.13979965448379517,0.9991693496704102,0.5877084732055664,0.37599417567253113,-0.14005544781684875,0.9990112781524658,0.5860486030578613,0.37601175904273987,-0.1402319222688675,0.9991653561592102,0.5978296399116516,0.3799947202205658,0.05983457341790199,0.997519314289093,0.5753329992294312,0.3818035423755646,-0.15451174974441528,0.9986593723297119,0.607082188129425,0.3941325843334198,-0.05648742988705635,0.9982911944389343,0.600062906742096,0.39368656277656555,-0.11879222840070724,0.9984070658683777,0.5946047902107239,0.4256013035774231,0.20784281194210052,0.9965922832489014,0.5463452935218811,0.41970300674438477,-0.30118370056152344,0.9986277222633362,0.5436524748802185,0.4374016523361206,0.3172054588794708,0.3875701427459717,0.5057985782623291,0.41566455364227295,-0.698501467704773,0.8839146494865417,0.46805495023727417,0.39913785457611084,0.3898853659629822,0.4010241627693176,0.4782608151435852,0.3828071057796478,-0.9557555317878723,0.8119708299636841,0.4597187936306,0.3972444534301758,0.39291706681251526,0.37196865677833557,0.4647164046764374,0.37590348720550537,-1.0443669557571411,0.749565839767456,0.45132237672805786,0.3952684700489044,0.37431830167770386,0.3704608380794525,0.4650489389896393,0.3899647891521454,-1.025129795074463,0.7388699054718018,0.4638669192790985,0.3970683813095093,0.37968912720680237,0.36492735147476196,0.46536391973495483,0.3905644416809082,-0.9565305113792419,0.6985127329826355,0.5981418490409851,0.5897522568702698,0.15906918048858643,0.999359667301178,0.546774685382843,0.5779896378517151,-0.15916018187999725,0.9994695782661438,0.6108608841896057,0.6844937801361084,0.174856498837471,0.8762249946594238,0.493034303188324,0.6915253400802612,-0.18293365836143494,0.9422022104263306,0.620145857334137,0.7809513807296753,0.33900219202041626,0.9279605746269226,0.38962823152542114,0.7909579873085022,-0.06562457978725433,0.9542403221130371,0.6124517917633057,0.7964958548545837,0.3444616198539734,0.8423123359680176,0.3674410879611969,0.8043262362480164,-0.06388219445943832,0.8649102449417114,0.6954948902130127,0.8085533976554871,0.1734415590763092,0.9208132028579712,0.406378835439682,0.8269979357719421,-0.2781355082988739,0.9446481466293335
91,0.6185533404350281,0.3815765082836151,-0.11162613332271576,0.9993301630020142,0.6067002415657043,0.375778466463089,-0.08662673830986023,0.9991192817687988,0.6075266599655151,0.3762378692626953,-0.08654424548149109,0.9986581802368164,0.6077488660812378,0.3765583038330078,-0.08650493621826172,0.9988335967063904,0.6027842164039612,0.37578991055488586,-0.1368456780910492,0.9992280602455139,0.6009586453437805,0.37617436051368713,-0.13710470497608185,0.999086320400238,0.5921576023101807,0.37604284286499023,-0.13728471100330353,0.9992283582687378,0.601780891418457,0.3802522122859955,0.05997096747159958,0.9976564645767212,0.5878795981407166,0.3797808885574341,-0.16244961321353912,0.9987679719924927,0.6213343143463135,0.39236173033714294,-0.05122553929686546,0.9983810782432556,0.6091468334197998,0.3925122320652008,-0.11602622270584106,0.9985072016716003,0.5924792289733887,0.42611566185951233,0.21985496580600739,0.996204674243927,0.5582543015480042,0.41991159319877625,-0.3125881850719452,0.9986897706985474,0.5343282222747803,0.44001686573028564,0.4021757245063782,0.3550412058830261,0.493288516998291,0.42518046498298645,-0.7370321154594421,0.8935427665710449,0.46753767132759094,0.41275689005851746,0.5710917711257935,0.37376320362091064,0.4661451578140259,0.3995276987552643,-1.039671778678894,0.8246922492980957,0.4484475553035736,0.4112558960914612,0.592617928981781,0.34828370809555054,0.44831421971321106,0.3972994089126587,-1.1305629014968872,0.7661451101303101,0.44793882966041565,0.40563181042671204,0.5701229572296143,0.34706127643585205,0.45038577914237976,0.3980295956134796,-1.108315110206604,0.7560979723930359,0.44835415482521057,0.4058266878128052,0.5620747208595276,0.3427583873271942,0.4633312523365021,0.3981620669364929,-1.0399367809295654,0.7175006866455078,0.5952777862548828,0.589600682258606,0.16839583218097687,0.9994091391563416,0.5501874685287476,0.5787944793701172,-0.16848105192184448,0.9995108246803284,0.6150528788566589,0.6860820055007935,0.19674262404441833,0.8776232004165649,0.49371790885925293,0.693021833896637,-0.14789661765098572,0.946441113948822,0.6193687319755554,0.7808595895767212,0.34702569246292114,0.930910587310791,0.3950972259044647,0.7933553457260132,-0.03292182460427284,0.9579592347145081,0.6098354458808899,0.7970858216285706,0.3513651490211487,0.8468437790870667,0.37626174092292786,0.8055301308631897,-0.029915431514382362,0.8712648153305054,0.6985993385314941,0.8077347874641418,0.1906833052635193,0.9237453937530518,0.4125062823295593,0.8249804377555847,-0.22829371690750122,0.9485854506492615
92,0.6174109578132629,0.384029746055603,-0.10184164345264435,0.9993692636489868,0.611289918422699,0.37876081466674805,-0.0763232484459877,0.9991695880889893,0.6118939518928528,0.3790932595729828,-0.07624147832393646,0.9987297654151917,0.6121668815612793,0.37929821014404297,-0.07620304822921753,0.9988904595375061,0.6013102531433105,0.3782340884208679,-0.1308422088623047,0.99928218126297,0.599122166633606,0.3784577548503876,-0.13114263117313385,0.999154806137085,0.5968160629272461,0.37850430607795715,-0.13130882382392883,0.999285876750946,0.5984158515930176,0.3819752633571625,0.06676538288593292,0.9977957010269165,0.5848723649978638,0.3814563453197479,-0.1759856641292572,0.9988691806793213,0.6164947748184204,0.3977159857749939,-0.04337144270539284,0.9984838366508484,0.6041693091392517,0.3980395197868347,-0.11390542984008789,0.9986178278923035,0.5879369974136353,0.42898571491241455,0.24063251912593842,0.9961903095245361,0.5412875413894653,0.4236904978752136,-0.3301464915275574,0.9987810850143433,0.5413290858268738,0.4412456452846527,0.44302067160606384,0.32469674944877625,0.49161291122436523,0.4279155731201172,-0.6951016187667847,0.9026402235031128,0.497189998626709,0.41429510712623596,0.6273602247238159,0.34478822350502014,0.49840956926345825,0.40181589126586914,-0.8729209899902344,0.833669126033783,0.48454922437667847,0.41054099798202515,0.6567577719688416,0.3222552537918091,0.48887407779693604,0.39853715896606445,-0.9447484612464905,0.7760823369026184,0.4868694841861725,0.4096522629261017,0.6350468397140503,0.32112738490104675,0.4998096525669098,0.39784955978393555,-0.9165818691253662,0.7659931182861328,0.4878174960613251,0.4092966616153717,0.6186126470565796,0.3177790939807892,0.5009456872940063,0.403071790933609,-0.8672164678573608,0.7278497815132141,0.5930473804473877,0.5912456512451172,0.17621468007564545,0.9994469285011292,0.550646185874939,0.586462676525116,-0.1762511432170868,0.9995466470718384,0.6144421696662903,0.6877526640892029,0.2127821147441864,0.8733612895011902,0.4947007894515991,0.6932998895645142,-0.19897058606147766,0.950192928314209,0.618837296962738,0.7815325856208801,0.37505513429641724,0.9310251474380493,0.3929469883441925,0.7957704067230225,-0.09164068847894669,0.9611241221427917,0.6082481741905212,0.7975248098373413,0.3816220164299011,0.8495283126831055,0.3739432990550995,0.8042675256729126,-0.08853699266910553,0.8780257701873779,0.697509229183197,0.8075001835823059,0.24091842770576477,0.9242712259292603,0.41356372833251953,0.8278415203094482,-0.27571389079093933,0.9518954157829285
93,0.6249745488166809,0.3921886384487152,-0.10569289326667786,0.999410092830658,0.6134194135665894,0.3836078345775604,-0.08627638965845108,0.999230682849884,0.6123478412628174,0.38353779911994934,-0.08621995151042938,0.9988196492195129,0.6107833981513977,0.38332128524780273,-0.08617845922708511,0.9989660978317261,0.6116457581520081,0.3843020498752594,-0.14960558712482452,0.999340295791626,0.6092920303344727,0.3846457302570343,-0.149837464094162,0.9992265701293945,0.6065173149108887,0.38479864597320557,-0.14992159605026245,0.9993457794189453,0.5915341973304749,0.38844284415245056,0.04265490546822548,0.9979745745658875,0.5818848013877869,0.387506902217865,-0.2397494614124298,0.9989701509475708,0.6214507222175598,0.40194398164749146,-0.04986050724983215,0.9986011981964111,0.6189600825309753,0.40269339084625244,-0.13209043443202972,0.9987253546714783,0.5733236074447632,0.43221330642700195,0.23715868592262268,0.9962366223335266,0.5536217093467712,0.42853882908821106,-0.4127444326877594,0.9988464117050171,0.5482521653175354,0.4472433626651764,0.5302999019622803,0.2946738302707672,0.5420367121696472,0.4316016733646393,-0.8141018152236938,0.911013662815094,0.48571744561195374,0.4135080575942993,0.7912531495094299,0.3151462972164154,0.5117150545120239,0.3979090452194214,-1.0189621448516846,0.8433365821838379,0.45640167593955994,0.41318076848983765,0.8308202624320984,0.295581191778183,0.5009990334510803,0.39380404353141785,-1.0956612825393677,0.7890671491622925,0.45774412155151367,0.4113991856575012,0.8148175477981567,0.29456627368927,0.49737781286239624,0.39587751030921936,-1.0793577432632446,0.7794740200042725,0.4703451991081238,0.4114893078804016,0.7871717214584351,0.292081743478775,0.49810752272605896,0.40135934948921204,-1.0187585353851318,0.7427370548248291,0.5789552927017212,0.5996055603027344,0.1888323426246643,0.9994904398918152,0.5492882132530212,0.5920511484146118,-0.18877677619457245,0.9995810985565186,0.6126035451889038,0.6933529376983643,0.2670285701751709,0.8696012496948242,0.49828508496284485,0.6998966336250305,-0.0752406194806099,0.9531564116477966,0.6199820041656494,0.783987820148468,0.41550543904304504,0.9321126937866211,0.39694106578826904,0.796271026134491,0.084615059196949,0.9640628099441528,0.6138125658035278,0.8017660975456238,0.4205467998981476,0.8556848168373108,0.378577321767807,0.8032165765762329,0.09456390887498856,0.8853476047515869,0.6950005888938904,0.806942343711853,0.2817850410938263,0.9264938831329346,0.4138411283493042,0.8292647004127502,-0.06338583678007126,0.9551466107368469
94,0.6160127520561218,0.39819762110710144,-0.055196959525346756,0.9993717074394226,0.6062687635421753,0.38917970657348633,-0.03455127775669098,0.9991939663887024,0.6055096387863159,0.3889378309249878,-0.03457412123680115,0.9987526535987854,0.6042779684066772,0.38849231600761414,-0.034643545746803284,0.9989309310913086,0.6044166684150696,0.3896614909172058,-0.09873361885547638,0.9993185997009277,0.6023694276809692,0.38968202471733093,-0.09897848963737488,0.9992096424102783,0.592951238155365,0.38913026452064514,-0.099043108522892,0.9993337392807007,0.5851971507072449,0.38961851596832275,0.09107811003923416,0.9979846477508545,0.5725710391998291,0.3907800614833832,-0.1966237723827362,0.9989755749702454,0.6098589897155762,0.4081818163394928,-0.0004056264297105372,0.9984923601150513,0.6078217625617981,0.408473402261734,-0.08421970158815384,0.998600959777832,0.5631817579269409,0.44538116455078125,0.2675967514514923,0.9956043362617493,0.5426504611968994,0.42797181010246277,-0.335016131401062,0.9983648061752319,0.5747560262680054,0.43295779824256897,0.46532800793647766,0.27196747064590454,0.5730189085006714,0.40561309456825256,-0.4446461796760559,0.9142894148826599,0.5109252333641052,0.39935484528541565,0.5562981963157654,0.2912174165248871,0.5435498952865601,0.3703412711620331,-0.27415308356285095,0.8308925032615662,0.4946572780609131,0.39503324031829834,0.5771763920783997,0.27393651008605957,0.5245632529258728,0.3597906529903412,-0.3009449243545532,0.7755432724952698,0.49263960123062134,0.39598172903060913,0.5625580549240112,0.27298346161842346,0.5188331604003906,0.36623522639274597,-0.29601535201072693,0.7655102014541626,0.49409183859825134,0.40125831961631775,0.547529935836792,0.27156689763069153,0.5231493711471558,0.371309369802475,-0.26880010962486267,0.7289169430732727,0.5828133821487427,0.5987455248832703,0.17461153864860535,0.9994097948074341,0.5503931045532227,0.5902427434921265,-0.17449887096881866,0.9994892477989197,0.609164297580719,0.6915413737297058,0.22942668199539185,0.8616403937339783,0.4977690577507019,0.6981764435768127,-0.14163462817668915,0.9560540914535522,0.6190244555473328,0.7823103070259094,0.3466167151927948,0.9289219379425049,0.3945787250995636,0.7959969639778137,-0.008210721425712109,0.9656070470809937,0.611960768699646,0.8012787103652954,0.3516457974910736,0.8542056679725647,0.37868261337280273,0.8035903573036194,-0.0005986741161905229,0.8877355456352234,0.6873849034309387,0.8069641590118408,0.23517639935016632,0.9234722852706909,0.40839868783950806,0.8293074369430542,-0.13966190814971924,0.9556189775466919
95,0.6118714809417725,0.3952694535255432,-0.030422881245613098,0.999330461025238,0.6035535335540771,0.3860744535923004,-0.012326594442129135,0.9991607666015625,0.6026853919029236,0.3858201801776886,-0.01232714019715786,0.9986965656280518,0.6015527844429016,0.38532912731170654,-0.012348560616374016,0.9988849759101868,0.6020845174789429,0.3868004381656647,-0.07709550857543945,0.9993117451667786,0.6003150939941406,0.38695430755615234,-0.07735233008861542,0.9992155432701111,0.5934922099113464,0.38673925399780273,-0.07745415717363358,0.9993352293968201,0.5784473419189453,0.3869451582431793,0.10262422263622284,0.9979860782623291,0.5749698281288147,0.38851913809776306,-0.1865435391664505,0.9990095496177673,0.6095567941665649,0.40475714206695557,0.020966598764061928,0.9984250068664551,0.60743248462677,0.40550926327705383,-0.06324824690818787,0.9985446333885193,0.5615370273590088,0.4430731534957886,0.29844778776168823,0.9952281713485718,0.5438804626464844,0.432256281375885,-0.35830655694007874,0.9983465075492859,0.5522230863571167,0.43014785647392273,0.5583873391151428,0.24703778326511383,0.5672861933708191,0.412992388010025,-0.5125966668128967,0.919686496257782,0.5138380527496338,0.3994125723838806,0.7635757327079773,0.265170693397522,0.5501167178153992,0.3770765960216522,-0.39924129843711853,0.8268544673919678,0.49661916494369507,0.3927741050720215,0.8043035864830017,0.25006619095802307,0.5422669053077698,0.3669028580188751,-0.433602511882782,0.7708393335342407,0.4944457411766052,0.4002423882484436,0.7823295593261719,0.24922752380371094,0.5391262173652649,0.3717084228992462,-0.42176687717437744,0.7604667544364929,0.49641135334968567,0.4002338945865631,0.7544621825218201,0.248578742146492,0.5406292676925659,0.37670257687568665,-0.3918638825416565,0.7237282395362854,0.584822952747345,0.5991693735122681,0.19155168533325195,0.9994087815284729,0.5541800856590271,0.5958083868026733,-0.19144649803638458,0.9994968175888062,0.6097061038017273,0.6906396150588989,0.2655666470527649,0.8493509292602539,0.4966362416744232,0.7011043429374695,-0.12470458447933197,0.9582540392875671,0.6198763251304626,0.7826969027519226,0.39093539118766785,0.9245474934577942,0.3880467712879181,0.797423243522644,-0.013059424236416817,0.9673812985420227,0.6120074391365051,0.8004971146583557,0.39697787165641785,0.853021502494812,0.37486767768859863,0.8043816685676575,-0.0067540365271270275,0.8917093276977539,0.6906840801239014,0.8083919286727905,0.28771495819091797,0.9203328490257263,0.4074926972389221,0.8311665654182434,-0.14782772958278656,0.957064151763916
96,0.6187619566917419,0.3914249539375305,-0.05240391194820404,0.9993304014205933,0.6090078949928284,0.38287681341171265,-0.03497479856014252,0.9991743564605713,0.6076123714447021,0.3826673626899719,-0.03499111905694008,0.9987185001373291,0.6058184504508972,0.3822595775127411,-0.03502622991800308,0.9989058971405029,0.607539176940918,0.383541464805603,-0.10139482468366623,0.9993309378623962,0.6052175164222717,0.38372138142585754,-0.1016286164522171,0.9992462396621704,0.598868191242218,0.383632630109787,-0.10171212255954742,0.9993573427200317,0.582099199295044,0.3847772181034088,0.08218389749526978,0.9980820417404175,0.5783823132514954,0.386191189289093,-0.21471697092056274,0.9990619421005249,0.6153039932250977,0.40133076906204224,0.00014060466492082924,0.998439371585846,0.6131752133369446,0.4017094373703003,-0.08634527772665024,0.9985466599464417,0.5618702173233032,0.44250112771987915,0.2901272773742676,0.995070219039917,0.5441177487373352,0.4288167655467987,-0.3808991312980652,0.998329222202301,0.5655778646469116,0.43671056628227234,0.55570387840271,0.22489741444587708,0.583854615688324,0.409311443567276,-0.521280825138092,0.9238392114639282,0.5016054511070251,0.4039340317249298,0.7566531300544739,0.2418188601732254,0.5429787039756775,0.3760201334953308,-0.3956528604030609,0.8206949830055237,0.4959758520126343,0.40541568398475647,0.798882782459259,0.2285868227481842,0.5307104587554932,0.3647894263267517,-0.42853352427482605,0.7650917172431946,0.494919091463089,0.4054730534553528,0.7798942923545837,0.2278427928686142,0.5264347791671753,0.3696528673171997,-0.41955137252807617,0.7546613216400146,0.4965178966522217,0.40521618723869324,0.7489330768585205,0.2278498113155365,0.5303585529327393,0.3788353502750397,-0.3890067934989929,0.7180491089820862,0.5816746354103088,0.5988395810127258,0.19708247482776642,0.9994144439697266,0.5524771213531494,0.5920588970184326,-0.19695104658603668,0.9995043277740479,0.6097593903541565,0.6904608607292175,0.29260650277137756,0.8356747627258301,0.4977075755596161,0.7020403742790222,-0.12404326349496841,0.9601946473121643,0.6170491576194763,0.7811691164970398,0.4168733060359955,0.9199693202972412,0.38778388500213623,0.7954681515693665,0.0038044280372560024,0.9689951539039612,0.6034290790557861,0.7971937656402588,0.4229445457458496,0.851966381072998,0.37356632947921753,0.8017041087150574,0.012801051139831543,0.8959709405899048,0.6841240525245667,0.8072031736373901,0.3176702857017517,0.9174250960350037,0.40658363699913025,0.8310979604721069,-0.11578015238046646,0.9585089683532715
97,0.6167512536048889,0.3921431601047516,-0.04526759684085846,0.9992585182189941,0.6082932353019714,0.38249924778938293,-0.02578762359917164,0.9990972280502319,0.6038752794265747,0.38189631700515747,-0.025780022144317627,0.9986007809638977,0.6021042466163635,0.38112345337867737,-0.02583712339401245,0.9988228678703308,0.6031041145324707,0.3832934498786926,-0.0878358781337738,0.9992768168449402,0.6008792519569397,0.38334083557128906,-0.08806473761796951,0.9991979002952576,0.5979870557785034,0.3830820620059967,-0.08813928812742233,0.9993126392364502,0.5820332765579224,0.38243451714515686,0.09120780229568481,0.9980103373527527,0.5776764750480652,0.38486385345458984,-0.18618109822273254,0.9990222454071045,0.6136487722396851,0.40162307024002075,0.006390685681253672,0.9982073903083801,0.6075435876846313,0.40229713916778564,-0.07447244226932526,0.9983004927635193,0.5692563652992249,0.44205352663993835,0.27596741914749146,0.9942346811294556,0.5484330058097839,0.42320483922958374,-0.32900452613830566,0.9980106949806213,0.5853101015090942,0.43417856097221375,0.4547785222530365,0.20778173208236694,0.5827950835227966,0.4005637466907501,-0.40479177236557007,0.9244075417518616,0.5178133249282837,0.4010973274707794,0.5333925485610962,0.22376622259616852,0.5332883596420288,0.37317293882369995,-0.22634480893611908,0.8059375286102295,0.5007600784301758,0.3993891179561615,0.5549253225326538,0.21220317482948303,0.5177059173583984,0.3631267249584198,-0.2510572671890259,0.7505109310150146,0.4990030825138092,0.3995884656906128,0.5387108325958252,0.21150682866573334,0.5140650868415833,0.3687562942504883,-0.24752838909626007,0.7399799227714539,0.5103183388710022,0.4030399024486542,0.5234360098838806,0.21220706403255463,0.5192203521728516,0.37950295209884644,-0.2209216207265854,0.7040255069732666,0.5870388150215149,0.5949438214302063,0.18300966918468475,0.9993487000465393,0.5533623695373535,0.5918043255805969,-0.1828995794057846,0.999454140663147,0.6047170162200928,0.6886451244354248,0.24649164080619812,0.8206484317779541,0.5056136250495911,0.6986560821533203,-0.14349475502967834,0.9617009162902832,0.6209120750427246,0.7820857167243958,0.3516543209552765,0.9135890603065491,0.39172524213790894,0.796277642250061,-0.036763641983270645,0.9698079228401184,0.6031683683395386,0.7983843684196472,0.3554452359676361,0.8482362627983093,0.3741203248500824,0.8029424548149109,-0.031431980431079865,0.8977197408676147,0.6841307282447815,0.8074792623519897,0.2452152669429779,0.9122970700263977,0.40366172790527344,0.8323590159416199,-0.1656133234500885,0.9584876298904419
98,0.616041362285614,0.394464373588562,-0.0407857820391655,0.9992492198944092,0.6055441498756409,0.3850429654121399,-0.02229863591492176,0.9990972280502319,0.6043018102645874,0.38484668731689453,-0.02230794169008732,0.9986014366149902,0.6023558974266052,0.3843822181224823,-0.02238078974187374,0.9988300204277039,0.604180634021759,0.38544294238090515,-0.08613055944442749,0.9992795586585999,0.6019430160522461,0.38541048765182495,-0.08634661138057709,0.999207615852356,0.5990817546844482,0.3850705325603485,-0.08639461547136307,0.9993166923522949,0.5823904871940613,0.38883787393569946,0.09701753407716751,0.9980860948562622,0.5697208046913147,0.38580751419067383,-0.18875230848789215,0.9990469217300415,0.609312117099762,0.4037497937679291,0.012228882871568203,0.9981718063354492,0.6074767112731934,0.40370792150497437,-0.07118698209524155,0.9982282519340515,0.5640950798988342,0.4437809884548187,0.29005566239356995,0.9938671588897705,0.5330740213394165,0.4288932681083679,-0.32896682620048523,0.9978083968162537,0.6063811182975769,0.4347025454044342,0.49099215865135193,0.19299350678920746,0.5804822444915771,0.40856269001960754,-0.3950323462486267,0.9242655038833618,0.5539759993553162,0.4096784293651581,0.5896949768066406,0.20763888955116272,0.5260613560676575,0.3759803771972656,-0.20312079787254333,0.7928249835968018,0.5268107056617737,0.3982987105846405,0.6179129481315613,0.19734734296798706,0.506048321723938,0.36539143323898315,-0.2237926870584488,0.7390902042388916,0.5139756798744202,0.40010327100753784,0.6021420955657959,0.19679991900920868,0.5106547474861145,0.376081645488739,-0.22563248872756958,0.7288987040519714,0.5262703895568848,0.40438351035118103,0.5804582238197327,0.19827479124069214,0.513440728187561,0.37690970301628113,-0.19940832257270813,0.6936166882514954,0.5846301317214966,0.5930750370025635,0.18252883851528168,0.9993082284927368,0.5508057475090027,0.5950716733932495,-0.1824030727148056,0.9994208216667175,0.6059525609016418,0.6930664777755737,0.2732665538787842,0.8077839016914368,0.49854159355163574,0.7028966546058655,-0.1201200857758522,0.9631032347679138,0.6179215312004089,0.7814397811889648,0.37701764702796936,0.9084643721580505,0.3907202184200287,0.7961244583129883,-0.009406056255102158,0.9706540703773499,0.610295295715332,0.799605131149292,0.3808051645755768,0.8459557294845581,0.3719361424446106,0.8039311170578003,-0.0030650952830910683,0.9003732204437256,0.6885159015655518,0.8072116374969482,0.27111247181892395,0.9085130095481873,0.4148622751235962,0.8335670232772827,-0.13328468799591064,0.9587588906288147
99,0.6155992746353149,0.3937022387981415,-0.04960871860384941,0.9992715716362,0.6059647798538208,0.38435274362564087,-0.03187064453959465,0.9991318583488464,0.604239821434021,0.3841055929660797,-0.03187544643878937,0.9986544847488403,0.6020920872688293,0.3836793899536133,-0.03192991018295288,0.9988777041435242,0.6050554513931274,0.38487592339515686,-0.09762445092201233,0.9993124008178711,0.5996460914611816,0.3848017454147339,-0.09784950315952301,0.9992479681968689,0.596752941608429,0.3845737874507904,-0.09790700674057007,0.9993491172790527,0.5787449479103088,0.38594290614128113,0.08644615113735199,0.9982032775878906,0.5761501789093018,0.38655057549476624,-0.20854270458221436,0.9991045594215393,0.6112560033798218,0.40413057804107666,0.00332268001511693,0.9982209801673889,0.6098803281784058,0.40415826439857483,-0.08278478682041168,0.9982701539993286,0.5604069828987122,0.44253718852996826,0.2851441204547882,0.9937923550605774,0.5372209548950195,0.43104028701782227,-0.34621718525886536,0.9978017210960388,0.5981472134590149,0.43055498600006104,0.5153269171714783,0.17845024168491364,0.5841919779777527,0.4090805649757385,-0.4031233489513397,0.924626350402832,0.5478283762931824,0.4039497375488281,0.6495335698127747,0.19176405668258667,0.5313596725463867,0.38058456778526306,-0.19287660717964172,0.7781985998153687,0.5213882923126221,0.39584895968437195,0.6841984391212463,0.18268509209156036,0.5136537551879883,0.37082427740097046,-0.2109200358390808,0.7251402735710144,0.5084751844406128,0.4037245512008667,0.667470395565033,0.18226304650306702,0.5055891275405884,0.38313964009284973,-0.21114952862262726,0.7150746583938599,0.5200517177581787,0.40244945883750916,0.6409962177276611,0.18435488641262054,0.5162156224250793,0.3882403075695038,-0.1878431886434555,0.6801877617835999,0.5868958234786987,0.595906674861908,0.18980887532234192,0.9993107914924622,0.548594057559967,0.5945495367050171,-0.18966880440711975,0.9994282126426697,0.6100947856903076,0.6889716982841492,0.2951688766479492,0.7947242259979248,0.4971473515033722,0.7045045495033264,-0.11485975980758667,0.9645075798034668,0.6203914284706116,0.7838952541351318,0.4087066054344177,0.9041557908058167,0.39165475964546204,0.7993803024291992,-0.0023040047381073236,0.9717580676078796,0.6112142205238342,0.8011019229888916,0.41405582427978516,0.8447890281677246,0.3740466833114624,0.8076741099357605,0.004743813071399927,0.9040035605430603,0.6916303634643555,0.8080349564552307,0.3098070025444031,0.9058984518051147,0.40540486574172974,0.8312987089157104,-0.12263435125350952,0.9596759080886841
100,0.6107654571533203,0.39232173562049866,-0.05779676511883736,0.9992722272872925,0.6027494072914124,0.3831727206707001,-0.03403449431061745,0.9991194605827332,0.6020253896713257,0.382929265499115,-0.0340234600007534,0.9986352920532227,0.6009693145751953,0.3824652135372162,-0.03405314311385155,0.9988769292831421,0.5955888628959656,0.3836354911327362,-0.09509552270174026,0.9993123412132263,0.5931575298309326,0.38372287154197693,-0.0953604206442833,0.9992545247077942,0.5901249647140503,0.3834979236125946,-0.09541600197553635,0.9993559718132019,0.5782907605171204,0.38389936089515686,0.09985462576150894,0.998247504234314,0.5705029964447021,0.38522952795028687,-0.1744023710489273,0.9991341233253479,0.6081861257553101,0.40217524766921997,-0.0010655709775164723,0.9981878995895386,0.6005352735519409,0.4023910462856293,-0.08097340166568756,0.9982672333717346,0.582647442817688,0.43528249859809875,0.2861034572124481,0.9938161373138428,0.5283042788505554,0.42512232065200806,-0.3017606735229492,0.9978256821632385,0.6151418089866638,0.4220317304134369,0.4573354125022888,0.1712350994348526,0.5515941381454468,0.3889980614185333,-0.35692131519317627,0.9273180365562439,0.5411209464073181,0.39200279116630554,0.532891571521759,0.18083246052265167,0.5410063862800598,0.3672208786010742,-0.11330822110176086,0.7643037438392639,0.5211282968521118,0.3958258330821991,0.5521247386932373,0.17186006903648376,0.5324400067329407,0.3595912754535675,-0.1290593147277832,0.706567108631134,0.5081587433815002,0.3978235125541687,0.5416600704193115,0.1713365763425827,0.533263623714447,0.3686480224132538,-0.11968880891799927,0.6959072947502136,0.5213363766670227,0.3959806263446808,0.5247688293457031,0.17395824193954468,0.5354946851730347,0.3729586899280548,-0.10443688929080963,0.6621654033660889,0.594437301158905,0.5893404483795166,0.17815975844860077,0.9993041753768921,0.5455800890922546,0.5854687094688416,-0.1781780868768692,0.9994212985038757,0.6098337769508362,0.6905661225318909,0.2211102545261383,0.7865205407142639,0.5027281641960144,0.6989429593086243,-0.1594548225402832,0.9657526612281799,0.6208666563034058,0.7841924428939819,0.3093847930431366,0.9017089605331421,0.3943920433521271,0.798165500164032,-0.07238670438528061,0.9725839495658875,0.6016476154327393,0.7999042272567749,0.31121283769607544,0.8448577523231506,0.3733733296394348,0.8066490888595581,-0.06914946436882019,0.9062903523445129,0.6834314465522766,0.8098079562187195,0.19564396142959595,0.9045516848564148,0.4083700478076935,0.8304290771484375,-0.20885436236858368,0.9603043794631958
101,0.6077926754951477,0.39490261673927307,0.016337549313902855,0.9993113279342651,0.6004736423492432,0.3870333731174469,0.03617012873291969,0.9991612434387207,0.5993341207504272,0.38692858815193176,0.03617966175079346,0.9987016916275024,0.5975842475891113,0.3867214322090149,0.036148834973573685,0.9989384412765503,0.5987461805343628,0.3872685730457306,-0.025767523795366287,0.9993502497673035,0.5867229104042053,0.3825264573097229,-0.0260321032255888,0.9992988109588623,0.5835976600646973,0.3823931813240051,-0.02606937102973461,0.9993945360183716,0.5700329542160034,0.38797956705093384,0.15194126963615417,0.9983640909194946,0.5599880814552307,0.38605743646621704,-0.1258794218301773,0.9991912841796875,0.6046847701072693,0.4006199836730957,0.06658021360635757,0.9982678294181824,0.6029309034347534,0.40063202381134033,-0.014475698582828045,0.9983459115028381,0.563525378704071,0.4356731176376343,0.3327736258506775,0.9940986037254333,0.5320494174957275,0.42695286870002747,-0.2681560516357422,0.9979270100593567,0.5998247265815735,0.43538808822631836,0.5457982420921326,0.1609225571155548,0.5832071304321289,0.39456668496131897,-0.32081469893455505,0.9284868836402893,0.5491241216659546,0.41985657811164856,0.6779330968856812,0.1683124154806137,0.5442763566970825,0.3836871087551117,-0.07496397197246552,0.7503266930580139,0.5130833387374878,0.4105454385280609,0.7139866948127747,0.1600864678621292,0.5292420387268066,0.3766404688358307,-0.08614524453878403,0.6912725567817688,0.5126972794532776,0.40985020995140076,0.6956564784049988,0.15962497889995575,0.5181446075439453,0.38966354727745056,-0.08132121711969376,0.6805285811424255,0.5143926739692688,0.4091986417770386,0.6687852740287781,0.1627221703529358,0.5203304886817932,0.38957345485687256,-0.06796325743198395,0.6482639312744141,0.5810227394104004,0.5931949019432068,0.17773199081420898,0.9993271827697754,0.5462741851806641,0.5885754823684692,-0.1777399480342865,0.9994392395019531,0.6002868413925171,0.6872342228889465,0.22675776481628418,0.7853151559829712,0.5073579549789429,0.6976903080940247,-0.1488119214773178,0.9671702980995178,0.6181225776672363,0.7831434607505798,0.2763139605522156,0.9035972356796265,0.39590322971343994,0.795458972454071,-0.08095713704824448,0.9738931059837341,0.6105120182037354,0.8022615909576416,0.2738092243671417,0.8483362793922424,0.37630695104599,0.8069834113121033,-0.07938610762357712,0.909969687461853,0.691199541091919,0.8089168071746826,0.1504330039024353,0.9069331884384155,0.4106188714504242,0.8305262327194214,-0.21845383942127228,0.9618979096412659
102,0.6116470098495483,0.3968827426433563,0.018771229311823845,0.9993388056755066,0.5998489856719971,0.3887419104576111,0.040098536759614944,0.9991888403892517,0.5993697047233582,0.3884667158126831,0.04015033692121506,0.9987416863441467,0.5982043147087097,0.3880527913570404,0.04013954475522041,0.9989790320396423,0.5972103476524353,0.3892180323600769,-0.020269809290766716,0.9993785619735718,0.5949015021324158,0.3891581892967224,-0.020523764193058014,0.9993316531181335,0.592082679271698,0.38888436555862427,-0.02055213414132595,0.9994236826896667,0.5791784524917603,0.38939234614372253,0.1572512686252594,0.9984535574913025,0.5715987682342529,0.3897862732410431,-0.11412955820560455,0.9992367625236511,0.6031627058982849,0.4061460793018341,0.06944367289543152,0.9982961416244507,0.5990499258041382,0.4025125503540039,-0.009793940000236034,0.998383104801178,0.5656775832176208,0.43551871180534363,0.3232496976852417,0.9942757487297058,0.5323485732078552,0.43059179186820984,-0.24288414418697357,0.9979798793792725,0.6110216975212097,0.42224830389022827,0.48581933975219727,0.15536363422870636,0.5758872628211975,0.4008442163467407,-0.27684736251831055,0.928015410900116,0.5248578190803528,0.3973133862018585,0.5626764297485352,0.15972895920276642,0.5303153395652771,0.3801598846912384,-0.028947792947292328,0.7349169254302979,0.5075333714485168,0.3949819505214691,0.5854529142379761,0.15155354142189026,0.5135933756828308,0.37556663155555725,-0.03919501602649689,0.6750811338424683,0.5060771107673645,0.3955034911632538,0.5778707265853882,0.15101467072963715,0.50996994972229,0.3856348991394043,-0.036624759435653687,0.6642920970916748,0.5085287094116211,0.3996005654335022,0.5558721423149109,0.15460187196731567,0.5123211145401001,0.3859439790248871,-0.022325441241264343,0.6332708597183228,0.5857700705528259,0.5875114798545837,0.1735733598470688,0.9993464350700378,0.5455142259597778,0.588578462600708,-0.17358246445655823,0.999453067779541,0.6075425148010254,0.6884059309959412,0.21253514289855957,0.7840052247047424,0.504253625869751,0.6995617747306824,-0.16081786155700684,0.9684514999389648,0.6180940866470337,0.7816889882087708,0.26712802052497864,0.904608428478241,0.3931037485599518,0.7969370484352112,-0.0916997641324997,0.9750085473060608,0.6085352897644043,0.7992612719535828,0.26554423570632935,0.8515220880508423,0.37450671195983887,0.8033971190452576,-0.08997885137796402,0.9132307767868042,0.6824215054512024,0.8083885908126831,0.1511998474597931,0.9083235859870911,0.40301617980003357,0.8308094143867493,-0.22130292654037476,0.9630897045135498
103,0.6144015789031982,0.39751383662223816,-0.004965882282704115,0.9993393421173096,0.6032938361167908,0.38897401094436646,0.011802321299910545,0.999183177947998,0.6023383140563965,0.3889085054397583,0.011858190409839153,0.9987311959266663,0.6005820035934448,0.3887195587158203,0.011857081204652786,0.998975932598114,0.6016325354576111,0.38917234539985657,-0.04988228902220726,0.9993813037872314,0.5994915962219238,0.3890758156776428,-0.05010969936847687,0.9993395209312439,0.5966470837593079,0.3887978494167328,-0.05015430599451065,0.9994302988052368,0.5809950828552246,0.3907991945743561,0.12099093943834305,0.9984990358352661,0.5755520462989807,0.3898198902606964,-0.15601719915866852,0.9992632269859314,0.6054473519325256,0.4074628949165344,0.044373769313097,0.9982919096946716,0.6037505269050598,0.40710556507110596,-0.03661024942994118,0.998375654220581,0.5610145330429077,0.43778231739997864,0.3072742223739624,0.9942748546600342,0.5338785648345947,0.43077680468559265,-0.28715765476226807,0.9979950189590454,0.6137964129447937,0.4146144986152649,0.48128098249435425,0.14795897901058197,0.5856895446777344,0.40124818682670593,-0.314915269613266,0.9272831678390503,0.5405394434928894,0.39522773027420044,0.5852141976356506,0.14931663870811462,0.5338664054870605,0.3817911446094513,-0.06393542140722275,0.7181882858276367,0.5200283527374268,0.3938707411289215,0.612271249294281,0.1413254737854004,0.5135170221328735,0.3738984167575836,-0.07701972872018814,0.6590253710746765,0.5155230760574341,0.4002054035663605,0.6049793362617493,0.14087969064712524,0.5040208697319031,0.3873175084590912,-0.07923832535743713,0.6487720608711243,0.5182344317436218,0.40013042092323303,0.5780879855155945,0.14494475722312927,0.5156713724136353,0.3916179835796356,-0.05954420939087868,0.6190153360366821,0.583119809627533,0.5931274890899658,0.17849472165107727,0.9993521571159363,0.5461868047714233,0.5931386351585388,-0.17841389775276184,0.9994614124298096,0.6030205488204956,0.6903010010719299,0.2505642771720886,0.7778136730194092,0.5001007914543152,0.6996451616287231,-0.13069505989551544,0.9689755439758301,0.6158403754234314,0.7796976566314697,0.316869854927063,0.9032751321792603,0.3938189744949341,0.7951008677482605,-0.05618448927998543,0.9756636023521423,0.6069579720497131,0.7969406247138977,0.3164570927619934,0.8521307706832886,0.3778461217880249,0.8028554320335388,-0.05422264337539673,0.9152703881263733,0.6886560320854187,0.8074486255645752,0.2020094096660614,0.9080073237419128,0.4119119942188263,0.8331155776977539,-0.18952594697475433,0.9635837078094482
104,0.6130605936050415,0.39799439907073975,-0.0041288654319942,0.9993597865104675,0.6006463766098022,0.38883405923843384,0.014186807908117771,0.9992074966430664,0.5997316241264343,0.38866740465164185,0.014231553301215172,0.9987673759460449,0.5981645584106445,0.3884502947330475,0.014222824014723301,0.9990094304084778,0.5992337465286255,0.3893203139305115,-0.04838617518544197,0.9994049668312073,0.5972943902015686,0.3893447518348694,-0.04862021654844284,0.999367356300354,0.5947832465171814,0.3892206847667694,-0.04865363612771034,0.9994535446166992,0.5781928896903992,0.39020830392837524,0.126795694231987,0.9985734820365906,0.5644106268882751,0.3899213373661041,-0.15399357676506042,0.9993007183074951,0.6024452447891235,0.4080648422241211,0.04574385657906532,0.9983345866203308,0.5998433828353882,0.40431270003318787,-0.03623482212424278,0.9984204769134521,0.5596355199813843,0.43762388825416565,0.31369996070861816,0.994349479675293,0.534771740436554,0.4310857951641083,-0.2934545874595642,0.9980665445327759,0.6045501828193665,0.4284026026725769,0.5172470211982727,0.13995258510112762,0.5784315466880798,0.4017238914966583,-0.34417712688446045,0.9290958642959595,0.5434790849685669,0.39741453528404236,0.6355365514755249,0.14076150953769684,0.5432142019271851,0.37890681624412537,-0.11010707914829254,0.7136223316192627,0.5398740172386169,0.39229848980903625,0.6685870289802551,0.13339769840240479,0.5314503312110901,0.37423795461654663,-0.12281334400177002,0.6532773971557617,0.5200809836387634,0.40221908688545227,0.6524752378463745,0.13301116228103638,0.5141727924346924,0.3866623342037201,-0.11940498650074005,0.6427100896835327,0.5405830144882202,0.40045738220214844,0.6266511082649231,0.13747373223304749,0.5289011597633362,0.38491564989089966,-0.10357362776994705,0.613178014755249,0.5786205530166626,0.5942897200584412,0.1819056123495102,0.9993554353713989,0.5454999208450317,0.5910382866859436,-0.1818825751543045,0.999470055103302,0.6079822778701782,0.6871877908706665,0.23757866024971008,0.7706053256988525,0.5030382871627808,0.6998782753944397,-0.14973899722099304,0.9698830842971802,0.6182376146316528,0.7802419066429138,0.29463061690330505,0.9020192623138428,0.39073967933654785,0.7977501749992371,-0.09228231757879257,0.9764490127563477,0.6102678179740906,0.7986230850219727,0.2934297025203705,0.8529965281486511,0.3744201064109802,0.8094082474708557,-0.09177786111831665,0.9180480241775513,0.6906091570854187,0.8069120645523071,0.18226148188114166,0.9073876142501831,0.4099523723125458,0.8318584561347961,-0.22588461637496948,0.9642632603645325
105,0.6097184419631958,0.3909142315387726,0.01264331303536892,0.9993590116500854,0.5957838296890259,0.3817079961299896,0.029572146013379097,0.9992043375968933,0.5951765179634094,0.38170602917671204,0.029588274657726288,0.9987682700157166,0.5938611626625061,0.38153180480003357,0.029556771740317345,0.9990115165710449,0.5937433838844299,0.3820934593677521,-0.029847504571080208,0.9994088411331177,0.5918001532554626,0.3822478950023651,-0.0300886407494545,0.9993770718574524,0.5893712043762207,0.38216084241867065,-0.030147194862365723,0.9994606971740723,0.5768999457359314,0.38771697878837585,0.13503533601760864,0.9986090660095215,0.5709071755409241,0.3843609392642975,-0.131251260638237,0.9993225336074829,0.5995615720748901,0.40113890171051025,0.05980433151125908,0.9983130097389221,0.5970475673675537,0.4010327458381653,-0.017985649406909943,0.9984054565429688,0.5618768930435181,0.44376638531684875,0.3123318552970886,0.994281530380249,0.536760687828064,0.42971211671829224,-0.2676132023334503,0.9980475902557373,0.6021429896354675,0.4296257793903351,0.5186457633972168,0.13205868005752563,0.5836143493652344,0.40613943338394165,-0.29077062010765076,0.926712691783905,0.5390220284461975,0.39743906259536743,0.6620000600814819,0.13168589770793915,0.5412843823432922,0.3794272541999817,-0.029553689062595367,0.6977975964546204,0.51973956823349,0.39454004168510437,0.6986698508262634,0.12493444234132767,0.5288887023925781,0.37431687116622925,-0.036068134009838104,0.638824999332428,0.5181257128715515,0.39506351947784424,0.6848734021186829,0.12459129095077515,0.514599084854126,0.37819406390190125,-0.0360986664891243,0.6282293796539307,0.5201489925384521,0.40051013231277466,0.6548053622245789,0.12934957444667816,0.5145919322967529,0.3862883150577545,-0.02336958236992359,0.5992723703384399,0.5802753567695618,0.5911610126495361,0.17143389582633972,0.99934321641922,0.542820155620575,0.5866506695747375,-0.17145219445228577,0.9994552731513977,0.6063479781150818,0.6885515451431274,0.2268775999546051,0.767261266708374,0.5057806968688965,0.6958662271499634,-0.13885419070720673,0.9701534509658813,0.6193902492523193,0.7813689708709717,0.27185145020484924,0.9024370312690735,0.39323511719703674,0.7973257899284363,-0.07560324668884277,0.9767243266105652,0.6135793328285217,0.7984040975570679,0.2699071168899536,0.8537974953651428,0.37578248977661133,0.8044954538345337,-0.07396917045116425,0.9186709523200989,0.6881908774375916,0.8068115711212158,0.15107373893260956,0.9073498249053955,0.4086141586303711,0.8295562863349915,-0.20869840681552887,0.9641886949539185
106,0.6103181838989258,0.39494529366493225,-0.010266846977174282,0.9993842244148254,0.5993564128875732,0.38892239332199097,0.009011371992528439,0.9992378354072571,0.5986027121543884,0.3885268568992615,0.009039634838700294,0.9988192915916443,0.5972486138343811,0.3880781829357147,0.009012648835778236,0.9990544319152832,0.5955575704574585,0.3856385052204132,-0.05302666872739792,0.9994341731071472,0.5934540629386902,0.3856807053089142,-0.05323738977313042,0.9994044899940491,0.5908955931663513,0.38548094034194946,-0.05328231677412987,0.9994837641716003,0.5774847865104675,0.3896365761756897,0.12379732728004456,0.9986857175827026,0.5626236200332642,0.3901670277118683,-0.15389560163021088,0.9993576407432556,0.6003046035766602,0.40494462847709656,0.040379974991083145,0.998363733291626,0.5980891585350037,0.40495890378952026,-0.04077022522687912,0.9984488487243652,0.5588468909263611,0.4457601010799408,0.3050740957260132,0.9943409562110901,0.5329737663269043,0.4316464960575104,-0.28975772857666016,0.998025119304657,0.6100441217422485,0.4330905079841614,0.4594811499118805,0.12752433121204376,0.5876970887184143,0.4092181324958801,-0.31069687008857727,0.9256855249404907,0.5277500748634338,0.39823800325393677,0.5181240439414978,0.12599273025989532,0.5385392308235168,0.3820861577987671,-0.041897084563970566,0.6893230080604553,0.5118219256401062,0.3959985375404358,0.5422031283378601,0.1194588765501976,0.5196560025215149,0.37391671538352966,-0.050984159111976624,0.6307811737060547,0.5085132718086243,0.4018063545227051,0.5325720906257629,0.11911027878522873,0.5148437023162842,0.3851853311061859,-0.05024975538253784,0.6199643015861511,0.5107499957084656,0.40148600935935974,0.5103065967559814,0.12421020120382309,0.5169216394424438,0.38557690382003784,-0.034876614809036255,0.5911261439323425,0.5806955695152283,0.5934825539588928,0.17798137664794922,0.9993518590927124,0.5420165061950684,0.5898982286453247,-0.1779007464647293,0.9994558691978455,0.6073949933052063,0.6890836954116821,0.23390313982963562,0.7665756344795227,0.5042816996574402,0.6966671347618103,-0.15306900441646576,0.9711935520172119,0.6184091567993164,0.7821753025054932,0.2934741973876953,0.9031608700752258,0.3931836783885956,0.7962095141410828,-0.07370886206626892,0.9773635864257812,0.6119614243507385,0.7996231317520142,0.29267266392707825,0.8552141785621643,0.37380969524383545,0.8044630885124207,-0.07102864235639572,0.9203584790229797,0.6950454711914062,0.807159960269928,0.17898279428482056,0.9077536463737488,0.40884125232696533,0.8305745720863342,-0.2009485512971878,0.9646238684654236
107,0.611070454120636,0.3949812054634094,-0.01125074177980423,0.9994331002235413,0.6021916270256042,0.38428372144699097,0.003924235701560974,0.9992972612380981,0.5959325432777405,0.3835543692111969,0.003963806666433811,0.9989093542098999,0.593895435333252,0.3830810785293579,0.003990713972598314,0.9991263747215271,0.6010310649871826,0.3850387632846832,-0.06026526540517807,0.9994797110557556,0.5934215784072876,0.38460174202919006,-0.060481954365968704,0.9994528293609619,0.5906665325164795,0.38436359167099,-0.060501791536808014,0.999525249004364,0.5751643180847168,0.3886926770210266,0.10777446627616882,0.998793363571167,0.5719740390777588,0.38569822907447815,-0.17925909161567688,0.9994110465049744,0.6062731742858887,0.40493348240852356,0.03602517023682594,0.9985002279281616,0.6053444147109985,0.40522846579551697,-0.04774944484233856,0.9985789060592651,0.5521829128265381,0.4422374665737152,0.301800012588501,0.994739294052124,0.5426358580589294,0.43106815218925476,-0.3355183005332947,0.9981778264045715,0.5884771943092346,0.43196454644203186,0.5700640082359314,0.12049482762813568,0.5794544219970703,0.4112178683280945,-0.47967174649238586,0.9309128522872925,0.5394799113273621,0.39799174666404724,0.7718225121498108,0.12040788680315018,0.5480573773384094,0.3852602541446686,-0.3529471158981323,0.7050310373306274,0.5206901431083679,0.39674603939056396,0.8159357905387878,0.11440248787403107,0.5340887308120728,0.3764008581638336,-0.38188493251800537,0.6462964415550232,0.5185989737510681,0.3975417912006378,0.7990171313285828,0.11405764520168304,0.5273763537406921,0.38643667101860046,-0.37540915608406067,0.6353560090065002,0.5209494233131409,0.3969527781009674,0.7655664086341858,0.11955143511295319,0.529234766960144,0.38646790385246277,-0.348194420337677,0.606271505355835,0.5731353163719177,0.5951092839241028,0.1861845701932907,0.9993906617164612,0.5441123843193054,0.5918893814086914,-0.1861003190279007,0.9994892477989197,0.6047292351722717,0.6874555945396423,0.27563196420669556,0.768323540687561,0.495894193649292,0.6999301314353943,-0.13453003764152527,0.9724559783935547,0.6208593845367432,0.7819784283638,0.3621096909046173,0.9052577018737793,0.3934231400489807,0.7953978180885315,-0.042571090161800385,0.9784923195838928,0.6095637679100037,0.798326313495636,0.3636029064655304,0.8588870167732239,0.3753072917461395,0.8078147172927856,-0.03789921849966049,0.9237110614776611,0.6926832795143127,0.8054845929145813,0.2526305317878723,0.9098833799362183,0.40856853127479553,0.8300364017486572,-0.1712528020143509,0.966070294380188
108,0.6100446581840515,0.39671391248703003,-0.0006647341069765389,0.9994651675224304,0.5972616672515869,0.38593539595603943,0.01348950993269682,0.9993401169776917,0.595615565776825,0.3855333626270294,0.013503807596862316,0.9989770650863647,0.5934498906135559,0.3850122392177582,0.01349649392068386,0.999177098274231,0.5964121222496033,0.3866533041000366,-0.05331474170088768,0.9995119571685791,0.5942943692207336,0.3866144120693207,-0.0535314604640007,0.9994880557060242,0.5917808413505554,0.38635143637657166,-0.053565092384815216,0.9995535016059875,0.5670005083084106,0.386520117521286,0.11643344163894653,0.9988680481910706,0.5656654834747314,0.3869141638278961,-0.1810988038778305,0.9994466304779053,0.599940299987793,0.40561962127685547,0.047103747725486755,0.9985991716384888,0.5995283722877502,0.4058186411857605,-0.039672791957855225,0.998663067817688,0.5438539385795593,0.44407331943511963,0.324186235666275,0.9950699210166931,0.5392093062400818,0.43307653069496155,-0.35715681314468384,0.9982948899269104,0.5840813517570496,0.4523637592792511,0.6169864535331726,0.11126212775707245,0.6068141460418701,0.4327603280544281,-0.491025447845459,0.9336820244789124,0.5659154057502747,0.4261188209056854,0.8309956789016724,0.1129218116402626,0.5807732939720154,0.39837846159935,-0.36939698457717896,0.7166548371315002,0.5579153895378113,0.4212331771850586,0.8830831050872803,0.10813803970813751,0.5707215070724487,0.3887747824192047,-0.39832359552383423,0.660895824432373,0.5358136296272278,0.41402024030685425,0.857469916343689,0.10789291560649872,0.5625842213630676,0.39180535078048706,-0.39566725492477417,0.6500174403190613,0.5385535955429077,0.41343215107917786,0.8224080801010132,0.11356115341186523,0.5650901794433594,0.3964589238166809,-0.3644683361053467,0.6193568706512451,0.5679396986961365,0.5968800783157349,0.1950875073671341,0.999424934387207,0.5426878929138184,0.5978549122810364,-0.19497598707675934,0.9995190501213074,0.6052889227867126,0.691067636013031,0.30882883071899414,0.769202709197998,0.4929441213607788,0.7025547623634338,-0.1263301968574524,0.9732882380485535,0.6244641542434692,0.7858880758285522,0.3909875154495239,0.9077916145324707,0.39472246170043945,0.7986668348312378,-0.03130904957652092,0.9793890714645386,0.6189765930175781,0.8000279664993286,0.39173999428749084,0.8626410961151123,0.37586677074432373,0.8119185566902161,-0.026071250438690186,0.9265536665916443,0.7028650641441345,0.808837890625,0.2761445641517639,0.9119921326637268,0.40875354409217834,0.8313968181610107,-0.1612769514322281,0.9672402739524841
109,0.607844889163971,0.3982234597206116,-0.034526847302913666,0.9994898438453674,0.5999213457107544,0.38796180486679077,-0.01673649065196514,0.9993740320205688,0.5982381701469421,0.3874722421169281,-0.016721142455935478,0.999028205871582,0.591093897819519,0.38643878698349,-0.016751963645219803,0.9992204904556274,0.5994560718536377,0.3887537717819214,-0.08246174454689026,0.999537467956543,0.5912732481956482,0.38817843794822693,-0.08267378807067871,0.9995149970054626,0.5889911651611328,0.3880046308040619,-0.08270055055618286,0.9995759129524231,0.5737646818161011,0.39227622747421265,0.09939587861299515,0.998936116695404,0.568684995174408,0.3895583748817444,-0.1951264590024948,0.9994765520095825,0.6035565137863159,0.40848860144615173,0.0174668338149786,0.9986593723297119,0.6030014157295227,0.4085932970046997,-0.06851178407669067,0.9987090229988098,0.5531421303749084,0.4406347870826721,0.29399359226226807,0.9951840043067932,0.538079559803009,0.4325477182865143,-0.3350334167480469,0.9982908368110657,0.6028343439102173,0.4325868785381317,0.4986816346645355,0.10725625604391098,0.6012680530548096,0.4141847491264343,-0.38696569204330444,0.9336794018745422,0.5650830864906311,0.4009963274002075,0.5928859114646912,0.10913019627332687,0.5568654537200928,0.3781983554363251,-0.1636834293603897,0.7142649292945862,0.5527786016464233,0.393778532743454,0.6221330761909485,0.10482683032751083,0.540119469165802,0.3664719760417938,-0.1823178231716156,0.6592209935188293,0.5314750671386719,0.3942094147205353,0.6049719452857971,0.10472188889980316,0.5288242101669312,0.37916654348373413,-0.18222223222255707,0.6483706831932068,0.5537801384925842,0.3992059528827667,0.5830413699150085,0.1107848510146141,0.5311208367347717,0.3795526921749115,-0.15837150812149048,0.6171076893806458,0.5761669874191284,0.5990703105926514,0.18539655208587646,0.9994352459907532,0.5413759350776672,0.5951111912727356,-0.18522249162197113,0.9995227456092834,0.600580096244812,0.6911157369613647,0.28612086176872253,0.7665203809738159,0.497032105922699,0.7027760744094849,-0.11952453851699829,0.9738057851791382,0.6199803352355957,0.7853432297706604,0.3710559904575348,0.9071936011314392,0.3892241418361664,0.7978119254112244,-0.007581016048789024,0.9796250462532043,0.608709990978241,0.8010107278823853,0.3728976547718048,0.8626305460929871,0.3702351748943329,0.8047703504562378,-0.0010489193955436349,0.9276100397109985,0.6875920295715332,0.8086768388748169,0.26494836807250977,0.9115127921104431,0.4042294919490814,0.8329514861106873,-0.12320689111948013,0.9672774076461792
110,0.6074462532997131,0.3965325355529785,-0.018319204449653625,0.9995022416114807,0.5935530066490173,0.38519158959388733,-0.0023202074225991964,0.9993972182273865,0.5924110412597656,0.38477402925491333,-0.00233036489225924,0.9990664124488831,0.5906301140785217,0.38432979583740234,-0.0023760709445923567,0.9992498755455017,0.5901455879211426,0.38219040632247925,-0.06768976897001266,0.9995516538619995,0.5878921747207642,0.3821643590927124,-0.0678965225815773,0.9995298981666565,0.5851219296455383,0.3819293975830078,-0.06793160736560822,0.9995859861373901,0.570885419845581,0.38707685470581055,0.10713625699281693,0.9989827871322632,0.5660503506660461,0.38685837388038635,-0.18350684642791748,0.999492347240448,0.6028863787651062,0.4062434434890747,0.03189127519726753,0.9987045526504517,0.5953969359397888,0.40276044607162476,-0.052928149700164795,0.9987326860427856,0.5550472140312195,0.4353633224964142,0.30930715799331665,0.995434045791626,0.5375553369522095,0.42843592166900635,-0.3432694375514984,0.9983298778533936,0.6001893281936646,0.45203036069869995,0.5079876184463501,0.10178267955780029,0.6078981161117554,0.4271480143070221,-0.39455878734588623,0.9332493543624878,0.5642700791358948,0.4251713454723358,0.6030670404434204,0.10475780069828033,0.5698317289352417,0.3889760375022888,-0.17253896594047546,0.7157465815544128,0.533331036567688,0.41149666905403137,0.6374057531356812,0.1011836975812912,0.5569262504577637,0.37720221281051636,-0.18748338520526886,0.6630495190620422,0.5327050089836121,0.4117649495601654,0.620188295841217,0.1011306643486023,0.53952956199646,0.38002830743789673,-0.18631766736507416,0.6520299315452576,0.5538656711578369,0.42164671421051025,0.5941898822784424,0.10733003169298172,0.5497403144836426,0.3863936960697174,-0.16484789550304413,0.6189883351325989,0.5778661370277405,0.5931328535079956,0.18714198470115662,0.999459981918335,0.538604199886322,0.5954044461250305,-0.18704064190387726,0.9995369911193848,0.6026484370231628,0.6898549199104309,0.2878433167934418,0.7690359354019165,0.497769832611084,0.7018846869468689,-0.12357241660356522,0.9744435548782349,0.6228373646736145,0.7854248881340027,0.36626914143562317,0.9093207716941833,0.3904748558998108,0.7967778444290161,-0.017527831718325615,0.9799438714981079,0.6163349151611328,0.8018327355384827,0.3674090802669525,0.8656232357025146,0.37125158309936523,0.8040933012962341,-0.011400653049349785,0.9285768270492554,0.694501519203186,0.8094301819801331,0.2573544979095459,0.9128872156143188,0.4049091339111328,0.8305175304412842,-0.13856175541877747,0.9673936367034912
111,0.6050336360931396,0.3979085385799408,-0.03445274382829666,0.9995096921920776,0.5993420481681824,0.388259619474411,-0.015278051607310772,0.9994062185287476,0.5939559936523438,0.38763970136642456,-0.015252028591930866,0.9990788102149963,0.5925019979476929,0.3873809576034546,-0.01526148896664381,0.9992638230323792,0.592838704586029,0.3878507912158966,-0.07770972698926926,0.9995585083961487,0.5907317996025085,0.38753384351730347,-0.07793957740068436,0.9995375275611877,0.588062047958374,0.38709795475006104,-0.07799015939235687,0.9995937943458557,0.5751096606254578,0.3935854136943817,0.10617589950561523,0.999008297920227,0.5675809383392334,0.3887545168399811,-0.1734246015548706,0.9995073080062866,0.5950527787208557,0.4079318940639496,0.01900615729391575,0.9987343549728394,0.5933120250701904,0.40719911456108093,-0.06258206814527512,0.9987630844116211,0.5568499565124512,0.44184836745262146,0.2925865948200226,0.9956461191177368,0.5291770696640015,0.4283275604248047,-0.3001854717731476,0.9983535408973694,0.6173635721206665,0.4384115934371948,0.48291173577308655,0.1032901331782341,0.5839661955833435,0.4175677001476288,-0.34772220253944397,0.9329396486282349,0.5727435946464539,0.4081691801548004,0.573738157749176,0.10403674095869064,0.5461954474449158,0.3860737681388855,-0.09851041436195374,0.7091739177703857,0.5593715310096741,0.40162456035614014,0.6006790399551392,0.09979556500911713,0.5328449010848999,0.3775103688240051,-0.10998180508613586,0.6546345949172974,0.5376805067062378,0.3980746269226074,0.588428795337677,0.09979133307933807,0.5194233059883118,0.3828905522823334,-0.10980969667434692,0.6434581279754639,0.5593103766441345,0.40608590841293335,0.5655224919319153,0.10646633058786392,0.5293124914169312,0.3895770311355591,-0.09283404797315598,0.6105057001113892,0.5736168026924133,0.5981459021568298,0.16996406018733978,0.9994703531265259,0.5416781306266785,0.5924760699272156,-0.1698981374502182,0.9995343089103699,0.6046104431152344,0.6932315230369568,0.24744799733161926,0.769619882106781,0.49323639273643494,0.7015833258628845,-0.11923336237668991,0.9742439389228821,0.6223598718643188,0.7827595472335815,0.32202816009521484,0.909716784954071,0.3933274745941162,0.798801064491272,-0.02523510344326496,0.9796355962753296,0.6158964037895203,0.7998456954956055,0.3220982849597931,0.8662300705909729,0.3745061755180359,0.8067618012428284,-0.021954650059342384,0.9274518489837646,0.6941136717796326,0.8096951842308044,0.2005523294210434,0.9133601784706116,0.4070006310939789,0.8299909830093384,-0.16171146929264069,0.9668392539024353
112,0.6048848032951355,0.3965919315814972,-0.03987898677587509,0.9995245933532715,0.5979803204536438,0.38588279485702515,-0.02005488984286785,0.9994295239448547,0.5936908721923828,0.3853180706501007,-0.020037153735756874,0.9991155862808228,0.5921869277954102,0.385015070438385,-0.020051926374435425,0.9992934465408325,0.5909138917922974,0.3827391564846039,-0.08491947501897812,0.9995743036270142,0.5884101390838623,0.38261252641677856,-0.08513525873422623,0.9995543360710144,0.5854387879371643,0.3822573721408844,-0.08516930043697357,0.9996070265769958,0.5732519030570984,0.38779398798942566,0.10463786870241165,0.9990555047988892,0.5606061816215515,0.3863430321216583,-0.18475539982318878,0.9995280504226685,0.5951994061470032,0.40684324502944946,0.01529541052877903,0.9987781643867493,0.5922437310218811,0.40342602133750916,-0.06919725239276886,0.9987965822219849,0.5567188858985901,0.43586868047714233,0.30893343687057495,0.9958724975585938,0.5261922478675842,0.4297142028808594,-0.3274272382259369,0.9984038472175598,0.6257672309875488,0.44188547134399414,0.49563655257225037,0.1021135225892067,0.587931215763092,0.41894498467445374,-0.37043315172195435,0.9328172206878662,0.5795889496803284,0.413719117641449,0.5754408836364746,0.10224630683660507,0.5536112189292908,0.38033416867256165,-0.1300823986530304,0.7073933482170105,0.5654726028442383,0.4079112410545349,0.6050511598587036,0.09773258864879608,0.5411643385887146,0.36785775423049927,-0.1436809003353119,0.6531200408935547,0.5405086874961853,0.4064704179763794,0.5932530164718628,0.09773990511894226,0.5316506028175354,0.3728433847427368,-0.1411018669605255,0.6418184041976929,0.556617021560669,0.40565505623817444,0.5676780939102173,0.10461878031492233,0.5343979001045227,0.3820514380931854,-0.1220967024564743,0.6076917052268982,0.5781412124633789,0.5925500392913818,0.18559585511684418,0.9994902610778809,0.5368464589118958,0.5936158299446106,-0.18549714982509613,0.9995461106300354,0.6013100743293762,0.6894791722297668,0.28399935364723206,0.7678239345550537,0.49717170000076294,0.7011083364486694,-0.1235157698392868,0.9744030237197876,0.6190313696861267,0.7833861112594604,0.36520877480506897,0.9100198149681091,0.38952159881591797,0.7960731387138367,-0.024709763005375862,0.9796572923660278,0.6118362545967102,0.8002040982246399,0.36601927876472473,0.8677322864532471,0.3706529438495636,0.802723228931427,-0.01983422413468361,0.9279288649559021,0.6928592920303345,0.8092137575149536,0.25087133049964905,0.9137243628501892,0.4054180979728699,0.8294885754585266,-0.15146802365779877,0.966810941696167
113,0.6037260890007019,0.39789149165153503,-0.028897950425744057,0.9995146989822388,0.5964707732200623,0.3875504434108734,-0.01168251596391201,0.999427080154419,0.595069169998169,0.3872993588447571,-0.011709802784025669,0.9991136789321899,0.5933448672294617,0.38697341084480286,-0.011770344339311123,0.9992918372154236,0.5951959490776062,0.3876223862171173,-0.07433627545833588,0.9995683431625366,0.5886859893798828,0.38700151443481445,-0.07454245537519455,0.9995477199554443,0.5861783623695374,0.38656240701675415,-0.074589803814888,0.9995991587638855,0.5711034536361694,0.38896089792251587,0.10393180698156357,0.9990598559379578,0.5666779279708862,0.3879743218421936,-0.17587579786777496,0.9995244145393372,0.5991772413253784,0.4076651930809021,0.023135917261242867,0.998780369758606,0.5931078195571899,0.40694648027420044,-0.0585477389395237,0.9987759590148926,0.5530839562416077,0.44187700748443604,0.29558423161506653,0.9960117340087891,0.5369954705238342,0.42822879552841187,-0.32323259115219116,0.9983946681022644,0.6102123260498047,0.4526357352733612,0.4897903501987457,0.09893470257520676,0.604826033115387,0.42224588990211487,-0.36723238229751587,0.9325278997421265,0.5763838887214661,0.43003758788108826,0.588370680809021,0.09913977980613708,0.5726389288902283,0.3809429705142975,-0.11608167737722397,0.7068373560905457,0.566227376461029,0.4259988069534302,0.6211794018745422,0.09501449763774872,0.5619443655014038,0.367951899766922,-0.12776103615760803,0.652681291103363,0.5632134079933167,0.4257742762565613,0.6027631163597107,0.09512098878622055,0.5486155152320862,0.3728998601436615,-0.12523837387561798,0.6411157846450806,0.5662866234779358,0.4271507263183594,0.5789303183555603,0.10224201530218124,0.5518651604652405,0.3788013756275177,-0.10796573013067245,0.6058405041694641,0.574155330657959,0.5957531332969666,0.1721659004688263,0.9994820356369019,0.5398944020271301,0.5919174551963806,-0.17204976081848145,0.9995209574699402,0.6032174229621887,0.69020015001297,0.24898116290569305,0.7713772058486938,0.4910159707069397,0.7041302919387817,-0.09681712090969086,0.9745364785194397,0.6182761788368225,0.784511923789978,0.33611831068992615,0.9115031361579895,0.3926008641719818,0.7990236878395081,0.020890630781650543,0.9795243740081787,0.6125413179397583,0.7992793917655945,0.33796918392181396,0.8688181638717651,0.37563079595565796,0.8071187734603882,0.027263250201940536,0.9269589781761169,0.6948885321617126,0.8078784942626953,0.21540263295173645,0.9145069122314453,0.4076673984527588,0.8279213309288025,-0.11093832552433014,0.9664129614830017
114,0.6042333245277405,0.3926747739315033,-0.024844687432050705,0.9995071887969971,0.5945128202438354,0.3855060338973999,-0.008374324068427086,0.9994215369224548,0.5932546257972717,0.3852425217628479,-0.008371464908123016,0.999106764793396,0.5913929343223572,0.3849630355834961,-0.008413569070398808,0.9992870092391968,0.5921139717102051,0.38229435682296753,-0.07256947457790375,0.9995622634887695,0.5901241898536682,0.38215330243110657,-0.07278457283973694,0.9995427131652832,0.5875876545906067,0.3817582428455353,-0.07282112538814545,0.999592661857605,0.5716844797134399,0.38760656118392944,0.10489442199468613,0.9990630149841309,0.5684078931808472,0.38627201318740845,-0.18214008212089539,0.9995181560516357,0.5938296914100647,0.4032738506793976,0.026477105915546417,0.998768150806427,0.5933901071548462,0.4029688835144043,-0.057293184101581573,0.9987431168556213,0.5518081188201904,0.436900794506073,0.30272483825683594,0.9960983991622925,0.5413867235183716,0.4275623559951782,-0.3269062936306,0.998407244682312,0.614295244216919,0.4479326009750366,0.5198594927787781,0.09583160281181335,0.6101560592651367,0.41457244753837585,-0.3821118175983429,0.9319336414337158,0.575415849685669,0.42737531661987305,0.6376516222953796,0.09611588716506958,0.5583550333976746,0.38403892517089844,-0.16536012291908264,0.7052932381629944,0.5627523064613342,0.424233078956604,0.6726753115653992,0.09225228428840637,0.5436213612556458,0.37311166524887085,-0.18284086883068085,0.6518536806106567,0.5589635968208313,0.42396366596221924,0.6545746326446533,0.09241310507059097,0.5372962355613708,0.38146260380744934,-0.18318332731723785,0.6403589844703674,0.5638274550437927,0.4252007305622101,0.6287831664085388,0.09962227940559387,0.5392870306968689,0.381619393825531,-0.16019496321678162,0.604442834854126,0.5659030079841614,0.5970973968505859,0.18160103261470795,0.9994801878929138,0.5415179133415222,0.5918356776237488,-0.18146885931491852,0.9995163083076477,0.6010898947715759,0.6879419088363647,0.28154104948043823,0.7682832479476929,0.4901725947856903,0.7006595730781555,-0.11828049272298813,0.9744389653205872,0.6243002414703369,0.7836472988128662,0.35308098793029785,0.9115228056907654,0.3936377167701721,0.7981598973274231,-0.016817869618535042,0.9794581532478333,0.6189500093460083,0.8007634282112122,0.3525676727294922,0.8693238496780396,0.3746492862701416,0.8066483736038208,-0.011795524507761002,0.9275223016738892,0.7005563974380493,0.8073832392692566,0.232367604970932,0.9143742322921753,0.40948188304901123,0.8274678587913513,-0.14444640278816223,0.9662104249000549
115,0.604897141456604,0.3919461965560913,-0.03283509984612465,0.9995291233062744,0.5980753302574158,0.38214486837387085,-0.01301942951977253,0.9994449019432068,0.5936009883880615,0.3819158971309662,-0.013031180016696453,0.9991444945335388,0.5917802453041077,0.3817637860774994,-0.013066930696368217,0.9993191361427307,0.5927187204360962,0.3818814158439636,-0.0751650333404541,0.9995787143707275,0.5902902483940125,0.3817640542984009,-0.07537342607975006,0.9995605945587158,0.5872563719749451,0.38142722845077515,-0.07539283484220505,0.9996081590652466,0.5736432671546936,0.387839674949646,0.11413408070802689,0.9991098046302795,0.5623953938484192,0.3828391432762146,-0.16406917572021484,0.9995405673980713,0.5991012454032898,0.4026074707508087,0.02240920066833496,0.9988334774971008,0.5936025381088257,0.4018268585205078,-0.058623794466257095,0.9988096952438354,0.5582005977630615,0.43602892756462097,0.3112403154373169,0.9963833093643188,0.5325838327407837,0.42748698592185974,-0.3043699562549591,0.9985068440437317,0.6250513792037964,0.45179226994514465,0.5088056921958923,0.09841310232877731,0.5859133005142212,0.41373410820961,-0.3751789629459381,0.934979259967804,0.5940555930137634,0.43305644392967224,0.6071750521659851,0.09836430102586746,0.5743687748908997,0.3776991069316864,-0.13894695043563843,0.7128623127937317,0.5854963064193726,0.43010684847831726,0.6393337249755859,0.09376737475395203,0.5684990882873535,0.3659146726131439,-0.15235772728919983,0.6572661995887756,0.5809609889984131,0.42989596724510193,0.6211062073707581,0.0939631462097168,0.5590015053749084,0.37164342403411865,-0.14433184266090393,0.6454569101333618,0.5831573009490967,0.4310554563999176,0.5977079272270203,0.10160579532384872,0.5603154301643372,0.37760916352272034,-0.12998130917549133,0.609148383140564,0.5737040042877197,0.5926470160484314,0.17219075560569763,0.9995047450065613,0.5364441275596619,0.5874262452125549,-0.17217031121253967,0.9995325207710266,0.6062862873077393,0.689370334148407,0.23645395040512085,0.7738940715789795,0.4898957312107086,0.6996208429336548,-0.13479851186275482,0.9750467538833618,0.62259441614151,0.785027801990509,0.30206871032714844,0.9147215485572815,0.3908188045024872,0.7948548197746277,-0.04617299512028694,0.9800451397895813,0.6162190437316895,0.8028879761695862,0.3007699251174927,0.8727155327796936,0.37300798296928406,0.8065894246101379,-0.043446194380521774,0.9287466406822205,0.7011286020278931,0.8088617324829102,0.17144560813903809,0.9173205494880676,0.405853807926178,0.8303508758544922,-0.19179098308086395,0.967156708240509
116,0.6109662055969238,0.39517733454704285,-0.012625617906451225,0.99955815076828,0.5997322201728821,0.38491785526275635,0.003570444881916046,0.9994840621948242,0.5980945825576782,0.38496750593185425,0.0035343829076737165,0.9992049932479858,0.5957828760147095,0.3849271535873413,0.003491666866466403,0.999366283416748,0.5985606908798218,0.38531437516212463,-0.06107976660132408,0.9996078014373779,0.5961332321166992,0.3855434060096741,-0.0612710602581501,0.9995907545089722,0.5930675864219666,0.3856014609336853,-0.061280738562345505,0.9996341466903687,0.5729753971099854,0.3877168595790863,0.1164904534816742,0.9991721510887146,0.5653170347213745,0.38787826895713806,-0.1712518036365509,0.9995715618133545,0.5998527407646179,0.4052823781967163,0.038874246180057526,0.9989210367202759,0.5988296866416931,0.405251681804657,-0.04513448476791382,0.9988958239555359,0.5404189229011536,0.4377312958240509,0.31530511379241943,0.9966957569122314,0.5375458598136902,0.43078863620758057,-0.3368576467037201,0.9986261129379272,0.5826911330223083,0.4689112901687622,0.5723770260810852,0.09247833490371704,0.607947826385498,0.4343365728855133,-0.4290708899497986,0.9385389089584351,0.5791923403739929,0.45448601245880127,0.7273710370063782,0.09444306790828705,0.60014808177948,0.39904600381851196,-0.20535092055797577,0.7271485328674316,0.5779125094413757,0.45262977480888367,0.7735129594802856,0.09121623635292053,0.5957313179969788,0.3869393467903137,-0.21291860938072205,0.6726121306419373,0.5784427523612976,0.45170408487319946,0.7449270486831665,0.09159407019615173,0.5794370174407959,0.390084832906723,-0.2098284661769867,0.6606131792068481,0.5780395269393921,0.4526846706867218,0.7166006565093994,0.09954353421926498,0.5804688334465027,0.39606204628944397,-0.19628889858722687,0.6230656504631042,0.565244734287262,0.5931351780891418,0.17276306450366974,0.9995443820953369,0.5381143689155579,0.5943745374679565,-0.1725955456495285,0.9995660185813904,0.5965133309364319,0.6871140003204346,0.14531658589839935,0.7837424874305725,0.4860749840736389,0.6985766887664795,-0.0734788104891777,0.9754956960678101,0.6183624863624573,0.7817299962043762,0.2030392736196518,0.9192144274711609,0.3880371153354645,0.7928389310836792,0.03264765441417694,0.9805129170417786,0.6112709045410156,0.7997456192970276,0.20271028578281403,0.8779217600822449,0.37018272280693054,0.8054682016372681,0.038706328719854355,0.9293793439865112,0.6959108114242554,0.8066368103027344,0.06850447505712509,0.9217803478240967,0.4123375117778778,0.8301903009414673,-0.10436337441205978,0.9682026505470276
117,0.6001113057136536,0.39858362078666687,-0.04352496564388275,0.9995769262313843,0.5910394191741943,0.3897436559200287,-0.02189711108803749,0.9995043277740479,0.5905579328536987,0.3896951675415039,-0.02187087945640087,0.9992353320121765,0.5907219052314758,0.39321669936180115,-0.021869301795959473,0.9993918538093567,0.5884608030319214,0.38994067907333374,-0.0864146277308464,0.9996235966682434,0.5862541198730469,0.3898945748806,-0.0866285040974617,0.9996068477630615,0.583417534828186,0.3895290493965149,-0.08665731549263,0.9996481537818909,0.5722458362579346,0.3954640328884125,0.11027343571186066,0.9992061853408813,0.5566417574882507,0.3942289650440216,-0.17839400470256805,0.9995906949043274,0.5904682874679565,0.408473402261734,0.013931887224316597,0.9989723563194275,0.5872533321380615,0.40774020552635193,-0.07022399455308914,0.998946487903595,0.5561275482177734,0.4408601224422455,0.3120643198490143,0.9968732595443726,0.523461103439331,0.43423277139663696,-0.31967735290527344,0.9986606240272522,0.6233160495758057,0.43363475799560547,0.5167273283004761,0.09795014560222626,0.5959812998771667,0.40930885076522827,-0.38797610998153687,0.9410638809204102,0.5928823351860046,0.3954741358757019,0.6056716442108154,0.09994819760322571,0.5755312442779541,0.3676789402961731,-0.15276840329170227,0.7333272099494934,0.583008348941803,0.3863981366157532,0.6337640881538391,0.09549455344676971,0.5708775520324707,0.35193437337875366,-0.17156155407428741,0.6768441796302795,0.579009473323822,0.38805830478668213,0.6155782341957092,0.09592334926128387,0.5607048273086548,0.358743816614151,-0.1641613394021988,0.6644667387008667,0.5816639065742493,0.3915862441062927,0.5953823924064636,0.10447456687688828,0.5636265277862549,0.36483699083328247,-0.14407768845558167,0.6263144612312317,0.5746834874153137,0.5961571931838989,0.17775371670722961,0.9995543360710144,0.5341718196868896,0.5920897722244263,-0.17767994105815887,0.9995632171630859,0.6002784967422485,0.6907387971878052,0.2511095702648163,0.786430835723877,0.48648759722709656,0.7044627666473389,-0.116404227912426,0.9756014943122864,0.6241072416305542,0.7838504910469055,0.32640716433525085,0.9204893708229065,0.3906473219394684,0.7972437739372253,-0.012377798557281494,0.9804838299751282,0.6177597045898438,0.8000040054321289,0.3266068696975708,0.8790792226791382,0.3709516227245331,0.8054103851318359,-0.008409284986555576,0.9286962151527405,0.6926875710487366,0.8093041777610779,0.20276270806789398,0.9226351380348206,0.40750864148139954,0.8284493088722229,-0.15164721012115479,0.9679767489433289
118,0.6063092350959778,0.3966076970100403,-0.02873128280043602,0.9995933771133423,0.6004893183708191,0.38698986172676086,-0.010332906618714333,0.9995264410972595,0.5990892052650452,0.3869234323501587,-0.01033895742148161,0.999269425868988,0.5947374105453491,0.3866271674633026,-0.010372615419328213,0.9994205236434937,0.5943777561187744,0.3834055960178375,-0.0750918909907341,0.9996389150619507,0.5919627547264099,0.3832835257053375,-0.07531356066465378,0.999622642993927,0.5889759659767151,0.3829086422920227,-0.0753379836678505,0.999661922454834,0.5758953094482422,0.3896092176437378,0.1125531792640686,0.9992469549179077,0.568722128868103,0.38718536496162415,-0.177366703748703,0.9996078014373779,0.5990572571754456,0.4070168435573578,0.02574528567492962,0.999005913734436,0.593619167804718,0.40330901741981506,-0.058810412883758545,0.9989749789237976,0.5553910136222839,0.4413263201713562,0.3176969885826111,0.9969892501831055,0.5384350419044495,0.4289087951183319,-0.3217751085758209,0.9986975789070129,0.6196843385696411,0.45058488845825195,0.536950409412384,0.09532180428504944,0.5998803377151489,0.41423332691192627,-0.36145511269569397,0.9408714175224304,0.589384913444519,0.42608577013015747,0.6547234654426575,0.09713577479124069,0.5792821645736694,0.3720076382160187,-0.09986642003059387,0.7307810187339783,0.579918622970581,0.42120954394340515,0.6927300691604614,0.09303580224514008,0.5705733299255371,0.35842564702033997,-0.10995209962129593,0.6740310788154602,0.576680064201355,0.42142051458358765,0.6735056042671204,0.09350381791591644,0.5604977011680603,0.36368662118911743,-0.10373631119728088,0.6614248156547546,0.5793662667274475,0.42319318652153015,0.6453893184661865,0.10206983983516693,0.562614917755127,0.3699720799922943,-0.09032339602708817,0.6226913928985596,0.5716776847839355,0.5972763895988464,0.18250179290771484,0.9995595216751099,0.5356566905975342,0.5940263867378235,-0.18242795765399933,0.9995686411857605,0.6024681925773621,0.6889592409133911,0.2815990746021271,0.7850491404533386,0.4933933913707733,0.7005951404571533,-0.12027924507856369,0.9759037494659424,0.6167657375335693,0.7847026586532593,0.35598528385162354,0.9212870597839355,0.3889105021953583,0.7955997586250305,-0.017343757674098015,0.980739176273346,0.6060918569564819,0.8012008666992188,0.35646960139274597,0.8807132244110107,0.371498703956604,0.8077189922332764,-0.011904698796570301,0.9299662113189697,0.6977799534797668,0.8084076642990112,0.2396554797887802,0.9235584139823914,0.40875566005706787,0.8280712962150574,-0.14515139162540436,0.9683741331100464
119,0.6090902090072632,0.3947675824165344,-0.025764601305127144,0.9996106028556824,0.5993074178695679,0.38759058713912964,-0.007956582121551037,0.9995503425598145,0.5978142023086548,0.38739144802093506,-0.007954646833240986,0.9993060827255249,0.5956833958625793,0.387157142162323,-0.007969354279339314,0.9994486570358276,0.596744179725647,0.38445237278938293,-0.07337895035743713,0.9996569156646729,0.5942462682723999,0.3843725323677063,-0.07357995957136154,0.9996414184570312,0.591166615486145,0.384056955575943,-0.0735972672700882,0.9996780157089233,0.5749989748001099,0.38970863819122314,0.11277827620506287,0.9992849230766296,0.5655750632286072,0.38814347982406616,-0.17899420857429504,0.9996271133422852,0.5976840257644653,0.40876534581184387,0.028548410162329674,0.9990584254264832,0.5962028503417969,0.4054425358772278,-0.056666161864995956,0.9990262389183044,0.5525937080383301,0.437007874250412,0.31771039962768555,0.9971973299980164,0.5333935618400574,0.4302833676338196,-0.33432334661483765,0.9987746477127075,0.6070387363433838,0.4525403082370758,0.5674340128898621,0.09215925633907318,0.6117103099822998,0.42238834500312805,-0.40670305490493774,0.9421228170394897,0.5855633616447449,0.43126752972602844,0.7140212059020996,0.09488062560558319,0.5931443572044373,0.39664551615715027,-0.18424324691295624,0.7357449531555176,0.5785044431686401,0.42774420976638794,0.7549324631690979,0.09129627048969269,0.587371289730072,0.38645127415657043,-0.19718188047409058,0.679694652557373,0.5758047103881836,0.4274026155471802,0.7330389022827148,0.09184063971042633,0.5761434435844421,0.3903070092201233,-0.19589336216449738,0.6669346690177917,0.5779966115951538,0.4289884865283966,0.7049673795700073,0.10058560222387314,0.5776471495628357,0.395356148481369,-0.17664124071598053,0.6266590356826782,0.5680288076400757,0.5942550897598267,0.18104279041290283,0.9995852708816528,0.5333743095397949,0.5907876491546631,-0.18091978132724762,0.9995905160903931,0.6040548086166382,0.686113178730011,0.2097386121749878,0.7880050539970398,0.48605579137802124,0.6974918842315674,-0.11525414139032364,0.9760847687721252,0.6237269639968872,0.7847009301185608,0.275761216878891,0.9232677817344666,0.3913736045360565,0.7982519865036011,-0.024319838732481003,0.9809807538986206,0.6166831254959106,0.8012133240699768,0.27545061707496643,0.8829329609870911,0.37337252497673035,0.8130178451538086,-0.02014242112636566,0.9304956793785095,0.7019491195678711,0.8092479109764099,0.1477600634098053,0.9254224896430969,0.4080047607421875,0.8255523443222046,-0.16318543255329132,0.9688562750816345
120,0.6106220483779907,0.39668008685112,-0.018179306760430336,0.9996101260185242,0.6024092435836792,0.3862738013267517,-0.003029849845916033,0.9995572566986084,0.6003733277320862,0.38605400919914246,-0.0030397120863199234,0.9993191361427307,0.5978758335113525,0.3857819437980652,-0.003074090462177992,0.9994542598724365,0.6019388437271118,0.38636672496795654,-0.06800264865159988,0.9996604323387146,0.5996925830841064,0.38612696528434753,-0.06820902973413467,0.9996457099914551,0.5939457416534424,0.3854176104068756,-0.06825640052556992,0.9996791481971741,0.5743457078933716,0.38861969113349915,0.10385765880346298,0.999297022819519,0.5726391673088074,0.3873804807662964,-0.1859162598848343,0.9996308088302612,0.6033012270927429,0.4069960415363312,0.031373005360364914,0.9990623593330383,0.603411853313446,0.40622565150260925,-0.053241465240716934,0.9990161061286926,0.5492367744445801,0.4370182156562805,0.30476656556129456,0.9972636103630066,0.5408848524093628,0.42866647243499756,-0.3457704186439514,0.998802661895752,0.6015650629997253,0.4577901065349579,0.5472008585929871,0.08631262183189392,0.6100306510925293,0.43150386214256287,-0.3921675384044647,0.9402933716773987,0.5764058232307434,0.4409503638744354,0.6999567747116089,0.08931592106819153,0.5713314414024353,0.3943033218383789,-0.15323656797409058,0.7318682670593262,0.5678530931472778,0.43868497014045715,0.746603786945343,0.08651114255189896,0.5591568350791931,0.38324156403541565,-0.16329821944236755,0.6775340437889099,0.5663696527481079,0.43771061301231384,0.7227181792259216,0.08710870891809464,0.5455992817878723,0.3867288827896118,-0.16645653545856476,0.6647341251373291,0.569549024105072,0.4386276602745056,0.6907823085784912,0.09562768042087555,0.5490546822547913,0.3918848931789398,-0.14704112708568573,0.6228152513504028,0.5734276175498962,0.5949833989143372,0.1861744374036789,0.9995921850204468,0.5357739329338074,0.5953961610794067,-0.18599550426006317,0.9996002912521362,0.6052154302597046,0.6881018280982971,0.2685333788394928,0.7862077951431274,0.49210622906684875,0.6990746259689331,-0.14317502081394196,0.9765380024909973,0.6231301426887512,0.7844027876853943,0.3354690670967102,0.924116313457489,0.3889569640159607,0.7985713481903076,-0.05652596056461334,0.9812562465667725,0.6149938106536865,0.8016449809074402,0.33499807119369507,0.8840166926383972,0.36877375841140747,0.8087078928947449,-0.052214059978723526,0.9317677021026611,0.7037144303321838,0.8086243271827698,0.21390974521636963,0.9260001182556152,0.40993764996528625,0.8302450776100159,-0.18777821958065033,0.9693124294281006
121,0.6074979305267334,0.398462176322937,-0.05444967374205589,0.9996292591094971,0.6020714640617371,0.3886846899986267,-0.03284807503223419,0.9995763301849365,0.6004995107650757,0.38853517174720764,-0.03281942754983902,0.9993466138839722,0.5985500812530518,0.38836869597435,-0.03281847760081291,0.9994783401489258,0.596618115901947,0.38845470547676086,-0.09813493490219116,0.9996757507324219,0.5943216681480408,0.3882877230644226,-0.09834365546703339,0.9996617436408997,0.5913729667663574,0.38799431920051575,-0.09834599494934082,0.9996936917304993,0.5761229395866394,0.39134398102760315,0.10078257322311401,0.9993318319320679,0.5631181001663208,0.3896538019180298,-0.1920362412929535,0.9996487498283386,0.6000892519950867,0.4088168442249298,0.0031394732650369406,0.9991098642349243,0.5948312282562256,0.4080790579319,-0.08224815130233765,0.9990662336349487,0.5558640956878662,0.4419437348842621,0.30196043848991394,0.9973682761192322,0.5285307765007019,0.4308824837207794,-0.327944815158844,0.9988313913345337,0.6296757459640503,0.43357884883880615,0.5318928956985474,0.09084443747997284,0.5844114422798157,0.40846022963523865,-0.42691823840141296,0.9427908658981323,0.5972822904586792,0.406827837228775,0.6552513241767883,0.09265007078647614,0.5696145296096802,0.37395599484443665,-0.23220016062259674,0.7365477085113525,0.5872828364372253,0.40132060647010803,0.6871165633201599,0.08868194371461868,0.561091959476471,0.36263683438301086,-0.2557356059551239,0.679840624332428,0.5818283557891846,0.4031524062156677,0.6703836917877197,0.08928787708282471,0.5546379685401917,0.3694635033607483,-0.2495591640472412,0.6669936180114746,0.585034966468811,0.4055289030075073,0.6466072201728821,0.09819094836711884,0.5571545362472534,0.37494948506355286,-0.22597824037075043,0.6252028942108154,0.572723925113678,0.5970792174339294,0.18091101944446564,0.9995988607406616,0.5341170430183411,0.5926724076271057,-0.18081749975681305,0.9996041059494019,0.6046706438064575,0.6924561858177185,0.2652322053909302,0.7857199311256409,0.48654311895370483,0.7041860222816467,-0.12744739651679993,0.9768540859222412,0.6211453080177307,0.7845197319984436,0.3494531214237213,0.9240354895591736,0.39014628529548645,0.7984205484390259,-0.023785170167684555,0.9814634919166565,0.6123055219650269,0.8002865314483643,0.3498631417751312,0.8840353488922119,0.37141087651252747,0.8123292326927185,-0.01927253231406212,0.9324190616607666,0.6969315409660339,0.8083776235580444,0.22765599191188812,0.9260372519493103,0.4092148244380951,0.8300302624702454,-0.15853357315063477,0.9695338606834412
122,0.612684428691864,0.3979765474796295,-0.014296756125986576,0.9996374845504761,0.6036454439163208,0.3880142867565155,0.0026804637163877487,0.9995914697647095,0.6013892889022827,0.38776394724845886,0.002664616098627448,0.9993717670440674,0.5986467599868774,0.3874174952507019,0.0026211198419332504,0.9994983077049255,0.6019538044929504,0.38531163334846497,-0.06398579478263855,0.9996851086616516,0.5993278622627258,0.38515612483024597,-0.06418891251087189,0.9996713399887085,0.5962565541267395,0.3847523629665375,-0.06419751793146133,0.9997005462646484,0.5751051902770996,0.3899575471878052,0.11578799784183502,0.9993577599525452,0.5726667642593384,0.388785719871521,-0.18208913505077362,0.9996547102928162,0.6058754920959473,0.4077514708042145,0.037245944142341614,0.9991176128387451,0.6053838729858398,0.4052116274833679,-0.0496140792965889,0.9990537762641907,0.5515135526657104,0.43862417340278625,0.31860941648483276,0.9974479675292969,0.5436177253723145,0.4292598068714142,-0.346866637468338,0.9988746643066406,0.5989901423454285,0.4713667929172516,0.526798665523529,0.08521366119384766,0.6263909935951233,0.4198951721191406,-0.381286084651947,0.9418743252754211,0.5794010162353516,0.46520721912384033,0.624231219291687,0.08767787367105484,0.6014627814292908,0.38411077857017517,-0.12498889863491058,0.736447274684906,0.5728121995925903,0.4654693007469177,0.6643679738044739,0.08474720269441605,0.5932462811470032,0.3752478361129761,-0.13668613135814667,0.6816071271896362,0.5705558061599731,0.46389418840408325,0.636793315410614,0.0854196771979332,0.5773665904998779,0.3780892789363861,-0.13314174115657806,0.6686770915985107,0.5730266571044922,0.4635300636291504,0.6122424006462097,0.09403152018785477,0.5793157815933228,0.3842187821865082,-0.1154513731598854,0.6254574060440063,0.5726743936538696,0.5946167707443237,0.19180919229984283,0.9996017217636108,0.5375571250915527,0.5951487421989441,-0.19160237908363342,0.9996117353439331,0.6057243347167969,0.6884475946426392,0.27376148104667664,0.7829047441482544,0.49335163831710815,0.700655996799469,-0.1508989930152893,0.9774214625358582,0.6188541054725647,0.7854230999946594,0.33441001176834106,0.924678385257721,0.39048153162002563,0.800861656665802,-0.05787871032953262,0.9818192720413208,0.610014796257019,0.8012513518333435,0.3332057297229767,0.8855987191200256,0.37094607949256897,0.809376060962677,-0.05257263407111168,0.9344836473464966,0.6996253728866577,0.8073316812515259,0.21701423823833466,0.9266388416290283,0.4126802980899811,0.8284434676170349,-0.18003813922405243,0.9701444506645203
123,0.607408344745636,0.3923819959163666,-0.032999686896800995,0.999647319316864,0.5967296361923218,0.38291189074516296,-0.014735043048858643,0.9996033310890198,0.5953817963600159,0.3829060196876526,-0.014737008139491081,0.9993892312049866,0.593400239944458,0.3827348053455353,-0.01475986372679472,0.9995132684707642,0.5952659845352173,0.38302338123321533,-0.07906077802181244,0.9996947050094604,0.5929149389266968,0.382992684841156,-0.079274021089077,0.9996817708015442,0.5899938941001892,0.38271576166152954,-0.07929615676403046,0.9997100234031677,0.5747556686401367,0.38907483220100403,0.105868399143219,0.9993793964385986,0.5699948072433472,0.3844764828681946,-0.1815778911113739,0.9996659755706787,0.5963183045387268,0.4033052623271942,0.020420609042048454,0.9991450309753418,0.5953942537307739,0.4029833674430847,-0.06342858076095581,0.9990831613540649,0.5531395077705383,0.43832939863204956,0.3047722578048706,0.997520387172699,0.5412658452987671,0.4286710321903229,-0.33020198345184326,0.998908281326294,0.6126542687416077,0.44723406434059143,0.5278985500335693,0.08439915627241135,0.6009571552276611,0.42035019397735596,-0.4126298427581787,0.9431931376457214,0.5837416052818298,0.42102596163749695,0.6573188900947571,0.08758232742547989,0.5768067240715027,0.37714114785194397,-0.2081829309463501,0.7404952645301819,0.5744800567626953,0.4157114326953888,0.6932735443115234,0.0846601352095604,0.5742108821868896,0.3722814619541168,-0.22693844139575958,0.6850745677947998,0.5714893937110901,0.4160681366920471,0.6748936772346497,0.085297130048275,0.5641862154006958,0.3773697316646576,-0.22207890450954437,0.6720271110534668,0.5746581554412842,0.4181918799877167,0.6488290429115295,0.09402080625295639,0.5662456154823303,0.3830414414405823,-0.2010652869939804,0.6286787390708923,0.570214569568634,0.5967198014259338,0.18123802542686462,0.9996089935302734,0.5356611609458923,0.592843770980835,-0.18113048374652863,0.9996176362037659,0.5978584885597229,0.6913830041885376,0.2637251317501068,0.7810630202293396,0.49468961358070374,0.6995285749435425,-0.1291276067495346,0.9773988127708435,0.6189799308776855,0.7851813435554504,0.3351286053657532,0.9245191216468811,0.3917458653450012,0.7980030179023743,-0.02976018376648426,0.9818383455276489,0.6104140281677246,0.8012509942054749,0.33465275168418884,0.8857452273368835,0.3738473653793335,0.806118369102478,-0.02481125108897686,0.9349724054336548,0.6974324584007263,0.8085148334503174,0.21371446549892426,0.9267095923423767,0.4147453010082245,0.8272402882575989,-0.16004802286624908,0.9702411890029907
124,0.6172751188278198,0.3978427052497864,-0.03876034542918205,0.9996418952941895,0.6080698370933533,0.38807931542396545,-0.02193688601255417,0.9996023774147034,0.6060644388198853,0.38790765404701233,-0.021924922242760658,0.9993868470191956,0.6034708619117737,0.38760167360305786,-0.021944234147667885,0.9995100498199463,0.6071269512176514,0.3882445991039276,-0.08817194402217865,0.9996942281723022,0.6045305132865906,0.38808563351631165,-0.08838410675525665,0.9996810555458069,0.6013461351394653,0.38774585723876953,-0.08842246979475021,0.9997089505195618,0.5798026919364929,0.39035364985466003,0.09167442470788956,0.9993741512298584,0.5742865800857544,0.38955211639404297,-0.20457723736763,0.9996632933616638,0.6074622869491577,0.40827029943466187,0.012670661322772503,0.9991317391395569,0.6066820025444031,0.4076882004737854,-0.0739019513130188,0.9990583062171936,0.5551436543464661,0.44106870889663696,0.2875554859638214,0.9973971247673035,0.5400872230529785,0.4333764314651489,-0.34856897592544556,0.9988133907318115,0.6051685810089111,0.43863645195961,0.5441275238990784,0.08093954622745514,0.6095585823059082,0.41951486468315125,-0.40642452239990234,0.9400627017021179,0.5796464681625366,0.40547698736190796,0.7020740509033203,0.08431652188301086,0.5746031403541565,0.381430059671402,-0.1908949464559555,0.7330695986747742,0.5700433850288391,0.39817723631858826,0.7427240014076233,0.08196869492530823,0.5568409562110901,0.3710007667541504,-0.20825746655464172,0.6797200441360474,0.5686571002006531,0.3992696702480316,0.721685528755188,0.08268752694129944,0.5410292744636536,0.37770411372184753,-0.21442174911499023,0.6670156717300415,0.5722131729125977,0.40211722254753113,0.6930947303771973,0.09142555296421051,0.5492100119590759,0.3807781934738159,-0.18789158761501312,0.6232169270515442,0.5705690383911133,0.5981742739677429,0.1838732212781906,0.9995951056480408,0.535527765750885,0.5987730622291565,-0.18368877470493317,0.999606192111969,0.5985530614852905,0.690421462059021,0.30091482400894165,0.7778756618499756,0.4912046194076538,0.7021207213401794,-0.09817984700202942,0.9771615266799927,0.6211405992507935,0.782845139503479,0.3920588493347168,0.923061192035675,0.39177876710891724,0.7984209656715393,0.016505258157849312,0.9815031886100769,0.6113643646240234,0.7982376217842102,0.3940439224243164,0.8838400840759277,0.3736472427845001,0.8134758472442627,0.023143574595451355,0.9341057538986206,0.6965267658233643,0.8069954514503479,0.27756279706954956,0.9251584410667419,0.4114568531513214,0.8280765414237976,-0.10700935125350952,0.9695782661437988
125,0.6121733784675598,0.4000495374202728,-0.03747592121362686,0.9996532797813416,0.6064491271972656,0.38975661993026733,-0.01781182922422886,0.9996145963668823,0.605050265789032,0.3895421028137207,-0.017796704545617104,0.9994035959243774,0.6030839681625366,0.38923847675323486,-0.017803041264414787,0.9995254278182983,0.6042755246162415,0.389649361371994,-0.0830884724855423,0.9997047185897827,0.5968514084815979,0.38897407054901123,-0.08330482989549637,0.9996918439865112,0.5936333537101746,0.3885035812854767,-0.08332771062850952,0.9997192025184631,0.5783997178077698,0.3911658823490143,0.10642310231924057,0.9993968605995178,0.570589005947113,0.39007267355918884,-0.1859341412782669,0.9996762275695801,0.6045735478401184,0.41051703691482544,0.017110195010900497,0.9991618990898132,0.5982390642166138,0.4098356068134308,-0.0682770237326622,0.9990918040275574,0.5584416389465332,0.4400644302368164,0.3005109131336212,0.9974510669708252,0.5374074578285217,0.432405948638916,-0.3248310089111328,0.9987995624542236,0.6255656480789185,0.4355413317680359,0.5266401171684265,0.08237337321043015,0.6079750657081604,0.4171863794326782,-0.3849904537200928,0.9397732615470886,0.5882636308670044,0.405953586101532,0.6597446799278259,0.0838906541466713,0.5849359631538391,0.37886157631874084,-0.13291960954666138,0.7256355285644531,0.5768588781356812,0.39930030703544617,0.6956525444984436,0.08107122778892517,0.5739669799804688,0.3682458996772766,-0.14589908719062805,0.6702286601066589,0.572238564491272,0.4015740752220154,0.6815304160118103,0.08177241683006287,0.5623332262039185,0.3757210075855255,-0.14397834241390228,0.6572369933128357,0.5759127140045166,0.4042380154132843,0.6526177525520325,0.09066207706928253,0.5657349228858948,0.38117125630378723,-0.12613092362880707,0.6134740710258484,0.5730432868003845,0.599804162979126,0.17860563099384308,0.9995989203453064,0.5350041389465332,0.5962266325950623,-0.17847318947315216,0.9996028542518616,0.6047080159187317,0.6903316378593445,0.2564517557621002,0.7800621390342712,0.4926896393299103,0.7019057869911194,-0.1299409419298172,0.9773095846176147,0.6200711131095886,0.7860147356987,0.3295106887817383,0.9236948490142822,0.3938881754875183,0.8026613593101501,-0.029236197471618652,0.9814932942390442,0.6104643940925598,0.8016398549079895,0.3292462229728699,0.8841897249221802,0.37597933411598206,0.8116752505302429,-0.02452841028571129,0.9338808059692383,0.6992641687393188,0.8095086812973022,0.2070910632610321,0.9256080985069275,0.41277068853378296,0.8269232511520386,-0.1596517413854599,0.9694948792457581
126,0.6138995289802551,0.39719507098197937,-0.045841023325920105,0.9996665716171265,0.602661669254303,0.3859642744064331,-0.02954842522740364,0.9996331930160522,0.6005538105964661,0.3856278657913208,-0.02958040125668049,0.9994329810142517,0.5979005098342896,0.3852660059928894,-0.029628530144691467,0.999548614025116,0.6006882190704346,0.38485971093177795,-0.09704703837633133,0.9997177124023438,0.5977208018302917,0.38475754857063293,-0.09724375605583191,0.9997050166130066,0.5943617820739746,0.3844696581363678,-0.09726941585540771,0.9997300505638123,0.5744100213050842,0.38918665051460266,0.08522988110780716,0.9994255304336548,0.5711674094200134,0.38887372612953186,-0.21609985828399658,0.9996885061264038,0.6060885190963745,0.4074064791202545,0.006616928149014711,0.9991937279701233,0.6043034791946411,0.4056295156478882,-0.08132240921258926,0.9991161823272705,0.5520357489585876,0.44102582335472107,0.29341304302215576,0.9975293278694153,0.5424763560295105,0.43292585015296936,-0.37820813059806824,0.998832106590271,0.5992685556411743,0.4601994454860687,0.5229231119155884,0.07782222330570221,0.6237708330154419,0.42022818326950073,-0.4353174865245819,0.9396066665649414,0.5843032002449036,0.44576290249824524,0.6369932293891907,0.08021725714206696,0.6035285592079163,0.3873954713344574,-0.20798097550868988,0.7267414927482605,0.5788089632987976,0.4435790777206421,0.6750328540802002,0.07828279584646225,0.6014879941940308,0.38136500120162964,-0.2268408238887787,0.6727582812309265,0.5769202709197998,0.44327789545059204,0.6488811373710632,0.07906998693943024,0.5889835357666016,0.38413316011428833,-0.22269243001937866,0.6597315073013306,0.5788260698318481,0.4440753161907196,0.6255520582199097,0.08777724951505661,0.5899343490600586,0.3893853724002838,-0.19915911555290222,0.6146494746208191,0.5721755027770996,0.6032297015190125,0.19327065348625183,0.9996066689491272,0.5354686379432678,0.6006568074226379,-0.1930638551712036,0.9996114373207092,0.5992907285690308,0.6942864656448364,0.3305998146533966,0.778151273727417,0.49082669615745544,0.7069827318191528,-0.08664672076702118,0.9776236414909363,0.6190823316574097,0.7863407731056213,0.4432532489299774,0.9233852028846741,0.38940173387527466,0.7978613972663879,0.05601336434483528,0.9816768765449524,0.6070311069488525,0.8022603988647461,0.4474785327911377,0.884101927280426,0.3732313811779022,0.8099383115768433,0.06618382781744003,0.9347721338272095,0.7001497745513916,0.8098115921020508,0.3364291489124298,0.9253514409065247,0.41202512383461,0.8305219411849976,-0.057372432202100754,0.9698206782341003
127,0.6129773855209351,0.39700302481651306,-0.025565970689058304,0.9996843338012695,0.604668378829956,0.38582536578178406,-0.009020499885082245,0.999654233455658,0.6027100086212158,0.3854815661907196,-0.009020705707371235,0.9994640350341797,0.5967745184898376,0.3847373425960541,-0.009037601761519909,0.9995744824409485,0.6033720970153809,0.38611167669296265,-0.07655055820941925,0.9997343420982361,0.5964643955230713,0.3854646384716034,-0.0767727866768837,0.9997220039367676,0.5932753086090088,0.38517314195632935,-0.07678929716348648,0.9997459053993225,0.5758055448532104,0.38989272713661194,0.10516298562288284,0.9994597434997559,0.5728398561477661,0.38882675766944885,-0.1968933492898941,0.9997063875198364,0.6059131622314453,0.40817612409591675,0.02601812593638897,0.9992344379425049,0.6052627563476562,0.40778446197509766,-0.062178485095500946,0.9991593360900879,0.5445724129676819,0.4401356875896454,0.30505332350730896,0.9975898861885071,0.5431187152862549,0.43290355801582336,-0.3512765169143677,0.998865008354187,0.6023184061050415,0.4443458318710327,0.5556415319442749,0.07533478736877441,0.6154484748840332,0.41602569818496704,-0.4249701499938965,0.9407461285591125,0.582022488117218,0.4196668267250061,0.7032933235168457,0.07838910818099976,0.5831838250160217,0.3871021568775177,-0.20777715742588043,0.7298040986061096,0.5745685696601868,0.41477692127227783,0.74541836977005,0.07701697200536728,0.5713673233985901,0.37610965967178345,-0.2246222347021103,0.675834596157074,0.5725904703140259,0.4157649874687195,0.7222196459770203,0.07786951214075089,0.5521504282951355,0.3844321072101593,-0.22300326824188232,0.6628429293632507,0.5754698514938354,0.4178735315799713,0.6935240030288696,0.08658596873283386,0.5645180940628052,0.38704803586006165,-0.20156490802764893,0.6177108287811279,0.5730332136154175,0.598429262638092,0.1892891228199005,0.9996169209480286,0.5373076796531677,0.6004796624183655,-0.18912847340106964,0.9996228218078613,0.6032695174217224,0.6924633383750916,0.28797298669815063,0.7787671685218811,0.49119266867637634,0.7053335309028625,-0.12106169015169144,0.978157103061676,0.6189942955970764,0.7883684039115906,0.37032991647720337,0.9241535067558289,0.3888199031352997,0.8001602292060852,-0.010172678157687187,0.9821004271507263,0.6052322387695312,0.8037825226783752,0.37137481570243835,0.885407567024231,0.3696078956127167,0.8083409070968628,-0.0034851443488150835,0.9363263845443726,0.6974257230758667,0.8105764389038086,0.2560974955558777,0.9262378811836243,0.40973201394081116,0.8297113180160522,-0.13147710263729095,0.9704473614692688
128,0.6083669662475586,0.3955356478691101,-0.06725448369979858,0.9996848702430725,0.6008012890815735,0.3857356309890747,-0.04801999032497406,0.999655544757843,0.5990930795669556,0.3855108320713043,-0.04803123325109482,0.9994674921035767,0.5969665050506592,0.38522207736968994,-0.04807455465197563,0.9995774030685425,0.5983652472496033,0.3828437924385071,-0.11400031298398972,0.9997330904006958,0.5926032066345215,0.38246774673461914,-0.11422234773635864,0.9997210502624512,0.5896326303482056,0.38207778334617615,-0.11425641924142838,0.9997434616088867,0.5744841694831848,0.38759201765060425,0.07865893095731735,0.9994676113128662,0.5680750012397766,0.3862242102622986,-0.21633470058441162,0.999707043170929,0.6010040044784546,0.406012624502182,-0.011026247404515743,0.9992268085479736,0.5962125658988953,0.40268072485923767,-0.0970824584364891,0.9991400837898254,0.5570581555366516,0.43699944019317627,0.2862027585506439,0.9975454211235046,0.52757728099823,0.42942115664482117,-0.3563448190689087,0.9987816214561462,0.630693256855011,0.44050857424736023,0.4648207128047943,0.076183021068573,0.6083530783653259,0.41234177350997925,-0.40033912658691406,0.9385116100311279,0.5850815773010254,0.4148172438144684,0.528083324432373,0.07799778878688812,0.5679994821548462,0.37588033080101013,-0.15237043797969818,0.7207980155944824,0.5711830258369446,0.40969663858413696,0.5545268654823303,0.07634168863296509,0.5635579824447632,0.36219722032546997,-0.16781778633594513,0.6671322584152222,0.565310001373291,0.41039562225341797,0.5435622334480286,0.07712964713573456,0.5535039305686951,0.36739838123321533,-0.16363409161567688,0.6540452241897583,0.5695716738700867,0.41232094168663025,0.520115315914154,0.08571114391088486,0.5565295219421387,0.3729514181613922,-0.143647238612175,0.6085655093193054,0.5782207250595093,0.5949496626853943,0.18641336262226105,0.9996147155761719,0.535412609577179,0.5960846543312073,-0.18626999855041504,0.9996146559715271,0.6088371276855469,0.692470371723175,0.30309221148490906,0.7803360223770142,0.4925025701522827,0.7038777470588684,-0.12051285803318024,0.9785184860229492,0.6190096735954285,0.7848535776138306,0.3989631235599518,0.9246762990951538,0.38824254274368286,0.7961003184318542,0.012243827804923058,0.9822184443473816,0.609186589717865,0.8013346791267395,0.40094658732414246,0.8867589235305786,0.3685893714427948,0.8033046126365662,0.020714091137051582,0.9371894598007202,0.6931506395339966,0.8101215362548828,0.2858651578426361,0.9264607429504395,0.40788397192955017,0.8289371132850647,-0.10684527456760406,0.9704330563545227
129,0.6106504201889038,0.39587080478668213,-0.029714856296777725,0.9996861815452576,0.6047205924987793,0.386518269777298,-0.010431830771267414,0.9996557235717773,0.6030318140983582,0.38646918535232544,-0.010441123507916927,0.9994674324989319,0.6008871793746948,0.386350154876709,-0.010481681674718857,0.9995801448822021,0.6032147407531738,0.3859339952468872,-0.0764988586306572,0.999732494354248,0.5961524248123169,0.3828136622905731,-0.07672195881605148,0.9997199773788452,0.593032956123352,0.38231220841407776,-0.07674142718315125,0.9997429847717285,0.5777825713157654,0.3889957368373871,0.11298820376396179,0.9994756579399109,0.5710147619247437,0.386276513338089,-0.18310777842998505,0.9997091889381409,0.6023747324943542,0.4066033661365509,0.025119327008724213,0.9992294311523438,0.597291111946106,0.4026998281478882,-0.061311934143304825,0.9991410970687866,0.5574914216995239,0.43659526109695435,0.3110201358795166,0.9975792169570923,0.5305212140083313,0.42793014645576477,-0.32686442136764526,0.9987843036651611,0.6282851099967957,0.4432489573955536,0.4946509897708893,0.07745908945798874,0.6123159527778625,0.40407800674438477,-0.37334325909614563,0.9380242824554443,0.5835286378860474,0.4254135489463806,0.570450484752655,0.07780046761035919,0.5858561396598816,0.37720271944999695,-0.11723104864358902,0.7155651450157166,0.5702463388442993,0.4228562116622925,0.5992862582206726,0.0757240429520607,0.5707788467407227,0.3666441738605499,-0.13261213898658752,0.6609470844268799,0.563887894153595,0.4230763614177704,0.5862047076225281,0.0764789879322052,0.5618635416030884,0.3727271258831024,-0.12580156326293945,0.6478175520896912,0.5683752298355103,0.4240609407424927,0.562258243560791,0.08495146781206131,0.5643696784973145,0.3780449330806732,-0.10796802490949631,0.6024374961853027,0.5738840699195862,0.5970165729522705,0.18338997662067413,0.9996060729026794,0.5365128517150879,0.5929945707321167,-0.18328696489334106,0.9996018409729004,0.6085906624794006,0.6893818378448486,0.2868557572364807,0.7796774506568909,0.48795217275619507,0.702150285243988,-0.11690353602170944,0.9784582853317261,0.618078887462616,0.7840413451194763,0.3664231300354004,0.9243770837783813,0.39319562911987305,0.7947553992271423,-0.0002277116582263261,0.9820305705070496,0.6085866093635559,0.8017566204071045,0.36672839522361755,0.8864192962646484,0.37432006001472473,0.8064460754394531,0.0063784061931073666,0.9368617534637451,0.6905454397201538,0.8089792728424072,0.2444225400686264,0.9261114597320557,0.41268202662467957,0.8294697999954224,-0.12610337138175964,0.9701130986213684
130,0.6069917678833008,0.39564114809036255,-0.04674787446856499,0.9996891617774963,0.5996326804161072,0.38596802949905396,-0.026912761852145195,0.9996586441993713,0.5979103446006775,0.3858793079853058,-0.02691580541431904,0.9994730949401855,0.5930744409561157,0.3854741156101227,-0.02694902941584587,0.9995837211608887,0.5945889949798584,0.3852301239967346,-0.09151715040206909,0.9997337460517883,0.5909738540649414,0.3822390139102936,-0.09172607958316803,0.999721109867096,0.5876778960227966,0.3817988634109497,-0.09175413846969604,0.9997426867485046,0.5730581879615784,0.38873106241226196,0.0992007702589035,0.9994784593582153,0.565925121307373,0.3865286409854889,-0.18910200893878937,0.9997099041938782,0.6003974676132202,0.40635719895362854,0.009001982398331165,0.999244749546051,0.5955849885940552,0.4050433039665222,-0.07511856406927109,0.9991515278816223,0.5546286106109619,0.4378451406955719,0.3000370264053345,0.9976772665977478,0.5242647528648376,0.4289831817150116,-0.3391261398792267,0.9987892508506775,0.6208954453468323,0.44729557633399963,0.4868836998939514,0.07863731682300568,0.6082650423049927,0.4111383855342865,-0.4099920392036438,0.9378512501716614,0.5765893459320068,0.42569082975387573,0.5746954083442688,0.0785917341709137,0.5827668309211731,0.3775140941143036,-0.18223287165164948,0.7156925797462463,0.5636525750160217,0.42202839255332947,0.6035338044166565,0.07609791308641434,0.5778205394744873,0.3673301637172699,-0.20108139514923096,0.6607913970947266,0.5584859848022461,0.42203834652900696,0.5903761982917786,0.07677588611841202,0.5650577545166016,0.37217360734939575,-0.19485756754875183,0.6473431587219238,0.5628460645675659,0.423260360956192,0.5669329166412354,0.08525083214044571,0.5671258568763733,0.37787774205207825,-0.17317718267440796,0.6007341146469116,0.5721698999404907,0.5959168076515198,0.17921653389930725,0.9996204376220703,0.5313906669616699,0.5960274934768677,-0.17904379963874817,0.9996061325073242,0.6076065897941589,0.6900669932365417,0.24472661316394806,0.7848815321922302,0.4953310489654541,0.7016585469245911,-0.10569612681865692,0.9785501956939697,0.6225773096084595,0.7838565111160278,0.324447363615036,0.9269081354141235,0.392390638589859,0.79717618227005,0.02840607613325119,0.9821769595146179,0.6121948957443237,0.7982267737388611,0.32400622963905334,0.888738751411438,0.3689332604408264,0.8049008250236511,0.035878367722034454,0.9368616938591003,0.6922491788864136,0.8086821436882019,0.18972265720367432,0.9281439781188965,0.40852588415145874,0.8293429613113403,-0.10409659892320633,0.9703855514526367
131,0.6081842184066772,0.396477609872818,-0.024285349994897842,0.9997020363807678,0.6012148857116699,0.38708972930908203,-0.006613613571971655,0.9996733665466309,0.5992424488067627,0.38696062564849854,-0.0066228690557181835,0.9994950294494629,0.5966902375221252,0.38677042722702026,-0.006651824805885553,0.9996017217636108,0.6001507043838501,0.3869870901107788,-0.07380068302154541,0.9997457265853882,0.5975368618965149,0.38670748472213745,-0.07402127236127853,0.9997336268424988,0.5908793807029724,0.3860061764717102,-0.07403358817100525,0.9997540712356567,0.5716781616210938,0.38989922404289246,0.11076071858406067,0.9995037317276001,0.5681183338165283,0.38846495747566223,-0.1901649683713913,0.9997227787971497,0.6015278100967407,0.40712931752204895,0.02828083373606205,0.9992768168449402,0.6005393862724304,0.40634557604789734,-0.05952024087309837,0.9991867542266846,0.5521761178970337,0.43987181782722473,0.30922606587409973,0.99773770570755,0.5381942987442017,0.4299865961074829,-0.3444083034992218,0.9988313913345337,0.6047797799110413,0.44911444187164307,0.5448098182678223,0.07609866559505463,0.605725109577179,0.4122636020183563,-0.41464748978614807,0.9388005137443542,0.5770977735519409,0.4296318590641022,0.6802638173103333,0.07639400660991669,0.586368978023529,0.3831402361392975,-0.17895157635211945,0.7162177562713623,0.5679687857627869,0.4262744188308716,0.7199658751487732,0.07437096536159515,0.581506073474884,0.3724972903728485,-0.1947019249200821,0.6605448126792908,0.5647709369659424,0.42683082818984985,0.6989060640335083,0.0750586986541748,0.5699091553688049,0.3785596787929535,-0.19068384170532227,0.6468530297279358,0.5683175325393677,0.4281916320323944,0.6711143255233765,0.08346031606197357,0.5722160339355469,0.3840150237083435,-0.1714271903038025,0.6001080274581909,0.5717973113059998,0.5984679460525513,0.18735018372535706,0.9996287226676941,0.5335550308227539,0.5988278985023499,-0.18718165159225464,0.9996169209480286,0.60352623462677,0.6881067752838135,0.27798697352409363,0.7848230600357056,0.49205371737480164,0.7034842371940613,-0.13159969449043274,0.9790016412734985,0.6173610687255859,0.7853116989135742,0.35491785407066345,0.9274083971977234,0.3912295401096344,0.8008195757865906,-0.02640165016055107,0.9825777411460876,0.6077774167060852,0.8010982275009155,0.3550274670124054,0.8895905017852783,0.37486234307289124,0.814995527267456,-0.020570402964949608,0.9384578466415405,0.6983288526535034,0.8093982934951782,0.23767657577991486,0.9286944270133972,0.41014596819877625,0.8285645246505737,-0.1509193480014801,0.9709925055503845
132,0.6080321669578552,0.3997952342033386,-0.03538305312395096,0.9997011423110962,0.6004906296730042,0.3893592655658722,-0.018970448523759842,0.9996750354766846,0.5981873273849487,0.389152467250824,-0.018990976735949516,0.99949711561203,0.595050573348999,0.38887396454811096,-0.019045889377593994,0.9996033906936646,0.5993847846984863,0.3893066942691803,-0.08566418290138245,0.9997475147247314,0.5964175462722778,0.3889760971069336,-0.08587916940450668,0.9997351765632629,0.588411271572113,0.38812583684921265,-0.08591940999031067,0.9997550249099731,0.5677298903465271,0.39143282175064087,0.09273713827133179,0.9995070695877075,0.5643925070762634,0.3902101218700409,-0.20548030734062195,0.9997243881225586,0.6005995869636536,0.4102575182914734,0.015582149848341942,0.9992721676826477,0.5999093055725098,0.40966787934303284,-0.07153162360191345,0.9991762638092041,0.5486259460449219,0.4408325254917145,0.2860017418861389,0.9976591467857361,0.5346390008926392,0.43223458528518677,-0.35481831431388855,0.9987776875495911,0.5996885895729065,0.442065566778183,0.5004630088806152,0.07365540415048599,0.6037984490394592,0.4205043911933899,-0.3995506465435028,0.9366434216499329,0.5730456709861755,0.4172230660915375,0.608951210975647,0.07441990077495575,0.5706722736358643,0.39262500405311584,-0.1628778576850891,0.7115139365196228,0.5641264915466309,0.4121677279472351,0.6433543562889099,0.07290501892566681,0.5569790601730347,0.38219892978668213,-0.17913006246089935,0.6570790410041809,0.561436653137207,0.4132639467716217,0.623054563999176,0.07366426289081573,0.5438718199729919,0.3899243175983429,-0.18069328367710114,0.6435977220535278,0.5647122263908386,0.4153726398944855,0.5990536212921143,0.08199962973594666,0.5497892498970032,0.3920387029647827,-0.15712310373783112,0.5965359210968018,0.5720056891441345,0.6023769378662109,0.18597334623336792,0.9996206760406494,0.5353201031684875,0.6029386520385742,-0.18577724695205688,0.9996070265769958,0.5992052555084229,0.6965175271034241,0.30715587735176086,0.7837825417518616,0.49028581380844116,0.7088874578475952,-0.09901689738035202,0.9790442585945129,0.6173033118247986,0.7856960892677307,0.40819311141967773,0.9266195297241211,0.39048105478286743,0.7954979538917542,0.040596604347229004,0.9824392199516296,0.6072352528572083,0.8022361993789673,0.41132494807243347,0.8884138464927673,0.37349870800971985,0.8069592714309692,0.0501997172832489,0.9383226037025452,0.6944533586502075,0.8093963861465454,0.2979324758052826,0.9277150630950928,0.4069342017173767,0.8305686116218567,-0.0712619423866272,0.9707087874412537
133,0.6135067939758301,0.3988954722881317,-0.03557312488555908,0.9997107982635498,0.6012909412384033,0.38737332820892334,-0.018893307074904442,0.9996856451034546,0.5993450284004211,0.3870418965816498,-0.018911221995949745,0.9995133876800537,0.5966266393661499,0.3866625428199768,-0.018953172490000725,0.9996173977851868,0.5993513464927673,0.3873843252658844,-0.08531630784273148,0.9997560381889343,0.5960903167724609,0.38696929812431335,-0.0855306014418602,0.9997439980506897,0.5921443104743958,0.38643839955329895,-0.08554796874523163,0.9997625946998596,0.5754520893096924,0.38994744420051575,0.09411980211734772,0.9995271563529968,0.5655021667480469,0.3879637122154236,-0.20365837216377258,0.999733567237854,0.6036415696144104,0.4092569053173065,0.015554463490843773,0.9992981553077698,0.602412223815918,0.40833425521850586,-0.07134067267179489,0.9992038011550903,0.5524652600288391,0.44146856665611267,0.29287806153297424,0.9977276921272278,0.535049319267273,0.4345962703227997,-0.35481077432632446,0.9988180994987488,0.6074933409690857,0.44783592224121094,0.5132477879524231,0.07182899862527847,0.6178747415542603,0.40805548429489136,-0.40799248218536377,0.9372830986976624,0.5844350457191467,0.4327607750892639,0.6264979243278503,0.07233522832393646,0.59364914894104,0.38074207305908203,-0.15938417613506317,0.7088740468025208,0.5772696733474731,0.42990440130233765,0.6618939638137817,0.07112427055835724,0.5894656777381897,0.37208428978919983,-0.1755673885345459,0.653393566608429,0.5737031102180481,0.4317609369754791,0.640325129032135,0.0719357505440712,0.5799921751022339,0.3783959150314331,-0.1690637320280075,0.6397383213043213,0.5759626030921936,0.43290433287620544,0.6163158416748047,0.08014913648366928,0.581622302532196,0.3834058344364166,-0.15016427636146545,0.5924018025398254,0.5770216584205627,0.5996978282928467,0.18651767075061798,0.9996294379234314,0.5357019305229187,0.6016590595245361,-0.18637430667877197,0.9996174573898315,0.599892258644104,0.6939080953598022,0.30318450927734375,0.7817163467407227,0.490975558757782,0.7054386734962463,-0.10357136279344559,0.9790804982185364,0.6203756928443909,0.7862666845321655,0.40423905849456787,0.9249823093414307,0.38837072253227234,0.7996308207511902,0.021350791677832603,0.9824179410934448,0.6115531921386719,0.801750898361206,0.4075608253479004,0.8866046667098999,0.3707379400730133,0.8072449564933777,0.029651179909706116,0.9385601878166199,0.6930736303329468,0.8103339076042175,0.3002818822860718,0.9263851642608643,0.40211671590805054,0.8318227529525757,-0.09011103212833405,0.970680832862854
134,0.6013566255569458,0.3962227702140808,-0.033042192459106445,0.9997227787971497,0.5946070551872253,0.38856908679008484,-0.015649372711777687,0.9996979832649231,0.5895363092422485,0.38829848170280457,-0.015685131773352623,0.9995319247245789,0.5874359011650085,0.3881748914718628,-0.015745200216770172,0.9996339082717896,0.5879745483398438,0.3859410583972931,-0.08137766271829605,0.9997662305831909,0.5854557156562805,0.3857956826686859,-0.0815923735499382,0.999754786491394,0.5823082327842712,0.3854562044143677,-0.08160620927810669,0.9997726678848267,0.5653561353683472,0.3916124403476715,0.10378152132034302,0.9995521306991577,0.5615982413291931,0.38952773809432983,-0.19107747077941895,0.9997463226318359,0.59538733959198,0.40794092416763306,0.020058464258909225,0.999329149723053,0.5901325345039368,0.4067031145095825,-0.06590405106544495,0.9992420077323914,0.5492969751358032,0.4405379295349121,0.30214810371398926,0.9978000521659851,0.5332128405570984,0.43242815136909485,-0.33528217673301697,0.9988462924957275,0.606951117515564,0.44122645258903503,0.5170643329620361,0.07213252782821655,0.6084232330322266,0.40758049488067627,-0.3979068696498871,0.9383417367935181,0.5793597102165222,0.4197850227355957,0.6290812492370605,0.07216411828994751,0.5844893455505371,0.38219401240348816,-0.14653469622135162,0.706834077835083,0.5712881684303284,0.4153633713722229,0.6628849506378174,0.07096768170595169,0.5761489868164062,0.3718354105949402,-0.15999126434326172,0.6499103903770447,0.5673174262046814,0.4179149568080902,0.6449820399284363,0.07181832194328308,0.5681136250495911,0.379648357629776,-0.15283049643039703,0.6361243724822998,0.5695197582244873,0.41995158791542053,0.6196900606155396,0.08018264919519424,0.5703675746917725,0.3848938047885895,-0.1377381831407547,0.589695394039154,0.5758901238441467,0.598149836063385,0.1808437705039978,0.9996434450149536,0.5328067541122437,0.5993493795394897,-0.1807669848203659,0.9996296167373657,0.6017570495605469,0.6948787569999695,0.27794620394706726,0.7833759784698486,0.4912275969982147,0.7057039737701416,-0.11433562636375427,0.9792540669441223,0.6195034384727478,0.7869330644607544,0.36437568068504333,0.92512446641922,0.3889855444431305,0.7965119481086731,0.004955099895596504,0.982627809047699,0.6099716424942017,0.8018056154251099,0.36666133999824524,0.8866727948188782,0.37056460976600647,0.8031570315361023,0.012591386213898659,0.939132809638977,0.6921359300613403,0.8111975789070129,0.258139044046402,0.9267258048057556,0.40348541736602783,0.8301523327827454,-0.11027201265096664,0.9709511995315552
135,0.599485456943512,0.3943062424659729,-0.03402429819107056,0.9997304677963257,0.5907213687896729,0.3849404752254486,-0.017158661037683487,0.9997072219848633,0.5888282656669617,0.38481369614601135,-0.017178891226649284,0.999546468257904,0.5863770246505737,0.3846963942050934,-0.017219303175807,0.9996452927589417,0.5881013870239258,0.38340023159980774,-0.08416073769330978,0.9997747540473938,0.5850360989570618,0.3831896483898163,-0.08437102288007736,0.9997643232345581,0.5787022709846497,0.3827266991138458,-0.08439187705516815,0.9997808933258057,0.5627627372741699,0.389100581407547,0.09736771136522293,0.9995691776275635,0.5593802332878113,0.38718098402023315,-0.20241190493106842,0.9997565150260925,0.5941355228424072,0.4056359529495239,0.01773747429251671,0.9993501901626587,0.5928976535797119,0.4045765995979309,-0.06983136385679245,0.9992644786834717,0.5468707084655762,0.44085413217544556,0.29732221364974976,0.9978157877922058,0.529647171497345,0.43315085768699646,-0.35348430275917053,0.9988546967506409,0.6043540835380554,0.43588459491729736,0.535932719707489,0.0707593485713005,0.6181312203407288,0.4129638075828552,-0.41048434376716614,0.938249945640564,0.57783442735672,0.40889376401901245,0.6763620376586914,0.07092484086751938,0.5783877372741699,0.3808305561542511,-0.1759497970342636,0.7052152156829834,0.5688164234161377,0.4029765725135803,0.7161682844161987,0.06992960721254349,0.5746429562568665,0.3733344078063965,-0.19264258444309235,0.6489728689193726,0.5659146904945374,0.40456825494766235,0.6960704922676086,0.07082249969244003,0.5634907484054565,0.37899985909461975,-0.1907815784215927,0.6352973580360413,0.5692427158355713,0.40698596835136414,0.6675016283988953,0.07922841608524323,0.5664236545562744,0.38398751616477966,-0.16895471513271332,0.5885905027389526,0.571122944355011,0.6009343862533569,0.18769080936908722,0.9996460676193237,0.5334938764572144,0.5985991954803467,-0.18751424551010132,0.9996302127838135,0.6015127897262573,0.6961907148361206,0.30084228515625,0.7824804186820984,0.4865511953830719,0.7059913277626038,-0.10538328438997269,0.9793024063110352,0.6184602379798889,0.7867439389228821,0.3909800350666046,0.9247954487800598,0.3869975507259369,0.7977582812309265,0.01766526699066162,0.9826697707176208,0.6094619035720825,0.8036947846412659,0.39303624629974365,0.885954737663269,0.3697139620780945,0.8040892481803894,0.026011474430561066,0.9394288659095764,0.6969151496887207,0.8099294900894165,0.27872124314308167,0.9263128042221069,0.40167996287345886,0.8320325613021851,-0.09533962607383728,0.9710378050804138
136,0.6060807704925537,0.39845117926597595,-0.03183172270655632,0.9997395873069763,0.5959998369216919,0.3891419470310211,-0.015245884656906128,0.9997180104255676,0.5939767956733704,0.3889806866645813,-0.015254267491400242,0.9995638728141785,0.5911766886711121,0.3886292576789856,-0.015272014774382114,0.9996592998504639,0.5949163436889648,0.38901403546333313,-0.08353862911462784,0.9997825026512146,0.5921919345855713,0.3886406719684601,-0.08375726640224457,0.9997721910476685,0.5887454152107239,0.3880203664302826,-0.08377493917942047,0.9997876882553101,0.5636258125305176,0.390644907951355,0.09670338779687881,0.9995858669281006,0.5603100657463074,0.38899165391921997,-0.20879176259040833,0.999764084815979,0.595848560333252,0.40968114137649536,0.019386189058423042,0.9993721842765808,0.5950605869293213,0.408703476190567,-0.06977929919958115,0.9992836117744446,0.5436561703681946,0.442513108253479,0.30569562315940857,0.9978926181793213,0.5260566473007202,0.4306466281414032,-0.370782732963562,0.9989016652107239,0.5984441041946411,0.45209455490112305,0.5275240540504456,0.06870588660240173,0.614712119102478,0.4097600281238556,-0.42230740189552307,0.9392136335372925,0.5716823935508728,0.43365299701690674,0.6358005404472351,0.0691722109913826,0.5855246186256409,0.3756890594959259,-0.1777610182762146,0.7083348035812378,0.5626690983772278,0.43029507994651794,0.6735541224479675,0.06847090274095535,0.5730811357498169,0.36255279183387756,-0.19612041115760803,0.6523666381835938,0.559720516204834,0.43049290776252747,0.6514423489570618,0.0693989247083664,0.5620682835578918,0.36751994490623474,-0.1892797201871872,0.6387031674385071,0.5628638863563538,0.43153050541877747,0.6254140734672546,0.07762797176837921,0.564185619354248,0.3732655942440033,-0.16797101497650146,0.5911949872970581,0.5723305940628052,0.6012147068977356,0.19566035270690918,0.999652087688446,0.5320704579353333,0.5983900427818298,-0.19547830522060394,0.9996390342712402,0.599442183971405,0.6925973296165466,0.3290928304195404,0.7781592011451721,0.49055802822113037,0.7063334584236145,-0.10205956548452377,0.9792866110801697,0.6182572245597839,0.7842613458633423,0.42659512162208557,0.9232430458068848,0.3883172869682312,0.7995790839195251,0.025524428114295006,0.9825122356414795,0.6098235249519348,0.8010275959968567,0.42910128831863403,0.8844542503356934,0.3696219027042389,0.8078252673149109,0.03421986848115921,0.939252495765686,0.6932131052017212,0.8078698515892029,0.3185151219367981,0.9250981211662292,0.40087834000587463,0.8306401968002319,-0.08576375246047974,0.9709036946296692
137,0.6013559699058533,0.3983865976333618,-0.04850451275706291,0.9997491836547852,0.594143807888031,0.3876819908618927,-0.03045411966741085,0.99973064661026,0.5922269225120544,0.38747119903564453,-0.03044554404914379,0.9995830655097961,0.5896042585372925,0.38720330595970154,-0.03046620637178421,0.9996737241744995,0.5922852754592896,0.38766899704933167,-0.09846588969230652,0.9997925162315369,0.5891600847244263,0.3873455822467804,-0.09867249429225922,0.9997826218605042,0.5815542340278625,0.3866468667984009,-0.09870249778032303,0.9997968673706055,0.5643134713172913,0.39079445600509644,0.08917994052171707,0.9996054172515869,0.5580528378486633,0.3897591531276703,-0.21444670855998993,0.9997749328613281,0.5946775674819946,0.40893059968948364,0.005214428994804621,0.9993948340415955,0.5932204127311707,0.4081672728061676,-0.08348800241947174,0.9993089437484741,0.5501998662948608,0.44056275486946106,0.30043742060661316,0.997893214225769,0.5289660096168518,0.4338417947292328,-0.36676719784736633,0.9989169836044312,0.60999596118927,0.439301073551178,0.5168986916542053,0.06747361272573471,0.6016004681587219,0.41292446851730347,-0.4127085506916046,0.9390857219696045,0.5802203416824341,0.4088931679725647,0.6199381947517395,0.06831024587154388,0.5761075019836426,0.3790660500526428,-0.1731843203306198,0.707852840423584,0.5698785781860352,0.40174224972724915,0.655741810798645,0.06781892478466034,0.5650341510772705,0.37259238958358765,-0.1886959969997406,0.6530265212059021,0.566505491733551,0.403471976518631,0.637466311454773,0.06876981258392334,0.5547996759414673,0.3777211010456085,-0.18634454905986786,0.6394183039665222,0.5698072910308838,0.40642207860946655,0.610556423664093,0.07698273658752441,0.5583345293998718,0.38298580050468445,-0.1650635451078415,0.5917783379554749,0.5730671286582947,0.5990157723426819,0.19594939053058624,0.9996601343154907,0.5317317843437195,0.6016454100608826,-0.19575664401054382,0.9996503591537476,0.6014084219932556,0.6948108673095703,0.3226141929626465,0.7738795876502991,0.4899297058582306,0.7076188325881958,-0.11730717122554779,0.9793086647987366,0.6169540286064148,0.7856358885765076,0.4221479892730713,0.9212355613708496,0.3888339102268219,0.7961650490760803,0.002002935390919447,0.9825245141983032,0.6083841323852539,0.8003475666046143,0.42556703090667725,0.8834575414657593,0.368733286857605,0.8032175302505493,0.01009837631136179,0.9398303031921387,0.6946311593055725,0.8097385168075562,0.32392874360084534,0.9237401485443115,0.40613648295402527,0.8310267925262451,-0.10607979446649551,0.9709159135818481
138,0.5928597450256348,0.3950885832309723,-0.06764598190784454,0.999760627746582,0.5836499333381653,0.3849044144153595,-0.04662568122148514,0.9997416138648987,0.5828605890274048,0.3848472237586975,-0.04663240164518356,0.999599039554596,0.5813172459602356,0.384621262550354,-0.04665697365999222,0.9996874332427979,0.5805049538612366,0.384875625371933,-0.1145339086651802,0.9998015761375427,0.5777343511581421,0.3847004771232605,-0.11474336683750153,0.9997920989990234,0.574606716632843,0.3843209147453308,-0.11476253718137741,0.9998058676719666,0.5611104965209961,0.38966283202171326,0.08849947154521942,0.9996235966682434,0.5486425161361694,0.38587501645088196,-0.2158018946647644,0.9997859001159668,0.5832729339599609,0.40601199865341187,-0.009088999591767788,0.9994239807128906,0.5800923705101013,0.40484994649887085,-0.0977717936038971,0.9993445873260498,0.5500332713127136,0.4392654001712799,0.29999664425849915,0.9979152679443359,0.5177322626113892,0.4333113431930542,-0.3596208393573761,0.9989084601402283,0.6185300350189209,0.43065792322158813,0.51382976770401,0.07106591016054153,0.5903984904289246,0.4096227288246155,-0.45408615469932556,0.9410820603370667,0.5898544192314148,0.39929792284965515,0.6126435995101929,0.0715780258178711,0.5795567631721497,0.37243780493736267,-0.23332561552524567,0.7101540565490723,0.5809646844863892,0.3920407295227051,0.6420533061027527,0.07037781924009323,0.5792235732078552,0.3649281859397888,-0.2552909553050995,0.6530046463012695,0.5759114027023315,0.39487314224243164,0.626598596572876,0.07134026288986206,0.5727531909942627,0.3724597096443176,-0.24582448601722717,0.6392019391059875,0.5784417986869812,0.39806875586509705,0.6033380031585693,0.07994212210178375,0.5744344592094421,0.3777783513069153,-0.22467131912708282,0.5922290682792664,0.5751698613166809,0.5975212454795837,0.18835006654262543,0.9996666312217712,0.5287272930145264,0.5987987518310547,-0.18824322521686554,0.9996544122695923,0.599827229976654,0.692925751209259,0.2922411561012268,0.7736372947692871,0.4904283881187439,0.7063428163528442,-0.11785533279180527,0.9793444871902466,0.6158405542373657,0.7836544513702393,0.3941032290458679,0.920610249042511,0.38890668749809265,0.7989407777786255,0.008887385949492455,0.98260098695755,0.6049041748046875,0.799573540687561,0.39722299575805664,0.8828141093254089,0.3696582019329071,0.805934727191925,0.01634015329182148,0.9396535754203796,0.6925878524780273,0.8088266849517822,0.2838912904262543,0.9235239028930664,0.4092884659767151,0.8329222202301025,-0.11556289345026016,0.9709531664848328
139,0.5966727137565613,0.40011104941368103,-0.03281000629067421,0.9997690320014954,0.5918628573417664,0.3900420367717743,-0.013475307263433933,0.9997485280036926,0.5904596447944641,0.3899066150188446,-0.01345695462077856,0.9996087551116943,0.5882899165153503,0.389687180519104,-0.013468682765960693,0.9996957182884216,0.5895903706550598,0.3898305594921112,-0.08024435490369797,0.9998084902763367,0.5866827964782715,0.38943198323249817,-0.0804574191570282,0.999799370765686,0.5765694975852966,0.3884032666683197,-0.08046954870223999,0.9998124837875366,0.561435878276825,0.39240777492523193,0.10587476193904877,0.9996351003646851,0.5571540594100952,0.3950017988681793,-0.19319294393062592,0.9997936487197876,0.5914246439933777,0.4109180271625519,0.02011917531490326,0.9994440674781799,0.5896874666213989,0.4101763367652893,-0.06719423085451126,0.9993692636489868,0.5482592582702637,0.44052523374557495,0.30382275581359863,0.9979349970817566,0.5253239274024963,0.43253278732299805,-0.34239912033081055,0.9989292621612549,0.6120272874832153,0.43056371808052063,0.5102882385253906,0.07314276695251465,0.602629542350769,0.4113762676715851,-0.4136597812175751,0.9426922798156738,0.5831471681594849,0.39759308099746704,0.6029618382453918,0.07423460483551025,0.581573486328125,0.37702804803848267,-0.19325776398181915,0.713875412940979,0.5735281705856323,0.3897218108177185,0.6321906447410583,0.07266777753829956,0.5718239545822144,0.36611872911453247,-0.21567125618457794,0.6554785966873169,0.5654798746109009,0.3909311890602112,0.6146488785743713,0.07360770553350449,0.5633162260055542,0.37338536977767944,-0.2096766233444214,0.641523540019989,0.5648854970932007,0.3921671509742737,0.5931812524795532,0.08238422870635986,0.5662262439727783,0.37835103273391724,-0.1857328861951828,0.5947148203849792,0.5747654438018799,0.6010839343070984,0.1897875964641571,0.9996696710586548,0.5312963128089905,0.5980589389801025,-0.18960537016391754,0.999656617641449,0.5997054576873779,0.6913929581642151,0.2862740457057953,0.771845817565918,0.49315088987350464,0.7040334343910217,-0.1258157342672348,0.9794456958770752,0.6177430748939514,0.7846466302871704,0.36933133006095886,0.9197934865951538,0.3875197470188141,0.7981451749801636,-0.018369464203715324,0.982723593711853,0.6088337302207947,0.799934446811676,0.37005603313446045,0.8821498155593872,0.3699679374694824,0.8050527572631836,-0.012754916213452816,0.94013512134552,0.6942917704582214,0.8079893589019775,0.2575143575668335,0.9228676557540894,0.4048660099506378,0.8329415917396545,-0.1386815458536148,0.9710928797721863
140,0.598373532295227,0.3996219038963318,-0.05784199759364128,0.9997762441635132,0.5871864557266235,0.3891974985599518,-0.03771967813372612,0.9997569918632507,0.5860189199447632,0.38917282223701477,-0.03769608959555626,0.9996209144592285,0.5839592218399048,0.38905319571495056,-0.03770410269498825,0.9997050166130066,0.5850552320480347,0.38887614011764526,-0.10530544072389603,0.9998154044151306,0.5824676752090454,0.38851407170295715,-0.1055065244436264,0.9998065233230591,0.5792028307914734,0.38802382349967957,-0.10552653670310974,0.9998188018798828,0.5622198581695557,0.3922068476676941,0.08921422064304352,0.9996473789215088,0.5500548481941223,0.38984185457229614,-0.21293318271636963,0.9998006224632263,0.5868675708770752,0.41031602025032043,-0.002028591465204954,0.9994603395462036,0.5852715373039246,0.4094863533973694,-0.09023211896419525,0.9993876814842224,0.5462079644203186,0.44078537821769714,0.2963228225708008,0.9979323148727417,0.5165941119194031,0.43333250284194946,-0.36158427596092224,0.9989326000213623,0.6150060892105103,0.43385398387908936,0.4989784061908722,0.07409993559122086,0.6054023504257202,0.41333645582199097,-0.4385935962200165,0.9435544013977051,0.5812406539916992,0.4040876626968384,0.5847867131233215,0.0754879042506218,0.571733295917511,0.3835558295249939,-0.2348431944847107,0.7179052829742432,0.570361316204071,0.39719370007514954,0.6127211451530457,0.07366818934679031,0.5596625804901123,0.3722832500934601,-0.2589138150215149,0.6599718332290649,0.5503019094467163,0.397797554731369,0.5966410636901855,0.07462869584560394,0.5511444211006165,0.3782438039779663,-0.2555641531944275,0.6461911201477051,0.5689253807067871,0.4025024175643921,0.5751679539680481,0.08352471143007278,0.5548820495605469,0.383390873670578,-0.22822365164756775,0.5995762944221497,0.5745307207107544,0.6029470562934875,0.1917109191417694,0.999679684638977,0.5313363671302795,0.6004873514175415,-0.19151253998279572,0.9996685981750488,0.6001077890396118,0.6941636204719543,0.3068436086177826,0.769585371017456,0.4917345345020294,0.7053967714309692,-0.11998341977596283,0.9794182181358337,0.6176566481590271,0.784987211227417,0.40700018405914307,0.9181045889854431,0.3887740671634674,0.7976294159889221,-0.0004682950384449214,0.9827553629875183,0.6094046235084534,0.8005561232566833,0.40975654125213623,0.8808525800704956,0.3698827922344208,0.8056118488311768,0.006717435549944639,0.9405132532119751,0.6930924654006958,0.8095699548721313,0.30236512422561646,0.9216672778129578,0.4041855037212372,0.8296473622322083,-0.11512448638677597,0.9711139798164368
141,0.602763831615448,0.4012971520423889,-0.017967263236641884,0.9997879266738892,0.5916101932525635,0.3903820812702179,4.823095150641166e-05,0.9997681379318237,0.5900673270225525,0.3901556432247162,6.369951734086499e-05,0.9996381998062134,0.5878463983535767,0.3898462653160095,6.537980516441166e-05,0.9997189044952393,0.589629590511322,0.3903124928474426,-0.06665868312120438,0.9998251795768738,0.5867796540260315,0.3899114429950714,-0.06687746942043304,0.9998171329498291,0.5835186839103699,0.3893665373325348,-0.06687566637992859,0.999828577041626,0.5608442425727844,0.39165881276130676,0.11640924215316772,0.999665379524231,0.5559693574905396,0.3898199200630188,-0.1824750304222107,0.9998117685317993,0.5921044945716858,0.411403626203537,0.03367771580815315,0.999488890171051,0.5905889868736267,0.41051334142684937,-0.053525496274232864,0.9994227290153503,0.5466548204421997,0.44211339950561523,0.31908977031707764,0.9980236887931824,0.5239590406417847,0.43361055850982666,-0.34061846137046814,0.9989973902702332,0.6001564264297485,0.4366961419582367,0.5670942068099976,0.07342734187841415,0.5970024466514587,0.41313108801841736,-0.4299781620502472,0.9460647702217102,0.581314742565155,0.4098607301712036,0.7209634184837341,0.07563617080450058,0.5906306505203247,0.3811991810798645,-0.22243420779705048,0.7252095341682434,0.5751503109931946,0.4036294221878052,0.7617896199226379,0.07394059747457504,0.5849373936653137,0.3710992932319641,-0.24314892292022705,0.6663429141044617,0.5724185109138489,0.40620532631874084,0.7400451302528381,0.07488523423671722,0.5783199667930603,0.37794268131256104,-0.23399019241333008,0.6524525284767151,0.5744658708572388,0.4086648225784302,0.7115908861160278,0.0838630422949791,0.5795614719390869,0.3828965723514557,-0.2135353982448578,0.6058569550514221,0.5737767815589905,0.5967454314231873,0.19206851720809937,0.9996897578239441,0.5318071842193604,0.5985230207443237,-0.1919778287410736,0.9996801614761353,0.5987154245376587,0.6916879415512085,0.2816101908683777,0.7692517638206482,0.4946293532848358,0.7044586539268494,-0.1311880648136139,0.9796698093414307,0.617341935634613,0.7849169969558716,0.35647836327552795,0.9188597798347473,0.3904336392879486,0.7980151772499084,-0.03519046679139137,0.9831933379173279,0.6085492372512817,0.8008869290351868,0.3566873073577881,0.8819351196289062,0.37162142992019653,0.8061841130256653,-0.029788518324494362,0.9418678283691406,0.6956756711006165,0.8080905079841614,0.24645933508872986,0.9225327372550964,0.40600886940956116,0.8319830298423767,-0.1539996713399887,0.971869945526123
142,0.5957385301589966,0.3997526466846466,-0.008747425861656666,0.9997895359992981,0.5897960066795349,0.3889888525009155,0.007592338137328625,0.9997645616531372,0.5814914703369141,0.3882567286491394,0.007593818940222263,0.9996339082717896,0.5794678926467896,0.3881014585494995,0.0075784665532410145,0.9997164011001587,0.5884758234024048,0.38897523283958435,-0.05771869421005249,0.9998246431350708,0.579301118850708,0.3881675601005554,-0.057938769459724426,0.9998177289962769,0.5767291784286499,0.3878679871559143,-0.05796537920832634,0.9998292326927185,0.5589979887008667,0.391302227973938,0.11730727553367615,0.9996626973152161,0.5566659569740295,0.38950157165527344,-0.17537929117679596,0.9998131990432739,0.5903574824333191,0.41058462858200073,0.04062141850590706,0.9994949698448181,0.5892452597618103,0.4098268747329712,-0.044735122472047806,0.999435305595398,0.5445981025695801,0.4452236294746399,0.3173466622829437,0.9980452060699463,0.5258699655532837,0.43339693546295166,-0.33002346754074097,0.9990289211273193,0.5955617427825928,0.438743531703949,0.5681142210960388,0.07333678752183914,0.5957452058792114,0.41237276792526245,-0.4176168143749237,0.9477586150169373,0.579382061958313,0.4038051664829254,0.7321143746376038,0.0761718600988388,0.5883548855781555,0.37950804829597473,-0.20073674619197845,0.7293738722801208,0.5731973648071289,0.3951359987258911,0.7744729518890381,0.07440363615751266,0.5827378034591675,0.36908257007598877,-0.22142507135868073,0.6691155433654785,0.5731057524681091,0.39768752455711365,0.7524882555007935,0.07534954696893692,0.5762658715248108,0.37665027379989624,-0.21100552380084991,0.6549951434135437,0.5750890374183655,0.40104517340660095,0.7225390672683716,0.08450154960155487,0.5775805711746216,0.3817644715309143,-0.19198812544345856,0.6085497140884399,0.5627489686012268,0.6000844240188599,0.18506459891796112,0.9996856451034546,0.5315887928009033,0.5973695516586304,-0.18497906625270844,0.9996765851974487,0.596486508846283,0.6941775679588318,0.27868714928627014,0.7680025696754456,0.4983559548854828,0.7036860585212708,-0.11763647943735123,0.9795128107070923,0.6217918395996094,0.7852628231048584,0.3532840311527252,0.9188234806060791,0.3907545804977417,0.7994781732559204,-0.019026493653655052,0.9832149147987366,0.613323450088501,0.8009251356124878,0.35371512174606323,0.8811814188957214,0.3744608759880066,0.808474600315094,-0.014156087301671505,0.9415602684020996,0.6949066519737244,0.8075791597366333,0.23858670890331268,0.9224632978439331,0.41586142778396606,0.8308284878730774,-0.14594316482543945,0.971900463104248
143,0.5975116491317749,0.39996281266212463,-0.02667333371937275,0.9997993111610413,0.5895900130271912,0.388784795999527,-0.009054361842572689,0.9997745752334595,0.5882126688957214,0.388589084148407,-0.009048043750226498,0.999649167060852,0.5818225145339966,0.38791951537132263,-0.00905419047921896,0.9997286200523376,0.5871606469154358,0.3885013163089752,-0.07597901672124863,0.9998329877853394,0.5798181891441345,0.3876476287841797,-0.07619408518075943,0.9998266696929932,0.575718343257904,0.3854321837425232,-0.07621867209672928,0.9998376965522766,0.5608783960342407,0.3912467360496521,0.10862312465906143,0.9996790885925293,0.5570715069770813,0.38928931951522827,-0.19127808511257172,0.9998235702514648,0.5926071405410767,0.41021040081977844,0.025931015610694885,0.9995177388191223,0.5904610753059387,0.40910133719444275,-0.06160454824566841,0.9994645714759827,0.5473310947418213,0.44092029333114624,0.31467223167419434,0.9980897307395935,0.5267109870910645,0.43432286381721497,-0.3388287127017975,0.9990689158439636,0.6057709455490112,0.4352536201477051,0.5424498319625854,0.07358651608228683,0.5941442251205444,0.41499701142311096,-0.3953765630722046,0.9488022923469543,0.5796080231666565,0.40378379821777344,0.6708495616912842,0.07597137987613678,0.5837669372558594,0.3843551278114319,-0.14296363294124603,0.7286800742149353,0.5709432363510132,0.3961099088191986,0.7085191011428833,0.07397427409887314,0.5769563317298889,0.3744331896305084,-0.15774759650230408,0.6669330596923828,0.5474528074264526,0.4023636281490326,0.690701425075531,0.07490833103656769,0.5704306364059448,0.38193628191947937,-0.14910298585891724,0.6525970101356506,0.5709179639816284,0.40226832032203674,0.661893367767334,0.08413770794868469,0.5720871686935425,0.386886864900589,-0.13318009674549103,0.6064369678497314,0.5708330273628235,0.596223771572113,0.18970301747322083,0.9996911287307739,0.52945476770401,0.5981894135475159,-0.1895938366651535,0.9996837377548218,0.5960134267807007,0.6919088363647461,0.29392269253730774,0.767126739025116,0.49441149830818176,0.7036116719245911,-0.11664862930774689,0.9795210361480713,0.6152116656303406,0.7851595282554626,0.37177902460098267,0.9189223051071167,0.38970088958740234,0.7960034608840942,-0.015219384804368019,0.9833360314369202,0.6063487529754639,0.8017913699150085,0.37295299768447876,0.8812229037284851,0.36976930499076843,0.8033812046051025,-0.009589758701622486,0.9417629837989807,0.6940125823020935,0.8084259033203125,0.26271575689315796,0.9227005243301392,0.4067419469356537,0.8311517834663391,-0.13626420497894287,0.9720644950866699
144,0.5989481210708618,0.40243321657180786,-0.012852804735302925,0.999787449836731,0.5926386117935181,0.39230215549468994,0.004931993316859007,0.9997576475143433,0.5913612246513367,0.3920682966709137,0.004953480791300535,0.9996211528778076,0.583651602268219,0.39121827483177185,0.004948121029883623,0.9997092485427856,0.5909267067909241,0.3922668993473053,-0.06041552871465683,0.999822735786438,0.5824052691459656,0.3914652466773987,-0.060649361461400986,0.9998164772987366,0.579654335975647,0.3910287022590637,-0.060681767761707306,0.9998301863670349,0.5635082125663757,0.39959919452667236,0.11888579279184341,0.9996551871299744,0.5590664744377136,0.392031729221344,-0.17410890758037567,0.9998153448104858,0.593953013420105,0.4129769206047058,0.03815868869423866,0.9994848966598511,0.587176501750946,0.41223660111427307,-0.04742801934480667,0.9994387030601501,0.5427801012992859,0.44937801361083984,0.306330144405365,0.9979482293128967,0.5289811491966248,0.4333356022834778,-0.3137545883655548,0.9990277290344238,0.6057854294776917,0.4331246018409729,0.5232625603675842,0.07496142387390137,0.6032270789146423,0.4099527597427368,-0.37219271063804626,0.9484097957611084,0.5745484232902527,0.4022597670555115,0.642108142375946,0.0763230100274086,0.5741463303565979,0.38733235001564026,-0.13238970935344696,0.7243263721466064,0.5640034079551697,0.3953969180583954,0.6752268671989441,0.07402528822422028,0.5640019178390503,0.37805888056755066,-0.14948444068431854,0.661268413066864,0.5504700541496277,0.392874151468277,0.6590498685836792,0.0749073252081871,0.5584415197372437,0.3830508291721344,-0.14475563168525696,0.6469531059265137,0.5503342151641846,0.40160080790519714,0.6335926055908203,0.08418972790241241,0.5597230195999146,0.39042240381240845,-0.12539590895175934,0.6014723181724548,0.5580671429634094,0.6022716164588928,0.1809448003768921,0.999667227268219,0.5339117646217346,0.601729154586792,-0.18080762028694153,0.9996638298034668,0.5956424474716187,0.6948537230491638,0.2723466157913208,0.7632169723510742,0.49433767795562744,0.7066635489463806,-0.1167997270822525,0.9789036512374878,0.6103053689002991,0.7977920174598694,0.34505170583724976,0.91707843542099,0.39419054985046387,0.8010765910148621,-0.016651375219225883,0.9827923774719238,0.6023870706558228,0.7986814975738525,0.34506750106811523,0.8797052502632141,0.37922924757003784,0.8155912160873413,-0.011874612420797348,0.9405248761177063,0.687990128993988,0.8071091175079346,0.23029732704162598,0.9215103983879089,0.42815688252449036,0.8318998217582703,-0.14042241871356964,0.9713637828826904
145,0.5943986177444458,0.3959941267967224,-0.03194785118103027,0.9997939467430115,0.585788369178772,0.3850630521774292,-0.01647353358566761,0.9997665286064148,0.5812110900878906,0.38460442423820496,-0.016496364027261734,0.9996351599693298,0.5795161724090576,0.3842257857322693,-0.016525592654943466,0.9997190237045288,0.579706072807312,0.3850889205932617,-0.0825054794549942,0.9998293519020081,0.5772970914840698,0.3849325180053711,-0.08272671699523926,0.9998234510421753,0.5745182037353516,0.3846117854118347,-0.08275173604488373,0.9998363256454468,0.5607799291610718,0.38942039012908936,0.09620179980993271,0.9996703267097473,0.5568013787269592,0.3867819905281067,-0.19828210771083832,0.9998236298561096,0.5899905562400818,0.4065537750720978,0.019500790163874626,0.9995073676109314,0.5837004780769348,0.4056696891784668,-0.06645815074443817,0.9994643330574036,0.5463885068893433,0.4397489130496979,0.3051546812057495,0.9980220794677734,0.5272231698036194,0.4345369040966034,-0.35055673122406006,0.9990754127502441,0.6043303608894348,0.44008713960647583,0.5504656434059143,0.07303377240896225,0.5949336886405945,0.42095673084259033,-0.40834489464759827,0.9494946599006653,0.578158974647522,0.4112667739391327,0.7015336751937866,0.0749589055776596,0.5875285267829895,0.38788050413131714,-0.17363789677619934,0.7277962565422058,0.568760097026825,0.40513262152671814,0.7436223030090332,0.07293672114610672,0.5823465585708618,0.3781856298446655,-0.18676866590976715,0.6656946539878845,0.5663599371910095,0.4066081941127777,0.7254928946495056,0.07379034161567688,0.5762192606925964,0.38353121280670166,-0.18075811862945557,0.6512823700904846,0.5691210031509399,0.409377783536911,0.6938937306404114,0.08302628993988037,0.5762123465538025,0.38818296790122986,-0.16412274539470673,0.6056432127952576,0.5723270773887634,0.5958282351493835,0.1869983822107315,0.9996821880340576,0.528101921081543,0.5983574986457825,-0.1869312971830368,0.9996806979179382,0.5989375114440918,0.6922972202301025,0.30321505665779114,0.765211820602417,0.4926421046257019,0.7049878835678101,-0.10279198735952377,0.9791649580001831,0.6151783466339111,0.7851278781890869,0.3885314464569092,0.9181674122810364,0.3874451816082001,0.7967233061790466,-0.0003730549360625446,0.9830237627029419,0.6051903963088989,0.8005324006080627,0.3910861313343048,0.8817117214202881,0.3696672022342682,0.8040243983268738,0.0062487744726240635,0.9414505362510681,0.698561429977417,0.8091200590133667,0.28594711422920227,0.9224416017532349,0.40777164697647095,0.8295050263404846,-0.11854898184537888,0.9716083407402039
146,0.6062746047973633,0.40342575311660767,-0.03538891300559044,0.9998013973236084,0.5963919162750244,0.39334461092948914,-0.01359421294182539,0.9997734427452087,0.5955520272254944,0.39295491576194763,-0.013563813641667366,0.9996442794799805,0.5939891338348389,0.3924301862716675,-0.01355836447328329,0.9997265934944153,0.5934680700302124,0.39341554045677185,-0.08081839233636856,0.9998354911804199,0.590666651725769,0.3929941952228546,-0.08107123523950577,0.9998294711112976,0.586184561252594,0.388650506734848,-0.08109702914953232,0.9998424053192139,0.5758746862411499,0.39439278841018677,0.1135038360953331,0.9996800422668457,0.5611317753791809,0.3930022418498993,-0.18815705180168152,0.9998310804367065,0.5970397591590881,0.4124102294445038,0.020022137090563774,0.9995216131210327,0.5932954549789429,0.40877068042755127,-0.06803374737501144,0.999485194683075,0.5520551800727844,0.44311824440956116,0.3134554624557495,0.9980489015579224,0.5216514468193054,0.4338100552558899,-0.3353697657585144,0.999117374420166,0.6116713285446167,0.4275311231613159,0.5091239809989929,0.0745198205113411,0.5760342478752136,0.40663689374923706,-0.4066334068775177,0.9515068531036377,0.5736255049705505,0.39713048934936523,0.5963779091835022,0.07600093632936478,0.5719327330589294,0.37569180130958557,-0.17780618369579315,0.7329363822937012,0.5619726181030273,0.3901436924934387,0.6240617036819458,0.07345620542764664,0.5614984035491943,0.3670124411582947,-0.19815345108509064,0.6688466668128967,0.5573000907897949,0.3931174874305725,0.6093010902404785,0.07420948892831802,0.5577185750007629,0.3743792176246643,-0.18542014062404633,0.6541997194290161,0.561099648475647,0.39583808183670044,0.5870071649551392,0.08341056108474731,0.5594240427017212,0.3791389465332031,-0.1667405515909195,0.6088219881057739,0.5767161250114441,0.5943605899810791,0.19069868326187134,0.9996824264526367,0.5316579937934875,0.5960827469825745,-0.19058085978031158,0.9996848702430725,0.5991774797439575,0.6915403008460999,0.2772536873817444,0.7656363844871521,0.495352178812027,0.7033618092536926,-0.13484421372413635,0.9795635342597961,0.6174781918525696,0.7863826155662537,0.35484808683395386,0.9182388782501221,0.3907461166381836,0.7973265051841736,-0.03461600840091705,0.9832630157470703,0.6084322333335876,0.8012338280677795,0.3548501431941986,0.8820681571960449,0.3706556558609009,0.8046239614486694,-0.029796812683343887,0.942107617855072,0.6956543922424316,0.8091017007827759,0.2393019199371338,0.9226725101470947,0.40730658173561096,0.829170823097229,-0.1602255403995514,0.9719567894935608
147,0.608813464641571,0.40175941586494446,-0.023758206516504288,0.9998082518577576,0.5990816950798035,0.39237502217292786,-0.0009211890865117311,0.9997775554656982,0.5980857014656067,0.3921726644039154,-0.0008843808900564909,0.9996492862701416,0.5964466333389282,0.3918592631816864,-0.0008794034947641194,0.999731719493866,0.5971410870552063,0.39273732900619507,-0.06818752735853195,0.9998401403427124,0.5949003100395203,0.39270132780075073,-0.0684233233332634,0.9998338222503662,0.5923085808753967,0.3925144076347351,-0.0684153139591217,0.999846875667572,0.5773796439170837,0.39408406615257263,0.12488923221826553,0.9996858835220337,0.5662537813186646,0.3951753079891205,-0.17757783830165863,0.999835729598999,0.5997811555862427,0.4132167100906372,0.030665496364235878,0.9995346665382385,0.5964997410774231,0.4117286503314972,-0.05758088827133179,0.9995036721229553,0.5517429709434509,0.44081002473831177,0.3120039701461792,0.998112678527832,0.5275586843490601,0.432552307844162,-0.3236005902290344,0.9991521835327148,0.6094767451286316,0.4201295077800751,0.5000495314598083,0.07971889525651932,0.588519275188446,0.39946073293685913,-0.4051743447780609,0.9537296891212463,0.5723828077316284,0.3877496123313904,0.5674844980239868,0.08210538327693939,0.5712630152702332,0.36894160509109497,-0.1913863867521286,0.7413016557693481,0.5610111355781555,0.380459725856781,0.5890805125236511,0.07848399132490158,0.561547040939331,0.35892221331596375,-0.21618162095546722,0.6758173108100891,0.5497600436210632,0.38420411944389343,0.5735118389129639,0.07907964289188385,0.5559521317481995,0.36729469895362854,-0.20699548721313477,0.6611855030059814,0.5585586428642273,0.38608190417289734,0.5572370886802673,0.08854853361845016,0.5589134693145752,0.3719900846481323,-0.18300525844097137,0.6163995862007141,0.5726689696311951,0.5918108820915222,0.18835756182670593,0.9996868968009949,0.5320994257926941,0.5938394665718079,-0.18824897706508636,0.9996872544288635,0.5962057113647461,0.6884397864341736,0.2635350823402405,0.7679668068885803,0.4965277910232544,0.7007858753204346,-0.1436929702758789,0.9799895286560059,0.6162590980529785,0.7850393652915955,0.32853832840919495,0.9192526936531067,0.3892630934715271,0.7942483425140381,-0.045899998396635056,0.9835363626480103,0.6076875925064087,0.8002726435661316,0.3265707194805145,0.8828396797180176,0.36877796053886414,0.8008159399032593,-0.04198282212018967,0.9425597786903381,0.6944528818130493,0.8075147867202759,0.2057352215051651,0.9235684871673584,0.40392637252807617,0.8280268311500549,-0.17443090677261353,0.9723582863807678
148,0.6064271330833435,0.4010150730609894,0.0130337905138731,0.9998119473457336,0.6007826924324036,0.39192116260528564,0.03237754851579666,0.9997806549072266,0.5992896556854248,0.39180609583854675,0.03241794556379318,0.999652087688446,0.592954695224762,0.3912140429019928,0.032431334257125854,0.9997351765632629,0.5991696715354919,0.39209872484207153,-0.03491351380944252,0.9998437762260437,0.5920458436012268,0.3916500508785248,-0.0351780541241169,0.9998373985290527,0.5890564322471619,0.39142733812332153,-0.03519851714372635,0.9998513460159302,0.5676142573356628,0.3954165279865265,0.15089936554431915,0.9996912479400635,0.5659932494163513,0.39351388812065125,-0.1515246480703354,0.9998410940170288,0.6001127362251282,0.41091352701187134,0.0655888170003891,0.9995412826538086,0.5938037037849426,0.4102129340171814,-0.022766802459955215,0.9995176196098328,0.5472144484519958,0.4443081319332123,0.3412552773952484,0.9981405138969421,0.5224874019622803,0.43202492594718933,-0.2988097369670868,0.9991862773895264,0.6095166802406311,0.4245005249977112,0.5684680342674255,0.07945859432220459,0.588847279548645,0.40628722310066223,-0.3557109236717224,0.9540113806724548,0.5786124467849731,0.40090295672416687,0.6966572999954224,0.08070196956396103,0.5827704668045044,0.3807951509952545,-0.09556710720062256,0.7367165088653564,0.5691558122634888,0.39589983224868774,0.7329901456832886,0.07704304158687592,0.5749953389167786,0.3805494010448456,-0.1071823388338089,0.6694889664649963,0.5644266605377197,0.40009328722953796,0.7162717580795288,0.07762573659420013,0.5704882740974426,0.3896119296550751,-0.09947273880243301,0.6546792387962341,0.5675897598266602,0.402412086725235,0.6880291700363159,0.08707141876220703,0.5642028450965881,0.39030733704566956,-0.08593146502971649,0.6103664636611938,0.5717751979827881,0.5956734418869019,0.1866685301065445,0.9996892809867859,0.5308097004890442,0.5924695134162903,-0.18665283918380737,0.9996935129165649,0.5972872972488403,0.6885749697685242,0.25510627031326294,0.7701656818389893,0.4962567985057831,0.6987040042877197,-0.1404750943183899,0.9801150560379028,0.6130300760269165,0.7836665511131287,0.31204304099082947,0.9201711416244507,0.38917550444602966,0.7989938259124756,-0.06693969666957855,0.9837414026260376,0.6042591333389282,0.8000910878181458,0.31062960624694824,0.8841742873191833,0.3719998896121979,0.8074832558631897,-0.06470292806625366,0.9429304599761963,0.6935136318206787,0.8089004158973694,0.19487525522708893,0.9247199892997742,0.41463637351989746,0.8298984169960022,-0.20008376240730286,0.9727112650871277
149,0.6090298891067505,0.40230077505111694,-0.03267938643693924,0.9998193383216858,0.6002227067947388,0.39298200607299805,-0.010947122238576412,0.9997870922088623,0.5995551347732544,0.3928219974040985,-0.010887092910706997,0.999660074710846,0.5981832146644592,0.3925086259841919,-0.010848533362150192,0.9997423887252808,0.5972244739532471,0.3932523727416992,-0.07716581970453262,0.9998496770858765,0.594518780708313,0.39315271377563477,-0.07742556184530258,0.9998431205749512,0.591415286064148,0.39286521077156067,-0.07744530588388443,0.9998575448989868,0.5790501236915588,0.3946799039840698,0.11534465849399567,0.9997003078460693,0.5652474761009216,0.3973003625869751,-0.18238453567028046,0.9998483061790466,0.598283588886261,0.41263702511787415,0.022232884541153908,0.9995562434196472,0.5950019359588623,0.4121347963809967,-0.06468509882688522,0.9995405673980713,0.5562499165534973,0.4468975067138672,0.30795401334762573,0.9981916546821594,0.5238933563232422,0.4342564344406128,-0.31944340467453003,0.9992316365242004,0.6073735356330872,0.41906559467315674,0.5120962858200073,0.08242294192314148,0.5616933107376099,0.400578111410141,-0.3877412676811218,0.9560689330101013,0.5620885491371155,0.39283043146133423,0.6136829257011414,0.08215278387069702,0.5554627776145935,0.3827149271965027,-0.14893069863319397,0.7397811412811279,0.5487362742424011,0.3873136341571808,0.6415435671806335,0.07772140949964523,0.5474078059196472,0.3760002851486206,-0.16535106301307678,0.6689830422401428,0.5280967950820923,0.39450180530548096,0.6289875507354736,0.07816030830144882,0.5335805416107178,0.3855060338973999,-0.15347808599472046,0.6538379192352295,0.5289762020111084,0.39485934376716614,0.6055586338043213,0.08758600056171417,0.5494115352630615,0.3894011676311493,-0.13840101659297943,0.6101379990577698,0.5755623579025269,0.5975251793861389,0.18836472928524017,0.9996938109397888,0.5321242213249207,0.5948029160499573,-0.18832151591777802,0.999701976776123,0.6031219363212585,0.6878921985626221,0.25324445962905884,0.7705953121185303,0.4954463839530945,0.7000739574432373,-0.1485242247581482,0.9805437326431274,0.6127113103866577,0.7823704481124878,0.32713383436203003,0.920414388179779,0.3901987373828888,0.7952982187271118,-0.06223300099372864,0.984057605266571,0.6049427390098572,0.7983214855194092,0.3268454372882843,0.8852010369300842,0.3690531849861145,0.8027961850166321,-0.05913246423006058,0.9437190890312195,0.6940745711326599,0.8082369565963745,0.2130594700574875,0.9254225492477417,0.40677985548973083,0.8279089331626892,-0.1930517852306366,0.9732053279876709
150,0.6032212972640991,0.3974343538284302,0.004851039499044418,0.99981689453125,0.5908616185188293,0.38761287927627563,0.020427117124199867,0.9997840523719788,0.5894975662231445,0.3873097598552704,0.020429998636245728,0.9996561408042908,0.5872970223426819,0.38687360286712646,0.02040959522128105,0.9997401237487793,0.5894930958747864,0.3877237141132355,-0.04479127377271652,0.9998471140861511,0.5873315334320068,0.3874088227748871,-0.04501999914646149,0.9998406767845154,0.5845751762390137,0.38692036271095276,-0.04504729434847832,0.9998558163642883,0.5672695636749268,0.38991275429725647,0.1296585202217102,0.9996983408927917,0.5574509501457214,0.3882449269294739,-0.1629006713628769,0.9998462200164795,0.591415524482727,0.40717613697052,0.054586466401815414,0.9995443820953369,0.5906274318695068,0.4070281386375427,-0.030787482857704163,0.9995291829109192,0.5410208106040955,0.4415084421634674,0.3240808844566345,0.9981741905212402,0.5361853837966919,0.42754295468330383,-0.3091583251953125,0.999222457408905,0.6020996570587158,0.4402536451816559,0.548260509967804,0.08056444674730301,0.6047568917274475,0.41073229908943176,-0.34507057070732117,0.953607976436615,0.5730355978012085,0.41647565364837646,0.6819945573806763,0.07964978367090225,0.5808221697807312,0.3766469955444336,-0.061426445841789246,0.7290482521057129,0.5636361837387085,0.41151946783065796,0.7226663827896118,0.07556717097759247,0.5723466873168945,0.36972373723983765,-0.06891733407974243,0.6588693261146545,0.5536532402038574,0.4098731577396393,0.7039883136749268,0.07603362947702408,0.5628246068954468,0.3779267370700836,-0.06325076520442963,0.6436892747879028,0.5642374753952026,0.4159323275089264,0.6730275750160217,0.08539058268070221,0.5655468702316284,0.383178174495697,-0.05227521434426308,0.6005480289459229,0.5676363110542297,0.5952114462852478,0.18197990953922272,0.9996920824050903,0.5324775576591492,0.5937423706054688,-0.1819099634885788,0.9997010827064514,0.5965152978897095,0.6867672801017761,0.2718249559402466,0.7720644474029541,0.4993022680282593,0.6991643309593201,-0.12438279390335083,0.9804579615592957,0.6162384152412415,0.7822290658950806,0.33028334379196167,0.9217944145202637,0.3944011926651001,0.7975958585739136,-0.034449804574251175,0.9841572642326355,0.6079801917076111,0.7989451289176941,0.32933366298675537,0.8865166902542114,0.37528449296951294,0.8058947920799255,-0.030357029289007187,0.9438793659210205,0.6904345154762268,0.8072443604469299,0.21333706378936768,0.9266011714935303,0.41544967889785767,0.8280757665634155,-0.1621079295873642,0.9733456373214722
151,0.6003132462501526,0.4049754738807678,-0.02656192146241665,0.9998233914375305,0.59687340259552,0.3996715545654297,-0.003675994696095586,0.999788761138916,0.59587162733078,0.39965489506721497,-0.003613213077187538,0.9996620416641235,0.5943020582199097,0.3995349109172821,-0.0035790596157312393,0.9997456669807434,0.5946400165557861,0.3964705765247345,-0.06876656413078308,0.9998510479927063,0.5851218104362488,0.3957524299621582,-0.06900150328874588,0.9998443126678467,0.5823914408683777,0.3953476846218109,-0.06900196522474289,0.9998597502708435,0.5682302117347717,0.4016808271408081,0.12356647849082947,0.9997034668922424,0.5610160827636719,0.3966265320777893,-0.16919414699077606,0.9998501539230347,0.5943527221679688,0.4150947332382202,0.028172045946121216,0.9995547533035278,0.5866819024085999,0.414162814617157,-0.05721193924546242,0.9995442032814026,0.5519627332687378,0.4513282775878906,0.3090844452381134,0.9981797933578491,0.5248989462852478,0.43636471033096313,-0.3065255880355835,0.9992398619651794,0.6068276762962341,0.425040066242218,0.48108696937561035,0.08636076003313065,0.5753785967826843,0.39895951747894287,-0.38789060711860657,0.955657958984375,0.5665485858917236,0.3903941512107849,0.5366681814193726,0.08525312691926956,0.566240668296814,0.36812013387680054,-0.1645021289587021,0.735974133014679,0.5538825988769531,0.3823334574699402,0.5567008256912231,0.08005793392658234,0.5583435893058777,0.3576337993144989,-0.18725694715976715,0.6635264158248901,0.5344135761260986,0.38481369614601135,0.5430847406387329,0.0803394690155983,0.5543256402015686,0.3665796220302582,-0.173344224691391,0.6481064558029175,0.5529044270515442,0.38872605562210083,0.5269699096679688,0.0898323655128479,0.5565147995948792,0.37160032987594604,-0.15429353713989258,0.6054275035858154,0.5734841823577881,0.5956429839134216,0.1846185177564621,0.9996877312660217,0.5301750302314758,0.5959126353263855,-0.18450835347175598,0.9996989965438843,0.6015409827232361,0.6909261345863342,0.2419179528951645,0.7728492021560669,0.49461257457733154,0.7012758851051331,-0.15615418553352356,0.9810556173324585,0.617499053478241,0.7816880345344543,0.3153891861438751,0.9219478368759155,0.38968467712402344,0.796189546585083,-0.06614278256893158,0.9845170974731445,0.6106960773468018,0.7972844243049622,0.3145684599876404,0.8866989612579346,0.37241366505622864,0.8038538098335266,-0.06331594288349152,0.9446513056755066,0.6971705555915833,0.8071669340133667,0.19789880514144897,0.9267280101776123,0.4070006012916565,0.8275007605552673,-0.19682349264621735,0.9737797379493713
152,0.6006602644920349,0.4012928903102875,-0.026707623153924942,0.9998196959495544,0.5883374810218811,0.3908044993877411,-0.008657431229948997,0.9997861385345459,0.5873287916183472,0.39039671421051025,-0.008642129600048065,0.9996578097343445,0.585446834564209,0.3897280693054199,-0.008643481880426407,0.9997421503067017,0.5861042141914368,0.39077261090278625,-0.07458911836147308,0.9998482465744019,0.5837189555168152,0.3903037905693054,-0.07481712847948074,0.9998407959938049,0.5807672739028931,0.389586478471756,-0.07486727088689804,0.9998571276664734,0.5649245977401733,0.390718013048172,0.10626980662345886,0.9996926188468933,0.5605048537254333,0.38957542181015015,-0.18870416283607483,0.9998459219932556,0.5888622999191284,0.40986064076423645,0.024851495400071144,0.9995383620262146,0.5872784852981567,0.40954118967056274,-0.0612376406788826,0.9995263814926147,0.5408527255058289,0.4464433789253235,0.30178725719451904,0.9981092810630798,0.5271256566047668,0.43456247448921204,-0.33616456389427185,0.9991777539253235,0.5937387347221375,0.436144083738327,0.5002884268760681,0.08465104550123215,0.6015191078186035,0.41827359795570374,-0.3802614212036133,0.953190803527832,0.5655234456062317,0.3985599875450134,0.5925655961036682,0.08387807011604309,0.5785819888114929,0.3772517442703247,-0.11755681037902832,0.7294379472732544,0.5558335185050964,0.3894427716732025,0.6242877244949341,0.0791388675570488,0.571629524230957,0.3687680959701538,-0.13100837171077728,0.6580296754837036,0.5324875116348267,0.38877785205841064,0.6071874499320984,0.07944238185882568,0.561699628829956,0.37530645728111267,-0.1249961405992508,0.6424497365951538,0.5575451254844666,0.39514246582984924,0.5828053951263428,0.08892275393009186,0.5641506910324097,0.3803941011428833,-0.10799091309309006,0.5992178916931152,0.5680561661720276,0.5966284275054932,0.185293048620224,0.9996836185455322,0.5317304730415344,0.5940923094749451,-0.18513770401477814,0.999690592288971,0.6018969416618347,0.6874668002128601,0.26914119720458984,0.7751967310905457,0.49673688411712646,0.6991491317749023,-0.1343487948179245,0.9811301827430725,0.6177164316177368,0.7834444642066956,0.34163397550582886,0.923068642616272,0.3916015923023224,0.7946214079856873,-0.028959834948182106,0.984465479850769,0.6087765693664551,0.7990512251853943,0.3417072892189026,0.8872729539871216,0.37392112612724304,0.8066147565841675,-0.02385951206088066,0.9438770413398743,0.6904177069664001,0.8062776327133179,0.224575012922287,0.9272445440292358,0.4155001938343048,0.8289165496826172,-0.15538887679576874,0.9735615253448486
153,0.5967876315116882,0.3990804851055145,-0.01638362742960453,0.9998233318328857,0.5907830595970154,0.3897503912448883,0.0018761084647849202,0.9997898936271667,0.589397132396698,0.3895123600959778,0.0018911639926955104,0.9996638298034668,0.581383466720581,0.38863638043403625,0.0018815011717379093,0.9997451901435852,0.5892465710639954,0.3899935483932495,-0.06320160627365112,0.999851405620575,0.5800829529762268,0.38928160071372986,-0.06343641877174377,0.9998441338539124,0.577261745929718,0.38890570402145386,-0.06347658485174179,0.9998598694801331,0.5633580088615417,0.3942108750343323,0.11665350198745728,0.9996945261955261,0.5575228929519653,0.3907524049282074,-0.17470820248126984,0.9998486638069153,0.5916624665260315,0.40880852937698364,0.03437139093875885,0.9995495080947876,0.5899519920349121,0.408855140209198,-0.050582319498062134,0.9995396137237549,0.5476971864700317,0.4409742057323456,0.3170035481452942,0.9981420040130615,0.52475905418396,0.4335905611515045,-0.33647292852401733,0.999218761920929,0.5857147574424744,0.44127950072288513,0.5703307390213013,0.08127651363611221,0.5788285732269287,0.4206068217754364,-0.4452923834323883,0.9552728533744812,0.5745964646339417,0.4077524244785309,0.7407509684562683,0.08252859860658646,0.5806033611297607,0.3836771547794342,-0.27633631229400635,0.7415223717689514,0.5698961019515991,0.39981257915496826,0.7836728692054749,0.07845184952020645,0.5779186487197876,0.3731389045715332,-0.30067914724349976,0.6715275049209595,0.5708396434783936,0.4013395607471466,0.7592484354972839,0.07877424359321594,0.5732579231262207,0.37725910544395447,-0.28654390573501587,0.6560218930244446,0.5724281072616577,0.4042733609676361,0.7304138541221619,0.08827853947877884,0.5730035305023193,0.3822764754295349,-0.2656990885734558,0.612544059753418,0.5693041086196899,0.5951258540153503,0.18637387454509735,0.9996839165687561,0.529762864112854,0.5919532179832458,-0.18627609312534332,0.999695360660553,0.595043420791626,0.6894251108169556,0.26921793818473816,0.7765777111053467,0.49778684973716736,0.6963403224945068,-0.1326497346162796,0.9812527298927307,0.617789089679718,0.7819945216178894,0.3429848253726959,0.9240853190422058,0.3927735388278961,0.7975119352340698,-0.03316466137766838,0.9846922755241394,0.6061812043190002,0.7972337007522583,0.34295564889907837,0.8880832195281982,0.3747180104255676,0.8051987290382385,-0.028082378208637238,0.944485068321228,0.6929194331169128,0.8068660497665405,0.22869475185871124,0.9279021620750427,0.4150533676147461,0.8286834359169006,-0.1605372279882431,0.9739229083061218
154,0.6062262654304504,0.402854859828949,-0.025366250425577164,0.9998202323913574,0.5991978645324707,0.3931272625923157,-0.00839411374181509,0.9997890591621399,0.5976367592811584,0.39266765117645264,-0.008367718197405338,0.9996630549430847,0.5905516147613525,0.3912729322910309,-0.008358693681657314,0.9997440576553345,0.5977060198783875,0.39308270812034607,-0.07439540326595306,0.9998502731323242,0.5952115654945374,0.39253196120262146,-0.07462013512849808,0.9998431205749512,0.5867234468460083,0.3910615146160126,-0.07465548813343048,0.9998587369918823,0.5643541216850281,0.39644473791122437,0.10243348777294159,0.9996916651725769,0.5643384456634521,0.3904876410961151,-0.19299741089344025,0.9998465180397034,0.6001309156417847,0.41136449575424194,0.02486462891101837,0.9995371103286743,0.5989041924476624,0.41098934412002563,-0.06144414097070694,0.9995223879814148,0.5395588874816895,0.44864416122436523,0.2996452748775482,0.9980593919754028,0.5306178331375122,0.435263067483902,-0.33924293518066406,0.9991829991340637,0.5957483649253845,0.4405365586280823,0.5197418928146362,0.07865293323993683,0.6036579012870789,0.41132819652557373,-0.3851611018180847,0.9524245262145996,0.5596939921379089,0.4071318507194519,0.6465626358985901,0.07952176034450531,0.5760703086853027,0.3773936629295349,-0.13785320520401,0.7323818206787109,0.5299124121665955,0.39657536149024963,0.6839197278022766,0.07586634904146194,0.5646435618400574,0.36878731846809387,-0.15294067561626434,0.6641694903373718,0.5282111763954163,0.39753788709640503,0.6677795648574829,0.07620418816804886,0.5561398863792419,0.3784070312976837,-0.1486777514219284,0.648744523525238,0.5293464660644531,0.39767998456954956,0.6384278535842896,0.08548232167959213,0.5572738647460938,0.380219966173172,-0.12970514595508575,0.6048862338066101,0.5569934248924255,0.6007899045944214,0.18830671906471252,0.9996815323829651,0.5338078737258911,0.5992909073829651,-0.1881081908941269,0.9996950626373291,0.5958886742591858,0.6942339539527893,0.2933599054813385,0.7731710076332092,0.4958649277687073,0.7037649750709534,-0.1174706518650055,0.9810692071914673,0.6181010603904724,0.7871621251106262,0.36878708004951477,0.9233418107032776,0.38977858424186707,0.7992799282073975,-0.014323518611490726,0.984525203704834,0.6052491664886475,0.7995033860206604,0.368836909532547,0.887477695941925,0.3726838529109955,0.8066992163658142,-0.008782816119492054,0.9443967342376709,0.6956793069839478,0.8067581653594971,0.253250390291214,0.9272899031639099,0.41314688324928284,0.8301891088485718,-0.13381889462471008,0.9737056493759155
155,0.590641975402832,0.40192508697509766,-0.059209857136011124,0.9998234510421753,0.5774094462394714,0.3910013437271118,-0.036602336913347244,0.9997876882553101,0.5773305892944336,0.39067813754081726,-0.03658170625567436,0.9996605515480042,0.5764687061309814,0.3901497423648834,-0.036577094346284866,0.9997433423995972,0.5743311643600464,0.3909463584423065,-0.10197414457798004,0.9998495578765869,0.5723130702972412,0.39054983854293823,-0.10221229493618011,0.9998422265052795,0.5699906349182129,0.3899601399898529,-0.10224922001361847,0.9998583793640137,0.559236466884613,0.3960190713405609,0.09826181828975677,0.9996881484985352,0.543258011341095,0.3916710317134857,-0.19463138282299042,0.9998473525047302,0.5793039202690125,0.41100984811782837,-0.001310047460719943,0.9995439052581787,0.575970470905304,0.4103683829307556,-0.08654693514108658,0.9995349645614624,0.5461243391036987,0.4428698420524597,0.30380716919898987,0.9981020092964172,0.5156053900718689,0.43443557620048523,-0.33983826637268066,0.9992038011550903,0.6100886464118958,0.43208253383636475,0.47978487610816956,0.08472795784473419,0.5613223910331726,0.4051193594932556,-0.4446655511856079,0.9550001621246338,0.5825954675674438,0.3978932201862335,0.5443844199180603,0.08567987382411957,0.5778366327285767,0.37692561745643616,-0.2328520268201828,0.7410322427749634,0.5743774175643921,0.3896220028400421,0.5667527914047241,0.08047781884670258,0.5775159597396851,0.3677179217338562,-0.25837424397468567,0.6696652770042419,0.5708592534065247,0.39234861731529236,0.5515463352203369,0.08065656572580338,0.5759468078613281,0.3756224513053894,-0.23793402314186096,0.6537697315216064,0.5730478763580322,0.39575591683387756,0.5340187549591064,0.09003598242998123,0.5751860737800598,0.3804437220096588,-0.22001856565475464,0.6098552346229553,0.5704092383384705,0.5935875177383423,0.1855887770652771,0.9996757507324219,0.5280318856239319,0.5943581461906433,-0.18553195893764496,0.999685525894165,0.6016088128089905,0.6903053522109985,0.25875231623649597,0.7760037779808044,0.49469611048698425,0.7014322876930237,-0.14821870625019073,0.9812648296356201,0.6133736968040466,0.7843515276908875,0.3410312831401825,0.9243409037590027,0.3919506072998047,0.7942959666252136,-0.03244790807366371,0.9845882654190063,0.6040130853652954,0.7987374663352966,0.3412887454032898,0.8880483508110046,0.37421703338623047,0.8004376292228699,-0.027064714580774307,0.9439128041267395,0.6911382675170898,0.8074164986610413,0.22151124477386475,0.927960991859436,0.4085310697555542,0.8298991322517395,-0.1647946983575821,0.9737463593482971
156,0.6013959050178528,0.401681125164032,-0.0314643420279026,0.9998196363449097,0.5953303575515747,0.3920603096485138,-0.013967867009341717,0.999782383441925,0.5941122770309448,0.391621470451355,-0.01394742727279663,0.9996529817581177,0.5921593308448792,0.3909154236316681,-0.013950861990451813,0.9997371435165405,0.593117892742157,0.391828328371048,-0.07745315879583359,0.9998453259468079,0.5904628038406372,0.3911782205104828,-0.07767899334430695,0.9998384118080139,0.5873366594314575,0.39028453826904297,-0.07771652936935425,0.9998549818992615,0.5682469010353088,0.3938540816307068,0.09967237710952759,0.9996830224990845,0.5621084570884705,0.3897065222263336,-0.18498460948467255,0.9998443126678467,0.597032368183136,0.41032978892326355,0.019345518201589584,0.9995326399803162,0.5947060585021973,0.40968215465545654,-0.06376595795154572,0.9995250105857849,0.5499420166015625,0.44270598888397217,0.29103267192840576,0.9980592727661133,0.5275974869728088,0.42934319376945496,-0.3210742473602295,0.999184787273407,0.6001821160316467,0.4368017911911011,0.49854764342308044,0.08376064896583557,0.5817658305168152,0.412625789642334,-0.37335285544395447,0.9535969495773315,0.5496134161949158,0.4105343222618103,0.6244511604309082,0.08291246742010117,0.5584970116615295,0.3826937675476074,-0.12172149121761322,0.7316334247589111,0.5234039425849915,0.39973780512809753,0.6587736010551453,0.07773881405591965,0.5481366515159607,0.37248754501342773,-0.13467270135879517,0.6598305702209473,0.5081107020378113,0.4082096517086029,0.6472726464271545,0.07788295298814774,0.5319973826408386,0.38194790482521057,-0.1272781491279602,0.6438723206520081,0.5219786763191223,0.4065192639827728,0.6180697679519653,0.0870220959186554,0.5290566086769104,0.3895726799964905,-0.11254798620939255,0.6002587676048279,0.5691915154457092,0.5950441360473633,0.17786580324172974,0.9996707439422607,0.5316746234893799,0.5909370183944702,-0.1777513325214386,0.9996802806854248,0.601378858089447,0.6909634470939636,0.260116308927536,0.7769167423248291,0.49752411246299744,0.6985532641410828,-0.12909843027591705,0.9812598824501038,0.6157532334327698,0.7832791805267334,0.32868537306785583,0.924727737903595,0.3943607211112976,0.7937516570091248,-0.025021398440003395,0.9845318794250488,0.6071064472198486,0.7984383702278137,0.328074187040329,0.8877611756324768,0.3753848969936371,0.8059048056602478,-0.019512057304382324,0.9436646699905396,0.6908101439476013,0.8070485591888428,0.20964881777763367,0.9281318783760071,0.4151740074157715,0.8281621336936951,-0.14594121277332306,0.9736426472663879
157,0.6002870202064514,0.4018752872943878,-0.03947378322482109,0.9998219609260559,0.593970537185669,0.39204347133636475,-0.021785050630569458,0.9997859001159668,0.5869500041007996,0.39089950919151306,-0.021767079830169678,0.999657928943634,0.5854668617248535,0.39027148485183716,-0.021754952147603035,0.9997408390045166,0.5851305723190308,0.3915098309516907,-0.08625946193933487,0.999847412109375,0.5828839540481567,0.39114731550216675,-0.08648647367954254,0.9998401403427124,0.5800526738166809,0.39055585861206055,-0.08652947098016739,0.9998569488525391,0.5664904713630676,0.39494115114212036,0.09285302460193634,0.9996861219406128,0.5602246522903442,0.39094817638397217,-0.19580037891864777,0.9998463988304138,0.5902236700057983,0.41044315695762634,0.011981584131717682,0.9995359778404236,0.5880261659622192,0.4101739525794983,-0.07228340208530426,0.9995295405387878,0.5420594811439514,0.4481506049633026,0.2857929766178131,0.9980409145355225,0.5277976393699646,0.4353697896003723,-0.33731427788734436,0.9991784691810608,0.5948457717895508,0.4379926323890686,0.4776921570301056,0.0827142745256424,0.5938704609870911,0.4164457321166992,-0.38385480642318726,0.9529410004615784,0.5594804286956787,0.4069649577140808,0.5755244493484497,0.08101008832454681,0.5788170099258423,0.3823998272418976,-0.11705972999334335,0.7266415953636169,0.5285036563873291,0.3979673683643341,0.6061981320381165,0.07599169760942459,0.571393609046936,0.37113654613494873,-0.1304285228252411,0.6537434458732605,0.5274067521095276,0.3987644612789154,0.5913838148117065,0.07612501084804535,0.5625625252723694,0.3786957859992981,-0.12137909978628159,0.6374396681785583,0.5499310493469238,0.40519535541534424,0.5668847560882568,0.0851760059595108,0.5644432902336121,0.38386771082878113,-0.10655578225851059,0.5936172604560852,0.5688639283180237,0.5956382155418396,0.18070754408836365,0.9996687173843384,0.5326850414276123,0.593096137046814,-0.18053613603115082,0.9996792078018188,0.6036234498023987,0.6889728903770447,0.2638281285762787,0.7783617973327637,0.4966872036457062,0.6980222463607788,-0.12937912344932556,0.9814149141311646,0.6179386973381042,0.7822186946868896,0.3460169732570648,0.9250616431236267,0.39498889446258545,0.7977173924446106,-0.02075321599841118,0.9845207333564758,0.6061901450157166,0.7973693013191223,0.3470979928970337,0.8876937627792358,0.3761585056781769,0.8054214715957642,-0.015147670172154903,0.9433771371841431,0.6890841722488403,0.8050315976142883,0.23313146829605103,0.9281447529792786,0.4164508879184723,0.8274307250976562,-0.1440756469964981,0.9735077619552612
158,0.5967456102371216,0.40229177474975586,-0.03948936611413956,0.9998133778572083,0.5912662148475647,0.3918914496898651,-0.021144220605492592,0.9997764825820923,0.5842331051826477,0.3910192549228668,-0.021130327135324478,0.9996426701545715,0.5829029679298401,0.39050111174583435,-0.021135983988642693,0.9997283220291138,0.5815921425819397,0.3912338614463806,-0.08555664122104645,0.999839723110199,0.5792484879493713,0.39084306359291077,-0.08579158782958984,0.9998314380645752,0.5763973593711853,0.39022859930992126,-0.08585135638713837,0.9998494982719421,0.5614954233169556,0.3968304991722107,0.09500769525766373,0.9996621012687683,0.5569432377815247,0.39157310128211975,-0.192888081073761,0.9998368620872498,0.5924065113067627,0.41150161623954773,0.01228034682571888,0.9995127320289612,0.5837198495864868,0.41085198521614075,-0.07170989364385605,0.9995057582855225,0.5478871464729309,0.4429519474506378,0.29231777787208557,0.9979769587516785,0.5245149731636047,0.43588370084762573,-0.3415461480617523,0.9991527199745178,0.5960677266120911,0.44064760208129883,0.4995594024658203,0.08143824338912964,0.5872474908828735,0.42116498947143555,-0.41215142607688904,0.9531866908073425,0.5750106573104858,0.40368133783340454,0.6065601110458374,0.08081965893507004,0.5796961188316345,0.3845005929470062,-0.1924358755350113,0.7305048704147339,0.5673766136169434,0.3945694863796234,0.6387498378753662,0.07616934180259705,0.5745812654495239,0.3734600841999054,-0.21236500144004822,0.6577129364013672,0.5489822626113892,0.39697882533073425,0.619422197341919,0.0763217881321907,0.5676670670509338,0.3787844479084015,-0.20173399150371552,0.6412155032157898,0.569576621055603,0.3997667729854584,0.5965146422386169,0.08531473577022552,0.5686408281326294,0.3836371600627899,-0.1821163296699524,0.5965790152549744,0.5689859390258789,0.5965050458908081,0.18201863765716553,0.9996560215950012,0.5332178473472595,0.5946544408798218,-0.1818678081035614,0.999665379524231,0.5957288146018982,0.691969096660614,0.27332603931427,0.7788350582122803,0.49793317914009094,0.7003222703933716,-0.12310029566287994,0.9812142252922058,0.6184109449386597,0.7847697138786316,0.35298943519592285,0.9251694083213806,0.3933691680431366,0.794328510761261,-0.008165092207491398,0.9842098951339722,0.6101217865943909,0.7996357083320618,0.35348013043403625,0.8875219225883484,0.3753999173641205,0.8061949610710144,-0.0022153854370117188,0.9423708915710449,0.6909041404724121,0.8073307871818542,0.23596662282943726,0.9278792142868042,0.415880024433136,0.8281241655349731,-0.13345074653625488,0.9729991555213928
159,0.5965656638145447,0.40044358372688293,-0.04513770714402199,0.9998195171356201,0.5914215445518494,0.39064785838127136,-0.025332201272249222,0.999782145023346,0.5905736684799194,0.3903498947620392,-0.025303972885012627,0.9996510148048401,0.5819554328918457,0.38926467299461365,-0.025286128744482994,0.9997354745864868,0.5885323286056519,0.39062410593032837,-0.08973994851112366,0.9998441338539124,0.5784162282943726,0.3896728456020355,-0.0899728387594223,0.9998361468315125,0.575531542301178,0.38920629024505615,-0.09000220894813538,0.9998541474342346,0.5638337135314941,0.3947822153568268,0.09799589961767197,0.9996723532676697,0.5565142631530762,0.3898389935493469,-0.19100308418273926,0.9998427033424377,0.5918327569961548,0.4098910093307495,0.008753977715969086,0.9995290637016296,0.5819191336631775,0.40912166237831116,-0.07557055354118347,0.9995262026786804,0.5485623478889465,0.4430733025074005,0.2954472005367279,0.9980122447013855,0.5209032297134399,0.434477299451828,-0.3270030915737152,0.9991795420646667,0.6044248938560486,0.4309435188770294,0.5047783255577087,0.0839122012257576,0.5693212151527405,0.40696558356285095,-0.4005168676376343,0.95499187707901,0.5669269561767578,0.39957332611083984,0.6186746954917908,0.08178070187568665,0.5703402161598206,0.3783086836338043,-0.16209371387958527,0.7341213822364807,0.5480741262435913,0.3887135684490204,0.6499063372612,0.07653167098760605,0.5657758116722107,0.3686601221561432,-0.18008750677108765,0.6588792204856873,0.5476965308189392,0.3901304006576538,0.6353318095207214,0.07662919908761978,0.5627117156982422,0.3769872784614563,-0.16547824442386627,0.642092227935791,0.5485295653343201,0.39808234572410583,0.6105482578277588,0.08564286679029465,0.5637074708938599,0.3818536400794983,-0.15067557990550995,0.5977609157562256,0.5695000290870667,0.5966407060623169,0.18001732230186462,0.9996531009674072,0.5307973027229309,0.5936287641525269,-0.179922416806221,0.9996625185012817,0.5942541360855103,0.6880170702934265,0.25421029329299927,0.7790398001670837,0.4984377920627594,0.6993103623390198,-0.13750441372394562,0.9811887145042419,0.6152064800262451,0.7840330600738525,0.3203193247318268,0.9251935482025146,0.39493292570114136,0.7939754724502563,-0.036079876124858856,0.9841254949569702,0.606795072555542,0.7999077439308167,0.31952404975891113,0.8873077034950256,0.3751274347305298,0.8003754019737244,-0.031166309490799904,0.9420831203460693,0.691604495048523,0.8052489757537842,0.20310688018798828,0.9279880523681641,0.4160633981227875,0.8249778747558594,-0.15956275165081024,0.9729063510894775
160,0.6020136475563049,0.4017302393913269,-0.010367543436586857,0.9998202323913574,0.5951789617538452,0.3916561007499695,0.005773988086730242,0.9997850656509399,0.5936775803565979,0.3912906050682068,0.005799808539450169,0.9996568560600281,0.5914928317070007,0.39065879583358765,0.005811644252389669,0.9997385144233704,0.5935140252113342,0.3914720416069031,-0.059420205652713776,0.9998465776443481,0.5909777283668518,0.39094114303588867,-0.059656064957380295,0.9998391270637512,0.5880147814750671,0.3901735842227936,-0.05970242992043495,0.9998562932014465,0.5672702193260193,0.3938058018684387,0.11329967528581619,0.9996740818023682,0.5623902082443237,0.39045414328575134,-0.17819350957870483,0.9998448491096497,0.5969727039337158,0.4106789827346802,0.03845812752842903,0.9995313882827759,0.5949373245239258,0.4102862775325775,-0.046639762818813324,0.9995279312133789,0.5472554564476013,0.4415324032306671,0.3143066167831421,0.9980151653289795,0.527381956577301,0.43128830194473267,-0.33593645691871643,0.999201774597168,0.5847694277763367,0.43922117352485657,0.5689236521720886,0.07944197952747345,0.5984957218170166,0.41930389404296875,-0.3947414755821228,0.954373836517334,0.5699901580810547,0.4061742126941681,0.7410070896148682,0.07825867086648941,0.589748203754425,0.38208773732185364,-0.161653071641922,0.7335211038589478,0.5639597773551941,0.3983229994773865,0.7873137593269348,0.07391517609357834,0.5848522782325745,0.3712637722492218,-0.17660507559776306,0.660194456577301,0.5653924345970154,0.4004829227924347,0.7625533938407898,0.07409892231225967,0.5773854851722717,0.37635597586631775,-0.1683042049407959,0.6434049010276794,0.5673707127571106,0.40337005257606506,0.7309775352478027,0.08296796679496765,0.5781649947166443,0.38118940591812134,-0.15156897902488708,0.5980768799781799,0.5697177648544312,0.5942419767379761,0.1891579031944275,0.9996603727340698,0.5318140387535095,0.5950055718421936,-0.18904508650302887,0.9996732473373413,0.5937486886978149,0.6905433535575867,0.28695937991142273,0.7768501043319702,0.4960128664970398,0.7004873752593994,-0.11682238429784775,0.9811832308769226,0.6195146441459656,0.7847100496292114,0.3591553866863251,0.9256216883659363,0.3910651206970215,0.79609215259552,-0.026910262182354927,0.9843277931213379,0.6119346618652344,0.798109233379364,0.35912102460861206,0.8879757523536682,0.3722768723964691,0.8037092685699463,-0.022792568430304527,0.9428517818450928,0.6971124410629272,0.8062202334403992,0.24335426092147827,0.9283892512321472,0.41289088129997253,0.8274155855178833,-0.15456393361091614,0.9733025431632996
161,0.6034492254257202,0.4060630202293396,-0.02276761643588543,0.9998233318328857,0.5978620648384094,0.3965328633785248,-0.0054282452911138535,0.9997879862785339,0.5964019298553467,0.396112322807312,-0.005387399345636368,0.9996611475944519,0.5942967534065247,0.39544805884361267,-0.0053588529117405415,0.999742329120636,0.596236526966095,0.39656490087509155,-0.06899292021989822,0.9998487234115601,0.5922660231590271,0.3926231563091278,-0.06921128183603287,0.9998412132263184,0.5834962725639343,0.39129117131233215,-0.06921902298927307,0.9998582005500793,0.5664063692092896,0.39720070362091064,0.10370214283466339,0.999679446220398,0.5628567934036255,0.39461490511894226,-0.18124748766422272,0.9998462796211243,0.5967561602592468,0.4115145802497864,0.02640455588698387,0.9995368719100952,0.5901125073432922,0.4110364019870758,-0.05687733739614487,0.9995312690734863,0.5442407727241516,0.4396228790283203,0.28730693459510803,0.9980408549308777,0.5294856429100037,0.4304450750350952,-0.3182625472545624,0.9991962909698486,0.6045655012130737,0.43209779262542725,0.4872596561908722,0.08063435554504395,0.6047214865684509,0.41233015060424805,-0.36821672320365906,0.9532365202903748,0.5635817050933838,0.4034101665019989,0.5998311638832092,0.07762354612350464,0.5774092674255371,0.37821081280708313,-0.11694765090942383,0.7269138693809509,0.5503761768341064,0.39652884006500244,0.6316760778427124,0.07301386445760727,0.5664510130882263,0.3665793538093567,-0.13271138072013855,0.6530953049659729,0.5291880369186401,0.39686843752861023,0.6188740134239197,0.07316876947879791,0.5560993552207947,0.37475547194480896,-0.12765942513942719,0.636352002620697,0.5517116189002991,0.40209534764289856,0.5927639007568359,0.08194857835769653,0.5594919919967651,0.37984827160835266,-0.10916697978973389,0.591060996055603,0.5673424005508423,0.5947835445404053,0.17785683274269104,0.9996629953384399,0.5334532856941223,0.5922499299049377,-0.17766830325126648,0.9996737837791443,0.6010817885398865,0.68646639585495,0.2566528916358948,0.7794947028160095,0.49690377712249756,0.698330819606781,-0.13176749646663666,0.9813388586044312,0.6188225746154785,0.784354567527771,0.3183140456676483,0.9267595410346985,0.3952486515045166,0.7988454699516296,-0.032486554235219955,0.98441082239151,0.6072927117347717,0.7988293766975403,0.3163672983646393,0.8887560963630676,0.37552574276924133,0.8069012761116028,-0.02781730517745018,0.9431003928184509,0.690197229385376,0.8067363500595093,0.19479411840438843,0.9291493892669678,0.41389453411102295,0.8263127207756042,-0.15389956533908844,0.9734023213386536
162,0.6041621565818787,0.4064180552959442,-0.009751050733029842,0.9998264312744141,0.5979923605918884,0.3971417248249054,0.005765884183347225,0.9997935891151428,0.5964362621307373,0.3968399465084076,0.0057909488677978516,0.9996703267097473,0.5942451357841492,0.3962940275669098,0.005807747133076191,0.9997490048408508,0.5969624519348145,0.3971135914325714,-0.05924852937459946,0.999852180480957,0.5948168635368347,0.396740585565567,-0.05947749689221382,0.999844491481781,0.5922353863716125,0.3961161673069,-0.059499338269233704,0.9998610019683838,0.5680214762687683,0.39739516377449036,0.1099085584282875,0.9996857047080994,0.5654240250587463,0.3963220715522766,-0.1809353083372116,0.999847948551178,0.598730206489563,0.41533559560775757,0.03820379823446274,0.9995413422584534,0.5974486470222473,0.41237086057662964,-0.04673725366592407,0.9995309114456177,0.5330908894538879,0.443225234746933,0.3035869002342224,0.9980761408805847,0.5300102233886719,0.4357643723487854,-0.3364144563674927,0.9992088675498962,0.5828360319137573,0.44258105754852295,0.5345857739448547,0.07725673168897629,0.6169171929359436,0.4096725583076477,-0.3910888433456421,0.9522994160652161,0.5598213076591492,0.4148302376270294,0.6737173199653625,0.07493653148412704,0.5900344252586365,0.37626197934150696,-0.1556376814842224,0.726747989654541,0.5513666868209839,0.4085007607936859,0.714011013507843,0.07107284665107727,0.5783987641334534,0.3646620213985443,-0.1725945919752121,0.6550365686416626,0.5273890495300293,0.4050883650779724,0.6914143562316895,0.07129871845245361,0.5678182244300842,0.37022364139556885,-0.1658795028924942,0.638434648513794,0.5542464852333069,0.41281020641326904,0.6638599038124084,0.07993209362030029,0.5699892044067383,0.37565264105796814,-0.14635717868804932,0.592278778553009,0.560065746307373,0.5961840152740479,0.1864086091518402,0.9996732473373413,0.5310701131820679,0.5937480330467224,-0.18624509871006012,0.9996843338012695,0.5944502949714661,0.6908802390098572,0.2841480076313019,0.7814492583274841,0.4966083765029907,0.6998969912528992,-0.11994968354701996,0.981553852558136,0.6212685704231262,0.785636842250824,0.35209083557128906,0.928283154964447,0.38985517621040344,0.7980210781097412,-0.01679871790111065,0.9846558570861816,0.6149210929870605,0.7999199628829956,0.3513137400150299,0.890418529510498,0.37168967723846436,0.8059574961662292,-0.011295204982161522,0.9438203573226929,0.6967015862464905,0.8063322305679321,0.2331116944551468,0.9303823113441467,0.4066024124622345,0.8279378414154053,-0.1383264660835266,0.973819375038147
163,0.6032816767692566,0.402884840965271,-0.02280561998486519,0.99981689453125,0.5970139503479004,0.3956044912338257,-0.006025779526680708,0.999787449836731,0.5955634117126465,0.3953671455383301,-0.006003682967275381,0.9996610879898071,0.5935361385345459,0.3949965238571167,-0.006004251539707184,0.9997402429580688,0.5940765142440796,0.3928624987602234,-0.07201463729143143,0.9998478293418884,0.5914552807807922,0.39254525303840637,-0.07224643975496292,0.9998403191566467,0.5834177732467651,0.3915010690689087,-0.07229292392730713,0.9998567700386047,0.5652543902397156,0.398097962141037,0.1046227216720581,0.9996750950813293,0.561323344707489,0.39639732241630554,-0.19032421708106995,0.9998432397842407,0.598139762878418,0.4123990833759308,0.0274598877876997,0.9995201826095581,0.5963044762611389,0.4119611978530884,-0.05877202749252319,0.9995060563087463,0.5492295026779175,0.44686609506607056,0.3025009334087372,0.9979706406593323,0.5297890901565552,0.4375694990158081,-0.3409040868282318,0.9991793036460876,0.5971085429191589,0.43977051973342896,0.5347118973731995,0.07413162291049957,0.6012536287307739,0.419141560792923,-0.39068660140037537,0.9498951435089111,0.5679633617401123,0.40744683146476746,0.6751131415367126,0.07218655943870544,0.5789280533790588,0.3898124694824219,-0.15308429300785065,0.7204136252403259,0.5576669573783875,0.40015462040901184,0.7145197987556458,0.06887486577033997,0.5698585510253906,0.37921616435050964,-0.16772674024105072,0.6510118842124939,0.5476499795913696,0.3972870409488678,0.6964279413223267,0.06915077567100525,0.560836672782898,0.3845101296901703,-0.16482023894786835,0.634592592716217,0.5599830150604248,0.40483418107032776,0.6667636632919312,0.07762716710567474,0.5632125735282898,0.38917598128318787,-0.14514663815498352,0.5878657102584839,0.5670411586761475,0.5996353030204773,0.18863753974437714,0.9996716976165771,0.5319867134094238,0.6010861992835999,-0.1884818822145462,0.9996861219406128,0.5946313142776489,0.697110116481781,0.299190491437912,0.7758949398994446,0.49479585886001587,0.7061083316802979,-0.10567612200975418,0.9810689091682434,0.6140500903129578,0.7868143320083618,0.37908458709716797,0.926323413848877,0.38757026195526123,0.8004862070083618,-0.006843284238129854,0.9843009114265442,0.6040724515914917,0.8000796437263489,0.3796902894973755,0.8889557123184204,0.3710523247718811,0.8083068132400513,-0.0016725820023566484,0.9434176087379456,0.6908461451530457,0.8078472018241882,0.26473426818847656,0.9289571046829224,0.4141051471233368,0.829910159111023,-0.1287769079208374,0.9734165668487549
164,0.6027085185050964,0.40219059586524963,-0.037589799612760544,0.9998201727867126,0.5912737250328064,0.39139601588249207,-0.018442334607243538,0.9997894763946533,0.5904112458229065,0.39116960763931274,-0.018428083509206772,0.9996647238731384,0.5889092683792114,0.39074304699897766,-0.01842525787651539,0.9997429847717285,0.5881584286689758,0.39110618829727173,-0.08423380553722382,0.9998502731323242,0.5852397680282593,0.3906048536300659,-0.08446750789880753,0.999843418598175,0.5752034783363342,0.3894363045692444,-0.08448546379804611,0.9998591542243958,0.569846510887146,0.3922085762023926,0.10353393107652664,0.9996827840805054,0.5550169944763184,0.39069753885269165,-0.19087785482406616,0.9998477101325989,0.5931174159049988,0.41183528304100037,0.016326406970620155,0.9995332956314087,0.5899977684020996,0.4110250473022461,-0.06956582516431808,0.9995225667953491,0.5478160977363586,0.43976497650146484,0.3107488751411438,0.9980290532112122,0.5219033360481262,0.43294960260391235,-0.3439321219921112,0.9992178678512573,0.6087899208068848,0.42862674593925476,0.5373711585998535,0.07508370280265808,0.5812150835990906,0.4076155126094818,-0.42461177706718445,0.9521048665046692,0.5809770226478577,0.4012851417064667,0.6750180721282959,0.07298510521650314,0.58681321144104,0.3775929808616638,-0.20164884626865387,0.7267815470695496,0.5724694132804871,0.39490529894828796,0.7124358415603638,0.06933076679706573,0.5841371417045593,0.36814385652542114,-0.22179631888866425,0.6562408208847046,0.5693406462669373,0.39833006262779236,0.6939615607261658,0.069590725004673,0.5803781151771545,0.3753546476364136,-0.20746895670890808,0.6397041082382202,0.5718042850494385,0.4010111093521118,0.6661903858184814,0.07814700901508331,0.5805244445800781,0.3801606297492981,-0.18998439610004425,0.5927686095237732,0.5713803768157959,0.5947150588035583,0.19032344222068787,0.999675989151001,0.5274710059165955,0.5957106351852417,-0.1902661770582199,0.9996910095214844,0.5957418084144592,0.6899877786636353,0.27085036039352417,0.775057315826416,0.4949244260787964,0.7027482986450195,-0.13913512229919434,0.9811092615127563,0.6141074895858765,0.7851572036743164,0.3460244834423065,0.9258894920349121,0.39127317070961,0.7967731356620789,-0.043130937963724136,0.984356701374054,0.605636715888977,0.8005004525184631,0.3465418517589569,0.8887104988098145,0.37040770053863525,0.8039300441741943,-0.037937622517347336,0.943666934967041,0.6955745220184326,0.8089316487312317,0.23700527846813202,0.92848140001297,0.40807732939720154,0.8287203907966614,-0.16449034214019775,0.973480224609375
165,0.611000120639801,0.4043155312538147,-0.0045326524414122105,0.9998223781585693,0.6014869809150696,0.3956848680973053,0.01387915387749672,0.9997938275337219,0.6001156568527222,0.39562273025512695,0.013913054019212723,0.9996700882911682,0.5980480909347534,0.3954193890094757,0.013927960768342018,0.9997471570968628,0.6002196073532104,0.3959047496318817,-0.05256425216794014,0.9998540878295898,0.5980225801467896,0.39593106508255005,-0.05281023308634758,0.9998468160629272,0.595292866230011,0.39579761028289795,-0.05283428728580475,0.9998626112937927,0.5782347321510315,0.3978392481803894,0.125341534614563,0.999688446521759,0.5740115642547607,0.3976362943649292,-0.1724819391965866,0.999851405620575,0.6012154221534729,0.4141906201839447,0.045530106872320175,0.9995380640029907,0.5993372201919556,0.4137996435165405,-0.04152844473719597,0.9995299577713013,0.5495737195014954,0.4419178366661072,0.3160894513130188,0.998040497303009,0.529938817024231,0.4352106750011444,-0.32873037457466125,0.9992417097091675,0.5921254754066467,0.43052953481674194,0.5448921322822571,0.07264627516269684,0.5983150601387024,0.4140170216560364,-0.3867054581642151,0.9528010487556458,0.5701928734779358,0.3982175290584564,0.6769262552261353,0.07143253833055496,0.581032931804657,0.3786167502403259,-0.14973555505275726,0.7294967770576477,0.5624575018882751,0.3905872106552124,0.7148292660713196,0.06837353110313416,0.5726966261863708,0.367652028799057,-0.16362860798835754,0.6594798564910889,0.5609158873558044,0.3935168385505676,0.6944864392280579,0.06867536157369614,0.5647056698799133,0.3739859163761139,-0.15712524950504303,0.642996072769165,0.5633816123008728,0.3963112533092499,0.6671399474143982,0.07726261019706726,0.5669800639152527,0.37886035442352295,-0.14020732045173645,0.5960112810134888,0.5704942345619202,0.596539318561554,0.19023986160755157,0.9996779561042786,0.5293639302253723,0.5946667194366455,-0.19013340771198273,0.9996963739395142,0.5985835790634155,0.6899719834327698,0.270955890417099,0.7745411396026611,0.49396848678588867,0.7014549970626831,-0.1303667575120926,0.9813027381896973,0.6117974519729614,0.7839924693107605,0.341708242893219,0.9255666732788086,0.3871811330318451,0.7963176369667053,-0.04766931012272835,0.9844856262207031,0.6024215817451477,0.7983757853507996,0.34168675541877747,0.8889577388763428,0.37071800231933594,0.8030853271484375,-0.04408331215381622,0.9439862370491028,0.6931136250495911,0.8082852959632874,0.2313956469297409,0.9283847212791443,0.41407421231269836,0.8276254534721375,-0.1732897013425827,0.9736669063568115
166,0.6037417650222778,0.40029677748680115,-0.034343816339969635,0.9998165965080261,0.5921722054481506,0.38924238085746765,-0.018240299075841904,0.9997915625572205,0.5903694033622742,0.3888603746891022,-0.01823066920042038,0.9996681809425354,0.5877568125724792,0.3883316218852997,-0.01824009232223034,0.9997438788414001,0.5914226770401001,0.3893817961215973,-0.08433058857917786,0.999851644039154,0.5892740488052368,0.3890375792980194,-0.08453506231307983,0.9998445510864258,0.5865010023117065,0.38851311802864075,-0.08457806706428528,0.9998595118522644,0.55992192029953,0.39024072885513306,0.09355340898036957,0.9996802806854248,0.5595744848251343,0.38942626118659973,-0.2013320028781891,0.9998461604118347,0.5923380255699158,0.40927067399024963,0.016450032591819763,0.9995217323303223,0.5922002196311951,0.4091009795665741,-0.06959984451532364,0.9995048642158508,0.532108724117279,0.43879270553588867,0.30016666650772095,0.9979286789894104,0.5322962403297424,0.43518906831741333,-0.35845935344696045,0.999186635017395,0.5830318331718445,0.4399634003639221,0.5496018528938293,0.06951678544282913,0.6058397889137268,0.41864439845085144,-0.4271915853023529,0.9508269429206848,0.572900116443634,0.40171581506729126,0.7024722695350647,0.06989029049873352,0.5852516889572144,0.37807711958885193,-0.22633454203605652,0.7301964163780212,0.5673502087593079,0.39257320761680603,0.7442271709442139,0.06770826131105423,0.5803598761558533,0.3683735430240631,-0.24794822931289673,0.6638239622116089,0.5560224652290344,0.3883361220359802,0.7185512781143188,0.06814322620630264,0.5703985691070557,0.37141770124435425,-0.24425935745239258,0.6477745175361633,0.5711289644241333,0.3973303437232971,0.6913260817527771,0.07680243998765945,0.5719772577285767,0.37685075402259827,-0.21908271312713623,0.6002179980278015,0.555462121963501,0.5990830063819885,0.1914517879486084,0.9996788501739502,0.5313541293144226,0.5985348224639893,-0.19126881659030914,0.9996994137763977,0.5934972167015076,0.6912963390350342,0.310534805059433,0.7700932025909424,0.49343544244766235,0.7025440335273743,-0.10419686883687973,0.9809199571609497,0.6177879571914673,0.7844976782798767,0.4022650420665741,0.9243069291114807,0.39026933908462524,0.7976105809211731,0.00623799255117774,0.9843320846557617,0.6095627546310425,0.7989861369132996,0.4044469892978668,0.887489914894104,0.3740834891796112,0.8128921389579773,0.01262238621711731,0.9436742067337036,0.696391224861145,0.8063579797744751,0.29216063022613525,0.9270565509796143,0.4098053276538849,0.8283676505088806,-0.11506175249814987,0.9733866453170776
167,0.6053614020347595,0.40348467230796814,-0.031078903004527092,0.9998219609260559,0.5976861119270325,0.39627835154533386,-0.012083170004189014,0.9997959136962891,0.5968008041381836,0.3960014283657074,-0.01205487921833992,0.9996742606163025,0.5950982570648193,0.3955274820327759,-0.012037718668580055,0.9997490048408508,0.5938214063644409,0.3933052718639374,-0.07775741815567017,0.999855101108551,0.5907784104347229,0.39282819628715515,-0.07799407094717026,0.9998481273651123,0.5871152877807617,0.39201292395591736,-0.0780177116394043,0.9998630285263062,0.5703821182250977,0.3980444371700287,0.10595938563346863,0.999687671661377,0.5586672425270081,0.3917553722858429,-0.18843957781791687,0.9998504519462585,0.5951663851737976,0.41248056292533875,0.021180294454097748,0.9995361566543579,0.5924670696258545,0.41194912791252136,-0.06474049389362335,0.9995226860046387,0.5468639135360718,0.44394975900650024,0.3022148609161377,0.9979619979858398,0.5237215757369995,0.43223705887794495,-0.3370682895183563,0.999207615852356,0.5966868996620178,0.43198254704475403,0.5270205736160278,0.07033120095729828,0.5827555060386658,0.4084456264972687,-0.4235120713710785,0.9528576731681824,0.5632942914962769,0.4005260169506073,0.6580543518066406,0.07060667872428894,0.5773590803146362,0.37685272097587585,-0.2063022404909134,0.7360701560974121,0.5420801639556885,0.38990217447280884,0.6925824880599976,0.06824514269828796,0.5716319680213928,0.3666626214981079,-0.2272966206073761,0.6681947708129883,0.5410388708114624,0.39228543639183044,0.6753993034362793,0.06861759722232819,0.5668699741363525,0.3741200566291809,-0.21462401747703552,0.6519630551338196,0.541590690612793,0.399305135011673,0.6495712399482727,0.07729919254779816,0.5681735277175903,0.3790297508239746,-0.19587373733520508,0.6045984625816345,0.5699178576469421,0.5968164801597595,0.1849435567855835,0.9996748566627502,0.5314804315567017,0.5941209197044373,-0.18481986224651337,0.9996932148933411,0.6008762717247009,0.6912651658058167,0.2619430124759674,0.7718552350997925,0.49579593539237976,0.7002419829368591,-0.13805943727493286,0.9811415076255798,0.6148090958595276,0.785714864730835,0.3301250636577606,0.9250172972679138,0.3924109935760498,0.7950404286384583,-0.03247414901852608,0.9844022989273071,0.6059019565582275,0.801300048828125,0.3291933834552765,0.8878896832466125,0.37338316440582275,0.8014320731163025,-0.02693600207567215,0.9437528848648071,0.692226767539978,0.8070695400238037,0.21116571128368378,0.9275454878807068,0.4154406487941742,0.8294543623924255,-0.15468710660934448,0.9734705090522766
168,0.6005228161811829,0.40252572298049927,-0.014871804043650627,0.9998186230659485,0.5895802974700928,0.39204132556915283,0.004437027033418417,0.9997920989990234,0.5885382890701294,0.3916420340538025,0.00444356445223093,0.9996682405471802,0.5866640210151672,0.3909824788570404,0.0044283680617809296,0.9997448325157166,0.5876970291137695,0.39217525720596313,-0.061948262155056,0.9998511672019958,0.5854495167732239,0.39178675413131714,-0.06217831373214722,0.999843418598175,0.5825750231742859,0.3910961151123047,-0.06220007315278053,0.9998589754104614,0.566814661026001,0.39224332571029663,0.12164313346147537,0.9996801614761353,0.5554805994033813,0.3909282386302948,-0.1754157692193985,0.9998449683189392,0.5890768766403198,0.4113225042819977,0.03738468512892723,0.9995195865631104,0.5874468088150024,0.4110164940357208,-0.049308959394693375,0.9995020627975464,0.5397147536277771,0.4469206631183624,0.3145756125450134,0.9979289770126343,0.516989529132843,0.4320538640022278,-0.32985714077949524,0.9991742372512817,0.5975167155265808,0.44254693388938904,0.48500263690948486,0.07047928124666214,0.6075133085250854,0.4118509292602539,-0.38967788219451904,0.951869785785675,0.5655828714370728,0.4116464853286743,0.5462887287139893,0.07124941796064377,0.5817736387252808,0.37862077355384827,-0.1471051275730133,0.7355625033378601,0.5325894355773926,0.3964954912662506,0.5739359855651855,0.06895140558481216,0.5738921761512756,0.36620983481407166,-0.16489003598690033,0.6683362722396851,0.5299299359321594,0.4054427146911621,0.5581478476524353,0.06928100436925888,0.5637096762657166,0.3718496859073639,-0.15483041107654572,0.6520125865936279,0.5328221321105957,0.4049888551235199,0.5364950299263,0.07790187746286392,0.5653938055038452,0.37734177708625793,-0.1362619251012802,0.6042208671569824,0.5656416416168213,0.5922829508781433,0.18660499155521393,0.9996669292449951,0.527187168598175,0.5936700701713562,-0.18644846975803375,0.9996823668479919,0.5951184630393982,0.6893381476402283,0.2625126838684082,0.7751715779304504,0.49380090832710266,0.6997940540313721,-0.14663691818714142,0.9814395904541016,0.612987756729126,0.7859366536140442,0.3252413868904114,0.9263460636138916,0.3877440094947815,0.7961207032203674,-0.043233875185251236,0.9845115542411804,0.6034582257270813,0.801525354385376,0.32372310757637024,0.8888471126556396,0.3723964989185333,0.8082484006881714,-0.03831804171204567,0.9437760710716248,0.6926707029342651,0.8086624145507812,0.20228949189186096,0.9282993674278259,0.407234787940979,0.8294899463653564,-0.17047105729579926,0.973497211933136
169,0.6109073162078857,0.4020558297634125,-0.010950646363198757,0.9998173713684082,0.600556492805481,0.3918711245059967,0.005131445825099945,0.9997914433479309,0.5994012951850891,0.3916488289833069,0.0051575396209955215,0.9996671676635742,0.5975283980369568,0.39135217666625977,0.0051590315997600555,0.9997426271438599,0.5987589955329895,0.39222556352615356,-0.06059880554676056,0.9998513460159302,0.5951794981956482,0.388414591550827,-0.06085965782403946,0.9998437762260437,0.5921538472175598,0.38810834288597107,-0.06092050299048424,0.9998594522476196,0.5780942440032959,0.39354902505874634,0.11167330294847488,0.9996748566627502,0.573448657989502,0.3932012915611267,-0.18232296407222748,0.9998450875282288,0.6001881957054138,0.40812912583351135,0.037737470120191574,0.999518096446991,0.5984981060028076,0.4082457721233368,-0.04813256859779358,0.9995026588439941,0.5463338494300842,0.4470330774784088,0.30814650654792786,0.997899055480957,0.5342269539833069,0.4362500011920929,-0.33820900321006775,0.999191164970398,0.5792010426521301,0.43473389744758606,0.5635370016098022,0.06717830151319504,0.5931037068367004,0.4199148118495941,-0.41161519289016724,0.9514317512512207,0.5604613423347473,0.3985990881919861,0.7314577698707581,0.06894779950380325,0.5782032012939453,0.38504746556282043,-0.2090156376361847,0.7363435626029968,0.5529244542121887,0.39001044631004333,0.7729454636573792,0.06734886765480042,0.5708710551261902,0.3750492334365845,-0.23016822338104248,0.6708489060401917,0.5461518168449402,0.3939706087112427,0.7492310404777527,0.06774682551622391,0.5650115609169006,0.3800612688064575,-0.22360095381736755,0.6547138690948486,0.5575116872787476,0.39596033096313477,0.7212023138999939,0.07630103826522827,0.566624641418457,0.38451990485191345,-0.2008483111858368,0.6066535711288452,0.5592869520187378,0.600726306438446,0.18900062143802643,0.9996723532676697,0.5336195826530457,0.5987421870231628,-0.1888592392206192,0.9996922016143799,0.5935816168785095,0.6912572383880615,0.29978424310684204,0.7733051776885986,0.4929288625717163,0.7027932405471802,-0.09882286190986633,0.981429934501648,0.6178197860717773,0.7849645614624023,0.3958071768283844,0.9258337616920471,0.388285756111145,0.7985823154449463,0.010396035388112068,0.9846384525299072,0.6080448031425476,0.7980280518531799,0.3981589078903198,0.8882744312286377,0.37336575984954834,0.8122041821479797,0.016227642074227333,0.9441266655921936,0.6980029344558716,0.8064090609550476,0.28226345777511597,0.9281367659568787,0.41031739115715027,0.828582763671875,-0.11744416505098343,0.9737695455551147
170,0.6051409244537354,0.40171417593955994,-0.041366685181856155,0.9998066425323486,0.5983572602272034,0.391549289226532,-0.02312568761408329,0.9997826218605042,0.5928691625595093,0.3906865119934082,-0.02312038466334343,0.9996525049209595,0.5910197496414185,0.3901057243347168,-0.02313178963959217,0.9997310638427734,0.5919862985610962,0.3912826180458069,-0.08982617408037186,0.999843418598175,0.589771032333374,0.3909696936607361,-0.0900723859667778,0.9998348355293274,0.5869575142860413,0.3904547095298767,-0.09013254940509796,0.9998522400856018,0.5703963041305542,0.3915289640426636,0.09555850923061371,0.9996558427810669,0.5665432810783386,0.3910546898841858,-0.20284540951251984,0.999835729598999,0.593940794467926,0.4101819097995758,0.011613579466938972,0.9994966387748718,0.5922080874443054,0.41002845764160156,-0.07551418244838715,0.9994780421257019,0.545603334903717,0.43886131048202515,0.2969752550125122,0.9978548884391785,0.5190801024436951,0.4325980842113495,-0.35117462277412415,0.9991611838340759,0.5939576029777527,0.4403538405895233,0.5395877361297607,0.06544452905654907,0.5826477408409119,0.42189446091651917,-0.4255318343639374,0.9504315257072449,0.5654854774475098,0.41254886984825134,0.6838101744651794,0.0670807808637619,0.5690873265266418,0.38757142424583435,-0.2057606279850006,0.7332374453544617,0.5558810234069824,0.4067580997943878,0.722148597240448,0.06569108366966248,0.5619469881057739,0.3772962987422943,-0.22386817634105682,0.668057382106781,0.5309516191482544,0.40608328580856323,0.7032799124717712,0.0661323294043541,0.5439305305480957,0.380899578332901,-0.21831128001213074,0.6520649790763855,0.5341387391090393,0.40600013732910156,0.675036609172821,0.074571393430233,0.5431185960769653,0.38925158977508545,-0.19738861918449402,0.603722870349884,0.5664058327674866,0.5979449152946472,0.18533147871494293,0.9996705651283264,0.529003381729126,0.5959315896034241,-0.18517515063285828,0.9996916651725769,0.5910525321960449,0.6889932155609131,0.29745811223983765,0.7724612355232239,0.4923631548881531,0.7014778256416321,-0.1038535088300705,0.9810909032821655,0.618193507194519,0.7858660817146301,0.38693615794181824,0.9250316619873047,0.38526803255081177,0.7979204654693604,0.015001436695456505,0.9841581583023071,0.6098200678825378,0.8014487028121948,0.38810476660728455,0.8869946002960205,0.3703683614730835,0.8108299374580383,0.021682025864720345,0.9426299929618835,0.6953533887863159,0.8077780604362488,0.2667652666568756,0.9275920391082764,0.4090484082698822,0.8297690153121948,-0.11178111284971237,0.9731741547584534
171,0.6127235293388367,0.40694016218185425,-0.021340198814868927,0.999812126159668,0.6070194244384766,0.3978501558303833,-0.004359168466180563,0.9997904896736145,0.6021449565887451,0.397146075963974,-0.00433306535705924,0.999664306640625,0.5996777415275574,0.3965243697166443,-0.0043199267238378525,0.9997400641441345,0.6024883985519409,0.3975081145763397,-0.07122468948364258,0.9998494982719421,0.6001037359237671,0.39710918068885803,-0.07146808505058289,0.9998408555984497,0.5969977974891663,0.3964676260948181,-0.07150983810424805,0.9998577833175659,0.5791659355163574,0.3977214992046356,0.10364571958780289,0.9996678233146667,0.5757508277893066,0.397119402885437,-0.19573596119880676,0.9998421669006348,0.6028990745544434,0.4160881042480469,0.02788429893553257,0.9995109438896179,0.6014512777328491,0.41546592116355896,-0.05967789515852928,0.9994938373565674,0.5500282049179077,0.44386640191078186,0.3026367425918579,0.9978721737861633,0.5278356671333313,0.43763577938079834,-0.3500581383705139,0.9991867542266846,0.5902384519577026,0.43387871980667114,0.5471169948577881,0.06311959773302078,0.5962098836898804,0.4208865761756897,-0.3981373608112335,0.9506238102912903,0.5732187628746033,0.3974112570285797,0.6930676102638245,0.06524762511253357,0.5785856246948242,0.3837270140647888,-0.16062001883983612,0.7331398725509644,0.5662774443626404,0.38839659094810486,0.7346161007881165,0.06435532122850418,0.5706140398979187,0.37278956174850464,-0.17457029223442078,0.6685628890991211,0.5665156841278076,0.3908992409706116,0.712603747844696,0.06485842913389206,0.5635453462600708,0.3779548406600952,-0.16869182884693146,0.652654230594635,0.5685811042785645,0.3942270576953888,0.6831104159355164,0.07322457432746887,0.5656031370162964,0.38256072998046875,-0.15099987387657166,0.6040820479393005,0.5718501210212708,0.600696325302124,0.19370722770690918,0.9996699690818787,0.5311450362205505,0.598527729511261,-0.19355516135692596,0.9996955990791321,0.5944482684135437,0.692211925983429,0.299824595451355,0.7691709995269775,0.4910776913166046,0.704642117023468,-0.1105181872844696,0.9811322689056396,0.6122303009033203,0.7863136529922485,0.3876163363456726,0.9234635233879089,0.385784775018692,0.7980514764785767,-0.010844647884368896,0.9841233491897583,0.6021983027458191,0.801104724407196,0.38957029581069946,0.8859922289848328,0.3692486882209778,0.8057907223701477,-0.005108971148729324,0.9426386952400208,0.6937084197998047,0.8075460195541382,0.28135406970977783,0.926563560962677,0.4113706052303314,0.8285366296768188,-0.12925569713115692,0.9731706380844116
172,0.6029385328292847,0.40128472447395325,-0.03724508360028267,0.9998154044151306,0.5994760394096375,0.3917507529258728,-0.016774741932749748,0.9997942447662354,0.5984967947006226,0.3915957808494568,-0.016743004322052002,0.9996696710586548,0.5969914793968201,0.39129573106765747,-0.016726521775126457,0.9997433423995972,0.59684157371521,0.39151665568351746,-0.08390703797340393,0.9998525381088257,0.5862890481948853,0.39063212275505066,-0.0841534435749054,0.9998438358306885,0.5835364460945129,0.39021041989326477,-0.08417698740959167,0.9998602867126465,0.5713909864425659,0.39692944288253784,0.10655149817466736,0.999670684337616,0.5629202723503113,0.39068061113357544,-0.1927356868982315,0.9998445510864258,0.5991015434265137,0.41311535239219666,0.0168605949729681,0.9995256066322327,0.5930328369140625,0.4110003709793091,-0.0704536885023117,0.9995089769363403,0.5470016598701477,0.4402843713760376,0.3125881850719452,0.9979626536369324,0.5202672481536865,0.4330097734928131,-0.355840802192688,0.9992283582687378,0.5997834801673889,0.4380320906639099,0.5521507263183594,0.0628863051533699,0.5841243863105774,0.4256271421909332,-0.4797362685203552,0.9529026746749878,0.582610547542572,0.4033817946910858,0.6891323328018188,0.06764702498912811,0.5810390114784241,0.38541528582572937,-0.3389570415019989,0.7463778257369995,0.5759539008140564,0.3954905867576599,0.7251299619674683,0.06692568212747574,0.5769225358963013,0.37405720353126526,-0.36934366822242737,0.6837490797042847,0.5747665166854858,0.39681297540664673,0.7038995623588562,0.06742463260889053,0.5710629224777222,0.3771049678325653,-0.35935497283935547,0.6682656407356262,0.5767454504966736,0.39981773495674133,0.6791814565658569,0.07594144344329834,0.571570873260498,0.3821352422237396,-0.33039557933807373,0.6200293898582458,0.5674766302108765,0.5961541533470154,0.19374017417430878,0.9996849298477173,0.5290161967277527,0.5967501401901245,-0.1936298906803131,0.999709963798523,0.592796802520752,0.6900803446769714,0.2905412018299103,0.7708556056022644,0.4919135868549347,0.7015231847763062,-0.12474239617586136,0.9812754392623901,0.6167470216751099,0.7861015200614929,0.37411579489707947,0.9242422580718994,0.38954976201057434,0.7986267805099487,-0.0240480937063694,0.9843137860298157,0.6099940538406372,0.8013977408409119,0.37437453866004944,0.8876018524169922,0.36782628297805786,0.8066777586936951,-0.01899983175098896,0.9434130787849426,0.6954269409179688,0.8075301647186279,0.2581680715084076,0.9272921085357666,0.406236857175827,0.8277620077133179,-0.15315072238445282,0.9734976887702942
173,0.6095227003097534,0.40218937397003174,-0.011711486615240574,0.999809980392456,0.5993219017982483,0.3914516270160675,0.004097468685358763,0.9997895359992981,0.5978423953056335,0.39092403650283813,0.004103022627532482,0.9996628165245056,0.5957909226417542,0.39016538858413696,0.004094020463526249,0.9997379183769226,0.5981330275535583,0.39188894629478455,-0.061750441789627075,0.9998475313186646,0.5959333181381226,0.3916131556034088,-0.061989735811948776,0.99983811378479,0.5933389663696289,0.3910776376724243,-0.06203293800354004,0.9998555183410645,0.5701520442962646,0.390716552734375,0.11021806299686432,0.9996590614318848,0.5668529272079468,0.39108458161354065,-0.18399570882320404,0.9998372197151184,0.5983395576477051,0.41097402572631836,0.036864761263132095,0.9995152950286865,0.5970134139060974,0.4110371172428131,-0.04908357560634613,0.9994945526123047,0.5419426560401917,0.4455725848674774,0.3073585331439972,0.9979856014251709,0.5291035175323486,0.4305885434150696,-0.34465596079826355,0.9992337226867676,0.5829558372497559,0.4515025317668915,0.5584204196929932,0.060608770698308945,0.5940284132957458,0.42809322476387024,-0.42694756388664246,0.9526069164276123,0.5655859112739563,0.42760178446769714,0.7167418003082275,0.06550809741020203,0.5889679193496704,0.3926524519920349,-0.2253953218460083,0.7476961016654968,0.5589428544044495,0.42280930280685425,0.7603825330734253,0.06518686562776566,0.5851606726646423,0.382361501455307,-0.24506649374961853,0.6859084963798523,0.548041820526123,0.4111804962158203,0.7371819615364075,0.06570825725793839,0.5774675011634827,0.3857942521572113,-0.23591382801532745,0.6704098582267761,0.5621206760406494,0.4249832332134247,0.7075655460357666,0.07399389147758484,0.5774737596511841,0.39038124680519104,-0.2153715044260025,0.6211745142936707,0.56159508228302,0.5969070196151733,0.1863425374031067,0.9996790885925293,0.5290372371673584,0.5946263670921326,-0.18618308007717133,0.9997040033340454,0.5905623435974121,0.6916294097900391,0.2776157855987549,0.7724106311798096,0.49338236451148987,0.7001098394393921,-0.12018996477127075,0.9811289310455322,0.62293940782547,0.7981759905815125,0.3468606770038605,0.9250364303588867,0.3891522288322449,0.800247848033905,-0.009699461050331593,0.984084963798523,0.6046577095985413,0.8008047938346863,0.3459704518318176,0.8877872824668884,0.37353745102882385,0.8090660572052002,-0.003217129036784172,0.9426342844963074,0.6986989378929138,0.8075594305992126,0.2255297750234604,0.9277552366256714,0.42073577642440796,0.8289355039596558,-0.1309751570224762,0.9732731580734253
174,0.610237717628479,0.40326127409935,-0.025212273001670837,0.9998107552528381,0.6017017364501953,0.3955865204334259,-0.00849998276680708,0.9997912645339966,0.6001136898994446,0.39521461725234985,-0.008478421717882156,0.9996655583381653,0.5978112816810608,0.3946680724620819,-0.008470308966934681,0.9997393488883972,0.5998351573944092,0.3932768404483795,-0.07430242747068405,0.9998493194580078,0.5975521802902222,0.3930608928203583,-0.07453437894582748,0.9998401999473572,0.5946850180625916,0.3925943672657013,-0.07458063960075378,0.9998573660850525,0.5773359537124634,0.396213561296463,0.10003834962844849,0.9996622204780579,0.5685156583786011,0.3959129750728607,-0.19435866177082062,0.9998398423194885,0.5993741154670715,0.4123225808143616,0.023855112493038177,0.9995221495628357,0.5981565117835999,0.4122423231601715,-0.06220368295907974,0.9995036125183105,0.5478737950325012,0.44368094205856323,0.297810822725296,0.9979866147041321,0.5305213928222656,0.4368811547756195,-0.34782570600509644,0.9992502331733704,0.5882119536399841,0.43818405270576477,0.5599043965339661,0.05889933183789253,0.5941022038459778,0.42450806498527527,-0.42087170481681824,0.9530746936798096,0.5726171135902405,0.402889609336853,0.7367604374885559,0.0638219565153122,0.581593930721283,0.38996776938438416,-0.20565393567085266,0.7481209635734558,0.565930962562561,0.39420950412750244,0.7815961837768555,0.06375506520271301,0.5751926302909851,0.3796326518058777,-0.22238634526729584,0.6861653923988342,0.5502505302429199,0.3983246684074402,0.7591190338134766,0.06431114673614502,0.567672848701477,0.38492652773857117,-0.21710190176963806,0.6706677079200745,0.569271981716156,0.3999336361885071,0.7277042269706726,0.07256130874156952,0.5691792368888855,0.38955914974212646,-0.19754096865653992,0.6213632822036743,0.5658298134803772,0.5988208055496216,0.18768447637557983,0.9996774792671204,0.5288629531860352,0.6002721786499023,-0.18752466142177582,0.9997051954269409,0.5907796025276184,0.6917129755020142,0.2818497121334076,0.7705854177474976,0.49089038372039795,0.7011473774909973,-0.11630751937627792,0.9810751080513,0.6176405549049377,0.7849171161651611,0.3609835207462311,0.9240939021110535,0.38772818446159363,0.8002635836601257,-0.019099313765764236,0.984009861946106,0.6062381267547607,0.8005407452583313,0.36155927181243896,0.8865888714790344,0.36932671070098877,0.8088722229003906,-0.01390537153929472,0.9425101280212402,0.6979469060897827,0.8070460557937622,0.24772435426712036,0.9269980192184448,0.4087281823158264,0.8296220302581787,-0.14122022688388824,0.9731920957565308
175,0.5980798006057739,0.39680835604667664,-0.04299106076359749,0.9998026490211487,0.5891072750091553,0.38863125443458557,-0.025511544197797775,0.999779462814331,0.5882089734077454,0.38842761516571045,-0.025520464405417442,0.9996474385261536,0.5866652131080627,0.38816291093826294,-0.025543207302689552,0.9997281432151794,0.5853539705276489,0.3859476149082184,-0.09073284268379211,0.9998409152030945,0.5829111933708191,0.38584989309310913,-0.09093743562698364,0.9998322129249573,0.5801771283149719,0.38552337884902954,-0.09095767885446548,0.9998505115509033,0.5673444271087646,0.39133960008621216,0.09293420612812042,0.9996541738510132,0.557049572467804,0.389545738697052,-0.19990910589694977,0.9998329877853394,0.5877398252487183,0.40775373578071594,0.009569723159074783,0.9995154142379761,0.5854035019874573,0.40713563561439514,-0.07591938972473145,0.9994971752166748,0.5430643558502197,0.4457456171512604,0.2902791202068329,0.9979597926139832,0.5318048596382141,0.4331745505332947,-0.3342466950416565,0.9991841316223145,0.6085420250892639,0.4336394667625427,0.5434913039207458,0.06245896592736244,0.6002952456474304,0.4115477502346039,-0.41173145174980164,0.952537477016449,0.5781130194664001,0.4001917541027069,0.7039483785629272,0.06551449000835419,0.5849035382270813,0.3795521557331085,-0.17654117941856384,0.7410618662834167,0.5677803158760071,0.3924429714679718,0.7414072751998901,0.06478973478078842,0.5773695707321167,0.368401437997818,-0.19429831206798553,0.6776074171066284,0.5554642081260681,0.3908846080303192,0.7254865765571594,0.06537657231092453,0.5688849091529846,0.376711368560791,-0.19067919254302979,0.6622398495674133,0.5681983232498169,0.3981854319572449,0.6965016722679138,0.07393727451562881,0.5714309811592102,0.3819648325443268,-0.170763298869133,0.6143379807472229,0.5564219355583191,0.6015110015869141,0.1759118139743805,0.9996691942214966,0.529244065284729,0.5957375168800354,-0.17578467726707458,0.9996866583824158,0.5895299315452576,0.692980945110321,0.2617887854576111,0.7679935693740845,0.49071377515792847,0.7011070847511292,-0.10660605877637863,0.9800026416778564,0.6190696358680725,0.7865474820137024,0.3280155062675476,0.9221763610839844,0.38990095257759094,0.8020694851875305,-0.0028171148151159286,0.9831254482269287,0.6082249879837036,0.8018524646759033,0.3272642195224762,0.8837627172470093,0.3740774691104889,0.8120071887969971,0.002438738476485014,0.9401620626449585,0.6988995671272278,0.8090770840644836,0.2047555148601532,0.9254376888275146,0.4181275963783264,0.828586757183075,-0.1291324496269226,0.9718902111053467
176,0.6066743731498718,0.40136656165122986,-0.013438745401799679,0.999792218208313,0.5950442552566528,0.3907540440559387,0.001047195284627378,0.9997745156288147,0.5932068824768066,0.39052093029022217,0.0010566642740741372,0.999640703201294,0.5907555222511292,0.39010748267173767,0.0010530223371461034,0.9997212886810303,0.5936000943183899,0.39067867398262024,-0.06612249463796616,0.999835729598999,0.5909530520439148,0.39032185077667236,-0.06636110693216324,0.9998263120651245,0.587897539138794,0.38975435495376587,-0.06642574071884155,0.999845027923584,0.5664860010147095,0.3950575888156891,0.1059918999671936,0.9996403455734253,0.56369948387146,0.39145079255104065,-0.19362948834896088,0.9998255968093872,0.5959324240684509,0.4111696779727936,0.035653263330459595,0.9994879364967346,0.5948958396911621,0.4109097421169281,-0.05189291760325432,0.9994617104530334,0.5406723022460938,0.44188040494918823,0.31539058685302734,0.9979197978973389,0.5289515852928162,0.43197527527809143,-0.35904979705810547,0.9991834759712219,0.5812219977378845,0.45152902603149414,0.5729184746742249,0.05905932933092117,0.6086540818214417,0.428536981344223,-0.396650105714798,0.9504139423370361,0.5665899515151978,0.4219628572463989,0.7321681976318359,0.06259433925151825,0.5936965942382812,0.38858500123023987,-0.14922240376472473,0.7376698851585388,0.5597389936447144,0.41564619541168213,0.7790810465812683,0.06250684708356857,0.5876219868659973,0.3772556185722351,-0.16171829402446747,0.676818311214447,0.5613873600959778,0.4159461557865143,0.753070592880249,0.06314444541931152,0.5779690742492676,0.38035258650779724,-0.15710100531578064,0.6614744663238525,0.5638070702552795,0.41825443506240845,0.7216812968254089,0.07146456092596054,0.5789005160331726,0.3853050172328949,-0.13913843035697937,0.6125754714012146,0.553589403629303,0.6011239290237427,0.1949978470802307,0.9996665120124817,0.5305837988853455,0.5975131392478943,-0.19486498832702637,0.9996890425682068,0.5955264568328857,0.6903486847877502,0.3190389573574066,0.7642968893051147,0.48984459042549133,0.7037888169288635,-0.10043394565582275,0.9796489477157593,0.6141682863235474,0.7853853106498718,0.4021323025226593,0.9214815497398376,0.3896482288837433,0.7994484305381775,0.0017468997975811362,0.9829076528549194,0.6024473309516907,0.8018221259117126,0.40369945764541626,0.88379967212677,0.37478187680244446,0.813405454158783,0.007626914884895086,0.9398524165153503,0.6980988383293152,0.8069509267807007,0.2913520038127899,0.9249407052993774,0.41035130620002747,0.8281777501106262,-0.12218718230724335,0.9716400504112244
177,0.6026648283004761,0.40332990884780884,-0.034225527197122574,0.9997847080230713,0.5975296497344971,0.39248406887054443,-0.0162410419434309,0.9997692108154297,0.5962097644805908,0.3920890688896179,-0.016230814158916473,0.9996324777603149,0.5943259596824646,0.3914823532104492,-0.016234062612056732,0.9997132420539856,0.595705509185791,0.39273062348365784,-0.0832318514585495,0.9998316764831543,0.5890218615531921,0.39202842116355896,-0.08346119523048401,0.9998219609260559,0.5861483812332153,0.3915065824985504,-0.08352414518594742,0.999841034412384,0.5692785978317261,0.39292436838150024,0.10032415390014648,0.9996294379234314,0.5652199983596802,0.3927935063838959,-0.19866828620433807,0.9998220801353455,0.5955872535705566,0.41255518794059753,0.018434368073940277,0.9994786977767944,0.5941517353057861,0.4123670160770416,-0.06896834820508957,0.9994498491287231,0.5454241037368774,0.4416707158088684,0.3042992353439331,0.9979235529899597,0.5302374362945557,0.4384576678276062,-0.35347095131874084,0.9991751313209534,0.6013272404670715,0.4383588135242462,0.5499801635742188,0.0588686540722847,0.6022213101387024,0.42167598009109497,-0.4093915522098541,0.9498189687728882,0.5774269104003906,0.40203922986984253,0.6932928562164307,0.06271714717149734,0.5837268233299255,0.3843081593513489,-0.1810939610004425,0.7384037375450134,0.5686664581298828,0.39340832829475403,0.7321864366531372,0.06262551993131638,0.5696606040000916,0.377693772315979,-0.19913016259670258,0.6786859035491943,0.567432165145874,0.39512255787849426,0.7113423347473145,0.06335225701332092,0.5595899820327759,0.3822576403617859,-0.1979711800813675,0.6636022329330444,0.5701899528503418,0.3984833359718323,0.6837016344070435,0.07181908935308456,0.5624522566795349,0.3872029185295105,-0.1738598346710205,0.6144708395004272,0.5689160227775574,0.6017428040504456,0.18783201277256012,0.9996686577796936,0.5281999111175537,0.5991740822792053,-0.1876804530620575,0.9996896386146545,0.5929564833641052,0.6921361684799194,0.3082084655761719,0.7635575532913208,0.4833317995071411,0.7045558094978333,-0.09164369851350784,0.9791136384010315,0.617977499961853,0.787566065788269,0.40297791361808777,0.9199587106704712,0.3887760639190674,0.7986250519752502,0.019618498161435127,0.9822966456413269,0.609251856803894,0.8032954931259155,0.40555697679519653,0.8816450238227844,0.3735962212085724,0.8116009831428528,0.025911487638950348,0.9377909898757935,0.6955504417419434,0.8088251948356628,0.2895546853542328,0.92351895570755,0.40847328305244446,0.8285742998123169,-0.10662227123975754,0.970790684223175
178,0.6077730655670166,0.4027803838253021,-0.02649102546274662,0.9997975826263428,0.5972140431404114,0.39205503463745117,-0.009446118958294392,0.9997830390930176,0.5958866477012634,0.3918442130088806,-0.009437177330255508,0.9996539354324341,0.5937638282775879,0.3915221095085144,-0.009434391744434834,0.9997290372848511,0.5947324633598328,0.3920249938964844,-0.07827306538820267,0.9998422265052795,0.5918532013893127,0.39169400930404663,-0.07851999998092651,0.9998329281806946,0.5885977149009705,0.3912084698677063,-0.07855718582868576,0.9998505115509033,0.5680381059646606,0.3933318257331848,0.10242357850074768,0.9996501803398132,0.5634136199951172,0.3921804130077362,-0.20515760779380798,0.9998325109481812,0.5968988537788391,0.4126611053943634,0.024257829412817955,0.9995139241218567,0.5948550701141357,0.4122209846973419,-0.06546978652477264,0.9994885325431824,0.5454120635986328,0.4405110478401184,0.3140873312950134,0.9980607628822327,0.5290107727050781,0.4374467730522156,-0.37636998295783997,0.9992380738258362,0.5859020948410034,0.44235900044441223,0.6115174889564514,0.05680450424551964,0.5979831218719482,0.43583595752716064,-0.5039775967597961,0.9520722031593323,0.5855193734169006,0.4055608808994293,0.811190128326416,0.0631573274731636,0.6027466654777527,0.39769887924194336,-0.37598276138305664,0.7506430149078369,0.5824966430664062,0.3969212770462036,0.8592879772186279,0.06371571868658066,0.6003890633583069,0.3874421715736389,-0.40714403986930847,0.6929094195365906,0.5843366384506226,0.39789214730262756,0.8336379528045654,0.06447126716375351,0.6011213660240173,0.38954731822013855,-0.3984726369380951,0.6781529784202576,0.5852983593940735,0.40131664276123047,0.8017670512199402,0.07300513237714767,0.5995659232139587,0.39074885845184326,-0.3679353594779968,0.629106879234314,0.5694537162780762,0.599441409111023,0.20231862366199493,0.9996896982192993,0.5302077531814575,0.6010535359382629,-0.20214945077896118,0.9997117519378662,0.5938733816146851,0.6938808560371399,0.3601016402244568,0.7632561326026917,0.4839269518852234,0.7068580389022827,-0.1335822194814682,0.9795780181884766,0.6179942488670349,0.7871754169464111,0.4821568727493286,0.9200313091278076,0.38807380199432373,0.8010538816452026,-0.023379487916827202,0.9828742146492004,0.6115483641624451,0.802101731300354,0.4870566427707672,0.8830087184906006,0.3694024085998535,0.8094274401664734,-0.01634882017970085,0.9397119283676147,0.7047951817512512,0.808326005935669,0.38063523173332214,0.9241276979446411,0.4089067280292511,0.8306266665458679,-0.15248945355415344,0.9718069434165955
179,0.5990773439407349,0.4007872939109802,-0.04684959724545479,0.999803900718689,0.592585027217865,0.38917648792266846,-0.028917191550135612,0.9997904300689697,0.5879260301589966,0.38870009779930115,-0.028909524902701378,0.9996663331985474,0.5862452983856201,0.38845521211624146,-0.028918100520968437,0.9997382760047913,0.5855429172515869,0.386233925819397,-0.09525589644908905,0.9998474717140198,0.5831372141838074,0.38607433438301086,-0.09546729177236557,0.9998388290405273,0.5803894400596619,0.3857211768627167,-0.0954839289188385,0.999855101108551,0.5662012100219727,0.391666442155838,0.09109745174646378,0.9996651411056519,0.5623146295547485,0.3901042640209198,-0.2053619623184204,0.9998382925987244,0.5917472839355469,0.41161125898361206,0.006666798610240221,0.9995314478874207,0.5857107639312744,0.40809184312820435,-0.07983305305242538,0.999505877494812,0.5471368432044983,0.4405611753463745,0.3024126887321472,0.9981002807617188,0.528997004032135,0.43379613757133484,-0.3540779650211334,0.9992539882659912,0.6057848334312439,0.43779340386390686,0.5500472187995911,0.05755913257598877,0.599418580532074,0.42223480343818665,-0.4267646372318268,0.9525163769721985,0.5817632079124451,0.404057115316391,0.6965228319168091,0.06452672928571701,0.5841155052185059,0.3803563117980957,-0.2307213842868805,0.7541237473487854,0.5728049874305725,0.39630353450775146,0.7355117201805115,0.06501305103302002,0.5776399970054626,0.3712916672229767,-0.25276362895965576,0.698063850402832,0.5546354651451111,0.3925093114376068,0.715337336063385,0.0658169761300087,0.5706493258476257,0.3754943609237671,-0.24837298691272736,0.6836739778518677,0.5732222199440002,0.401213139295578,0.6875423192977905,0.07447017729282379,0.5725569128990173,0.3807537257671356,-0.22338293492794037,0.6349825859069824,0.5714815855026245,0.5965402126312256,0.1905292570590973,0.999701976776123,0.5264986753463745,0.598406195640564,-0.1904185712337494,0.9997240900993347,0.5950775742530823,0.6907704472541809,0.3223436772823334,0.7608734965324402,0.4907217025756836,0.7026851177215576,-0.11273207515478134,0.9795776605606079,0.6176741719245911,0.7854529023170471,0.4098641276359558,0.9195004105567932,0.3869919776916504,0.7964693903923035,-0.00975851807743311,0.9830244779586792,0.6088741421699524,0.8002403974533081,0.4115656614303589,0.8833175301551819,0.3699107766151428,0.8036258220672607,-0.0036720645148307085,0.9406760334968567,0.6987623572349548,0.8092712163925171,0.3002917766571045,0.9238702654838562,0.40856224298477173,0.8281481266021729,-0.1317603886127472,0.972010612487793
180,0.6054806709289551,0.4030846953392029,0.0032658374402672052,0.9998065233230591,0.5959080457687378,0.39574965834617615,0.020666467025876045,0.999792218208313,0.5948500037193298,0.3955758810043335,0.02066696435213089,0.9996705651283264,0.592387318611145,0.3917655348777771,0.02065836451947689,0.9997414946556091,0.593078076839447,0.3922754228115082,-0.04547334462404251,0.9998490214347839,0.5904790163040161,0.39179134368896484,-0.04570331051945686,0.9998406767845154,0.5874829888343811,0.39109426736831665,-0.04572942480444908,0.9998559951782227,0.5731214880943298,0.3968968987464905,0.12925562262535095,0.9996681213378906,0.5661288499832153,0.3960229754447937,-0.1660572588443756,0.9998397827148438,0.5937274098396301,0.41253378987312317,0.05254356563091278,0.9995411038398743,0.5918180346488953,0.41192445158958435,-0.03365299850702286,0.9995146989822388,0.5425673723220825,0.4399968683719635,0.3306148648262024,0.9981951713562012,0.5242734551429749,0.4324999153614044,-0.3396725654602051,0.9992959499359131,0.5915337800979614,0.45429378747940063,0.5659277439117432,0.05639306828379631,0.6040446758270264,0.4287175238132477,-0.42404332756996155,0.9540011286735535,0.5836766362190247,0.42918074131011963,0.7043428421020508,0.06420758366584778,0.6076647043228149,0.38951146602630615,-0.2227461189031601,0.7607707381248474,0.5801678895950317,0.4233495593070984,0.7462511658668518,0.0649384930729866,0.6070870161056519,0.3782201111316681,-0.24456147849559784,0.7046908140182495,0.5807082056999207,0.42389002442359924,0.7205727696418762,0.06577590107917786,0.5920602083206177,0.38172635436058044,-0.23097074031829834,0.6901694536209106,0.5815842747688293,0.4258653223514557,0.6935129761695862,0.07431109994649887,0.5941464304924011,0.38962888717651367,-0.2106904238462448,0.6406006813049316,0.5688329339027405,0.5991391539573669,0.19209825992584229,0.9997071623802185,0.5300784111022949,0.5959080457687378,-0.19198398292064667,0.9997280240058899,0.5919646620750427,0.6943321824073792,0.29471632838249207,0.7626440525054932,0.49179551005363464,0.7024402022361755,-0.11274395883083344,0.979618489742279,0.613422155380249,0.7855464220046997,0.3736874461174011,0.9202260971069336,0.3877207338809967,0.7959798574447632,-0.012970611453056335,0.9830746054649353,0.6043883562088013,0.8016275763511658,0.37407034635543823,0.8834527134895325,0.3705403506755829,0.807007372379303,-0.007544100750237703,0.9404590129852295,0.6905878186225891,0.8082372546195984,0.2587893307209015,0.9241803288459778,0.4048471450805664,0.8309894800186157,-0.1373746544122696,0.972168505191803
181,0.6036689281463623,0.40320929884910583,-0.0013080950593575835,0.9997830390930176,0.5972644686698914,0.3920340836048126,0.012137318961322308,0.999771773815155,0.5956773161888123,0.39163801074028015,0.012129285372793674,0.999640941619873,0.5884163975715637,0.3906461000442505,0.012102371081709862,0.9997159242630005,0.5959166884422302,0.39204320311546326,-0.05330386757850647,0.9998317360877991,0.593554675579071,0.3916114866733551,-0.05351777374744415,0.9998219013214111,0.5858365297317505,0.39059436321258545,-0.0535774752497673,0.9998385906219482,0.5680818557739258,0.3926832377910614,0.11029274761676788,0.9996290802955627,0.5671864748001099,0.3919031322002411,-0.18137729167938232,0.9998185038566589,0.5973787903785706,0.41302844882011414,0.045303117483854294,0.9994899034500122,0.5965973138809204,0.4126283824443817,-0.039951663464307785,0.9994520545005798,0.5375306010246277,0.44605696201324463,0.3102560043334961,0.9981575608253479,0.53331458568573,0.4334834814071655,-0.3487119972705841,0.9992813467979431,0.5809240937232971,0.4542332589626312,0.5527182817459106,0.05389372631907463,0.6171509623527527,0.4200458526611328,-0.39247432351112366,0.9507397413253784,0.5689314603805542,0.4291212260723114,0.703304648399353,0.061659034341573715,0.6024864912033081,0.3978399336338043,-0.1560835987329483,0.7531065940856934,0.5631452202796936,0.42397019267082214,0.7472142577171326,0.06274081766605377,0.5981464982032776,0.38805273175239563,-0.17060524225234985,0.6987734436988831,0.5646088123321533,0.42436036467552185,0.722558319568634,0.06359238177537918,0.5809924602508545,0.3896994888782501,-0.16707134246826172,0.6841745972633362,0.5668242573738098,0.4262847304344177,0.6932656168937683,0.07191022485494614,0.5906031727790833,0.39962002635002136,-0.14691349864006042,0.633436381816864,0.5589806437492371,0.5992364883422852,0.1893490105867386,0.9997022151947021,0.5286199450492859,0.5974284410476685,-0.18921594321727753,0.9997252821922302,0.5950427651405334,0.6913855075836182,0.30312538146972656,0.7621791362762451,0.4913610517978668,0.7031703591346741,-0.10025185346603394,0.9793523550033569,0.6273672580718994,0.7874401807785034,0.38795018196105957,0.9199366569519043,0.3873389959335327,0.8020492792129517,0.0015775063075125217,0.9828054904937744,0.6193442940711975,0.8026106953620911,0.38951656222343445,0.8823505640029907,0.3710469901561737,0.8109605312347412,0.007161143701523542,0.9392249584197998,0.7041540145874023,0.808477520942688,0.27582141757011414,0.9233928918838501,0.4105225205421448,0.8289989233016968,-0.12423127144575119,0.971642792224884
182,0.6064011454582214,0.4025067389011383,-0.022859834134578705,0.9997828006744385,0.6019246578216553,0.39180871844291687,-0.005827959161251783,0.99977046251297,0.600390613079071,0.3913895785808563,-0.005807865411043167,0.9996384382247925,0.5981666445732117,0.39075949788093567,-0.005803939886391163,0.9997146129608154,0.6003798246383667,0.39176690578460693,-0.07154768705368042,0.999830961227417,0.5978704690933228,0.3912561237812042,-0.07177240401506424,0.9998209476470947,0.5949016809463501,0.39051276445388794,-0.07180856913328171,0.9998377561569214,0.5715272426605225,0.391305536031723,0.10196731984615326,0.9996264576911926,0.5679255127906799,0.3900143504142761,-0.19228754937648773,0.9998165965080261,0.599395215511322,0.4118691086769104,0.02597232721745968,0.9994901418685913,0.5981984734535217,0.4114111065864563,-0.0599997341632843,0.9994485974311829,0.5423391461372375,0.4454135000705719,0.29364943504333496,0.998140811920166,0.532102644443512,0.4319063127040863,-0.3412834107875824,0.9992600679397583,0.5980771780014038,0.43875232338905334,0.5294089913368225,0.054560527205467224,0.6115052700042725,0.4233971834182739,-0.40739768743515015,0.9495279788970947,0.5777266621589661,0.40512052178382874,0.6686503887176514,0.06194228678941727,0.5855271220207214,0.38568347692489624,-0.1925906091928482,0.7489809989929199,0.569551408290863,0.39693230390548706,0.7067391872406006,0.06294821947813034,0.5757972002029419,0.37401282787323,-0.21355655789375305,0.6943808197975159,0.5690306425094604,0.39875099062919617,0.6859471797943115,0.0638267770409584,0.5650789737701416,0.3794969320297241,-0.21080723404884338,0.6798679232597351,0.5721345543861389,0.4017339050769806,0.6591663360595703,0.07218194007873535,0.5679749846458435,0.3843919336795807,-0.1862415373325348,0.6292327046394348,0.5568164587020874,0.6006380915641785,0.1849411129951477,0.999698281288147,0.5313746333122253,0.6006068587303162,-0.1847216784954071,0.9997200965881348,0.598906397819519,0.6894845962524414,0.28296756744384766,0.7619675397872925,0.4910917580127716,0.7044651508331299,-0.11597054451704025,0.979350745677948,0.6363118886947632,0.792644202709198,0.36393219232559204,0.9192994832992554,0.390947550535202,0.7996870875358582,-0.009804646484553814,0.982693076133728,0.6142868995666504,0.8015850782394409,0.3642314672470093,0.881074070930481,0.3736743628978729,0.8081675171852112,-0.004265287891030312,0.9391000270843506,0.7030089497566223,0.8056383728981018,0.24595102667808533,0.9225414395332336,0.40483754873275757,0.827036440372467,-0.13218210637569427,0.9713892936706543
183,0.604246199131012,0.4029061198234558,-0.013013523072004318,0.9997802376747131,0.5988006591796875,0.39238208532333374,0.0015472356462851167,0.9997700452804565,0.59710693359375,0.3920486271381378,0.0015497778076678514,0.9996380805969238,0.5948231816291809,0.391543984413147,0.00153492228128016,0.9997132420539856,0.5976933240890503,0.39240723848342896,-0.06429725140333176,0.9998302459716797,0.5953920483589172,0.3920278549194336,-0.0645170733332634,0.9998201131820679,0.5927423238754272,0.3914474546909332,-0.06456241756677628,0.9998366236686707,0.5683682560920715,0.39273932576179504,0.10407838225364685,0.9996256828308105,0.5669175982475281,0.39187511801719666,-0.18947429955005646,0.9998153448104858,0.5970008373260498,0.41281041502952576,0.03490687161684036,0.9994857311248779,0.5964142680168152,0.41239798069000244,-0.050910428166389465,0.999441385269165,0.5405457615852356,0.44590699672698975,0.3040328919887543,0.9981632828712463,0.5326064229011536,0.4328453838825226,-0.35192736983299255,0.9992793798446655,0.5878583788871765,0.4491133391857147,0.5477874875068665,0.05283302813768387,0.6077622771263123,0.43248045444488525,-0.40180379152297974,0.9488864541053772,0.5695565938949585,0.4250991642475128,0.6974221467971802,0.060321200639009476,0.5887309908866882,0.39965200424194336,-0.18058277666568756,0.7492033839225769,0.5622828006744385,0.42011311650276184,0.740086555480957,0.06157410517334938,0.5810818672180176,0.39015865325927734,-0.1971801221370697,0.6958332061767578,0.5621683597564697,0.42103511095046997,0.7163126468658447,0.062471628189086914,0.5718420147895813,0.3937593400478363,-0.19436964392662048,0.6814166307449341,0.5648691058158875,0.4230242073535919,0.6876980066299438,0.07066746056079865,0.5734623670578003,0.39808598160743713,-0.1722303181886673,0.6302123665809631,0.56935715675354,0.5961840152740479,0.1899614781141281,0.9997044801712036,0.5283015966415405,0.5979440212249756,-0.18980887532234192,0.9997279644012451,0.5955236554145813,0.6922588348388672,0.3082863986492157,0.7620951533317566,0.49060511589050293,0.7031065821647644,-0.09790544211864471,0.9793791770935059,0.6200787425041199,0.7859228849411011,0.39802461862564087,0.9192570447921753,0.38752055168151855,0.7962662577629089,0.009696622379124165,0.9827136397361755,0.6103511452674866,0.8000293374061584,0.40010708570480347,0.8811442255973816,0.36944690346717834,0.803483247756958,0.016331864520907402,0.9393648505210876,0.6988371014595032,0.8080682754516602,0.2900279760360718,0.922406017780304,0.4086432158946991,0.8273459672927856,-0.10841649025678635,0.9714198708534241
184,0.6035441756248474,0.4014028310775757,-0.022580711171030998,0.9997602105140686,0.5981681942939758,0.39047470688819885,-0.007188295945525169,0.9997518658638,0.5962875485420227,0.3899698555469513,-0.007185265421867371,0.9996107220649719,0.5938038229942322,0.38932374119758606,-0.0072078644298017025,0.9996904730796814,0.5970802307128906,0.39067837595939636,-0.07230186462402344,0.9998152256011963,0.5946112871170044,0.3902612030506134,-0.07251279056072235,0.9998038411140442,0.5865461826324463,0.38924506306648254,-0.07256369292736053,0.9998214244842529,0.5683040022850037,0.3908379375934601,0.09870170056819916,0.9995916485786438,0.5661775469779968,0.39020735025405884,-0.19176125526428223,0.9997970461845398,0.5959115028381348,0.4107453227043152,0.02643451653420925,0.9994380474090576,0.59522545337677,0.4102769196033478,-0.05845228210091591,0.9993820786476135,0.5416643619537354,0.4438614845275879,0.29756098985671997,0.998060405254364,0.5344265103340149,0.43120086193084717,-0.3484668731689453,0.999235212802887,0.5940732955932617,0.4468667209148407,0.5205469727516174,0.0520310215651989,0.6125234961509705,0.4294241666793823,-0.3929792046546936,0.946792721748352,0.5784078240394592,0.41813772916793823,0.641086220741272,0.05969025939702988,0.5936734080314636,0.39272183179855347,-0.1664455682039261,0.745180606842041,0.5716817378997803,0.41179361939430237,0.6783232092857361,0.061161719262599945,0.5865986943244934,0.3821123540401459,-0.18342934548854828,0.6929563879966736,0.5714256763458252,0.41220301389694214,0.6554883718490601,0.06209111586213112,0.5761222839355469,0.3853399157524109,-0.18126991391181946,0.6786049604415894,0.5739148259162903,0.41459548473358154,0.6307221055030823,0.07020571827888489,0.5775339007377625,0.38992977142333984,-0.15848541259765625,0.6268602013587952,0.5653102993965149,0.59316486120224,0.18711405992507935,0.9996852874755859,0.5296691060066223,0.5946503281593323,-0.1869497448205948,0.9997106790542603,0.5922987461090088,0.6884767413139343,0.2998204231262207,0.7591760158538818,0.49161234498023987,0.700131356716156,-0.10336271673440933,0.9788925051689148,0.6177641749382019,0.784619152545929,0.3816760778427124,0.9179442524909973,0.3886297047138214,0.8015946745872498,0.0014994490193203092,0.9821786284446716,0.6098385453224182,0.8004319071769714,0.3826298117637634,0.8795353770256042,0.37234848737716675,0.8106479644775391,0.007198677863925695,0.9379541277885437,0.6974901556968689,0.8064214587211609,0.26765790581703186,0.9207750558853149,0.4084356725215912,0.8284508585929871,-0.12222424149513245,0.9704922437667847
185,0.6049746870994568,0.3998848497867584,-0.004709816072136164,0.9997520446777344,0.5985195636749268,0.389485239982605,0.009531612507998943,0.9997444748878479,0.5964725613594055,0.3891291916370392,0.009546427987515926,0.9996006488800049,0.5939022302627563,0.38860824704170227,0.009547979570925236,0.9996815323829651,0.5981398820877075,0.3895625174045563,-0.05496268346905708,0.9998091459274292,0.5960350036621094,0.3892063498497009,-0.05518052354454994,0.9997974038124084,0.5935465097427368,0.38864171504974365,-0.05523165687918663,0.9998157024383545,0.5689575672149658,0.39032185077667236,0.10954131931066513,0.9995734095573425,0.568697452545166,0.3894674479961395,-0.17790578305721283,0.999788224697113,0.5968657732009888,0.4097335636615753,0.0420423187315464,0.9994187951087952,0.5969443321228027,0.4095708727836609,-0.0419769287109375,0.9993575811386108,0.5384501814842224,0.44437292218208313,0.3045433461666107,0.9980508685112,0.5324534177780151,0.43061837553977966,-0.33741164207458496,0.9992172718048096,0.5830750465393066,0.44680553674697876,0.5529308319091797,0.05124750733375549,0.6215280890464783,0.43081963062286377,-0.38434213399887085,0.944511353969574,0.5702258348464966,0.411324679851532,0.71357262134552,0.05916525423526764,0.5953194499015808,0.38362962007522583,-0.15141263604164124,0.7415469884872437,0.5637997388839722,0.4029202461242676,0.7582189440727234,0.06092098355293274,0.5876545906066895,0.3774392008781433,-0.16606493294239044,0.6907086372375488,0.5658214092254639,0.40361732244491577,0.7336091995239258,0.06187496334314346,0.574512243270874,0.38137537240982056,-0.16553887724876404,0.6763390302658081,0.5681918263435364,0.40658459067344666,0.7036348581314087,0.07003456354141235,0.5768193602561951,0.38641053438186646,-0.14428751170635223,0.6240609288215637,0.5546622276306152,0.5952638983726501,0.18415828049182892,0.999682605266571,0.5288389325141907,0.5972697138786316,-0.18399614095687866,0.9997064471244812,0.5935617089271545,0.6903080344200134,0.28278854489326477,0.7600299119949341,0.4935370683670044,0.7009417414665222,-0.1103580966591835,0.9786630868911743,0.6180792450904846,0.7825480699539185,0.3564217686653137,0.9186806678771973,0.39424416422843933,0.7992051243782043,-0.014108211733400822,0.9820471405982971,0.6102689504623413,0.7980747818946838,0.3564823269844055,0.879830002784729,0.37835612893104553,0.814803421497345,-0.00967037957161665,0.9372324347496033,0.6987313032150269,0.8058666586875916,0.23803383111953735,0.9211409687995911,0.40779903531074524,0.8264718651771545,-0.14401116967201233,0.970268189907074
186,0.6099197864532471,0.4007708430290222,-0.0227555762976408,0.9997535943984985,0.602263867855072,0.3899683952331543,-0.005953718442469835,0.9997441172599792,0.6001646518707275,0.38958820700645447,-0.00593356741592288,0.9996004104614258,0.5974644422531128,0.38902154564857483,-0.005948771722614765,0.999681293964386,0.6018197536468506,0.39003056287765503,-0.07295109331607819,0.9998095035552979,0.5995466113090515,0.3896239995956421,-0.073162741959095,0.9997983574867249,0.596749484539032,0.3889867961406708,-0.07318424433469772,0.9998158812522888,0.572807252407074,0.3908681869506836,0.10204809159040451,0.999576985836029,0.5705046653747559,0.38969480991363525,-0.19813212752342224,0.9997884035110474,0.6017739772796631,0.4106552004814148,0.026198888197541237,0.9994187951087952,0.6016314625740051,0.4102523922920227,-0.061541154980659485,0.9993531703948975,0.5384657382965088,0.4407620429992676,0.2976419925689697,0.9979329705238342,0.5343561172485352,0.43135663866996765,-0.3487652838230133,0.9991590976715088,0.5970892310142517,0.4315904378890991,0.5482544302940369,0.05092905834317207,0.6136971116065979,0.41844847798347473,-0.41394466161727905,0.9431681632995605,0.5772922039031982,0.39917615056037903,0.7029032707214355,0.05849792808294296,0.5767983198165894,0.38156622648239136,-0.20426686108112335,0.7366259098052979,0.5691990852355957,0.3915401101112366,0.7442337274551392,0.060359321534633636,0.5631715059280396,0.3703322410583496,-0.22581954300403595,0.6868166923522949,0.5681163668632507,0.3939659893512726,0.7208690047264099,0.061366185545921326,0.553145170211792,0.37605980038642883,-0.22741219401359558,0.6729099750518799,0.5713329315185547,0.39685991406440735,0.6927400827407837,0.0695323497056961,0.5573365092277527,0.38080862164497375,-0.2000569850206375,0.6212365031242371,0.5634031891822815,0.5975436568260193,0.19013537466526031,0.9996684789657593,0.5286269187927246,0.5984249711036682,-0.1899213343858719,0.999694287776947,0.595429003238678,0.6893623471260071,0.29337453842163086,0.7594884037971497,0.4884772300720215,0.7017476558685303,-0.11884097009897232,0.9788917303085327,0.6196632981300354,0.7866623997688293,0.36703553795814514,0.9184678196907043,0.3837471008300781,0.7975925803184509,-0.011913892813026905,0.9822381138801575,0.6083534359931946,0.8018006682395935,0.3666078746318817,0.8789997696876526,0.3637087345123291,0.8046428561210632,-0.005907952319830656,0.9378972053527832,0.7024257779121399,0.8059254884719849,0.24848325550556183,0.9206790924072266,0.4019830524921417,0.8289794325828552,-0.12986250221729279,0.9704169034957886
187,0.6050529479980469,0.40098267793655396,-0.023207394406199455,0.999751091003418,0.5987108945846558,0.3896436095237732,-0.007302106358110905,0.999742329120636,0.596907913684845,0.3891855776309967,-0.00728922663256526,0.999596357345581,0.5944786667823792,0.3886074125766754,-0.007301573175936937,0.9996782541275024,0.5974428057670593,0.3898995518684387,-0.07234515994787216,0.9998078346252441,0.5948502421379089,0.38954994082450867,-0.07255998253822327,0.9997961521148682,0.5917468070983887,0.38901597261428833,-0.07260442525148392,0.9998140931129456,0.569614827632904,0.39066314697265625,0.10063156485557556,0.9995733499526978,0.5655481815338135,0.3905712962150574,-0.18972349166870117,0.9997861385345459,0.5979993939399719,0.4103638529777527,0.02630288526415825,0.9994087815284729,0.5969244837760925,0.41024506092071533,-0.05858917161822319,0.9993422627449036,0.547840416431427,0.43962031602859497,0.29621586203575134,0.9978666305541992,0.5325101613998413,0.4325139820575714,-0.3418700695037842,0.999126672744751,0.5994856953620911,0.4417892098426819,0.5128735303878784,0.05098897963762283,0.6106180548667908,0.4253658056259155,-0.3864358067512512,0.9418386816978455,0.5763502717018127,0.4131320118904114,0.6303107738494873,0.05821866914629936,0.5897608995437622,0.390982061624527,-0.1441812962293625,0.7315817475318909,0.568138599395752,0.4066391587257385,0.6666345000267029,0.060082316398620605,0.5812508463859558,0.38055717945098877,-0.15845102071762085,0.6815533638000488,0.5664281249046326,0.408295601606369,0.6470083594322205,0.06107605621218681,0.5710376501083374,0.3856990933418274,-0.1557054966688156,0.6674360632896423,0.5692408084869385,0.4108331799507141,0.6209778785705566,0.06919857859611511,0.5732192993164062,0.39026960730552673,-0.13589486479759216,0.6155896782875061,0.5658842325210571,0.5980329513549805,0.18501529097557068,0.9996620416641235,0.5297290086746216,0.5956270694732666,-0.1848444938659668,0.9996874332427979,0.590985119342804,0.6893723607063293,0.2854391038417816,0.7598482370376587,0.4915352761745453,0.7006582617759705,-0.1131356880068779,0.9788556694984436,0.6114791035652161,0.7839889526367188,0.3634769916534424,0.9185878038406372,0.388983815908432,0.8007828593254089,-0.009001551195979118,0.9821538329124451,0.5990908741950989,0.7997757196426392,0.3640490472316742,0.879180371761322,0.3725387156009674,0.8098226189613342,-0.0035920869559049606,0.9376395344734192,0.6959732174873352,0.805878221988678,0.24947914481163025,0.9207027554512024,0.4100382924079895,0.8278383612632751,-0.1324019581079483,0.9702211618423462
188,0.6058916449546814,0.4002120792865753,-0.03493303805589676,0.9997522830963135,0.5979062914848328,0.3889675736427307,-0.018223639577627182,0.9997440576553345,0.5960631370544434,0.38871368765830994,-0.01822034828364849,0.9995987415313721,0.5937756299972534,0.3883138597011566,-0.018233342096209526,0.9996805787086487,0.5967069268226624,0.3889705538749695,-0.08426157385110855,0.9998090863227844,0.5941546559333801,0.388635516166687,-0.08446936309337616,0.999797523021698,0.5875223278999329,0.3877774775028229,-0.0844968855381012,0.9998153448104858,0.5700579285621643,0.3910219073295593,0.09350880235433578,0.9995787143707275,0.5662978887557983,0.3900165259838104,-0.20146256685256958,0.9997871518135071,0.5976275205612183,0.41031646728515625,0.01580710895359516,0.9994156956672668,0.5968214869499207,0.4099006652832031,-0.07047764211893082,0.9993466734886169,0.5473207235336304,0.44066619873046875,0.2913541793823242,0.9978742599487305,0.5327755212783813,0.4328644573688507,-0.3507460057735443,0.9991077780723572,0.6030937433242798,0.4384874105453491,0.5370045900344849,0.052215710282325745,0.6149832606315613,0.42456406354904175,-0.4063262343406677,0.9412413239479065,0.576820433139801,0.40885111689567566,0.6835768818855286,0.05888642370700836,0.5850768089294434,0.3877949118614197,-0.17945383489131927,0.7296025156974792,0.5675643086433411,0.4021083414554596,0.7231602668762207,0.06050436571240425,0.5741689801216125,0.37637999653816223,-0.19690744578838348,0.6797195076942444,0.5650820732116699,0.40370088815689087,0.7027926445007324,0.061530373990535736,0.5619323253631592,0.3818031847476959,-0.19858039915561676,0.6657665371894836,0.5684049725532532,0.406251460313797,0.6748200058937073,0.06976280361413956,0.5655050277709961,0.38674822449684143,-0.17392973601818085,0.6140096783638,0.5647691488265991,0.5979071855545044,0.18483319878578186,0.9996606111526489,0.5260820388793945,0.5958508253097534,-0.18463487923145294,0.9996824264526367,0.5902090072631836,0.6903812289237976,0.291143536567688,0.7601359486579895,0.4903174042701721,0.701508104801178,-0.10490882396697998,0.9787356853485107,0.6218059659004211,0.7863560318946838,0.37162870168685913,0.9182302951812744,0.38839560747146606,0.8019060492515564,0.0026097281370311975,0.9819179773330688,0.611777126789093,0.801328718662262,0.3720618784427643,0.8782235383987427,0.3731955885887146,0.8112959265708923,0.008530205115675926,0.9368944764137268,0.6970394253730774,0.8072918653488159,0.25292515754699707,0.9203465580940247,0.41811949014663696,0.828486442565918,-0.1210152804851532,0.9698915481567383
189,0.6022621989250183,0.4007686674594879,-0.006069777999073267,0.9997537732124329,0.5972994565963745,0.3910411596298218,0.010754070244729519,0.9997459053993225,0.5957561731338501,0.3907657563686371,0.010772732086479664,0.9996009469032288,0.5887176990509033,0.3899822533130646,0.010773624293506145,0.9996820688247681,0.5961869955062866,0.3913983702659607,-0.055139150470495224,0.9998108744621277,0.588449239730835,0.3909689486026764,-0.05535935238003731,0.9997991919517517,0.5859553813934326,0.3906620740890503,-0.055398136377334595,0.9998168349266052,0.5646064877510071,0.3943061828613281,0.11937015503644943,0.999579131603241,0.5657473802566528,0.395635724067688,-0.1745883971452713,0.9997882843017578,0.5951139330863953,0.4112817645072937,0.04327216371893883,0.9994200468063354,0.5939956903457642,0.41101762652397156,-0.04261481389403343,0.9993526339530945,0.5449585318565369,0.44298091530799866,0.31691795587539673,0.9979113936424255,0.5304725170135498,0.43479201197624207,-0.33794233202934265,0.9991248846054077,0.5933265686035156,0.4444744884967804,0.5493594408035278,0.052294131368398666,0.6144895553588867,0.428202748298645,-0.40267059206962585,0.9422474503517151,0.5818185806274414,0.4082697927951813,0.6812042593955994,0.06008048355579376,0.5946191549301147,0.3884505033493042,-0.18407846987247467,0.7349295616149902,0.5764098763465881,0.39947202801704407,0.7208660840988159,0.061897050589323044,0.5870762467384338,0.3766481578350067,-0.2008378654718399,0.6851358413696289,0.5764456987380981,0.40049630403518677,0.6975376605987549,0.06293963640928268,0.5752558708190918,0.38103967905044556,-0.19776545464992523,0.671082615852356,0.5782627463340759,0.40379130840301514,0.670760452747345,0.07129250466823578,0.5773473381996155,0.3861234486103058,-0.17611394822597504,0.6192499995231628,0.5651215314865112,0.59685218334198,0.18789468705654144,0.9996655583381653,0.5288575887680054,0.5983414053916931,-0.18774645030498505,0.9996860027313232,0.5907449722290039,0.6917600631713867,0.27585354447364807,0.762424886226654,0.4899355173110962,0.7000324130058289,-0.12492134422063828,0.9788150191307068,0.6186964511871338,0.785241425037384,0.34269461035728455,0.9190550446510315,0.38367247581481934,0.7976062297821045,-0.03869682922959328,0.9820340871810913,0.6080368757247925,0.8007871508598328,0.34206467866897583,0.8791398406028748,0.36653345823287964,0.8057329654693604,-0.03520228713750839,0.9370333552360535,0.6977577209472656,0.8065716028213501,0.22692450881004333,0.9208981394767761,0.4048633575439453,0.8284143805503845,-0.167965829372406,0.9699978232383728
190,0.6050819158554077,0.3995250165462494,-0.024143222719430923,0.9997439384460449,0.5979263186454773,0.3891454041004181,-0.007949896156787872,0.9997382760047913,0.5962024927139282,0.3888787031173706,-0.007957189343869686,0.9995889663696289,0.5940302014350891,0.388478547334671,-0.007977101020514965,0.9996732473373413,0.5967857241630554,0.38935956358909607,-0.07390345633029938,0.9998048543930054,0.5943741798400879,0.3891793489456177,-0.07413557916879654,0.9997926354408264,0.5878621935844421,0.38852933049201965,-0.07418879866600037,0.9998117685317993,0.5704371929168701,0.3908992111682892,0.10205203294754028,0.9995657205581665,0.5665075778961182,0.39069733023643494,-0.19267359375953674,0.9997822046279907,0.5972619652748108,0.4095762073993683,0.026172826066613197,0.9994022846221924,0.5962572693824768,0.409292995929718,-0.06002066656947136,0.9993327856063843,0.5456516742706299,0.4394284188747406,0.2998816668987274,0.9978814721107483,0.5312567949295044,0.43230873346328735,-0.3431714177131653,0.9990944862365723,0.5933941602706909,0.4401431679725647,0.5587137341499329,0.05188659206032753,0.6112149357795715,0.4261053800582886,-0.3834037482738495,0.940473735332489,0.5727353692054749,0.4073508381843567,0.7224423885345459,0.05922067537903786,0.5958238244056702,0.383755087852478,-0.13355882465839386,0.7292417287826538,0.5648232102394104,0.3998618721961975,0.7658708095550537,0.06109488382935524,0.5840054154396057,0.37476804852485657,-0.14679940044879913,0.679908275604248,0.5647026896476746,0.4011738896369934,0.7433474063873291,0.06216922029852867,0.5723416209220886,0.3792310655117035,-0.1462113857269287,0.665878415107727,0.5672600865364075,0.40394115447998047,0.7132615447044373,0.07053269445896149,0.5745190382003784,0.38414233922958374,-0.1260247379541397,0.613840639591217,0.562744677066803,0.5968989133834839,0.18336324393749237,0.9996576905250549,0.5268720388412476,0.5951186418533325,-0.18319949507713318,0.9996756911277771,0.5900765657424927,0.6899276375770569,0.2920781970024109,0.7618608474731445,0.48858511447906494,0.7015268802642822,-0.09347228705883026,0.9783194065093994,0.6191518902778625,0.7859903573989868,0.3715822100639343,0.9186422824859619,0.38791346549987793,0.8019469380378723,0.014383247122168541,0.9814699292182922,0.6086357831954956,0.8012840151786804,0.3724397122859955,0.8782744407653809,0.37292203307151794,0.8119828104972839,0.020346909761428833,0.9352968335151672,0.6995806694030762,0.8061320781707764,0.25196194648742676,0.920576810836792,0.4174119234085083,0.828662633895874,-0.11270497739315033,0.9692936539649963
191,0.6102507710456848,0.40328848361968994,-0.0026224979665130377,0.9997456073760986,0.6001754999160767,0.3923324942588806,0.012078570201992989,0.9997396469116211,0.5986578464508057,0.391828715801239,0.012093781493604183,0.9995906949043274,0.5965195894241333,0.39110663533210754,0.01210267934948206,0.9996752738952637,0.598334014415741,0.39245811104774475,-0.053947001695632935,0.9998061656951904,0.5956452488899231,0.3919963836669922,-0.05417513847351074,0.9997937083244324,0.5924975275993347,0.39128249883651733,-0.05422196909785271,0.9998134970664978,0.5713342428207397,0.39206022024154663,0.11303525418043137,0.9995658993721008,0.5673379898071289,0.39179277420043945,-0.1820583939552307,0.9997835755348206,0.5995599031448364,0.411971777677536,0.044260427355766296,0.9994080066680908,0.5980374217033386,0.4117477834224701,-0.04202701896429062,0.9993417859077454,0.5420427918434143,0.43930885195732117,0.3080305755138397,0.9979055523872375,0.5327280759811401,0.4323189854621887,-0.3417903780937195,0.9991105794906616,0.5825472474098206,0.4444287419319153,0.5725533962249756,0.05109221115708351,0.6149566769599915,0.4258044362068176,-0.3927288055419922,0.9408383369445801,0.5725399255752563,0.4126259684562683,0.7475159764289856,0.05834691971540451,0.6000262498855591,0.39045292139053345,-0.1478407084941864,0.7288930416107178,0.5673535466194153,0.4049869179725647,0.7944395542144775,0.060397204011678696,0.5937877893447876,0.3798230290412903,-0.16162274777889252,0.6788353323936462,0.5690692663192749,0.4067349433898926,0.7688766121864319,0.06148763746023178,0.5834030508995056,0.38514673709869385,-0.15811140835285187,0.6646122336387634,0.570781946182251,0.40953078866004944,0.7375851273536682,0.06983856856822968,0.5850176811218262,0.38972288370132446,-0.1394198089838028,0.612271785736084,0.5510960221290588,0.5999161005020142,0.1867305040359497,0.9996548295021057,0.5298261046409607,0.5959142446517944,-0.18658015131950378,0.9996744394302368,0.5907067060470581,0.6886162161827087,0.27913814783096313,0.7619502544403076,0.48888951539993286,0.7020556330680847,-0.11463966965675354,0.9782559275627136,0.6191380620002747,0.7854213118553162,0.3570723831653595,0.9184591174125671,0.3905228078365326,0.8025017976760864,-0.021288003772497177,0.9814009666442871,0.6071740388870239,0.8005753755569458,0.3580092787742615,0.8779810070991516,0.3755921423435211,0.8122169375419617,-0.016820743680000305,0.9347575902938843,0.6994545459747314,0.8057865500450134,0.24448344111442566,0.920448899269104,0.41843146085739136,0.8284045457839966,-0.14906668663024902,0.969190239906311
192,0.6030867695808411,0.4008408188819885,-0.031230157241225243,0.9997406601905823,0.5954131484031677,0.38960185647010803,-0.01392290461808443,0.9997373223304749,0.5939521193504333,0.3892373740673065,-0.013921042904257774,0.9995871186256409,0.5921538472175598,0.3887983560562134,-0.013946648687124252,0.9996713995933533,0.5935775637626648,0.3898765444755554,-0.08098575472831726,0.999804675579071,0.5909918546676636,0.38961130380630493,-0.08120321482419968,0.9997926950454712,0.5854343175888062,0.388952374458313,-0.08124646544456482,0.9998119473457336,0.5708131194114685,0.3912767767906189,0.1005304679274559,0.9995657205581665,0.5654691457748413,0.39079535007476807,-0.19893001019954681,0.9997829794883728,0.5953032970428467,0.4102271795272827,0.020652201026678085,0.9993966817855835,0.5939251184463501,0.4099366068840027,-0.0669211819767952,0.9993277788162231,0.5436936616897583,0.4405612647533417,0.3030860126018524,0.997857391834259,0.5308710932731628,0.43295297026634216,-0.35336562991142273,0.9990860223770142,0.6023300290107727,0.43703317642211914,0.5526351928710938,0.050570908933877945,0.6061514019966125,0.4198228716850281,-0.4080532491207123,0.9393829107284546,0.5740149021148682,0.40617188811302185,0.704093337059021,0.057697609066963196,0.57768315076828,0.39376628398895264,-0.1914282739162445,0.7265128493309021,0.5641796588897705,0.3994484543800354,0.7449960708618164,0.05975199118256569,0.5670190453529358,0.3834831118583679,-0.2089756727218628,0.6781045794487,0.5617368817329407,0.40081119537353516,0.7251125574111938,0.060850050300359726,0.5571998953819275,0.38742977380752563,-0.21058908104896545,0.6641782522201538,0.5651887655258179,0.40353986620903015,0.6955680251121521,0.06914443522691727,0.5604460835456848,0.3919046223163605,-0.18533650040626526,0.6117197871208191,0.5654272437095642,0.5982636213302612,0.19076305627822876,0.9996575713157654,0.5280206799507141,0.5959501266479492,-0.19060879945755005,0.999676525592804,0.5967639684677124,0.6908156871795654,0.30719470977783203,0.7601211667060852,0.48920416831970215,0.7030428051948547,-0.10502654314041138,0.9780296087265015,0.6198020577430725,0.787024199962616,0.38845768570899963,0.9176551699638367,0.38492467999458313,0.7958036661148071,0.004040558822453022,0.9812504053115845,0.606981098651886,0.8005443811416626,0.38948896527290344,0.8774617314338684,0.36479195952415466,0.8033219575881958,0.010958796367049217,0.9348177313804626,0.6962181329727173,0.8088356256484985,0.27578121423721313,0.9198753833770752,0.40499240159988403,0.8305093050003052,-0.11183726042509079,0.9690749049186707
193,0.6012786030769348,0.3989321291446686,-0.023582929745316505,0.9997372627258301,0.59413743019104,0.3883606791496277,-0.008256936445832253,0.9997351169586182,0.592250645160675,0.38807404041290283,-0.008275715634226799,0.9995851516723633,0.5899355411529541,0.3876544237136841,-0.008313155733048916,0.9996700286865234,0.5929734706878662,0.3882126808166504,-0.07578795403242111,0.9998018145561218,0.590410590171814,0.38774168491363525,-0.07601103186607361,0.9997898936271667,0.584022581577301,0.38684147596359253,-0.07606254518032074,0.9998084902763367,0.5662684440612793,0.39020755887031555,0.10085369646549225,0.9995629787445068,0.563273549079895,0.38879796862602234,-0.20071353018283844,0.9997788071632385,0.594127893447876,0.409220814704895,0.02683483436703682,0.9993842840194702,0.5932528376579285,0.40845954418182373,-0.061246108263731,0.9993064999580383,0.5441733002662659,0.43935978412628174,0.3116670846939087,0.9978463053703308,0.528164803981781,0.43135786056518555,-0.36262574791908264,0.9990710020065308,0.5983509421348572,0.4474796950817108,0.5544829964637756,0.04960423335433006,0.6121631264686584,0.4261413812637329,-0.40434104204177856,0.9376225471496582,0.5839656591415405,0.4190426468849182,0.6917350888252258,0.05690528824925423,0.5962384343147278,0.38650378584861755,-0.16160352528095245,0.7232669591903687,0.5781653523445129,0.41280052065849304,0.7341839075088501,0.05915112420916557,0.5897344946861267,0.3752073049545288,-0.17733818292617798,0.6760855317115784,0.5774741172790527,0.4131566882133484,0.7106978893280029,0.06029120460152626,0.5797200202941895,0.3786844313144684,-0.1731286495923996,0.6622199416160583,0.5793812274932861,0.41545888781547546,0.681347131729126,0.0684608742594719,0.5808247923851013,0.3835543692111969,-0.15222232043743134,0.6090911626815796,0.5703277587890625,0.6004754304885864,0.194536030292511,0.9996582865715027,0.5264496803283691,0.5981274247169495,-0.19437874853610992,0.9996768236160278,0.5936030745506287,0.6960836052894592,0.3319011628627777,0.7576317191123962,0.48825180530548096,0.7052572965621948,-0.09024646878242493,0.9778183102607727,0.617614209651947,0.7866350412368774,0.4258069097995758,0.9169651865959167,0.3844245672225952,0.7986763715744019,0.030880536884069443,0.9811186194419861,0.6089181900024414,0.8022613525390625,0.42827072739601135,0.8771306276321411,0.36949366331100464,0.8113031983375549,0.038795728236436844,0.9347885847091675,0.6977124214172363,0.80829918384552,0.3149375021457672,0.9194032549858093,0.409129798412323,0.8310196995735168,-0.08694439381361008,0.9689918756484985
194,0.6031178832054138,0.4003255069255829,-0.03854462876915932,0.9997453689575195,0.5936392545700073,0.3896484375,-0.022726545110344887,0.9997435212135315,0.5921867489814758,0.3893605172634125,-0.02273062989115715,0.9995984435081482,0.5901279449462891,0.3889288008213043,-0.022744502872228622,0.9996808171272278,0.5911353230476379,0.38969191908836365,-0.08979251235723495,0.9998078346252441,0.5879845023155212,0.38933098316192627,-0.0900120958685875,0.9997963309288025,0.5843790173530579,0.38877418637275696,-0.0900343731045723,0.9998139142990112,0.5699384212493896,0.3914934992790222,0.08919289708137512,0.9995806217193604,0.5598729848861694,0.3904671370983124,-0.21002313494682312,0.9997860193252563,0.5928073525428772,0.4095868170261383,0.012814003974199295,0.9994060397148132,0.5907667279243469,0.4091637432575226,-0.07460450381040573,0.9993295669555664,0.5427359938621521,0.43965116143226624,0.30078214406967163,0.9979168176651001,0.5259252786636353,0.4327007532119751,-0.3662087321281433,0.9990991950035095,0.6033809781074524,0.4406145513057709,0.5529300570487976,0.04988730698823929,0.6014466285705566,0.4195966422557831,-0.42146041989326477,0.9388262629508972,0.5812551379203796,0.414745956659317,0.6987484693527222,0.05717161297798157,0.5856220722198486,0.38348063826560974,-0.19334208965301514,0.7254066467285156,0.5731370449066162,0.4093036949634552,0.7413651347160339,0.05942024663090706,0.5781217813491821,0.37279409170150757,-0.2095370590686798,0.6783262491226196,0.5646069049835205,0.40566009283065796,0.7197127342224121,0.06058008596301079,0.5700398683547974,0.37745437026023865,-0.2053348273038864,0.6645020246505737,0.5730369687080383,0.4127134084701538,0.6896485090255737,0.06871680915355682,0.5720403790473938,0.3822503387928009,-0.18451809883117676,0.6113404631614685,0.5689310431480408,0.5957553386688232,0.1930585354566574,0.9996687173843384,0.5281618237495422,0.5984362363815308,-0.19295421242713928,0.9996867775917053,0.5947510600090027,0.6924327611923218,0.31917428970336914,0.7572000026702881,0.4910309910774231,0.7054913640022278,-0.09715183079242706,0.9780430197715759,0.6124847531318665,0.7838623523712158,0.41612380743026733,0.916741132736206,0.3877526521682739,0.7957378029823303,0.014073354192078114,0.9813010096549988,0.6053913831710815,0.7982824444770813,0.41927531361579895,0.8780000805854797,0.3681331276893616,0.8074604868888855,0.021326176822185516,0.9356510043144226,0.689041018486023,0.8079973459243774,0.31208890676498413,0.9194696545600891,0.4019448757171631,0.8297308087348938,-0.10274539887905121,0.9692386984825134
195,0.6014500856399536,0.39868175983428955,-0.022041764110326767,0.9997527599334717,0.5949811935424805,0.3880975544452667,-0.006237112917006016,0.9997516870498657,0.593342125415802,0.3878593146800995,-0.006232656538486481,0.9996109008789062,0.5912017822265625,0.387516051530838,-0.006241172552108765,0.999690055847168,0.5933206081390381,0.3880145847797394,-0.07286564260721207,0.9998138546943665,0.5906171202659607,0.38761818408966064,-0.07309964299201965,0.9998025894165039,0.5831538438796997,0.38682153820991516,-0.0731336697936058,0.9998193979263306,0.5680881142616272,0.39010775089263916,0.10241905599832535,0.9995951056480408,0.5631106495857239,0.3888830840587616,-0.1939021199941635,0.9997931718826294,0.5947965979576111,0.4091828167438507,0.0280707236379385,0.9994287490844727,0.5931622385978699,0.40868574380874634,-0.05851275473833084,0.9993545413017273,0.5460241436958313,0.43846213817596436,0.3106561303138733,0.9979985356330872,0.5275651216506958,0.43043428659439087,-0.35595253109931946,0.9991456270217896,0.6054115295410156,0.4468468427658081,0.5446179509162903,0.049624670296907425,0.6075056791305542,0.4296519458293915,-0.40955060720443726,0.9403613805770874,0.5843753218650818,0.42037200927734375,0.6721423864364624,0.05758174508810043,0.5978829264640808,0.39545443654060364,-0.19011904299259186,0.7314245104789734,0.5760891437530518,0.4148613214492798,0.7128371000289917,0.05993453413248062,0.5925751328468323,0.385710746049881,-0.2061171531677246,0.6850402355194092,0.5742640495300293,0.41505560278892517,0.6918399930000305,0.06106014549732208,0.5837255120277405,0.3888322114944458,-0.20087246596813202,0.6711379885673523,0.5767442584037781,0.4172683656215668,0.6631171703338623,0.06910262256860733,0.5847870707511902,0.3932184875011444,-0.18013276159763336,0.6177920699119568,0.5718142986297607,0.5938006639480591,0.19214148819446564,0.9996810555458069,0.5282049775123596,0.5962650179862976,-0.19201625883579254,0.9996998906135559,0.5961380004882812,0.6904333233833313,0.30500882863998413,0.7586641311645508,0.4912191331386566,0.7026686072349548,-0.11048883199691772,0.9784080982208252,0.614730954170227,0.784135103225708,0.3854231536388397,0.9174454212188721,0.3882167339324951,0.7973610162734985,-0.01454656757414341,0.9815449714660645,0.6028746962547302,0.7994674444198608,0.3866894543170929,0.8801260590553284,0.3706801235675812,0.8051416277885437,-0.008870934136211872,0.9369804859161377,0.6966012120246887,0.8079221248626709,0.27954113483428955,0.920111358165741,0.41040095686912537,0.82793790102005,-0.13364900648593903,0.9695247411727905
196,0.6032984852790833,0.40085774660110474,0.0007905157399363816,0.9997590184211731,0.5965418219566345,0.3900308609008789,0.01516171358525753,0.9997598528862,0.5947635173797607,0.3896656632423401,0.015160675160586834,0.9996235370635986,0.5926141738891602,0.38919538259506226,0.015160164795815945,0.9997000694274902,0.5958495736122131,0.39012372493743896,-0.050825558602809906,0.9998199343681335,0.5937219858169556,0.38972631096839905,-0.05104507505893707,0.9998089075088501,0.5912992358207703,0.3891600966453552,-0.051070358604192734,0.9998252987861633,0.5695602893829346,0.3910156786441803,0.11779622733592987,0.9996079206466675,0.5679147839546204,0.38996830582618713,-0.17617012560367584,0.9997992515563965,0.5957163572311401,0.41053301095962524,0.04873334616422653,0.999444305896759,0.5954117774963379,0.4102496802806854,-0.03724297136068344,0.9993727803230286,0.5393444299697876,0.4426434338092804,0.31557488441467285,0.9980995655059814,0.5306188464164734,0.4308927655220032,-0.34254682064056396,0.9991896748542786,0.5833356976509094,0.45629918575286865,0.5814267992973328,0.04865904524922371,0.6109333038330078,0.4352171719074249,-0.3959375321865082,0.9409359693527222,0.567521333694458,0.43287086486816406,0.750697135925293,0.057137008756399155,0.5886297821998596,0.39841923117637634,-0.17002195119857788,0.7358494400978088,0.5613396763801575,0.4284270107746124,0.7991352081298828,0.05981586501002312,0.5811095833778381,0.38756540417671204,-0.18180669844150543,0.6900901198387146,0.5611951351165771,0.4278278350830078,0.7735278606414795,0.060947712510824203,0.5687755346298218,0.3905830681324005,-0.18113042414188385,0.6761851906776428,0.563327431678772,0.4294373393058777,0.7415783405303955,0.06895405799150467,0.5706779956817627,0.3954318165779114,-0.16190196573734283,0.6223343014717102,0.5589429140090942,0.5963581204414368,0.18957942724227905,0.999692976474762,0.5274941325187683,0.5943590998649597,-0.1894625723361969,0.9997107982635498,0.597133219242096,0.6901426911354065,0.28527846932411194,0.7610016465187073,0.48596644401550293,0.7001138925552368,-0.11259990930557251,0.9785927534103394,0.6143572330474854,0.7840225100517273,0.36667293310165405,0.9187026619911194,0.38933154940605164,0.7996781468391418,-0.022551238536834717,0.9818074703216553,0.6017853617668152,0.7999721169471741,0.368135541677475,0.8816448450088501,0.3733159303665161,0.8081433773040771,-0.01747361198067665,0.9374722838401794,0.6974548101425171,0.8074440360069275,0.25674718618392944,0.9213431477546692,0.4134514033794403,0.8285396695137024,-0.14664152264595032,0.970062792301178
197,0.5976210236549377,0.4008926749229431,-0.026735039427876472,0.9997619390487671,0.5878989100456238,0.3907136619091034,-0.008006465621292591,0.9997622966766357,0.5870527625083923,0.3904930055141449,-0.007978945039212704,0.9996256828308105,0.5856878757476807,0.3901626169681549,-0.007961601950228214,0.9997023344039917,0.5860532522201538,0.39101919531822205,-0.07193668931722641,0.9998221397399902,0.584026038646698,0.39091208577156067,-0.07214858382940292,0.999811053276062,0.581567108631134,0.3906157612800598,-0.07217422872781754,0.9998278021812439,0.5679475665092468,0.39578232169151306,0.11264730989933014,0.9996110796928406,0.5617923736572266,0.3925777077674866,-0.1724819391965866,0.9998018145561218,0.5864121913909912,0.4102586805820465,0.02675529755651951,0.9994532465934753,0.5847783088684082,0.40996819734573364,-0.056563280522823334,0.999387264251709,0.5447962880134583,0.44325748085975647,0.3082575798034668,0.9981327056884766,0.5286039710044861,0.4358924329280853,-0.3205685317516327,0.9991868734359741,0.6077263951301575,0.4411807060241699,0.5355851054191589,0.052686531096696854,0.6029466986656189,0.41944420337677,-0.3881903886795044,0.9422023892402649,0.5816291570663452,0.40487098693847656,0.6661238670349121,0.0610361211001873,0.5879296064376831,0.3824416399002075,-0.15288013219833374,0.7386452555656433,0.5730066299438477,0.396278977394104,0.7023643851280212,0.06300179660320282,0.5803753137588501,0.3696655035018921,-0.16566073894500732,0.6910724639892578,0.5700058341026306,0.39783409237861633,0.6846277117729187,0.06408049911260605,0.5676873326301575,0.3758411109447479,-0.16345803439617157,0.6768391728401184,0.5725509524345398,0.40120598673820496,0.6578570008277893,0.07249428331851959,0.5704642534255981,0.38162413239479065,-0.14544491469860077,0.6235129237174988,0.5635415315628052,0.5940951704978943,0.17660380899906158,0.9996980428695679,0.5262702703475952,0.5917611718177795,-0.1764928698539734,0.999710202217102,0.5913619995117188,0.6890544891357422,0.2282729297876358,0.7642906308174133,0.49186837673187256,0.6969531774520874,-0.13547495007514954,0.9783210754394531,0.6227803826332092,0.7953585386276245,0.28339534997940063,0.9198416471481323,0.391491562128067,0.7985089421272278,-0.06104808300733566,0.9816558361053467,0.6062518358230591,0.7992753982543945,0.28159406781196594,0.8828145265579224,0.3741782307624817,0.8068850040435791,-0.05926482751965523,0.9365954399108887,0.6958732604980469,0.8064222931861877,0.15853430330753326,0.922447919845581,0.4183652102947235,0.8271180391311646,-0.2012263834476471,0.9698525071144104
198,0.609611988067627,0.39999711513519287,-0.013014724478125572,0.9997633099555969,0.5998873710632324,0.38948550820350647,0.003190143033862114,0.9997634887695312,0.5982505679130554,0.38916006684303284,0.003192238276824355,0.9996278285980225,0.5960718393325806,0.3887287676334381,0.0031781592406332493,0.9997028112411499,0.5984550714492798,0.3895619511604309,-0.06327034533023834,0.9998231530189514,0.5959113240242004,0.3892174959182739,-0.06348276883363724,0.9998124241828918,0.5929208993911743,0.3887157738208771,-0.0635204166173935,0.9998287558555603,0.5714653730392456,0.39053037762641907,0.11448229104280472,0.9996153712272644,0.5672228336334229,0.38992252945899963,-0.18179814517498016,0.9998051524162292,0.598242461681366,0.40973570942878723,0.03795858845114708,0.9994609355926514,0.5973633527755737,0.40944263339042664,-0.048679787665605545,0.9993986487388611,0.544677197933197,0.43842294812202454,0.31785881519317627,0.9981648921966553,0.5327927470207214,0.43028825521469116,-0.34170061349868774,0.999197781085968,0.5999335050582886,0.44210150837898254,0.5601822137832642,0.05276409909129143,0.6061156392097473,0.42571842670440674,-0.38693907856941223,0.9425311088562012,0.5714178085327148,0.41263547539711,0.7113576531410217,0.061029158532619476,0.585216224193573,0.39239823818206787,-0.13763028383255005,0.7391180396080017,0.5619227290153503,0.4065760374069214,0.753899335861206,0.06286675482988358,0.5771980285644531,0.38246238231658936,-0.1491469442844391,0.6915445327758789,0.5488364100456238,0.40628525614738464,0.7347427606582642,0.06390848010778427,0.5674052238464355,0.38760703802108765,-0.1478326916694641,0.6772359013557434,0.5626696348190308,0.41013461351394653,0.7032616138458252,0.07236798852682114,0.5696867108345032,0.39224517345428467,-0.1292712390422821,0.6237693428993225,0.5536743402481079,0.5985628366470337,0.18737798929214478,0.9997035264968872,0.5267624258995056,0.5932347774505615,-0.18728339672088623,0.9997118711471558,0.5971468687057495,0.6903486251831055,0.2731010913848877,0.7679124474525452,0.4892895221710205,0.6988698244094849,-0.10399205982685089,0.9783677458763123,0.6141632199287415,0.7857224345207214,0.3439824879169464,0.9216351509094238,0.385945588350296,0.7977744936943054,-0.002309561939910054,0.9817822575569153,0.6030457615852356,0.7992770671844482,0.3443033695220947,0.884462833404541,0.3678136467933655,0.8047159314155579,0.003201820654794574,0.9364816546440125,0.6985126733779907,0.8062914609909058,0.22540073096752167,0.9238407015800476,0.4046453833580017,0.8277795314788818,-0.1304343044757843,0.9699739217758179
199,0.6022238731384277,0.3926834166049957,-0.03874439373612404,0.999764084815979,0.5918704271316528,0.38291773200035095,-0.021156949922442436,0.9997631311416626,0.5903642177581787,0.38283854722976685,-0.02114994265139103,0.9996272921562195,0.5883001685142517,0.38268381357192993,-0.0211772620677948,0.9997026324272156,0.5901836156845093,0.38289329409599304,-0.08710622042417526,0.9998224377632141,0.587598443031311,0.38272416591644287,-0.08729509264230728,0.9998120665550232,0.5845538377761841,0.38243135809898376,-0.08730515092611313,0.9998277425765991,0.5676552653312683,0.38783925771713257,0.09622785449028015,0.9996204972267151,0.5638771057128906,0.3843361437320709,-0.19906482100486755,0.9998037219047546,0.5920356512069702,0.40326395630836487,0.013637986965477467,0.9994581341743469,0.5914567708969116,0.4026355445384979,-0.07261553406715393,0.999392569065094,0.5429562926292419,0.4386964738368988,0.2972400188446045,0.9980577230453491,0.5342933535575867,0.4298578202724457,-0.34363216161727905,0.9991235136985779,0.6102982759475708,0.4375276267528534,0.5270825028419495,0.05451485142111778,0.608978807926178,0.4120664596557617,-0.4080572724342346,0.9410511255264282,0.5790983438491821,0.407186359167099,0.6600009202957153,0.062128156423568726,0.570655345916748,0.3767569959163666,-0.18985390663146973,0.7336975336074829,0.5684307813644409,0.4005708396434784,0.6978508234024048,0.06366544216871262,0.5605897307395935,0.3699856698513031,-0.2068551480770111,0.6864993572235107,0.5643922090530396,0.4019376039505005,0.6810296177864075,0.06468312442302704,0.5501575469970703,0.3757830858230591,-0.20848044753074646,0.6724629998207092,0.5682211518287659,0.4046076238155365,0.6520310044288635,0.07323744893074036,0.5541523694992065,0.3810969889163971,-0.18511824309825897,0.6199571490287781,0.5618470311164856,0.5924319624900818,0.18650659918785095,0.9996948838233948,0.5246052742004395,0.5933902263641357,-0.18634627759456635,0.9997040033340454,0.5944940447807312,0.6879100203514099,0.27212655544281006,0.7663085460662842,0.4879154860973358,0.7005730867385864,-0.14568525552749634,0.9785518646240234,0.6160531044006348,0.7852359414100647,0.3439285457134247,0.921044647693634,0.38328787684440613,0.798673689365387,-0.05104025453329086,0.982024610042572,0.6039257645606995,0.8010777831077576,0.3437976539134979,0.8838382363319397,0.3635607063770294,0.8070806860923767,-0.04625115171074867,0.9373671412467957,0.6952126622200012,0.8072465658187866,0.22743317484855652,0.9233489036560059,0.40374794602394104,0.8275372385978699,-0.17655226588249207,0.9701814651489258
200,0.6077593564987183,0.3989531695842743,-0.02686791494488716,0.9997652769088745,0.597470223903656,0.3887687921524048,-0.009284085594117641,0.999764084815979,0.595816969871521,0.38861924409866333,-0.00925376545637846,0.9996277093887329,0.5936108231544495,0.3883860409259796,-0.009247740730643272,0.9997017979621887,0.59614497423172,0.3889326751232147,-0.07488783448934555,0.9998236298561096,0.5936603546142578,0.3888130187988281,-0.0750948041677475,0.9998133778572083,0.5907459259033203,0.38854920864105225,-0.075132355093956,0.9998288750648499,0.57188481092453,0.39385706186294556,0.10580015182495117,0.9996208548545837,0.567341148853302,0.39338019490242004,-0.18655376136302948,0.9998055696487427,0.5982319116592407,0.40911152958869934,0.0249729435890913,0.9994610548019409,0.5970682501792908,0.4086519181728363,-0.060523901134729385,0.9993994235992432,0.5475994348526001,0.4417569935321808,0.3093562722206116,0.9980491995811462,0.5328342318534851,0.43446969985961914,-0.3453516364097595,0.9991320371627808,0.6030515432357788,0.43845418095588684,0.5461920499801636,0.05453047528862953,0.6037235856056213,0.4269942343235016,-0.41495952010154724,0.9420240521430969,0.5801088809967041,0.4073633849620819,0.6902652382850647,0.06215106323361397,0.5850804448127747,0.39315664768218994,-0.19869768619537354,0.7356058955192566,0.5722450613975525,0.40005338191986084,0.7307626008987427,0.06361185759305954,0.5770159363746643,0.3828897476196289,-0.21421374380588531,0.6877127885818481,0.5704535245895386,0.4021041691303253,0.7110314965248108,0.0646057277917862,0.5672507882118225,0.38801124691963196,-0.21219176054000854,0.6734805107116699,0.572831928730011,0.40507379174232483,0.6815690398216248,0.07318371534347534,0.5697142481803894,0.39262855052948,-0.19101521372795105,0.6208819150924683,0.5653044581413269,0.5952645540237427,0.18868571519851685,0.9996944069862366,0.5253595113754272,0.5963324308395386,-0.18855509161949158,0.9997037649154663,0.5980703830718994,0.6903306245803833,0.26401329040527344,0.7683827877044678,0.49008309841156006,0.6986103653907776,-0.13631486892700195,0.9787613153457642,0.6153384447097778,0.7833770513534546,0.33392906188964844,0.921696126461029,0.3839223086833954,0.7982260584831238,-0.052483029663562775,0.9822409152984619,0.6054813861846924,0.7992609143257141,0.3337197005748749,0.884418785572052,0.3660331666469574,0.8056476712226868,-0.04905768483877182,0.9376323223114014,0.694436252117157,0.8057494759559631,0.21962153911590576,0.9237897396087646,0.40407437086105347,0.8278712630271912,-0.18246890604496002,0.970412015914917
201,0.6066006422042847,0.3985544741153717,-0.017866050824522972,0.9997603893280029,0.5986678600311279,0.387895405292511,-0.0003111189289484173,0.9997557997703552,0.5935812592506409,0.3871433138847351,-0.000303757784422487,0.9996145367622375,0.5918233394622803,0.38682740926742554,-0.0003248114662710577,0.999691367149353,0.5935080051422119,0.38759368658065796,-0.06483262777328491,0.9998171329498291,0.5904446244239807,0.3846060633659363,-0.06502904742956161,0.9998064637184143,0.5878825187683105,0.3842774033546448,-0.06506086885929108,0.999822735786438,0.5723508596420288,0.39005985856056213,0.11553691327571869,0.9996115565299988,0.5679112076759338,0.38918358087539673,-0.17266742885112762,0.9998001456260681,0.5997403860092163,0.4085617959499359,0.034415677189826965,0.9994511604309082,0.594255805015564,0.40513232350349426,-0.04981118068099022,0.9993906617164612,0.5492423176765442,0.43841952085494995,0.31003832817077637,0.9980510473251343,0.5365188121795654,0.4300006926059723,-0.322253555059433,0.9991081953048706,0.6143363118171692,0.4387034475803375,0.5128480792045593,0.05799207091331482,0.6113116145133972,0.41982370615005493,-0.3717760741710663,0.9410982131958008,0.5770474076271057,0.4105069041252136,0.6225475668907166,0.06433890759944916,0.5849704146385193,0.3877360224723816,-0.11923208087682724,0.7307043075561523,0.5655362606048584,0.40453702211380005,0.6560766100883484,0.06498831510543823,0.5749103426933289,0.377292275428772,-0.13211892545223236,0.6816858649253845,0.5608144402503967,0.40622884035110474,0.6414831280708313,0.06591623276472092,0.563497006893158,0.3840593993663788,-0.13079680502414703,0.6672850847244263,0.5645912289619446,0.4086465537548065,0.6147335767745972,0.07466001808643341,0.5668088793754578,0.3889855742454529,-0.11177828162908554,0.6151098608970642,0.5625056624412537,0.5913108587265015,0.17982123792171478,0.9996930956840515,0.5248710513114929,0.5923489928245544,-0.17972253262996674,0.9996974468231201,0.5960547924041748,0.6870429515838623,0.2451438307762146,0.7724257707595825,0.4891492426395416,0.6990476846694946,-0.13912667334079742,0.9788243770599365,0.6198229789733887,0.7848423719406128,0.3128119707107544,0.9227085709571838,0.38424381613731384,0.7978721261024475,-0.05064024776220322,0.982316255569458,0.6042895317077637,0.8004159331321716,0.31241682171821594,0.8847597241401672,0.364926278591156,0.8051392436027527,-0.047493670135736465,0.9370241761207581,0.6975679993629456,0.8074465990066528,0.19065843522548676,0.9243338704109192,0.4026162922382355,0.8273760676383972,-0.18998129665851593,0.9703109264373779
202,0.6039925217628479,0.39253345131874084,-0.030665792524814606,0.9997583627700806,0.5930216312408447,0.38205572962760925,-0.012348493561148643,0.9997518062591553,0.5916383862495422,0.3818904161453247,-0.012332437559962273,0.9996078014373779,0.5896297693252563,0.3815942704677582,-0.012335747480392456,0.9996841549873352,0.592239499092102,0.38219112157821655,-0.07786580920219421,0.9998139142990112,0.5904265642166138,0.3820685148239136,-0.07806597650051117,0.9998027086257935,0.5880784392356873,0.38173606991767883,-0.0781066045165062,0.9998190999031067,0.5715050101280212,0.3866099417209625,0.1068413108587265,0.9995980858802795,0.569954514503479,0.38597366213798523,-0.18540365993976593,0.9997947812080383,0.5928528904914856,0.4027020037174225,0.022633351385593414,0.9994491934776306,0.5927485227584839,0.40274062752723694,-0.06264998018741608,0.9993887543678284,0.5497241616249084,0.43601468205451965,0.3050636351108551,0.9980337023735046,0.5419017672538757,0.4280796945095062,-0.34204256534576416,0.9990836977958679,0.6003450155258179,0.4381910562515259,0.5375279188156128,0.060121048241853714,0.6117861270904541,0.42107194662094116,-0.4334215819835663,0.9419539570808411,0.5820587873458862,0.40008577704429626,0.6691736578941345,0.06838201731443405,0.5838250517845154,0.37906721234321594,-0.24270370602607727,0.7371239066123962,0.5749264359474182,0.39141324162483215,0.7043833136558533,0.06877874583005905,0.5741546154022217,0.366511732339859,-0.26608017086982727,0.6881400346755981,0.5732830762863159,0.3923758566379547,0.6827351450920105,0.0697542130947113,0.5618811845779419,0.3713553845882416,-0.26658937335014343,0.6738918423652649,0.5758737325668335,0.3957158029079437,0.6590688228607178,0.07894168794155121,0.5650036334991455,0.37697353959083557,-0.23801648616790771,0.6219768524169922,0.5538968443870544,0.5943993330001831,0.18410314619541168,0.9996938705444336,0.5249137878417969,0.5892332792282104,-0.18395981192588806,0.9996980428695679,0.5959088802337646,0.6836501359939575,0.27420538663864136,0.7738592028617859,0.4879637062549591,0.6964927911758423,-0.13005562126636505,0.9789360761642456,0.6182835102081299,0.7806366086006165,0.3733118772506714,0.9227116703987122,0.3870788514614105,0.799928605556488,-0.03474126011133194,0.9824580550193787,0.6085311770439148,0.7980574369430542,0.37577658891677856,0.8841916918754578,0.36755216121673584,0.8094208836555481,-0.03158868849277496,0.9364135265350342,0.699187695980072,0.8052370548248291,0.2539742887020111,0.9240403771400452,0.4077821969985962,0.8298044204711914,-0.18466511368751526,0.970321774482727
203,0.604580819606781,0.39657631516456604,-0.03215210884809494,0.9997528791427612,0.5953739881515503,0.3863128125667572,-0.014863678254187107,0.9997478723526001,0.591553807258606,0.3858076333999634,-0.014857000671327114,0.9996033906936646,0.5893309712409973,0.3854970932006836,-0.014877035282552242,0.9996779561042786,0.5948501825332642,0.38705047965049744,-0.08075284957885742,0.9998101592063904,0.5902001261711121,0.38692790269851685,-0.08093839883804321,0.9997990131378174,0.5874547958374023,0.3869171738624573,-0.08098229020833969,0.9998143315315247,0.5698022246360779,0.3894675076007843,0.10128744691610336,0.999586820602417,0.5664796233177185,0.39001789689064026,-0.19171929359436035,0.999788224697113,0.5971229672431946,0.40658360719680786,0.020418865606188774,0.9994325637817383,0.596741795539856,0.4063524007797241,-0.06517691910266876,0.9993652701377869,0.5492177605628967,0.44165322184562683,0.3049568831920624,0.9979822039604187,0.5416097640991211,0.43378180265426636,-0.3534107804298401,0.9990338087081909,0.5976059436798096,0.4495767652988434,0.5233973860740662,0.0592559352517128,0.6229878664016724,0.42539992928504944,-0.4107149839401245,0.9402605891227722,0.5739683508872986,0.4123150110244751,0.6421355605125427,0.06863073259592056,0.5856657028198242,0.38028424978256226,-0.1782357096672058,0.7366863489151001,0.5655229687690735,0.40375572443008423,0.6801354289054871,0.06941549479961395,0.5768557190895081,0.37411248683929443,-0.19239938259124756,0.6890968084335327,0.5642449259757996,0.4038492739200592,0.6594957113265991,0.07041128724813461,0.5615701079368591,0.37814438343048096,-0.19489364326000214,0.6747803688049316,0.5669389963150024,0.40705206990242004,0.632518470287323,0.07966423779726028,0.5652945041656494,0.3838973343372345,-0.17202788591384888,0.6223779320716858,0.5637279748916626,0.5948089957237244,0.18794572353363037,0.9996923804283142,0.5257743000984192,0.5956470370292664,-0.18778195977210999,0.9996941089630127,0.5898014903068542,0.6881979703903198,0.2733677625656128,0.7757383584976196,0.48859864473342896,0.7009744048118591,-0.12057033181190491,0.9791020154953003,0.6134793758392334,0.7808703184127808,0.3588612675666809,0.9238227605819702,0.3859291970729828,0.7960706353187561,-0.02047884464263916,0.9826721549034119,0.6028143167495728,0.7967813611030579,0.36046338081359863,0.885139524936676,0.3668895661830902,0.8080030679702759,-0.01604044809937477,0.9364940524101257,0.6986963748931885,0.8045232892036438,0.24109254777431488,0.9248195886611938,0.40408527851104736,0.8287760019302368,-0.1588985174894333,0.9705448746681213
204,0.60716313123703,0.3993290662765503,-0.030079439282417297,0.9997355341911316,0.6011146903038025,0.38841041922569275,-0.01115645095705986,0.9997279644012451,0.5961809754371643,0.3876761198043823,-0.011143896728754044,0.9995740652084351,0.5943827033042908,0.3875085711479187,-0.011166905052959919,0.9996517896652222,0.5959684252738953,0.3880120813846588,-0.07621946930885315,0.9997933506965637,0.5939393639564514,0.387814462184906,-0.07642694562673569,0.9997812509536743,0.5912805795669556,0.3876023292541504,-0.07648114860057831,0.999797523021698,0.5755865573883057,0.390343576669693,0.1089446023106575,0.9995529651641846,0.5710345506668091,0.3896602988243103,-0.1814541071653366,0.999771773815155,0.6000524759292603,0.40922003984451294,0.023465968668460846,0.9993919730186462,0.5950244069099426,0.4083017110824585,-0.06134525686502457,0.9993202090263367,0.555869996547699,0.44784143567085266,0.30972862243652344,0.997897207736969,0.5430233478546143,0.43080294132232666,-0.3323397934436798,0.9989829063415527,0.6143160462379456,0.44369426369667053,0.511363685131073,0.0604386031627655,0.6086234450340271,0.41740140318870544,-0.3758608400821686,0.9387262463569641,0.5802581310272217,0.4076591432094574,0.6140972971916199,0.06948156654834747,0.5762377977371216,0.38016030192375183,-0.12255523353815079,0.7322840094566345,0.5691448450088501,0.3997136354446411,0.6470729112625122,0.06993097811937332,0.565252959728241,0.3673998713493347,-0.13621748983860016,0.6843999028205872,0.5657745003700256,0.40055063366889954,0.6303684711456299,0.07088825851678848,0.5529065132141113,0.3729163408279419,-0.1368882954120636,0.6700320839881897,0.569403350353241,0.4034462869167328,0.6049865484237671,0.08018721640110016,0.5563209652900696,0.37852752208709717,-0.115857794880867,0.6178345680236816,0.564978837966919,0.596869170665741,0.18420565128326416,0.9996838569641113,0.5240350365638733,0.5927461981773376,-0.18407998979091644,0.9996834993362427,0.596842885017395,0.6883600354194641,0.2779351770877838,0.7759572267532349,0.48726528882980347,0.7023339867591858,-0.12254678457975388,0.9790685176849365,0.6180853843688965,0.7850841879844666,0.34888869524002075,0.9243054389953613,0.3844004273414612,0.7963988184928894,-0.028600120916962624,0.9826209545135498,0.6068280339241028,0.8014475107192993,0.34812459349632263,0.8853427767753601,0.36560484766960144,0.8088779449462891,-0.025533711537718773,0.9359725713729858,0.7052361965179443,0.8064255118370056,0.22337092459201813,0.9249557256698608,0.4028119742870331,0.8290745615959167,-0.17131006717681885,0.9703132510185242
205,0.6103817224502563,0.3979499638080597,-0.04739560931921005,0.999720573425293,0.6000927090644836,0.3858610689640045,-0.02911699004471302,0.9997209906578064,0.5985379219055176,0.38572803139686584,-0.029143834486603737,0.999564528465271,0.5963683128356934,0.38547366857528687,-0.02918025106191635,0.9996397495269775,0.5989782214164734,0.3864073157310486,-0.0960613489151001,0.9997875094413757,0.596660315990448,0.3866109251976013,-0.09626892954111099,0.999775230884552,0.5936333537101746,0.38658085465431213,-0.09635639935731888,0.9997915625572205,0.5770171284675598,0.3907451331615448,0.09381674975156784,0.9995349645614624,0.5684748888015747,0.3912965655326843,-0.2038557380437851,0.9997669458389282,0.5999709367752075,0.4083660840988159,0.0076751247979700565,0.9993641376495361,0.5990250110626221,0.4086071848869324,-0.07925282418727875,0.9992930889129639,0.5539466142654419,0.44170698523521423,0.3014259934425354,0.9978117942810059,0.5482943654060364,0.4364640414714813,-0.3673211932182312,0.9989571571350098,0.5981158018112183,0.4536968469619751,0.5325865149497986,0.05842610448598862,0.6271007657051086,0.4335581958293915,-0.4057750105857849,0.9370337724685669,0.5810304880142212,0.41335347294807434,0.6758338212966919,0.06816449016332626,0.5897709131240845,0.39542123675346375,-0.1381855010986328,0.7324014902114868,0.5748482346534729,0.4038151502609253,0.7194197773933411,0.06900704652070999,0.5801274180412292,0.38107946515083313,-0.14545927941799164,0.6854357123374939,0.5753777027130127,0.4038597643375397,0.6969628930091858,0.07003150135278702,0.5621964335441589,0.3842335343360901,-0.15067608654499054,0.6709958910942078,0.5770580172538757,0.4075538218021393,0.6659621000289917,0.0794047862291336,0.5656030178070068,0.39043837785720825,-0.13157550990581512,0.6181620955467224,0.5646551251411438,0.6012046337127686,0.18927700817584991,0.9996786117553711,0.5261160135269165,0.601591169834137,-0.1891055852174759,0.9996826648712158,0.5941972136497498,0.6916390657424927,0.30626150965690613,0.7749636769294739,0.4839264452457428,0.7055936455726624,-0.11513061821460724,0.9791287779808044,0.6204984784126282,0.7859900593757629,0.4193970263004303,0.9236382842063904,0.3850944936275482,0.8013832569122314,-0.01003528106957674,0.982526421546936,0.6108000874519348,0.8030492663383484,0.42445313930511475,0.8846994638442993,0.3670962154865265,0.8111441731452942,-0.0048277187161147594,0.9352514147758484,0.7022426724433899,0.8075854182243347,0.3107098937034607,0.9243240356445312,0.4099324941635132,0.8319095969200134,-0.1540224701166153,0.9701781272888184
206,0.613398551940918,0.40247392654418945,-0.04558323696255684,0.9997431635856628,0.6025821566581726,0.38850724697113037,-0.027980638667941093,0.999743640422821,0.6018370389938354,0.38805606961250305,-0.027936451137065887,0.9995992183685303,0.6007043719291687,0.387701153755188,-0.027889685705304146,0.999667227268219,0.5996042490005493,0.38916733860969543,-0.09393683820962906,0.999804675579071,0.5968769192695618,0.38913780450820923,-0.09413763880729675,0.9997931718826294,0.594007134437561,0.38909709453582764,-0.09415031224489212,0.9998078346252441,0.5812198519706726,0.3905462920665741,0.08927711844444275,0.9995697140693665,0.5735005140304565,0.39174512028694153,-0.20353244245052338,0.9997842907905579,0.6045990586280823,0.4112663269042969,0.0072742728516459465,0.999418318271637,0.6020137667655945,0.41142627596855164,-0.07803282141685486,0.9993545413017273,0.5552296042442322,0.4402460753917694,0.30335119366645813,0.9979950189590454,0.5457326173782349,0.43836086988449097,-0.38446539640426636,0.9990490078926086,0.5727007985115051,0.46553054451942444,0.6297170519828796,0.05550583079457283,0.6013924479484558,0.4543791115283966,-0.6138553023338318,0.9418234825134277,0.587393045425415,0.44024670124053955,0.8836143612861633,0.06775416433811188,0.6078658699989319,0.41246896982192993,-0.584244966506958,0.7520385384559631,0.589567244052887,0.4345558285713196,0.9426237344741821,0.06959135085344315,0.6100276112556458,0.3979839086532593,-0.6213399767875671,0.7067759037017822,0.5946905612945557,0.435188889503479,0.9131653308868408,0.07063502818346024,0.6014032363891602,0.39820098876953125,-0.6104984879493713,0.6927953958511353,0.5931946039199829,0.4379642605781555,0.8760272264480591,0.07985270023345947,0.6005386710166931,0.40364983677864075,-0.5774511694908142,0.6410350799560547,0.5646135807037354,0.5973891615867615,0.19380207359790802,0.9997057318687439,0.5284765958786011,0.5982998013496399,-0.19360008835792542,0.9997101426124573,0.5965396165847778,0.6898590326309204,0.24279135465621948,0.7830651998519897,0.4859769940376282,0.702741801738739,-0.18873031437397003,0.9799453020095825,0.6180597543716431,0.7852465510368347,0.35322320461273193,0.9268924593925476,0.3823344111442566,0.7977660894393921,-0.10075629502534866,0.9834492206573486,0.6069731712341309,0.8020561337471008,0.3571072816848755,0.889882504940033,0.36278387904167175,0.8109906911849976,-0.0962897315621376,0.9381108283996582,0.7011433839797974,0.8074731230735779,0.23809830844402313,0.9279119372367859,0.4099489152431488,0.8271933197975159,-0.2529635727405548,0.9718545079231262
207,0.6111482381820679,0.3973514437675476,-0.031530626118183136,0.9997404217720032,0.5997282266616821,0.38524100184440613,-0.011870880611240864,0.9997431039810181,0.5983608365058899,0.385116845369339,-0.011874974705278873,0.9995983242988586,0.5962720513343811,0.3849266767501831,-0.011889566667377949,0.9996635317802429,0.5979227423667908,0.38572609424591064,-0.0770077258348465,0.9998043179512024,0.595403790473938,0.38592448830604553,-0.07722301781177521,0.9997924566268921,0.5923094153404236,0.3859495222568512,-0.07730565965175629,0.9998074769973755,0.577512264251709,0.3883143663406372,0.10970186442136765,0.9995529055595398,0.5685935616493225,0.38880783319473267,-0.17891991138458252,0.9997832775115967,0.6032548546791077,0.4090343713760376,0.02244735322892666,0.9994168281555176,0.5982054471969604,0.4092794358730316,-0.061756763607263565,0.9993590116500854,0.5552329421043396,0.4379730522632599,0.3090698719024658,0.9980406165122986,0.5479963421821594,0.43374741077423096,-0.3554646074771881,0.9990962147712708,0.5777669548988342,0.4608514606952667,0.5090745091438293,0.054119132459163666,0.6093581318855286,0.45013001561164856,-0.45945149660110474,0.9439995884895325,0.5775076150894165,0.4229172468185425,0.6158961057662964,0.06886342912912369,0.6032670140266418,0.4021828770637512,-0.27194300293922424,0.7638437747955322,0.5765669941902161,0.41369327902793884,0.6522632837295532,0.07136606425046921,0.6012672781944275,0.38897576928138733,-0.2920008897781372,0.7189450263977051,0.5798632502555847,0.41347455978393555,0.6247508525848389,0.07246667891740799,0.586670458316803,0.38989195227622986,-0.2854344844818115,0.7049058675765991,0.579420268535614,0.4170211851596832,0.6033557057380676,0.08189886808395386,0.5867519974708557,0.3958072066307068,-0.2622852623462677,0.6529843211174011,0.5634525418281555,0.594157874584198,0.18537692725658417,0.9997147917747498,0.5265606641769409,0.5932508707046509,-0.18518434464931488,0.999720573425293,0.5966708660125732,0.6895825266838074,0.20904193818569183,0.787147581577301,0.47871172428131104,0.6996517777442932,-0.16179051995277405,0.9802353382110596,0.6228870153427124,0.7877233624458313,0.2886762320995331,0.9281870126724243,0.38307228684425354,0.798786997795105,-0.07974811643362045,0.983586847782135,0.614556610584259,0.8038880228996277,0.2897724509239197,0.8905609250068665,0.3634876012802124,0.812256932258606,-0.07768126577138901,0.9375160932540894,0.7036051750183105,0.8080800771713257,0.16314317286014557,0.9290112257003784,0.4031871557235718,0.8308141231536865,-0.2379957139492035,0.9721430540084839
208,0.6098487377166748,0.39388275146484375,-0.01602686382830143,0.999740719795227,0.602059006690979,0.3842034935951233,-0.001697313622571528,0.9997477531433105,0.600217878818512,0.38399219512939453,-0.0017136703245341778,0.9996054172515869,0.597911536693573,0.38353922963142395,-0.001745062880218029,0.9996672868728638,0.6015274524688721,0.384576678276062,-0.06486305594444275,0.9998037219047546,0.5994589328765869,0.38456064462661743,-0.06504815071821213,0.9997889995574951,0.5942530632019043,0.38405677676200867,-0.06510604918003082,0.9998049139976501,0.5760030746459961,0.3878193497657776,0.10379571467638016,0.9995465874671936,0.5762287974357605,0.38842809200286865,-0.17695572972297668,0.9997748136520386,0.6018166542053223,0.40410539507865906,0.03373831883072853,0.9994127154350281,0.6020222306251526,0.4043954312801361,-0.04828659072518349,0.9993528127670288,0.544963538646698,0.4365505874156952,0.29558002948760986,0.9981435537338257,0.5617470741271973,0.4314669668674469,-0.34180495142936707,0.9991426467895508,0.557051956653595,0.4857002794742584,0.5388787388801575,0.051627665758132935,0.6235576272010803,0.4457480013370514,-0.38893067836761475,0.9449194669723511,0.5641856789588928,0.4715854823589325,0.6801310777664185,0.06710424274206161,0.6118276715278625,0.41348618268966675,-0.13270297646522522,0.7714353799819946,0.5649041533470154,0.47025907039642334,0.7262723445892334,0.07052042335271835,0.6094757318496704,0.402980774641037,-0.13432922959327698,0.726384699344635,0.5682919025421143,0.4675847291946411,0.6933757662773132,0.07166125625371933,0.5936720967292786,0.40371447801589966,-0.13236622512340546,0.7120075225830078,0.568053662776947,0.4683656692504883,0.6684423685073853,0.08094123005867004,0.5929729342460632,0.40902942419052124,-0.12202693521976471,0.6590104103088379,0.5493124723434448,0.596260130405426,0.17056900262832642,0.9997235536575317,0.5377786159515381,0.5906847715377808,-0.17036586999893188,0.9997279644012451,0.5908874869346619,0.6868715882301331,0.13610608875751495,0.7945564389228821,0.48581504821777344,0.6976088285446167,-0.13067136704921722,0.9801837205886841,0.6186474561691284,0.7848770022392273,0.19585064053535461,0.9308401942253113,0.3910432457923889,0.8037065267562866,-0.03770308196544647,0.9834288358688354,0.6094346046447754,0.8039295673370361,0.19624008238315582,0.893121600151062,0.37621423602104187,0.8192473649978638,-0.03357263654470444,0.9362425208091736,0.7075434923171997,0.8060093522071838,0.06955274194478989,0.9314844608306885,0.41846486926078796,0.8253233432769775,-0.18406325578689575,0.9721015691757202
209,0.6119426488876343,0.39561161398887634,-0.031499605625867844,0.9997314214706421,0.6050206422805786,0.3852347433567047,-0.015178434550762177,0.999740719795227,0.6034875512123108,0.38496774435043335,-0.015207909047603607,0.9995975494384766,0.5999853610992432,0.38447239995002747,-0.015253977850079536,0.9996572136878967,0.6041569709777832,0.3857397139072418,-0.07910333573818207,0.9997944831848145,0.5996832847595215,0.38562026619911194,-0.07928430289030075,0.9997783899307251,0.5970873236656189,0.38537266850471497,-0.07936421036720276,0.9997954368591309,0.5813021659851074,0.38851198554039,0.09613301604986191,0.9995291829109192,0.5791221857070923,0.38913020491600037,-0.18841925263404846,0.9997655749320984,0.6031832098960876,0.40576088428497314,0.019870124757289886,0.999398946762085,0.6033411026000977,0.4061887562274933,-0.06309810280799866,0.9993444681167603,0.5553610920906067,0.4350675046443939,0.290118932723999,0.9982380270957947,0.5556758642196655,0.42996203899383545,-0.35436972975730896,0.9992008209228516,0.5739042162895203,0.4880625009536743,0.47236114740371704,0.05042070522904396,0.6128132343292236,0.45413538813591003,-0.40972521901130676,0.9459343552589417,0.5648050904273987,0.4867439270019531,0.5482226014137268,0.06609543412923813,0.5911118388175964,0.4291004538536072,-0.17676681280136108,0.7776407599449158,0.5616543889045715,0.48873794078826904,0.5860778093338013,0.06976576894521713,0.585418164730072,0.42019638419151306,-0.187653049826622,0.7325411438941956,0.5624984502792358,0.4862094819545746,0.554720401763916,0.07098646461963654,0.57084721326828,0.4206492006778717,-0.18460865318775177,0.7182475328445435,0.5633832216262817,0.4857775866985321,0.5348390340805054,0.08011243492364883,0.5716301202774048,0.4255405068397522,-0.16689527034759521,0.6648458242416382,0.5500143766403198,0.5944293141365051,0.18168406188488007,0.9997304677963257,0.5321847200393677,0.5903418660163879,-0.1814914345741272,0.999738872051239,0.594032347202301,0.6877834796905518,0.2157932072877884,0.7966844439506531,0.4868156611919403,0.6957269906997681,-0.2007274031639099,0.980603039264679,0.6218472719192505,0.7836809158325195,0.3020915687084198,0.9312368035316467,0.3868241310119629,0.7991629838943481,-0.13015858829021454,0.9836515188217163,0.6125703454017639,0.8004258871078491,0.3043134808540344,0.8933159708976746,0.3679879903793335,0.8139188289642334,-0.1287757158279419,0.9364268183708191,0.706068217754364,0.8060842752456665,0.18039532005786896,0.9320111870765686,0.4107639491558075,0.8285340070724487,-0.2933626174926758,0.9725824594497681
210,0.609315812587738,0.3949093520641327,-0.04230659455060959,0.9997338056564331,0.6031339764595032,0.38517311215400696,-0.019581126049160957,0.9997453093528748,0.6028876900672913,0.3850715756416321,-0.01960369013249874,0.9996051788330078,0.6022700071334839,0.38479873538017273,-0.01964738592505455,0.9996604323387146,0.5992240309715271,0.38568851351737976,-0.0821552574634552,0.9997968673706055,0.5963519811630249,0.3858257830142975,-0.08238326013088226,0.9997797608375549,0.5935181975364685,0.3856659531593323,-0.08250702917575836,0.9997981786727905,0.5855620503425598,0.38851481676101685,0.11396615952253342,0.9995201230049133,0.5717554092407227,0.38889655470848083,-0.16349145770072937,0.9997702836990356,0.5992042422294617,0.40495559573173523,0.016553958877921104,0.999401867389679,0.5961471796035767,0.4052868187427521,-0.06436397135257721,0.9993648529052734,0.5597524642944336,0.4347107708454132,0.30513179302215576,0.9983649849891663,0.5458187460899353,0.4289723038673401,-0.32041501998901367,0.9992654323577881,0.5737117528915405,0.48865482211112976,0.4406852126121521,0.04977867752313614,0.5818378925323486,0.4804076850414276,-0.37774065136909485,0.9459401965141296,0.5657355189323425,0.48168790340423584,0.4615599811077118,0.06693905591964722,0.5812581777572632,0.4515805244445801,-0.14309604465961456,0.784027636051178,0.5652878284454346,0.4821222424507141,0.48880112171173096,0.07084890455007553,0.5808125734329224,0.4441685676574707,-0.15108314156532288,0.7390688061714172,0.5667869448661804,0.4798911511898041,0.46093788743019104,0.07218129187822342,0.5676942467689514,0.4423327147960663,-0.14266926050186157,0.7247562408447266,0.5656318068504333,0.48018360137939453,0.44714659452438354,0.08130454272031784,0.5668182373046875,0.4464806616306305,-0.12948383390903473,0.6707090139389038,0.5658069849014282,0.5927320718765259,0.17452308535575867,0.9997480511665344,0.5325399041175842,0.5866261124610901,-0.1743137538433075,0.999756932258606,0.602575421333313,0.6856463551521301,0.15973228216171265,0.8034486770629883,0.4827784299850464,0.6962893605232239,-0.1851101815700531,0.9809163212776184,0.6234462261199951,0.7802993655204773,0.25713619589805603,0.9329730868339539,0.38738635182380676,0.7945137619972229,-0.11329247057437897,0.9840128421783447,0.6101657152175903,0.8000499606132507,0.26049089431762695,0.8951586484909058,0.3675234615802765,0.8066937327384949,-0.11309155076742172,0.9362103939056396,0.707351565361023,0.8048966526985168,0.1294914335012436,0.9341762065887451,0.4181065261363983,0.8255682587623596,-0.2922528386116028,0.9735152125358582
211,0.6096113920211792,0.39078381657600403,-0.0701499730348587,0.999747097492218,0.6026599407196045,0.38185644149780273,-0.046494826674461365,0.9997594356536865,0.6018809080123901,0.3817218244075775,-0.04650280252099037,0.9996282458305359,0.6007998585700989,0.38149192929267883,-0.046539247035980225,0.9996775984764099,0.5974738597869873,0.3822096586227417,-0.1092369332909584,0.999806821346283,0.5944081544876099,0.3822602927684784,-0.10942519456148148,0.9997897148132324,0.5909819602966309,0.3821207880973816,-0.10954707860946655,0.9998067617416382,0.5806059837341309,0.3859182596206665,0.09262071549892426,0.9995335340499878,0.5686747431755066,0.38695117831230164,-0.18481622636318207,0.9997807741165161,0.6039041876792908,0.40084418654441833,-0.0083651477470994,0.9994207620620728,0.5981506109237671,0.40140992403030396,-0.08924946188926697,0.9993922710418701,0.5582242608070374,0.4349766969680786,0.30119091272354126,0.9984803199768066,0.5524885654449463,0.43425098061561584,-0.3465481400489807,0.9993247985839844,0.5525395274162292,0.49991491436958313,0.4297299385070801,0.047245342284440994,0.5995913743972778,0.4865046441555023,-0.3954511284828186,0.9463815093040466,0.5753974914550781,0.5068544149398804,0.412763386964798,0.06525743752717972,0.6264969706535339,0.4661107361316681,-0.14833982288837433,0.7877886295318604,0.5835639834403992,0.5112571716308594,0.4353572428226471,0.07017700374126434,0.6414280533790588,0.46595796942710876,-0.15712173283100128,0.7424154281616211,0.5867472887039185,0.5090020895004272,0.3967728316783905,0.07165539264678955,0.6238217949867249,0.45912981033325195,-0.1420888453722,0.7275870442390442,0.5832309722900391,0.5081267952919006,0.3933333158493042,0.08075489848852158,0.6227856874465942,0.4650005102157593,-0.13082943856716156,0.6720077395439148,0.5590946078300476,0.5940799713134766,0.17765140533447266,0.9997661113739014,0.5321211218833923,0.5900391936302185,-0.177318274974823,0.999772846698761,0.5968270897865295,0.6876779794692993,0.08254291862249374,0.807761013507843,0.4846262037754059,0.6965509653091431,-0.14858084917068481,0.9805333614349365,0.6212909817695618,0.7857268452644348,0.1331833451986313,0.93479323387146,0.38289743661880493,0.7951900362968445,-0.06493356078863144,0.9837653040885925,0.6168162226676941,0.8042007684707642,0.13175758719444275,0.8964868187904358,0.3619347810745239,0.8075764179229736,-0.06307613104581833,0.9346398711204529,0.7106667757034302,0.8068533539772034,-0.004692764952778816,0.9360740184783936,0.41406694054603577,0.8262825608253479,-0.22459633648395538,0.9736239910125732
212,0.6047691106796265,0.3983892798423767,0.015338779427111149,0.9997534155845642,0.5994253754615784,0.3891686201095581,0.03189347684383392,0.9997663497924805,0.5976849794387817,0.3889845013618469,0.031894899904727936,0.9996411800384521,0.5954197645187378,0.38859328627586365,0.03192012757062912,0.9996861219406128,0.5992911458015442,0.38939225673675537,-0.029778413474559784,0.9998118281364441,0.597615122795105,0.3893427848815918,-0.029978815466165543,0.9997947216033936,0.5955020189285278,0.3890884518623352,-0.030069997534155846,0.999811589717865,0.5758240222930908,0.3892113268375397,0.14150670170783997,0.9995359182357788,0.5771598815917969,0.3904323875904083,-0.1310804933309555,0.9997865557670593,0.593278169631958,0.4065505862236023,0.06683539599180222,0.999411404132843,0.593682050704956,0.4069790244102478,-0.012767530977725983,0.9993926286697388,0.5441541075706482,0.4318384826183319,0.32975906133651733,0.9985831379890442,0.5560110211372375,0.43150585889816284,-0.29365232586860657,0.9993717670440674,0.5631205439567566,0.4734562337398529,0.5306844115257263,0.04664820805191994,0.6369842290878296,0.4720877707004547,-0.3002823293209076,0.9425902962684631,0.576101541519165,0.45488059520721436,0.6391485929489136,0.06573016196489334,0.6278526782989502,0.4584391713142395,-0.00976734608411789,0.78216153383255,0.579765260219574,0.45172059535980225,0.6837870478630066,0.07087055593729019,0.6277812719345093,0.45747488737106323,-0.0071248821914196014,0.7362560629844666,0.5823511481285095,0.4505726397037506,0.6543326377868652,0.07233024388551712,0.6113325953483582,0.45589786767959595,-0.00543943839147687,0.7208960056304932,0.5812283754348755,0.45259684324264526,0.6277849078178406,0.08160293102264404,0.6116311550140381,0.4556519687175751,0.0022145374678075314,0.6634756922721863,0.5503512620925903,0.5799057483673096,0.17729122936725616,0.9997799396514893,0.5341383814811707,0.580761730670929,-0.17719346284866333,0.9997860789299011,0.5952186584472656,0.6822612285614014,0.18976640701293945,0.8090742826461792,0.4856441915035248,0.6933379769325256,-0.20101292431354523,0.9802390336990356,0.6189383268356323,0.7810747623443604,0.21665678918361664,0.9362654685974121,0.3870335817337036,0.7948390245437622,-0.18111315369606018,0.9837328791618347,0.6133779287338257,0.7992877960205078,0.2135414183139801,0.8979185819625854,0.36449727416038513,0.8086872100830078,-0.1845720112323761,0.9341943860054016,0.7012210488319397,0.8056476712226868,0.0935637503862381,0.9373744130134583,0.4140927493572235,0.824435830116272,-0.34367144107818604,0.9738274216651917
213,0.6086776852607727,0.3943619430065155,-0.013368249870836735,0.9997637867927551,0.602906346321106,0.38536423444747925,0.008119621314108372,0.9997777342796326,0.6015421748161316,0.3854147791862488,0.008086972869932652,0.9996607899665833,0.5998395681381226,0.38535797595977783,0.00806110817939043,0.9997015595436096,0.6013327836990356,0.385198175907135,-0.061716772615909576,0.9998213648796082,0.5989090800285339,0.38509228825569153,-0.061948325484991074,0.9998053908348083,0.5936521291732788,0.38462358713150024,-0.06207484379410744,0.9998208284378052,0.577215850353241,0.3863527476787567,0.13283774256706238,0.9995532035827637,0.5730072259902954,0.3868144750595093,-0.17789608240127563,0.9997996687889099,0.6004869937896729,0.40390437841415405,0.04249082878232002,0.9994400143623352,0.5991935133934021,0.40459755063056946,-0.04801265522837639,0.9994285702705383,0.5466063618659973,0.4354608654975891,0.33811357617378235,0.9986931085586548,0.5499514937400818,0.43120238184928894,-0.359851211309433,0.9994244575500488,0.5645365118980408,0.4883461892604828,0.49903881549835205,0.04396212473511696,0.6115978956222534,0.4802425503730774,-0.3784453868865967,0.9425404667854309,0.5829123854637146,0.47995007038116455,0.5322084426879883,0.0630873367190361,0.6365589499473572,0.46353045105934143,-0.05337085574865341,0.7811455726623535,0.5884147882461548,0.479702889919281,0.5706313252449036,0.06876000016927719,0.6372500658035278,0.45549434423446655,-0.05079329013824463,0.7343938946723938,0.5916849970817566,0.4771851897239685,0.536560595035553,0.07025864720344543,0.6235710382461548,0.4545733332633972,-0.03971260413527489,0.7183639407157898,0.5892055034637451,0.4777317941188812,0.5160925984382629,0.07934701442718506,0.6228891015052795,0.4547986090183258,-0.03562552481889725,0.6585871577262878,0.5583297610282898,0.5933091044425964,0.19729958474636078,0.9997961521148682,0.5375916361808777,0.5891850590705872,-0.19709596037864685,0.9998016357421875,0.5953786969184875,0.6886668801307678,0.20800669491291046,0.8112630844116211,0.4829367697238922,0.6959623098373413,-0.18293887376785278,0.9807174205780029,0.6231670379638672,0.7844296097755432,0.2845214903354645,0.9378452301025391,0.3809996247291565,0.795428991317749,-0.11513187736272812,0.9842612743377686,0.6147881150245667,0.8022500872612,0.2857242524623871,0.9000409245491028,0.360274076461792,0.8035085797309875,-0.11439844220876694,0.9358211159706116,0.7032732367515564,0.8085859417915344,0.1618829369544983,0.939128041267395,0.40968194603919983,0.829021155834198,-0.2756245732307434,0.9748819470405579
214,0.6138296723365784,0.40175583958625793,0.048660021275281906,0.9997789859771729,0.6105135679244995,0.39127689599990845,0.066649429500103,0.99979168176651,0.6096431016921997,0.3912304937839508,0.066693514585495,0.9996835589408875,0.6084725856781006,0.391216903924942,0.066763736307621,0.9997210502624512,0.6090021133422852,0.3910815119743347,-0.00023817185137886554,0.9998331665992737,0.6071413159370422,0.39084306359291077,-0.0004912168951705098,0.9998184442520142,0.605072021484375,0.3905929625034332,-0.0005555198295041919,0.9998328685760498,0.5886799097061157,0.38972899317741394,0.17184293270111084,0.9995778799057007,0.5854882001876831,0.3892824947834015,-0.12464690208435059,0.9998139142990112,0.6061184406280518,0.4076414704322815,0.09794982522726059,0.9994808435440063,0.6050634980201721,0.4081784784793854,0.011230047792196274,0.9994716048240662,0.5535791516304016,0.43370914459228516,0.3570399582386017,0.998816728591919,0.561111569404602,0.4306981861591339,-0.2996351718902588,0.9994797110557556,0.5746304392814636,0.4860946536064148,0.5206369757652283,0.04399959743022919,0.6255121827125549,0.4819926619529724,-0.3159070909023285,0.9447316527366638,0.5865960121154785,0.4887787997722626,0.5532433986663818,0.06320860236883163,0.6340309381484985,0.4745197892189026,-0.03175307810306549,0.7864843010902405,0.5903537273406982,0.49058568477630615,0.5917234420776367,0.0691031664609909,0.6352506279945374,0.47035977244377136,-0.0334361270070076,0.7387142777442932,0.5914556384086609,0.4891149699687958,0.5581385493278503,0.07056782394647598,0.6208279728889465,0.4685846269130707,-0.02716582827270031,0.7225271463394165,0.5897979140281677,0.4885997176170349,0.5385832786560059,0.07965051382780075,0.6210339665412903,0.47289711236953735,-0.017027366906404495,0.6616792678833008,0.5542094111442566,0.5807660818099976,0.18566763401031494,0.9998114705085754,0.5343828201293945,0.5815010666847229,-0.1854197233915329,0.9998153448104858,0.594066858291626,0.680107057094574,0.11283092945814133,0.8166316747665405,0.48342379927635193,0.690296471118927,-0.17168419063091278,0.980989933013916,0.621603786945343,0.7820137739181519,0.12414512783288956,0.9405410289764404,0.3879995048046112,0.7923237681388855,-0.1262401044368744,0.9846639037132263,0.6142549514770508,0.7999962568283081,0.11776813864707947,0.9030551910400391,0.36837148666381836,0.8050052523612976,-0.12744972109794617,0.9373717904090881,0.7045751214027405,0.8068915605545044,-0.029072092846035957,0.9418695569038391,0.40887507796287537,0.8281221389770508,-0.28656309843063354,0.9758913516998291
215,0.6226353049278259,0.3981565237045288,0.06912578642368317,0.999794065952301,0.6175647974014282,0.38880130648612976,0.08541011065244675,0.9998054504394531,0.6153928637504578,0.38880422711372375,0.08541059494018555,0.9997057318687439,0.6126886606216431,0.3887357711791992,0.08542121201753616,0.9997403621673584,0.6184878349304199,0.3886549174785614,0.016289297491312027,0.9998447299003601,0.6157817244529724,0.38839808106422424,0.016007650643587112,0.9998310804367065,0.613258957862854,0.3881111741065979,0.015917537733912468,0.9998445510864258,0.5897852182388306,0.3865166902542114,0.18160980939865112,0.9996029734611511,0.5916205048561096,0.38777637481689453,-0.12641334533691406,0.9998278617858887,0.6102543473243713,0.4074641764163971,0.1147870123386383,0.9995193481445312,0.6107012629508972,0.4082375466823578,0.02498554065823555,0.9995134472846985,0.5501201748847961,0.4327005445957184,0.3603833019733429,0.9989270567893982,0.56092768907547,0.43047255277633667,-0.3114111125469208,0.9995297789573669,0.5555360317230225,0.48990532755851746,0.5064140558242798,0.04274173080921173,0.6151498556137085,0.4875275492668152,-0.32549935579299927,0.9453211426734924,0.5845246911048889,0.5027766227722168,0.5096798539161682,0.06237047165632248,0.6304658651351929,0.4819195568561554,-0.02199496142566204,0.7871522903442383,0.5936829447746277,0.5079950094223022,0.547672688961029,0.06901928782463074,0.6325224041938782,0.48754608631134033,-0.01979653537273407,0.7380639314651489,0.5966719388961792,0.5060417652130127,0.5084055662155151,0.07056789845228195,0.6274042725563049,0.4855077564716339,-0.007627368904650211,0.7213911414146423,0.5932666063308716,0.504585325717926,0.49168092012405396,0.07938018441200256,0.6260592937469482,0.4848741590976715,-0.003916563466191292,0.6582669615745544,0.559116780757904,0.5842016935348511,0.19587692618370056,0.9998258948326111,0.5428886413574219,0.5832960605621338,-0.19570013880729675,0.9998300075531006,0.6021857857704163,0.6844756603240967,0.17370663583278656,0.8192883133888245,0.48589104413986206,0.6964748501777649,-0.19342739880084991,0.9817333221435547,0.6216803789138794,0.7821890711784363,0.2373207062482834,0.9421961307525635,0.38776496052742004,0.7958647012710571,-0.13298878073692322,0.985318124294281,0.6154654622077942,0.8019725680351257,0.2367117702960968,0.9050300717353821,0.36646077036857605,0.8093158602714539,-0.13287599384784698,0.9398256540298462,0.7003588676452637,0.8055827021598816,0.10638722032308578,0.9436084032058716,0.4104931354522705,0.8278776407241821,-0.29327574372291565,0.9770570397377014
216,0.6124461889266968,0.400569349527359,0.06760507822036743,0.999812662601471,0.6099887490272522,0.3906167149543762,0.09084844589233398,0.9998228549957275,0.6098566651344299,0.3905145525932312,0.0909300372004509,0.999732255935669,0.6094786524772644,0.3903239071369171,0.09101558476686478,0.9997636675834656,0.6063237190246582,0.390413373708725,0.02470099925994873,0.999858558177948,0.604046642780304,0.39014655351638794,0.024456575512886047,0.9998458623886108,0.6015335917472839,0.38973739743232727,0.02442595362663269,0.9998582005500793,0.5938637852668762,0.39029186964035034,0.2213769406080246,0.9996357560157776,0.5869360566139221,0.3900422155857086,-0.0725560188293457,0.9998430013656616,0.6068808436393738,0.4083964228630066,0.12761782109737396,0.999559223651886,0.6028011441230774,0.4089054465293884,0.04176969826221466,0.9995549321174622,0.5557728409767151,0.43294093012809753,0.41005751490592957,0.9990301728248596,0.5558580756187439,0.4293127655982971,-0.24099378287792206,0.9995759725570679,0.5486626029014587,0.5004304051399231,0.49510547518730164,0.04316149279475212,0.6076560616493225,0.48847678303718567,-0.22484958171844482,0.9479888677597046,0.5859968662261963,0.5121907591819763,0.40715768933296204,0.0663580670952797,0.6368294358253479,0.4840870499610901,0.07083000242710114,0.7983803749084473,0.5999624729156494,0.5273210406303406,0.42780303955078125,0.07432720810174942,0.6537265181541443,0.48550453782081604,0.0658457800745964,0.7496729493141174,0.6017016768455505,0.5259894132614136,0.38375934958457947,0.07605051249265671,0.6419404149055481,0.481545090675354,0.08590582758188248,0.7332037687301636,0.5961666703224182,0.5237284898757935,0.3845348656177521,0.08518008142709732,0.6387028098106384,0.48116207122802734,0.09265891462564468,0.6705544590950012,0.5588472485542297,0.577719509601593,0.18358418345451355,0.9998390674591064,0.5334219336509705,0.5768543481826782,-0.1833009272813797,0.999842643737793,0.6007388830184937,0.683939516544342,0.06773116439580917,0.8243617415428162,0.48326703906059265,0.6933774948120117,-0.14740674197673798,0.9816934466362,0.6249578595161438,0.7832883596420288,0.07300584763288498,0.9444747567176819,0.38879871368408203,0.7953080534934998,-0.09061575680971146,0.9856390357017517,0.6174561977386475,0.8001558184623718,0.06665481626987457,0.9076588153839111,0.3703984022140503,0.8082097172737122,-0.09183686226606369,0.9406281113624573,0.7152729034423828,0.8073650598526001,-0.07527348399162292,0.9459494948387146,0.4090203046798706,0.826604425907135,-0.25277069211006165,0.9778270721435547
