frame,nose_x,nose_y,nose_z,nose_visibility,left_eye_inner_x,left_eye_inner_y,left_eye_inner_z,left_eye_inner_visibility,left_eye_x,left_eye_y,left_eye_z,left_eye_visibility,left_eye_outer_x,left_eye_outer_y,left_eye_outer_z,left_eye_outer_visibility,right_eye_inner_x,right_eye_inner_y,right_eye_inner_z,right_eye_inner_visibility,right_eye_x,right_eye_y,right_eye_z,right_eye_visibility,right_eye_outer_x,right_eye_outer_y,right_eye_outer_z,right_eye_outer_visibility,left_ear_x,left_ear_y,left_ear_z,left_ear_visibility,right_ear_x,right_ear_y,right_ear_z,right_ear_visibility,mouth_left_x,mouth_left_y,mouth_left_z,mouth_left_visibility,mouth_right_x,mouth_right_y,mouth_right_z,mouth_right_visibility,left_shoulder_x,left_shoulder_y,left_shoulder_z,left_shoulder_visibility,right_shoulder_x,right_shoulder_y,right_shoulder_z,right_shoulder_visibility,left_elbow_x,left_elbow_y,left_elbow_z,left_elbow_visibility,right_elbow_x,right_elbow_y,right_elbow_z,right_elbow_visibility,left_wrist_x,left_wrist_y,left_wrist_z,left_wrist_visibility,right_wrist_x,right_wrist_y,right_wrist_z,right_wrist_visibility,left_pinky_x,left_pinky_y,left_pinky_z,left_pinky_visibility,right_pinky_x,right_pinky_y,right_pinky_z,right_pinky_visibility,left_index_x,left_index_y,left_index_z,left_index_visibility,right_index_x,right_index_y,right_index_z,right_index_visibility,left_thumb_x,left_thumb_y,left_thumb_z,left_thumb_visibility,right_thumb_x,right_thumb_y,right_thumb_z,right_thumb_visibility,left_hip_x,left_hip_y,left_hip_z,left_hip_visibility,right_hip_x,right_hip_y,right_hip_z,right_hip_visibility,left_knee_x,left_knee_y,left_knee_z,left_knee_visibility,right_knee_x,right_knee_y,right_knee_z,right_knee_visibility,left_ankle_x,left_ankle_y,left_ankle_z,left_ankle_visibility,right_ankle_x,right_ankle_y,right_ankle_z,right_ankle_visibility,left_heel_x,left_heel_y,left_heel_z,left_heel_visibility,right_heel_x,right_heel_y,right_heel_z,right_heel_visibility,left_foot_index_x,left_foot_index_y,left_foot_index_z,left_foot_index_visibility,right_foot_index_x,right_foot_index_y,right_foot_index_z,right_foot_index_visibility
0,0.4912582337856293,0.4877682328224182,-0.49700701236724854,0.9992116689682007,0.49585863947868347,0.4812561869621277,-0.4892365634441376,0.9982097148895264,0.4986574649810791,0.4795815646648407,-0.48926520347595215,0.9980081915855408,0.5027759075164795,0.47876423597335815,-0.4892505705356598,0.9984095692634583,0.48577332496643066,0.4813172519207001,-0.48869624733924866,0.9981429576873779,0.4830280542373657,0.4805702567100525,-0.4887147545814514,0.9979756474494934,0.48022013902664185,0.4797331988811493,-0.48873499035835266,0.998288094997406,0.5044647455215454,0.4767777621746063,-0.3752088248729706,0.994283139705658,0.4776993989944458,0.4772321879863739,-0.36914825439453125,0.9944315552711487,0.4971570074558258,0.489974707365036,-0.4469316601753235,0.9975685477256775,0.4854155480861664,0.48984766006469727,-0.4453314542770386,0.9970935583114624,0.5402341485023499,0.5001781582832336,-0.24550770223140717,0.9997938275337219,0.4472504258155823,0.5011705756187439,-0.2650749981403351,0.9997784495353699,0.5281312465667725,0.5503146648406982,-0.20328564941883087,0.9602795839309692,0.46074628829956055,0.5517961978912354,-0.22370262444019318,0.945134699344635,0.5119677782058716,0.5908013582229614,-0.291603147983551,0.9497961401939392,0.47714751958847046,0.5928822159767151,-0.29734712839126587,0.9379923343658447,0.5110335350036621,0.6057183146476746,-0.3271006941795349,0.9082216024398804,0.4774579107761383,0.6062917709350586,-0.33440348505973816,0.9019604325294495,0.5029726028442383,0.6049119234085083,-0.3578205406665802,0.9116925597190857,0.48087170720100403,0.6058975458145142,-0.3625847399234772,0.9076796174049377,0.5021693706512451,0.5988293886184692,-0.3048667311668396,0.8990388512611389,0.4837157726287842,0.6016373038291931,-0.3089238107204437,0.8930097818374634,0.5173221826553345,0.5780273079872131,0.016066379845142365,0.9993419051170349,0.4609341621398926,0.5726919174194336,-0.016011696308851242,0.9993574023246765,0.5303893089294434,0.6363344788551331,-0.01482283603399992,0.9626945853233337,0.44006842374801636,0.6375570893287659,-0.03894859179854393,0.981715738773346,0.5348341464996338,0.6931975483894348,0.14365938305854797,0.956493616104126,0.4109039604663849,0.69962078332901,0.0717579573392868,0.9805707335472107,0.5263164639472961,0.7021318674087524,0.15269427001476288,0.6852752566337585,0.41185280680656433,0.7060232758522034,0.07544872164726257,0.7146502733230591,0.5608361959457397,0.7214561104774475,0.019576499238610268,0.9489520192146301,0.38884925842285156,0.7257331013679504,-0.07328818738460541,0.9697772264480591
1,0.4919528663158417,0.4801710247993469,-0.5382087230682373,0.9992208480834961,0.4955562949180603,0.47437235713005066,-0.5285606980323792,0.9982050657272339,0.4978833794593811,0.47388985753059387,-0.5286169052124023,0.9980010390281677,0.5010336637496948,0.4735213816165924,-0.5286145210266113,0.9984134435653687,0.487604558467865,0.4739181101322174,-0.5292499661445618,0.9981428384780884,0.4855295717716217,0.4733753800392151,-0.5292736887931824,0.9979774355888367,0.48323336243629456,0.47280725836753845,-0.529285192489624,0.9982937574386597,0.5026301145553589,0.4729153513908386,-0.41399428248405457,0.9942324161529541,0.4791281819343567,0.47295764088630676,-0.413808673620224,0.9944114089012146,0.496242880821228,0.4832708537578583,-0.48951613903045654,0.9975801110267639,0.4861256778240204,0.48388227820396423,-0.4894942045211792,0.9971030354499817,0.5374596118927002,0.4984850287437439,-0.28533464670181274,0.999791145324707,0.4448515474796295,0.5029364228248596,-0.31286993622779846,0.9997709393501282,0.5339383482933044,0.5460215210914612,-0.24836301803588867,0.9620485305786133,0.45894742012023926,0.5497767329216003,-0.2847714424133301,0.9474021792411804,0.5048161149024963,0.5916779637336731,-0.33077242970466614,0.9514914751052856,0.4762808382511139,0.5923488736152649,-0.3549070954322815,0.9403702020645142,0.5012844800949097,0.6059390306472778,-0.36767134070396423,0.9106375575065613,0.47594407200813293,0.6052290201187134,-0.39337486028671265,0.9051028490066528,0.4957963824272156,0.6042289733886719,-0.39844244718551636,0.9139734506607056,0.48089519143104553,0.6044622659683228,-0.419140487909317,0.9106568694114685,0.49580124020576477,0.5986711978912354,-0.344659686088562,0.9014423489570618,0.48225340247154236,0.5995486974716187,-0.3659329414367676,0.8961592316627502,0.5161898732185364,0.576589047908783,0.01613095961511135,0.9993355870246887,0.46583548188209534,0.5756463408470154,-0.01607270911335945,0.9993425011634827,0.5339954495429993,0.6405642628669739,-0.02072388119995594,0.9636237621307373,0.4412277340888977,0.6379669904708862,-0.04046054556965828,0.9820762872695923,0.5326657295227051,0.6950591802597046,0.13509050011634827,0.9571784138679504,0.41468948125839233,0.6961917877197266,0.08099456876516342,0.9805203676223755,0.5238094925880432,0.7007303237915039,0.1440342366695404,0.6877678036689758,0.41452619433403015,0.7021234035491943,0.08602721244096756,0.714206337928772,0.5610371828079224,0.7176048159599304,0.012848543003201485,0.9495527744293213,0.3967322111129761,0.7208920121192932,-0.05745549872517586,0.969643235206604
2,0.49292951822280884,0.48548784852027893,-0.5637977123260498,0.9992350339889526,0.497840940952301,0.4794139862060547,-0.5557844042778015,0.9982234835624695,0.5004714131355286,0.47827181220054626,-0.5558291673660278,0.9980176091194153,0.5029788613319397,0.47763392329216003,-0.5558463335037231,0.9984322190284729,0.4891582429409027,0.4792361557483673,-0.557526707649231,0.9981707334518433,0.48620322346687317,0.47868165373802185,-0.5575689077377319,0.998006284236908,0.4823363721370697,0.4780603051185608,-0.5575795769691467,0.9983203411102295,0.5039770007133484,0.4763058125972748,-0.44107940793037415,0.994339108467102,0.47892433404922485,0.47725826501846313,-0.44694623351097107,0.9945483207702637,0.4989156126976013,0.4890882074832916,-0.5141177177429199,0.997654139995575,0.4881049394607544,0.4884137511253357,-0.5159122943878174,0.9971921443939209,0.5391131043434143,0.4996183514595032,-0.3053247928619385,0.9997934699058533,0.4425850510597229,0.5044090747833252,-0.33462223410606384,0.9997732639312744,0.533128559589386,0.5473682284355164,-0.2604537606239319,0.9636844396591187,0.4598495364189148,0.5527306795120239,-0.3023744523525238,0.9494823217391968,0.5044756531715393,0.5903036594390869,-0.3254675269126892,0.9530166387557983,0.47746750712394714,0.5928798913955688,-0.3629971146583557,0.9424018263816833,0.49896323680877686,0.6036847829818726,-0.35758593678474426,0.9130932092666626,0.47655436396598816,0.6049075722694397,-0.39842596650123596,0.9079949855804443,0.49611613154411316,0.6025981903076172,-0.38671866059303284,0.9162774682044983,0.48224854469299316,0.604376494884491,-0.4230215847492218,0.9133811593055725,0.4945756793022156,0.5971018671989441,-0.3377090096473694,0.9037612676620483,0.4840010404586792,0.5992069244384766,-0.3728944957256317,0.8989250659942627,0.5172557234764099,0.5751917958259583,0.014701043255627155,0.9993104934692383,0.4669586420059204,0.5739198327064514,-0.014664563350379467,0.9992992877960205,0.5332075953483582,0.6388918161392212,-0.033129870891571045,0.9651826024055481,0.44307613372802734,0.6389310956001282,-0.05442291125655174,0.982729434967041,0.5340288281440735,0.6953672170639038,0.1071123331785202,0.9586966633796692,0.4145651161670685,0.6977432370185852,0.06228627637028694,0.9809089303016663,0.5265514850616455,0.7015473246574402,0.11484137177467346,0.6947565078735352,0.4159547686576843,0.7044438719749451,0.06694233417510986,0.7178122401237488,0.5592893362045288,0.717488169670105,-0.016836177557706833,0.9509004354476929,0.39276063442230225,0.7218472957611084,-0.07710044831037521,0.9699307680130005
3,0.489638090133667,0.48606234788894653,-0.5312129855155945,0.9992417693138123,0.49355435371398926,0.47966820001602173,-0.5241906642913818,0.998237669467926,0.49734196066856384,0.4792179465293884,-0.5242538452148438,0.9980259537696838,0.49982988834381104,0.47841814160346985,-0.5242881774902344,0.9984434843063354,0.4853270947933197,0.47934648394584656,-0.5243771076202393,0.9981909990310669,0.4831993877887726,0.4787149727344513,-0.5244118571281433,0.9980261325836182,0.4807829260826111,0.47790277004241943,-0.524415910243988,0.9983391165733337,0.5013789534568787,0.4759967625141144,-0.4157167077064514,0.9944753646850586,0.4790569245815277,0.47672709822654724,-0.41427502036094666,0.9946799278259277,0.49583786725997925,0.48999515175819397,-0.48394158482551575,0.997736394405365,0.48547810316085815,0.4891597032546997,-0.4836824834346771,0.9972923994064331,0.5369006991386414,0.49953988194465637,-0.28474003076553345,0.9997943639755249,0.4405495226383209,0.5049265027046204,-0.3050301969051361,0.9997738599777222,0.5321685075759888,0.5466751456260681,-0.2363540083169937,0.9646521806716919,0.4616292119026184,0.5536373853683472,-0.26324695348739624,0.9495587944984436,0.5054339170455933,0.5897423624992371,-0.3016219437122345,0.9537286162376404,0.47886142134666443,0.5927079319953918,-0.32635676860809326,0.9423900246620178,0.5016809105873108,0.6042259335517883,-0.33323389291763306,0.9144101142883301,0.47906702756881714,0.6056839227676392,-0.36068177223205566,0.9082746505737305,0.4959038496017456,0.6032161712646484,-0.36277511715888977,0.9175395369529724,0.4841296672821045,0.6041744351387024,-0.3874374032020569,0.9136502742767334,0.4962753355503082,0.5974171161651611,-0.31381797790527344,0.9049033522605896,0.4856839179992676,0.59861159324646,-0.33709824085235596,0.8988423347473145,0.5137557983398438,0.57450932264328,0.013249601237475872,0.999275267124176,0.4661543369293213,0.5738627314567566,-0.013211875222623348,0.9992464184761047,0.5341609716415405,0.6381353735923767,-0.026234006509184837,0.9665707945823669,0.44291549921035767,0.6380606293678284,-0.03923361375927925,0.9833763241767883,0.5327863693237305,0.6940210461616516,0.12241179496049881,0.960132360458374,0.4134409725666046,0.6991199254989624,0.08017805218696594,0.9813821315765381,0.5254314541816711,0.6997150778770447,0.13100296258926392,0.7019519209861755,0.41472795605659485,0.7047380805015564,0.08511943370103836,0.7228760719299316,0.5580714344978333,0.7168651223182678,0.004228266421705484,0.9520487189292908,0.3927716314792633,0.7211485505104065,-0.05618562176823616,0.9702951908111572
4,0.4909864664077759,0.49096667766571045,-0.5866712927818298,0.9992605447769165,0.4955165684223175,0.4841882288455963,-0.5801036357879639,0.9982781410217285,0.4996371269226074,0.48365506529808044,-0.5801443457603455,0.9980672597885132,0.5026472806930542,0.48273035883903503,-0.5801767110824585,0.9984796047210693,0.4854368567466736,0.48405691981315613,-0.5831591486930847,0.9982431530952454,0.48230844736099243,0.48339369893074036,-0.5832095146179199,0.9980781674385071,0.4789740741252899,0.48245474696159363,-0.5832146406173706,0.9983827471733093,0.5050265192985535,0.47933945059776306,-0.46602165699005127,0.9946696162223816,0.47491228580474854,0.47991111874580383,-0.47781598567962646,0.99489825963974,0.4978478252887726,0.493418425321579,-0.5361319184303284,0.997841477394104,0.48533427715301514,0.49249666929244995,-0.5397801399230957,0.9974262118339539,0.5369560718536377,0.5009860396385193,-0.31311237812042236,0.9997991919517517,0.44293728470802307,0.5041587352752686,-0.3651790916919708,0.9997815489768982,0.5305203199386597,0.5472573041915894,-0.2562764286994934,0.9647979140281677,0.4603993594646454,0.5515129566192627,-0.3233239948749542,0.9508169889450073,0.5030745267868042,0.591851532459259,-0.31875869631767273,0.9540271162986755,0.47642749547958374,0.5938205122947693,-0.3724365830421448,0.9434080123901367,0.49967655539512634,0.6053597927093506,-0.34827184677124023,0.9156064987182617,0.4760998785495758,0.6059744358062744,-0.40740394592285156,0.9102900624275208,0.4946526885032654,0.604498565196991,-0.37990009784698486,0.9187155961990356,0.48185861110687256,0.6064857244491577,-0.4337975084781647,0.9155551791191101,0.49522966146469116,0.5984739065170288,-0.33180004358291626,0.9059873223304749,0.4841315448284149,0.6011950373649597,-0.3825340270996094,0.9006065130233765,0.5108560919761658,0.5733298063278198,0.02194085903465748,0.9992544054985046,0.4614439606666565,0.5717534422874451,-0.021888520568609238,0.9992056488990784,0.5307709574699402,0.6370216608047485,-0.0161668062210083,0.9670258164405823,0.440550297498703,0.6380283832550049,-0.054207153618335724,0.9835672974586487,0.5348918437957764,0.6954779028892517,0.11348939687013626,0.9609127640724182,0.41291311383247375,0.698727548122406,0.05728785693645477,0.9813657999038696,0.5274028182029724,0.7010844349861145,0.1199541985988617,0.707420825958252,0.41394519805908203,0.7032270431518555,0.061397552490234375,0.7231571674346924,0.5619943737983704,0.7158117294311523,-0.010761215351521969,0.9525741338729858,0.39398765563964844,0.719343364238739,-0.08166419714689255,0.9699549078941345
5,0.4890992343425751,0.49299678206443787,-0.6062437891960144,0.9992527365684509,0.49454638361930847,0.4861891567707062,-0.6007780432701111,0.9982668161392212,0.49886831641197205,0.4856789708137512,-0.6008250117301941,0.9980509877204895,0.5021031498908997,0.4848121106624603,-0.6008694171905518,0.9984747767448425,0.48392000794410706,0.48589810729026794,-0.6035924553871155,0.9982438683509827,0.48074600100517273,0.4851515591144562,-0.6036469340324402,0.9980711340904236,0.4775153398513794,0.4842211604118347,-0.6036506295204163,0.9983780980110168,0.5042348504066467,0.48095864057540894,-0.48580414056777954,0.9947412014007568,0.47302886843681335,0.4812548756599426,-0.4966665208339691,0.9949814081192017,0.49649250507354736,0.49605056643486023,-0.5546267628669739,0.9978860020637512,0.4833526015281677,0.4950391948223114,-0.5580053925514221,0.997491180896759,0.5359570384025574,0.5006421804428101,-0.33025068044662476,0.9998003840446472,0.4385380744934082,0.5057206749916077,-0.3785034716129303,0.9997841715812683,0.5280818939208984,0.5504941940307617,-0.27137815952301025,0.9641580581665039,0.45982643961906433,0.5556501746177673,-0.34036970138549805,0.9506782293319702,0.5027539730072021,0.5911334156990051,-0.32709649205207825,0.9532672166824341,0.4770137667655945,0.5945716500282288,-0.3914397656917572,0.9428126215934753,0.49938011169433594,0.6043171286582947,-0.35582399368286133,0.9153285622596741,0.47739705443382263,0.6064549684524536,-0.42662838101387024,0.9103187918663025,0.4935879707336426,0.603243887424469,-0.3875832259654999,0.9184970259666443,0.48356837034225464,0.6062266826629639,-0.4512759745121002,0.9156078696250916,0.4944816827774048,0.5972128510475159,-0.3399166166782379,0.9054622650146484,0.4850294888019562,0.6006830930709839,-0.4009612798690796,0.9002233743667603,0.5117574334144592,0.5733320713043213,0.02154172584414482,0.9992028474807739,0.46008214354515076,0.5716203451156616,-0.021493567153811455,0.999139666557312,0.5347597002983093,0.6366041302680969,-0.022905258461833,0.9674675464630127,0.4405450224876404,0.6384100317955017,-0.05932258442044258,0.9836922883987427,0.5375422835350037,0.6958501935005188,0.10869650542736053,0.9616707563400269,0.4116550385951996,0.6981216073036194,0.051354892551898956,0.9815036058425903,0.5301805734634399,0.7009109258651733,0.11559689044952393,0.7133479118347168,0.41092449426651,0.7048289179801941,0.05547092854976654,0.7245210409164429,0.5608353614807129,0.7164421677589417,-0.016047479584813118,0.953262448310852,0.3922168016433716,0.7218427062034607,-0.09046211838722229,0.9699115753173828
6,0.48736006021499634,0.49344122409820557,-0.6244379878044128,0.9992430210113525,0.49324074387550354,0.48683637380599976,-0.6194758415222168,0.9982548356056213,0.49757644534111023,0.4862467646598816,-0.6195229291915894,0.9980320334434509,0.5010778307914734,0.4853653907775879,-0.6195765733718872,0.998466968536377,0.4817567467689514,0.4866991937160492,-0.6216738224029541,0.9982445240020752,0.47812792658805847,0.486012727022171,-0.6217342019081116,0.9980618953704834,0.47410330176353455,0.4851081967353821,-0.6217384934425354,0.9983702898025513,0.5040484070777893,0.4811362624168396,-0.5041595697402954,0.994835615158081,0.47072601318359375,0.48229116201400757,-0.5122348070144653,0.9950679540634155,0.49575451016426086,0.49679654836654663,-0.5724657773971558,0.9979336261749268,0.48091787099838257,0.4959353804588318,-0.5750945210456848,0.9975599646568298,0.5378163456916809,0.501681387424469,-0.34503990411758423,0.9997987151145935,0.4392397701740265,0.5057480335235596,-0.389460027217865,0.9997841715812683,0.5290696620941162,0.5487498044967651,-0.2820383906364441,0.9631819725036621,0.45978838205337524,0.5549551248550415,-0.3458843231201172,0.9500457048416138,0.5007606744766235,0.5913669466972351,-0.3322807550430298,0.9516972303390503,0.4756600260734558,0.59383624792099,-0.3927733898162842,0.9410161375999451,0.49717289209365845,0.6046003103256226,-0.3604241907596588,0.914078414440155,0.47518807649612427,0.6076632142066956,-0.4274018108844757,0.9088712334632874,0.4915080964565277,0.6037759780883789,-0.39227285981178284,0.917336642742157,0.4815511107444763,0.6060326099395752,-0.45222944021224976,0.9142259359359741,0.49253228306770325,0.5977019667625427,-0.3448393642902374,0.903896152973175,0.483274906873703,0.6004679799079895,-0.4022091329097748,0.8982440829277039,0.5110410451889038,0.5728861093521118,0.02033105120062828,0.999137818813324,0.4586039185523987,0.571294367313385,-0.020283840596675873,0.9990570545196533,0.5324745178222656,0.6377163529396057,-0.02483568713068962,0.9673117995262146,0.43920543789863586,0.6385761499404907,-0.05921280011534691,0.9835304617881775,0.5369597673416138,0.6961399912834167,0.11710495501756668,0.961742103099823,0.41234052181243896,0.6959900259971619,0.0607755109667778,0.9813234210014343,0.5295560956001282,0.7009263634681702,0.12501899898052216,0.7170806527137756,0.41288459300994873,0.7022930383682251,0.06582824885845184,0.72492915391922,0.562585175037384,0.7185470461845398,-0.005583593156188726,0.9529888033866882,0.39221400022506714,0.7214704155921936,-0.07852080464363098,0.969292402267456
7,0.48484015464782715,0.4914996027946472,-0.5969986915588379,0.999241828918457,0.4910486340522766,0.4859325587749481,-0.5924475193023682,0.9982694983482361,0.49494245648384094,0.4854244291782379,-0.5924957990646362,0.9980502724647522,0.49909669160842896,0.48471546173095703,-0.592544674873352,0.9984831213951111,0.4797382056713104,0.485433965921402,-0.5932542681694031,0.9982632398605347,0.47634994983673096,0.484672486782074,-0.5933069586753845,0.9980766177177429,0.4729686379432678,0.4837513864040375,-0.5933080315589905,0.9983784556388855,0.5033655166625977,0.4806724190711975,-0.48210281133651733,0.994976818561554,0.47007080912590027,0.48127737641334534,-0.48414260149002075,0.9951801896095276,0.49275994300842285,0.4952293336391449,-0.547240138053894,0.9979768991470337,0.4783789813518524,0.49435389041900635,-0.5480908751487732,0.9976170659065247,0.5367878079414368,0.5018700957298279,-0.33550378680229187,0.9997958540916443,0.4387678802013397,0.5046971440315247,-0.3633306920528412,0.9997819662094116,0.5275553464889526,0.5492156147956848,-0.27894535660743713,0.9625566601753235,0.4586438238620758,0.5533069372177124,-0.3227180242538452,0.9489303231239319,0.4999360740184784,0.5914448499679565,-0.3216670751571655,0.9502972960472107,0.4746735692024231,0.5928831696510315,-0.3668433427810669,0.9388546943664551,0.496101438999176,0.6047527194023132,-0.3480283319950104,0.9127354025840759,0.4752253293991089,0.6050340533256531,-0.3990168273448944,0.9067052602767944,0.4908013343811035,0.6038709282875061,-0.37823936343193054,0.9160794615745544,0.4811404049396515,0.6050567626953125,-0.4224919080734253,0.9122329950332642,0.49162235856056213,0.597829282283783,-0.3333408832550049,0.902419924736023,0.4824885129928589,0.5996411442756653,-0.3759697675704956,0.8959087133407593,0.5103350877761841,0.5722914338111877,0.015809861943125725,0.9990648031234741,0.4575861394405365,0.5710356831550598,-0.015757093206048012,0.9989661574363708,0.5321884751319885,0.6380597949028015,-0.02602337673306465,0.9672540426254272,0.43705111742019653,0.6384543180465698,-0.05269898474216461,0.9832977652549744,0.5368427038192749,0.6960963010787964,0.09467629343271255,0.961837112903595,0.41397690773010254,0.6956626772880554,0.048014745116233826,0.981086015701294,0.5287352800369263,0.7018662095069885,0.10081665217876434,0.7189810872077942,0.41567230224609375,0.7021852135658264,0.05161438509821892,0.7238371968269348,0.5603885650634766,0.7181119918823242,-0.028134243562817574,0.9528393149375916,0.39573973417282104,0.7198753356933594,-0.08931788057088852,0.9686697125434875
8,0.48681867122650146,0.49108079075813293,-0.584236741065979,0.9992598295211792,0.4915258288383484,0.485360324382782,-0.5791561007499695,0.9983187913894653,0.4943942725658417,0.48334720730781555,-0.5792174935340881,0.9981086850166321,0.49829480051994324,0.48256349563598633,-0.5792716145515442,0.9985284805297852,0.48139631748199463,0.48507794737815857,-0.5813504457473755,0.9983131289482117,0.47822266817092896,0.48429086804389954,-0.5814065337181091,0.9981290102005005,0.4743344783782959,0.4832433760166168,-0.5814051628112793,0.9984194040298462,0.5005587339401245,0.4790898561477661,-0.46938472986221313,0.9952089786529541,0.471792995929718,0.48008406162261963,-0.4773605763912201,0.9953874945640564,0.4937770664691925,0.4943561851978302,-0.5349295735359192,0.9980779886245728,0.48043522238731384,0.49361705780029297,-0.537467360496521,0.9977371096611023,0.5353896021842957,0.5022546052932739,-0.3202153444290161,0.9998034834861755,0.437967985868454,0.5057204961776733,-0.3617311120033264,0.9997875094413757,0.5277094841003418,0.5479190349578857,-0.2554948031902313,0.9623363018035889,0.45827236771583557,0.5545253157615662,-0.3163945972919464,0.9490722417831421,0.5024735331535339,0.5912067890167236,-0.3033669590950012,0.9494448304176331,0.4717468023300171,0.5938593745231628,-0.35722795128822327,0.9387462139129639,0.4985986649990082,0.6068853139877319,-0.329600065946579,0.9119850993156433,0.47194576263427734,0.6069819927215576,-0.38962632417678833,0.9071584939956665,0.49240434169769287,0.6057453751564026,-0.3623177707195282,0.91547030210495,0.47910404205322266,0.6053484678268433,-0.41570717096328735,0.912747323513031,0.4915228486061096,0.5996147990226746,-0.3163135051727295,0.9017621278762817,0.4805425703525543,0.6004053354263306,-0.36722275614738464,0.8964073657989502,0.509838342666626,0.5722894668579102,0.016677115112543106,0.9990540742874146,0.45888835191726685,0.5704696178436279,-0.0166177935898304,0.9989430904388428,0.5294253826141357,0.6373205780982971,-0.015400927513837814,0.9677294492721558,0.4369043707847595,0.6376560926437378,-0.04386266693472862,0.9833630323410034,0.5362065434455872,0.6953875422477722,0.11173022538423538,0.9622191190719604,0.41482478380203247,0.6956636905670166,0.06502674520015717,0.9810819625854492,0.5285728573799133,0.7011668682098389,0.11829721927642822,0.7213268280029297,0.41721493005752563,0.7021243572235107,0.06923409551382065,0.7248710989952087,0.5603363513946533,0.7177343368530273,-0.00931234285235405,0.9530331492424011,0.3949066996574402,0.7193188071250916,-0.0692148506641388,0.9684892296791077
9,0.487794429063797,0.4940532147884369,-0.6389884948730469,0.9992687702178955,0.49381232261657715,0.4874553084373474,-0.6351366639137268,0.9983565807342529,0.4974066913127899,0.48687589168548584,-0.6351916193962097,0.9981541037559509,0.5006316900253296,0.4860113561153412,-0.6352511644363403,0.9985643625259399,0.48246902227401733,0.4872686564922333,-0.6390799283981323,0.9983535408973694,0.4783951938152313,0.4866451621055603,-0.6391571164131165,0.9981693625450134,0.47483769059181213,0.48586711287498474,-0.639155387878418,0.9984506368637085,0.5032153725624084,0.48193347454071045,-0.5205570459365845,0.9954186081886292,0.4701976478099823,0.4833282232284546,-0.5369598269462585,0.9955880641937256,0.4947304129600525,0.4974396824836731,-0.5865708589553833,0.9981621503829956,0.48157405853271484,0.4974747598171234,-0.5916156768798828,0.9978433847427368,0.5350764989852905,0.5021061301231384,-0.3568311035633087,0.9998103976249695,0.43694421648979187,0.5052770376205444,-0.4102547764778137,0.9997950792312622,0.5264034271240234,0.5477264523506165,-0.2898479700088501,0.9616947770118713,0.45669254660606384,0.5531450510025024,-0.3657750189304352,0.9491572976112366,0.498931884765625,0.5916250944137573,-0.3348698019981384,0.9483233094215393,0.47108832001686096,0.5928710103034973,-0.4019162058830261,0.9386075735092163,0.4947514832019806,0.6072673201560974,-0.35994666814804077,0.9110553860664368,0.47211048007011414,0.6057653427124023,-0.4347407817840576,0.9077019691467285,0.49111509323120117,0.605944037437439,-0.3921201229095459,0.9146260023117065,0.47914180159568787,0.6045182347297668,-0.45947346091270447,0.9133113622665405,0.49035146832466125,0.5996819734573364,-0.34736746549606323,0.9007329344749451,0.481353759765625,0.5995733141899109,-0.4110545516014099,0.8967703580856323,0.5072742104530334,0.5703432559967041,0.02074802853167057,0.9990139007568359,0.4560697674751282,0.569430947303772,-0.020697573199868202,0.9988835453987122,0.5274696350097656,0.6360676884651184,-0.009654378518462181,0.9674856066703796,0.4356034994125366,0.6382339596748352,-0.04960406571626663,0.9830875396728516,0.5352755188941956,0.6962329745292664,0.11386501789093018,0.9621373414993286,0.41431206464767456,0.6962627172470093,0.06059082970023155,0.9808270931243896,0.5272098779678345,0.7018781304359436,0.1201462373137474,0.723627507686615,0.41636303067207336,0.7024195194244385,0.06497983634471893,0.7256704568862915,0.5604755282402039,0.7167350053787231,-0.009901837445795536,0.9527860879898071,0.3949304521083832,0.7220848798751831,-0.07655921578407288,0.967950165271759
10,0.4856865704059601,0.4914569556713104,-0.6220096349716187,0.9992931485176086,0.4904725253582001,0.4854371249675751,-0.6179012656211853,0.9984151124954224,0.494356632232666,0.484815388917923,-0.6179727911949158,0.9982229471206665,0.49735555052757263,0.4838425815105438,-0.6180270910263062,0.9986183643341064,0.48098060488700867,0.4853363633155823,-0.6205568909645081,0.9984102845191956,0.4781400263309479,0.484631210565567,-0.6206225156784058,0.9982286691665649,0.47505927085876465,0.48368582129478455,-0.6206210851669312,0.9984995722770691,0.4991622865200043,0.47941577434539795,-0.5058249235153198,0.9956456422805786,0.4704168140888214,0.4807530343532562,-0.5163140892982483,0.9958045482635498,0.4920203387737274,0.49497777223587036,-0.5711822509765625,0.9982601404190063,0.4796450138092041,0.4944056570529938,-0.5744174122810364,0.9979591369628906,0.5319401025772095,0.5002076625823975,-0.3523388206958771,0.9998199939727783,0.4349001348018646,0.5055863261222839,-0.3904665410518646,0.9998037815093994,0.5244805216789246,0.5459438562393188,-0.2932528853416443,0.9628044962882996,0.4547812044620514,0.552994966506958,-0.3537658452987671,0.9500789642333984,0.5032082796096802,0.589022696018219,-0.33902236819267273,0.9491437077522278,0.4688238203525543,0.5921460390090942,-0.398564875125885,0.9399570822715759,0.49888768792152405,0.6047468781471252,-0.3654935657978058,0.9121813178062439,0.4722107946872711,0.604958713054657,-0.43208229541778564,0.9097416400909424,0.49286821484565735,0.6033504009246826,-0.39719924330711365,0.9157358407974243,0.47896286845207214,0.6030469536781311,-0.45607703924179077,0.9152966737747192,0.4928876459598541,0.5975591540336609,-0.35153257846832275,0.9019113779067993,0.4812341630458832,0.598258912563324,-0.40793874859809875,0.8989039659500122,0.5077863931655884,0.5696532130241394,0.014593861065804958,0.9990175366401672,0.45659664273262024,0.5682935118675232,-0.014548253268003464,0.9988813996315002,0.5272462964057922,0.635936439037323,-0.015729514881968498,0.9685123562812805,0.4343147873878479,0.6393769979476929,-0.04551586136221886,0.9833295345306396,0.5363200902938843,0.6967471837997437,0.10553257912397385,0.9633458256721497,0.4142872095108032,0.6977707743644714,0.06883962452411652,0.9811740517616272,0.528283953666687,0.7020124793052673,0.1112271398305893,0.728853166103363,0.4159282147884369,0.7061277627944946,0.07333183288574219,0.7293317317962646,0.5607658624649048,0.7167185544967651,-0.022272683680057526,0.9540886878967285,0.39196643233299255,0.7219961881637573,-0.06923192739486694,0.9684309959411621
11,0.48664340376853943,0.49230527877807617,-0.5541458129882812,0.9993211030960083,0.4923272728919983,0.48534533381462097,-0.5500447750091553,0.9984861612319946,0.4957122206687927,0.4846833348274231,-0.550108015537262,0.9983052611351013,0.4987823963165283,0.48376134037971497,-0.5501711964607239,0.9986817836761475,0.48210281133651733,0.4854199290275574,-0.5532859563827515,0.998475968837738,0.47799229621887207,0.48480668663978577,-0.5533467531204224,0.9982965588569641,0.4745588004589081,0.4840504229068756,-0.5533487200737,0.9985547661781311,0.5007580518722534,0.4803934693336487,-0.44519662857055664,0.9958988428115845,0.469061017036438,0.481880784034729,-0.4584016799926758,0.9960310459136963,0.4936009645462036,0.4955698549747467,-0.5063796639442444,0.9983556270599365,0.48146265745162964,0.4952408969402313,-0.5104881525039673,0.9980690479278564,0.5308853387832642,0.5011976361274719,-0.3038180470466614,0.9998264908790588,0.4353087842464447,0.5054837465286255,-0.3488922119140625,0.9998087882995605,0.5222007632255554,0.5473059415817261,-0.24695974588394165,0.9620350003242493,0.4552144408226013,0.5531028509140015,-0.3093651235103607,0.9501237273216248,0.5001259446144104,0.5891207456588745,-0.2870790362358093,0.9481386542320251,0.46928325295448303,0.5936223268508911,-0.3415253758430481,0.9401662349700928,0.4943123161792755,0.605487585067749,-0.3102457523345947,0.9111636877059937,0.47280997037887573,0.605935275554657,-0.37274083495140076,0.9104158878326416,0.4907078444957733,0.6041567325592041,-0.33995896577835083,0.9148265719413757,0.4776472747325897,0.6053860187530518,-0.39530497789382935,0.9159849882125854,0.48970818519592285,0.5976596474647522,-0.29861313104629517,0.9010496139526367,0.4799935221672058,0.5996249914169312,-0.3502122759819031,0.8997603058815002,0.502410888671875,0.5726178884506226,0.016964886337518692,0.9990228414535522,0.4518948793411255,0.5717812776565552,-0.016902830451726913,0.9988697171211243,0.5252097249031067,0.637563169002533,-0.0028622427489608526,0.9689708352088928,0.434527724981308,0.6410505175590515,-0.04052066430449486,0.9834115505218506,0.5370935797691345,0.6953145265579224,0.10141371935606003,0.9642845392227173,0.4146653115749359,0.697058916091919,0.06587386131286621,0.9813184142112732,0.5283011198043823,0.7023149728775024,0.10564330220222473,0.7327740788459778,0.41649219393730164,0.7043023705482483,0.06994429975748062,0.7312137484550476,0.563055694103241,0.7175858616828918,-0.023967454209923744,0.9550873041152954,0.3938062787055969,0.7209041118621826,-0.06651237607002258,0.9686370491981506
12,0.4843287765979767,0.4901372790336609,-0.6175560355186462,0.999321460723877,0.48911482095718384,0.48309189081192017,-0.6137890219688416,0.998499870300293,0.4930388927459717,0.4826289415359497,-0.6138526201248169,0.9983289241790771,0.49611032009124756,0.4818468391895294,-0.613904595375061,0.9986972212791443,0.47912678122520447,0.4838334321975708,-0.6157592535018921,0.998484194278717,0.47611570358276367,0.483195036649704,-0.6158329844474792,0.9983009099960327,0.4719889163970947,0.48230013251304626,-0.6158413887023926,0.9985529780387878,0.49911007285118103,0.4791817367076874,-0.5060179829597473,0.995987057685852,0.46913594007492065,0.48031333088874817,-0.5126181244850159,0.9961157441139221,0.4911560118198395,0.49292415380477905,-0.568459689617157,0.9983876943588257,0.4778721034526825,0.4931983947753906,-0.5706162452697754,0.9981096982955933,0.5305107831954956,0.5004265904426575,-0.35225361585617065,0.9998279809951782,0.4357319176197052,0.504780113697052,-0.39493393898010254,0.9998107552528381,0.5214740037918091,0.5464702844619751,-0.2981967031955719,0.9604777097702026,0.4515579342842102,0.5517593622207642,-0.35888615250587463,0.9499990940093994,0.4996592104434967,0.5897340774536133,-0.3424718677997589,0.94524085521698,0.4678003787994385,0.5930162668228149,-0.39370474219322205,0.9392872452735901,0.49613484740257263,0.6038767695426941,-0.3674394488334656,0.9075926542282104,0.4701313376426697,0.6041595339775085,-0.426099956035614,0.9094679951667786,0.4902174174785614,0.6025403141975403,-0.3992571532726288,0.9113823175430298,0.4784868061542511,0.6038177013397217,-0.44823911786079407,0.9150902032852173,0.4905136227607727,0.5965324640274048,-0.35510581731796265,0.897285521030426,0.47940972447395325,0.5991372466087341,-0.40231820940971375,0.8987425565719604,0.503528892993927,0.5707823038101196,0.017949825152754784,0.9989897608757019,0.45313310623168945,0.5685147047042847,-0.01786985620856285,0.9988356828689575,0.5244312286376953,0.63750159740448,-0.007215108722448349,0.9682540893554688,0.43348267674446106,0.6352879405021667,-0.04579273238778114,0.9828964471817017,0.5380536913871765,0.6945168375968933,0.10605985671281815,0.9637018442153931,0.41348588466644287,0.6939926743507385,0.06030000001192093,0.9806356430053711,0.5305526852607727,0.6991605162620544,0.11110261082649231,0.7308385968208313,0.4155343472957611,0.7011644244194031,0.0644582211971283,0.7280949354171753,0.5609670877456665,0.7146742343902588,-0.018589112907648087,0.9542154669761658,0.39545267820358276,0.7178416848182678,-0.07247959077358246,0.9675421118736267
13,0.48405683040618896,0.49163809418678284,-0.5836538672447205,0.9993440508842468,0.48943644762039185,0.485076367855072,-0.5801112651824951,0.9985584020614624,0.4935842454433441,0.4846581816673279,-0.5801746249198914,0.9983982443809509,0.49703046679496765,0.4839803874492645,-0.5802317261695862,0.9987497925758362,0.4785926043987274,0.48470914363861084,-0.5819007754325867,0.9985387921333313,0.47539210319519043,0.48407793045043945,-0.5819639563560486,0.9983579516410828,0.4717942178249359,0.48329439759254456,-0.5819694995880127,0.9985973834991455,0.4999249577522278,0.48108816146850586,-0.47627636790275574,0.9961919188499451,0.46865954995155334,0.481529176235199,-0.482393741607666,0.9962964057922363,0.4914555847644806,0.4954143166542053,-0.536208987236023,0.9984572529792786,0.47810718417167664,0.49462589621543884,-0.5382510423660278,0.9981896281242371,0.5302324891090393,0.5015267729759216,-0.33151915669441223,0.9998301863670349,0.4342326819896698,0.5047124624252319,-0.36881697177886963,0.9998108148574829,0.5216597318649292,0.5467942357063293,-0.27198269963264465,0.9595870971679688,0.4511949121952057,0.5528013110160828,-0.32659775018692017,0.9497159123420715,0.4971720278263092,0.5921750664710999,-0.30222687125205994,0.9433341026306152,0.4671282172203064,0.5936208367347717,-0.34876886010169983,0.9381889700889587,0.49313151836395264,0.6064648032188416,-0.324386328458786,0.9050829410552979,0.4693880081176758,0.6060426235198975,-0.3782099485397339,0.9081425666809082,0.48786869645118713,0.6056385040283203,-0.35454660654067993,0.9090287685394287,0.4767090976238251,0.6056553721427917,-0.4001595377922058,0.9139004349708557,0.488510400056839,0.5994176864624023,-0.3137802183628082,0.8950002789497375,0.4776367247104645,0.6003441214561462,-0.35718074440956116,0.8977189064025879,0.5026209950447083,0.5730572938919067,0.016324477270245552,0.9989728331565857,0.45192766189575195,0.5710369348526001,-0.016233712434768677,0.9988104701042175,0.5250019431114197,0.6380885243415833,-0.002150803105905652,0.9676510095596313,0.4303601086139679,0.640792965888977,-0.038839664310216904,0.9824994206428528,0.5377889275550842,0.6954662799835205,0.09886596351861954,0.9635543823242188,0.4125099778175354,0.6966924071311951,0.057568855583667755,0.9802493453025818,0.5310602188110352,0.7003734111785889,0.10292768478393555,0.7299484014511108,0.4139896035194397,0.7043172717094421,0.06097765266895294,0.726019561290741,0.5603646039962769,0.7165700793266296,-0.024753179401159286,0.9539216756820679,0.3938659429550171,0.7192627787590027,-0.07379283756017685,0.9669302105903625
14,0.48469215631484985,0.48812800645828247,-0.5215901136398315,0.9993778467178345,0.48909053206443787,0.48193496465682983,-0.5166900157928467,0.9986348748207092,0.4927879571914673,0.481347918510437,-0.5167517066001892,0.998487651348114,0.4957156181335449,0.48048174381256104,-0.5167882442474365,0.9988171458244324,0.4793676435947418,0.48190560936927795,-0.5193353891372681,0.9986143708229065,0.47638872265815735,0.48136529326438904,-0.5193931460380554,0.9984423518180847,0.4723784625530243,0.4805474281311035,-0.5193946957588196,0.9986665844917297,0.4978925883769989,0.4779612123966217,-0.41787657141685486,0.9964250326156616,0.469111829996109,0.47948157787323,-0.42769622802734375,0.9965237379074097,0.49105778336524963,0.49157795310020447,-0.47702348232269287,0.9985435605049133,0.4775400757789612,0.4913199245929718,-0.48012733459472656,0.9982960820198059,0.5292751789093018,0.5009875893592834,-0.28757402300834656,0.9998345375061035,0.4336235821247101,0.5056918263435364,-0.3327609896659851,0.9998158812522888,0.5202314257621765,0.5463792681694031,-0.2359900027513504,0.9588156938552856,0.45107707381248474,0.5521234273910522,-0.29968321323394775,0.9510692358016968,0.4953000545501709,0.5907949805259705,-0.2686882019042969,0.9418638348579407,0.4678768515586853,0.5925432443618774,-0.31932130455970764,0.9390827417373657,0.4917994737625122,0.6066004633903503,-0.2910347282886505,0.9031351804733276,0.469320148229599,0.6055465340614319,-0.3485615849494934,0.9093505144119263,0.4867624342441559,0.6055430173873901,-0.3190458118915558,0.9072234630584717,0.477592408657074,0.6044235825538635,-0.36801937222480774,0.915083110332489,0.4872090220451355,0.5993542075157166,-0.27977144718170166,0.8935481905937195,0.47854098677635193,0.5994328856468201,-0.3267788290977478,0.8994324803352356,0.5028647184371948,0.5716596245765686,0.01833496056497097,0.9989776611328125,0.4508499801158905,0.569912314414978,-0.01821441575884819,0.9988279938697815,0.5253289341926575,0.635452926158905,-0.016878409311175346,0.9667866230010986,0.43077152967453003,0.6368967294692993,-0.0578925795853138,0.981963038444519,0.5384140014648438,0.6938297152519226,0.0677969753742218,0.9628852605819702,0.41329848766326904,0.6952782273292542,0.017941392958164215,0.9797409772872925,0.5310759544372559,0.6987159252166748,0.07047171145677567,0.7278947830200195,0.4165273606777191,0.7020085453987122,0.019668307155370712,0.7241756916046143,0.5591948628425598,0.7159265875816345,-0.05006275698542595,0.9528834819793701,0.3937509059906006,0.7199515104293823,-0.10829928517341614,0.9660099744796753
15,0.4862915575504303,0.49093568325042725,-0.5431836843490601,0.999390721321106,0.4917898178100586,0.48321065306663513,-0.5370401740074158,0.9986687302589417,0.4946135878562927,0.48261314630508423,-0.5371006727218628,0.9985278248786926,0.49710613489151,0.4817894697189331,-0.5371417999267578,0.9988453388214111,0.482448935508728,0.4830755293369293,-0.5420055985450745,0.9986451864242554,0.4782422184944153,0.4823502004146576,-0.5420675277709961,0.998474657535553,0.47519657015800476,0.48154205083847046,-0.5420640110969543,0.9986904263496399,0.4975321888923645,0.4788849651813507,-0.4289478361606598,0.9965465664863586,0.46935486793518066,0.47980621457099915,-0.44977691769599915,0.9966462254524231,0.49220094084739685,0.4933038055896759,-0.49479109048843384,0.9985941052436829,0.48001596331596375,0.49305135011672974,-0.5010582208633423,0.9983610510826111,0.5260729193687439,0.501273512840271,-0.2869809865951538,0.9998383522033691,0.43171149492263794,0.5055703520774841,-0.3499152660369873,0.9998207092285156,0.5186161994934082,0.5455132126808167,-0.23582839965820312,0.957892894744873,0.4506731927394867,0.5510510802268982,-0.3223212659358978,0.9519327878952026,0.49370434880256653,0.5900034308433533,-0.2878866493701935,0.9405826330184937,0.46646469831466675,0.5913717746734619,-0.35627448558807373,0.9397493004798889,0.4909563958644867,0.6049177050590515,-0.31280210614204407,0.901418924331665,0.4690846800804138,0.6023474335670471,-0.3891412019729614,0.910325288772583,0.4862503111362457,0.601926863193512,-0.34258532524108887,0.9055628776550293,0.4769204556941986,0.6021239161491394,-0.40947815775871277,0.9159946441650391,0.48651325702667236,0.5958945155143738,-0.3001635670661926,0.8918339610099792,0.47731542587280273,0.5974006652832031,-0.3640924096107483,0.9003854393959045,0.5012496113777161,0.5711238384246826,0.02291187457740307,0.998986542224884,0.44832736253738403,0.5701578259468079,-0.022821281105279922,0.9988435506820679,0.524970531463623,0.6348963975906372,-0.01991276629269123,0.966217577457428,0.4300954043865204,0.6369109749794006,-0.07075272500514984,0.9817274808883667,0.5395811200141907,0.6936546564102173,0.07434520125389099,0.962374746799469,0.41215214133262634,0.6956487894058228,0.013138996437191963,0.9795385003089905,0.5325278639793396,0.6993745565414429,0.07777074724435806,0.7266398072242737,0.41298583149909973,0.7043237090110779,0.015199994668364525,0.7241965532302856,0.5597102046012878,0.7153566479682922,-0.04715963825583458,0.9523099660873413,0.39298108220100403,0.7195063233375549,-0.12029699981212616,0.9656715393066406
16,0.48718658089637756,0.49079474806785583,-0.5436935424804688,0.9994134902954102,0.4922121465206146,0.4845428764820099,-0.5390825867652893,0.9987229108810425,0.4953445494174957,0.48400819301605225,-0.5391339659690857,0.9985913038253784,0.4983760118484497,0.48330315947532654,-0.5391697883605957,0.9988932609558105,0.4817463159561157,0.4843311905860901,-0.544406533241272,0.9986979961395264,0.47781452536582947,0.48368602991104126,-0.54446941614151,0.998532772064209,0.4735294580459595,0.48291099071502686,-0.544468104839325,0.9987379312515259,0.49925971031188965,0.48004311323165894,-0.4357731342315674,0.9967195391654968,0.46695053577423096,0.48133400082588196,-0.4582897126674652,0.9968240857124329,0.49225470423698425,0.4945923089981079,-0.4966275691986084,0.9986540079116821,0.47946998476982117,0.4943162202835083,-0.5034219026565552,0.9984387159347534,0.5250383615493774,0.5008528232574463,-0.2970985472202301,0.9998416900634766,0.4307802617549896,0.5050142407417297,-0.3592832088470459,0.9998244643211365,0.5180808305740356,0.5472205281257629,-0.24478654563426971,0.957524299621582,0.4485589265823364,0.5518736243247986,-0.33196285367012024,0.953303337097168,0.49492916464805603,0.5903128981590271,-0.2784896790981293,0.940043032169342,0.4664350152015686,0.592180609703064,-0.348236083984375,0.9408624172210693,0.49217748641967773,0.6061489582061768,-0.2996364235877991,0.9007371664047241,0.4690467417240143,0.6051263213157654,-0.37749478220939636,0.9118447303771973,0.4867393672466278,0.6051343679428101,-0.32687684893608093,0.9049597382545471,0.4771297872066498,0.6038978695869446,-0.3956983685493469,0.9174799919128418,0.4868665933609009,0.5984671115875244,-0.28934475779533386,0.8916007876396179,0.47772255539894104,0.5986668467521667,-0.354999303817749,0.9023070931434631,0.49966663122177124,0.5708267092704773,0.02307012304663658,0.9989579319953918,0.44857901334762573,0.5696999430656433,-0.022964805364608765,0.9988126754760742,0.5250682830810547,0.6351767778396606,-0.01557041984051466,0.9652977585792542,0.4306206703186035,0.6365891695022583,-0.07030846178531647,0.9810218214988708,0.5399230122566223,0.6937740445137024,0.056215252727270126,0.9619555473327637,0.4114762544631958,0.6945739984512329,0.00118355848826468,0.9789491891860962,0.5324224233627319,0.6985799670219421,0.057756390422582626,0.7262465357780457,0.4123820662498474,0.7033318281173706,0.0024858054239302874,0.7215579748153687,0.5620787739753723,0.7155067920684814,-0.06359782814979553,0.951591968536377,0.3944036662578583,0.7196462154388428,-0.1270149052143097,0.9645608067512512
17,0.4860322177410126,0.49208730459213257,-0.5318515300750732,0.9994356036186218,0.49165090918540955,0.48569586873054504,-0.5274128913879395,0.9987775683403015,0.49494239687919617,0.48512908816337585,-0.5274555683135986,0.9986539483070374,0.49799373745918274,0.48435458540916443,-0.5274955630302429,0.9989413022994995,0.4806888699531555,0.48568418622016907,-0.531310498714447,0.9987504482269287,0.4768076539039612,0.48514363169670105,-0.5313699841499329,0.9985892176628113,0.4726892411708832,0.48445603251457214,-0.5313611030578613,0.9987843632698059,0.49947112798690796,0.4813009202480316,-0.42520397901535034,0.9968965649604797,0.4670999050140381,0.4826461672782898,-0.4408673346042633,0.9969882369041443,0.49169719219207764,0.4956677258014679,-0.4852624535560608,0.9987179040908813,0.47890448570251465,0.49577146768569946,-0.4900975525379181,0.9985136389732361,0.5276411175727844,0.5004790425300598,-0.2882125675678253,0.9998467564582825,0.4346434772014618,0.5055711269378662,-0.34125083684921265,0.999829113483429,0.5188019871711731,0.5455426573753357,-0.23453103005886078,0.9571912884712219,0.44978681206703186,0.5520234704017639,-0.3092487156391144,0.9537928700447083,0.4921746850013733,0.5916547179222107,-0.2682817578315735,0.9393526911735535,0.46759265661239624,0.5921773314476013,-0.33228254318237305,0.9410117864608765,0.4892774820327759,0.6069772243499756,-0.2898637354373932,0.9000005722045898,0.47075605392456055,0.6052027344703674,-0.3630516231060028,0.9123364090919495,0.4843152165412903,0.6058464646339417,-0.3179032802581787,0.9042780995368958,0.4776717722415924,0.6051369905471802,-0.3819039463996887,0.9179722666740417,0.4845283329486847,0.5992024540901184,-0.27916672825813293,0.8911691904067993,0.4783421754837036,0.599264919757843,-0.33953824639320374,0.9029964804649353,0.4994509518146515,0.5729209780693054,0.02043287828564644,0.9989655017852783,0.4481087028980255,0.5720070600509644,-0.020331816747784615,0.9988170862197876,0.5258636474609375,0.6364521384239197,-0.02080860547721386,0.9642388224601746,0.42923417687416077,0.640045702457428,-0.06736956536769867,0.9804644584655762,0.5406885743141174,0.6935769319534302,0.057657815515995026,0.9614087343215942,0.4101671278476715,0.6971151828765869,0.007104887627065182,0.9785529971122742,0.5344343781471252,0.6994735598564148,0.0597241148352623,0.7263529896736145,0.41182923316955566,0.7048133611679077,0.008523291908204556,0.721809446811676,0.5635411143302917,0.7168529033660889,-0.06309466063976288,0.9508256912231445,0.39186978340148926,0.720857560634613,-0.12239141017198563,0.9638840556144714
18,0.4824468493461609,0.4921896755695343,-0.5371851325035095,0.99942946434021,0.4880370497703552,0.4861966371536255,-0.5336257219314575,0.9987878799438477,0.4921310544013977,0.4856411814689636,-0.5336899161338806,0.9986735582351685,0.49542033672332764,0.4847947061061859,-0.5337551832199097,0.9989557862281799,0.4771120846271515,0.48596662282943726,-0.5380387306213379,0.9987509250640869,0.4736258089542389,0.4852536916732788,-0.5381110906600952,0.9985829591751099,0.4695722460746765,0.4843207597732544,-0.538118839263916,0.9987727999687195,0.49806031584739685,0.481118768453598,-0.43477943539619446,0.996989369392395,0.4655168652534485,0.4822380840778351,-0.4531290829181671,0.9970511198043823,0.48921599984169006,0.4957670271396637,-0.4916095733642578,0.9987297058105469,0.47560927271842957,0.49541109800338745,-0.49723678827285767,0.9985254406929016,0.527354896068573,0.5017616152763367,-0.29899388551712036,0.9998438954353333,0.43107733130455017,0.5063053965568542,-0.35586100816726685,0.9998193383216858,0.5174610018730164,0.5501342415809631,-0.24533109366893768,0.9539706110954285,0.44927549362182617,0.553542971611023,-0.322744220495224,0.952643096446991,0.49372270703315735,0.5930713415145874,-0.2714728116989136,0.9349722862243652,0.4673819839954376,0.5940305590629578,-0.3280101418495178,0.9384137988090515,0.4909549355506897,0.606676459312439,-0.2907602787017822,0.8949863910675049,0.4682064354419708,0.6062263250350952,-0.35566139221191406,0.909346342086792,0.4866151511669159,0.6058417558670044,-0.3176018297672272,0.8996063470840454,0.47591733932495117,0.6067802906036377,-0.37360110878944397,0.9152377247810364,0.4856826364994049,0.6002470850944519,-0.28190332651138306,0.8868213891983032,0.47807827591896057,0.6013603210449219,-0.33468562364578247,0.9005017280578613,0.5002095699310303,0.572810709476471,0.020472386851906776,0.9989015460014343,0.4485381543636322,0.5722481608390808,-0.020382044836878777,0.9987305998802185,0.5232877135276794,0.6381431818008423,0.015212766826152802,0.9610288739204407,0.43196290731430054,0.6380404233932495,-0.039596669375896454,0.9781378507614136,0.5391542315483093,0.6943457126617432,0.08821020275354385,0.9586396813392639,0.41457152366638184,0.6938778758049011,0.04114041104912758,0.9758179187774658,0.5325194597244263,0.698442280292511,0.09026741236448288,0.7180756330490112,0.4170762598514557,0.7021270990371704,0.04396456480026245,0.7106763124465942,0.5604657530784607,0.7154829502105713,-0.027460770681500435,0.9473787546157837,0.39448538422584534,0.7187846302986145,-0.07773306965827942,0.9598643183708191
19,0.4842000901699066,0.49124154448509216,-0.5705844759941101,0.9994296431541443,0.4902835488319397,0.48513147234916687,-0.5672610998153687,0.9987944960594177,0.49358898401260376,0.4845731854438782,-0.5673334002494812,0.998687207698822,0.49652835726737976,0.48381292819976807,-0.5673842430114746,0.9989631175994873,0.47992876172065735,0.4849855601787567,-0.5703293085098267,0.9987509846687317,0.47568872570991516,0.4843098223209381,-0.5703973770141602,0.9985811710357666,0.4723013639450073,0.4835614860057831,-0.5703957676887512,0.9987671971321106,0.4983374774456024,0.48044487833976746,-0.46456378698349,0.9970608353614807,0.466890424489975,0.48181718587875366,-0.4769331216812134,0.9971089959144592,0.4907080829143524,0.4948980510234833,-0.5233772993087769,0.9987609386444092,0.4778772294521332,0.4945581555366516,-0.5272058844566345,0.9985647201538086,0.5276991724967957,0.5014824867248535,-0.3235170841217041,0.9998472332954407,0.43284502625465393,0.5048773884773254,-0.368635356426239,0.9998233914375305,0.5187799334526062,0.5485628843307495,-0.2750876545906067,0.9543731212615967,0.4492417573928833,0.5516148805618286,-0.33574795722961426,0.9533714056015015,0.4934994876384735,0.592414140701294,-0.3182189464569092,0.9349801540374756,0.4670570194721222,0.5915869474411011,-0.3647618889808655,0.9390278458595276,0.49017566442489624,0.6068148016929626,-0.34325870871543884,0.8949809670448303,0.4685121178627014,0.6036096215248108,-0.3962385058403015,0.9101594686508179,0.48460161685943604,0.6055757999420166,-0.37172022461891174,0.8996288180351257,0.47503283619880676,0.6034595370292664,-0.4168625771999359,0.9160441756248474,0.48490527272224426,0.5995495915412903,-0.32960206270217896,0.8868598937988281,0.4762619435787201,0.5981511473655701,-0.3727136552333832,0.9014118909835815,0.5013216137886047,0.5716472864151001,0.016990486532449722,0.9988664388656616,0.44961097836494446,0.5695704817771912,-0.01691465638577938,0.9986968636512756,0.5228559970855713,0.6362560987472534,-0.01457974873483181,0.9604460000991821,0.4296632707118988,0.6348053812980652,-0.05614155903458595,0.9776266813278198,0.5409271121025085,0.6936089992523193,0.07954438030719757,0.957862913608551,0.412159264087677,0.6952565908432007,0.03406185656785965,0.9751772880554199,0.534671425819397,0.6983884572982788,0.08326085656881332,0.7155222296714783,0.41384801268577576,0.7040911912918091,0.03717811405658722,0.7082098126411438,0.5603060126304626,0.7153616547584534,-0.0397188626229763,0.9461976885795593,0.3913551867008209,0.7195691466331482,-0.0930885523557663,0.958674430847168
20,0.48616823554039,0.492697149515152,-0.5981050133705139,0.9994326233863831,0.4913630187511444,0.48606088757514954,-0.5939363241195679,0.9988027811050415,0.4946459233760834,0.4854198694229126,-0.5940055847167969,0.9986965656280518,0.4978834390640259,0.48458489775657654,-0.5940636992454529,0.9989702105522156,0.48080092668533325,0.48608076572418213,-0.5984846949577332,0.9987560510635376,0.47645896673202515,0.4854370653629303,-0.5985553860664368,0.9985826015472412,0.47307994961738586,0.4846736490726471,-0.5985548496246338,0.9987697601318359,0.49938321113586426,0.48098012804985046,-0.48473092913627625,0.9971102476119995,0.468160480260849,0.48233363032341003,-0.5035162568092346,0.9971586465835571,0.49230238795280457,0.4958402216434479,-0.5482511520385742,0.9987958669662476,0.4798634946346283,0.4955469071865082,-0.553937554359436,0.998604953289032,0.5292290449142456,0.5013394951820374,-0.3320598006248474,0.999851644039154,0.43424084782600403,0.5050499439239502,-0.394273579120636,0.9998303651809692,0.5185263156890869,0.5491266846656799,-0.2822142541408539,0.9544373154640198,0.4509198069572449,0.5524212718009949,-0.3667028248310089,0.9539974927902222,0.49356603622436523,0.5951676964759827,-0.3342849314212799,0.9347848296165466,0.4683573544025421,0.593539834022522,-0.40837162733078003,0.9399834871292114,0.4902980625629425,0.6096699833869934,-0.3607461750507355,0.8944440484046936,0.47223034501075745,0.6062070727348328,-0.44465744495391846,0.9115375280380249,0.4854322075843811,0.6077867150306702,-0.39194002747535706,0.8990633487701416,0.4783649146556854,0.6062328219413757,-0.4650554060935974,0.9172980189323425,0.4856281876564026,0.601389467716217,-0.34699442982673645,0.8858848214149475,0.4788306951522827,0.6004935503005981,-0.4164920747280121,0.9023972153663635,0.5006042122840881,0.573756992816925,0.02245836891233921,0.998877227306366,0.44816136360168457,0.5726593136787415,-0.02238074503839016,0.998715877532959,0.5230188369750977,0.6379380822181702,-0.014879626221954823,0.9610193967819214,0.4260304868221283,0.64122474193573,-0.06378715485334396,0.9782002568244934,0.538757860660553,0.6942238211631775,0.09894619137048721,0.9585002660751343,0.4105094075202942,0.6992215514183044,0.04351375252008438,0.9758973717689514,0.5314856767654419,0.7012249231338501,0.1039968878030777,0.7196667194366455,0.41160452365875244,0.7079288363456726,0.04750670865178108,0.7142670750617981,0.5612829327583313,0.7152411937713623,-0.026016484946012497,0.9471063017845154,0.3906504511833191,0.7222965359687805,-0.09312795102596283,0.9597750306129456
21,0.49111148715019226,0.490236759185791,-0.553642988204956,0.9994350075721741,0.4956551492214203,0.48378780484199524,-0.5499380826950073,0.998822808265686,0.4986511766910553,0.4832443594932556,-0.5500019192695618,0.9987227320671082,0.5015719532966614,0.48249179124832153,-0.550067663192749,0.9989914894104004,0.4854428768157959,0.4840766191482544,-0.5556385517120361,0.998772144317627,0.4807378649711609,0.4834498465061188,-0.5557117462158203,0.998598039150238,0.4772264361381531,0.4828164875507355,-0.5557125806808472,0.9987809658050537,0.5012244582176208,0.47971677780151367,-0.44876328110694885,0.9972078800201416,0.4698682725429535,0.4810994565486908,-0.47304266691207886,0.9972454905509949,0.49556398391723633,0.49412208795547485,-0.5070275664329529,0.9988145232200623,0.4828353226184845,0.4935985505580902,-0.5143842697143555,0.9986318349838257,0.5305628776550293,0.5012620091438293,-0.3092414438724518,0.9998501539230347,0.4315078854560852,0.5051935911178589,-0.37379834055900574,0.9998236894607544,0.5206148028373718,0.5482637882232666,-0.25310763716697693,0.9532181024551392,0.4493355453014374,0.5516847372055054,-0.3402614891529083,0.9539868831634521,0.49587148427963257,0.5942808389663696,-0.2760429084300995,0.9331105351448059,0.4680175483226776,0.5929890275001526,-0.33839425444602966,0.939226508140564,0.4935273826122284,0.6081607937812805,-0.29483217000961304,0.8923595547676086,0.47215357422828674,0.6067212820053101,-0.36505818367004395,0.9106464982032776,0.4876037538051605,0.6060960292816162,-0.3205386698246002,0.8971156477928162,0.4769248068332672,0.6061360836029053,-0.3822636604309082,0.9165118336677551,0.48674458265304565,0.6004425883293152,-0.28594541549682617,0.8843956589698792,0.4783691465854645,0.6007363796234131,-0.34438520669937134,0.9018944501876831,0.5020123720169067,0.5720721483230591,0.02294226549565792,0.9988117814064026,0.44974738359451294,0.5697685480117798,-0.022846054285764694,0.9986290335655212,0.5255517363548279,0.6388876438140869,0.0028764070011675358,0.9585511088371277,0.43130743503570557,0.6383922696113586,-0.053466808050870895,0.9765281677246094,0.5368044972419739,0.696394681930542,0.07746340334415436,0.9563717246055603,0.41310831904411316,0.6956762671470642,0.02451201342046261,0.9741114974021912,0.5295630097389221,0.7016693353652954,0.07977625727653503,0.7146203517913818,0.41699689626693726,0.701797366142273,0.026994962245225906,0.7072674036026001,0.5634512305259705,0.7176491022109985,-0.037691596895456314,0.9443013072013855,0.3922179043292999,0.721024751663208,-0.09714291989803314,0.9568461179733276
22,0.48683613538742065,0.48950737714767456,-0.6208092570304871,0.9994403123855591,0.4914465546607971,0.4821132719516754,-0.6148885488510132,0.9988290667533875,0.4947827458381653,0.4815025329589844,-0.6149484515190125,0.9987291693687439,0.49850860238075256,0.48075762391090393,-0.6150081157684326,0.9989973306655884,0.48128843307495117,0.48222774267196655,-0.6186848282814026,0.9987799525260925,0.478031188249588,0.48180294036865234,-0.6187604069709778,0.9986063838005066,0.4739799201488495,0.48126307129859924,-0.6187777519226074,0.9987890720367432,0.5001923441886902,0.4787937104701996,-0.5002228617668152,0.9972206950187683,0.46928292512893677,0.4802083969116211,-0.5154106616973877,0.9972485303878784,0.49299949407577515,0.49314218759536743,-0.5696545243263245,0.9988199472427368,0.48086559772491455,0.49245432019233704,-0.5742932558059692,0.998628556728363,0.529593288898468,0.5007893443107605,-0.3473716378211975,0.9998475313186646,0.43569692969322205,0.5054506063461304,-0.3994201719760895,0.9998195767402649,0.520500659942627,0.5482801795005798,-0.2889682650566101,0.953230619430542,0.4522929787635803,0.5533050894737244,-0.3616262674331665,0.9533475041389465,0.49716538190841675,0.5945336222648621,-0.33493542671203613,0.9323617815971375,0.4705924391746521,0.5949288606643677,-0.3930068016052246,0.9383584260940552,0.49568313360214233,0.6082292199134827,-0.3607970178127289,0.8911716341972351,0.4710399806499481,0.6075326204299927,-0.42640745639801025,0.909629225730896,0.48984646797180176,0.6074717044830322,-0.39220383763313293,0.8958761096000671,0.47801473736763,0.6074428558349609,-0.45026886463165283,0.9154928922653198,0.48967504501342773,0.6013070940971375,-0.347572922706604,0.8828321695327759,0.47923555970191956,0.6020166873931885,-0.40223386883735657,0.9005571007728577,0.5031235814094543,0.5740938782691956,0.019277922809123993,0.998826265335083,0.4523993134498596,0.5728462934494019,-0.019201867282390594,0.9986393451690674,0.5253735184669495,0.6383188366889954,-0.009039430879056454,0.9597591757774353,0.42902204394340515,0.6400731205940247,-0.046984847635030746,0.9773986339569092,0.5382555723190308,0.6966644525527954,0.12743312120437622,0.9569363594055176,0.411609947681427,0.6978324055671692,0.07771813124418259,0.974764347076416,0.5301331877708435,0.7008460164070129,0.1350654810667038,0.7165062427520752,0.4141611158847809,0.7042794823646545,0.08365651965141296,0.7118518948554993,0.5649081468582153,0.7168149948120117,0.004733060020953417,0.9450302124023438,0.39099496603012085,0.7220223546028137,-0.05682786554098129,0.9578651785850525
23,0.4852680265903473,0.4916526973247528,-0.5949473977088928,0.9994421601295471,0.49163395166397095,0.48505648970603943,-0.5916950106620789,0.9988288879394531,0.4954443573951721,0.4844380021095276,-0.5917502641677856,0.9987309575080872,0.49876081943511963,0.48355165123939514,-0.5917990207672119,0.9989981651306152,0.4805014133453369,0.4848875403404236,-0.5934587121009827,0.9987803101539612,0.47655460238456726,0.4842478334903717,-0.5935202240943909,0.9986088275909424,0.4733476936817169,0.48356112837791443,-0.5935379266738892,0.9987916350364685,0.5011852383613586,0.4805562198162079,-0.48914262652397156,0.9972245693206787,0.4692627787590027,0.4816794991493225,-0.4948645234107971,0.9972459673881531,0.4928226172924042,0.49540361762046814,-0.5480579733848572,0.9988173246383667,0.47998329997062683,0.4946240782737732,-0.5499863624572754,0.9986268281936646,0.5327409505844116,0.5010553598403931,-0.3432524800300598,0.9998433589935303,0.4364945590496063,0.5046554803848267,-0.38244497776031494,0.9998175501823425,0.5203091502189636,0.5498128533363342,-0.28489625453948975,0.9532271027565002,0.4520362913608551,0.5539242625236511,-0.33811819553375244,0.9533523321151733,0.4973294734954834,0.5937970280647278,-0.3158552646636963,0.932490885257721,0.4704887866973877,0.5949869751930237,-0.3592457175254822,0.9385395050048828,0.49635767936706543,0.6091558337211609,-0.3383997082710266,0.8915054202079773,0.47164106369018555,0.6075788140296936,-0.388694703578949,0.9098122119903564,0.49060115218162537,0.6065451502799988,-0.3691461682319641,0.8962188959121704,0.47933444380760193,0.6075747013092041,-0.4112817347049713,0.9156559705734253,0.49013084173202515,0.6004142761230469,-0.3277047574520111,0.8832373023033142,0.48006343841552734,0.602403461933136,-0.3677237927913666,0.9008769989013672,0.5026707053184509,0.5726436972618103,0.017365770414471626,0.9988052248954773,0.45286667346954346,0.5703847408294678,-0.017258113250136375,0.9986165761947632,0.5252289772033691,0.6367656588554382,-0.02712309919297695,0.9602728486061096,0.42964136600494385,0.6345459818840027,-0.05909179896116257,0.9779012799263,0.5380385518074036,0.6947747468948364,0.08161704242229462,0.9573059678077698,0.41474732756614685,0.6959389448165894,0.03735894709825516,0.9751618504524231,0.5297911763191223,0.7006080150604248,0.08675367385149002,0.7175135612487793,0.4188013970851898,0.7024452090263367,0.04087703675031662,0.7139963507652283,0.5633259415626526,0.7171891331672668,-0.03888724371790886,0.945353090763092,0.39338159561157227,0.7204434275627136,-0.0938132032752037,0.9583541750907898
24,0.4882719814777374,0.49259287118911743,-0.5932279825210571,0.999388575553894,0.4939790368080139,0.4856058955192566,-0.5895784497261047,0.9987376928329468,0.4972705841064453,0.48494893312454224,-0.5896573066711426,0.9986406564712524,0.500182569026947,0.4840659499168396,-0.5897353887557983,0.9989262223243713,0.4837995171546936,0.48606076836586,-0.5942888259887695,0.9986695647239685,0.4798954129219055,0.48551681637763977,-0.5943579077720642,0.9984795451164246,0.47681647539138794,0.4848778545856476,-0.5943685173988342,0.9986745715141296,0.5013392567634583,0.4812597632408142,-0.48387277126312256,0.9970976114273071,0.4718741774559021,0.48277994990348816,-0.5029543042182922,0.9970727562904358,0.4950432777404785,0.49588701128959656,-0.5445841550827026,0.9987576007843018,0.4830406606197357,0.4963145852088928,-0.5503666996955872,0.9985427260398865,0.5321653485298157,0.5017089247703552,-0.3318675458431244,0.999840259552002,0.4376676678657532,0.5056607127189636,-0.3958640396595001,0.9998059272766113,0.5233370661735535,0.5485156774520874,-0.270763635635376,0.9520300626754761,0.45301133394241333,0.5533408522605896,-0.3590576946735382,0.9521257281303406,0.5003705620765686,0.5939420461654663,-0.30942532420158386,0.9300853610038757,0.470576673746109,0.5941082239151001,-0.3764099180698395,0.9367306232452393,0.49682193994522095,0.609060525894165,-0.33172205090522766,0.8882728815078735,0.4714986979961395,0.6067578196525574,-0.4075758159160614,0.9077636003494263,0.4921818971633911,0.6080777049064636,-0.36321935057640076,0.8931840062141418,0.479900062084198,0.6062847375869751,-0.42920753359794617,0.913764238357544,0.490689754486084,0.6010556817054749,-0.32198566198349,0.8802018165588379,0.48052436113357544,0.6009657382965088,-0.384569376707077,0.8987820148468018,0.5037912130355835,0.5716701149940491,0.021941334009170532,0.9987668395042419,0.4529798626899719,0.5699741244316101,-0.02187860570847988,0.9985537528991699,0.5230093002319336,0.6383523344993591,0.0031554661691188812,0.9592861533164978,0.43138203024864197,0.6407789587974548,-0.04459655284881592,0.9775612950325012,0.5379356145858765,0.695146381855011,0.11408717185258865,0.955888569355011,0.413539320230484,0.6959447860717773,0.05857669562101364,0.9745447039604187,0.5317777991294861,0.6990823745727539,0.11958914995193481,0.713218629360199,0.41647472977638245,0.7020796537399292,0.06286432594060898,0.7111117243766785,0.5620253682136536,0.7148815989494324,-0.003763847053050995,0.9438916444778442,0.3927759826183319,0.7208536863327026,-0.07024159282445908,0.9575114846229553
25,0.4893706738948822,0.4938783347606659,-0.5813560485839844,0.9993912577629089,0.4960944354534149,0.4866426885128021,-0.5784405469894409,0.9987577199935913,0.49956291913986206,0.4859845042228699,-0.5785027742385864,0.9986670613288879,0.5025689601898193,0.48507654666900635,-0.5785813331604004,0.9989480376243591,0.48497360944747925,0.4868223965167999,-0.5837587118148804,0.9986878037452698,0.48083704710006714,0.4861351549625397,-0.5838475823402405,0.9984965920448303,0.47743526101112366,0.48534151911735535,-0.5838548541069031,0.9986860156059265,0.503386914730072,0.48162445425987244,-0.47675764560699463,0.9971899390220642,0.4716470241546631,0.4825786352157593,-0.49928736686706543,0.9971415996551514,0.4958385229110718,0.497467041015625,-0.5340678691864014,0.9987805485725403,0.4828699231147766,0.49731096625328064,-0.5409045815467834,0.9985665678977966,0.5331633687019348,0.5023899674415588,-0.3301355540752411,0.9998420476913452,0.435586154460907,0.5059651732444763,-0.39384549856185913,0.9998031258583069,0.52450031042099,0.550068199634552,-0.2650274336338043,0.9488833546638489,0.4538746774196625,0.5547590851783752,-0.3526149392127991,0.9504241943359375,0.5018255710601807,0.5951283574104309,-0.28572189807891846,0.9256560206413269,0.47123634815216064,0.5946351885795593,-0.3486478626728058,0.9336172938346863,0.49901461601257324,0.6093261241912842,-0.3042164444923401,0.8829653263092041,0.47246143221855164,0.6070250868797302,-0.37553542852401733,0.904165506362915,0.49197468161582947,0.6083531975746155,-0.33300045132637024,0.8882615566253662,0.4796769917011261,0.6073397397994995,-0.3956857919692993,0.9104818105697632,0.4913524389266968,0.6016228199005127,-0.29677996039390564,0.8754079937934875,0.4802691340446472,0.6018374562263489,-0.3558637201786041,0.8954969048500061,0.5051476359367371,0.5713847875595093,0.02179802395403385,0.9987610578536987,0.4527766704559326,0.5692238211631775,-0.02171030268073082,0.998542308807373,0.5215235948562622,0.636228621006012,0.022189773619174957,0.9562370181083679,0.4321884512901306,0.6408916115760803,-0.03171493858098984,0.9760134220123291,0.5371589660644531,0.6925007700920105,0.11429083347320557,0.953214168548584,0.41375693678855896,0.6964076161384583,0.05939960479736328,0.9729857444763184,0.5312777161598206,0.6977272033691406,0.11819031834602356,0.7062153220176697,0.41479793190956116,0.7049185037612915,0.06302547454833984,0.705135703086853,0.5587625503540039,0.7130232453346252,-0.0012205298990011215,0.9413328170776367,0.3928448259830475,0.7204437255859375,-0.0633600503206253,0.955649197101593
26,0.4874657392501831,0.4946064352989197,-0.5774709582328796,0.9994129538536072,0.49429258704185486,0.4875178933143616,-0.57554692029953,0.9988022446632385,0.4980222284793854,0.4868502616882324,-0.5756048560142517,0.9987198710441589,0.5012651085853577,0.4859059453010559,-0.5756643414497375,0.9989888072013855,0.4825696051120758,0.48766106367111206,-0.57947838306427,0.998735249042511,0.4784086346626282,0.48706474900245667,-0.5795570611953735,0.9985527992248535,0.4747653603553772,0.4863179624080658,-0.5795629024505615,0.9987321496009827,0.503055989742279,0.4829774796962738,-0.47840017080307007,0.9973286986351013,0.46981456875801086,0.4837711453437805,-0.4943500757217407,0.9972752332687378,0.4942806661128998,0.4984387755393982,-0.5319284796714783,0.9988345503807068,0.4814513027667999,0.49832308292388916,-0.5368603467941284,0.9986304640769958,0.5339838862419128,0.5023455619812012,-0.334078311920166,0.9998471140861511,0.4356231093406677,0.5062404870986938,-0.3869095742702484,0.9998083114624023,0.5243968367576599,0.5500963926315308,-0.27349454164505005,0.9490585923194885,0.4544656276702881,0.5558660626411438,-0.3476974368095398,0.9508543014526367,0.49848106503486633,0.5959727764129639,-0.2925754189491272,0.9259111285209656,0.47223639488220215,0.595224142074585,-0.3520054519176483,0.9343013763427734,0.4945547580718994,0.6096311807632446,-0.31153568625450134,0.8834219574928284,0.47309425473213196,0.607605516910553,-0.380035400390625,0.9052562117576599,0.48922476172447205,0.6085411310195923,-0.3395238518714905,0.8888052701950073,0.48026371002197266,0.6075778603553772,-0.3997272551059723,0.911573588848114,0.4892393946647644,0.6020570397377014,-0.30305981636047363,0.876292884349823,0.48102474212646484,0.6019503474235535,-0.3592045307159424,0.8969419598579407,0.5044145584106445,0.5702309012413025,0.018279455602169037,0.9987775683403015,0.45293989777565,0.5678288340568542,-0.018179070204496384,0.9985533356666565,0.5218989253044128,0.6343862414360046,-0.004399806726723909,0.9553916454315186,0.4343428313732147,0.6338624358177185,-0.048129234462976456,0.975360631942749,0.5384241342544556,0.6952944993972778,0.07301943004131317,0.9530864953994751,0.4149380028247833,0.6946709752082825,0.03379204869270325,0.9724565744400024,0.5322303175926208,0.7002525329589844,0.07509142905473709,0.7067574262619019,0.4177786111831665,0.7015686631202698,0.03629588708281517,0.7052763104438782,0.5606729984283447,0.7165727615356445,-0.0487569198012352,0.9410682320594788,0.3947518765926361,0.7199640870094299,-0.09066571295261383,0.9549597501754761
27,0.4888327717781067,0.49369654059410095,-0.5434356927871704,0.9994273781776428,0.495738685131073,0.4865735173225403,-0.5406550765037537,0.998840868473053,0.49952131509780884,0.4859379827976227,-0.5407041907310486,0.9987649917602539,0.5028826594352722,0.48508837819099426,-0.5407704710960388,0.9990235567092896,0.48346060514450073,0.48661547899246216,-0.545373797416687,0.9987742900848389,0.4791516959667206,0.48599767684936523,-0.5454546809196472,0.998596727848053,0.47544172406196594,0.4852581322193146,-0.5454638600349426,0.9987674355506897,0.5046247243881226,0.48219263553619385,-0.4437893331050873,0.99744713306427,0.4707110822200775,0.48300567269325256,-0.46315327286720276,0.9973824620246887,0.4958549737930298,0.497616708278656,-0.49828213453292847,0.9988689422607422,0.48239967226982117,0.4975932836532593,-0.5042237043380737,0.9986681342124939,0.5340036153793335,0.5025867223739624,-0.30513712763786316,0.9998488426208496,0.4375591278076172,0.5066425800323486,-0.36458268761634827,0.9998059868812561,0.5247583985328674,0.5481043457984924,-0.2418108582496643,0.9468646049499512,0.45567864179611206,0.5555905103683472,-0.3219881057739258,0.9488687515258789,0.49719926714897156,0.5944244265556335,-0.2532561719417572,0.9226421117782593,0.4712832272052765,0.5947341918945312,-0.3104163408279419,0.9307317137718201,0.494700163602829,0.6091679334640503,-0.2696022391319275,0.879377543926239,0.47117069363594055,0.6086514592170715,-0.3352731168270111,0.9012020826339722,0.4895293116569519,0.6069390177726746,-0.2960675358772278,0.8850190043449402,0.4778844714164734,0.6076310873031616,-0.35447850823402405,0.9078567624092102,0.48929399251937866,0.6004801988601685,-0.2631174921989441,0.8729187250137329,0.478834867477417,0.6015287637710571,-0.3172648251056671,0.8934641480445862,0.5030137300491333,0.5735989809036255,0.021851692348718643,0.998790442943573,0.45163482427597046,0.5716256499290466,-0.021743863821029663,0.9985584616661072,0.5233936309814453,0.6390514373779297,0.016236331313848495,0.9526880383491516,0.4320001006126404,0.6419689059257507,-0.03824865445494652,0.9741404056549072,0.5376522541046143,0.6948949098587036,0.0907515212893486,0.9517125487327576,0.4114218056201935,0.6982966661453247,0.037769924849271774,0.9715339541435242,0.5309278964996338,0.7010263800621033,0.09275289624929428,0.7039307355880737,0.41353970766067505,0.7061978578567505,0.039888884872198105,0.7027820944786072,0.5607702136039734,0.7169169187545776,-0.02635369822382927,0.9397851824760437,0.3916061222553253,0.7220492959022522,-0.0847657173871994,0.9539123773574829
28,0.48584526777267456,0.49203863739967346,-0.5422497987747192,0.9994456171989441,0.49148207902908325,0.4859972596168518,-0.5400033593177795,0.9988784790039062,0.49485254287719727,0.48525112867355347,-0.5400630235671997,0.9988067150115967,0.49886763095855713,0.4833883047103882,-0.5401236414909363,0.9990577101707458,0.48105672001838684,0.4856284260749817,-0.5421093702316284,0.9988080859184265,0.47794365882873535,0.4847654402256012,-0.5421680212020874,0.9986317157745361,0.4742467701435089,0.4835911989212036,-0.5421738028526306,0.9987965226173401,0.5017675161361694,0.48005738854408264,-0.44607508182525635,0.99753737449646,0.47132888436317444,0.48094701766967773,-0.45341211557388306,0.9974434971809387,0.4931016266345978,0.4956912398338318,-0.4985925257205963,0.998901903629303,0.47978007793426514,0.4945746660232544,-0.5010025501251221,0.9986997246742249,0.5337125658988953,0.5018714666366577,-0.31148865818977356,0.9998511672019958,0.4389393925666809,0.5052039623260498,-0.35328662395477295,0.9998030066490173,0.525302529335022,0.5489198565483093,-0.2559809684753418,0.9470188021659851,0.45420029759407043,0.5532850623130798,-0.3113951086997986,0.948067307472229,0.49840104579925537,0.5945355892181396,-0.2761251926422119,0.9229498505592346,0.4737550914287567,0.5937787294387817,-0.310942679643631,0.9294386506080627,0.49579647183418274,0.6078985333442688,-0.29601043462753296,0.8798030018806458,0.47531890869140625,0.6059748530387878,-0.33747392892837524,0.8994399309158325,0.4915789067745209,0.6068295836448669,-0.3225207030773163,0.8854000568389893,0.4817460775375366,0.6053434610366821,-0.3561660647392273,0.9061591029167175,0.48993486166000366,0.6013206839561462,-0.286145955324173,0.8734859228134155,0.4821473956108093,0.6006542444229126,-0.3178517520427704,0.8919548392295837,0.5045750141143799,0.5739868879318237,0.017197953537106514,0.9988150596618652,0.4539475440979004,0.5712829232215881,-0.017098167911171913,0.99857497215271,0.5232099294662476,0.6386345028877258,0.006535833235830069,0.951927661895752,0.43508991599082947,0.6401643753051758,-0.037663597613573074,0.9736081957817078,0.5372879505157471,0.6966691613197327,0.08276013284921646,0.9518626928329468,0.4134758412837982,0.6961771845817566,0.043616749346256256,0.9711848497390747,0.5308490991592407,0.702707052230835,0.08471295982599258,0.703382134437561,0.41668301820755005,0.7023333311080933,0.04615586996078491,0.7009304165840149,0.5621880292892456,0.7177003622055054,-0.03743647783994675,0.939933717250824,0.39290523529052734,0.7204838395118713,-0.07897357642650604,0.9535608291625977
29,0.48672348260879517,0.4918309152126312,-0.5703575611114502,0.9994253516197205,0.49169638752937317,0.48547694087028503,-0.5665271282196045,0.9988369941711426,0.49472227692604065,0.4835987687110901,-0.5665904879570007,0.9987616539001465,0.4986177086830139,0.48286446928977966,-0.5666459202766418,0.9990221261978149,0.4814167618751526,0.48524463176727295,-0.5687929391860962,0.9987614750862122,0.4770947992801666,0.4842597246170044,-0.5688451528549194,0.9985774159431458,0.4744889438152313,0.48329535126686096,-0.5688493251800537,0.9987485408782959,0.500517725944519,0.4795229136943817,-0.4643278121948242,0.9974437952041626,0.4716503620147705,0.4809345006942749,-0.47190672159194946,0.9973387122154236,0.49295541644096375,0.49516329169273376,-0.523714542388916,0.9988741874694824,0.4800625741481781,0.4946628212928772,-0.5261740684509277,0.9986627697944641,0.5340976715087891,0.5017068982124329,-0.31774330139160156,0.9998497366905212,0.43916478753089905,0.5064364075660706,-0.3674256503582001,0.9998024106025696,0.5254176259040833,0.5487368702888489,-0.2628328502178192,0.9470605254173279,0.4547443091869354,0.5543849468231201,-0.33192315697669983,0.9478520154953003,0.4982171058654785,0.5943032503128052,-0.3040258586406708,0.9230635762214661,0.4719168543815613,0.59422767162323,-0.3623823821544647,0.92946457862854,0.4956292510032654,0.6085456609725952,-0.327299028635025,0.8798515200614929,0.47199341654777527,0.6052883863449097,-0.3946397602558136,0.8994129300117493,0.49070921540260315,0.6060777306556702,-0.358594685792923,0.8854013681411743,0.4804641306400299,0.6058019995689392,-0.41565680503845215,0.9060798287391663,0.4905945956707001,0.6014906167984009,-0.3163565993309021,0.8732525706291199,0.48141399025917053,0.601023256778717,-0.3705824613571167,0.8916454315185547,0.505545437335968,0.5731496214866638,0.020678646862506866,0.998812198638916,0.455156147480011,0.5704799890518188,-0.020598938688635826,0.9985678791999817,0.5262681245803833,0.6370964050292969,-0.009245614521205425,0.9525793194770813,0.43605223298072815,0.6365010142326355,-0.051370833069086075,0.9741249680519104,0.5398732423782349,0.694932222366333,0.09221064299345016,0.9524713158607483,0.41374990344047546,0.6944076418876648,0.0418713204562664,0.9716030955314636,0.5325606465339661,0.6999931335449219,0.09618526697158813,0.7041089534759521,0.4160469174385071,0.7013220191001892,0.044849127531051636,0.7008354067802429,0.5631269812583923,0.7155472636222839,-0.030475743114948273,0.9405345320701599,0.3953113555908203,0.7183228135108948,-0.08962530642747879,0.9540826082229614
30,0.48949211835861206,0.4940461218357086,-0.5945864915847778,0.9994166493415833,0.49506303668022156,0.48673731088638306,-0.5910533666610718,0.9988208413124084,0.4990324378013611,0.48611971735954285,-0.5911086201667786,0.9987461566925049,0.5019866824150085,0.4851911962032318,-0.5911566019058228,0.9990090727806091,0.48437392711639404,0.4866909086704254,-0.593779444694519,0.9987461566925049,0.48132839798927307,0.4860548675060272,-0.5938407778739929,0.9985605478286743,0.4782779812812805,0.48523110151290894,-0.5938407778739929,0.9987319111824036,0.5033900141716003,0.48116418719291687,-0.48550504446029663,0.9974178671836853,0.47364360094070435,0.48262378573417664,-0.4955606460571289,0.9973152875900269,0.4966427981853485,0.49744129180908203,-0.5462325215339661,0.998865008354187,0.48387283086776733,0.4969255030155182,-0.5494087934494019,0.9986522197723389,0.5354755520820618,0.5027372241020203,-0.33568817377090454,0.9998503923416138,0.44123831391334534,0.5061214566230774,-0.381997674703598,0.9998051524162292,0.5261211395263672,0.5500183701515198,-0.28129541873931885,0.9478633403778076,0.454711377620697,0.5538460612297058,-0.34550097584724426,0.9483446478843689,0.5002566576004028,0.5933749675750732,-0.32259079813957214,0.9239930510520935,0.4709662199020386,0.5940083861351013,-0.3753608465194702,0.9304012656211853,0.4970567524433136,0.6074811220169067,-0.34644654393196106,0.8809367418289185,0.4712628126144409,0.606404185295105,-0.4070914089679718,0.9005622267723083,0.4913713335990906,0.606635332107544,-0.3769911229610443,0.8864365816116333,0.47926026582717896,0.6060341596603394,-0.429460734128952,0.9071921706199646,0.4913521707057953,0.6009196043014526,-0.33470064401626587,0.8741576075553894,0.48011982440948486,0.601868748664856,-0.3841365873813629,0.8927428126335144,0.5077564716339111,0.5724809169769287,0.01876179501414299,0.9988023638725281,0.45700526237487793,0.5688976645469666,-0.018674680963158607,0.9985670447349548,0.5246716141700745,0.6371487975120544,-0.0041731251403689384,0.9526234269142151,0.43581724166870117,0.6389777660369873,-0.045869842171669006,0.9742451310157776,0.537043571472168,0.6934158205986023,0.09908820688724518,0.9521708488464355,0.4131433367729187,0.6969276070594788,0.04689430817961693,0.971667468547821,0.5305364727973938,0.6990919709205627,0.10339841991662979,0.7024957537651062,0.4150480628013611,0.7052993178367615,0.04982782155275345,0.6994463801383972,0.5597410798072815,0.7137196063995361,-0.022379130125045776,0.9403353333473206,0.3934261202812195,0.7205027341842651,-0.08510905504226685,0.9541486501693726
31,0.489345908164978,0.4940710961818695,-0.6175277829170227,0.9994155764579773,0.49511340260505676,0.4870956838130951,-0.6138811111450195,0.9988234639167786,0.4984161853790283,0.4863603413105011,-0.6139495968818665,0.9987465739250183,0.5021690726280212,0.48548248410224915,-0.614021360874176,0.9990102052688599,0.484054833650589,0.48704251646995544,-0.6168807744979858,0.9987545013427734,0.48060575127601624,0.4863974452018738,-0.6169567108154297,0.9985703229904175,0.4767564535140991,0.4854978024959564,-0.616956353187561,0.9987407326698303,0.5038309097290039,0.48138222098350525,-0.5048359632492065,0.9974495768547058,0.4723115563392639,0.4829903542995453,-0.5168979167938232,0.9973443746566772,0.4961652457714081,0.497065931558609,-0.5676569938659668,0.9988778829574585,0.48260176181793213,0.4965873956680298,-0.5714427828788757,0.9986728429794312,0.5362957715988159,0.503134548664093,-0.35122644901275635,0.9998500943183899,0.43888023495674133,0.5071329474449158,-0.39569276571273804,0.9998053312301636,0.524942934513092,0.5512190461158752,-0.2882896959781647,0.9476413130760193,0.45634597539901733,0.5555466413497925,-0.3520241677761078,0.9474926590919495,0.4971563220024109,0.595930278301239,-0.325044721364975,0.9235647916793823,0.4702935814857483,0.5952034592628479,-0.3794800937175751,0.9296449422836304,0.4924622178077698,0.6086357831954956,-0.3486442267894745,0.8804094195365906,0.4695822596549988,0.6069332957267761,-0.40996742248535156,0.8998551964759827,0.4890463352203369,0.6076671481132507,-0.3787812292575836,0.885964572429657,0.47686925530433655,0.607326328754425,-0.434004008769989,0.9065852761268616,0.48819270730018616,0.601719319820404,-0.3366212546825409,0.8732783794403076,0.47835615277290344,0.6018187999725342,-0.3884836435317993,0.8918607234954834,0.5096442699432373,0.5718234181404114,0.017272355034947395,0.9987744688987732,0.4574086666107178,0.5693840384483337,-0.017185447737574577,0.998530924320221,0.528692901134491,0.6375257968902588,-0.009448286145925522,0.9536056518554688,0.43550607562065125,0.6371268033981323,-0.044916827231645584,0.974543571472168,0.5367658734321594,0.6959936022758484,0.10167264938354492,0.9528010487556458,0.41418707370758057,0.6955763101577759,0.058551814407110214,0.972015380859375,0.5278478264808655,0.7017138004302979,0.10685218125581741,0.7045742273330688,0.41451209783554077,0.7041958570480347,0.06260652840137482,0.700260579586029,0.5602190494537354,0.7162587642669678,-0.021885501220822334,0.9409739971160889,0.3925813138484955,0.7201994061470032,-0.07486502081155777,0.9545347690582275
32,0.4886370003223419,0.49450480937957764,-0.651442289352417,0.9994428157806396,0.495059609413147,0.4872637987136841,-0.6475954651832581,0.9988764524459839,0.4991712272167206,0.4867181181907654,-0.6476463079452515,0.9988018274307251,0.5025225281715393,0.4859277009963989,-0.6476998925209045,0.9990534782409668,0.48326683044433594,0.487247496843338,-0.6500102877616882,0.9988157749176025,0.47964122891426086,0.4866907298564911,-0.6500925421714783,0.998641312122345,0.4758703112602234,0.4859510064125061,-0.6500936150550842,0.9988029599189758,0.5049954652786255,0.48281705379486084,-0.5340897440910339,0.9975635409355164,0.47174644470214844,0.4836523234844208,-0.5433193445205688,0.9974711537361145,0.4961004853248596,0.4980984628200531,-0.5998185276985168,0.998929500579834,0.4823310673236847,0.4980771839618683,-0.6027795672416687,0.9987374544143677,0.5370187163352966,0.5037135481834412,-0.37312349677085876,0.9998542666435242,0.4388415515422821,0.5070217847824097,-0.41344648599624634,0.9998131990432739,0.5242184996604919,0.5524440407752991,-0.3090694546699524,0.9486671686172485,0.4563003480434418,0.556939423084259,-0.3680884540081024,0.9476204514503479,0.5005923509597778,0.5956944823265076,-0.34691253304481506,0.9248753190040588,0.47121426463127136,0.5961915850639343,-0.39955171942710876,0.9300394058227539,0.4986284673213959,0.6087693572044373,-0.37110355496406555,0.882206916809082,0.47082722187042236,0.6079280376434326,-0.43062305450439453,0.9004148840904236,0.4922318756580353,0.6075912117958069,-0.40262076258659363,0.8876527547836304,0.477790504693985,0.6078541874885559,-0.4552772045135498,0.9071101546287537,0.4918361008167267,0.6016620397567749,-0.3590365946292877,0.8747057914733887,0.4793669581413269,0.6024941802024841,-0.40881484746932983,0.8921692371368408,0.5092594623565674,0.5704876780509949,0.01726984605193138,0.9987921118736267,0.45699357986450195,0.5679194331169128,-0.017176849767565727,0.9985545873641968,0.5292800068855286,0.6386231184005737,-0.012431335635483265,0.9549759030342102,0.4365248382091522,0.6373746991157532,-0.04636498540639877,0.9752767086029053,0.5394142270088196,0.6969902515411377,0.11091289669275284,0.9539511799812317,0.4134264886379242,0.6972091794013977,0.06375305354595184,0.9728942513465881,0.5315954685211182,0.7021655440330505,0.11702540516853333,0.7087975740432739,0.4155537784099579,0.7054992914199829,0.06812042742967606,0.7048896551132202,0.5635519623756409,0.7169622182846069,-0.014620685018599033,0.9423114061355591,0.39294856786727905,0.7220278382301331,-0.07339722663164139,0.955797016620636
33,0.49111729860305786,0.4943028390407562,-0.6482036709785461,0.9994573593139648,0.4981103837490082,0.48708707094192505,-0.6433753371238708,0.9989067912101746,0.5017519593238831,0.4865182638168335,-0.6434361934661865,0.998831570148468,0.5048366189002991,0.4857047200202942,-0.6434992551803589,0.9990772008895874,0.48560553789138794,0.4872085750102997,-0.6481590270996094,0.9988551139831543,0.48198291659355164,0.4862021505832672,-0.6482465267181396,0.9986867308616638,0.47838354110717773,0.4853779375553131,-0.6482489109039307,0.9988434314727783,0.5062329769134521,0.4825162887573242,-0.5258551239967346,0.9976363778114319,0.4730664789676666,0.48301753401756287,-0.5459597706794739,0.9975634217262268,0.4980468153953552,0.49740612506866455,-0.5949076414108276,0.9989609122276306,0.4844655990600586,0.4976016581058502,-0.6010305881500244,0.9987797141075134,0.5369676351547241,0.5036854147911072,-0.3626770079135895,0.9998558759689331,0.43769991397857666,0.507093071937561,-0.4220737814903259,0.999817430973053,0.526003897190094,0.5509883761405945,-0.2994186282157898,0.948724091053009,0.4557949900627136,0.5561008453369141,-0.3857865035533905,0.9473108649253845,0.5007479786872864,0.5950299501419067,-0.3453744351863861,0.924925684928894,0.47115451097488403,0.5955974459648132,-0.42164868116378784,0.9298310279846191,0.49824026226997375,0.6081293225288391,-0.3704868257045746,0.8824321627616882,0.4701210558414459,0.6089779734611511,-0.4552142322063446,0.9005535244941711,0.4919835329055786,0.6069926023483276,-0.4021584689617157,0.8878776431083679,0.4778400659561157,0.6073120832443237,-0.4795282483100891,0.907264769077301,0.491905152797699,0.6010364294052124,-0.3580571711063385,0.8746169805526733,0.47949257493019104,0.6019154787063599,-0.43097278475761414,0.8920078873634338,0.5086935758590698,0.5724708437919617,0.022169960662722588,0.9987825155258179,0.45656663179397583,0.5697318911552429,-0.022090254351496696,0.9985466599464417,0.5301170945167542,0.6374860405921936,0.001274336245842278,0.9560883045196533,0.43570399284362793,0.6374567747116089,-0.0437064953148365,0.9758358001708984,0.5384112000465393,0.6951010227203369,0.1320227086544037,0.9545155167579651,0.41514700651168823,0.6949441432952881,0.07390519976615906,0.9734936356544495,0.5301954746246338,0.6998107433319092,0.13913536071777344,0.7115334272384644,0.41575419902801514,0.7037390470504761,0.07917498052120209,0.7077155113220215,0.56196528673172,0.7156293392181396,0.010139407590031624,0.9429216980934143,0.3927074372768402,0.720167338848114,-0.06139069423079491,0.9565271139144897
34,0.4894990026950836,0.4944521486759186,-0.6123265027999878,0.9994713664054871,0.49570906162261963,0.4876708686351776,-0.6080443263053894,0.9989361763000488,0.49990013241767883,0.48718976974487305,-0.6081020832061768,0.9988593459129333,0.5031963586807251,0.4864194989204407,-0.6081627607345581,0.999100923538208,0.48395437002182007,0.48737165331840515,-0.6115140914916992,0.9988900423049927,0.48033344745635986,0.48669785261154175,-0.611585259437561,0.9987257719039917,0.47630575299263,0.48581942915916443,-0.611586332321167,0.9988798499107361,0.5054128766059875,0.4832229018211365,-0.4977753162384033,0.9976986050605774,0.47208070755004883,0.48340943455696106,-0.5117079019546509,0.9976357817649841,0.49667906761169434,0.4977476894855499,-0.5622389316558838,0.9989835619926453,0.4833904206752777,0.49771931767463684,-0.56657874584198,0.9988099336624146,0.5370151996612549,0.5034558773040771,-0.3459584712982178,0.9998558163642883,0.4387373626232147,0.5073060393333435,-0.39531901478767395,0.9998196959495544,0.5261099338531494,0.5512875318527222,-0.28656312823295593,0.9492920637130737,0.45551958680152893,0.5560331344604492,-0.35497528314590454,0.9473401308059692,0.4988648593425751,0.5943009257316589,-0.32261255383491516,0.9260213971138,0.46943849325180054,0.5950727462768555,-0.38149088621139526,0.9300956726074219,0.4964313507080078,0.607998788356781,-0.3461848199367523,0.8837525248527527,0.4699398875236511,0.6073334813117981,-0.41232818365097046,0.9008323550224304,0.4905588924884796,0.6068896055221558,-0.3752900958061218,0.8891056180000305,0.47610512375831604,0.607261598110199,-0.43483564257621765,0.9075326919555664,0.4894275665283203,0.6006770730018616,-0.3340097963809967,0.8757649660110474,0.47740253806114197,0.6018751263618469,-0.3900523781776428,0.8922023177146912,0.5087097883224487,0.5730019807815552,0.021564701572060585,0.9987571239471436,0.45646631717681885,0.5705036520957947,-0.021479981020092964,0.9985209703445435,0.5324168801307678,0.6395288109779358,0.004436259623616934,0.9566814303398132,0.4357260763645172,0.639251708984375,-0.037995047867298126,0.9763427376747131,0.5382185578346252,0.6961368918418884,0.12992830574512482,0.954972505569458,0.4149315059185028,0.695725679397583,0.07268653810024261,0.9740657806396484,0.5295187830924988,0.7007321715354919,0.13676293194293976,0.7134639024734497,0.41531533002853394,0.7043256759643555,0.07756784558296204,0.7091123461723328,0.5638800859451294,0.7172085642814636,0.012333926744759083,0.9434562921524048,0.3927306532859802,0.7210133671760559,-0.05886056646704674,0.9572268724441528
35,0.4855315089225769,0.49145859479904175,-0.5980868339538574,0.9994878172874451,0.49271732568740845,0.485768586397171,-0.5933683514595032,0.9989610314369202,0.49570149183273315,0.4839969277381897,-0.5934234857559204,0.9988822340965271,0.49968966841697693,0.48336514830589294,-0.5934585332870483,0.9991191625595093,0.48235857486724854,0.4851870536804199,-0.5955651998519897,0.9989224076271057,0.47810080647468567,0.4840913414955139,-0.5956206917762756,0.9987637400627136,0.4754183292388916,0.48303472995758057,-0.595615029335022,0.9989143013954163,0.501868724822998,0.4801647365093231,-0.4840814769268036,0.9977317452430725,0.47271066904067993,0.4800313413143158,-0.49150407314300537,0.9976933002471924,0.4934912323951721,0.4951638877391815,-0.5487688183784485,0.9990103840827942,0.48040392994880676,0.494235098361969,-0.5511974692344666,0.9988451600074768,0.5346899032592773,0.502892255783081,-0.3302965462207794,0.9998583793640137,0.4395521581172943,0.5065672993659973,-0.3790043890476227,0.9998279809951782,0.5261025428771973,0.550599217414856,-0.2790321111679077,0.9505496621131897,0.45555561780929565,0.5546354651451111,-0.3451066017150879,0.9484068155288696,0.4962158203125,0.5937438607215881,-0.3334599435329437,0.9282357096672058,0.46974700689315796,0.5940530300140381,-0.394784152507782,0.9320068359375,0.4926055371761322,0.6077877283096313,-0.36085399985313416,0.8866207599639893,0.47008469700813293,0.6059979200363159,-0.43053531646728516,0.9032260775566101,0.48847338557243347,0.6064940690994263,-0.39245450496673584,0.8917720317840576,0.477035254240036,0.6049535870552063,-0.453897088766098,0.9097214341163635,0.4875505864620209,0.6008657217025757,-0.3462953269481659,0.8782313466072083,0.4789344370365143,0.6000943779945374,-0.4041684865951538,0.8942646980285645,0.5049769878387451,0.5727827548980713,0.022900894284248352,0.9987850189208984,0.4547363519668579,0.5702577233314514,-0.02280685491859913,0.998567521572113,0.5306683778762817,0.6360034942626953,-0.011564262211322784,0.9577715992927551,0.436216801404953,0.6371066570281982,-0.053579024970531464,0.9772934913635254,0.5367580056190491,0.6964359283447266,0.11221638321876526,0.9562152624130249,0.4129357635974884,0.6964101195335388,0.04956381022930145,0.9751318097114563,0.5272873044013977,0.7020787000656128,0.11796235293149948,0.7180973887443542,0.41282492876052856,0.705211877822876,0.05294382572174072,0.7141028046607971,0.5632563233375549,0.7167624235153198,-0.012360211461782455,0.9449233412742615,0.3931455910205841,0.7211521863937378,-0.08981622010469437,0.9587637782096863
36,0.49212950468063354,0.492032527923584,-0.6313966512680054,0.9994774460792542,0.49777358770370483,0.48574507236480713,-0.6258458495140076,0.9989314079284668,0.5007123947143555,0.4850686192512512,-0.6259105801582336,0.9988482594490051,0.5031850934028625,0.48327553272247314,-0.6259629130363464,0.999091386795044,0.48619163036346436,0.4851924180984497,-0.6308683753013611,0.998899519443512,0.4832334816455841,0.48443377017974854,-0.6309390664100647,0.9987398982048035,0.4799624979496002,0.4834643304347992,-0.630932629108429,0.9988932013511658,0.5033433437347412,0.48033419251441956,-0.5095081329345703,0.9976693391799927,0.4744594991207123,0.4808744192123413,-0.5302848815917969,0.9976525902748108,0.49857833981513977,0.4958948791027069,-0.5790426731109619,0.9990043640136719,0.48585861921310425,0.49526771903038025,-0.5853027701377869,0.9988488554954529,0.5350707173347473,0.5032855272293091,-0.34662872552871704,0.9998596906661987,0.4397106170654297,0.5065914988517761,-0.4134974479675293,0.9998310804367065,0.5264848470687866,0.5499587655067444,-0.28722482919692993,0.951593816280365,0.4535500109195709,0.5545204877853394,-0.3794301152229309,0.9491761326789856,0.49781855940818787,0.5939705967903137,-0.3441459536552429,0.9292296767234802,0.470964640378952,0.5944949984550476,-0.4200948476791382,0.9328525066375732,0.49500736594200134,0.6084873080253601,-0.3713825047016144,0.8876788020133972,0.47085776925086975,0.6064009070396423,-0.4554511606693268,0.904408872127533,0.4894481599330902,0.6078999042510986,-0.4035831093788147,0.8927209973335266,0.47835326194763184,0.6060747504234314,-0.48007655143737793,0.9108132123947144,0.48966753482818604,0.6013888120651245,-0.357399582862854,0.8788984417915344,0.4792955219745636,0.6009979248046875,-0.42959845066070557,0.895038902759552,0.5075287818908691,0.5721365213394165,0.025516290217638016,0.9987797141075134,0.45673292875289917,0.5700622200965881,-0.025435103103518486,0.9985794425010681,0.5268986821174622,0.63612961769104,-0.005211901850998402,0.9579421281814575,0.4346175491809845,0.6379501223564148,-0.07084023207426071,0.9777485132217407,0.5365391969680786,0.6931560039520264,0.13125422596931458,0.955717921257019,0.4124087393283844,0.6962683200836182,0.03758413344621658,0.9756028652191162,0.5293093919754028,0.6986708045005798,0.1386498063802719,0.7182489633560181,0.41256576776504517,0.7047873139381409,0.04160851612687111,0.7172254920005798,0.5595914721488953,0.7132095098495483,0.011831999756395817,0.944439172744751,0.3947503864765167,0.7201432585716248,-0.10225648432970047,0.9593531489372253
37,0.4882623255252838,0.494760662317276,-0.645767867565155,0.9994825720787048,0.49475520849227905,0.4879855811595917,-0.6414368748664856,0.9989427328109741,0.4990267753601074,0.4874051511287689,-0.6414883136749268,0.9988581538200378,0.5024387836456299,0.4865279793739319,-0.6415306329727173,0.9990988969802856,0.48291924595832825,0.4878062605857849,-0.6448535323143005,0.9989182949066162,0.4792781174182892,0.48710328340530396,-0.6449224352836609,0.9987636208534241,0.4754701852798462,0.4861764907836914,-0.6449121832847595,0.998913586139679,0.5044915080070496,0.48267558217048645,-0.5264412760734558,0.9976995587348938,0.4709246754646301,0.4832628667354584,-0.5400224924087524,0.9976930022239685,0.4957280457019806,0.4980144500732422,-0.5935397148132324,0.9990130066871643,0.48133718967437744,0.49749940633773804,-0.5977855920791626,0.9988654255867004,0.53584223985672,0.5029860138893127,-0.364660382270813,0.9998593926429749,0.4366275370121002,0.5070826411247253,-0.4129423499107361,0.9998331665992737,0.5254293084144592,0.5507678389549255,-0.30380308628082275,0.9527710676193237,0.45358574390411377,0.5567409992218018,-0.37233301997184753,0.9492458701133728,0.4957669973373413,0.5940272212028503,-0.3485032320022583,0.9306938648223877,0.46754229068756104,0.5958288908004761,-0.40838226675987244,0.9331784844398499,0.4917680621147156,0.6072911620140076,-0.37337467074394226,0.8895651698112488,0.46774721145629883,0.6079036593437195,-0.44036436080932617,0.9048449397087097,0.4871865212917328,0.6064363121986389,-0.40384939312934875,0.8944830298423767,0.4715031087398529,0.6080151200294495,-0.4653983414173126,0.9112557172775269,0.48657023906707764,0.600706160068512,-0.3604431748390198,0.8806025981903076,0.47482702136039734,0.6024771928787231,-0.41788843274116516,0.8953860402107239,0.5056981444358826,0.5700408220291138,0.021691951900720596,0.9987446665763855,0.45527148246765137,0.5670495629310608,-0.021595189347863197,0.9985472559928894,0.5301939845085144,0.6333093047142029,-0.02280639484524727,0.9581524133682251,0.43476036190986633,0.634897768497467,-0.0636134073138237,0.9779656529426575,0.5371302962303162,0.6948163509368896,0.09544765204191208,0.9556459188461304,0.4128306210041046,0.6963990926742554,0.031598929315805435,0.9759144186973572,0.5277222394943237,0.7007318139076233,0.1013527438044548,0.7185338139533997,0.41376805305480957,0.7047985792160034,0.034617818892002106,0.7181607484817505,0.5617985725402832,0.7166803479194641,-0.02647220715880394,0.9443701505661011,0.3924305737018585,0.7212573885917664,-0.10769098997116089,0.959626317024231
38,0.4858338534832001,0.4954438805580139,-0.5850088000297546,0.9994905591011047,0.4922238886356354,0.4884532690048218,-0.5830503702163696,0.998962938785553,0.49650296568870544,0.4878298044204712,-0.5831128358840942,0.9988812208175659,0.4998959004878998,0.4870169758796692,-0.5831713676452637,0.9991174340248108,0.48110437393188477,0.4884919226169586,-0.585185170173645,0.9989396333694458,0.4777860939502716,0.4877983331680298,-0.585253894329071,0.998788058757782,0.47400662302970886,0.48687002062797546,-0.5852478742599487,0.9989343881607056,0.5021670460700989,0.48367273807525635,-0.4817706048488617,0.9977728128433228,0.4703526496887207,0.48396235704421997,-0.48984724283218384,0.9977559447288513,0.49295181035995483,0.4989158809185028,-0.5377400517463684,0.9990352988243103,0.47968587279319763,0.4983283579349518,-0.5404007434844971,0.998893141746521,0.5347356796264648,0.5037292838096619,-0.3380444645881653,0.9998620748519897,0.43681854009628296,0.5075186491012573,-0.3725339472293854,0.9998341202735901,0.5254625678062439,0.5500532388687134,-0.28159332275390625,0.9533007144927979,0.45323115587234497,0.5563705563545227,-0.32672515511512756,0.9486902356147766,0.4931808412075043,0.593859851360321,-0.31324419379234314,0.9316641688346863,0.46681511402130127,0.595159649848938,-0.34607359766960144,0.9328038692474365,0.4892939329147339,0.6063958406448364,-0.3363126516342163,0.8910271525382996,0.465471088886261,0.6086872220039368,-0.37366819381713867,0.9045976996421814,0.48526352643966675,0.605502724647522,-0.3627031445503235,0.8959597945213318,0.4721604585647583,0.6070207953453064,-0.3977261185646057,0.9111598134040833,0.4844292402267456,0.599673867225647,-0.32322123646736145,0.8822622299194336,0.4730077087879181,0.6026135683059692,-0.3550818860530853,0.8955726027488708,0.5070233941078186,0.5706914663314819,0.01585674285888672,0.9987403154373169,0.45624083280563354,0.5677200555801392,-0.01577184908092022,0.9985305070877075,0.5292279720306396,0.6347056031227112,-0.007361307740211487,0.9583083391189575,0.43603190779685974,0.6368678212165833,-0.041820503771305084,0.977613627910614,0.5355555415153503,0.6933135390281677,0.08687300235033035,0.9561506509780884,0.41264456510543823,0.6964828372001648,0.047015752643346786,0.9757793545722961,0.5264289379119873,0.6993759274482727,0.09056400507688522,0.7198361754417419,0.4141135513782501,0.7040694355964661,0.04995860531926155,0.7160256505012512,0.5603861212730408,0.7155866026878357,-0.0343155711889267,0.9448491930961609,0.3912780284881592,0.7217058539390564,-0.08230185508728027,0.9593579173088074
39,0.487473726272583,0.4950900673866272,-0.6389495730400085,0.9994834661483765,0.4941387176513672,0.487833172082901,-0.6348761916160583,0.9989461898803711,0.49782416224479675,0.4871470332145691,-0.6349360346794128,0.9988606572151184,0.50107342004776,0.48632270097732544,-0.6349812746047974,0.9990996718406677,0.4824112355709076,0.4879167675971985,-0.6382501125335693,0.9989303946495056,0.47874999046325684,0.4872555732727051,-0.638318657875061,0.9987807869911194,0.47523239254951477,0.4864133298397064,-0.6383067965507507,0.9989279508590698,0.503110945224762,0.48317718505859375,-0.5197803378105164,0.9977485537528992,0.4704028367996216,0.48361822962760925,-0.5332449674606323,0.9977495670318604,0.49424099922180176,0.49876803159713745,-0.5863894820213318,0.9990387558937073,0.48126718401908875,0.4985278248786926,-0.5905889868736267,0.9989061951637268,0.5360732078552246,0.5035825371742249,-0.3562256693840027,0.999864399433136,0.4353790581226349,0.5075190663337708,-0.4073249399662018,0.9998385906219482,0.5251148343086243,0.5514861941337585,-0.2955378592014313,0.954121470451355,0.45251283049583435,0.5568608045578003,-0.36330756545066833,0.9489138126373291,0.49368664622306824,0.593636155128479,-0.3524176776409149,0.9329711198806763,0.465501993894577,0.5971269607543945,-0.40709224343299866,0.9333078861236572,0.4895077645778656,0.6078611612319946,-0.3808729350566864,0.8929599523544312,0.4655413329601288,0.6103483438491821,-0.4410008192062378,0.9054569602012634,0.4838486313819885,0.6057066321372986,-0.41220444440841675,0.8978133797645569,0.4712148606777191,0.6100175976753235,-0.46821263432502747,0.9120023250579834,0.48402518033981323,0.5997322797775269,-0.36503416299819946,0.883919358253479,0.4724028706550598,0.60377436876297,-0.41741514205932617,0.8961953520774841,0.5061302185058594,0.5712489485740662,0.02128412015736103,0.9987282156944275,0.45440801978111267,0.5693196654319763,-0.021203717216849327,0.9985141158103943,0.5297460556030273,0.6344831585884094,-0.021942639723420143,0.9589246511459351,0.4366910457611084,0.635349690914154,-0.0607868954539299,0.9778184294700623,0.5372161269187927,0.6935585737228394,0.09844211488962173,0.9565646648406982,0.4124396741390228,0.6961426138877869,0.04003869369626045,0.9760332107543945,0.5290030837059021,0.6998441219329834,0.10431049764156342,0.7215073704719543,0.41364213824272156,0.7036649584770203,0.04342126101255417,0.7160003781318665,0.5626118183135986,0.7170975208282471,-0.02611866407096386,0.9452714920043945,0.3931710422039032,0.7218191623687744,-0.10012062638998032,0.9595850110054016
40,0.48875004053115845,0.49525848031044006,-0.6606411337852478,0.9994837641716003,0.49563950300216675,0.4886261522769928,-0.6560333967208862,0.9989541172981262,0.4990653097629547,0.48812228441238403,-0.6560864448547363,0.9988666772842407,0.5021401643753052,0.487468421459198,-0.656133770942688,0.9991056323051453,0.48413944244384766,0.48842719197273254,-0.6613891124725342,0.9989431500434875,0.4798222780227661,0.4877431094646454,-0.6614705920219421,0.9987953901290894,0.4760284423828125,0.4869033694267273,-0.6614590883255005,0.9989420175552368,0.5032651424407959,0.48427289724349976,-0.5365857481956482,0.9977708458900452,0.4700559079647064,0.4840482473373413,-0.5595474243164062,0.9977920055389404,0.4948650896549225,0.4991712272167206,-0.6062435507774353,0.9990432262420654,0.48198366165161133,0.498758465051651,-0.6131967902183533,0.9989186525344849,0.5331296324729919,0.5031487345695496,-0.37271401286125183,0.9998671412467957,0.4329041540622711,0.5077676177024841,-0.42815423011779785,0.9998418092727661,0.5235211849212646,0.5501354932785034,-0.31225910782814026,0.9551910161972046,0.44715940952301025,0.557010293006897,-0.39242494106292725,0.9495190978050232,0.4918414056301117,0.5931637287139893,-0.3591345548629761,0.9343807697296143,0.4611453115940094,0.5966479182243347,-0.4278758466243744,0.9345008730888367,0.4872332513332367,0.6065278649330139,-0.3850101828575134,0.8946979641914368,0.46078595519065857,0.6090580821037292,-0.460594117641449,0.9070343971252441,0.4811197817325592,0.6056240797042847,-0.413779616355896,0.8994230031967163,0.46672213077545166,0.6089460849761963,-0.48482745885849,0.9135290384292603,0.4815249443054199,0.5999835133552551,-0.3705166280269623,0.8855453729629517,0.46899452805519104,0.6031579375267029,-0.43699347972869873,0.8977907299995422,0.5040364265441895,0.5695972442626953,0.0213654562830925,0.998723030090332,0.4527662992477417,0.5670186281204224,-0.021297913044691086,0.9984986782073975,0.5299280285835266,0.6354342699050903,-0.007137372624129057,0.9591610431671143,0.4340192973613739,0.6347818374633789,-0.05279359221458435,0.9773719310760498,0.5364481806755066,0.6951767206192017,0.10629011690616608,0.9563696384429932,0.41277673840522766,0.6937946081161499,0.05327785760164261,0.975540816783905,0.5271145701408386,0.7004703879356384,0.11183112859725952,0.7206017971038818,0.41419854760169983,0.7007378935813904,0.05757439136505127,0.7118517756462097,0.5625510215759277,0.7167361974716187,-0.01790650375187397,0.9450663328170776,0.39591899514198303,0.7196012139320374,-0.08244581520557404,0.958789050579071
41,0.489218533039093,0.493045836687088,-0.6269543170928955,0.999474823474884,0.49454137682914734,0.4850599467754364,-0.6217849254608154,0.998935878276825,0.4978470504283905,0.4843097925186157,-0.6218539476394653,0.9988431930541992,0.5013675689697266,0.48341697454452515,-0.6219070553779602,0.9990885853767395,0.4839136302471161,0.4858928620815277,-0.6265597939491272,0.9989264607429504,0.47947511076927185,0.48534440994262695,-0.6266267895698547,0.9987771511077881,0.47633928060531616,0.48464712500572205,-0.6266172528266907,0.9989298582077026,0.5017247200012207,0.4808477461338043,-0.505409300327301,0.9977380633354187,0.47042179107666016,0.48242589831352234,-0.5254276394844055,0.9977720975875854,0.4951169192790985,0.49656733870506287,-0.5743921995162964,0.9990360140800476,0.48322296142578125,0.49656379222869873,-0.580462634563446,0.9989135265350342,0.5333672761917114,0.5027406215667725,-0.35037094354629517,0.9998681545257568,0.43549931049346924,0.5068400502204895,-0.40320658683776855,0.9998404383659363,0.5242160558700562,0.5484009981155396,-0.29579958319664,0.9565386176109314,0.448598712682724,0.5561789274215698,-0.3636664152145386,0.9499865174293518,0.49009767174720764,0.5928705930709839,-0.35286638140678406,0.935939610004425,0.4590064585208893,0.595611572265625,-0.401634156703949,0.9353621602058411,0.48317357897758484,0.606652557849884,-0.38207751512527466,0.8964691162109375,0.4584195911884308,0.6091169714927673,-0.4347043037414551,0.9081771969795227,0.4779697060585022,0.6058275103569031,-0.4098503291606903,0.9010575413703918,0.4639866352081299,0.6075514554977417,-0.46190378069877625,0.9146628975868225,0.4775353968143463,0.6000756621360779,-0.36432191729545593,0.8871114253997803,0.4647125005722046,0.6031326651573181,-0.41208624839782715,0.898952066898346,0.505446195602417,0.572942316532135,0.02059696614742279,0.9987146258354187,0.4541262686252594,0.5716153383255005,-0.02053089626133442,0.9984701871871948,0.5294265747070312,0.6375401020050049,-0.008947381749749184,0.9602921009063721,0.4339647591114044,0.6393770575523376,-0.04976062476634979,0.9777466058731079,0.5376353859901428,0.6940439343452454,0.11617017537355423,0.9571408629417419,0.4122273921966553,0.6959981322288513,0.06643640249967575,0.9757763743400574,0.5290616750717163,0.7001025080680847,0.12265288829803467,0.7228417992591858,0.4132201373577118,0.7036443948745728,0.0715441107749939,0.7112270593643188,0.5623152256011963,0.7169320583343506,-0.006941160187125206,0.9458913803100586,0.39321640133857727,0.7205855846405029,-0.06872057169675827,0.959003746509552
42,0.48195403814315796,0.4915604293346405,-0.5877609848976135,0.9994690418243408,0.487026572227478,0.4858153164386749,-0.5832617282867432,0.9989138245582581,0.49113601446151733,0.4851797819137573,-0.5833126902580261,0.9988147020339966,0.4943484365940094,0.4842246174812317,-0.5833398699760437,0.9990676641464233,0.4771687388420105,0.48580047488212585,-0.5850439071655273,0.9989073872566223,0.47421133518218994,0.48517704010009766,-0.5850958824157715,0.9987573027610779,0.4711540639400482,0.4843772351741791,-0.5850911736488342,0.998917818069458,0.49744483828544617,0.48016557097435,-0.47609466314315796,0.9976475238800049,0.4674017131328583,0.48235905170440674,-0.4818187654018402,0.9977110028266907,0.489130437374115,0.494629830121994,-0.5393893122673035,0.9990136623382568,0.4759349226951599,0.4941381812095642,-0.5412967205047607,0.998893678188324,0.5322351455688477,0.50217604637146,-0.33235082030296326,0.9998677968978882,0.43432798981666565,0.506184995174408,-0.36633655428886414,0.9998427629470825,0.5209372639656067,0.549688994884491,-0.2850857675075531,0.9581307768821716,0.44505083560943604,0.5548009872436523,-0.32602038979530334,0.9510533213615417,0.48802322149276733,0.5919381380081177,-0.33595722913742065,0.9379987716674805,0.4590708315372467,0.5932791233062744,-0.3659474551677704,0.9366044402122498,0.48187747597694397,0.6046936511993408,-0.3647539019584656,0.8986915349960327,0.4588906168937683,0.6064221858978271,-0.3977825939655304,0.9091288447380066,0.4747147262096405,0.6037203073501587,-0.39012613892555237,0.9029924273490906,0.4634242653846741,0.6052755117416382,-0.4212687313556671,0.9154624342918396,0.4758073091506958,0.5990269780158997,-0.34612274169921875,0.8888993859291077,0.46581560373306274,0.6006130576133728,-0.3749350905418396,0.8996919989585876,0.5058910846710205,0.5720797777175903,0.018953388556838036,0.9987058043479919,0.4548931121826172,0.5705230236053467,-0.018875345587730408,0.9984742403030396,0.5293363928794861,0.6377086639404297,-0.013674185611307621,0.960487425327301,0.4371030032634735,0.6368227005004883,-0.04852396994829178,0.9780283570289612,0.5374968647956848,0.6949567198753357,0.10885058343410492,0.9573816061019897,0.41246333718299866,0.6963730454444885,0.053669802844524384,0.9760022163391113,0.5282566547393799,0.6994090676307678,0.11502186208963394,0.7230987548828125,0.41401907801628113,0.7034185528755188,0.05740116909146309,0.7103368639945984,0.5623459815979004,0.7147038578987122,-0.010483119636774063,0.946201503276825,0.3947930932044983,0.7206063866615295,-0.08069480955600739,0.9592908024787903
43,0.481094628572464,0.4908849596977234,-0.592498242855072,0.9994457960128784,0.4859076142311096,0.48474255204200745,-0.5886889100074768,0.9988628029823303,0.4897564947605133,0.484157919883728,-0.5887458324432373,0.9987512826919556,0.49303191900253296,0.4833422601222992,-0.5887824892997742,0.9990190863609314,0.4762498736381531,0.48458996415138245,-0.5890833139419556,0.9988561272621155,0.47326651215553284,0.4839194715023041,-0.5891390442848206,0.9986972212791443,0.4695541262626648,0.4830838739871979,-0.5891323685646057,0.9988727569580078,0.49633535742759705,0.4799331724643707,-0.48367738723754883,0.9974963068962097,0.46699413657188416,0.4813498854637146,-0.48364654183387756,0.9975878596305847,0.4883355498313904,0.49428901076316833,-0.5449466109275818,0.9989502429962158,0.475460410118103,0.4936111867427826,-0.5452167391777039,0.9988332986831665,0.5303844809532166,0.5020618438720703,-0.34536975622177124,0.9998603463172913,0.4312201142311096,0.5060034394264221,-0.3625609874725342,0.9998390674591064,0.5178855657577515,0.5482091307640076,-0.3015819191932678,0.959325909614563,0.43641769886016846,0.5524742007255554,-0.3196257948875427,0.9516218304634094,0.4837053716182709,0.5908800363540649,-0.34387630224227905,0.9391006231307983,0.45589086413383484,0.5920094847679138,-0.355457603931427,0.9368748068809509,0.4760053753852844,0.6039287447929382,-0.3714408576488495,0.8995108604431152,0.45622727274894714,0.6042388081550598,-0.38444843888282776,0.9086498022079468,0.46865347027778625,0.6024594902992249,-0.3949070870876312,0.9035019874572754,0.4596919119358063,0.6043757200241089,-0.40746501088142395,0.914903461933136,0.46982964873313904,0.5974403023719788,-0.3527865707874298,0.8890531659126282,0.46116337180137634,0.5992881655693054,-0.3640732169151306,0.8989666700363159,0.5045916438102722,0.5709705352783203,0.014347132295370102,0.9986056685447693,0.45103931427001953,0.5704577565193176,-0.014275030232965946,0.9983670115470886,0.5301884412765503,0.6365908980369568,-0.03164103627204895,0.9606370329856873,0.4329456388950348,0.6385737061500549,-0.05787579342722893,0.9780113697052002,0.5376085638999939,0.6952434778213501,0.07905100286006927,0.9574648141860962,0.4122660160064697,0.6967284083366394,0.03907369449734688,0.9757647514343262,0.5287415981292725,0.6999873518943787,0.08424626290798187,0.7226113677024841,0.4147563576698303,0.7026039361953735,0.04259930178523064,0.7066919803619385,0.562402606010437,0.71614009141922,-0.04232057183980942,0.9459052681922913,0.39533376693725586,0.7201716899871826,-0.0949251800775528,0.9585911631584167
44,0.479988157749176,0.4906279146671295,-0.5961287617683411,0.9994588494300842,0.4848388731479645,0.48493698239326477,-0.5915237665176392,0.9988795518875122,0.4888218641281128,0.4844716489315033,-0.5915704369544983,0.9987632632255554,0.4920419752597809,0.4837668240070343,-0.591587245464325,0.9990298748016357,0.4755755364894867,0.484566330909729,-0.5909807085990906,0.9988757967948914,0.4728708565235138,0.48384493589401245,-0.5910313725471497,0.9987179636955261,0.47011908888816833,0.4830044209957123,-0.5910269618034363,0.9988964796066284,0.49569910764694214,0.48025110363960266,-0.48313015699386597,0.9974802732467651,0.4665900468826294,0.4806024730205536,-0.47927117347717285,0.9975979924201965,0.4871254861354828,0.4941074550151825,-0.5477396249771118,0.9989479184150696,0.47452035546302795,0.493182510137558,-0.5468886494636536,0.9988393187522888,0.5288286805152893,0.5031768083572388,-0.3485977351665497,0.9998581409454346,0.43006259202957153,0.5053003430366516,-0.35287240147590637,0.9998421669006348,0.5153830051422119,0.548524022102356,-0.31029951572418213,0.9614154696464539,0.4339163303375244,0.5512751936912537,-0.3112494647502899,0.953173816204071,0.4785376787185669,0.5904517769813538,-0.3595338463783264,0.9417750835418701,0.4496240019798279,0.5904415845870972,-0.3599588871002197,0.9387333989143372,0.4718616008758545,0.6025440692901611,-0.3905941843986511,0.9028160572052002,0.4493233561515808,0.6031134128570557,-0.3907959461212158,0.9103928208351135,0.46319809556007385,0.6020267009735107,-0.4128555953502655,0.9064474701881409,0.45334333181381226,0.603358268737793,-0.4151918590068817,0.9164512753486633,0.46478450298309326,0.5967969298362732,-0.3682195842266083,0.8918623924255371,0.45587238669395447,0.5980057120323181,-0.36953049898147583,0.900662362575531,0.5038326382637024,0.5718312859535217,0.011152644641697407,0.998598039150238,0.4493425786495209,0.5714378952980042,-0.011073324829339981,0.9983677268028259,0.5268449187278748,0.6391572952270508,-0.02608710341155529,0.962090790271759,0.42981958389282227,0.6391632556915283,-0.047196757048368454,0.9785686135292053,0.537366509437561,0.6957903504371643,0.090882807970047,0.9589626789093018,0.4113861322402954,0.6967197060585022,0.061137475073337555,0.9762639403343201,0.5287280082702637,0.700870931148529,0.09625940769910812,0.7265929579734802,0.41360387206077576,0.7027507424354553,0.06546103209257126,0.7068799138069153,0.5626362562179565,0.7163161635398865,-0.034098219126462936,0.9474056363105774,0.3920036554336548,0.7205919027328491,-0.07365737110376358,0.9591620564460754
45,0.485137939453125,0.49268838763237,-0.6962906122207642,0.9994760155677795,0.4902520179748535,0.48648184537887573,-0.6916948556900024,0.9989058971405029,0.4933933913707733,0.4858890175819397,-0.6917390823364258,0.9987868070602417,0.49660125374794006,0.4850980341434479,-0.6917616128921509,0.9990503191947937,0.4803445339202881,0.48633918166160583,-0.692865252494812,0.9989086985588074,0.47690990567207336,0.48567238450050354,-0.6929476261138916,0.9987528324127197,0.4729072153568268,0.4848235547542572,-0.69293612241745,0.9989297986030579,0.49783098697662354,0.48124969005584717,-0.5692014098167419,0.997515857219696,0.4674608111381531,0.48209279775619507,-0.5733625292778015,0.9976564049720764,0.4906439781188965,0.49651584029197693,-0.6412330269813538,0.9989748001098633,0.47888585925102234,0.4959583282470703,-0.6427174806594849,0.9988757371902466,0.5292961001396179,0.5031224489212036,-0.4079650044441223,0.999862551689148,0.4296792447566986,0.5061546564102173,-0.4208785891532898,0.9998484253883362,0.5139756202697754,0.5484703183174133,-0.3621455132961273,0.9635114073753357,0.4377828538417816,0.5531101226806641,-0.37796977162361145,0.9541646838188171,0.4740506708621979,0.5903093814849854,-0.4204123616218567,0.9442054033279419,0.4498768150806427,0.5908868908882141,-0.4348325729370117,0.9399951696395874,0.46312567591667175,0.6025298833847046,-0.45448917150497437,0.9060190320014954,0.4478340744972229,0.6032461524009705,-0.46933478116989136,0.9119666814804077,0.4582465589046478,0.6021321415901184,-0.4785398840904236,0.9093289375305176,0.45063021779060364,0.6037220358848572,-0.4971606135368347,0.9178831577301025,0.4606064558029175,0.5967384576797485,-0.42985355854034424,0.8944756388664246,0.4534887969493866,0.5983229875564575,-0.4456743896007538,0.9019357562065125,0.5033968687057495,0.5703681707382202,0.011679946444928646,0.9986516833305359,0.4501258432865143,0.5690276026725769,-0.011626260355114937,0.9984253644943237,0.5255568623542786,0.6363584995269775,-0.03405313566327095,0.963715672492981,0.4303625822067261,0.6388137340545654,-0.05916978418827057,0.9789628386497498,0.5382078289985657,0.697525680065155,0.0959344431757927,0.96083664894104,0.4093833565711975,0.6982761025428772,0.07296483963727951,0.976769745349884,0.5296069979667664,0.7038546204566956,0.10154310613870621,0.734381914138794,0.4112241268157959,0.7063397765159607,0.07856869697570801,0.7106004953384399,0.5633044838905334,0.7166303396224976,-0.0440639890730381,0.9494979977607727,0.3900136649608612,0.7221925854682922,-0.07320745289325714,0.9599224925041199
46,0.48088696599006653,0.4930863380432129,-0.6877613663673401,0.9994899034500122,0.4868411719799042,0.4861782491207123,-0.6850090026855469,0.9989243745803833,0.490092933177948,0.48553815484046936,-0.6850688457489014,0.9988040328025818,0.4929707944393158,0.4846704304218292,-0.6850867867469788,0.9990631341934204,0.4773117005825043,0.48613035678863525,-0.6843649744987488,0.9989334940910339,0.47359076142311096,0.48541173338890076,-0.6844512820243835,0.9987797737121582,0.4704603850841522,0.4844817817211151,-0.6844555139541626,0.9989565014839172,0.4951128363609314,0.48108595609664917,-0.5704885125160217,0.9975217580795288,0.46519172191619873,0.4815848469734192,-0.5667054057121277,0.9977031350135803,0.4875040054321289,0.49621161818504333,-0.6356033682823181,0.9989850521087646,0.47585466504096985,0.49560728669166565,-0.634749710559845,0.9988983273506165,0.5268734097480774,0.5017123818397522,-0.41953808069229126,0.9998639822006226,0.42703282833099365,0.5053734183311462,-0.4136810600757599,0.999853253364563,0.5118271112442017,0.5468305945396423,-0.378795325756073,0.9653574824333191,0.43096691370010376,0.5495253205299377,-0.3677844703197479,0.9550692439079285,0.4703328013420105,0.5871665477752686,-0.4277602732181549,0.9461944699287415,0.440231055021286,0.5897915363311768,-0.417390912771225,0.9411041736602783,0.4610818028450012,0.5980579257011414,-0.4613828659057617,0.9083145260810852,0.4396119713783264,0.603323757648468,-0.4484306573867798,0.9129679203033447,0.45441797375679016,0.5966060161590576,-0.4832443296909332,0.9113256335258484,0.4435904920101166,0.6031824350357056,-0.47669699788093567,0.9188138246536255,0.45547282695770264,0.5932807922363281,-0.43622297048568726,0.8961277604103088,0.4454822540283203,0.5978456735610962,-0.42833471298217773,0.9029279351234436,0.5040712356567383,0.5680680871009827,0.0065758503042161465,0.9986639618873596,0.45025399327278137,0.5655918121337891,-0.0065217693336308,0.9984396696090698,0.5259769558906555,0.63566654920578,-0.020005518570542336,0.9654923677444458,0.4314688444137573,0.6367717981338501,-0.03822373226284981,0.9792813658714294,0.538800835609436,0.6950013041496277,0.0957583487033844,0.9627944231033325,0.4116223454475403,0.694891095161438,0.0889497920870781,0.9770365953445435,0.5307677984237671,0.7011526226997375,0.10025676339864731,0.7401612401008606,0.4119594991207123,0.7043154835700989,0.09466293454170227,0.7094818353652954,0.5624215006828308,0.7150262594223022,-0.043015193194150925,0.9516069889068604,0.3913000226020813,0.7204387784004211,-0.05095309391617775,0.9602406620979309
47,0.47966575622558594,0.49344128370285034,-0.6744198203086853,0.9994428753852844,0.48591071367263794,0.4870093762874603,-0.6734997630119324,0.9988335967063904,0.48952704668045044,0.48651352524757385,-0.6735691428184509,0.9987080693244934,0.49290990829467773,0.4858555793762207,-0.6736090779304504,0.9989791512489319,0.47532135248184204,0.4868561923503876,-0.6713904738426208,0.9988471865653992,0.47158369421958923,0.486252099275589,-0.6714818477630615,0.9986820220947266,0.46836480498313904,0.48550358414649963,-0.6714897751808167,0.9988722205162048,0.4961240291595459,0.48280543088912964,-0.5648521184921265,0.9973469376564026,0.4632006585597992,0.4823119044303894,-0.5543350577354431,0.9975531697273254,0.48679623007774353,0.4978136718273163,-0.623824954032898,0.9989027976989746,0.47504734992980957,0.4967097043991089,-0.6210718750953674,0.9988324642181396,0.5287089943885803,0.5025439858436584,-0.41613033413887024,0.9998565316200256,0.42791780829429626,0.5044992566108704,-0.400737464427948,0.9998470544815063,0.5081725120544434,0.5489048361778259,-0.37525880336761475,0.9658949971199036,0.4279516041278839,0.5484318137168884,-0.33728349208831787,0.9529736042022705,0.461445689201355,0.5869262218475342,-0.4229709506034851,0.9452981948852539,0.43515634536743164,0.5864401459693909,-0.3701142966747284,0.9364784955978394,0.4505452513694763,0.5983617305755615,-0.45613861083984375,0.9064584374427795,0.43503549695014954,0.6015086770057678,-0.39554545283317566,0.906895637512207,0.44597527384757996,0.5966204404830933,-0.4747246205806732,0.9092419147491455,0.4368302524089813,0.6014969348907471,-0.42741045355796814,0.9132130742073059,0.44834765791893005,0.5918242931365967,-0.429820716381073,0.8931386470794678,0.4398393929004669,0.595937192440033,-0.3819011449813843,0.8969142436981201,0.5063933730125427,0.5695140957832336,0.007396281231194735,0.9985377192497253,0.45239949226379395,0.5667561292648315,-0.0073635159060359,0.9982710480690002,0.5261121988296509,0.6349850296974182,-0.009746598079800606,0.9656619429588318,0.43807530403137207,0.6380359530448914,-0.02662966400384903,0.9785394072532654,0.5366907119750977,0.692440927028656,0.10509995371103287,0.9631267189979553,0.41124945878982544,0.6975622177124023,0.08960667252540588,0.9758846759796143,0.5296891331672668,0.6987543702125549,0.11007010191679001,0.7401521801948547,0.41309189796447754,0.7062872052192688,0.09485415369272232,0.7009638547897339,0.5597228407859802,0.7138627767562866,-0.026078609749674797,0.9517038464546204,0.3947567641735077,0.7224037051200867,-0.04655347019433975,0.9583142399787903
48,0.4829947054386139,0.4921323359012604,-0.6761023998260498,0.9993683099746704,0.4888964593410492,0.48541057109832764,-0.6735742688179016,0.998694896697998,0.49229612946510315,0.48482459783554077,-0.6736482381820679,0.9985533952713013,0.4952563941478729,0.48409441113471985,-0.673707127571106,0.998856246471405,0.4780179560184479,0.4854736328125,-0.6734182834625244,0.9987176060676575,0.47360748052597046,0.4849053621292114,-0.6735245585441589,0.9985264539718628,0.4699445366859436,0.4840966463088989,-0.6735246181488037,0.9987436532974243,0.4969092011451721,0.4813653826713562,-0.5595237016677856,0.9971375465393066,0.46316373348236084,0.48168572783470154,-0.5584763884544373,0.9973655939102173,0.4885299801826477,0.4961909055709839,-0.6235697865486145,0.9988148808479309,0.4764556288719177,0.4957825541496277,-0.6235929131507874,0.9987710118293762,0.5272760391235352,0.5023088455200195,-0.410459965467453,0.9998503923416138,0.4228203594684601,0.5051925778388977,-0.40332257747650146,0.9998394250869751,0.5055925846099854,0.5486429333686829,-0.36902880668640137,0.9659963250160217,0.42625707387924194,0.5494738221168518,-0.349770724773407,0.951389491558075,0.4529655873775482,0.5902786254882812,-0.416776180267334,0.943788468837738,0.4321112334728241,0.5905861258506775,-0.3911822438240051,0.9332232475280762,0.4440051019191742,0.6016178131103516,-0.449827641248703,0.9042494893074036,0.43180206418037415,0.6041142344474792,-0.41917815804481506,0.9033456444740295,0.43913716077804565,0.59969162940979,-0.4677606225013733,0.906894326210022,0.43432044982910156,0.6037877798080444,-0.4486925005912781,0.9099368453025818,0.44157546758651733,0.5946972370147705,-0.42328202724456787,0.890148401260376,0.4362410604953766,0.598601222038269,-0.4021458625793457,0.8934170007705688,0.5044610500335693,0.5672026872634888,0.007517065852880478,0.9984549880027771,0.4488522708415985,0.56689453125,-0.007527427282184362,0.9981504082679749,0.5235755443572998,0.634638786315918,-0.04359195753931999,0.9653507471084595,0.43575620651245117,0.6329473853111267,-0.061023104935884476,0.9764785170555115,0.5378254652023315,0.6935017704963684,0.07111342996358871,0.9626290202140808,0.4104399085044861,0.6961227059364319,0.06394819170236588,0.9732102155685425,0.532167911529541,0.7008642554283142,0.0759749561548233,0.7392163276672363,0.4141210913658142,0.7035272717475891,0.06970969587564468,0.6910961866378784,0.5594618916511536,0.7176902890205383,-0.06393379718065262,0.9504538178443909,0.3940703272819519,0.7224622368812561,-0.07421142607927322,0.9539144039154053
49,0.47643375396728516,0.4917079210281372,-0.6165269017219543,0.9993504285812378,0.4828172028064728,0.48512527346611023,-0.6150937080383301,0.9986538290977478,0.4864189922809601,0.48461130261421204,-0.6151713728904724,0.9985068440437317,0.4902341365814209,0.48390769958496094,-0.6152094602584839,0.9988154768943787,0.4729766547679901,0.4847167730331421,-0.6115880608558655,0.9986768364906311,0.46925175189971924,0.4839351773262024,-0.6116642355918884,0.9984822273254395,0.4664079546928406,0.4830678701400757,-0.6116849184036255,0.9987110495567322,0.4950616955757141,0.4811569154262543,-0.5120859146118164,0.9970005750656128,0.46294355392456055,0.48012295365333557,-0.49528542160987854,0.9972395300865173,0.48398345708847046,0.4956847131252289,-0.5690468549728394,0.9987344741821289,0.47225987911224365,0.4941926598548889,-0.5644533634185791,0.9987059831619263,0.5283206701278687,0.5026313066482544,-0.3853590786457062,0.9998372197151184,0.4272412657737732,0.5025240182876587,-0.35386520624160767,0.9998269081115723,0.5066335201263428,0.5465596318244934,-0.35616636276245117,0.9669215679168701,0.4231627881526947,0.5466330051422119,-0.2922299802303314,0.9489405155181885,0.45034080743789673,0.5840474367141724,-0.4033440053462982,0.9444544315338135,0.42587411403656006,0.5859343409538269,-0.32479771971702576,0.9286193251609802,0.4397331774234772,0.5951306819915771,-0.4386397898197174,0.9044507741928101,0.4224649965763092,0.5992241501808167,-0.3481590449810028,0.8968055248260498,0.4359782636165619,0.5927494168281555,-0.45271793007850647,0.9068306684494019,0.42587488889694214,0.5984747409820557,-0.379379004240036,0.9038781523704529,0.4382668435573578,0.588161051273346,-0.4087739884853363,0.8896507620811462,0.4295859634876251,0.5932051539421082,-0.3365780711174011,0.8874405026435852,0.504919171333313,0.5723791718482971,0.005523493513464928,0.9983558654785156,0.4513154625892639,0.5718170404434204,-0.005488090217113495,0.9980158805847168,0.5257225036621094,0.6386489272117615,-0.0008809844730421901,0.9657542705535889,0.43683546781539917,0.638922393321991,-0.010509278625249863,0.9763817191123962,0.5382872223854065,0.6940916776657104,0.12596070766448975,0.9630226492881775,0.40956318378448486,0.6967688202857971,0.11133938282728195,0.9727498888969421,0.5318487286567688,0.7004217505455017,0.1327013373374939,0.736240804195404,0.41180676221847534,0.704110860824585,0.11773068457841873,0.6819238066673279,0.5615333318710327,0.7169322371482849,0.004525530152022839,0.9506157040596008,0.39208510518074036,0.7226499915122986,-0.016250453889369965,0.9530074596405029
50,0.4762609302997589,0.48992523550987244,-0.56479412317276,0.9992263317108154,0.48258277773857117,0.4840295910835266,-0.5621182918548584,0.9984087347984314,0.4859614670276642,0.4833599328994751,-0.5621886253356934,0.9982408881187439,0.48903757333755493,0.48244619369506836,-0.562226414680481,0.9985833764076233,0.4725858271121979,0.483869731426239,-0.5612636804580688,0.9984273314476013,0.468716025352478,0.4830637574195862,-0.5613434314727783,0.9982120394706726,0.46541061997413635,0.4820912182331085,-0.5613718032836914,0.9984895586967468,0.4925180971622467,0.47871631383895874,-0.4571553170681,0.9963963031768799,0.46038132905960083,0.4792807996273041,-0.4525753855705261,0.9967185854911804,0.4831399917602539,0.49351683259010315,-0.5166557431221008,0.9984973669052124,0.47017109394073486,0.49235767126083374,-0.5155707597732544,0.9984968900680542,0.5256336331367493,0.500232458114624,-0.33413341641426086,0.9998238682746887,0.42326033115386963,0.50203937292099,-0.32178348302841187,0.9998129606246948,0.501135528087616,0.5424618124961853,-0.30093640089035034,0.9664754867553711,0.41925087571144104,0.5432018041610718,-0.26346370577812195,0.9465969800949097,0.4423641264438629,0.580551028251648,-0.3588255047798157,0.9423478841781616,0.42034032940864563,0.5861566066741943,-0.2997417449951172,0.9229210019111633,0.43290501832962036,0.5897754430770874,-0.39447304606437683,0.9005464315414429,0.4169481694698334,0.5985986590385437,-0.32379859685897827,0.8887751698493958,0.42713671922683716,0.5879567861557007,-0.40964534878730774,0.9027631282806396,0.419158935546875,0.5982096791267395,-0.35470494627952576,0.8963478207588196,0.42967045307159424,0.5837641954421997,-0.36504170298576355,0.8844492435455322,0.4221441447734833,0.5924962759017944,-0.31125620007514954,0.8795947432518005,0.508286714553833,0.5757961869239807,0.00536800641566515,0.9982719421386719,0.4533670246601105,0.5757881999015808,-0.005317141301929951,0.9979483485221863,0.5268723368644714,0.6419710516929626,0.0008862977265380323,0.9663670063018799,0.43481457233428955,0.6429649591445923,-0.014559688977897167,0.9763747453689575,0.5413650274276733,0.696696400642395,0.13915668427944183,0.9632740020751953,0.41141438484191895,0.6989805102348328,0.1130957156419754,0.9726137518882751,0.5348557233810425,0.7026551961898804,0.14690867066383362,0.7342763543128967,0.41410520672798157,0.7046486735343933,0.11974824965000153,0.6790924072265625,0.5616352558135986,0.7174107432365417,0.02004140615463257,0.950700044631958,0.39067158102989197,0.7221310138702393,-0.01292470470070839,0.9526991844177246
51,0.47777512669563293,0.48634883761405945,-0.4562559723854065,0.9992102980613708,0.48324012756347656,0.4804907739162445,-0.4495719373226166,0.9983907341957092,0.4862634837627411,0.48014310002326965,-0.449623167514801,0.9982154369354248,0.48925119638442993,0.47954055666923523,-0.4496292769908905,0.9985482692718506,0.47401174902915955,0.4797658622264862,-0.44836726784706116,0.9984135627746582,0.4708366394042969,0.4789392054080963,-0.44841358065605164,0.9982060194015503,0.4673641324043274,0.4780350923538208,-0.4484228491783142,0.9984841346740723,0.4923602044582367,0.47707831859588623,-0.34339991211891174,0.9963204860687256,0.4614708721637726,0.47584453225135803,-0.3377067744731903,0.9966917634010315,0.4831000566482544,0.49015092849731445,-0.4095906913280487,0.9984570145606995,0.47107264399528503,0.48918822407722473,-0.4082057476043701,0.9984964728355408,0.5252089500427246,0.5010401606559753,-0.24437184631824493,0.9998224973678589,0.4238426983356476,0.5019828081130981,-0.22409801185131073,0.9998180866241455,0.4990001618862152,0.5428648591041565,-0.23072637617588043,0.9670433402061462,0.41691669821739197,0.5453807711601257,-0.1792203187942505,0.947166383266449,0.43644413352012634,0.5791903138160706,-0.3117980360984802,0.9434022307395935,0.41048258543014526,0.5842409729957581,-0.2479606419801712,0.9232860803604126,0.4245832562446594,0.5892072916030884,-0.3504079282283783,0.9016088843345642,0.4040258228778839,0.595693051815033,-0.27533531188964844,0.8886255025863647,0.4212896227836609,0.586992621421814,-0.36328479647636414,0.9036445021629333,0.40593957901000977,0.5950456857681274,-0.3065589666366577,0.8963350057601929,0.42374294996261597,0.5830444693565369,-0.31772005558013916,0.885127604007721,0.41093313694000244,0.5909048914909363,-0.2606038451194763,0.8800407648086548,0.5061507225036621,0.5787078142166138,0.0068587251007556915,0.9983471632003784,0.4509561359882355,0.5787230730056763,-0.006773232948035002,0.9980570673942566,0.5228608250617981,0.6431857347488403,-0.003654464613646269,0.9669912457466125,0.4353097081184387,0.6436156630516052,-0.0445232167840004,0.9769348502159119,0.5367498397827148,0.6966885328292847,0.13715966045856476,0.9632356762886047,0.40760326385498047,0.7011756300926208,0.0607585571706295,0.9733457565307617,0.5317968130111694,0.703072726726532,0.14496934413909912,0.7315008044242859,0.409514456987381,0.7056485414505005,0.06487254053354263,0.6791913509368896,0.557296097278595,0.7180135846138,0.02244853414595127,0.9508926272392273,0.3908528983592987,0.7256784439086914,-0.07087745517492294,0.9539282917976379
52,0.47169241309165955,0.48214778304100037,-0.39772292971611023,0.9991875290870667,0.47817230224609375,0.4764019250869751,-0.3915725648403168,0.998356819152832,0.48153409361839294,0.4762011766433716,-0.3916146755218506,0.9981809854507446,0.48504576086997986,0.4758588969707489,-0.3916197419166565,0.9985173344612122,0.4686412811279297,0.4756541848182678,-0.3867298662662506,0.9983502626419067,0.46477994322776794,0.474981427192688,-0.3867735266685486,0.9981299638748169,0.4620489478111267,0.4743505120277405,-0.3867737054824829,0.9984238147735596,0.48901820182800293,0.474796324968338,-0.29394975304603577,0.9961448311805725,0.45939579606056213,0.47421517968177795,-0.2708633244037628,0.9964291453361511,0.47850823402404785,0.4868275225162506,-0.3550768792629242,0.9983461499214172,0.46581020951271057,0.48583361506462097,-0.3485971689224243,0.9983661770820618,0.5238155126571655,0.49905818700790405,-0.2140151411294937,0.9998215436935425,0.4259151220321655,0.5004937052726746,-0.16070659458637238,0.9998103976249695,0.4947429597377777,0.5395351648330688,-0.2136949747800827,0.966545045375824,0.41465380787849426,0.541161835193634,-0.1098063662648201,0.944793164730072,0.4294407367706299,0.5763046145439148,-0.3023373782634735,0.9425970911979675,0.40610042214393616,0.5787257552146912,-0.18017737567424774,0.9206860065460205,0.41938793659210205,0.586265504360199,-0.34379634261131287,0.9003451466560364,0.39642128348350525,0.5907981395721436,-0.20572412014007568,0.8849491477012634,0.41348332166671753,0.584768533706665,-0.35592180490493774,0.9022789597511292,0.39928871393203735,0.5901165008544922,-0.2393210530281067,0.8930513858795166,0.41937750577926636,0.5802050232887268,-0.30818068981170654,0.8832692503929138,0.4056933522224426,0.5853651762008667,-0.194427490234375,0.8770895600318909,0.5075268745422363,0.5770612955093384,-0.005942134186625481,0.9984560012817383,0.45193567872047424,0.5783519148826599,0.006004234775900841,0.9981904625892639,0.5235135555267334,0.6424009799957275,-0.016454266384243965,0.9681515693664551,0.4372335374355316,0.6416280269622803,-0.00715027516707778,0.9773626923561096,0.5390671491622925,0.694642186164856,0.1117529347538948,0.9645630121231079,0.41283589601516724,0.6968031525611877,0.11533745378255844,0.9739071130752563,0.5332173705101013,0.7011894583702087,0.11740127205848694,0.7344521284103394,0.41639187932014465,0.7028275728225708,0.12079303711652756,0.6813874840736389,0.5581796169281006,0.717056930065155,-0.016028543934226036,0.9526979923248291,0.3905385732650757,0.7241560220718384,-0.01155810710042715,0.9552212953567505
53,0.47676658630371094,0.48119795322418213,-0.3424285352230072,0.9991851449012756,0.48203063011169434,0.47498083114624023,-0.3345308303833008,0.9983596205711365,0.4850353002548218,0.47488170862197876,-0.33457016944885254,0.9982023239135742,0.4878860414028168,0.47461897134780884,-0.3345734179019928,0.9985105991363525,0.4721828103065491,0.4739830195903778,-0.3332132399082184,0.9983406066894531,0.4694601595401764,0.47341880202293396,-0.33324483036994934,0.9981396198272705,0.46658265590667725,0.472915917634964,-0.33323752880096436,0.9984146952629089,0.48950985074043274,0.47397580742836,-0.23579156398773193,0.9961740374565125,0.4616510570049286,0.47353121638298035,-0.22928930819034576,0.9964214563369751,0.48175501823425293,0.48639965057373047,-0.2997716963291168,0.9982977509498596,0.46936583518981934,0.4854028522968292,-0.29813358187675476,0.9983358979225159,0.5213829278945923,0.498177707195282,-0.16969479620456696,0.9998252391815186,0.42484933137893677,0.5009577870368958,-0.13169588148593903,0.9998112916946411,0.48984313011169434,0.5414917469024658,-0.17317308485507965,0.968307375907898,0.4123741686344147,0.5420994162559509,-0.09171038120985031,0.9443369507789612,0.41618677973747253,0.5762839913368225,-0.2538154721260071,0.9458693861961365,0.39482301473617554,0.5786309838294983,-0.15520495176315308,0.9210671782493591,0.4034968316555023,0.5859812498092651,-0.29123005270957947,0.9056000709533691,0.38531777262687683,0.5895200967788696,-0.17901445925235748,0.8840715885162354,0.3998812139034271,0.5841370224952698,-0.29883328080177307,0.9072697758674622,0.38857945799827576,0.5884731411933899,-0.21059481799602509,0.8925409913063049,0.40298300981521606,0.5802600979804993,-0.25751185417175293,0.8886516690254211,0.3936547636985779,0.5848675966262817,-0.1686834990978241,0.8776517510414124,0.5060662627220154,0.5770356059074402,0.0013433365384116769,0.9985487461090088,0.45063677430152893,0.5780392289161682,-0.0012013425584882498,0.9983114004135132,0.5218533277511597,0.6420066952705383,0.0034421985037624836,0.9686428904533386,0.43576887249946594,0.6428167223930359,-0.03653380647301674,0.9775435924530029,0.5374945998191833,0.6931113600730896,0.12796661257743835,0.9644052386283875,0.40987664461135864,0.6977936029434204,0.06216438487172127,0.9744061827659607,0.5317774415016174,0.6995363235473633,0.13455623388290405,0.7297157049179077,0.41293197870254517,0.7037033438682556,0.06613285839557648,0.6807478666305542,0.5579432845115662,0.7160677313804626,0.0160121638327837,0.9529401063919067,0.38782814145088196,0.7236658334732056,-0.06150716170668602,0.956170916557312
54,0.4765987694263458,0.4825323224067688,-0.4179844260215759,0.9991334080696106,0.4817894697189331,0.47668784856796265,-0.4098110795021057,0.9982988238334656,0.4848352074623108,0.47646310925483704,-0.40984046459198,0.9981310367584229,0.4877503514289856,0.4759957194328308,-0.40983325242996216,0.998434841632843,0.47180086374282837,0.4755648076534271,-0.40811970829963684,0.998283326625824,0.46874919533729553,0.4747717082500458,-0.40817898511886597,0.9980814456939697,0.4655263423919678,0.474012553691864,-0.40818363428115845,0.9983667731285095,0.4894544184207916,0.4743785858154297,-0.29997459053993225,0.996026873588562,0.4601394236087799,0.4737844467163086,-0.292056679725647,0.9963281154632568,0.48172426223754883,0.486789733171463,-0.37010788917541504,0.9981718063354492,0.4689977765083313,0.4858511686325073,-0.3681015968322754,0.9982478022575378,0.5206059217453003,0.49788254499435425,-0.21271950006484985,0.9998181462287903,0.4250468313694,0.5003859400749207,-0.17707929015159607,0.9998099207878113,0.4901134967803955,0.5377252697944641,-0.2104518562555313,0.9671244025230408,0.4089946746826172,0.5403968691825867,-0.13951344788074493,0.9438259601593018,0.41165176033973694,0.5719219446182251,-0.3055201768875122,0.9438672661781311,0.3871334493160248,0.5767450928688049,-0.22829709947109222,0.920296847820282,0.39553505182266235,0.5820101499557495,-0.3474920988082886,0.9026824831962585,0.37610167264938354,0.5864668488502502,-0.25778135657310486,0.8835150003433228,0.38916510343551636,0.5800257325172424,-0.35763001441955566,0.9042739272117615,0.3778766989707947,0.5855532884597778,-0.2926103472709656,0.8923010230064392,0.3958915174007416,0.5760421752929688,-0.31059524416923523,0.8850274085998535,0.383443683385849,0.5819142460823059,-0.24329356849193573,0.8780428767204285,0.5062729716300964,0.5759153962135315,0.0012805998558178544,0.9986125826835632,0.45114436745643616,0.5772483348846436,-0.00119438162073493,0.9984028339385986,0.522109866142273,0.644171953201294,-0.006211212836205959,0.9692457914352417,0.4341760277748108,0.6446723341941833,-0.030017443001270294,0.9776068329811096,0.5374487638473511,0.6953073740005493,0.12945696711540222,0.9642457962036133,0.40738219022750854,0.700124979019165,0.08168108016252518,0.9745194315910339,0.5329636931419373,0.701911211013794,0.1364721953868866,0.7280339002609253,0.40882042050361633,0.7063944339752197,0.08639132976531982,0.6789456605911255,0.557814359664917,0.7182536721229553,0.006107536610215902,0.953082263469696,0.3870549499988556,0.724826455116272,-0.0514911413192749,0.956595778465271
55,0.4768422544002533,0.4848208725452423,-0.343222051858902,0.9991117119789124,0.48246461153030396,0.4789038300514221,-0.3341403007507324,0.998275101184845,0.48562559485435486,0.47860899567604065,-0.3341408669948578,0.9980961680412292,0.48859795928001404,0.478092759847641,-0.3341215252876282,0.9983962774276733,0.4724699854850769,0.47806093096733093,-0.3325216472148895,0.9982696175575256,0.46836549043655396,0.47730913758277893,-0.3325819969177246,0.9980714321136475,0.46479445695877075,0.47656434774398804,-0.33260300755500793,0.9983671307563782,0.49081623554229736,0.4760839641094208,-0.23159439861774445,0.9959344863891602,0.45875903964042664,0.47569289803504944,-0.22426486015319824,0.9963191151618958,0.48239654302597046,0.4887225031852722,-0.2992263436317444,0.9980398416519165,0.46914541721343994,0.48794740438461304,-0.29741278290748596,0.9981495141983032,0.5188918113708496,0.49848806858062744,-0.164898082613945,0.9998006820678711,0.42456790804862976,0.5006958842277527,-0.12355393171310425,0.9998074769973755,0.48504915833473206,0.5366417169570923,-0.1632143259048462,0.9659368991851807,0.4042811393737793,0.5400545001029968,-0.0954986959695816,0.9442555904388428,0.40419071912765503,0.5679517984390259,-0.23675768077373505,0.9423665404319763,0.3790736794471741,0.5743672847747803,-0.18176598846912384,0.921181321144104,0.3852804899215698,0.5770787596702576,-0.273767352104187,0.9000786542892456,0.36769425868988037,0.5835512280464172,-0.20926083624362946,0.8846253752708435,0.38210558891296387,0.5753850936889648,-0.28137335181236267,0.9015815258026123,0.3691819906234741,0.5824580788612366,-0.2388123720884323,0.8934879899024963,0.3852463960647583,0.5725463628768921,-0.24058684706687927,0.8821700215339661,0.3745463192462921,0.5787147283554077,-0.19502370059490204,0.8801460862159729,0.5053479075431824,0.5791837573051453,-0.0008170146611519158,0.998665988445282,0.45082101225852966,0.5795725584030151,0.0008876032661646605,0.9984811544418335,0.520699679851532,0.6425244212150574,-0.01059665810316801,0.9695568084716797,0.4331926703453064,0.6450157761573792,-0.012124081142246723,0.9772133827209473,0.5355731844902039,0.6949025988578796,0.09546805173158646,0.964242696762085,0.40844500064849854,0.6995888948440552,0.08355382084846497,0.974159836769104,0.5299710035324097,0.7013853788375854,0.09998515248298645,0.7262426018714905,0.40898165106773376,0.7060922980308533,0.08701766282320023,0.6752213835716248,0.5561454892158508,0.7183573246002197,-0.025072773918509483,0.9532284140586853,0.3883858025074005,0.72478187084198,-0.04230917617678642,0.9563289284706116
56,0.4770285189151764,0.4835270941257477,-0.39196738600730896,0.9991205334663391,0.48200365900993347,0.47738248109817505,-0.38208046555519104,0.9983017444610596,0.48502546548843384,0.47704824805259705,-0.3820847272872925,0.9981173276901245,0.48790866136550903,0.4765353798866272,-0.38205486536026,0.998403787612915,0.4727044701576233,0.47653576731681824,-0.38096338510513306,0.998313307762146,0.46885818243026733,0.4757113456726074,-0.38104167580604553,0.998124897480011,0.46529051661491394,0.4748663604259491,-0.3810664117336273,0.9984210729598999,0.4891907870769501,0.4747503399848938,-0.2707539200782776,0.995955765247345,0.4589167535305023,0.47385546565055847,-0.2655452489852905,0.9964475631713867,0.48173654079437256,0.48800981044769287,-0.3443719744682312,0.9980069398880005,0.4695240259170532,0.48721182346343994,-0.34318116307258606,0.99815833568573,0.5172494053840637,0.4990746080875397,-0.19197672605514526,0.9997864961624146,0.4249107539653778,0.500207781791687,-0.15581399202346802,0.999812662601471,0.4773673117160797,0.5353918075561523,-0.18831756711006165,0.9650107622146606,0.4006050229072571,0.5376777052879333,-0.13593162596225739,0.9459788799285889,0.4023313522338867,0.563786506652832,-0.2720829248428345,0.9407978653907776,0.37011271715164185,0.5706189870834351,-0.24618905782699585,0.9235284328460693,0.38291189074516296,0.5712243318557739,-0.3120364546775818,0.8974021077156067,0.35641682147979736,0.579196572303772,-0.2790527045726776,0.8877094388008118,0.3798632025718689,0.5701513290405273,-0.3224217891693115,0.8988275527954102,0.3612090051174164,0.5776998996734619,-0.3095640540122986,0.8964869379997253,0.3831641376018524,0.5671388506889343,-0.2773546576499939,0.8788758516311646,0.36621615290641785,0.5747376084327698,-0.2602711617946625,0.8838345408439636,0.5052602887153625,0.5775437951087952,0.0011015271302312613,0.9987048506736755,0.45004022121429443,0.5779645442962646,-0.0009891894878819585,0.998557448387146,0.5201955437660217,0.6421776413917542,-0.01079098042100668,0.970314085483551,0.4319792687892914,0.6443282961845398,-0.015541373752057552,0.9772382974624634,0.5375363230705261,0.6942100524902344,0.11726546287536621,0.964451014995575,0.40695300698280334,0.6990175247192383,0.09769431501626968,0.9743095636367798,0.5327523946762085,0.7008658647537231,0.12360525131225586,0.7268498539924622,0.40845149755477905,0.7060964107513428,0.1023838147521019,0.6745237708091736,0.557668149471283,0.7169963717460632,-0.005420053377747536,0.9536363482475281,0.3882920742034912,0.7244700193405151,-0.034292612224817276,0.9566973447799683
57,0.47093892097473145,0.47801703214645386,-0.24865318834781647,0.999101459980011,0.47673553228378296,0.4720476567745209,-0.23952524363994598,0.9982637763023376,0.4806963801383972,0.47201985120773315,-0.23955391347408295,0.9980726838111877,0.484147310256958,0.4718295633792877,-0.23954105377197266,0.9983459115028381,0.46799904108047485,0.471010684967041,-0.23364746570587158,0.9982637166976929,0.4650193750858307,0.4705160856246948,-0.23368336260318756,0.9980713129043579,0.4626767039299011,0.47003790736198425,-0.23370200395584106,0.9983835816383362,0.488229364156723,0.47211548686027527,-0.1493941694498062,0.9957955479621887,0.4611735939979553,0.47068533301353455,-0.12241106480360031,0.9963226914405823,0.47818806767463684,0.4840020537376404,-0.21095485985279083,0.9978733062744141,0.46564361453056335,0.48292669653892517,-0.20335324108600616,0.998070478439331,0.5162837505340576,0.49806860089302063,-0.10808253288269043,0.9997733235359192,0.43240824341773987,0.4967708885669708,-0.034231189638376236,0.999812662601471,0.4739178419113159,0.5338727235794067,-0.118280790746212,0.9645953178405762,0.40219321846961975,0.5276373028755188,0.010024474002420902,0.9458486437797546,0.3914144039154053,0.5600994229316711,-0.19495099782943726,0.9399163126945496,0.36661219596862793,0.5626722574234009,-0.0844477042555809,0.9238579869270325,0.37036368250846863,0.5680349469184875,-0.23343876004219055,0.8953883051872253,0.3500349819660187,0.5703198313713074,-0.10990460962057114,0.8876630663871765,0.36754515767097473,0.5669980645179749,-0.24010246992111206,0.8965941667556763,0.3545478284358978,0.5697420239448547,-0.14268779754638672,0.8965256810188293,0.3728398382663727,0.5644229650497437,-0.19828177988529205,0.8760462999343872,0.36022186279296875,0.5674569606781006,-0.0994640439748764,0.8844113349914551,0.502771258354187,0.5793798565864563,-0.006486030761152506,0.9987546801567078,0.45012548565864563,0.578654408454895,0.006591149605810642,0.9986427426338196,0.5188201069831848,0.6422111392021179,0.002266329014673829,0.9715676307678223,0.43220630288124084,0.6436861157417297,-0.03006686456501484,0.9785411357879639,0.5378906726837158,0.6948126554489136,0.14849354326725006,0.9659543037414551,0.4079554080963135,0.7004114389419556,0.0867103859782219,0.9756526350975037,0.5334556698799133,0.7012888789176941,0.15635472536087036,0.7317959666252136,0.4104595184326172,0.706027626991272,0.09185217320919037,0.6830570101737976,0.5572383403778076,0.7160500884056091,0.03232857212424278,0.9554005861282349,0.38678738474845886,0.7244189977645874,-0.0415668711066246,0.9588330984115601
58,0.47406259179115295,0.4842470586299896,-0.3305971026420593,0.9990569949150085,0.4795929491519928,0.47723403573036194,-0.32096171379089355,0.9981928467750549,0.4829770028591156,0.4767161011695862,-0.320978045463562,0.9979820251464844,0.4862625002861023,0.47606420516967773,-0.3209647536277771,0.9982497692108154,0.4695185124874115,0.4771771728992462,-0.3159628212451935,0.9982031583786011,0.4660619795322418,0.47662127017974854,-0.31601640582084656,0.9980044364929199,0.4624377191066742,0.4756971299648285,-0.31603434681892395,0.9983392953872681,0.48974308371543884,0.47451260685920715,-0.21587279438972473,0.9955852031707764,0.4589827358722687,0.47468262910842896,-0.19313931465148926,0.9962156414985657,0.4813963770866394,0.4882414937019348,-0.2861456274986267,0.9977450370788574,0.4686521589756012,0.48797571659088135,-0.2798238694667816,0.9980049729347229,0.5173804759979248,0.4988786578178406,-0.1530950367450714,0.999754786491394,0.42858201265335083,0.4975522458553314,-0.08719009906053543,0.9998155236244202,0.4634969234466553,0.5351408123970032,-0.16361495852470398,0.9635159969329834,0.3976413905620575,0.5293972492218018,-0.06597978621721268,0.9458519220352173,0.3859475553035736,0.5570833683013916,-0.263538658618927,0.9380364418029785,0.3632042109966278,0.558898389339447,-0.2081981748342514,0.924312949180603,0.3675098419189453,0.5639092922210693,-0.30727195739746094,0.8927724957466125,0.3462876081466675,0.5659188628196716,-0.2435104101896286,0.8884549736976624,0.3589307963848114,0.5623958706855774,-0.3188938498497009,0.8939791917800903,0.3481437563896179,0.5650386214256287,-0.27627700567245483,0.8973787426948547,0.36890503764152527,0.5592723488807678,-0.26942798495292664,0.8723406195640564,0.35528993606567383,0.5632557272911072,-0.22419114410877228,0.8853845000267029,0.5040405988693237,0.5817997455596924,-0.0050820354372262955,0.9987766742706299,0.4496898651123047,0.5802589058876038,0.005180526990443468,0.998711109161377,0.5178064107894897,0.6445774435997009,-0.013910149224102497,0.9728220701217651,0.4326142370700836,0.6445977091789246,-0.02678731270134449,0.9795020222663879,0.5385652780532837,0.6959435939788818,0.15335331857204437,0.9669360518455505,0.40788719058036804,0.7005511522293091,0.10600372403860092,0.9766976833343506,0.5329974293708801,0.7025611400604248,0.16306357085704803,0.7365244030952454,0.4105221629142761,0.7058027386665344,0.11200239509344101,0.6902299523353577,0.559546709060669,0.718570351600647,0.03324400261044502,0.9565150737762451,0.38783010840415955,0.7253515124320984,-0.030132682994008064,0.9603580236434937
59,0.4752803146839142,0.4798294007778168,-0.2357993721961975,0.998953640460968,0.48021188378334045,0.47316819429397583,-0.22703368961811066,0.9980148077011108,0.4834989905357361,0.47296223044395447,-0.22708211839199066,0.9977796673774719,0.4865153431892395,0.47266092896461487,-0.22709080576896667,0.9980466365814209,0.47109031677246094,0.4724655747413635,-0.22157108783721924,0.9980144500732422,0.4681745171546936,0.4718440771102905,-0.22162094712257385,0.997798502445221,0.4652760624885559,0.47128826379776,-0.22164888679981232,0.9981837272644043,0.48877036571502686,0.47222900390625,-0.13739292323589325,0.9951344132423401,0.46111994981765747,0.47126778960227966,-0.11299467086791992,0.9958136677742004,0.48103415966033936,0.48486241698265076,-0.19805267453193665,0.9974030256271362,0.46837642788887024,0.48379236459732056,-0.1911821812391281,0.9977691173553467,0.5156462788581848,0.49796316027641296,-0.10458176583051682,0.9997304081916809,0.42700332403182983,0.49635326862335205,-0.023274535313248634,0.9998103380203247,0.4619033932685852,0.5317988991737366,-0.12121156603097916,0.9622873067855835,0.39633995294570923,0.525991678237915,0.00643307575955987,0.9430457353591919,0.3711078464984894,0.5536701679229736,-0.198797345161438,0.9352208375930786,0.3555871546268463,0.5541892647743225,-0.10852997750043869,0.9219685792922974,0.35095295310020447,0.5581639409065247,-0.23839439451694489,0.8878908753395081,0.3366450369358063,0.5596902966499329,-0.13677775859832764,0.8854830265045166,0.3471938669681549,0.5561336874961853,-0.24289827048778534,0.8888447880744934,0.33717137575149536,0.5586071610450745,-0.1681629866361618,0.8946990966796875,0.35470104217529297,0.5540963411331177,-0.2014162689447403,0.8659277558326721,0.34508609771728516,0.5566815137863159,-0.12377587705850601,0.8829988837242126,0.5025628209114075,0.580619215965271,-0.008570848032832146,0.9987906813621521,0.4487130343914032,0.5799421072006226,0.008667301386594772,0.9987754821777344,0.5168342590332031,0.6429725289344788,0.007855509407818317,0.9738410115242004,0.4323340654373169,0.6450363993644714,-0.030111517757177353,0.9806149005889893,0.5371497869491577,0.6945610046386719,0.18367525935173035,0.9677291512489319,0.40844523906707764,0.6995742321014404,0.10361957550048828,0.977874219417572,0.532193124294281,0.7009450793266296,0.19506444036960602,0.7393008470535278,0.40976426005363464,0.7055873870849609,0.11065862327814102,0.7000995874404907,0.5554620623588562,0.7155348658561707,0.07541491091251373,0.9574679136276245,0.38888201117515564,0.7242816686630249,-0.02319617010653019,0.962195873260498
60,0.4675839841365814,0.48173820972442627,-0.21692627668380737,0.9988425374031067,0.47375234961509705,0.47513478994369507,-0.20885279774665833,0.9978221654891968,0.47714826464653015,0.47478899359703064,-0.20888812839984894,0.9975473284721375,0.48032745718955994,0.4743078649044037,-0.20889624953269958,0.9978285431861877,0.4648275077342987,0.4746774137020111,-0.200967937707901,0.9978312253952026,0.4621638357639313,0.47403082251548767,-0.20101027190685272,0.9975996613502502,0.4594009816646576,0.47335854172706604,-0.20104022324085236,0.9980422854423523,0.4844520390033722,0.47307369112968445,-0.12335709482431412,0.9946609139442444,0.4588403105735779,0.4722192883491516,-0.08767573535442352,0.9954360723495483,0.4751654267311096,0.4862300455570221,-0.18090684711933136,0.9969832301139832,0.4622659683227539,0.48562750220298767,-0.17080838978290558,0.997459888458252,0.5134979486465454,0.49808499217033386,-0.10054260492324829,0.9996888041496277,0.42750146985054016,0.4957517385482788,0.00338659156113863,0.9998043179512024,0.4517371356487274,0.530805230140686,-0.13287793099880219,0.9614519476890564,0.39367905259132385,0.5288265347480774,0.00972566194832325,0.9388787746429443,0.3682664632797241,0.5487012267112732,-0.21111038327217102,0.9342029094696045,0.34809720516204834,0.5500927567481995,-0.14239968359470367,0.9210441708564758,0.3460407555103302,0.5534563064575195,-0.2520848214626312,0.8858802914619446,0.3279264569282532,0.5546331405639648,-0.1767236888408661,0.8849496245384216,0.3428947627544403,0.5497975945472717,-0.2567799687385559,0.886714518070221,0.3305480480194092,0.5528352856636047,-0.2049179971218109,0.8943041563034058,0.34746411442756653,0.5491073727607727,-0.21400435268878937,0.8630990982055664,0.33768361806869507,0.551543116569519,-0.1579788327217102,0.883014440536499,0.5003888010978699,0.5830153822898865,-0.015431425534188747,0.9988175630569458,0.446757435798645,0.5816022753715515,0.015495040453970432,0.9988402724266052,0.5146699547767639,0.6439937949180603,-0.004015650134533644,0.9748630523681641,0.43108129501342773,0.6461585164070129,-0.005665511824190617,0.9814756512641907,0.5384877324104309,0.6964731812477112,0.16057109832763672,0.9687854647636414,0.4093705713748932,0.6999163031578064,0.12790347635746002,0.97886723279953,0.5329279899597168,0.7024576663970947,0.17052264511585236,0.7428166270256042,0.41090279817581177,0.7062537670135498,0.13458400964736938,0.7090193629264832,0.5550647377967834,0.7182799577713013,0.04525850713253021,0.9586393237113953,0.38815730810165405,0.7244484424591064,0.001103124930523336,0.9637458920478821
61,0.464895635843277,0.4698396325111389,-0.16265670955181122,0.9988322257995605,0.46741482615470886,0.464722216129303,-0.15407325327396393,0.99781733751297,0.4710930287837982,0.4649311602115631,-0.15411584079265594,0.9975311160087585,0.4740585684776306,0.46512049436569214,-0.15415774285793304,0.9978119134902954,0.46042710542678833,0.46394455432891846,-0.14498482644557953,0.9978166818618774,0.45806699991226196,0.4636547863483429,-0.14502522349357605,0.9975727200508118,0.45658281445503235,0.4627781808376312,-0.1450406163930893,0.9980196952819824,0.47985103726387024,0.4673689007759094,-0.0749812051653862,0.9946756958961487,0.45829063653945923,0.46569308638572693,-0.03482898324728012,0.9953054785728455,0.46982282400131226,0.4767756760120392,-0.1300915628671646,0.9968042373657227,0.4580368399620056,0.47573322057724,-0.11861055344343185,0.9973509311676025,0.5065032243728638,0.4970393776893616,-0.07550137490034103,0.9996553659439087,0.4275309443473816,0.49558407068252563,0.05105661228299141,0.9997836351394653,0.4527323544025421,0.5304858088493347,-0.12538383901119232,0.9602209329605103,0.3951345384120941,0.5255524516105652,0.03028479963541031,0.9255021810531616,0.36289024353027344,0.5433947443962097,-0.19784940779209137,0.9328706860542297,0.3416312038898468,0.5421885251998901,-0.13417981564998627,0.9136061668395996,0.3389231264591217,0.5465937256813049,-0.23721350729465485,0.8842077255249023,0.3222971558570862,0.5457063913345337,-0.16802538931369781,0.8780257105827332,0.33534324169158936,0.5442554354667664,-0.23572589457035065,0.8847829699516296,0.32291173934936523,0.5439826846122742,-0.190904438495636,0.8879193663597107,0.3434538245201111,0.5430819392204285,-0.1980808973312378,0.8603506088256836,0.33023372292518616,0.5428528189659119,-0.1487143635749817,0.8773061037063599,0.4998970925807953,0.5817739963531494,-0.019284803420305252,0.9988755583763123,0.4461013972759247,0.5808678865432739,0.019330944865942,0.9989222884178162,0.5163464546203613,0.645107090473175,0.03234976530075073,0.9752192497253418,0.4302087426185608,0.6458693146705627,-0.0175311416387558,0.9821731448173523,0.5408675670623779,0.6957777738571167,0.2237948626279831,0.9687432646751404,0.4086233079433441,0.7021389603614807,0.1195848137140274,0.9798218011856079,0.5374165177345276,0.7018687725067139,0.2371073067188263,0.7413600087165833,0.41075313091278076,0.7084569931030273,0.12715516984462738,0.7191998958587646,0.5567821860313416,0.7178704142570496,0.12107279896736145,0.9584751129150391,0.3872562050819397,0.7249611020088196,-0.004622848238795996,0.9652873873710632
62,0.4648079574108124,0.47486212849617004,-0.1961497962474823,0.9988477826118469,0.471256822347641,0.4689023792743683,-0.18719075620174408,0.9978564381599426,0.47482722997665405,0.4689905345439911,-0.1872178465127945,0.997565507888794,0.4786510765552521,0.4689897298812866,-0.18724536895751953,0.9978300929069519,0.46216708421707153,0.4678225517272949,-0.17831027507781982,0.9978460669517517,0.45981812477111816,0.467276394367218,-0.17835697531700134,0.9975943565368652,0.45701226592063904,0.46683329343795776,-0.17838738858699799,0.9980330467224121,0.48345184326171875,0.4697580337524414,-0.10292170941829681,0.9947558641433716,0.4573821723461151,0.4679049253463745,-0.06399247795343399,0.9953140020370483,0.4739770293235779,0.48155027627944946,-0.16136808693408966,0.9966871738433838,0.46049782633781433,0.4797843396663666,-0.1502237319946289,0.9973089694976807,0.5082730650901794,0.4965353310108185,-0.09965965151786804,0.9995887875556946,0.42678219079971313,0.4952733814716339,0.023837506771087646,0.9997605085372925,0.4513114392757416,0.5296503305435181,-0.16789710521697998,0.9588086605072021,0.3843986690044403,0.5248772501945496,-0.013862050138413906,0.9179955124855042,0.357901006937027,0.5399150252342224,-0.25674253702163696,0.9317379593849182,0.3233735263347626,0.5355492830276489,-0.19808954000473022,0.9098156094551086,0.33305785059928894,0.5406904816627502,-0.29980790615081787,0.8830386996269226,0.30132701992988586,0.5370346307754517,-0.23654961585998535,0.8746146559715271,0.33007270097732544,0.5370293259620667,-0.29749900102615356,0.8833945989608765,0.30717286467552185,0.5354101657867432,-0.2585115432739258,0.8848282694816589,0.33894574642181396,0.5368174910545349,-0.2573932409286499,0.8582760691642761,0.31472083926200867,0.5352280139923096,-0.2131827026605606,0.8750325441360474,0.49891385436058044,0.5827389359474182,-0.016352759674191475,0.9989067912101746,0.44483110308647156,0.5802233815193176,0.01641344092786312,0.9989858269691467,0.5137768983840942,0.6451913118362427,0.047522276639938354,0.9749815464019775,0.42864933609962463,0.6459578275680542,-0.02788718231022358,0.9826054573059082,0.5392329096794128,0.694922685623169,0.2442191243171692,0.9680932760238647,0.4079095721244812,0.6996177434921265,0.11605364084243774,0.9804332256317139,0.534614086151123,0.7011517882347107,0.2580797076225281,0.7378199696540833,0.40972864627838135,0.7058942317962646,0.12444568425416946,0.7261254787445068,0.5558592081069946,0.7160603404045105,0.14099127054214478,0.9575024843215942,0.3886968493461609,0.7247191071510315,-0.009115112014114857,0.9662309885025024
63,0.4565959572792053,0.47690773010253906,-0.26885971426963806,0.9988059997558594,0.4628885090351105,0.4709987938404083,-0.26378583908081055,0.9977954030036926,0.46719038486480713,0.47097066044807434,-0.2638505697250366,0.9974884986877441,0.47112083435058594,0.47075778245925903,-0.26390349864959717,0.9977512955665588,0.45460042357444763,0.4700615704059601,-0.25396111607551575,0.997779369354248,0.4528520107269287,0.46948397159576416,-0.254038006067276,0.9975130558013916,0.4513733685016632,0.4688934087753296,-0.25408247113227844,0.9979718327522278,0.47985273599624634,0.4714026153087616,-0.1831081211566925,0.9946653246879578,0.4526568353176117,0.4689858853816986,-0.14000838994979858,0.9951521158218384,0.46537184715270996,0.48320499062538147,-0.23382091522216797,0.9964306950569153,0.45322123169898987,0.48161283135414124,-0.22146177291870117,0.9971588253974915,0.5040299296379089,0.49634042382240295,-0.1730322539806366,0.9994792938232422,0.424315869808197,0.4944213330745697,-0.03953035920858383,0.9997233152389526,0.43950286507606506,0.5268700122833252,-0.228876993060112,0.9575210213661194,0.3718385696411133,0.5237593054771423,-0.07920821756124496,0.9071305394172668,0.3450535535812378,0.5346619486808777,-0.2874112129211426,0.928991436958313,0.3227725028991699,0.5318228602409363,-0.259555846452713,0.9026136994361877,0.3242688477039337,0.5353314280509949,-0.32836630940437317,0.8790367841720581,0.30168524384498596,0.53199702501297,-0.29910802841186523,0.8673239946365356,0.3217802941799164,0.5323678255081177,-0.32821905612945557,0.8792609572410583,0.30245667695999146,0.5297510623931885,-0.3165725767612457,0.8780744671821594,0.32428911328315735,0.5314273238182068,-0.28821292519569397,0.853192925453186,0.3111927807331085,0.5300610661506653,-0.2726989686489105,0.8690333962440491,0.49678176641464233,0.5809863805770874,-0.021889032796025276,0.9988355040550232,0.44279998540878296,0.5792848467826843,0.02191772125661373,0.998990535736084,0.5114883184432983,0.6446437239646912,0.014650166034698486,0.9746485948562622,0.425555944442749,0.6454565525054932,-0.014536561444401741,0.9825307726860046,0.5402098894119263,0.6956266164779663,0.20313647389411926,0.9673520922660828,0.4097216725349426,0.699410617351532,0.13308647274971008,0.9806548357009888,0.5368815064430237,0.7017344236373901,0.2169756293296814,0.732413649559021,0.4125281870365143,0.7067161202430725,0.14229723811149597,0.7311651110649109,0.5535560250282288,0.7196219563484192,0.09903617203235626,0.9561722874641418,0.38569432497024536,0.7237588763237,0.011415964923799038,0.9664412140846252
64,0.4494217336177826,0.4756428599357605,-0.23476143181324005,0.9987538456916809,0.45767027139663696,0.47073063254356384,-0.23021849989891052,0.9977231025695801,0.4615732729434967,0.4706423580646515,-0.2302863895893097,0.9974048733711243,0.46642404794692993,0.4704675078392029,-0.2303277999162674,0.9976745247840881,0.4501389265060425,0.4698391258716583,-0.21633507311344147,0.9976516366004944,0.4487496018409729,0.46866756677627563,-0.2163713425397873,0.997347354888916,0.44783827662467957,0.4681166112422943,-0.21639947593212128,0.9978387951850891,0.47731661796569824,0.4707554280757904,-0.15932919085025787,0.9944776892662048,0.45219144225120544,0.4687059223651886,-0.09704187512397766,0.9946838617324829,0.45911315083503723,0.48166224360466003,-0.20470105111598969,0.9958887100219727,0.44835349917411804,0.48029622435569763,-0.18676836788654327,0.9966821074485779,0.501931369304657,0.49635079503059387,-0.1653779298067093,0.9993187189102173,0.4263792932033539,0.4938987195491791,0.004302894696593285,0.9996275305747986,0.4329060912132263,0.5247780680656433,-0.23868148028850555,0.9578216671943665,0.37406402826309204,0.5227198004722595,-0.010366518050432205,0.8968023657798767,0.34969863295555115,0.5267032980918884,-0.28973081707954407,0.928838312625885,0.30911150574684143,0.5239435434341431,-0.16608741879463196,0.8984361290931702,0.3177838623523712,0.5283298492431641,-0.3297230303287506,0.8784047365188599,0.2875395715236664,0.5232430100440979,-0.19743211567401886,0.8627710342407227,0.3166380524635315,0.5252735614776611,-0.32696905732154846,0.8783882260322571,0.28659382462501526,0.5204952359199524,-0.22050176560878754,0.8740208745002747,0.323133647441864,0.5257685780525208,-0.2894272208213806,0.8519088625907898,0.29692342877388,0.5219264626502991,-0.1816800832748413,0.8662267327308655,0.4951644837856293,0.5826157927513123,-0.031750235706567764,0.9987685680389404,0.4420744478702545,0.5814982056617737,0.031786926090717316,0.9989922642707825,0.5114690065383911,0.6456697583198547,-0.003655878594145179,0.9752840995788574,0.4241859018802643,0.6470531225204468,-0.00987649243324995,0.9832540154457092,0.5420899987220764,0.6970860958099365,0.18137629330158234,0.9681831002235413,0.4097772240638733,0.7000791430473328,0.14119082689285278,0.9814773797988892,0.5394176840782166,0.703087568283081,0.19453561305999756,0.732865571975708,0.41270557045936584,0.7069687247276306,0.15071028470993042,0.7401478290557861,0.5540485978126526,0.7187840342521667,0.07390260696411133,0.9569611549377441,0.38519594073295593,0.7240564823150635,0.023748790845274925,0.967674195766449
65,0.4531405568122864,0.4764617681503296,-0.2717284858226776,0.9986966848373413,0.460507869720459,0.4697130620479584,-0.26899391412734985,0.9976522326469421,0.4655638039112091,0.4694494307041168,-0.2690776288509369,0.9973332285881042,0.47008955478668213,0.46909207105636597,-0.2691306471824646,0.9976053833961487,0.45095697045326233,0.46914365887641907,-0.2553580701351166,0.9975425601005554,0.4490199089050293,0.4686058461666107,-0.2554360330104828,0.9972015619277954,0.447513222694397,0.4680788815021515,-0.25548943877220154,0.9977310299873352,0.4794413149356842,0.4693799614906311,-0.20007483661174774,0.994258463382721,0.4509877860546112,0.4683022201061249,-0.1384018063545227,0.9943329691886902,0.4651491940021515,0.48287227749824524,-0.24138082563877106,0.9953641295433044,0.4503140449523926,0.4811639189720154,-0.22366032004356384,0.9963105320930481,0.5020780563354492,0.4955747723579407,-0.19856049120426178,0.9991604685783386,0.4271823763847351,0.49309125542640686,-0.03873635083436966,0.9995347857475281,0.4145134687423706,0.5222676396369934,-0.2642804980278015,0.9567933082580566,0.385093629360199,0.5212502479553223,-0.04443589225411415,0.8796897530555725,0.32543250918388367,0.5206879377365112,-0.296370267868042,0.9259845018386841,0.3245687782764435,0.5220539569854736,-0.17703449726104736,0.8835495710372925,0.30967941880226135,0.5196367502212524,-0.33541959524154663,0.8747044801712036,0.30903008580207825,0.5238990783691406,-0.2075835019350052,0.8468421101570129,0.3072897791862488,0.5170214176177979,-0.330290287733078,0.8742092251777649,0.30718734860420227,0.5219684839248657,-0.22567306458950043,0.8587836027145386,0.30867353081703186,0.517285943031311,-0.294615775346756,0.8464124202728271,0.3163648247718811,0.5205684304237366,-0.18951058387756348,0.8520181179046631,0.4931327998638153,0.5810327529907227,-0.026243913918733597,0.9985918402671814,0.4409240484237671,0.5786744952201843,0.026287827640771866,0.9989226460456848,0.5110151171684265,0.6449431777000427,0.016270555555820465,0.9744208455085754,0.4239528775215149,0.6456863284111023,-0.01191063690930605,0.9833385348320007,0.5421967506408691,0.694807767868042,0.2082246094942093,0.9675907492637634,0.40995681285858154,0.6973880529403687,0.14550195634365082,0.9815205931663513,0.5395966172218323,0.700342059135437,0.22302547097206116,0.7282677888870239,0.41241902112960815,0.7042897343635559,0.1565634310245514,0.7440313696861267,0.5555211305618286,0.716624915599823,0.1094854548573494,0.9558143615722656,0.3887929618358612,0.7239791750907898,0.03349975496530533,0.9677048921585083
66,0.441313773393631,0.466122567653656,-0.15395978093147278,0.9985970258712769,0.4508511424064636,0.4599742889404297,-0.15633732080459595,0.9975318312644958,0.45462241768836975,0.4601210057735443,-0.15642014145851135,0.9971834421157837,0.4580550789833069,0.4603484570980072,-0.1564922332763672,0.9974818229675293,0.4457249045372009,0.45961254835128784,-0.1335233896970749,0.9973499178886414,0.44562509655952454,0.4595036804676056,-0.13355523347854614,0.9969243407249451,0.44576993584632874,0.45943987369537354,-0.13360609114170074,0.9975147247314453,0.47128552198410034,0.4644930064678192,-0.12300338596105576,0.9939146041870117,0.45432204008102417,0.4632483124732971,-0.02026587910950184,0.993472695350647,0.45010724663734436,0.4725506901741028,-0.13853278756141663,0.9946359395980835,0.4428325295448303,0.4719413220882416,-0.10892757773399353,0.9955738186836243,0.49314969778060913,0.4968279004096985,-0.1647084802389145,0.9989979863166809,0.4345546364784241,0.492347776889801,0.07719386368989944,0.9993945360183716,0.4115065932273865,0.5194017887115479,-0.2240428328514099,0.9570834636688232,0.3934421241283417,0.5194866061210632,0.09381372481584549,0.832750678062439,0.33022215962409973,0.5157891511917114,-0.20546787977218628,0.9250674843788147,0.3674120008945465,0.5306015610694885,-0.019402936100959778,0.8477324843406677,0.3131782114505768,0.5143497586250305,-0.23713678121566772,0.8743611574172974,0.35331955552101135,0.5394715070724487,-0.04146020859479904,0.8116162419319153,0.3111325204372406,0.5115708708763123,-0.22993002831935883,0.873306393623352,0.3581492006778717,0.5385507941246033,-0.05827580392360687,0.8239045739173889,0.31633254885673523,0.5118791460990906,-0.20072080194950104,0.8445641398429871,0.36536362767219543,0.5367608666419983,-0.03144461289048195,0.8193767070770264,0.4908933937549591,0.5836779475212097,-0.048871953040361404,0.9985440373420715,0.4392523169517517,0.5815290808677673,0.048870332539081573,0.9989168643951416,0.5113365650177002,0.647267758846283,0.004895369987934828,0.9749060869216919,0.42139342427253723,0.6459001898765564,0.03186064213514328,0.9838451743125916,0.5408356189727783,0.6961692571640015,0.1959482580423355,0.9682826399803162,0.41070348024368286,0.6974362134933472,0.19018447399139404,0.981932520866394,0.5381113290786743,0.7014574408531189,0.2110206037759781,0.729927122592926,0.41443488001823425,0.7042388319969177,0.20169000327587128,0.7537515163421631,0.5548239350318909,0.7161864042282104,0.10432441532611847,0.9560503959655762,0.38789770007133484,0.7209414839744568,0.09448733180761337,0.9682488441467285
67,0.4450902044773102,0.4686766266822815,-0.12943151593208313,0.9985672831535339,0.45260074734687805,0.4621438980102539,-0.12839768826961517,0.9975156784057617,0.4568559229373932,0.46229317784309387,-0.12844230234622955,0.9971442818641663,0.4603862762451172,0.4624423682689667,-0.12848787009716034,0.997462809085846,0.44749411940574646,0.46164068579673767,-0.10930673032999039,0.9973185062408447,0.4461640417575836,0.4614354968070984,-0.10934625566005707,0.9968464374542236,0.4458754062652588,0.46132415533065796,-0.10938703268766403,0.997462809085846,0.4723661243915558,0.46567851305007935,-0.08220944553613663,0.9937803149223328,0.45276951789855957,0.46418726444244385,0.003509271191433072,0.9931361079216003,0.4525291919708252,0.4752386510372162,-0.10910774022340775,0.994202196598053,0.4444299340248108,0.4741612672805786,-0.08449677377939224,0.9951608777046204,0.4927045404911041,0.49464523792266846,-0.11882513761520386,0.9988691806793213,0.43409252166748047,0.49439069628715515,0.09216135740280151,0.9993188381195068,0.41736096143722534,0.5156802535057068,-0.18035757541656494,0.9549135565757751,0.39477071166038513,0.5174476504325867,0.08779200166463852,0.7987950444221497,0.33316710591316223,0.5117006301879883,-0.18360820412635803,0.9217888116836548,0.3883752226829529,0.5381423830986023,-0.044791463762521744,0.8209158778190613,0.3157418370246887,0.5089572668075562,-0.21857139468193054,0.8715530633926392,0.3806105852127075,0.5461622476577759,-0.07367995381355286,0.7852041721343994,0.31465181708335876,0.5065186619758606,-0.21109624207019806,0.8698789477348328,0.38726261258125305,0.5415415167808533,-0.08438574522733688,0.7972878813743591,0.3196810483932495,0.507246732711792,-0.17941969633102417,0.8401684165000916,0.38836729526519775,0.5406864285469055,-0.05435595661401749,0.7937397360801697,0.48996293544769287,0.5806505084037781,-0.04238513484597206,0.9985825419425964,0.4393547475337982,0.5796450972557068,0.04234163835644722,0.9989627599716187,0.5098639130592346,0.6457302570343018,0.0038936054334044456,0.9745526909828186,0.42089954018592834,0.6461986899375916,0.03591929376125336,0.9835817813873291,0.5428375601768494,0.6953110098838806,0.1718229204416275,0.9680197238922119,0.4091673791408539,0.6981605887413025,0.17686066031455994,0.9816959500312805,0.540826141834259,0.7007429599761963,0.18457944691181183,0.726883590221405,0.4137240946292877,0.7042649388313293,0.18639534711837769,0.7581694722175598,0.5551905035972595,0.7156125903129578,0.07649437338113785,0.9550232291221619,0.3876400589942932,0.7217451930046082,0.07671096175909042,0.9677426218986511
68,0.43837806582450867,0.4667898118495941,-0.11963560432195663,0.9985281825065613,0.44686371088027954,0.46126729249954224,-0.12027627229690552,0.9974954128265381,0.44983619451522827,0.4615977108478546,-0.12032997608184814,0.9970955848693848,0.4538019597530365,0.46201735734939575,-0.12039482593536377,0.9974387288093567,0.44172102212905884,0.4606627821922302,-0.099097341299057,0.9972844123840332,0.44141873717308044,0.4606055021286011,-0.0991537794470787,0.9967659711837769,0.4413847029209137,0.46062034368515015,-0.09919726103544235,0.997410237789154,0.4677693247795105,0.4664117097854614,-0.08055773377418518,0.9937320947647095,0.44841209053993225,0.46458277106285095,0.014709264039993286,0.9928961396217346,0.4464234709739685,0.4737569987773895,-0.10159248858690262,0.9937835335731506,0.43925923109054565,0.47289761900901794,-0.07419652491807938,0.9946608543395996,0.4882355332374573,0.49486032128334045,-0.12641654908657074,0.9986203908920288,0.43208590149879456,0.49465981125831604,0.10331124812364578,0.9991943836212158,0.40800347924232483,0.5141507387161255,-0.19378571212291718,0.9512842893600464,0.3913198709487915,0.5156554579734802,0.07067377120256424,0.7613154053688049,0.3314209282398224,0.5070195198059082,-0.1816108673810959,0.9155545234680176,0.38010597229003906,0.5194994807243347,-0.08775779604911804,0.794279932975769,0.3159448206424713,0.5044891834259033,-0.21408256888389587,0.8652797937393188,0.3748558759689331,0.5218942165374756,-0.12051691114902496,0.7597042322158813,0.3163653612136841,0.5006957650184631,-0.2089417725801468,0.8630788922309875,0.3818988502025604,0.5198219418525696,-0.1244589239358902,0.7713276743888855,0.3194774091243744,0.5017603635787964,-0.17815609276294708,0.8324064016342163,0.38653281331062317,0.5186631679534912,-0.09587280452251434,0.7687245607376099,0.4899214506149292,0.5809429287910461,-0.05263713002204895,0.9986034631729126,0.4396410584449768,0.581201434135437,0.05253981053829193,0.9990004301071167,0.5081125497817993,0.6459254026412964,-0.01987479254603386,0.9747335910797119,0.4205947816371918,0.6479703187942505,0.06906487792730331,0.9831054210662842,0.5426729917526245,0.696573793888092,0.14455102384090424,0.968339741230011,0.4077194631099701,0.7013821005821228,0.21822422742843628,0.9814358949661255,0.5414385795593262,0.7018172740936279,0.15700137615203857,0.7260491847991943,0.41397935152053833,0.7071382999420166,0.2282896786928177,0.7640580534934998,0.5547108054161072,0.7175232172012329,0.04527140408754349,0.9545217156410217,0.38500097393989563,0.7236728072166443,0.12107270956039429,0.967060387134552
69,0.4403974711894989,0.4663599729537964,-0.15126897394657135,0.9985232949256897,0.4490166902542114,0.46039333939552307,-0.15528622269630432,0.9975422024726868,0.4518894553184509,0.46040692925453186,-0.1553749293088913,0.9971407055854797,0.45485275983810425,0.4605143964290619,-0.15544992685317993,0.9974836707115173,0.4444807767868042,0.4603838622570038,-0.13019806146621704,0.9972925186157227,0.44432154297828674,0.4603910744190216,-0.1302759200334549,0.9967446327209473,0.44437652826309204,0.46043631434440613,-0.1303023248910904,0.9973998665809631,0.4674723446369171,0.46401578187942505,-0.1254347413778305,0.9939298033714294,0.4510398507118225,0.46348318457603455,-0.011790996417403221,0.9928414821624756,0.44608762860298157,0.4722023010253906,-0.13650895655155182,0.9935808181762695,0.4407879412174225,0.4720139503479004,-0.10371644794940948,0.9944041967391968,0.4853358566761017,0.4944950044155121,-0.17951105535030365,0.9985440969467163,0.4328974187374115,0.4940831959247589,0.09359567612409592,0.9991000890731812,0.4113394021987915,0.5117719769477844,-0.2568184435367584,0.9502044320106506,0.38970133662223816,0.5133389234542847,0.07155605405569077,0.7219858169555664,0.3354027569293976,0.4997999370098114,-0.23223213851451874,0.9096174240112305,0.3495776355266571,0.4971085488796234,-0.08013714849948883,0.7726941704750061,0.31812891364097595,0.4944651424884796,-0.26447007060050964,0.8577784299850464,0.32227644324302673,0.4914037585258484,-0.10868120193481445,0.7402769327163696,0.3172535300254822,0.4909491539001465,-0.25615084171295166,0.8548899292945862,0.32229116559028625,0.4890778958797455,-0.11961771547794342,0.7519043684005737,0.3219850957393646,0.49240484833717346,-0.22747337818145752,0.8232223987579346,0.325873464345932,0.49098289012908936,-0.09204507619142532,0.7503758072853088,0.48782145977020264,0.5806715488433838,-0.07014002650976181,0.9986304640769958,0.4382420778274536,0.5799009799957275,0.0701371505856514,0.9990451335906982,0.5058580040931702,0.6445245742797852,-0.004469751846045256,0.9741681218147278,0.4178566038608551,0.6460368037223816,0.07415375858545303,0.9819811582565308,0.5414862036705017,0.693808376789093,0.19612158834934235,0.9673592448234558,0.41021281480789185,0.6989767551422119,0.24189786612987518,0.9805914759635925,0.5422155261039734,0.6985551714897156,0.21235248446464539,0.7243836522102356,0.41792216897010803,0.7052133083343506,0.25411489605903625,0.7721797823905945,0.5485866665840149,0.7152783274650574,0.10488804429769516,0.9527844190597534,0.3846731185913086,0.7225624918937683,0.1500469148159027,0.9662209749221802
70,0.4401768147945404,0.4685892164707184,-0.13464219868183136,0.9985228776931763,0.44758522510528564,0.4630478620529175,-0.1372077912092209,0.9975852370262146,0.4499923586845398,0.4630903899669647,-0.13727666437625885,0.9971727132797241,0.4535510838031769,0.4631722867488861,-0.13733510673046112,0.9975143671035767,0.4432629346847534,0.4627463221549988,-0.11437582969665527,0.9973127841949463,0.44302693009376526,0.46261927485466003,-0.11444174498319626,0.9967366456985474,0.44293323159217834,0.46250757575035095,-0.11446942389011383,0.9973978996276855,0.4653998613357544,0.4666370749473572,-0.10389953851699829,0.9940866231918335,0.44849592447280884,0.4657387137413025,-0.0004262030415702611,0.9928339123725891,0.4467708468437195,0.4743877351284027,-0.1187351793050766,0.9933940172195435,0.4407452344894409,0.4738357663154602,-0.0889311209321022,0.9941728711128235,0.4840046763420105,0.4958041310310364,-0.15494051575660706,0.9983960390090942,0.43227553367614746,0.4954518675804138,0.09208452701568604,0.9989975094795227,0.4094518721103668,0.5103656649589539,-0.23921076953411102,0.9483886361122131,0.39103126525878906,0.5109670162200928,0.05621868744492531,0.6942320466041565,0.3352844715118408,0.4948631823062897,-0.22537828981876373,0.9044865369796753,0.3605278432369232,0.49894291162490845,-0.09878796339035034,0.7589229345321655,0.3208905756473541,0.4897118806838989,-0.25834691524505615,0.8516579270362854,0.35066041350364685,0.49593430757522583,-0.129783496260643,0.7271158695220947,0.32046186923980713,0.4864864945411682,-0.24999313056468964,0.8481696248054504,0.3374501168727875,0.4877558648586273,-0.1374794989824295,0.7383361458778381,0.3257410526275635,0.4879634976387024,-0.2210719734430313,0.8157351613044739,0.359113484621048,0.4950384199619293,-0.10920825600624084,0.7374197840690613,0.4858889579772949,0.5807432532310486,-0.06221746653318405,0.9986565709114075,0.4375569224357605,0.5803460478782654,0.062177423387765884,0.9990859031677246,0.5047979354858398,0.6436465382575989,-0.013270537368953228,0.9739363789558411,0.41823968291282654,0.6457082629203796,0.0696524903178215,0.9812976717948914,0.5426514148712158,0.6939314603805542,0.17118039727210999,0.966855525970459,0.40799427032470703,0.7006959915161133,0.2244209349155426,0.9801069498062134,0.5426976680755615,0.6987459063529968,0.18585386872291565,0.723564624786377,0.41459688544273376,0.7061560153961182,0.23520049452781677,0.7794209718704224,0.5504260659217834,0.7155525088310242,0.07910874485969543,0.9513810873031616,0.3859294652938843,0.7241647839546204,0.13019433617591858,0.9654644727706909
71,0.4376233220100403,0.4675094485282898,-0.13328205049037933,0.9985679984092712,0.44515907764434814,0.46153703331947327,-0.1369304358959198,0.9976879358291626,0.44760021567344666,0.4614357650279999,-0.13701221346855164,0.9972827434539795,0.45130032300949097,0.46141737699508667,-0.1370796412229538,0.9976188540458679,0.4408462941646576,0.46142086386680603,-0.11124753206968307,0.9973593950271606,0.4407241642475128,0.46130988001823425,-0.11126473546028137,0.9967487454414368,0.4406973421573639,0.46120506525039673,-0.11125650256872177,0.9974033236503601,0.46495842933654785,0.4642109274864197,-0.10696689039468765,0.9943691492080688,0.4487616717815399,0.4634939134120941,0.010393918491899967,0.9927566647529602,0.4438531994819641,0.4731731414794922,-0.11884080618619919,0.9934054613113403,0.43833455443382263,0.47309815883636475,-0.08503106236457825,0.9939961433410645,0.48573699593544006,0.4932161569595337,-0.16273175179958344,0.9983332753181458,0.4292466938495636,0.49416494369506836,0.10871704667806625,0.998830258846283,0.4188770651817322,0.5086238980293274,-0.2813105583190918,0.9496095180511475,0.38150864839553833,0.5067455172538757,0.077194944024086,0.6788846254348755,0.3381173014640808,0.48974165320396423,-0.29924866557121277,0.9061446189880371,0.32991302013397217,0.4839624762535095,-0.08127999305725098,0.7586657404899597,0.3223019540309906,0.4840366244316101,-0.3373951017856598,0.8537038564682007,0.3127193748950958,0.47630947828292847,-0.10926636308431625,0.7263381481170654,0.32051241397857666,0.47977951169013977,-0.32255303859710693,0.849828839302063,0.3124425709247589,0.4736342132091522,-0.12142758071422577,0.7374667525291443,0.3260667324066162,0.48171180486679077,-0.2930130958557129,0.8170856833457947,0.3195304572582245,0.4770808815956116,-0.09433850646018982,0.7374451756477356,0.4852825105190277,0.580708920955658,-0.06659252941608429,0.9986746311187744,0.4364979863166809,0.5800889730453491,0.06662025302648544,0.9991127252578735,0.5057324171066284,0.6441622376441956,-0.014551389962434769,0.9739550352096558,0.41721099615097046,0.6459898352622986,0.0577586404979229,0.9816256761550903,0.5423628091812134,0.6948730945587158,0.1802680641412735,0.96702641248703,0.4077753722667694,0.7005032896995544,0.22698692977428436,0.9805400967597961,0.5420634746551514,0.6998686194419861,0.19504471123218536,0.7245428562164307,0.41493308544158936,0.7053643465042114,0.23899361491203308,0.7883895039558411,0.5531852841377258,0.7167036533355713,0.08062995970249176,0.9513744711875916,0.3850480914115906,0.7228103280067444,0.1309814602136612,0.9661684036254883
72,0.4354690611362457,0.4642348289489746,-0.09632034599781036,0.9986729621887207,0.44300371408462524,0.4587482810020447,-0.10043035447597504,0.9978728890419006,0.4451879560947418,0.45875462889671326,-0.10049936175346375,0.9974921941757202,0.4473375976085663,0.4587903320789337,-0.1005440279841423,0.9978017210960388,0.43943649530410767,0.45854437351226807,-0.07201213389635086,0.9975570440292358,0.43946701288223267,0.45846518874168396,-0.07202554494142532,0.9969760775566101,0.4396529793739319,0.4584147334098816,-0.07201573252677917,0.9975796341896057,0.4606124758720398,0.46257370710372925,-0.07653666287660599,0.99482262134552,0.44618481397628784,0.4621938169002533,0.053531672805547714,0.9932449460029602,0.44080260396003723,0.47018399834632874,-0.0844559445977211,0.99382084608078,0.4361093044281006,0.4700210690498352,-0.04706563055515289,0.9943063259124756,0.4785407781600952,0.49315372109413147,-0.15188716351985931,0.9982958436012268,0.4301778972148895,0.4950198829174042,0.14135226607322693,0.9986952543258667,0.4150448441505432,0.5066952109336853,-0.31427842378616333,0.9504067301750183,0.40007874369621277,0.5117716193199158,0.06654736399650574,0.6531904935836792,0.3408300578594208,0.48653194308280945,-0.35551780462265015,0.9075284600257874,0.3494431972503662,0.4890161454677582,-0.12253225594758987,0.7520543336868286,0.3257749378681183,0.4802512228488922,-0.39960402250289917,0.855704128742218,0.33583587408065796,0.48228392004966736,-0.15591518580913544,0.7192200422286987,0.325661301612854,0.47704046964645386,-0.3789290189743042,0.8513867259025574,0.3376362919807434,0.48027509450912476,-0.16397857666015625,0.7294943928718567,0.33129799365997314,0.47903209924697876,-0.34769436717033386,0.8186070322990417,0.3483327329158783,0.48334458470344543,-0.1346476525068283,0.7294811606407166,0.481382817029953,0.5797650814056396,-0.07847577333450317,0.9987639784812927,0.4328063130378723,0.5796297788619995,0.07852803170681,0.9991680383682251,0.5039492845535278,0.6452292799949646,-0.05210567265748978,0.9743372797966003,0.41750016808509827,0.6468012928962708,0.08579909056425095,0.9809067249298096,0.5434874296188354,0.6968612670898438,0.10959771275520325,0.9675804972648621,0.4067678451538086,0.702917218208313,0.24106504023075104,0.979864239692688,0.544162392616272,0.7015455365180969,0.12080167233943939,0.7263307571411133,0.414215624332428,0.7090645432472229,0.25137296319007874,0.7928966879844666,0.5488041043281555,0.7177190780639648,0.00030015583615750074,0.9512648582458496,0.38373810052871704,0.7239707708358765,0.14608152210712433,0.9651595950126648
73,0.42908862233161926,0.4659821391105652,-0.09582295268774033,0.9987919926643372,0.4366541802883148,0.46081721782684326,-0.10281001031398773,0.9980697631835938,0.43889352679252625,0.4609425961971283,-0.10288143157958984,0.997722327709198,0.4412589967250824,0.4610922932624817,-0.10292653739452362,0.9980024695396423,0.4337958097457886,0.4606735408306122,-0.07233907282352448,0.9977774620056152,0.4342108964920044,0.4607292115688324,-0.07234294712543488,0.9972414970397949,0.43483734130859375,0.4608024060726166,-0.07235728204250336,0.9977891445159912,0.4584696888923645,0.4647568166255951,-0.08731573075056076,0.99530029296875,0.4435057044029236,0.46481725573539734,0.050934623926877975,0.9938368201255798,0.4352477788925171,0.4726174473762512,-0.08662844449281693,0.9943354725837708,0.4315374493598938,0.4722105860710144,-0.046845223754644394,0.9947612881660461,0.4724293053150177,0.4928198456764221,-0.16143886744976044,0.998321533203125,0.4328029155731201,0.4969228208065033,0.14995884895324707,0.9985865354537964,0.40847519040107727,0.5015681385993958,-0.31786414980888367,0.9530270099639893,0.4018166959285736,0.5136800408363342,0.12529714405536652,0.6101459860801697,0.3401409089565277,0.47845742106437683,-0.3595867156982422,0.9124427437782288,0.3797251582145691,0.5102306604385376,-0.0217047780752182,0.722562313079834,0.3296634256839752,0.47052738070487976,-0.4034033715724945,0.8630303144454956,0.3713288903236389,0.5111241340637207,-0.04772968962788582,0.6917173266410828,0.3317297697067261,0.46861153841018677,-0.38230085372924805,0.8586370944976807,0.37557902932167053,0.510396420955658,-0.05869176983833313,0.7015863656997681,0.33379918336868286,0.4701990485191345,-0.35126107931137085,0.8266992568969727,0.3809630870819092,0.5100361704826355,-0.03349442780017853,0.7027057409286499,0.4788223206996918,0.5812021493911743,-0.0755513608455658,0.9988523721694946,0.43406763672828674,0.5807392597198486,0.07562156766653061,0.9992226362228394,0.5040217041969299,0.6464098691940308,-0.024578653275966644,0.9750558137893677,0.41605710983276367,0.6468396782875061,0.06600490212440491,0.9810930490493774,0.5418020486831665,0.6955090165138245,0.13543306291103363,0.9689379334449768,0.4071884751319885,0.7019016146659851,0.21202240884304047,0.9803504347801208,0.5422178506851196,0.7005240321159363,0.14695753157138824,0.7344197630882263,0.41396501660346985,0.7079364061355591,0.22173568606376648,0.8020768761634827,0.5498601794242859,0.7169895768165588,0.03367128223180771,0.9528138041496277,0.3851679861545563,0.7243784070014954,0.12132764607667923,0.9660698175430298
74,0.43123337626457214,0.46627336740493774,-0.12065324932336807,0.998892068862915,0.43784141540527344,0.46164560317993164,-0.12443613260984421,0.9982416033744812,0.4402366876602173,0.46174290776252747,-0.12450137734413147,0.9979200959205627,0.44373536109924316,0.46188560128211975,-0.12452663481235504,0.9981749057769775,0.4336906373500824,0.46135133504867554,-0.09750719368457794,0.9979686141014099,0.4334821403026581,0.46131277084350586,-0.09753002971410751,0.9974693059921265,0.43339061737060547,0.4612697660923004,-0.09753824770450592,0.997969388961792,0.4580147862434387,0.46552079916000366,-0.09670717269182205,0.9957144856452942,0.43964245915412903,0.46432730555534363,0.02646072395145893,0.9943556785583496,0.43748342990875244,0.47296392917633057,-0.10686656087636948,0.9947575330734253,0.432742714881897,0.4721572995185852,-0.07147424668073654,0.9951199889183044,0.4726904332637787,0.4934033155441284,-0.1643913835287094,0.9982138872146606,0.4239736497402191,0.4959372282028198,0.1112901121377945,0.9983353614807129,0.40621116757392883,0.49825164675712585,-0.3283771872520447,0.9534808397293091,0.3923259973526001,0.5071779489517212,0.026260502636432648,0.5822141170501709,0.3417064845561981,0.47518694400787354,-0.3754628598690033,0.91349858045578,0.355061411857605,0.4827824831008911,-0.1633482426404953,0.7099789381027222,0.3299279510974884,0.4676518738269806,-0.421114444732666,0.8647446632385254,0.3564784526824951,0.48417797684669495,-0.2000349760055542,0.6791005730628967,0.332806795835495,0.4658466577529907,-0.40254727005958557,0.8601112961769104,0.3461845815181732,0.47456803917884827,-0.20571842789649963,0.6881611347198486,0.33681416511535645,0.4672107398509979,-0.3692782521247864,0.8287171721458435,0.35409992933273315,0.47673603892326355,-0.17465241253376007,0.6893501877784729,0.47726598381996155,0.58137446641922,-0.0735878050327301,0.9989354610443115,0.42846807837486267,0.5817229747772217,0.07361780107021332,0.9992715120315552,0.5021324157714844,0.6459906101226807,-0.04082215949892998,0.9756982922554016,0.4147273302078247,0.6475306153297424,0.10247515141963959,0.9798634052276611,0.5433082580566406,0.696084201335907,0.11222244799137115,0.969988226890564,0.40830671787261963,0.699761152267456,0.26243266463279724,0.9792295694351196,0.5440468192100525,0.701267421245575,0.1227160170674324,0.739581286907196,0.41402027010917664,0.7064374685287476,0.2730977237224579,0.8036462068557739,0.5505778789520264,0.7181310057640076,0.003049592487514019,0.9536298513412476,0.38692185282707214,0.7221646904945374,0.17315557599067688,0.9645054936408997
75,0.4277428090572357,0.46397924423217773,-0.06815524399280548,0.9989843964576721,0.43509671092033386,0.45928651094436646,-0.08040185272693634,0.9983991384506226,0.4371401369571686,0.45951664447784424,-0.08047791570425034,0.9981033802032471,0.4391627907752991,0.459746778011322,-0.08052228391170502,0.9983344674110413,0.43142715096473694,0.4588753283023834,-0.046547386795282364,0.998141884803772,0.4316728413105011,0.45891374349594116,-0.04658512398600578,0.997675895690918,0.4320043921470642,0.45898276567459106,-0.046589985489845276,0.9981322884559631,0.4549217224121094,0.4635850191116333,-0.08872243016958237,0.9961040019989014,0.4425447881221771,0.4629393517971039,0.06480523943901062,0.9948341250419617,0.4335760772228241,0.47089892625808716,-0.06740723550319672,0.9951921701431274,0.4299038350582123,0.47045284509658813,-0.02304685488343239,0.995509147644043,0.4640750586986542,0.491102010011673,-0.1750381737947464,0.9983063340187073,0.43065184354782104,0.49548855423927307,0.16316133737564087,0.9983232617378235,0.3959912061691284,0.4966072142124176,-0.31464052200317383,0.9561750888824463,0.3907928466796875,0.5022086501121521,0.11493992805480957,0.5416898727416992,0.3412739932537079,0.4685346484184265,-0.3172222673892975,0.9181231260299683,0.35058271884918213,0.4776160418987274,-0.05927138775587082,0.6844125986099243,0.32745933532714844,0.46063849329948425,-0.3551609516143799,0.8717483878135681,0.34685418009757996,0.48001629114151,-0.08721522986888885,0.6559777855873108,0.3348871171474457,0.45885974168777466,-0.3342898488044739,0.8670375943183899,0.3463461995124817,0.47018226981163025,-0.09586881101131439,0.6644726395606995,0.33747079968452454,0.46035993099212646,-0.3079180121421814,0.836402952671051,0.3474995493888855,0.4705730378627777,-0.07157368957996368,0.66640704870224,0.47184833884239197,0.5797903537750244,-0.08859642595052719,0.999004602432251,0.4320750832557678,0.5792970061302185,0.0886707678437233,0.9993128776550293,0.5011404156684875,0.645486056804657,-0.02010284923017025,0.9755671620368958,0.4152030348777771,0.6471013426780701,0.0879802256822586,0.9775636792182922,0.5420998334884644,0.6954566240310669,0.13623946905136108,0.9704689979553223,0.40655121207237244,0.7022393345832825,0.23125135898590088,0.9776979088783264,0.5451433658599854,0.7012299299240112,0.14772996306419373,0.7481224536895752,0.4134514033794403,0.7089382410049438,0.24091355502605438,0.8091430068016052,0.5488406419754028,0.7154420018196106,0.0398891344666481,0.9542079567909241,0.383027583360672,0.7231767177581787,0.14839820563793182,0.9633969664573669
76,0.4254293441772461,0.4687198996543884,-0.07461903989315033,0.999061644077301,0.4315664768218994,0.4628426134586334,-0.08317907899618149,0.998534619808197,0.4335038363933563,0.4629458487033844,-0.08324456959962845,0.9982578158378601,0.4356189966201782,0.4630531370639801,-0.08328063040971756,0.9984686374664307,0.4288381040096283,0.4624995291233063,-0.05338279530405998,0.9982900619506836,0.4289373457431793,0.4623626172542572,-0.053426433354616165,0.9978494048118591,0.4291395843029022,0.4622160494327545,-0.05343509092926979,0.9982685446739197,0.4518788754940033,0.4664088487625122,-0.07708211243152618,0.9964331984519958,0.4385695159435272,0.46529531478881836,0.05820440873503685,0.9952414035797119,0.4303199350833893,0.4749837815761566,-0.0685899630188942,0.9955312609672546,0.42717626690864563,0.4743746817111969,-0.029567882418632507,0.9957975149154663,0.4649137258529663,0.4922592043876648,-0.1555170714855194,0.9982802271842957,0.42806553840637207,0.49446219205856323,0.14131002128124237,0.9982171654701233,0.39763179421424866,0.4961572587490082,-0.31317099928855896,0.9561704993247986,0.38640403747558594,0.49903830885887146,0.04399731010198593,0.5104970335960388,0.3520432710647583,0.4664125442504883,-0.34209075570106506,0.9196864366531372,0.35466063022613525,0.47141265869140625,-0.1640111207962036,0.670183539390564,0.3434101343154907,0.45953887701034546,-0.38273072242736816,0.874656617641449,0.3488031029701233,0.4731743633747101,-0.19937177002429962,0.6430541276931763,0.34952959418296814,0.45869937539100647,-0.36473384499549866,0.8699210286140442,0.3502320349216461,0.4635496139526367,-0.20354533195495605,0.6509442329406738,0.3513040244579315,0.45989465713500977,-0.33549419045448303,0.8398523926734924,0.35398176312446594,0.46801722049713135,-0.17551395297050476,0.6530953645706177,0.4728432297706604,0.5819669365882874,-0.0793229267001152,0.9990753531455994,0.4283294081687927,0.5806780457496643,0.07931693643331528,0.9993559718132019,0.5016753673553467,0.646686315536499,-0.035589803010225296,0.9759898781776428,0.4131646752357483,0.648082971572876,0.0990925282239914,0.9762452840805054,0.5439645051956177,0.6960387825965881,0.10055965930223465,0.9716143012046814,0.4073822498321533,0.701397716999054,0.24184273183345795,0.9770467281341553,0.5463998913764954,0.702610969543457,0.10932029038667679,0.7561547756195068,0.414314866065979,0.7075435519218445,0.2507757842540741,0.8130414485931396,0.5503817200660706,0.7177262902259827,-0.01022237166762352,0.9554240107536316,0.38482874631881714,0.7236409783363342,0.15068231523036957,0.9627140164375305
77,0.42207014560699463,0.466639906167984,-0.023115914314985275,0.9991422891616821,0.42816680669784546,0.4610997140407562,-0.03909943625330925,0.9986687898635864,0.4299739897251129,0.46113404631614685,-0.03912915661931038,0.9984150528907776,0.43189311027526855,0.46118125319480896,-0.03916244953870773,0.9986067414283752,0.42585453391075134,0.4608965814113617,-0.006689270492643118,0.9984416365623474,0.4262368083000183,0.4607865512371063,-0.006730599794536829,0.9980330467224121,0.4266977608203888,0.46066030859947205,-0.006770826876163483,0.9984155297279358,0.4455659091472626,0.46463820338249207,-0.06377848237752914,0.9967608451843262,0.43698737025260925,0.4639005959033966,0.08272744715213776,0.9956631660461426,0.4276336133480072,0.47334665060043335,-0.02748989500105381,0.9959210157394409,0.42499688267707825,0.4727917015552521,0.014896521344780922,0.9961549043655396,0.4553176462650299,0.4907395541667938,-0.1433381587266922,0.9984087347984314,0.43366214632987976,0.49269357323646545,0.16788648068904877,0.9982795715332031,0.3891296684741974,0.4933825731277466,-0.239082932472229,0.9578123092651367,0.3943048119544983,0.4988643229007721,0.1367313712835312,0.47309327125549316,0.3569028079509735,0.46305686235427856,-0.19909866154193878,0.9223164916038513,0.3742264211177826,0.4774225354194641,-0.006537777837365866,0.6369117498397827,0.349678099155426,0.4544629454612732,-0.22567054629325867,0.878945529460907,0.3849833309650421,0.4801422655582428,-0.029843062162399292,0.61219722032547,0.35555535554885864,0.45383283495903015,-0.21227379143238068,0.8741205334663391,0.3772360384464264,0.47189077734947205,-0.03522799164056778,0.6193011999130249,0.3578278422355652,0.4570196568965912,-0.1918184608221054,0.8448044657707214,0.389527827501297,0.48030030727386475,-0.016316253691911697,0.6212190389633179,0.4650048613548279,0.5790079236030579,-0.08470707386732101,0.9991399049758911,0.429528146982193,0.5781564116477966,0.0847117006778717,0.9993937015533447,0.4979354441165924,0.642776370048523,-0.007806429173797369,0.9759997129440308,0.413780152797699,0.6461540460586548,0.08772781491279602,0.9724600315093994,0.5429320335388184,0.6945806741714478,0.11667978763580322,0.9726499915122986,0.4071578085422516,0.6995890736579895,0.20935292541980743,0.974607527256012,0.5463568568229675,0.6996596455574036,0.1252291351556778,0.7681406140327454,0.4137580692768097,0.705713152885437,0.21679040789604187,0.8158639669418335,0.5496463179588318,0.7135832905769348,0.025177571922540665,0.9569404721260071,0.38725143671035767,0.7205564379692078,0.13235042989253998,0.9607335925102234
78,0.42174816131591797,0.4640297293663025,-0.03416994586586952,0.9992160797119141,0.42802128195762634,0.4591783583164215,-0.04716800898313522,0.9987922310829163,0.4297209084033966,0.4591725766658783,-0.04721355438232422,0.9985604882240295,0.43145209550857544,0.45916616916656494,-0.04724383354187012,0.9987346529960632,0.42570480704307556,0.4589786231517792,-0.017039885744452477,0.9985806345939636,0.4260022044181824,0.4588460922241211,-0.017088089138269424,0.9982016682624817,0.42635953426361084,0.4586927592754364,-0.01710832118988037,0.9985508918762207,0.44323310256004333,0.4622306227684021,-0.06021606922149658,0.9970646500587463,0.4352335035800934,0.46158769726753235,0.07615242898464203,0.9960581064224243,0.4271294176578522,0.4708162844181061,-0.03475121781229973,0.9962754249572754,0.42429107427597046,0.4703280031681061,0.004604524001479149,0.9964706301689148,0.4549405872821808,0.48883798718452454,-0.13603317737579346,0.9984953999519348,0.42666950821876526,0.49206429719924927,0.16072316467761993,0.9982607364654541,0.3925895690917969,0.49172690510749817,-0.26965823769569397,0.9593371152877808,0.3861998915672302,0.4944997727870941,0.14489874243736267,0.4432836174964905,0.35998451709747314,0.46128591895103455,-0.28615260124206543,0.9240554571151733,0.3621206283569336,0.4672575294971466,0.0322139598429203,0.6118292808532715,0.3555763363838196,0.45306986570358276,-0.3190143406391144,0.8820614218711853,0.35782092809677124,0.45968106389045715,0.012060865759849548,0.589118480682373,0.35976213216781616,0.45290982723236084,-0.30511483550071716,0.8772109150886536,0.3633507788181305,0.4598294496536255,0.007950333878397942,0.5955134034156799,0.36141422390937805,0.4560779929161072,-0.28066927194595337,0.8487417101860046,0.3650417625904083,0.46165868639945984,0.024064602330327034,0.5980603694915771,0.46494269371032715,0.5780357122421265,-0.08452066034078598,0.9992002248764038,0.42830947041511536,0.5779408812522888,0.08454065769910812,0.9994268417358398,0.4996354877948761,0.6439749598503113,-0.04810391366481781,0.976084291934967,0.41207703948020935,0.6458328366279602,0.11282629519701004,0.9674089550971985,0.5420254468917847,0.6952025890350342,0.0484439842402935,0.9734333157539368,0.40836361050605774,0.7003961205482483,0.23094303905963898,0.971038281917572,0.5442036390304565,0.700117826461792,0.05453075096011162,0.7786293029785156,0.41502147912979126,0.706836998462677,0.23785629868507385,0.8169441223144531,0.5467174053192139,0.7168353199958801,-0.05011041834950447,0.9580090641975403,0.3860672116279602,0.7212784886360168,0.1563224345445633,0.9572163224220276
79,0.42035430669784546,0.4618430435657501,-0.006533979903906584,0.99928879737854,0.42665860056877136,0.45630118250846863,-0.025347759947180748,0.9989081621170044,0.42807039618492126,0.4563102424144745,-0.025390850380063057,0.9986979961395264,0.42936190962791443,0.4563315510749817,-0.025409255176782608,0.9988555312156677,0.42536821961402893,0.4561539590358734,0.006652759853750467,0.9987141489982605,0.4259055256843567,0.4560704827308655,0.006593759637326002,0.9983674883842468,0.4264805316925049,0.4559667706489563,0.006583945360034704,0.9986843466758728,0.43896836042404175,0.45993009209632874,-0.06231554597616196,0.9973486065864563,0.4356517791748047,0.459438294172287,0.08217426389455795,0.996434211730957,0.4250139892101288,0.46846622228622437,-0.015463216230273247,0.9966260194778442,0.42283499240875244,0.46798399090766907,0.026364438235759735,0.9967979192733765,0.4512738883495331,0.48414599895477295,-0.1408267766237259,0.9986267685890198,0.4386924207210541,0.48872312903404236,0.16664643585681915,0.9983720183372498,0.3829651176929474,0.49109870195388794,-0.24741703271865845,0.9614994525909424,0.39498552680015564,0.4962508976459503,0.19057229161262512,0.4135001301765442,0.360899418592453,0.4577859044075012,-0.23070384562015533,0.926888644695282,0.37238040566444397,0.4682784080505371,0.12525467574596405,0.5839968919754028,0.3567656874656677,0.45021626353263855,-0.25747355818748474,0.8866385221481323,0.37068477272987366,0.4610975384712219,0.11416404694318771,0.5638585686683655,0.3646116256713867,0.44999587535858154,-0.246012881398201,0.8818058967590332,0.37496596574783325,0.4616505801677704,0.10893848538398743,0.5691507458686829,0.36542558670043945,0.452303022146225,-0.22508887946605682,0.8543261289596558,0.3814120292663574,0.4638819098472595,0.11867497861385345,0.5716152191162109,0.4592706561088562,0.5767767429351807,-0.09081732481718063,0.9992660880088806,0.43245530128479004,0.5755971074104309,0.09080328792333603,0.9994679689407349,0.49639973044395447,0.6438086032867432,-0.03514133021235466,0.9756413698196411,0.41418278217315674,0.6447027325630188,0.11041348427534103,0.9610403776168823,0.5439342856407166,0.695205807685852,0.0482405461370945,0.9741633534431458,0.40884897112846375,0.7004811763763428,0.21372048556804657,0.9666866660118103,0.5488755106925964,0.7020245790481567,0.053788259625434875,0.789320170879364,0.4159122407436371,0.70660799741745,0.21950943768024445,0.8193551301956177,0.5468082427978516,0.7164596319198608,-0.04113316163420677,0.9586723446846008,0.3858925402164459,0.7213737368583679,0.145207017660141,0.9527270793914795
80,0.4174600839614868,0.4645671844482422,-0.05470122769474983,0.999358057975769,0.4228127896785736,0.4592428207397461,-0.06821414083242416,0.9990159869194031,0.42449527978897095,0.4591299593448639,-0.06822991371154785,0.9988264441490173,0.426250696182251,0.45903676748275757,-0.06824268400669098,0.9989686012268066,0.42056214809417725,0.45934441685676575,-0.0401885062456131,0.99884033203125,0.4207950532436371,0.45929858088493347,-0.040223632007837296,0.9985264539718628,0.42105352878570557,0.459230899810791,-0.0402749665081501,0.9988125562667847,0.43657803535461426,0.462289959192276,-0.07796037197113037,0.9976112842559814,0.42815807461738586,0.46218347549438477,0.04809235408902168,0.9967867136001587,0.42218726873397827,0.4710094630718231,-0.0545012503862381,0.9969559907913208,0.4193779528141022,0.4703083038330078,-0.01819070801138878,0.9971100687980652,0.4446532130241394,0.48896366357803345,-0.1373426616191864,0.998742401599884,0.42367586493492126,0.4912058115005493,0.14072062075138092,0.9984645247459412,0.38446539640426636,0.48676297068595886,-0.28176411986351013,0.9637806415557861,0.3829117715358734,0.4875369966030121,0.24565666913986206,0.39895951747894287,0.36971524357795715,0.45631226897239685,-0.31877225637435913,0.9281280636787415,0.3856376111507416,0.4624859392642975,0.3240077495574951,0.5521829128265381,0.36892199516296387,0.44729354977607727,-0.34766748547554016,0.8880302906036377,0.415413498878479,0.46019190549850464,0.3319217264652252,0.5295185446739197,0.3738365173339844,0.4476270079612732,-0.3360671103000641,0.8829946517944336,0.41709986329078674,0.4607541859149933,0.33141061663627625,0.5334067344665527,0.3739616870880127,0.45147594809532166,-0.3147132098674774,0.8565689325332642,0.4154995381832123,0.463019996881485,0.3234435021877289,0.5361283421516418,0.4656752943992615,0.5796830058097839,-0.08025379478931427,0.9993256330490112,0.4265716075897217,0.5802279114723206,0.08013386279344559,0.9995031952857971,0.49756142497062683,0.6448208689689636,-0.04674568772315979,0.9755555987358093,0.4117189943790436,0.6468109488487244,0.10201951116323471,0.9574000239372253,0.5428711175918579,0.694897472858429,0.039629481732845306,0.975213885307312,0.4077831208705902,0.7002529501914978,0.20883293449878693,0.9645076394081116,0.545840859413147,0.7010295987129211,0.04625490680336952,0.8019801378250122,0.41464895009994507,0.7064875364303589,0.21455058455467224,0.8245753645896912,0.5506619215011597,0.71803879737854,-0.04902438819408417,0.960138738155365,0.38726162910461426,0.7216295599937439,0.13626378774642944,0.9501016736030579
81,0.4101545512676239,0.46241098642349243,-0.06065085902810097,0.9994117617607117,0.41720640659332275,0.45615071058273315,-0.07470031827688217,0.9991053342819214,0.41919374465942383,0.4560680389404297,-0.07474635541439056,0.9989325404167175,0.4209928810596466,0.4560866951942444,-0.07477972656488419,0.9990625381469727,0.414910227060318,0.4565010368824005,-0.04482844099402428,0.9989412426948547,0.4151674509048462,0.4566192030906677,-0.04491128399968147,0.998649001121521,0.4142098128795624,0.45680713653564453,-0.04496082291007042,0.9989120364189148,0.4334258735179901,0.46052461862564087,-0.08826566487550735,0.9978327751159668,0.42260462045669556,0.4604964554309845,0.045428164303302765,0.997078001499176,0.41648203134536743,0.4696412682533264,-0.061699457466602325,0.9972186088562012,0.4128095805644989,0.46920886635780334,-0.023106731474399567,0.9973571300506592,0.44089192152023315,0.488491415977478,-0.14927555620670319,0.9988273978233337,0.41707172989845276,0.49029725790023804,0.14841997623443604,0.9985200762748718,0.3869161903858185,0.4887842833995819,-0.2519434690475464,0.9640728235244751,0.3759201467037201,0.4896850287914276,0.22613058984279633,0.3753119111061096,0.3744421601295471,0.4517606496810913,-0.23950570821762085,0.9242078065872192,0.3766881227493286,0.461375892162323,0.23965781927108765,0.5190800428390503,0.37480103969573975,0.44524091482162476,-0.26378917694091797,0.8832126259803772,0.37671080231666565,0.45407992601394653,0.24105620384216309,0.49779993295669556,0.3795582354068756,0.44578900933265686,-0.2535390853881836,0.8777976036071777,0.38155630230903625,0.45448753237724304,0.23669208586215973,0.5010190010070801,0.37936893105506897,0.44856446981430054,-0.23486268520355225,0.8515167832374573,0.3819877803325653,0.45584040880203247,0.23550547659397125,0.5043578147888184,0.46134358644485474,0.5785537958145142,-0.0881272479891777,0.9993686676025391,0.4235396683216095,0.5784363150596619,0.08807340264320374,0.999530017375946,0.4948025047779083,0.6426655054092407,-0.03895430266857147,0.9747557640075684,0.4095994234085083,0.6441461443901062,0.1087513342499733,0.9502203464508057,0.5430861711502075,0.6937986612319946,0.062033943831920624,0.9752185344696045,0.4070195257663727,0.6989453434944153,0.21868810057640076,0.9603090882301331,0.5474758148193359,0.6985438466072083,0.0698636844754219,0.8094087839126587,0.4145405888557434,0.7053390145301819,0.22545766830444336,0.8271654844284058,0.5454421639442444,0.7148452997207642,-0.026305221021175385,0.9603554010391235,0.38416075706481934,0.7209555506706238,0.14988388121128082,0.9467127323150635
82,0.4129365086555481,0.45991554856300354,-0.021577946841716766,0.9994692206382751,0.4193248152732849,0.45499858260154724,-0.03880491480231285,0.9991937875747681,0.4212595820426941,0.4550262987613678,-0.03886157274246216,0.9990381002426147,0.4230155646800995,0.455048531293869,-0.03889382630586624,0.9991552829742432,0.416274756193161,0.45497941970825195,-0.010001971386373043,0.9990454316139221,0.41656917333602905,0.4549744427204132,-0.010083694942295551,0.9987812042236328,0.4167829751968384,0.45493200421333313,-0.01013273000717163,0.9990185499191284,0.4330090582370758,0.45846495032310486,-0.06463287025690079,0.9980477094650269,0.4258413314819336,0.4574819505214691,0.06450957804918289,0.9973674416542053,0.41737639904022217,0.4667013883590698,-0.026758497580885887,0.9974908232688904,0.4154883325099945,0.4663616716861725,0.01047706138342619,0.9976148009300232,0.4363485276699066,0.4870840907096863,-0.1265452355146408,0.9989322423934937,0.42520663142204285,0.48778659105300903,0.16113963723182678,0.9986130595207214,0.38745179772377014,0.48884931206703186,-0.2474418580532074,0.9662730693817139,0.3954644501209259,0.4952945113182068,0.3034234642982483,0.345425546169281,0.3779100477695465,0.4520185887813568,-0.26916640996932983,0.9257628917694092,0.4108787178993225,0.4919097125530243,0.3882877230644226,0.4793739914894104,0.37512609362602234,0.44605499505996704,-0.2904188632965088,0.8856867551803589,0.41324201226234436,0.48956364393234253,0.40174317359924316,0.4622117578983307,0.38197991251945496,0.44661352038383484,-0.28165778517723083,0.8803020119667053,0.4151832163333893,0.4878518283367157,0.3941623270511627,0.4650016129016876,0.3833789825439453,0.4486570358276367,-0.26527953147888184,0.8549839854240417,0.4147694408893585,0.48869588971138,0.3864282965660095,0.4685608744621277,0.4564720392227173,0.5751639008522034,-0.08284235745668411,0.999421238899231,0.42749306559562683,0.5750489830970764,0.08280284702777863,0.9995624423027039,0.4954564869403839,0.6432119607925415,-0.03660055622458458,0.9751937389373779,0.41063734889030457,0.6453170776367188,0.08333680033683777,0.9475601315498352,0.5435282588005066,0.6967262625694275,0.025469280779361725,0.9765380620956421,0.40721219778060913,0.7008367776870728,0.16817796230316162,0.9596502780914307,0.547997772693634,0.702646017074585,0.030231570824980736,0.821980357170105,0.41518405079841614,0.7075294256210327,0.17260532081127167,0.8343645334243774,0.5466033816337585,0.7159508466720581,-0.06521690636873245,0.9622458815574646,0.38456863164901733,0.7227038741111755,0.09555870294570923,0.9464386701583862
83,0.4105473458766937,0.46023029088974,-0.03134172409772873,0.999517560005188,0.41697144508361816,0.45578184723854065,-0.0502963624894619,0.9992704391479492,0.4192541837692261,0.45568135380744934,-0.05035248026251793,0.9991298317909241,0.42024609446525574,0.4557800889015198,-0.05036533251404762,0.9992360472679138,0.41599366068840027,0.45569851994514465,-0.019997481256723404,0.9991337060928345,0.4163312613964081,0.4556361436843872,-0.02008986473083496,0.998891294002533,0.4165034592151642,0.4556367099285126,-0.020145535469055176,0.9991079568862915,0.4285293221473694,0.4582825303077698,-0.08397958427667618,0.9982364177703857,0.42413613200187683,0.45789870619773865,0.05223655700683594,0.9976208806037903,0.41596001386642456,0.4669419825077057,-0.03978671878576279,0.997725784778595,0.415161669254303,0.4665945768356323,-0.00045485064038075507,0.9978352189064026,0.4340854585170746,0.4875466525554657,-0.14041125774383545,0.9990203380584717,0.42488762736320496,0.489013671875,0.15676246583461761,0.9986936450004578,0.3825685381889343,0.4882349967956543,-0.23073023557662964,0.9676855802536011,0.3794121742248535,0.4890199303627014,0.3042985200881958,0.32418859004974365,0.38233187794685364,0.45322945713996887,-0.19589214026927948,0.9206226468086243,0.3806142210960388,0.46254998445510864,0.410708487033844,0.4461973011493683,0.3805030286312103,0.4452603757381439,-0.20917797088623047,0.8782731294631958,0.38282671570777893,0.4550667405128479,0.42903053760528564,0.43065690994262695,0.3891289532184601,0.44564542174339294,-0.2021094709634781,0.8724449276924133,0.3890339434146881,0.45562806725502014,0.4246220588684082,0.432970255613327,0.390402615070343,0.4491780996322632,-0.1919735074043274,0.847915768623352,0.39052215218544006,0.4574774503707886,0.40984007716178894,0.43713808059692383,0.45675233006477356,0.577043890953064,-0.09211616963148117,0.9994497299194336,0.42673632502555847,0.5772811770439148,0.09211734682321548,0.9995728731155396,0.4925457537174225,0.6440616846084595,-0.07364016771316528,0.9746967554092407,0.4097176492214203,0.6449791789054871,0.10776277631521225,0.9392696619033813,0.5457115173339844,0.6959626078605652,-0.03219208866357803,0.9769929647445679,0.4069652557373047,0.7026421427726746,0.1846514791250229,0.9546599984169006,0.5516598224639893,0.7025550603866577,-0.029300877824425697,0.8306832313537598,0.4154342710971832,0.7094483971595764,0.18856287002563477,0.8375105261802673,0.5468540191650391,0.7176673412322998,-0.11870871484279633,0.9629676938056946,0.37834852933883667,0.7247611284255981,0.12586380541324615,0.942028284072876
84,0.4048100709915161,0.46157801151275635,-0.051321711391210556,0.9995576739311218,0.41241517663002014,0.455565869808197,-0.06729789078235626,0.9993371963500977,0.41409042477607727,0.4554734528064728,-0.06732223927974701,0.999209463596344,0.41684675216674805,0.4553247392177582,-0.0673597902059555,0.9993056058883667,0.41064712405204773,0.4554103910923004,-0.03623836115002632,0.9992102384567261,0.4110531806945801,0.45518529415130615,-0.03632019832730293,0.9989860653877258,0.41140785813331604,0.45494234561920166,-0.03641422837972641,0.9991848468780518,0.426720529794693,0.4582775831222534,-0.08786287158727646,0.9984017610549927,0.4188302457332611,0.4574078917503357,0.05100107565522194,0.9978455305099487,0.40994682908058167,0.4680750072002411,-0.054634563624858856,0.9979264140129089,0.4069432318210602,0.467935174703598,-0.014683371409773827,0.9980214238166809,0.4444331228733063,0.48545894026756287,-0.15145303308963776,0.999083399772644,0.41651952266693115,0.48943012952804565,0.15968534350395203,0.9987276792526245,0.3883827328681946,0.487467885017395,-0.26888951659202576,0.9686264991760254,0.3798661530017853,0.49199822545051575,0.2573640048503876,0.3007683753967285,0.3875923454761505,0.45107796788215637,-0.2773173153400421,0.919362485408783,0.3961183726787567,0.4994245767593384,0.28053513169288635,0.4156748354434967,0.38244321942329407,0.44508010149002075,-0.3026820719242096,0.8768027424812317,0.39925476908683777,0.49927204847335815,0.287460595369339,0.4025839865207672,0.3924669027328491,0.4447912871837616,-0.2886648178100586,0.8707802295684814,0.40390023589134216,0.4979155659675598,0.278844952583313,0.4045015275478363,0.39349788427352905,0.4475851058959961,-0.2718294858932495,0.8462559580802917,0.4034738838672638,0.4978600740432739,0.2762022316455841,0.4088468849658966,0.4575484097003937,0.5776864886283875,-0.09641245007514954,0.9994746446609497,0.42494064569473267,0.5783083438873291,0.0963795930147171,0.9995777010917664,0.49386879801750183,0.6436808705329895,-0.07903790473937988,0.9752928614616394,0.40729188919067383,0.6469022035598755,0.11004485189914703,0.9300124645233154,0.5444200038909912,0.6962780356407166,-0.029904771596193314,0.9780452251434326,0.40666908025741577,0.7009884715080261,0.19908802211284637,0.9492963552474976,0.5497616529464722,0.7022231221199036,-0.026889946311712265,0.8409969210624695,0.41369274258613586,0.7083197236061096,0.20390552282333374,0.8380041718482971,0.5519428253173828,0.7197445631027222,-0.12863251566886902,0.9643845558166504,0.3825335204601288,0.7241664528846741,0.13057412207126617,0.9369540810585022
85,0.4100450873374939,0.457550585269928,-0.01994232088327408,0.9995869994163513,0.4167400002479553,0.45247164368629456,-0.03602227568626404,0.9993909597396851,0.41771388053894043,0.45236876606941223,-0.03608150780200958,0.9992740750312805,0.4182921051979065,0.4523072838783264,-0.03610057011246681,0.9993628859519958,0.41627538204193115,0.4527553915977478,-0.00957304984331131,0.9992705583572388,0.4169341027736664,0.45278966426849365,-0.009708269499242306,0.9990589618682861,0.4173223376274109,0.4527752697467804,-0.00978852529078722,0.9992458820343018,0.424441933631897,0.45636287331581116,-0.06265143305063248,0.9985370635986328,0.4220315217971802,0.45546114444732666,0.05530370771884918,0.9980343580245972,0.41261026263237,0.463572233915329,-0.025786980986595154,0.998073935508728,0.4118725061416626,0.463817298412323,0.008228642866015434,0.9981602430343628,0.43536022305488586,0.48554766178131104,-0.11478407680988312,0.9991368055343628,0.4152671992778778,0.4874870181083679,0.1521095186471939,0.9987608194351196,0.38231340050697327,0.4844774305820465,-0.15848012268543243,0.9675462245941162,0.3913467824459076,0.49496355652809143,0.3090924620628357,0.2791866362094879,0.3892342150211334,0.44897010922431946,-0.08466523885726929,0.9035628437995911,0.39469707012176514,0.4887951910495758,0.42809462547302246,0.3823842704296112,0.3898322880268097,0.44249045848846436,-0.09161198884248734,0.856528639793396,0.3980962336063385,0.4854464530944824,0.4495280981063843,0.37133756279945374,0.3994157612323761,0.44316011667251587,-0.08804330974817276,0.8500856161117554,0.39924103021621704,0.48478615283966064,0.4398607015609741,0.373050332069397,0.39962252974510193,0.4460901916027069,-0.08149855583906174,0.8268115520477295,0.39860999584198,0.48573219776153564,0.4261358380317688,0.37768349051475525,0.4521832764148712,0.5744875073432922,-0.08378563821315765,0.999495267868042,0.427297443151474,0.5742142796516418,0.08375624567270279,0.9995869994163513,0.4896623492240906,0.6405623555183411,-0.060599155724048615,0.9743562936782837,0.4098670482635498,0.6441954970359802,0.10703272372484207,0.921369731426239,0.5440119504928589,0.6954928636550903,-0.02679602801799774,0.9780566692352295,0.408294677734375,0.6994864344596863,0.17823602259159088,0.9431737661361694,0.5498808026313782,0.7014955878257751,-0.024784306064248085,0.8464674353599548,0.4176064431667328,0.7063504457473755,0.18185031414031982,0.8371665477752686,0.5467159152030945,0.7150930762290955,-0.1158817782998085,0.9643527269363403,0.3825559914112091,0.7228622436523438,0.11680001765489578,0.9314221143722534
86,0.4049641191959381,0.4581497609615326,-0.0547688826918602,0.9996095895767212,0.4113830029964447,0.4539060890674591,-0.07041634619235992,0.9994363784790039,0.4127299189567566,0.45358145236968994,-0.07047836482524872,0.9993292689323425,0.41374671459198,0.4532330334186554,-0.07050568610429764,0.9994118213653564,0.41021186113357544,0.4541913866996765,-0.04117865860462189,0.999315083026886,0.41069525480270386,0.4540286958217621,-0.04128671810030937,0.9991077184677124,0.4110053777694702,0.45376941561698914,-0.04136006161570549,0.999286949634552,0.4229986369609833,0.4555935561656952,-0.09226887673139572,0.9986549615859985,0.41720888018608093,0.455657422542572,0.03830554336309433,0.9981902241706848,0.41061311960220337,0.4638081192970276,-0.059344734996557236,0.9982001781463623,0.4074810743331909,0.4641716182231903,-0.02163725346326828,0.9982730150222778,0.4385952055454254,0.48674073815345764,-0.1429467350244522,0.9991691708564758,0.4100354015827179,0.4876907467842102,0.145057812333107,0.9987154603004456,0.3838391602039337,0.4860858619213104,-0.21288244426250458,0.966499388217926,0.3762820065021515,0.48586007952690125,0.2926868200302124,0.26410773396492004,0.39083611965179443,0.44946327805519104,-0.15742045640945435,0.8892701864242554,0.38803842663764954,0.4652062654495239,0.4045766592025757,0.35595816373825073,0.3909846544265747,0.441732794046402,-0.1697581708431244,0.8391728401184082,0.392912358045578,0.4585359990596771,0.42447200417518616,0.3459017276763916,0.40160828828811646,0.44404804706573486,-0.16301725804805756,0.8321688175201416,0.3944717049598694,0.4577367901802063,0.4169970750808716,0.34736719727516174,0.40141600370407104,0.44609585404396057,-0.15360330045223236,0.809633731842041,0.39303579926490784,0.46005016565322876,0.40247130393981934,0.35253968834877014,0.45460954308509827,0.5752724409103394,-0.09332112967967987,0.9994892477989197,0.4216202199459076,0.5771638751029968,0.0933239758014679,0.9995642304420471,0.4875549376010895,0.6424657702445984,-0.0727810487151146,0.9743090867996216,0.4052145779132843,0.6437838673591614,0.11060219258069992,0.9136562943458557,0.5428056120872498,0.6965337991714478,-0.030600067228078842,0.9784846901893616,0.40749090909957886,0.7003408670425415,0.1950136423110962,0.9378663301467896,0.5489532351493835,0.70244300365448,-0.028003178536891937,0.8526729941368103,0.417098730802536,0.7061639428138733,0.19981035590171814,0.8375848531723022,0.5476067066192627,0.718446671962738,-0.12184195220470428,0.9650554656982422,0.3804914951324463,0.7230284810066223,0.13715630769729614,0.9271386861801147
87,0.4047650396823883,0.45805656909942627,-0.038007110357284546,0.9996375441551208,0.41142791509628296,0.45318421721458435,-0.05578688904643059,0.9994838833808899,0.41256898641586304,0.45297756791114807,-0.05584055185317993,0.9993865489959717,0.4134466350078583,0.4527641236782074,-0.05584998428821564,0.9994617104530334,0.4112792909145355,0.4532512426376343,-0.025520801544189453,0.9993681907653809,0.41226956248283386,0.4530481994152069,-0.02564173936843872,0.999173104763031,0.4130524694919586,0.4527837038040161,-0.025732776150107384,0.9993413686752319,0.4215690791606903,0.4555847942829132,-0.08877069503068924,0.998772919178009,0.4195272922515869,0.4552140235900879,0.04774317145347595,0.9983540773391724,0.40766194462776184,0.4634804427623749,-0.046452514827251434,0.9983432292938232,0.40717223286628723,0.463776558637619,-0.007064660545438528,0.9984041452407837,0.4366108775138855,0.48445746302604675,-0.14326384663581848,0.9992218017578125,0.42018207907676697,0.487366646528244,0.15046294033527374,0.9987578392028809,0.3820720613002777,0.4843297302722931,-0.20262129604816437,0.9670588970184326,0.39082008600234985,0.5012047290802002,0.3027897775173187,0.2500927746295929,0.39176052808761597,0.4496747553348541,-0.13426069915294647,0.8801128268241882,0.3864509165287018,0.4887629449367523,0.39814019203186035,0.3348408341407776,0.3922180235385895,0.4436376392841339,-0.14343813061714172,0.8269646167755127,0.38911154866218567,0.48458385467529297,0.41640767455101013,0.32654017210006714,0.40187445282936096,0.4444441497325897,-0.13951049745082855,0.8196690082550049,0.39091411232948303,0.48276153206825256,0.40633124113082886,0.3278484642505646,0.40170058608055115,0.4465895891189575,-0.1312682032585144,0.7982323169708252,0.3904135823249817,0.48410269618034363,0.39525479078292847,0.3331436812877655,0.4497649073600769,0.5760934948921204,-0.09711899608373642,0.9994935989379883,0.42766183614730835,0.5756997466087341,0.09720545262098312,0.9995560646057129,0.485771119594574,0.6445642113685608,-0.0811208114027977,0.9740005731582642,0.40613043308258057,0.6456690430641174,0.10785505920648575,0.9027903079986572,0.5445104241371155,0.6964700222015381,-0.050148386508226395,0.9786813855171204,0.4059254825115204,0.7017861604690552,0.18262334167957306,0.9300147891044617,0.5524778366088867,0.7026628851890564,-0.04801960289478302,0.8590381741523743,0.41539424657821655,0.7082264423370361,0.18679526448249817,0.8370073437690735,0.5466392040252686,0.7176304459571838,-0.1366501897573471,0.9652169942855835,0.3822273313999176,0.7231630682945251,0.1275070607662201,0.9205411672592163
88,0.40439674258232117,0.45692136883735657,-0.04337259754538536,0.9996602535247803,0.41013723611831665,0.4525887072086334,-0.06389714777469635,0.9995241761207581,0.41071292757987976,0.4525459408760071,-0.06396152824163437,0.9994351863861084,0.4110960364341736,0.4524863362312317,-0.06399780511856079,0.9995043873786926,0.4114099442958832,0.4525934159755707,-0.03142179548740387,0.9994125366210938,0.41280344128608704,0.45251625776290894,-0.03151458874344826,0.9992261528968811,0.41393333673477173,0.45237961411476135,-0.031617142260074615,0.9993861317634583,0.41960611939430237,0.4565134346485138,-0.1046350970864296,0.9988735914230347,0.42233479022979736,0.4564189314842224,0.04184459522366524,0.9984941482543945,0.40906015038490295,0.4624165892601013,-0.05429011583328247,0.9984611868858337,0.407359778881073,0.46385321021080017,-0.01209395844489336,0.9985176920890808,0.4335002899169922,0.4858156740665436,-0.1621205061674118,0.9992548823356628,0.4217642843723297,0.4877016246318817,0.1488838791847229,0.9987756013870239,0.37894779443740845,0.4828529953956604,-0.23026061058044434,0.966482937335968,0.3859131634235382,0.4921129047870636,0.31827741861343384,0.23465614020824432,0.39350444078445435,0.4510258436203003,-0.16307194530963898,0.8677310347557068,0.39072737097740173,0.48670774698257446,0.4327704906463623,0.3128311336040497,0.40093350410461426,0.442416787147522,-0.17365790903568268,0.8111186623573303,0.39512521028518677,0.48351508378982544,0.45557278394699097,0.3064901828765869,0.4041535258293152,0.4433649480342865,-0.1705980747938156,0.8036432862281799,0.39698344469070435,0.48202425241470337,0.4442039728164673,0.3077073395252228,0.4041893184185028,0.44715774059295654,-0.1604948192834854,0.7833220362663269,0.39555928111076355,0.4831121265888214,0.4299868941307068,0.3129951059818268,0.44791874289512634,0.5787354111671448,-0.09989974647760391,0.999508798122406,0.42289113998413086,0.5792512893676758,0.09991168975830078,0.9995637536048889,0.48767727613449097,0.6461083292961121,-0.0713777169585228,0.9736188054084778,0.405254065990448,0.6492215991020203,0.12473727762699127,0.8960925340652466,0.5448226928710938,0.6975035071372986,-0.0231567844748497,0.9786989688873291,0.4056335389614105,0.7036888599395752,0.20252379775047302,0.9263163208961487,0.5520160794258118,0.7023245096206665,-0.019817925989627838,0.8626379370689392,0.4152507483959198,0.7108999490737915,0.20632624626159668,0.8374255299568176,0.5442714095115662,0.7151954174041748,-0.10863592475652695,0.9651117920875549,0.38074755668640137,0.7234442234039307,0.14432327449321747,0.9169919490814209
89,0.4021308422088623,0.4577603340148926,-0.0777483582496643,0.9996844530105591,0.4080338776111603,0.4540419578552246,-0.0953458920121193,0.9995644688606262,0.40948569774627686,0.45382949709892273,-0.0953737273812294,0.9994833469390869,0.4107753038406372,0.4535970687866211,-0.09543388336896896,0.9995462894439697,0.4063141644001007,0.454382985830307,-0.06228979676961899,0.9994591474533081,0.40687134861946106,0.4543311297893524,-0.062348611652851105,0.9992843270301819,0.4072444438934326,0.45417648553848267,-0.062488753348588943,0.9994328618049622,0.4212660789489746,0.4573115110397339,-0.12495127320289612,0.9989709258079529,0.4158710241317749,0.4564085304737091,0.023571550846099854,0.9986291527748108,0.40482357144355774,0.46578046679496765,-0.08516255766153336,0.9985783100128174,0.4035128355026245,0.4646521210670471,-0.04234696179628372,0.9986332654953003,0.4370810091495514,0.4869364798069,-0.18577326834201813,0.9992838501930237,0.41242000460624695,0.48749440908432007,0.1390291303396225,0.9987753629684448,0.38560450077056885,0.4836921691894531,-0.30280131101608276,0.9674628376960754,0.38781583309173584,0.4956068992614746,0.3092074394226074,0.2197451889514923,0.3934594988822937,0.4493798315525055,-0.29607656598091125,0.8677880167961121,0.38275644183158875,0.4955469071865082,0.4191007912158966,0.29277926683425903,0.39446666836738586,0.44166332483291626,-0.32021793723106384,0.8097696304321289,0.3854354918003082,0.49419084191322327,0.44079840183258057,0.2874886095523834,0.4030376076698303,0.44242486357688904,-0.31041401624679565,0.802229106426239,0.38797810673713684,0.49339184165000916,0.424906462430954,0.2886887192726135,0.4031597375869751,0.4460631012916565,-0.29297077655792236,0.7815959453582764,0.38718757033348083,0.4938393533229828,0.41407743096351624,0.29406020045280457,0.4485847055912018,0.5786263346672058,-0.10106337815523148,0.9995349049568176,0.42185497283935547,0.5780738592147827,0.10104859620332718,0.9995805025100708,0.48653993010520935,0.6426934003829956,-0.04453584551811218,0.9740456342697144,0.40679308772087097,0.6449784636497498,0.1318761259317398,0.8924619555473328,0.5437899231910706,0.694717526435852,0.0301543939858675,0.9793275594711304,0.40739479660987854,0.6985358595848083,0.2354988306760788,0.9238306283950806,0.5504711866378784,0.6995435953140259,0.035123247653245926,0.8685951232910156,0.41550588607788086,0.7051011919975281,0.2407216727733612,0.8380188941955566,0.5494123697280884,0.7147330641746521,-0.0576341487467289,0.9662138819694519,0.3847297430038452,0.7216450572013855,0.1731623113155365,0.9150611758232117
90,0.40086978673934937,0.4571874439716339,-0.046171173453330994,0.9997028112411499,0.4059169292449951,0.4537821114063263,-0.06738660484552383,0.9995984435081482,0.4076218008995056,0.4535156488418579,-0.06745035946369171,0.9995245337486267,0.40833035111427307,0.4532828629016876,-0.06755999475717545,0.999582052230835,0.4060034453868866,0.4537891149520874,-0.03398679196834564,0.9994969367980957,0.4067387580871582,0.45359066128730774,-0.03404354304075241,0.9993302226066589,0.40726131200790405,0.453274667263031,-0.03418755531311035,0.9994701147079468,0.4168378710746765,0.45696815848350525,-0.11033365875482559,0.9990580081939697,0.4154374301433563,0.45495834946632385,0.040158532559871674,0.9987486600875854,0.4024380147457123,0.46554407477378845,-0.057769399136304855,0.9986749291419983,0.4019787013530731,0.4638769030570984,-0.014474299736320972,0.9987260699272156,0.4311641752719879,0.48573461174964905,-0.18480800092220306,0.9992948174476624,0.41948798298835754,0.486916184425354,0.15154606103897095,0.9987210631370544,0.38528504967689514,0.48531946539878845,-0.3462255895137787,0.9657708406448364,0.39526209235191345,0.5077261924743652,0.31640365719795227,0.20214666426181793,0.3926544189453125,0.4545385241508484,-0.38176289200782776,0.8570055365562439,0.383211612701416,0.5018075108528137,0.43208491802215576,0.2714676856994629,0.392145574092865,0.44814732670783997,-0.41053295135498047,0.7965559959411621,0.38299575448036194,0.5013872385025024,0.45457884669303894,0.26853808760643005,0.3967857360839844,0.4488048851490021,-0.3979693055152893,0.7891128659248352,0.38362917304039,0.5006003975868225,0.4378056526184082,0.2698404788970947,0.39739271998405457,0.45306119322776794,-0.37895601987838745,0.7683536410331726,0.3834802508354187,0.5009487271308899,0.4266867935657501,0.27534615993499756,0.4439542591571808,0.5791044235229492,-0.10930054634809494,0.9995579123497009,0.42125973105430603,0.5789266228675842,0.1092635840177536,0.9995912313461304,0.48268720507621765,0.6451032161712646,-0.04954918846487999,0.9739988446235657,0.40418052673339844,0.6452999114990234,0.14806655049324036,0.8862496614456177,0.545398473739624,0.6961720585823059,0.009722371585667133,0.9794654846191406,0.40564221143722534,0.6996221542358398,0.2530256509780884,0.9195404648780823,0.5520352125167847,0.7022405862808228,0.013206186704337597,0.8718093037605286,0.4138581156730652,0.70665442943573,0.25846508145332336,0.837011992931366,0.5502429008483887,0.7170773148536682,-0.08419770002365112,0.9663504362106323,0.3822575807571411,0.7221855521202087,0.19204939901828766,0.91065514087677
91,0.3952200710773468,0.4570766091346741,-0.04326973482966423,0.9997144937515259,0.40189510583877563,0.4532906115055084,-0.06397609412670135,0.999626100063324,0.40273258090019226,0.4530976116657257,-0.064045749604702,0.9995582699775696,0.4034574329853058,0.45285311341285706,-0.0641801729798317,0.9996117353439331,0.40203770995140076,0.4533455967903137,-0.03177140653133392,0.9995248913764954,0.40294694900512695,0.45316067337989807,-0.03181339055299759,0.9993622899055481,0.4037439525127411,0.4528636634349823,-0.031936172395944595,0.9994954466819763,0.41211894154548645,0.4549323618412018,-0.10392836481332779,0.9991341233253479,0.4119279086589813,0.45446616411209106,0.041022732853889465,0.9988471865653992,0.3978508412837982,0.4634796380996704,-0.05350547656416893,0.9987578392028809,0.3964896500110626,0.46370217204093933,-0.011768799275159836,0.9987998604774475,0.43118661642074585,0.4834056496620178,-0.1715114414691925,0.9993212819099426,0.41093453764915466,0.4836314916610718,0.14611466228961945,0.9986788034439087,0.4019240140914917,0.4904835522174835,-0.3256821632385254,0.9634137749671936,0.3868267834186554,0.4974137246608734,0.27407848834991455,0.1862233430147171,0.39935752749443054,0.45891597867012024,-0.3634128272533417,0.8498459458351135,0.3875451683998108,0.490345299243927,0.35459986329078674,0.25320565700531006,0.4004213213920593,0.4486595690250397,-0.39090487360954285,0.7880344986915588,0.38946154713630676,0.487821102142334,0.3719675838947296,0.2527545690536499,0.4022316336631775,0.44954806566238403,-0.3777835965156555,0.7808930277824402,0.3896699547767639,0.48560717701911926,0.36094146966934204,0.25409236550331116,0.4023227095603943,0.45440128445625305,-0.3601786196231842,0.7595720291137695,0.3886360228061676,0.48672962188720703,0.3506545126438141,0.2595534026622772,0.44467511773109436,0.5765823125839233,-0.10439807921648026,0.999582827091217,0.4192065894603729,0.5773748755455017,0.10428286343812943,0.9996070265769958,0.4854181408882141,0.6409897208213806,-0.04382200539112091,0.9738553762435913,0.40475863218307495,0.6448207497596741,0.1522531509399414,0.8822190761566162,0.5422558188438416,0.6922706365585327,0.032962556928396225,0.9794138073921204,0.4056819975376129,0.6998506188392639,0.2594486176967621,0.9179585576057434,0.5520462393760681,0.6977908611297607,0.03825565055012703,0.8740315437316895,0.4133734107017517,0.7074212431907654,0.2649844288825989,0.8371509313583374,0.5422165393829346,0.7096368670463562,-0.0582084022462368,0.9663786292076111,0.3816758096218109,0.7215287685394287,0.1950610727071762,0.9089105129241943
92,0.39269334077835083,0.45945775508880615,-0.0211070217192173,0.999725878238678,0.3993890583515167,0.4539403021335602,-0.04407813400030136,0.999650776386261,0.4000348150730133,0.45383119583129883,-0.04414995014667511,0.9995889663696289,0.400624543428421,0.45373883843421936,-0.044284939765930176,0.9996374249458313,0.39989614486694336,0.45392778515815735,-0.010446417145431042,0.9995533227920532,0.40091052651405334,0.4537753760814667,-0.010504515841603279,0.9993976354598999,0.4018591046333313,0.45359814167022705,-0.010662486776709557,0.9995236992835999,0.4100576341152191,0.4575384855270386,-0.09594736248254776,0.9992016553878784,0.4118598997592926,0.45697221159935,0.056843917816877365,0.9989460110664368,0.3949183225631714,0.4657629132270813,-0.03573703020811081,0.9988284111022949,0.39399582147598267,0.46604064106941223,0.008163989521563053,0.9988683462142944,0.42660534381866455,0.48044413328170776,-0.18600498139858246,0.9993362426757812,0.4175913333892822,0.4848570227622986,0.16183418035507202,0.9986328482627869,0.4196643829345703,0.4886908233165741,-0.4198102056980133,0.9619868993759155,0.4088100492954254,0.5243747234344482,0.30940818786621094,0.16964282095432281,0.3963063955307007,0.4604390561580658,-0.5310322046279907,0.8421543836593628,0.3923983871936798,0.5406506657600403,0.41541776061058044,0.23273633420467377,0.403808057308197,0.45783451199531555,-0.5706536173820496,0.7777007818222046,0.38975730538368225,0.5467309355735779,0.43856728076934814,0.23405206203460693,0.40428417921066284,0.4580504298210144,-0.5493229031562805,0.7706491351127625,0.390583336353302,0.5465760827064514,0.4184677004814148,0.2354256808757782,0.4040847718715668,0.46207115054130554,-0.5269494652748108,0.7484320402145386,0.39146941900253296,0.544681966304779,0.40872159600257874,0.24079366028308868,0.439637690782547,0.5755471587181091,-0.11413855850696564,0.9996070265769958,0.4249201714992523,0.5751302242279053,0.11405394226312637,0.9996161460876465,0.48018747568130493,0.6399533748626709,-0.06349450349807739,0.9735385775566101,0.4042235016822815,0.6428442001342773,0.15527506172657013,0.8750836253166199,0.5442858934402466,0.6938030123710632,-0.008702271617949009,0.9791322350502014,0.407664030790329,0.6984668970108032,0.25902286171913147,0.9126126170158386,0.5546011924743652,0.6995055079460144,-0.005847258493304253,0.8759143352508545,0.4164603650569916,0.7049570083618164,0.2639404237270355,0.8357614874839783,0.53813236951828,0.7102747559547424,-0.10834523290395737,0.9657110571861267,0.3837473690509796,0.7203162312507629,0.1932971030473709,0.9032899737358093
93,0.38880589604377747,0.46060946583747864,-0.06492497771978378,0.9997380375862122,0.39544299244880676,0.455141544342041,-0.08387650549411774,0.9996747970581055,0.39682459831237793,0.4548685848712921,-0.08398735523223877,0.9996189475059509,0.39826998114585876,0.45454564690589905,-0.08415716886520386,0.9996625781059265,0.3939136862754822,0.4554821848869324,-0.05116277560591698,0.9995789527893066,0.39464616775512695,0.45537155866622925,-0.051207154989242554,0.9994283318519592,0.39541998505592346,0.4551362097263336,-0.05135272443294525,0.9995459318161011,0.4102751910686493,0.457161545753479,-0.11528831720352173,0.9992642998695374,0.405424028635025,0.4573390781879425,0.03253339231014252,0.999030351638794,0.392801970243454,0.4663808047771454,-0.07224563509225845,0.998902440071106,0.3916032016277313,0.46674853563308716,-0.029793577268719673,0.9989321231842041,0.43609046936035156,0.48347365856170654,-0.1985369473695755,0.9993547201156616,0.4079636037349701,0.48627138137817383,0.1417476087808609,0.9986038208007812,0.41911372542381287,0.5010884404182434,-0.45172956585884094,0.9603852033615112,0.3946179449558258,0.5204564332962036,0.25184744596481323,0.15614469349384308,0.39597320556640625,0.4770657420158386,-0.6029279232025146,0.8418432474136353,0.3888097107410431,0.53275465965271,0.30910539627075195,0.21942485868930817,0.39422136545181274,0.4710811972618103,-0.6511355638504028,0.7784613966941833,0.38795825839042664,0.5387487411499023,0.3230588138103485,0.22311876714229584,0.39440834522247314,0.469429612159729,-0.6296080946922302,0.7716397643089294,0.39052847027778625,0.5376406311988831,0.3063920736312866,0.2246316820383072,0.3942815065383911,0.4727714955806732,-0.5993971824645996,0.7481505274772644,0.39107030630111694,0.5358794927597046,0.30242815613746643,0.23007109761238098,0.4473566710948944,0.5763318538665771,-0.11032576113939285,0.9996324181556702,0.41506198048591614,0.5773472189903259,0.11029816418886185,0.9996284246444702,0.48202186822891235,0.6427074670791626,-0.0948415994644165,0.9748300909996033,0.3996315598487854,0.6453184485435486,0.1646576225757599,0.8788066506385803,0.542759120464325,0.692631721496582,-0.02841145731508732,0.9800862073898315,0.40533900260925293,0.6995601654052734,0.30134379863739014,0.915212869644165,0.5512353777885437,0.6991661787033081,-0.02524781972169876,0.8792243599891663,0.41422155499458313,0.7061169147491455,0.30943062901496887,0.8393111228942871,0.5439862012863159,0.7136277556419373,-0.14288800954818726,0.9671591520309448,0.3797535300254822,0.722154438495636,0.23372596502304077,0.9058395028114319
94,0.39317527413368225,0.45902374386787415,-0.06194304674863815,0.9997522234916687,0.40023699402809143,0.45505890250205994,-0.08191139250993729,0.9997009038925171,0.4012562930583954,0.4547394812107086,-0.08201973885297775,0.999650776386261,0.4021895229816437,0.4543599486351013,-0.08218138664960861,0.9996904134750366,0.4000125229358673,0.45535212755203247,-0.04922441393136978,0.9996066689491272,0.400779128074646,0.45522743463516235,-0.04925915226340294,0.9994617104530334,0.401446670293808,0.4549903869628906,-0.049364615231752396,0.9995713829994202,0.41277655959129333,0.45634403824806213,-0.11749100685119629,0.9993299841880798,0.4080507159233093,0.4566572606563568,0.029439693316817284,0.9991136193275452,0.3968627154827118,0.4653579294681549,-0.07123464345932007,0.9989781975746155,0.39513489603996277,0.4655386507511139,-0.02899092249572277,0.9989965558052063,0.43526971340179443,0.48484712839126587,-0.19602391123771667,0.9993680715560913,0.40683940052986145,0.48514994978904724,0.14253193140029907,0.9984836578369141,0.422951340675354,0.4936399757862091,-0.43755778670310974,0.9606432318687439,0.39736565947532654,0.5009734630584717,0.3331153392791748,0.14397603273391724,0.39750584959983826,0.4628704786300659,-0.5765282511711121,0.8413183093070984,0.38417848944664,0.49381646513938904,0.49614354968070984,0.205485001206398,0.4020601809024811,0.46134597063064575,-0.6185042858123779,0.7787817120552063,0.38329681754112244,0.49377545714378357,0.5268353223800659,0.21121452748775482,0.40065428614616394,0.46008023619651794,-0.6000761985778809,0.7722133994102478,0.3835083246231079,0.4925847351551056,0.5081957578659058,0.2127988487482071,0.3997199833393097,0.4634670317173004,-0.5737364888191223,0.7480231523513794,0.38319772481918335,0.49317196011543274,0.4919295608997345,0.21851962804794312,0.44015225768089294,0.5768734812736511,-0.11272300779819489,0.999653697013855,0.4156677722930908,0.5777410864830017,0.11260697990655899,0.9996376633644104,0.4825049936771393,0.6424825191497803,-0.0846324935555458,0.9750610589981079,0.40135514736175537,0.6471693515777588,0.1418047696352005,0.8773140907287598,0.5457724332809448,0.6939724087715149,-0.038573283702135086,0.9804011583328247,0.403717041015625,0.7014046907424927,0.25254887342453003,0.9140749573707581,0.555702805519104,0.6981332302093506,-0.036166220903396606,0.8826465606689453,0.4116998016834259,0.7075121402740479,0.2583897113800049,0.8420329689979553,0.5482206344604492,0.7158463001251221,-0.14129012823104858,0.967603325843811,0.38011670112609863,0.72411048412323,0.18891741335391998,0.9043766856193542
95,0.39025816321372986,0.4589117765426636,-0.07385091483592987,0.9997552633285522,0.39851880073547363,0.45359066128730774,-0.09285479038953781,0.9997155666351318,0.3995923101902008,0.45330899953842163,-0.09298067539930344,0.999671220779419,0.4005936086177826,0.4530060589313507,-0.09315543621778488,0.9997069835662842,0.39718618988990784,0.4538803696632385,-0.061522744596004486,0.9996188879013062,0.397894024848938,0.45368704199790955,-0.06159871444106102,0.9994748830795288,0.3985254168510437,0.453387051820755,-0.061722107231616974,0.9995790719985962,0.4105912744998932,0.45504024624824524,-0.12243564426898956,0.9993765950202942,0.407638281583786,0.4546695649623871,0.01924087479710579,0.9991738796234131,0.39296475052833557,0.46489015221595764,-0.08027864992618561,0.9990223050117493,0.3920219838619232,0.4654139578342438,-0.039565060287714005,0.9990290999412537,0.43304863572120667,0.48143163323402405,-0.2050734907388687,0.9993999600410461,0.4064216613769531,0.48781144618988037,0.1332790106534958,0.9984692931175232,0.4306797683238983,0.49961620569229126,-0.47108322381973267,0.9602596163749695,0.4042165279388428,0.5238879323005676,0.25117024779319763,0.13154783844947815,0.4031728506088257,0.47656887769699097,-0.6512865424156189,0.8420136570930481,0.39302751421928406,0.5354911088943481,0.3219483196735382,0.19105909764766693,0.40050774812698364,0.4708026349544525,-0.7039763927459717,0.7802937626838684,0.39079800248146057,0.5409391522407532,0.33703795075416565,0.1987772434949875,0.3909018933773041,0.46730750799179077,-0.6787524819374084,0.7738721966743469,0.3910452425479889,0.5395059585571289,0.3162640929222107,0.2004598081111908,0.3922601342201233,0.46710073947906494,-0.647047221660614,0.7482960820198059,0.3918638825416565,0.5380353927612305,0.3140031397342682,0.20606756210327148,0.4416162967681885,0.5736681222915649,-0.11099740117788315,0.9996784329414368,0.41694116592407227,0.5748775601387024,0.11095011234283447,0.9996564984321594,0.4801606833934784,0.6391280889511108,-0.05402679741382599,0.9744923710823059,0.4049569368362427,0.6426999568939209,0.15391141176223755,0.874133288860321,0.5450607538223267,0.6926534175872803,0.018621763214468956,0.9797990918159485,0.40567758679389954,0.6988869905471802,0.2811637818813324,0.912036657333374,0.5585241317749023,0.6960956454277039,0.022779209539294243,0.8816841840744019,0.41311120986938477,0.7064477801322937,0.28862759470939636,0.8440610766410828,0.5469024181365967,0.7117291688919067,-0.08919178694486618,0.9667770862579346,0.38419458270072937,0.7209574580192566,0.21269801259040833,0.9030253291130066
96,0.39357122778892517,0.4561630189418793,-0.07150846719741821,0.9997602701187134,0.40072211623191833,0.4508723318576813,-0.09101522713899612,0.9997288584709167,0.4021894633769989,0.4505356550216675,-0.09111206978559494,0.9996892213821411,0.4035215377807617,0.4502159059047699,-0.09129422158002853,0.9997212290763855,0.3986527621746063,0.4512275755405426,-0.05752677470445633,0.9996309280395508,0.3992815911769867,0.4510765075683594,-0.05757009983062744,0.9994890689849854,0.3997759521007538,0.4508723020553589,-0.0577441044151783,0.9995895624160767,0.41368672251701355,0.4535151422023773,-0.12304315716028214,0.9994155764579773,0.4089249074459076,0.4534269869327545,0.02871399186551571,0.9992313981056213,0.3981025218963623,0.46181732416152954,-0.07872103899717331,0.9990666508674622,0.3966318368911743,0.46193453669548035,-0.035179268568754196,0.9990679025650024,0.43577641248703003,0.4802287518978119,-0.20898035168647766,0.9994158744812012,0.4115462303161621,0.48353978991508484,0.14202599227428436,0.9984799027442932,0.4192677438259125,0.4996795654296875,-0.4692944288253784,0.959277331829071,0.39851897954940796,0.5240618586540222,0.2306378185749054,0.12140661478042603,0.39801815152168274,0.47214001417160034,-0.6316273808479309,0.8438076376914978,0.39459869265556335,0.5385062098503113,0.260070264339447,0.18191282451152802,0.3963543474674225,0.46489107608795166,-0.6836796998977661,0.7836856245994568,0.39428433775901794,0.5447949767112732,0.26902905106544495,0.1917085498571396,0.3975180387496948,0.4626722037792206,-0.6607379913330078,0.7774834036827087,0.3965214788913727,0.543289065361023,0.2512400448322296,0.19356244802474976,0.3974079489707947,0.46653494238853455,-0.6282288432121277,0.7508512139320374,0.39684319496154785,0.5413550138473511,0.25172412395477295,0.19907820224761963,0.44404247403144836,0.5758703351020813,-0.11467136442661285,0.9996944069862366,0.4142075181007385,0.5763864517211914,0.11464783549308777,0.9996633529663086,0.479275107383728,0.6419592499732971,-0.07298199087381363,0.9755287170410156,0.40143680572509766,0.6449844837188721,0.14941132068634033,0.8759049773216248,0.5440567135810852,0.6922909617424011,-0.002907447051256895,0.9805067181587219,0.4044592082500458,0.7001231908798218,0.2820376753807068,0.9130560159683228,0.5533899664878845,0.6977595090866089,0.00021084611944388598,0.8841357231140137,0.41261908411979675,0.7068843245506287,0.28952354192733765,0.8454221487045288,0.5507678985595703,0.7152101397514343,-0.11755292117595673,0.967902660369873,0.38169562816619873,0.7219312787055969,0.21062611043453217,0.9041653871536255
97,0.39525702595710754,0.45784810185432434,-0.049377184361219406,0.9997736811637878,0.40215662121772766,0.4524756073951721,-0.0680450052022934,0.9997488856315613,0.4027728736400604,0.45212996006011963,-0.06821782141923904,0.9997135400772095,0.40318208932876587,0.45181891322135925,-0.06839840859174728,0.9997431039810181,0.40252113342285156,0.4528499245643616,-0.0397043451666832,0.9996542930603027,0.40338751673698425,0.4527346193790436,-0.03977324813604355,0.9995179176330566,0.40403398871421814,0.45257827639579773,-0.03983715549111366,0.9996113181114197,0.4107961654663086,0.45488643646240234,-0.09559080749750137,0.9994656443595886,0.4096364676952362,0.4540656805038452,0.03245459124445915,0.9992910623550415,0.3988366723060608,0.46305668354034424,-0.054883141070604324,0.999127209186554,0.39712515473365784,0.46376508474349976,-0.018047798424959183,0.9991189241409302,0.42344626784324646,0.4801604151725769,-0.182091623544693,0.9994511008262634,0.4100714325904846,0.48447778820991516,0.13321155309677124,0.9983628988265991,0.42221206426620483,0.4906274378299713,-0.45795273780822754,0.959485650062561,0.42168477177619934,0.5161493420600891,0.2549414038658142,0.11100196093320847,0.40060997009277344,0.4756242632865906,-0.6576331853866577,0.8438612222671509,0.4292312562465668,0.5210725665092468,0.35252314805984497,0.16868920624256134,0.39996522665023804,0.47267821431159973,-0.7118227481842041,0.7841616868972778,0.43361300230026245,0.525567889213562,0.3670625388622284,0.18012839555740356,0.395364373922348,0.47179192304611206,-0.6874639987945557,0.7778968214988708,0.4328944683074951,0.5235572457313538,0.35140514373779297,0.18203963339328766,0.3954125940799713,0.4743174910545349,-0.6537731289863586,0.750808596611023,0.430431991815567,0.5225033164024353,0.34748372435569763,0.18725527822971344,0.43616753816604614,0.5730941891670227,-0.10336492955684662,0.9997207522392273,0.417307585477829,0.5741864442825317,0.10324043780565262,0.9996893405914307,0.4811859130859375,0.6393617391586304,-0.034056033939123154,0.9749102592468262,0.4040006995201111,0.6448885202407837,0.1324702948331833,0.8765689134597778,0.5429776310920715,0.6910158395767212,0.056003421545028687,0.9797829389572144,0.4062926173210144,0.7012402415275574,0.262923926115036,0.9144867062568665,0.5540618300437927,0.6952330470085144,0.06249486282467842,0.8817908763885498,0.4130968451499939,0.7070663571357727,0.27112507820129395,0.8491625785827637,0.5479698777198792,0.7064563632011414,-0.04657699912786484,0.9667354822158813,0.38244131207466125,0.723270833492279,0.18954460322856903,0.9054290056228638
98,0.39222949743270874,0.4570363759994507,-0.01396948006004095,0.9997653961181641,0.3972596228122711,0.451225608587265,-0.033116415143013,0.9997431635856628,0.3991500735282898,0.4508555233478546,-0.033154651522636414,0.9997117519378662,0.40001657605171204,0.4506489634513855,-0.033293019980192184,0.9997390508651733,0.397085577249527,0.4513987898826599,0.003363860072568059,0.9996353387832642,0.3977898359298706,0.4512816071510315,0.0033267089165747166,0.9994958639144897,0.39835965633392334,0.45114436745643616,0.003200702602043748,0.9995940923690796,0.40971478819847107,0.4536859691143036,-0.06947550177574158,0.9994755387306213,0.40799519419670105,0.4536697566509247,0.09528902173042297,0.9992961883544922,0.39650964736938477,0.462879478931427,-0.022918615490198135,0.9991406202316284,0.39604902267456055,0.46302029490470886,0.024425290524959564,0.9990988373756409,0.4338190257549286,0.4798286259174347,-0.15735730528831482,0.9994954466819763,0.41269421577453613,0.48409387469291687,0.2067072093486786,0.9984801411628723,0.4142758548259735,0.5105291604995728,-0.266499400138855,0.9586800336837769,0.4050528109073639,0.5313732624053955,0.24352075159549713,0.10635586082935333,0.39079949259757996,0.49685224890708923,-0.25616249442100525,0.8442039489746094,0.39902642369270325,0.5494459867477417,0.1776060163974762,0.16965211927890778,0.38614028692245483,0.49277153611183167,-0.2854751646518707,0.7851276397705078,0.39727655053138733,0.5553744435310364,0.1748143583536148,0.1828712522983551,0.39091581106185913,0.48996952176094055,-0.2683655619621277,0.7790175676345825,0.3979325294494629,0.5535823106765747,0.15415772795677185,0.18521472811698914,0.39246299862861633,0.4922853708267212,-0.24918074905872345,0.7507882118225098,0.3996354043483734,0.5514408349990845,0.16438870131969452,0.19033165276050568,0.43792250752449036,0.5746116042137146,-0.12432435899972916,0.9997259974479675,0.4155745804309845,0.5750139355659485,0.12437348812818527,0.9996881484985352,0.4761875867843628,0.639367401599884,-0.08376616984605789,0.976317286491394,0.40220004320144653,0.6445935964584351,0.15379813313484192,0.876774251461029,0.5450155138969421,0.6914103031158447,-0.036382369697093964,0.9809958338737488,0.4061332046985626,0.6992189884185791,0.26657360792160034,0.9156076908111572,0.5538731217384338,0.6952856183052063,-0.03592972829937935,0.8877103328704834,0.4164643883705139,0.7060753107070923,0.2731630802154541,0.8518407940864563,0.5538531541824341,0.7186958193778992,-0.1580103039741516,0.9686214923858643,0.38153406977653503,0.7230492830276489,0.19853845238685608,0.9074726700782776
99,0.391546368598938,0.4546651840209961,-0.04333847016096115,0.9997751712799072,0.39932820200920105,0.45035478472709656,-0.057920653373003006,0.9997572302818298,0.40091973543167114,0.44990116357803345,-0.05801168829202652,0.9997288584709167,0.4023185968399048,0.44952476024627686,-0.05818783864378929,0.9997536540031433,0.39689821004867554,0.4510261118412018,-0.02685437723994255,0.9996520280838013,0.3972940146923065,0.4509446322917938,-0.026893354952335358,0.9995160102844238,0.39763206243515015,0.4508383870124817,-0.027037139981985092,0.9996089935302734,0.4130478501319885,0.45126834511756897,-0.06907976418733597,0.9995103478431702,0.4064849317073822,0.4519471228122711,0.07125663757324219,0.9993411302566528,0.396661639213562,0.4596864879131317,-0.04306482896208763,0.9991942048072815,0.3933411240577698,0.4604606628417969,-0.0028461641632020473,0.9991523027420044,0.4311637282371521,0.4764609932899475,-0.14540113508701324,0.9995303750038147,0.4037141501903534,0.4841379225254059,0.18389181792736053,0.9985892176628113,0.4205991327762604,0.5029575824737549,-0.3805735111236572,0.9590324759483337,0.3850659132003784,0.5209028124809265,0.26929914951324463,0.10369666665792465,0.3971245586872101,0.4829614758491516,-0.5603184700012207,0.8516762852668762,0.3769185245037079,0.536567747592926,0.2542586624622345,0.17930173873901367,0.39499667286872864,0.47891661524772644,-0.6125661134719849,0.7953197360038757,0.37033089995384216,0.5429285168647766,0.25324466824531555,0.19428697228431702,0.39489197731018066,0.4755449891090393,-0.5977500081062317,0.7896657586097717,0.37070438265800476,0.5421300530433655,0.23328226804733276,0.19717617332935333,0.3948802351951599,0.4782477617263794,-0.5589191913604736,0.7615141868591309,0.37302514910697937,0.540452241897583,0.24418693780899048,0.20155291259288788,0.4443775415420532,0.5716341733932495,-0.10683874040842056,0.9997454285621643,0.41260528564453125,0.5740066170692444,0.10680737346410751,0.9997069835662842,0.4813214838504791,0.6386066675186157,-0.06883540004491806,0.9771584272384644,0.4020654857158661,0.6442241072654724,0.136030912399292,0.8810603618621826,0.5454626083374023,0.6924850940704346,-0.0013935515889897943,0.9814366102218628,0.40589964389801025,0.7006895542144775,0.2623773217201233,0.9179568290710449,0.5568943023681641,0.6961764097213745,0.0006535147549584508,0.8875256180763245,0.41342082619667053,0.7058684825897217,0.26872971653938293,0.8541796207427979,0.5510968565940857,0.7167366147041321,-0.12616214156150818,0.9693524241447449,0.38106417655944824,0.7243168354034424,0.18071913719177246,0.9099711179733276
100,0.3927311897277832,0.45724716782569885,-0.07451347261667252,0.9997807741165161,0.39888808131217957,0.45151758193969727,-0.09269867837429047,0.9997667670249939,0.399856299161911,0.4511848986148834,-0.09280727058649063,0.9997416734695435,0.4006805717945099,0.4509146511554718,-0.09298110753297806,0.9997638463973999,0.3977927267551422,0.45202991366386414,-0.05888545513153076,0.9996606111526489,0.3984246850013733,0.4519712030887604,-0.058919090777635574,0.9995273947715759,0.3989492654800415,0.45188426971435547,-0.05905351787805557,0.9996176362037659,0.4104623794555664,0.4536830186843872,-0.11892931908369064,0.9995393753051758,0.4079878032207489,0.4543651342391968,0.03425786271691322,0.9993800520896912,0.39640265703201294,0.46245530247688293,-0.07958405464887619,0.9992313981056213,0.39559417963027954,0.46331214904785156,-0.0356207937002182,0.9991826415061951,0.440449595451355,0.4793262481689453,-0.20159345865249634,0.9995611310005188,0.4068399667739868,0.48571810126304626,0.1533561646938324,0.9986841678619385,0.42060586810112,0.5056299567222595,-0.42178916931152344,0.9604751467704773,0.3921806812286377,0.5228620767593384,0.24321815371513367,0.10151419043540955,0.392911434173584,0.4851760268211365,-0.5627092719078064,0.8594943284988403,0.37414371967315674,0.5367282032966614,0.2446216493844986,0.18969815969467163,0.3889222741127014,0.48036688566207886,-0.6135189533233643,0.80550217628479,0.3637990355491638,0.5425188541412354,0.248727947473526,0.20620635151863098,0.38938483595848083,0.4769517183303833,-0.5951410531997681,0.8002567887306213,0.3634522557258606,0.5415652394294739,0.226567342877388,0.20965439081192017,0.39014777541160583,0.47987210750579834,-0.5597851276397705,0.7721118927001953,0.3694022297859192,0.5378276109695435,0.2337077558040619,0.21409167349338531,0.44373437762260437,0.5744122862815857,-0.11731661856174469,0.9997581839561462,0.41400715708732605,0.5747104287147522,0.11735896021127701,0.999717652797699,0.48190170526504517,0.6390950679779053,-0.07760368287563324,0.9781996607780457,0.4031226933002472,0.6440138220787048,0.1679838001728058,0.8843345642089844,0.5461441874504089,0.6915716528892517,-0.0019007642986252904,0.9821937680244446,0.40612301230430603,0.6995241641998291,0.31011366844177246,0.9198022484779358,0.5579352378845215,0.6940869688987732,0.0020821529906243086,0.8899998664855957,0.412939190864563,0.7041512131690979,0.3190642297267914,0.8559545874595642,0.5508803725242615,0.7194859981536865,-0.11814846098423004,0.9705215096473694,0.38238242268562317,0.7228862047195435,0.23964649438858032,0.9120025634765625
101,0.3930410146713257,0.45725685358047485,-0.01879769377410412,0.9997832775115967,0.4005173444747925,0.4512299597263336,-0.03427509218454361,0.9997734427452087,0.40181487798690796,0.45073363184928894,-0.03434695675969124,0.9997507333755493,0.40293312072753906,0.450284868478775,-0.034510817378759384,0.9997718930244446,0.398574560880661,0.4519365429878235,-0.003269050968810916,0.9996671080589294,0.3991495668888092,0.45179978013038635,-0.003318187315016985,0.999532163143158,0.39963576197624207,0.45161065459251404,-0.00344456871971488,0.9996201992034912,0.41257694363594055,0.45143863558769226,-0.049901314079761505,0.9995600581169128,0.4087362289428711,0.4521329700946808,0.08966348320245743,0.99940025806427,0.3981609046459198,0.4612397253513336,-0.020059561356902122,0.9992505311965942,0.39557233452796936,0.462350070476532,0.019979648292064667,0.9991940855979919,0.44006019830703735,0.4775656759738922,-0.13658574223518372,0.9995871782302856,0.403773695230484,0.4850026071071625,0.200951486825943,0.9987605214118958,0.41801193356513977,0.5034216642379761,-0.3637793958187103,0.9607285857200623,0.3933040201663971,0.5200479626655579,0.2898441255092621,0.09735575318336487,0.38870447874069214,0.49321088194847107,-0.5275412201881409,0.8651854395866394,0.37589913606643677,0.537205696105957,0.2810783386230469,0.19199539721012115,0.3856482207775116,0.4922921061515808,-0.5776599645614624,0.8137063384056091,0.3701758086681366,0.5429553389549255,0.2804053723812103,0.21074368059635162,0.3832716941833496,0.48904815316200256,-0.561811089515686,0.8087732791900635,0.37035974860191345,0.5421975255012512,0.25992241501808167,0.21469470858573914,0.38424423336982727,0.49059662222862244,-0.5250494480133057,0.7808131575584412,0.3723856508731842,0.5407233834266663,0.2705904245376587,0.21890421211719513,0.442656546831131,0.571148693561554,-0.1061825156211853,0.9997738003730774,0.41468098759651184,0.5715771913528442,0.10612618923187256,0.999732255935669,0.47800350189208984,0.6372308731079102,-0.05257761478424072,0.9771191477775574,0.4028429388999939,0.6445411443710327,0.12186583131551743,0.8802881240844727,0.545535683631897,0.69279545545578,-0.0054460326209664345,0.9814314246177673,0.40580257773399353,0.7012127041816711,0.22826392948627472,0.9160718321800232,0.5579990148544312,0.6964239478111267,-0.004800742957741022,0.8866500854492188,0.41301870346069336,0.7063306570053101,0.23353154957294464,0.8530305027961731,0.5509913563728333,0.7167825102806091,-0.1256450116634369,0.9696369767189026,0.37988582253456116,0.7242985963821411,0.14824530482292175,0.9093018174171448
102,0.3934353291988373,0.45569440722465515,-0.020967720076441765,0.999785840511322,0.39944928884506226,0.4502459466457367,-0.04068390652537346,0.9997817277908325,0.40012115240097046,0.45002976059913635,-0.04079112783074379,0.9997613430023193,0.4006907343864441,0.44985514879226685,-0.040989819914102554,0.9997822046279907,0.39919325709342957,0.45056453347206116,-0.006872587837278843,0.9996734261512756,0.4000512957572937,0.4504791498184204,-0.006906462367624044,0.9995378255844116,0.4007609188556671,0.4503873288631439,-0.007011740934103727,0.9996248483657837,0.4092502295970917,0.45270836353302,-0.07472449541091919,0.9995854496955872,0.4097040891647339,0.45281603932380676,0.07719939202070236,0.9994242191314697,0.39660772681236267,0.460573673248291,-0.029116913676261902,0.9992722272872925,0.3966502249240875,0.46123769879341125,0.014700144529342651,0.9992012977600098,0.43525463342666626,0.477704256772995,-0.17248624563217163,0.9996159076690674,0.4135455787181854,0.48455050587654114,0.19039955735206604,0.9988125562667847,0.4119703769683838,0.5056465864181519,-0.3805585205554962,0.9617575407028198,0.40208879113197327,0.5207343697547913,0.31131187081336975,0.09170389920473099,0.3809865415096283,0.5099622011184692,-0.513857364654541,0.8690192103385925,0.3816635310649872,0.5361378788948059,0.35355857014656067,0.1871192902326584,0.37775927782058716,0.5129525065422058,-0.5622918605804443,0.819049060344696,0.3711674213409424,0.5413514375686646,0.3620685338973999,0.20765526592731476,0.37372636795043945,0.5102246999740601,-0.5486729145050049,0.8144692182540894,0.3707340359687805,0.5405902862548828,0.34076017141342163,0.21191318333148956,0.3752143681049347,0.5103895664215088,-0.5116527676582336,0.7862932085990906,0.3784528374671936,0.5395268797874451,0.3441128730773926,0.21615070104599,0.43951451778411865,0.5724537968635559,-0.11970347911119461,0.9997866749763489,0.41825294494628906,0.5721046924591064,0.1196402907371521,0.9997405409812927,0.47883909940719604,0.638658881187439,-0.07020969688892365,0.9767630100250244,0.4041471481323242,0.6429249048233032,0.17273300886154175,0.8748422861099243,0.5455772280693054,0.6910370588302612,-0.009068564511835575,0.9809272885322571,0.40635591745376587,0.6992647647857666,0.29564371705055237,0.9115363955497742,0.5581047534942627,0.6954234838485718,-0.005677915643900633,0.8869448304176331,0.41643834114074707,0.7041305899620056,0.30275818705558777,0.8512234091758728,0.5433914065361023,0.7140554189682007,-0.11446060985326767,0.9688252210617065,0.3834691047668457,0.7227118015289307,0.23031984269618988,0.9051380753517151
103,0.39446374773979187,0.45786482095718384,-0.06815695762634277,0.9997997283935547,0.39949047565460205,0.4537235200405121,-0.08554083108901978,0.9997971057891846,0.40054965019226074,0.45331841707229614,-0.08563053607940674,0.9997785687446594,0.40158846974372864,0.4529300630092621,-0.0858127772808075,0.999797523021698,0.398525208234787,0.4541322588920593,-0.052521299570798874,0.9996954202651978,0.3992220163345337,0.45393630862236023,-0.052550263702869415,0.9995676875114441,0.3998960256576538,0.4537079930305481,-0.05268574133515358,0.9996480345726013,0.4118880033493042,0.45377886295318604,-0.10904977470636368,0.9996161460876465,0.4091632068157196,0.45441073179244995,0.03994008153676987,0.9994675517082214,0.3996957242488861,0.4628103971481323,-0.07247836142778397,0.999321699142456,0.39802253246307373,0.4633408486843109,-0.02962496690452099,0.999256432056427,0.4421670734882355,0.47872063517570496,-0.199170783162117,0.9996358752250671,0.41434359550476074,0.483065664768219,0.1557903289794922,0.998871922492981,0.42271512746810913,0.5023028254508972,-0.46495920419692993,0.9629025459289551,0.3953026235103607,0.5211898684501648,0.23157258331775665,0.08836925774812698,0.3943740725517273,0.4847213923931122,-0.6503937840461731,0.876265823841095,0.3858911097049713,0.5391759276390076,0.22116942703723907,0.19086381793022156,0.3918028175830841,0.48148679733276367,-0.707645833492279,0.828601598739624,0.38253313302993774,0.546969473361969,0.2210872769355774,0.21265561878681183,0.3895002603530884,0.4784693717956543,-0.6886522173881531,0.8242741227149963,0.38696762919425964,0.5453681945800781,0.20378617942333221,0.2170635461807251,0.38982582092285156,0.48105546832084656,-0.6482311487197876,0.7963659763336182,0.38850700855255127,0.5431462526321411,0.2118423879146576,0.22076930105686188,0.4452299177646637,0.573539674282074,-0.11342396587133408,0.9998010993003845,0.4152185320854187,0.5747116208076477,0.11340576410293579,0.9997547268867493,0.4804829955101013,0.6398668885231018,-0.06851083785295486,0.9775965213775635,0.40264973044395447,0.6436120271682739,0.14584669470787048,0.8787209391593933,0.5484275221824646,0.6932989358901978,0.013808667659759521,0.9815021753311157,0.40738365054130554,0.7006279230117798,0.2874157130718231,0.9145786762237549,0.559632420539856,0.6973490118980408,0.01778552681207657,0.8878526091575623,0.41509562730789185,0.7053852081298828,0.29505330324172974,0.8535700440406799,0.5452074408531189,0.7118470668792725,-0.10359414666891098,0.9698085188865662,0.38085222244262695,0.723602831363678,0.20943377912044525,0.9083534479141235
104,0.39343002438545227,0.4577096104621887,-0.06603749841451645,0.9998115301132202,0.399884432554245,0.4518090784549713,-0.08398304134607315,0.9998104572296143,0.40190595388412476,0.4513508975505829,-0.08407409489154816,0.9997940063476562,0.40320831537246704,0.45101073384284973,-0.08419565111398697,0.999810516834259,0.3989248275756836,0.45217379927635193,-0.05041281506419182,0.9997138381004333,0.3996051549911499,0.4520465135574341,-0.050465114414691925,0.9995937347412109,0.4002703130245209,0.4518734812736511,-0.05058557540178299,0.999669075012207,0.4134451150894165,0.452256977558136,-0.11265707015991211,0.9996443390846252,0.4093894064426422,0.4537144601345062,0.04008356109261513,0.9995102882385254,0.39824774861335754,0.4625367522239685,-0.07236630469560623,0.9993680119514465,0.39640092849731445,0.46338555216789246,-0.028552347794175148,0.999306321144104,0.4350901246070862,0.4796573519706726,-0.19744808971881866,0.9996610283851624,0.41450217366218567,0.4840230345726013,0.154403418302536,0.9989585876464844,0.4229133129119873,0.5021415948867798,-0.4421316981315613,0.9644594788551331,0.3902045786380768,0.5243013501167297,0.23957598209381104,0.08924219012260437,0.39988651871681213,0.47362229228019714,-0.6071208119392395,0.883076548576355,0.3715972900390625,0.5423312783241272,0.24409422278404236,0.2035771608352661,0.39726167917251587,0.46627530455589294,-0.6601223945617676,0.8374422192573547,0.36562302708625793,0.5492245554924011,0.2501806616783142,0.225387305021286,0.39815911650657654,0.46314361691474915,-0.6390792727470398,0.8333069086074829,0.36590495705604553,0.5410387516021729,0.2287006974220276,0.2298063039779663,0.39838895201683044,0.467135488986969,-0.6039018630981445,0.8056696653366089,0.3675623834133148,0.5401354432106018,0.23382049798965454,0.23349794745445251,0.44343438744544983,0.5736476182937622,-0.1150529757142067,0.9998124837875366,0.41604045033454895,0.5736228227615356,0.11510901898145676,0.9997667074203491,0.4827463924884796,0.638710618019104,-0.08875280618667603,0.9784310460090637,0.4052729308605194,0.6430547833442688,0.16524411737918854,0.8806216716766357,0.549004852771759,0.694642961025238,-0.027696847915649414,0.9823044538497925,0.4082050323486328,0.70018470287323,0.298356831073761,0.9164740443229675,0.5608936548233032,0.698304295539856,-0.02510686218738556,0.8915653228759766,0.41536206007003784,0.7052079439163208,0.3061334788799286,0.8556615710258484,0.5514302849769592,0.7170106768608093,-0.1459582895040512,0.9710012078285217,0.38228839635849,0.7234646677970886,0.22557377815246582,0.9104505181312561
105,0.3962194323539734,0.45753252506256104,-0.06499622017145157,0.9998226761817932,0.40265387296676636,0.4516649544239044,-0.08377186208963394,0.9998241066932678,0.40353912115097046,0.4513426721096039,-0.08390220254659653,0.9998094439506531,0.4042709767818451,0.4510594606399536,-0.08406108617782593,0.9998247623443604,0.40172111988067627,0.45199328660964966,-0.053733859211206436,0.999732494354248,0.402462899684906,0.45182403922080994,-0.05381190776824951,0.9996181130409241,0.40306517481803894,0.45163628458976746,-0.05390425771474838,0.9996886253356934,0.4126344621181488,0.4525763690471649,-0.11040325462818146,0.9996726512908936,0.41173526644706726,0.4539394676685333,0.026029622182250023,0.9995478391647339,0.4006439745426178,0.4623161554336548,-0.07024429738521576,0.9994082450866699,0.3988548219203949,0.4629460871219635,-0.031002363190054893,0.9993444085121155,0.4348642826080322,0.4790675938129425,-0.19644685089588165,0.9996798634529114,0.41473472118377686,0.4884604513645172,0.13273008167743683,0.9989230036735535,0.42634135484695435,0.4935714602470398,-0.47672751545906067,0.9650803208351135,0.4134232997894287,0.5215729475021362,0.2504191994667053,0.08282805234193802,0.4008076786994934,0.48236358165740967,-0.6897380352020264,0.8841367959976196,0.41100338101387024,0.5384616851806641,0.32255905866622925,0.1906881332397461,0.3995545208454132,0.48074913024902344,-0.7488982677459717,0.8393494486808777,0.41112443804740906,0.5460422039031982,0.3335612118244171,0.2132190316915512,0.39395493268966675,0.47899773716926575,-0.7254622578620911,0.8351698517799377,0.41243141889572144,0.5445669293403625,0.31390219926834106,0.21749205887317657,0.39465945959091187,0.48115894198417664,-0.686752200126648,0.8073310852050781,0.41197022795677185,0.5423633456230164,0.3150203227996826,0.22108705341815948,0.44170713424682617,0.574453592300415,-0.1068500503897667,0.9998269081115723,0.42162859439849854,0.5754498839378357,0.10674992203712463,0.9997802972793579,0.48393481969833374,0.6425374746322632,-0.04425254836678505,0.9773732423782349,0.403618723154068,0.6467883586883545,0.15686026215553284,0.8753349184989929,0.5491504669189453,0.6952904462814331,0.031637631356716156,0.9817497730255127,0.4048633277416229,0.7012550830841064,0.2974005341529846,0.9129294753074646,0.5609279274940491,0.6995963454246521,0.03637516498565674,0.8913490772247314,0.41172170639038086,0.7075048685073853,0.3063957691192627,0.8555330038070679,0.5500990152359009,0.7207375168800354,-0.07665816694498062,0.9700005054473877,0.3817506432533264,0.7236681580543518,0.22885622084140778,0.9069909453392029
106,0.39369118213653564,0.4562849700450897,-0.07985970377922058,0.9998199343681335,0.4005366861820221,0.4506501257419586,-0.09896589815616608,0.9998238682746887,0.4015858471393585,0.45038703083992004,-0.09908755123615265,0.9998112916946411,0.40250614285469055,0.4501587748527527,-0.09927687048912048,0.9998249411582947,0.39906617999076843,0.4509943723678589,-0.0653429701924324,0.9997289180755615,0.39956367015838623,0.4508885145187378,-0.06539692729711533,0.9996132850646973,0.399978369474411,0.450742244720459,-0.0655347928404808,0.9996824264526367,0.41205233335494995,0.45357510447502136,-0.1283363550901413,0.999679446220398,0.40862685441970825,0.45355650782585144,0.02361520566046238,0.9995571374893188,0.3968334496021271,0.46183761954307556,-0.08592414855957031,0.9994146823883057,0.395641952753067,0.4623025953769684,-0.04227226972579956,0.9993478655815125,0.4393337070941925,0.4824155569076538,-0.21323658525943756,0.9996931552886963,0.4079715609550476,0.48671185970306396,0.1426449865102768,0.9989681839942932,0.42967796325683594,0.5094645619392395,-0.4580962657928467,0.9646924734115601,0.40197885036468506,0.5262876749038696,0.2335435003042221,0.07864165306091309,0.39731594920158386,0.4920695424079895,-0.6237026453018188,0.8854069709777832,0.38420674204826355,0.5399734377861023,0.2460881620645523,0.1867201179265976,0.3927120566368103,0.4885386824607849,-0.6793960928916931,0.8409404158592224,0.38434499502182007,0.5521813035011292,0.2513446807861328,0.21075192093849182,0.3915265202522278,0.4769083857536316,-0.6569582223892212,0.8368489146232605,0.37368783354759216,0.5459150075912476,0.22846324741840363,0.21518033742904663,0.39236554503440857,0.4770892262458801,-0.6199840903282166,0.8080995082855225,0.38761645555496216,0.5486615300178528,0.23532456159591675,0.21874429285526276,0.44387686252593994,0.5764243602752686,-0.11641985923051834,0.9998359680175781,0.41587334871292114,0.5771026611328125,0.11645809561014175,0.9997885227203369,0.4800635874271393,0.642044186592102,-0.06353685259819031,0.9776154160499573,0.40461331605911255,0.6446247696876526,0.17116716504096985,0.8757483959197998,0.5476512908935547,0.6944989562034607,0.016935352236032486,0.9818758368492126,0.4073210656642914,0.700980007648468,0.31743380427360535,0.9132552146911621,0.5590540766716003,0.6994515657424927,0.0207755658775568,0.8908483982086182,0.4168354570865631,0.7072235345840454,0.32651039958000183,0.8559988141059875,0.5499650239944458,0.7161996364593506,-0.10173161327838898,0.9703598022460938,0.380966454744339,0.7227798104286194,0.24638275802135468,0.9080572724342346
107,0.3970971703529358,0.4549311101436615,-0.039527036249637604,0.9998109340667725,0.405290812253952,0.4493941366672516,-0.056507859379053116,0.9998190999031067,0.4062138795852661,0.4503357708454132,-0.056573767215013504,0.9998080730438232,0.4089719355106354,0.44869792461395264,-0.056745048612356186,0.9998215436935425,0.40421077609062195,0.4511522650718689,-0.024225695058703423,0.9997200965881348,0.4048570990562439,0.45103195309638977,-0.024277780205011368,0.999600350856781,0.40538346767425537,0.45087188482284546,-0.024424048140645027,0.9996717572212219,0.41734325885772705,0.45167481899261475,-0.08089339733123779,0.9996785521507263,0.4135902523994446,0.4520834684371948,0.06548445671796799,0.9995567202568054,0.40178436040878296,0.45997658371925354,-0.04405872896313667,0.9994014501571655,0.39901798963546753,0.4605880677700043,-0.00206439895555377,0.9993283152580261,0.4419202506542206,0.47833651304244995,-0.16563430428504944,0.9997022151947021,0.4093239903450012,0.4868680536746979,0.18163979053497314,0.9989792704582214,0.43255898356437683,0.5008556842803955,-0.38553160429000854,0.9650136828422546,0.400407612323761,0.5263898968696594,0.26770374178886414,0.07412394881248474,0.4052598476409912,0.4750514030456543,-0.5249257683753967,0.8879562020301819,0.38465484976768494,0.5386435985565186,0.2722139358520508,0.1802845448255539,0.401812344789505,0.4684261381626129,-0.5731886625289917,0.8439649343490601,0.38072922825813293,0.5438981652259827,0.2773819863796234,0.2050444781780243,0.40180400013923645,0.46544796228408813,-0.5516090989112854,0.8398652672767639,0.3812194764614105,0.5421567559242249,0.2562202215194702,0.20950499176979065,0.4024745523929596,0.46909090876579285,-0.5206480026245117,0.8109778761863708,0.3832835555076599,0.5404686331748962,0.26160237193107605,0.21311742067337036,0.44544029235839844,0.5719156861305237,-0.11363431066274643,0.9998415112495422,0.41758185625076294,0.5713729858398438,0.11360778659582138,0.999793291091919,0.484809547662735,0.6401364207267761,-0.058784738183021545,0.9770551323890686,0.4053691625595093,0.6451089978218079,0.1533815711736679,0.869475245475769,0.5461908578872681,0.6916339993476868,0.0013293102383613586,0.9813477993011475,0.40648356080055237,0.7019574046134949,0.2665256857872009,0.9084762334823608,0.5592795610427856,0.6951571106910706,0.0032337363809347153,0.8893287181854248,0.41304823756217957,0.7085770964622498,0.2721429169178009,0.8525809049606323,0.5521434545516968,0.7142736911773682,-0.11235770583152771,0.9700348973274231,0.382180392742157,0.722990870475769,0.19334742426872253,0.904935896396637
108,0.40255293250083923,0.4556552767753601,-0.029484577476978302,0.9997931122779846,0.40867072343826294,0.4506151080131531,-0.04824662208557129,0.9998123645782471,0.40912190079689026,0.45046719908714294,-0.04837856814265251,0.9998034834861755,0.41079217195510864,0.4502398669719696,-0.048518773168325424,0.9998168349266052,0.4091193974018097,0.4507444202899933,-0.01808670349419117,0.9997050762176514,0.4098850190639496,0.4506719410419464,-0.01819314807653427,0.999579906463623,0.41031837463378906,0.4505980610847473,-0.01828669011592865,0.9996560215950012,0.416067510843277,0.45421209931373596,-0.08455564826726913,0.9996817708015442,0.4177720248699188,0.4542115032672882,0.051440849900245667,0.9995642304420471,0.40381282567977905,0.46126243472099304,-0.038871608674526215,0.9993714690208435,0.4038933217525482,0.46155425906181335,0.0001576588983880356,0.9992890357971191,0.4338418245315552,0.48112502694129944,-0.17083674669265747,0.99969482421875,0.4165911376476288,0.48719581961631775,0.1550576537847519,0.9988383054733276,0.42980942130088806,0.5012964010238647,-0.4061588943004608,0.9646169543266296,0.4095395505428314,0.5221174359321594,0.2430175244808197,0.06917362660169601,0.40765005350112915,0.4746638238430023,-0.5566916465759277,0.8835017085075378,0.3968612253665924,0.5265094041824341,0.2897588312625885,0.16893257200717926,0.4055548906326294,0.46732378005981445,-0.6013915538787842,0.8386563658714294,0.3946976363658905,0.5292738676071167,0.30440616607666016,0.1939874142408371,0.406116247177124,0.4647049307823181,-0.5745282769203186,0.8342297673225403,0.3941291272640228,0.5274533629417419,0.28783559799194336,0.1981939822435379,0.4065454304218292,0.4685225486755371,-0.5506452918052673,0.8040859699249268,0.39474865794181824,0.5267242193222046,0.283127099275589,0.20190052688121796,0.4420098662376404,0.5730840563774109,-0.10888198763132095,0.9998440742492676,0.42756274342536926,0.571290135383606,0.10888589173555374,0.9997835755348206,0.47798484563827515,0.6398060321807861,-0.0856345146894455,0.9762415885925293,0.4119129776954651,0.6409792304039001,0.12670713663101196,0.852234423160553,0.547450840473175,0.6935760974884033,-0.06915754079818726,0.9810405969619751,0.4415852129459381,0.6984412670135498,0.216019868850708,0.8975502252578735,0.5572502017021179,0.7014644145965576,-0.07017485052347183,0.8915894627571106,0.45545724034309387,0.7068575024604797,0.22072112560272217,0.8469504117965698,0.5153828859329224,0.723848283290863,-0.1854497790336609,0.969465434551239,0.3868601322174072,0.7199627757072449,0.14676833152770996,0.896630048751831
109,0.40253326296806335,0.45629534125328064,-0.0005807195557281375,0.9997951984405518,0.4074505567550659,0.45104312896728516,-0.02256920002400875,0.999820351600647,0.4090387225151062,0.45063620805740356,-0.02267746441066265,0.999812662601471,0.4093970060348511,0.4504726827144623,-0.02286088839173317,0.9998252391815186,0.40804293751716614,0.45120206475257874,0.009864159859716892,0.9997143745422363,0.408858060836792,0.4510933756828308,0.009812017902731895,0.9995900392532349,0.40941402316093445,0.45100322365760803,0.009664629586040974,0.9996646642684937,0.4169779121875763,0.4529047906398773,-0.06982050091028214,0.999700129032135,0.41765379905700684,0.45282572507858276,0.07666604220867157,0.9995906949043274,0.4043050706386566,0.46241065859794617,-0.013910037465393543,0.9993830323219299,0.4047304689884186,0.46264076232910156,0.02817380800843239,0.9993014335632324,0.4364485442638397,0.4797650873661041,-0.1641247719526291,0.9996687173843384,0.4214969575405121,0.48408910632133484,0.18187937140464783,0.9986917972564697,0.4035678803920746,0.4861159324645996,-0.4287351667881012,0.9624363780021667,0.4110974371433258,0.5172951817512512,0.3510216176509857,0.06402085721492767,0.40517833828926086,0.4684477150440216,-0.5876064300537109,0.8738496899604797,0.39606255292892456,0.5204246044158936,0.49389445781707764,0.15715999901294708,0.40598738193511963,0.4619143605232239,-0.6294522285461426,0.8281093239784241,0.39479368925094604,0.5236636400222778,0.5239570140838623,0.18198899924755096,0.4029400050640106,0.45958587527275085,-0.6086211800575256,0.8237287402153015,0.39410531520843506,0.5220882296562195,0.506696879863739,0.18597546219825745,0.403499573469162,0.459804505109787,-0.5843350291252136,0.7935871481895447,0.394028902053833,0.5213814377784729,0.489907830953598,0.18992993235588074,0.44703784584999084,0.5752319693565369,-0.11544428765773773,0.9998427629470825,0.42580777406692505,0.5748194456100464,0.11532163619995117,0.9997703433036804,0.4816163182258606,0.6430610418319702,-0.09773554652929306,0.9757459759712219,0.4045661687850952,0.6454302668571472,0.1254945695400238,0.849086344242096,0.5491940975189209,0.6956796050071716,-0.07670262455940247,0.9806519746780396,0.40584298968315125,0.7007384896278381,0.21526476740837097,0.8934771418571472,0.5616307854652405,0.7014575600624084,-0.07662668824195862,0.8909615278244019,0.4153168201446533,0.706933856010437,0.21932995319366455,0.8445188403129578,0.545880913734436,0.7170419692993164,-0.18284302949905396,0.9685695171356201,0.3835884630680084,0.7220661640167236,0.1494225412607193,0.8912096619606018
110,0.4026489853858948,0.45590606331825256,-0.01107196044176817,0.9998078942298889,0.408369779586792,0.4530124068260193,-0.03356195241212845,0.999833881855011,0.4091641902923584,0.4527937173843384,-0.03365953266620636,0.9998270273208618,0.40973135828971863,0.4525361657142639,-0.03379768133163452,0.9998387098312378,0.40874484181404114,0.45308730006217957,-0.002001043874770403,0.9997348189353943,0.40978336334228516,0.45289328694343567,-0.002076919423416257,0.9996183514595032,0.4105917811393738,0.45262330770492554,-0.002186795696616173,0.9996877908706665,0.4179786443710327,0.4544859826564789,-0.07838506996631622,0.999724805355072,0.4191117584705353,0.45410236716270447,0.06273522228002548,0.9996235966682434,0.40414243936538696,0.46392080187797546,-0.02321324497461319,0.9994213581085205,0.4041895568370819,0.46219271421432495,0.017482591792941093,0.9993447065353394,0.4346669316291809,0.48195019364356995,-0.1629510074853897,0.9996735453605652,0.424111932516098,0.4849708378314972,0.16996167600154877,0.9986732006072998,0.39958202838897705,0.4871009290218353,-0.37209823727607727,0.9616541266441345,0.41566964983940125,0.5072150826454163,0.339890718460083,0.060272201895713806,0.3990894854068756,0.45853203535079956,-0.47294190526008606,0.8692432641983032,0.40280479192733765,0.49638864398002625,0.4776303470134735,0.14894002676010132,0.40601545572280884,0.4536249041557312,-0.5076422095298767,0.8231958150863647,0.4021453261375427,0.4952303171157837,0.5034876465797424,0.17433209717273712,0.40843120217323303,0.4529138207435608,-0.4932743310928345,0.8190372586250305,0.4011712670326233,0.4933033287525177,0.4896445870399475,0.17816147208213806,0.40695640444755554,0.4569888412952423,-0.47081485390663147,0.7891237139701843,0.4009510576725006,0.4940608739852905,0.47449517250061035,0.18250757455825806,0.45368534326553345,0.5748428106307983,-0.1107848733663559,0.9998510479927063,0.42714425921440125,0.5744435787200928,0.11065158993005753,0.9997819662094116,0.48702308535575867,0.6442067623138428,-0.0725947692990303,0.976311981678009,0.4041113257408142,0.6450998187065125,0.14742045104503632,0.8539848327636719,0.5493364930152893,0.6946202516555786,-0.029300712049007416,0.9811396598815918,0.4076484143733978,0.700273871421814,0.24479041993618011,0.8980693221092224,0.5601100325584412,0.6988745331764221,-0.02641996368765831,0.8951895833015442,0.416640967130661,0.7062304019927979,0.2496556043624878,0.851067841053009,0.5511106252670288,0.7168158888816833,-0.12742704153060913,0.969458281993866,0.38205114006996155,0.72287517786026,0.18239706754684448,0.8955817818641663
111,0.4120734632015228,0.45597946643829346,-0.03478076681494713,0.9998113512992859,0.41696783900260925,0.4514656066894531,-0.053665947169065475,0.99983811378479,0.4168184697628021,0.45156919956207275,-0.05372919514775276,0.9998303055763245,0.4163208305835724,0.45164430141448975,-0.05380038544535637,0.9998423457145691,0.419113427400589,0.45121362805366516,-0.02318149246275425,0.9997418522834778,0.42039555311203003,0.4511171579360962,-0.023258911445736885,0.9996271729469299,0.42118769884109497,0.45097431540489197,-0.023341352120041847,0.9996961951255798,0.4211086332798004,0.4558563530445099,-0.09210749715566635,0.9997316002845764,0.42711570858955383,0.4549310803413391,0.045206230133771896,0.9996348023414612,0.4129831790924072,0.4626132845878601,-0.04523799195885658,0.999420702457428,0.41479212045669556,0.4624052047729492,-0.005726362578570843,0.9993489980697632,0.4250965416431427,0.4842863976955414,-0.16763879358768463,0.999634325504303,0.42433813214302063,0.4852938652038574,0.14636725187301636,0.9985527396202087,0.39828741550445557,0.4853573143482208,-0.310135155916214,0.9591782689094543,0.4106009602546692,0.506456732749939,0.264871746301651,0.05932556837797165,0.3961467742919922,0.4538978338241577,-0.3349873423576355,0.8569944500923157,0.39074134826660156,0.49551764130592346,0.3359910547733307,0.143648162484169,0.4017816483974457,0.44658929109573364,-0.362054705619812,0.8080384135246277,0.3883117735385895,0.49352771043777466,0.35225817561149597,0.16916264593601227,0.4045088291168213,0.44744035601615906,-0.34896910190582275,0.803534984588623,0.3874436914920807,0.4926265478134155,0.3344612717628479,0.17287003993988037,0.4042462706565857,0.4523181915283203,-0.3315913677215576,0.7746507525444031,0.3881789743900299,0.49340566992759705,0.32863202691078186,0.17776010930538177,0.4508734941482544,0.5774005055427551,-0.10319613665342331,0.9998487234115601,0.4254608154296875,0.5773104429244995,0.10315186530351639,0.9997814893722534,0.48340538144111633,0.6440280675888062,-0.07913541048765182,0.9756920337677002,0.4040428698062897,0.6466038823127747,0.12029058486223221,0.8525747060775757,0.5473331809043884,0.695107102394104,-0.03128504753112793,0.9806127548217773,0.4059366285800934,0.7028422951698303,0.2066562920808792,0.8977921009063721,0.5560848712921143,0.7001277804374695,-0.029042143374681473,0.8933345079421997,0.41582217812538147,0.7103436589241028,0.21052858233451843,0.8493252396583557,0.546315610408783,0.7140559554100037,-0.12987850606441498,0.9682732224464417,0.380334734916687,0.7227959036827087,0.14087319374084473,0.8936805129051208
112,0.41266897320747375,0.45670285820961,-0.023830320686101913,0.9998228549957275,0.41793492436408997,0.45358413457870483,-0.04227753356099129,0.9998486042022705,0.4182397723197937,0.45349523425102234,-0.042319461703300476,0.9998409152030945,0.41820773482322693,0.45339682698249817,-0.04239032790064812,0.9998520612716675,0.41926729679107666,0.45355498790740967,-0.011779493652284145,0.9997597932815552,0.4204472005367279,0.4534057080745697,-0.011862976476550102,0.9996528625488281,0.42124027013778687,0.453212171792984,-0.011985923163592815,0.999717652797699,0.4248132109642029,0.45686471462249756,-0.08093511313199997,0.9997479319572449,0.428340882062912,0.4556243121623993,0.05609392747282982,0.9996626973152161,0.4159195125102997,0.4626621901988983,-0.034848760813474655,0.9994468092918396,0.41527894139289856,0.4630078971385956,0.004636572208255529,0.9993877410888672,0.42566728591918945,0.48526543378829956,-0.1655956357717514,0.9996216893196106,0.4320230782032013,0.48727819323539734,0.16122618317604065,0.9985701441764832,0.39647233486175537,0.48419931530952454,-0.33390018343925476,0.9592075347900391,0.41123753786087036,0.5153244733810425,0.3176446557044983,0.05915164574980736,0.4015234410762787,0.4535808861255646,-0.3914221525192261,0.854482114315033,0.3885626196861267,0.5181878805160522,0.42577749490737915,0.14059297740459442,0.4044041335582733,0.4446229934692383,-0.42400115728378296,0.8039446473121643,0.3846302628517151,0.5199452042579651,0.44834062457084656,0.16574810445308685,0.40777796506881714,0.44566282629966736,-0.4117893874645233,0.7992821335792542,0.3849910497665405,0.5198496580123901,0.4263659715652466,0.16939477622509003,0.40772196650505066,0.4499078094959259,-0.3895493745803833,0.770933985710144,0.38643282651901245,0.5192720293998718,0.4181622862815857,0.17484505474567413,0.45174676179885864,0.5782037377357483,-0.10626567155122757,0.99985271692276,0.43533453345298767,0.5770580768585205,0.10622421652078629,0.9997887015342712,0.4866483211517334,0.64565509557724,-0.07004440575838089,0.9757908582687378,0.40661752223968506,0.6455758213996887,0.13092152774333954,0.8524216413497925,0.5495449900627136,0.6956349015235901,-0.02066805586218834,0.9806270003318787,0.40681877732276917,0.7006676197052002,0.22011806070804596,0.8978458046913147,0.5581860542297363,0.7031583189964294,-0.01799837499856949,0.8950674533843994,0.41580095887184143,0.7081295251846313,0.2237999588251114,0.8491970300674438,0.5445812344551086,0.7162038087844849,-0.11475090682506561,0.9682637453079224,0.3831874132156372,0.7232068181037903,0.15458308160305023,0.8932750821113586
113,0.4123340845108032,0.4560304880142212,-0.016927212476730347,0.9998385310173035,0.4179795980453491,0.45359736680984497,-0.038500040769577026,0.9998624920845032,0.41836607456207275,0.45365190505981445,-0.03857748210430145,0.9998554587364197,0.4184669256210327,0.4536544680595398,-0.0386350043118,0.9998656511306763,0.41933345794677734,0.4533471167087555,-0.008271432481706142,0.9997817873954773,0.4206119179725647,0.4531988501548767,-0.008338792249560356,0.9996842741966248,0.42153090238571167,0.452993243932724,-0.00842970609664917,0.9997434020042419,0.42519906163215637,0.4576311707496643,-0.08640505373477936,0.9997712969779968,0.4288962781429291,0.4567614197731018,0.04932525381445885,0.9996943473815918,0.4138733446598053,0.46447527408599854,-0.030622970312833786,0.9994937181472778,0.4151047170162201,0.46415477991104126,0.008463626727461815,0.9994409680366516,0.42138129472732544,0.48602303862571716,-0.17098946869373322,0.9996396899223328,0.43435800075531006,0.48815518617630005,0.15748190879821777,0.9986147284507751,0.3927900195121765,0.4834732115268707,-0.35091158747673035,0.9600261449813843,0.4300632178783417,0.5082891583442688,0.36042946577072144,0.05781229957938194,0.3967452049255371,0.4500650465488434,-0.4274984300136566,0.850480854511261,0.4113050401210785,0.4921138882637024,0.536771297454834,0.13481314480304718,0.3965093195438385,0.4437738060951233,-0.4590059220790863,0.798190176486969,0.4105875790119171,0.4889802932739258,0.5675500631332397,0.16010910272598267,0.40673479437828064,0.4446597397327423,-0.4463987350463867,0.7933720946311951,0.40797799825668335,0.48793351650238037,0.5492360591888428,0.16366098821163177,0.4015193283557892,0.4485967457294464,-0.425396591424942,0.7664933204650879,0.4074869751930237,0.4893150329589844,0.5328017473220825,0.16955310106277466,0.45206812024116516,0.5787335634231567,-0.10757976025342941,0.9998635053634644,0.4387069344520569,0.5777636766433716,0.10755553841590881,0.999803900718689,0.48469290137290955,0.644067645072937,-0.045783285051584244,0.976494312286377,0.4072033166885376,0.6466370224952698,0.14562484622001648,0.8516270518302917,0.546467125415802,0.6967249512672424,-9.127686644205824e-05,0.9813002943992615,0.4083459675312042,0.697492241859436,0.23680928349494934,0.899417519569397,0.5547205209732056,0.7027261257171631,0.0035180491395294666,0.8986847400665283,0.4194568991661072,0.704708993434906,0.24146787822246552,0.8509197235107422,0.5390739440917969,0.711776614189148,-0.08842724561691284,0.9692975878715515,0.3821905255317688,0.7214820384979248,0.1784418523311615,0.8945640325546265
114,0.41578400135040283,0.4568687975406647,-0.01187498215585947,0.999849796295166,0.419438898563385,0.45222362875938416,-0.03310713171958923,0.9998728632926941,0.4199539124965668,0.4529627561569214,-0.03318921849131584,0.9998664259910583,0.4212498366832733,0.45270076394081116,-0.03325742110610008,0.9998757243156433,0.42064911127090454,0.4523163139820099,-0.001958042150363326,0.9997983574867249,0.42181116342544556,0.4522077143192291,-0.0020644303876906633,0.9997081756591797,0.42266055941581726,0.4519944489002228,-0.002153078094124794,0.9997628927230835,0.42656463384628296,0.4558488726615906,-0.07647688686847687,0.9997892379760742,0.42963114380836487,0.4554015100002289,0.06335724890232086,0.9997194409370422,0.418211966753006,0.4628882110118866,-0.024085000157356262,0.9995243549346924,0.419415682554245,0.46310773491859436,0.01632361300289631,0.9994761347770691,0.43557512760162354,0.4842260777950287,-0.1623435914516449,0.9996461272239685,0.43495795130729675,0.4879765808582306,0.16890382766723633,0.9986211657524109,0.39410269260406494,0.4863032102584839,-0.3402418792247772,0.9606148600578308,0.4220174551010132,0.5162791013717651,0.31759384274482727,0.055288251489400864,0.39456072449684143,0.45324596762657166,-0.40056949853897095,0.8492706418037415,0.4057770371437073,0.5032561421394348,0.42569276690483093,0.1294417381286621,0.39367735385894775,0.4476734399795532,-0.43086251616477966,0.796808660030365,0.40401241183280945,0.5011430382728577,0.4459136724472046,0.15537193417549133,0.3975413739681244,0.4488402307033539,-0.41739341616630554,0.7919074892997742,0.4034784138202667,0.4991403818130493,0.4323164224624634,0.1587442308664322,0.39857736229896545,0.45048752427101135,-0.3976280987262726,0.7652282118797302,0.40390560030937195,0.499982088804245,0.4216636121273041,0.164849653840065,0.4590439796447754,0.5769420266151428,-0.10853788256645203,0.999870777130127,0.43784141540527344,0.5774253606796265,0.10845381766557693,0.9998139142990112,0.4873027205467224,0.6435361504554749,-0.06883533298969269,0.9772117733955383,0.40749114751815796,0.6447708010673523,0.15015515685081482,0.8561162948608398,0.5498133897781372,0.6976823210716248,-0.030867213383316994,0.9819515943527222,0.4086897373199463,0.7006190419197083,0.24382273852825165,0.9031450748443604,0.5607403516769409,0.7047422528266907,-0.028314389288425446,0.9028909206390381,0.4205087423324585,0.7066851258277893,0.2487635314464569,0.8564541935920715,0.5448617339134216,0.717553973197937,-0.12951306998729706,0.9703579545021057,0.37864604592323303,0.7228134870529175,0.18312300741672516,0.898640513420105
115,0.4123947322368622,0.46014970541000366,-0.07294357568025589,0.9998579025268555,0.41909003257751465,0.4547819495201111,-0.08894279599189758,0.9998800158500671,0.4208407700061798,0.4547251760959625,-0.08898403495550156,0.9998733401298523,0.42353761196136475,0.4546099305152893,-0.08906836807727814,0.999882161617279,0.41683095693588257,0.4547988772392273,-0.057993821799755096,0.9998100996017456,0.41703811287879944,0.4547238349914551,-0.05808714032173157,0.9997240304946899,0.41724708676338196,0.45459040999412537,-0.05823502317070961,0.9997760653495789,0.4321388006210327,0.4586138427257538,-0.10670493543148041,0.9997993111610413,0.4235303997993469,0.4577212631702423,0.03213422745466232,0.9997351169586182,0.4182339310646057,0.4668751657009125,-0.07491965591907501,0.9995452165603638,0.414607435464859,0.4666171967983246,-0.03491349145770073,0.9995014667510986,0.4436933994293213,0.48721855878829956,-0.17409174144268036,0.9996439814567566,0.41966962814331055,0.48920372128486633,0.14372044801712036,0.9986523985862732,0.39459389448165894,0.48992571234703064,-0.32301443815231323,0.9588294625282288,0.4069520831108093,0.5104328989982605,0.23229672014713287,0.056793902069330215,0.38692039251327515,0.4540139436721802,-0.360630065202713,0.846796989440918,0.4143398106098175,0.5028933882713318,0.24904166162014008,0.129830002784729,0.3859766125679016,0.4469808042049408,-0.3937482237815857,0.7944387793540955,0.4183233380317688,0.5023236870765686,0.25204700231552124,0.15498051047325134,0.39664214849472046,0.44775390625,-0.3796159327030182,0.7891742587089539,0.42075315117836,0.5005477666854858,0.24285973608493805,0.15803223848342896,0.3977517783641815,0.4511834979057312,-0.35673099756240845,0.7622674107551575,0.4198719561100006,0.5006992816925049,0.24366113543510437,0.1640268713235855,0.4702279269695282,0.5791500806808472,-0.1038295179605484,0.9998695254325867,0.43320873379707336,0.5807768106460571,0.10380201786756516,0.9998146295547485,0.48964986205101013,0.6458377838134766,-0.03400835767388344,0.9780113697052002,0.40714454650878906,0.6464356780052185,0.13916808366775513,0.8588783740997314,0.5493860840797424,0.6967328786849976,0.053468942642211914,0.9826467037200928,0.40923434495925903,0.6970689296722412,0.2704393267631531,0.904685378074646,0.5581601858139038,0.7013753652572632,0.0594269223511219,0.904556393623352,0.42103493213653564,0.7027948498725891,0.27891501784324646,0.8562147617340088,0.5498273372650146,0.7181587219238281,-0.04923129454255104,0.971377968788147,0.3813658356666565,0.7233998775482178,0.20395761728286743,0.9001840353012085
116,0.4196486473083496,0.4599508047103882,-0.09142231941223145,0.9998639225959778,0.42500919103622437,0.45505601167678833,-0.10276822745800018,0.9998844265937805,0.4277285933494568,0.4549374580383301,-0.1028023213148117,0.9998756051063538,0.42938438057899475,0.45491984486579895,-0.10286803543567657,0.9998840093612671,0.4225277900695801,0.4552430510520935,-0.07313408702611923,0.9998185634613037,0.4225088953971863,0.45525532960891724,-0.07319442182779312,0.9997350573539734,0.42242470383644104,0.45525091886520386,-0.0732952430844307,0.9997838735580444,0.43754830956459045,0.45851144194602966,-0.10822153836488724,0.9997994899749756,0.42885226011276245,0.45744210481643677,0.026033859699964523,0.9997401237487793,0.4247854948043823,0.46644577383995056,-0.08940868079662323,0.9995516538619995,0.4198448956012726,0.46651309728622437,-0.05073538050055504,0.9995128512382507,0.4518791437149048,0.4870430827140808,-0.18120276927947998,0.9995975494384766,0.4203808903694153,0.4893912971019745,0.11555298417806625,0.9986014366149902,0.40365391969680786,0.489331990480423,-0.37836214900016785,0.9566925764083862,0.40296152234077454,0.49742868542671204,0.084099180996418,0.06533300876617432,0.38518497347831726,0.4548580050468445,-0.46176621317863464,0.8494582772254944,0.4018203318119049,0.4923509955406189,-0.017069844529032707,0.14696718752384186,0.3777904510498047,0.44797784090042114,-0.5099042654037476,0.7975389957427979,0.4014050364494324,0.489613801240921,-0.035849690437316895,0.16942793130874634,0.38645488023757935,0.4485069513320923,-0.4895157516002655,0.7919664978981018,0.40353289246559143,0.4886060059070587,-0.041158054023981094,0.17178975045681,0.388339102268219,0.4515601098537445,-0.45742541551589966,0.7645714282989502,0.40439796447753906,0.4896581470966339,-0.025065796449780464,0.176578551530838,0.47281840443611145,0.5800260305404663,-0.09557335078716278,0.999875009059906,0.4329521358013153,0.5812786221504211,0.09559556841850281,0.9998218417167664,0.4897814095020294,0.6449432969093323,-0.05653257295489311,0.9790560603141785,0.40967532992362976,0.6456881761550903,0.16538891196250916,0.8651946783065796,0.5479000806808472,0.696704626083374,0.05829635635018349,0.9833676815032959,0.4082235097885132,0.698409378528595,0.32388460636138916,0.9081764221191406,0.55540931224823,0.7014521956443787,0.0649188905954361,0.9046041369438171,0.41834405064582825,0.7040379643440247,0.3335704505443573,0.8532981872558594,0.5481240153312683,0.7153347730636597,-0.058046698570251465,0.972388505935669,0.382190465927124,0.7226954102516174,0.24592237174510956,0.902961015701294
117,0.4228719472885132,0.46003907918930054,-0.11704551428556442,0.9998688101768494,0.43010514974594116,0.45584478974342346,-0.11991631984710693,0.9998878836631775,0.43274810910224915,0.45586735010147095,-0.11995000392198563,0.9998764991760254,0.4350472092628479,0.4558941125869751,-0.11999134719371796,0.9998847842216492,0.4244273900985718,0.45606547594070435,-0.09554929286241531,0.9998263716697693,0.42369648814201355,0.4561805725097656,-0.09560886770486832,0.9997449517250061,0.42298588156700134,0.4562325179576874,-0.0957038402557373,0.9997906684875488,0.44293299317359924,0.46042492985725403,-0.09241216629743576,0.9997929334640503,0.4276025593280792,0.4590129256248474,0.01768386736512184,0.9997407793998718,0.42863214015960693,0.4672989845275879,-0.10371406376361847,0.9995473027229309,0.42157942056655884,0.46718770265579224,-0.07211548835039139,0.9995143413543701,0.45953842997550964,0.48930829763412476,-0.1557827591896057,0.9994686245918274,0.41406604647636414,0.4899309277534485,0.09626585990190506,0.9984585642814636,0.40833860635757446,0.49094292521476746,-0.3545073866844177,0.9532708525657654,0.39644479751586914,0.49257948994636536,0.025512613356113434,0.09052062034606934,0.3815480172634125,0.4543203115463257,-0.45887893438339233,0.8528507947921753,0.41861310601234436,0.4916391670703888,-0.11065830290317535,0.17976371943950653,0.37914425134658813,0.448121577501297,-0.5122345089912415,0.8016869425773621,0.42284199595451355,0.4908742606639862,-0.13955965638160706,0.1952793300151825,0.387957900762558,0.4474233388900757,-0.49263492226600647,0.7958536148071289,0.4278601109981537,0.49018803238868713,-0.1407289057970047,0.19661609828472137,0.3889613151550293,0.45051100850105286,-0.4552348554134369,0.7685325741767883,0.4276961088180542,0.4905305802822113,-0.11774308979511261,0.199435293674469,0.4797208905220032,0.5802139043807983,-0.07912492752075195,0.9998796582221985,0.43107694387435913,0.5818155407905579,0.07912018150091171,0.9998287558555603,0.49326494336128235,0.6448385715484619,-0.049317654222249985,0.9801499247550964,0.4113618731498718,0.6457533240318298,0.1444045454263687,0.8736270070075989,0.5444802641868591,0.6961085796356201,0.07873443514108658,0.983995795249939,0.409438818693161,0.6977406144142151,0.3110473155975342,0.9129118919372559,0.5497461557388306,0.7015586495399475,0.08626364171504974,0.9018932580947876,0.41848647594451904,0.70330411195755,0.3214479982852936,0.8487117290496826,0.5474259257316589,0.7176445126533508,-0.04217817261815071,0.9731577038764954,0.38595589995384216,0.7218559980392456,0.22522662580013275,0.9065715074539185
118,0.42336055636405945,0.46171820163726807,-0.09012564271688461,0.9998749494552612,0.4317392110824585,0.4571879506111145,-0.09482111036777496,0.9998922348022461,0.43464842438697815,0.45714473724365234,-0.09485810250043869,0.9998794794082642,0.43732431530952454,0.4570847451686859,-0.09488818049430847,0.9998874664306641,0.4261588156223297,0.4573151171207428,-0.06866855174303055,0.9998347163200378,0.425639271736145,0.45735159516334534,-0.06876161694526672,0.9997560381889343,0.4252493679523468,0.45733442902565,-0.0688512921333313,0.9997988343238831,0.44689103960990906,0.4610283672809601,-0.07526969164609909,0.9997933506965637,0.4311011731624603,0.4611746370792389,0.04289301857352257,0.9997438192367554,0.43001657724380493,0.46842822432518005,-0.07970058172941208,0.999555230140686,0.4230598509311676,0.468056857585907,-0.04567906633019447,0.9995279908180237,0.4640803337097168,0.4901667833328247,-0.13897068798542023,0.9994459748268127,0.41835129261016846,0.4917336404323578,0.12492985278367996,0.9984915256500244,0.4048042595386505,0.4927352964878082,-0.2876448929309845,0.9488046169281006,0.39824455976486206,0.4957710802555084,0.07537203282117844,0.11304891109466553,0.3772958517074585,0.4588610827922821,-0.3255534768104553,0.8520498871803284,0.4194747507572174,0.4855908453464508,-0.05194982513785362,0.20643454790115356,0.37033993005752563,0.45184794068336487,-0.365830659866333,0.8008735179901123,0.4251801669597626,0.48277559876441956,-0.07832968235015869,0.21580466628074646,0.3791962265968323,0.45239388942718506,-0.35004207491874695,0.7945021390914917,0.4294253885746002,0.48118218779563904,-0.07652071863412857,0.21594659984111786,0.38057368993759155,0.4559902250766754,-0.3206707537174225,0.7670172452926636,0.42871224880218506,0.4821039140224457,-0.05754302069544792,0.21724343299865723,0.4818229377269745,0.5806761980056763,-0.08181018382310867,0.9998831152915955,0.4319343566894531,0.5817762613296509,0.08182947337627411,0.9998372793197632,0.49430763721466064,0.6468172073364258,-0.016153065487742424,0.9808251261711121,0.410075306892395,0.6468288898468018,0.11665007472038269,0.8816539645195007,0.5427336096763611,0.6960368752479553,0.13311319053173065,0.9841594696044922,0.4077264666557312,0.6992322206497192,0.268774151802063,0.9177367091178894,0.5511429309844971,0.7006555795669556,0.143753781914711,0.8977236747741699,0.41747525334358215,0.7047745585441589,0.2784099876880646,0.8482362031936646,0.5415564179420471,0.7165918350219727,0.03329014778137207,0.9732269048690796,0.3826388418674469,0.722975492477417,0.18783049285411835,0.9108234643936157
119,0.4286247789859772,0.4639763832092285,-0.13335755467414856,0.9998689293861389,0.4374052882194519,0.45985180139541626,-0.1322823315858841,0.9998823404312134,0.4405089020729065,0.4599300026893616,-0.1323375552892685,0.9998619556427002,0.4431896209716797,0.46009334921836853,-0.13235226273536682,0.9998694062232971,0.4309001863002777,0.45900267362594604,-0.10865722596645355,0.9998241066932678,0.43007662892341614,0.4590757489204407,-0.10874396562576294,0.9997397065162659,0.4294215142726898,0.45913034677505493,-0.10879164189100266,0.9997807741165161,0.45221832394599915,0.4638291895389557,-0.09088589996099472,0.9997462034225464,0.4352850019931793,0.46397700905799866,0.01632286049425602,0.9996873736381531,0.4357219338417053,0.4712274372577667,-0.11559105664491653,0.9994651079177856,0.42767947912216187,0.47122296690940857,-0.08468324691057205,0.9994481801986694,0.47281062602996826,0.4932628273963928,-0.14759044349193573,0.9991787075996399,0.41998448967933655,0.4935855567455292,0.08893723040819168,0.9983411431312561,0.40993577241897583,0.4968675673007965,-0.3353983163833618,0.9435989856719971,0.39657241106033325,0.4954005777835846,-0.028440717607736588,0.14427073299884796,0.3704316318035126,0.4626373052597046,-0.419980525970459,0.8535231947898865,0.3729376494884491,0.46913060545921326,-0.22609858214855194,0.246845081448555,0.3633289933204651,0.4531819522380829,-0.469828724861145,0.8028445243835449,0.36366164684295654,0.4575042724609375,-0.26402992010116577,0.24960081279277802,0.3710514307022095,0.45302659273147583,-0.4512251913547516,0.7963315844535828,0.373241126537323,0.45817995071411133,-0.2645724415779114,0.24907739460468292,0.37266477942466736,0.4569811522960663,-0.4158300757408142,0.7683517932891846,0.3761660158634186,0.4631635546684265,-0.23496219515800476,0.2490183413028717,0.48734137415885925,0.5808534026145935,-0.06660789251327515,0.9998807311058044,0.4344625473022461,0.582218587398529,0.06659381836652756,0.9998424649238586,0.4962681531906128,0.645216166973114,-0.011263951659202576,0.9811733961105347,0.41266727447509766,0.6470419764518738,0.09062499552965164,0.8910511136054993,0.5391815900802612,0.6946520209312439,0.17714546620845795,0.9838345646858215,0.40796151757240295,0.6999372243881226,0.2597086727619171,0.9234218597412109,0.5417982339859009,0.6993253231048584,0.1907387673854828,0.8887731432914734,0.4141364097595215,0.7054312825202942,0.27081871032714844,0.8480751514434814,0.5497127175331116,0.7166420221328735,0.07009809464216232,0.9723933339118958,0.3828187882900238,0.7223040461540222,0.16215892136096954,0.9157664179801941
120,0.4323095977306366,0.4588896632194519,-0.09143241494894028,0.999864399433136,0.4423629343509674,0.4555874466896057,-0.09219997376203537,0.9998740553855896,0.4458574056625366,0.4557560086250305,-0.09224601835012436,0.999846339225769,0.44793033599853516,0.4560428857803345,-0.09227147698402405,0.9998534917831421,0.43780317902565,0.4548124074935913,-0.06713409721851349,0.9998148083686829,0.4370901584625244,0.45494022965431213,-0.06718511134386063,0.9997254014015198,0.4342043697834015,0.4551395773887634,-0.06723493337631226,0.9997654557228088,0.4546625316143036,0.46048858761787415,-0.06218244880437851,0.9997069835662842,0.44154754281044006,0.45994922518730164,0.05131443589925766,0.9996382594108582,0.4398582875728607,0.46617498993873596,-0.07792900502681732,0.9993751049041748,0.4323694705963135,0.46587860584259033,-0.04520884528756142,0.9993682503700256,0.4672650694847107,0.489713191986084,-0.13376574218273163,0.9987978339195251,0.4255939722061157,0.49226561188697815,0.123255155980587,0.9980873465538025,0.4062541127204895,0.4968464970588684,-0.31134849786758423,0.9396119713783264,0.3943991959095001,0.4972735047340393,0.010915430262684822,0.1723106950521469,0.3646499514579773,0.46556010842323303,-0.3706350028514862,0.8550504446029663,0.3637469410896301,0.46968087553977966,-0.1771138459444046,0.28418347239494324,0.35772842168807983,0.4566578269004822,-0.41624119877815247,0.8046271204948425,0.35656556487083435,0.461188405752182,-0.21102063357830048,0.2805502116680145,0.3621408939361572,0.45574817061424255,-0.39675265550613403,0.7979327440261841,0.36570924520492554,0.4605213403701782,-0.21171437203884125,0.27960944175720215,0.3641452193260193,0.4588792026042938,-0.3653055727481842,0.7696701288223267,0.36680319905281067,0.4623652696609497,-0.18608233332633972,0.27909690141677856,0.4868498146533966,0.5780667066574097,-0.07117918133735657,0.9998698234558105,0.4374809265136719,0.5790322422981262,0.07118991017341614,0.9998416900634766,0.4986652433872223,0.6457989811897278,-0.02163984440267086,0.9815415143966675,0.41422536969184875,0.6464741230010986,0.08278520405292511,0.8997159004211426,0.5381776094436646,0.6951025724411011,0.1532716006040573,0.9834889769554138,0.4092450439929962,0.6991502046585083,0.2357431799173355,0.9286488890647888,0.5392163395881653,0.6997299790382385,0.16574791073799133,0.8795844316482544,0.41560623049736023,0.7054998874664307,0.2453729659318924,0.8464087843894958,0.5506151914596558,0.7155420780181885,0.04936116933822632,0.9715760946273804,0.3829619288444519,0.724348783493042,0.13939590752124786,0.9201537370681763
121,0.4363422691822052,0.4623373746871948,-0.10538966208696365,0.9998561143875122,0.44620373845100403,0.4582923650741577,-0.10364574939012527,0.9998607635498047,0.4490160644054413,0.4584215581417084,-0.10368910431861877,0.9998233318328857,0.4513539671897888,0.4586305320262909,-0.1037004366517067,0.9998301863670349,0.4398186206817627,0.4583980143070221,-0.08040035516023636,0.9997996687889099,0.43896785378456116,0.45856666564941406,-0.08046716451644897,0.9997031092643738,0.4381926953792572,0.4587574303150177,-0.08050766587257385,0.9997446537017822,0.46006542444229126,0.46400874853134155,-0.06171739473938942,0.9996523857116699,0.4428161084651947,0.46392926573753357,0.04349209740757942,0.999582052230835,0.44233986735343933,0.4690808951854706,-0.08762072771787643,0.9992612600326538,0.4342736005783081,0.4690154492855072,-0.057342302054166794,0.9992671012878418,0.47708433866500854,0.49182456731796265,-0.1293746829032898,0.9982339143753052,0.4257633686065674,0.49393001198768616,0.11674284189939499,0.9978827238082886,0.40940171480178833,0.49857452511787415,-0.31447628140449524,0.9323233962059021,0.38554033637046814,0.4958822429180145,-0.009773810394108295,0.21266718208789825,0.36016422510147095,0.4699602723121643,-0.3894367218017578,0.8524404764175415,0.35880282521247864,0.47049346566200256,-0.2185823917388916,0.32933545112609863,0.35306838154792786,0.4601804316043854,-0.43860650062561035,0.8017621636390686,0.3546387553215027,0.4619343876838684,-0.25623762607574463,0.31954649090766907,0.35833391547203064,0.45933017134666443,-0.4194115996360779,0.7947566509246826,0.3592272698879242,0.4619161784648895,-0.25521931052207947,0.31805893778800964,0.3601314127445221,0.4630706012248993,-0.38472092151641846,0.7660151124000549,0.36062243580818176,0.46399450302124023,-0.2269771844148636,0.31678569316864014,0.49353331327438354,0.5802273154258728,-0.07149657607078552,0.9998542666435242,0.4395548403263092,0.58187335729599,0.07148046791553497,0.9998387694358826,0.503255307674408,0.64705491065979,-0.05299055203795433,0.981890857219696,0.4145483374595642,0.6494114398956299,0.08926013857126236,0.9072745442390442,0.5365616679191589,0.6965619325637817,0.11945677548646927,0.9828560948371887,0.4080177843570709,0.7022982239723206,0.24750550091266632,0.9330242276191711,0.5377947688102722,0.701951265335083,0.1317569762468338,0.8677890300750732,0.41531839966773987,0.7079532146453857,0.2574949264526367,0.8429098725318909,0.5473726987838745,0.7183870077133179,0.013186869211494923,0.969982922077179,0.3819977343082428,0.7250486016273499,0.15020477771759033,0.9231896996498108
122,0.43806204199790955,0.4641064405441284,-0.1156088262796402,0.9998475909233093,0.4484281837940216,0.4597645103931427,-0.11505406349897385,0.9998471140861511,0.4513351321220398,0.4599454998970032,-0.11510524898767471,0.9998008608818054,0.4539082944393158,0.4602525532245636,-0.11512067168951035,0.9998087882995605,0.44265615940093994,0.4599468410015106,-0.09086386114358902,0.9997825622558594,0.44206246733665466,0.4601922333240509,-0.09091430902481079,0.9996786713600159,0.43960079550743103,0.4607050120830536,-0.09094369411468506,0.9997224807739258,0.46337875723838806,0.46611088514328003,-0.0765223577618599,0.9995977282524109,0.4478604197502136,0.46618741750717163,0.03361031413078308,0.9995085597038269,0.443746417760849,0.47153404355049133,-0.0988914743065834,0.9991360306739807,0.4365561306476593,0.4714670479297638,-0.06718611717224121,0.9991552233695984,0.4815637767314911,0.49440011382102966,-0.14100567996501923,0.9978641867637634,0.4310881197452545,0.49705472588539124,0.11343574523925781,0.9977034330368042,0.41335612535476685,0.5001674890518188,-0.3081909418106079,0.9292476177215576,0.38605883717536926,0.4995192587375641,0.016297828406095505,0.24268878996372223,0.35471779108047485,0.47148531675338745,-0.3610669672489166,0.85317462682724,0.3539245128631592,0.47442907094955444,-0.1696198433637619,0.36512938141822815,0.34535542130470276,0.4645577669143677,-0.40684816241264343,0.8019573092460632,0.35326746106147766,0.46992209553718567,-0.20328980684280396,0.3502027988433838,0.3479916751384735,0.46326905488967896,-0.3865046799182892,0.7945947051048279,0.3545837998390198,0.46871912479400635,-0.20623765885829926,0.3485466241836548,0.35032379627227783,0.46451520919799805,-0.3548910617828369,0.765045702457428,0.3526367247104645,0.46764519810676575,-0.17921407520771027,0.34702837467193604,0.49458855390548706,0.5822455286979675,-0.06746461987495422,0.9998296499252319,0.44268813729286194,0.583253026008606,0.06748373806476593,0.9998301267623901,0.5052429437637329,0.6473833322525024,-0.018575303256511688,0.9817131757736206,0.4177570939064026,0.6491715312004089,0.07423986494541168,0.9146310687065125,0.5334025621414185,0.6965366005897522,0.17509382963180542,0.981976330280304,0.40589040517807007,0.7026170492172241,0.24097761511802673,0.937568187713623,0.5310115814208984,0.7014999389648438,0.18943257629871368,0.8564144372940063,0.4120679199695587,0.7081335783004761,0.2521350383758545,0.8420884013175964,0.5488268136978149,0.716888427734375,0.07181117683649063,0.9683859348297119,0.38251563906669617,0.7245290279388428,0.14247694611549377,0.9270816445350647
123,0.4462487995624542,0.47071564197540283,-0.13198281824588776,0.999825119972229,0.45382997393608093,0.4655900001525879,-0.12627454102039337,0.9998133778572083,0.4568580090999603,0.4657702147960663,-0.12629854679107666,0.9997497200965881,0.4597738981246948,0.46601855754852295,-0.12630000710487366,0.9997624754905701,0.44802629947662354,0.46543824672698975,-0.10816939175128937,0.9997408986091614,0.44732505083084106,0.46552106738090515,-0.1082027330994606,0.9996193051338196,0.4449083209037781,0.46572741866111755,-0.10822422057390213,0.9996680617332458,0.46954846382141113,0.4693552851676941,-0.06864897906780243,0.9994491934776306,0.4520091116428375,0.4688757061958313,0.01394730992615223,0.9993142485618591,0.45520487427711487,0.47813984751701355,-0.10875983536243439,0.998806893825531,0.44654566049575806,0.4756636619567871,-0.08496700972318649,0.9988303184509277,0.4929054081439972,0.4952874183654785,-0.11662828177213669,0.9972173571586609,0.4306192696094513,0.49830371141433716,0.07816047966480255,0.9972454905509949,0.41907423734664917,0.5014458894729614,-0.29475757479667664,0.92799973487854,0.39042240381240845,0.5019823908805847,-0.028414778411388397,0.27905139327049255,0.34883132576942444,0.48096343874931335,-0.3831348419189453,0.85776287317276,0.34832921624183655,0.4806515574455261,-0.21479806303977966,0.40049314498901367,0.33813363313674927,0.47305744886398315,-0.4320882260799408,0.8068195581436157,0.33760035037994385,0.4725412130355835,-0.250803679227829,0.3803354799747467,0.3407699167728424,0.4711098372936249,-0.41260257363319397,0.7994417548179626,0.3404861092567444,0.4711790382862091,-0.2557139992713928,0.3791179358959198,0.3439295291900635,0.47454938292503357,-0.3785689175128937,0.7694118618965149,0.3441646099090576,0.4745744466781616,-0.22501477599143982,0.37758928537368774,0.5018242001533508,0.5819172263145447,-0.040584564208984375,0.9998068809509277,0.4465692639350891,0.5817810297012329,0.040531422942876816,0.9998206496238708,0.5097606182098389,0.6430357694625854,-0.01917410083115101,0.9817203283309937,0.4217584729194641,0.6454159617424011,0.015362546779215336,0.92226243019104,0.5326785445213318,0.6942615509033203,0.17547526955604553,0.9817757606506348,0.40830564498901367,0.7004519104957581,0.17449168860912323,0.9427687525749207,0.5286185145378113,0.7002800703048706,0.1895156353712082,0.849364161491394,0.41318511962890625,0.7064167261123657,0.1846276819705963,0.8442301750183105,0.55411696434021,0.7156941294670105,0.06662188470363617,0.9680420160293579,0.38421517610549927,0.7222884297370911,0.06068700924515724,0.9321690201759338
124,0.4501214325428009,0.4747246503829956,-0.1530890315771103,0.9997861385345459,0.4560686945915222,0.4692208468914032,-0.14660215377807617,0.9997561573982239,0.46002915501594543,0.4691382944583893,-0.14664526283740997,0.9996685981750488,0.4631180167198181,0.46905961632728577,-0.14667300879955292,0.9996903538703918,0.44973480701446533,0.4691188633441925,-0.13093510270118713,0.999660849571228,0.44890841841697693,0.46905121207237244,-0.13095618784427643,0.999508798122406,0.44821926951408386,0.4690046012401581,-0.13097259402275085,0.9995733499526978,0.4718630015850067,0.4713153541088104,-0.08207788318395615,0.9992720484733582,0.4527687430381775,0.4715334177017212,-0.01024980004876852,0.9990488290786743,0.45733025670051575,0.4806729853153229,-0.1270085722208023,0.9984886050224304,0.44892632961273193,0.4805324971675873,-0.10635839402675629,0.9984810948371887,0.4954955577850342,0.4983353018760681,-0.1146438717842102,0.9968309998512268,0.4319373667240143,0.501749575138092,0.06104224920272827,0.9969428777694702,0.43564316630363464,0.5090463161468506,-0.26785391569137573,0.9270480275154114,0.3828931152820587,0.5084652304649353,-0.031712330877780914,0.32654234766960144,0.3525148332118988,0.49140819907188416,-0.35497698187828064,0.8595162034034729,0.3395140469074249,0.4845390319824219,-0.21453534066677094,0.44214698672294617,0.3370572626590729,0.48477962613105774,-0.4006687104701996,0.806496262550354,0.32918912172317505,0.4786381125450134,-0.24999791383743286,0.4174012839794159,0.3395942449569702,0.48287689685821533,-0.38374999165534973,0.7988779544830322,0.3329063057899475,0.47782760858535767,-0.25582394003868103,0.41654306650161743,0.3442785441875458,0.4840925633907318,-0.3508211672306061,0.7677489519119263,0.3379736840724945,0.4790702164173126,-0.22456426918506622,0.4144750237464905,0.5037280321121216,0.5846060514450073,-0.04100126028060913,0.9997410774230957,0.4499199092388153,0.5849449038505554,0.04100820794701576,0.9997814893722534,0.5147753357887268,0.6459096670150757,-0.028551943600177765,0.9820705652236938,0.4199863374233246,0.6489759683609009,0.020305385813117027,0.9291322827339172,0.536443293094635,0.6973982453346252,0.16601739823818207,0.9816058278083801,0.40688231587409973,0.7025229334831238,0.18867127597332,0.9473617076873779,0.5330728888511658,0.7032237648963928,0.17986556887626648,0.8433271646499634,0.4124946594238281,0.7083046436309814,0.19938760995864868,0.8451728820800781,0.5572105646133423,0.7169764041900635,0.058874327689409256,0.9676511883735657,0.38473209738731384,0.724600613117218,0.07841601222753525,0.9365005493164062
125,0.44801825284957886,0.4733335077762604,-0.13778822124004364,0.9996788501739502,0.45557624101638794,0.4685615003108978,-0.1369192898273468,0.9996150732040405,0.4582819938659668,0.46853238344192505,-0.13697510957717896,0.9994863271713257,0.46081021428108215,0.4675517976284027,-0.13703015446662903,0.9995457530021667,0.4511875808238983,0.4688512980937958,-0.1174902394413948,0.9994446039199829,0.4511510729789734,0.469039648771286,-0.117499940097332,0.9992081522941589,0.45133039355278015,0.4692828357219696,-0.11751652508974075,0.9993360638618469,0.47336849570274353,0.47249463200569153,-0.09405092149972916,0.99888014793396,0.4574238657951355,0.47265979647636414,-0.005320934113115072,0.998261570930481,0.45866113901138306,0.4790879786014557,-0.11930262297391891,0.9977238774299622,0.44928526878356934,0.48037654161453247,-0.0937873050570488,0.9976034760475159,0.4982251226902008,0.500357985496521,-0.1319587677717209,0.9966362714767456,0.43842795491218567,0.5020248889923096,0.08111999928951263,0.9966429471969604,0.4395151734352112,0.5167130827903748,-0.24464066326618195,0.9278138875961304,0.39259272813796997,0.510893702507019,0.07165104895830154,0.35008564591407776,0.3510098159313202,0.5000255703926086,-0.28474900126457214,0.8614664673805237,0.3390270471572876,0.49399203062057495,-0.03736211732029915,0.4634453058242798,0.33322858810424805,0.49354565143585205,-0.32140690088272095,0.8069050312042236,0.3250494599342346,0.48813045024871826,-0.05634239688515663,0.43556201457977295,0.3362743556499481,0.49171608686447144,-0.30633625388145447,0.7990116477012634,0.32538530230522156,0.4855951964855194,-0.07020947337150574,0.43590047955513,0.3394647538661957,0.49305620789527893,-0.27937889099121094,0.7666372060775757,0.33280032873153687,0.4887007176876068,-0.048688869923353195,0.43505430221557617,0.503990650177002,0.5844612717628479,-0.044811200350522995,0.9996024966239929,0.45306286215782166,0.5840466022491455,0.044819701462984085,0.9997014999389648,0.5200604200363159,0.6438234448432922,-0.02200881578028202,0.9817284941673279,0.42302247881889343,0.6467754244804382,0.014233240857720375,0.9353248476982117,0.5360695719718933,0.69467693567276,0.16803611814975739,0.9809448719024658,0.40845656394958496,0.7009983062744141,0.16813530027866364,0.9516729116439819,0.5304439067840576,0.7004455327987671,0.18215350806713104,0.8374466300010681,0.4136275053024292,0.7070719599723816,0.1783687174320221,0.8486860990524292,0.5571366548538208,0.7153159379959106,0.06978273391723633,0.9670405387878418,0.3850891590118408,0.7233858704566956,0.06657502800226212,0.9408966898918152
126,0.4641140401363373,0.4745854437351227,-0.18368853628635406,0.9994845390319824,0.469436913728714,0.4695190489292145,-0.17832064628601074,0.9993444085121155,0.47120779752731323,0.4684500992298126,-0.17839670181274414,0.9991503953933716,0.4741329550743103,0.46859315037727356,-0.17847833037376404,0.9992629885673523,0.46093201637268066,0.46793243288993835,-0.16573919355869293,0.9990937113761902,0.4586537182331085,0.46775922179222107,-0.16580604016780853,0.9987692832946777,0.45815032720565796,0.46778571605682373,-0.1658470630645752,0.9990006685256958,0.4815306067466736,0.4723582863807678,-0.11489678919315338,0.9981873035430908,0.4618541896343231,0.47148609161376953,-0.05774768441915512,0.9973183274269104,0.4713241457939148,0.48024019598960876,-0.15769807994365692,0.9969295859336853,0.4593845307826996,0.4804263710975647,-0.14123158156871796,0.9968035221099854,0.5065553188323975,0.5031623244285583,-0.12060592323541641,0.9965324401855469,0.44286680221557617,0.5031667947769165,0.02742159366607666,0.9965813755989075,0.4445480406284332,0.5249382853507996,-0.19199398159980774,0.9232165217399597,0.39446142315864563,0.5178253650665283,0.01364899706095457,0.37922605872154236,0.35384225845336914,0.5104113817214966,-0.24444220960140228,0.8553056716918945,0.343304842710495,0.5062430500984192,-0.11464887112379074,0.4853915870189667,0.3349608778953552,0.5048492550849915,-0.27998092770576477,0.7982646226882935,0.3258834183216095,0.5002161264419556,-0.13903290033340454,0.45533332228660583,0.3379030227661133,0.5013120770454407,-0.2745421528816223,0.7904086709022522,0.32489803433418274,0.49656030535697937,-0.15611518919467926,0.45705097913742065,0.34039974212646484,0.5031358003616333,-0.24338726699352264,0.7559916973114014,0.33123064041137695,0.499790221452713,-0.1266186684370041,0.45609086751937866,0.5082306861877441,0.5845800042152405,-0.02908262610435486,0.9994077086448669,0.45611876249313354,0.5842465162277222,0.02914499118924141,0.9995894432067871,0.524247944355011,0.6456950306892395,-0.027942456305027008,0.9820321202278137,0.42333486676216125,0.6472301483154297,-0.005510874558240175,0.9411832690238953,0.5400445461273193,0.6973763704299927,0.1758270561695099,0.9808424115180969,0.4073474109172821,0.7017387747764587,0.16363520920276642,0.9557855129241943,0.5339271426200867,0.7030503749847412,0.19060997664928436,0.8360027074813843,0.41266193985939026,0.7073161005973816,0.17464450001716614,0.8536964058876038,0.5610535740852356,0.7183254361152649,0.07414977252483368,0.9671097993850708,0.38554584980010986,0.7252500653266907,0.05337788164615631,0.9452225565910339
127,0.45858609676361084,0.48097771406173706,-0.175311878323555,0.9992402791976929,0.4659155607223511,0.47507286071777344,-0.1720987856388092,0.9989555478096008,0.4689619839191437,0.47482776641845703,-0.17215357720851898,0.9986686110496521,0.4718654453754425,0.47465717792510986,-0.17220880091190338,0.9988741278648376,0.4600317180156708,0.47519490122795105,-0.15649159252643585,0.9986151456832886,0.4593525826931,0.4750473201274872,-0.15654009580612183,0.9981754422187805,0.45885947346687317,0.4749215543270111,-0.15656180679798126,0.9985510110855103,0.4836343228816986,0.47687000036239624,-0.11532994359731674,0.9971261620521545,0.4648129642009735,0.47672006487846375,-0.044643089175224304,0.9957765936851501,0.46836867928504944,0.48648712038993835,-0.1515137255191803,0.9956255555152893,0.4594181776046753,0.4864594042301178,-0.13112875819206238,0.9954821467399597,0.5101445317268372,0.5032850503921509,-0.1309666633605957,0.9964941143989563,0.4476299583911896,0.5026037096977234,0.04945966601371765,0.9965974688529968,0.44460123777389526,0.5245781540870667,-0.21348978579044342,0.9240449070930481,0.40016335248947144,0.520605742931366,0.04264016076922417,0.40537941455841064,0.3635142147541046,0.5181432366371155,-0.26386696100234985,0.8574790954589844,0.3453576862812042,0.5158384442329407,-0.0949643924832344,0.508445680141449,0.33958789706230164,0.5144850015640259,-0.30141815543174744,0.7989838719367981,0.32510635256767273,0.5120137929916382,-0.11896222084760666,0.47610464692115784,0.33799394965171814,0.511513888835907,-0.29376792907714844,0.7911892533302307,0.3240053951740265,0.5091777443885803,-0.13837145268917084,0.47924038767814636,0.3475874960422516,0.5127613544464111,-0.2615160048007965,0.7552012205123901,0.3312266170978546,0.5115056037902832,-0.10818671435117722,0.4780714213848114,0.5109712481498718,0.5837832093238831,-0.03671949729323387,0.9992246031761169,0.45984509587287903,0.5827718377113342,0.03673013672232628,0.9994871616363525,0.5267258286476135,0.6446249485015869,-0.04513145610690117,0.9822220206260681,0.42727360129356384,0.6465215682983398,-0.010020677000284195,0.9463293552398682,0.5403531789779663,0.6975173950195312,0.13727720081806183,0.9808721542358398,0.4086737334728241,0.7017711400985718,0.1385248452425003,0.9594244360923767,0.5344697833061218,0.7033329606056213,0.1499105989933014,0.8346484303474426,0.4128637909889221,0.7071651816368103,0.147537961602211,0.8573506474494934,0.5563707947731018,0.717185378074646,0.030835144221782684,0.9673423171043396,0.3863523304462433,0.7233040928840637,0.025755958631634712,0.9490214586257935
128,0.4736034572124481,0.47634267807006836,-0.16491933166980743,0.9991487264633179,0.47976237535476685,0.4707542359828949,-0.1562013477087021,0.9987930059432983,0.482634037733078,0.47053593397140503,-0.15621979534626007,0.9984687566757202,0.4852987229824066,0.47045210003852844,-0.15624408423900604,0.998713493347168,0.4721536636352539,0.4713776409626007,-0.14978067576885223,0.9984741806983948,0.47059279680252075,0.47147655487060547,-0.14985761046409607,0.9980344772338867,0.4690621495246887,0.4716058075428009,-0.14988203346729279,0.9984598159790039,0.4905910789966583,0.4735407531261444,-0.07890675961971283,0.9967023134231567,0.4689747095108032,0.4743771553039551,-0.04961986839771271,0.9955324530601501,0.4834854006767273,0.4815233647823334,-0.1334562450647354,0.9953640103340149,0.4712572991847992,0.48157063126564026,-0.12511587142944336,0.9952495098114014,0.51565021276474,0.5007579326629639,-0.06639746576547623,0.9966905117034912,0.44902992248535156,0.5014500617980957,0.031083205714821815,0.99684739112854,0.46052980422973633,0.5294185280799866,-0.09222880005836487,0.9234591722488403,0.40293794870376587,0.5292617678642273,0.024967094883322716,0.44632041454315186,0.38296282291412354,0.5275720357894897,-0.14106571674346924,0.8588841557502747,0.3423541486263275,0.5275717973709106,-0.11177681386470795,0.5419731140136719,0.36610695719718933,0.5285715460777283,-0.171326145529747,0.7995815277099609,0.31916698813438416,0.523795485496521,-0.14035393297672272,0.5087766647338867,0.35517367720603943,0.5247577428817749,-0.17493341863155365,0.7923544049263,0.31680071353912354,0.522050142288208,-0.16007791459560394,0.5127557516098022,0.36871904134750366,0.5246728658676147,-0.14321368932724,0.7562898993492126,0.325860857963562,0.5232774019241333,-0.12403428554534912,0.5108188986778259,0.5155789256095886,0.5813899636268616,-0.0161275714635849,0.999082088470459,0.46474242210388184,0.5803273916244507,0.016174037009477615,0.9994041919708252,0.5299448370933533,0.6433991193771362,-0.028751324862241745,0.9822894334793091,0.43020039796829224,0.645402193069458,-0.007093970663845539,0.9507519602775574,0.5421514511108398,0.6975715160369873,0.1322866678237915,0.9806618094444275,0.4085400104522705,0.7022253274917603,0.13178765773773193,0.9623635411262512,0.5360279083251953,0.7034832239151001,0.142785906791687,0.8325492143630981,0.4126390516757965,0.7080824971199036,0.13937786221504211,0.8564295768737793,0.563793957233429,0.7176114916801453,0.026043228805065155,0.9672176241874695,0.38577064871788025,0.7254725098609924,0.01681463047862053,0.9517475366592407
129,0.4755956530570984,0.4785442650318146,-0.1349497139453888,0.9991199374198914,0.47808441519737244,0.47226133942604065,-0.1273893564939499,0.9987282156944275,0.4818847179412842,0.47235697507858276,-0.12740102410316467,0.9983829855918884,0.4847196936607361,0.4725780487060547,-0.12742571532726288,0.9986506104469299,0.4721246361732483,0.47248026728630066,-0.11726883053779602,0.9984443783760071,0.4699302613735199,0.4727407991886139,-0.11733687669038773,0.9980182647705078,0.46873602271080017,0.4730592966079712,-0.11735118925571442,0.9984527826309204,0.49095261096954346,0.4758487939834595,-0.05672012269496918,0.9965537786483765,0.471266508102417,0.4763150215148926,-0.01124325580894947,0.9954560399055481,0.48241424560546875,0.48373496532440186,-0.1061013787984848,0.9952919483184814,0.46981289982795715,0.482537180185318,-0.09305880218744278,0.9952135682106018,0.5198807716369629,0.5037209987640381,-0.05927282199263573,0.9968927502632141,0.45174944400787354,0.5047417283058167,0.07301396131515503,0.9970898032188416,0.468774676322937,0.5374144911766052,-0.09718992561101913,0.9237052202224731,0.4181719422340393,0.5373159646987915,0.041497766971588135,0.46730998158454895,0.39503371715545654,0.5325088500976562,-0.14368058741092682,0.862145721912384,0.3656572699546814,0.53513503074646,-0.13095088303089142,0.5629000663757324,0.35711637139320374,0.5383578538894653,-0.173683762550354,0.8034156560897827,0.34915241599082947,0.535291314125061,-0.16411025822162628,0.5301733613014221,0.37147894501686096,0.5315468311309814,-0.17457273602485657,0.7966398000717163,0.34901708364486694,0.5315183997154236,-0.17825782299041748,0.534967839717865,0.3714863061904907,0.5323972105979919,-0.144166499376297,0.760433554649353,0.3623710572719574,0.5289343595504761,-0.14216046035289764,0.5322523713111877,0.5189360976219177,0.5834740400314331,-0.023198634386062622,0.9989917874336243,0.4695415794849396,0.5824168920516968,0.023221930488944054,0.9993618726730347,0.5353816151618958,0.645013153553009,-0.021153954789042473,0.9816432595252991,0.43176722526550293,0.6451572775840759,-0.017952676862478256,0.9544118642807007,0.542182207107544,0.6979653239250183,0.14333303272724152,0.9794026017189026,0.4085509181022644,0.7029225826263428,0.10187134146690369,0.9648604989051819,0.5361323356628418,0.7034234404563904,0.15462367236614227,0.8258360624313354,0.4132906496524811,0.7082051038742065,0.10795356333255768,0.8553991317749023,0.5614134073257446,0.7171797156333923,0.04286811128258705,0.965579092502594,0.38616177439689636,0.725228488445282,-0.01468007080256939,0.9539874792098999
130,0.4724433124065399,0.48750239610671997,-0.21534475684165955,0.9989997148513794,0.4784835875034332,0.481533408164978,-0.20877036452293396,0.9985033869743347,0.48131459951400757,0.48116838932037354,-0.20880450308322906,0.9981229901313782,0.48521530628204346,0.4808330833911896,-0.20882020890712738,0.9984017610549927,0.4725159704685211,0.48165446519851685,-0.1989274024963379,0.9982613921165466,0.47150662541389465,0.48138248920440674,-0.19898399710655212,0.9978509545326233,0.4706154465675354,0.4810900390148163,-0.19900240004062653,0.9983201026916504,0.4940158426761627,0.48169127106666565,-0.129703551530838,0.9960524439811707,0.4737080931663513,0.4819369316101074,-0.08532809466123581,0.9951161742210388,0.48037832975387573,0.4917510151863098,-0.18208780884742737,0.9951983690261841,0.47159260511398315,0.49180227518081665,-0.16942384839057922,0.9952541589736938,0.5262252688407898,0.5070449709892273,-0.107467420399189,0.9971409440040588,0.4482087194919586,0.5064574480056763,0.01337633840739727,0.9973558783531189,0.4849999248981476,0.5462141633033752,-0.1444779634475708,0.9268026947975159,0.41620129346847534,0.5445187091827393,0.02194502204656601,0.50182044506073,0.39220938086509705,0.5545072555541992,-0.22792738676071167,0.8686044216156006,0.3678925931453705,0.5570119619369507,-0.13317210972309113,0.5909355878829956,0.3702126741409302,0.5586442351341248,-0.26641520857810974,0.810603678226471,0.3510141372680664,0.558361828327179,-0.16276030242443085,0.5578598976135254,0.3690580725669861,0.5547856092453003,-0.2662126421928406,0.8042588829994202,0.3509214222431183,0.5565081238746643,-0.1904299110174179,0.5635310411453247,0.37333452701568604,0.5543931126594543,-0.22841954231262207,0.7678239941596985,0.35904058814048767,0.5560903549194336,-0.14809447526931763,0.5598268508911133,0.5208151340484619,0.5846395492553711,-0.017348216846585274,0.9988409280776978,0.4684652090072632,0.5830294489860535,0.017464611679315567,0.9992931485176086,0.5377982258796692,0.6456976532936096,-0.013283230364322662,0.9813339114189148,0.4317988157272339,0.6466729640960693,-0.042222969233989716,0.9579665660858154,0.5428854823112488,0.6971636414527893,0.17128880321979523,0.9778977036476135,0.40868204832077026,0.701118528842926,0.08013155311346054,0.9672043323516846,0.5366567969322205,0.7026735544204712,0.1840672641992569,0.8179589509963989,0.412637323141098,0.7061260342597961,0.0864809975028038,0.8526093363761902,0.5614826679229736,0.7185454964637756,0.07339074462652206,0.963891863822937,0.38755616545677185,0.7254956960678101,-0.04133114963769913,0.9562385678291321
131,0.4774430990219116,0.48150351643562317,-0.2353523224592209,0.9989469051361084,0.4833274483680725,0.4764627516269684,-0.22745279967784882,0.9983670115470886,0.485777348279953,0.47635385394096375,-0.22750893235206604,0.9979718923568726,0.4881603717803955,0.476346492767334,-0.22753234207630157,0.998252809047699,0.47729310393333435,0.4769493341445923,-0.21960055828094482,0.998153567314148,0.4749305546283722,0.4771957993507385,-0.21964704990386963,0.9977598786354065,0.473644882440567,0.47738775610923767,-0.21964386105537415,0.9982333779335022,0.49344339966773987,0.47885560989379883,-0.1442161351442337,0.9957613348960876,0.4744862914085388,0.47985756397247314,-0.1095631867647171,0.9948714971542358,0.48212891817092896,0.4860604703426361,-0.20097914338111877,0.9953407049179077,0.4732844829559326,0.4865908920764923,-0.19102053344249725,0.9954767227172852,0.5263025164604187,0.5072032809257507,-0.10949690639972687,0.9974013566970825,0.4447380304336548,0.5064827799797058,-0.010433688759803772,0.9976034164428711,0.4867139458656311,0.548127293586731,-0.1261129528284073,0.9300565719604492,0.42713749408721924,0.5440670847892761,0.02551179938018322,0.536628007888794,0.4098149836063385,0.5702403783798218,-0.2149643898010254,0.8752215504646301,0.38980311155319214,0.5698009729385376,-0.1009925827383995,0.618054986000061,0.39902958273887634,0.5723677277565002,-0.253769189119339,0.8186520934104919,0.372611939907074,0.574462354183197,-0.1268431395292282,0.5845134854316711,0.3834599554538727,0.5727656483650208,-0.2590787708759308,0.8128063082695007,0.3716123104095459,0.5733805894851685,-0.1611013114452362,0.5909312963485718,0.3913953900337219,0.5698374509811401,-0.21760030090808868,0.7764453887939453,0.37875914573669434,0.5718305110931396,-0.1170327216386795,0.5859797596931458,0.5242542624473572,0.5832642912864685,-0.01433311402797699,0.998842179775238,0.4731934070587158,0.5841512680053711,0.014436163008213043,0.9992960095405579,0.5399358868598938,0.6446202993392944,-0.008930792100727558,0.9817788004875183,0.434097558259964,0.6469413042068481,-0.06747609376907349,0.9615669250488281,0.5446394085884094,0.698143720626831,0.18252380192279816,0.9776232838630676,0.4091382920742035,0.7018477320671082,0.05559565871953964,0.9697279930114746,0.5378695726394653,0.7032290697097778,0.1955312043428421,0.8140351176261902,0.41159188747406006,0.7068958878517151,0.06166951358318329,0.8531520366668701,0.5632074475288391,0.7182867527008057,0.08339307457208633,0.9637658596038818,0.3890080451965332,0.7252405881881714,-0.06854236125946045,0.9590184092521667
132,0.4810149073600769,0.48750442266464233,-0.34785357117652893,0.9989857077598572,0.4874211549758911,0.4820801615715027,-0.34065696597099304,0.9983863234519958,0.49143680930137634,0.48188093304634094,-0.34071576595306396,0.9980021715164185,0.4947870373725891,0.48173052072525024,-0.3407084345817566,0.9982755780220032,0.47975295782089233,0.4825350046157837,-0.33250921964645386,0.9982029795646667,0.4780263900756836,0.4826354384422302,-0.33253785967826843,0.9978439211845398,0.47626540064811707,0.48272544145584106,-0.3325459659099579,0.9982970952987671,0.5003871321678162,0.4824425280094147,-0.2496914565563202,0.9957749843597412,0.4754188358783722,0.48426786065101624,-0.21206213533878326,0.995028555393219,0.4901162087917328,0.4921155869960785,-0.309852659702301,0.9956305027008057,0.4789135456085205,0.49276918172836304,-0.2990434467792511,0.9957820773124695,0.5395418405532837,0.50901859998703,-0.19360150396823883,0.9976341128349304,0.45065146684646606,0.5115174651145935,-0.10508688539266586,0.9978271126747131,0.5101105570793152,0.550365149974823,-0.20765870809555054,0.9354547262191772,0.4361700713634491,0.5512636303901672,-0.0715610682964325,0.5756798386573792,0.4376569092273712,0.5804497599601746,-0.2965860068798065,0.8847569823265076,0.4080633223056793,0.5819522142410278,-0.19431503117084503,0.6489805579185486,0.42370983958244324,0.5868034958839417,-0.3375371992588043,0.8307153582572937,0.39649322628974915,0.5890622735023499,-0.22282397747039795,0.6152322888374329,0.4186914563179016,0.5851778388023376,-0.3475141227245331,0.8254480361938477,0.3967048227787018,0.5881606340408325,-0.25708866119384766,0.6219154000282288,0.4208229184150696,0.5826915502548218,-0.3014850616455078,0.7907257080078125,0.40201684832572937,0.5858450531959534,-0.2102409154176712,0.6163809895515442,0.5293681025505066,0.5855047106742859,-0.010349172167479992,0.9988104701042175,0.4768856465816498,0.58456951379776,0.010461419820785522,0.9992581009864807,0.542717695236206,0.6459353566169739,-0.03684045001864433,0.9826906323432922,0.435786634683609,0.6463586688041687,-0.05875108763575554,0.9649306535720825,0.5450107455253601,0.6975252032279968,0.1439489871263504,0.9781820178031921,0.4108872711658478,0.7021992206573486,0.06385444104671478,0.9721089005470276,0.5369464755058289,0.7032248377799988,0.15596602857112885,0.8118292689323425,0.41509100794792175,0.7083836197853088,0.06968536972999573,0.8508371710777283,0.5626208186149597,0.7194219827651978,0.04196429252624512,0.9647035002708435,0.3865647315979004,0.723821759223938,-0.06209605932235718,0.9616753458976746
133,0.4868435859680176,0.49474117159843445,-0.5284176468849182,0.9990108609199524,0.49220359325408936,0.4890027940273285,-0.5221356153488159,0.9983682036399841,0.49519234895706177,0.48872435092926025,-0.5221958160400391,0.997975766658783,0.4986239969730377,0.4884033501148224,-0.5221787691116333,0.998264729976654,0.4845614433288574,0.4873789846897125,-0.516660749912262,0.9982470273971558,0.4818309545516968,0.48727449774742126,-0.5167052149772644,0.9979215264320374,0.4798441529273987,0.48707714676856995,-0.5167285203933716,0.9983643293380737,0.5035993456840515,0.4876638352870941,-0.4164476990699768,0.9956578016281128,0.478838711977005,0.48720690608024597,-0.39068368077278137,0.9952371716499329,0.49405646324157715,0.49732452630996704,-0.48284244537353516,0.9958832263946533,0.48242759704589844,0.49722108244895935,-0.47554710507392883,0.9960604906082153,0.5429584383964539,0.5114848017692566,-0.3148462176322937,0.9978348612785339,0.4489244818687439,0.5122731328010559,-0.26510512828826904,0.9980349540710449,0.5190624594688416,0.5551340579986572,-0.3056560456752777,0.9406086206436157,0.4418832063674927,0.556097686290741,-0.25099673867225647,0.6155773401260376,0.4555504024028778,0.5924528241157532,-0.3765058219432831,0.893801748752594,0.43552088737487793,0.5883070826530457,-0.3779006004333496,0.6807182431221008,0.4455792307853699,0.5995290875434875,-0.4177611470222473,0.8421720266342163,0.4304075241088867,0.5989488959312439,-0.4157390594482422,0.6479365825653076,0.4419153332710266,0.5976459980010986,-0.4359859228134155,0.8374179601669312,0.4309893548488617,0.5972917675971985,-0.4417515695095062,0.6543633341789246,0.4435233473777771,0.594593346118927,-0.38447487354278564,0.8044106364250183,0.43679970502853394,0.5945242047309875,-0.3900550305843353,0.6484774351119995,0.5305156111717224,0.5819847583770752,-0.00023875178885646164,0.9987816214561462,0.4769958555698395,0.5806878209114075,0.00030418968526646495,0.9992166757583618,0.5423970222473145,0.6427099704742432,-0.07177713513374329,0.9831717014312744,0.4407382607460022,0.6436999440193176,-0.05339165776968002,0.9674227237701416,0.5462132692337036,0.6972560882568359,0.0833016112446785,0.978216290473938,0.409405916929245,0.7011206746101379,0.06166930869221687,0.9738169312477112,0.539055347442627,0.7030242085456848,0.09250225126743317,0.8078649044036865,0.41197553277015686,0.7063068151473999,0.06620854139328003,0.8396008014678955,0.5612218379974365,0.7189111709594727,-0.031196637079119682,0.9649216532707214,0.3890068233013153,0.722385823726654,-0.07335256785154343,0.9631486535072327
134,0.49521133303642273,0.5070489645004272,-0.7482430338859558,0.9990103244781494,0.5012972950935364,0.5005570650100708,-0.7472641468048096,0.9983078241348267,0.5051411986351013,0.4999794661998749,-0.7473062872886658,0.9978840947151184,0.5089625120162964,0.4991758167743683,-0.7473312020301819,0.9982156157493591,0.4901852011680603,0.5005211234092712,-0.7421833276748657,0.9982396960258484,0.48638293147087097,0.49998968839645386,-0.7423003315925598,0.9979149699211121,0.48312315344810486,0.49934884905815125,-0.7423364520072937,0.9983595013618469,0.5144984722137451,0.4958750009536743,-0.6291629076004028,0.9954527616500854,0.47967106103897095,0.49651145935058594,-0.6048981547355652,0.9952584505081177,0.5037078261375427,0.5111098885536194,-0.6938602924346924,0.9960667490959167,0.49103212356567383,0.5096531510353088,-0.6871592402458191,0.9962358474731445,0.5489924550056458,0.5144146084785461,-0.46459752321243286,0.9980145692825317,0.4503757357597351,0.5145451426506042,-0.42777058482170105,0.9982091784477234,0.533661961555481,0.5609191060066223,-0.4134243130683899,0.9435610771179199,0.4564688801765442,0.5579288005828857,-0.35940641164779663,0.6450213193893433,0.49010536074638367,0.5984576344490051,-0.4635307192802429,0.898844838142395,0.4595353305339813,0.5990108251571655,-0.4196522533893585,0.6995267271995544,0.4791192412376404,0.6090659499168396,-0.4997735023498535,0.8491780757904053,0.45467737317085266,0.6120005249977112,-0.44793543219566345,0.6664149165153503,0.4714779257774353,0.6081512570381165,-0.5237690806388855,0.8449627757072449,0.4580529034137726,0.6113681197166443,-0.4832290709018707,0.6730025410652161,0.4735492765903473,0.603930652141571,-0.4722537398338318,0.8127627372741699,0.46239933371543884,0.6057395339012146,-0.43274104595184326,0.6651592254638672,0.5307679176330566,0.5790917277336121,0.0023781468626111746,0.9987660050392151,0.4757857024669647,0.5770863890647888,-0.002396375872194767,0.9991227388381958,0.5452395677566528,0.639616072177887,-0.08478759229183197,0.9829602241516113,0.4411619305610657,0.6418170928955078,-0.07764848321676254,0.9689208269119263,0.5458224415779114,0.6956495046615601,0.0850987657904625,0.9781515598297119,0.4093354046344757,0.7022706866264343,0.07432281225919724,0.9744927287101746,0.5367960333824158,0.7025904059410095,0.09499937295913696,0.8088082671165466,0.4122595191001892,0.7070067524909973,0.08191394060850143,0.8307838439941406,0.5645281076431274,0.7185894846916199,-0.047838762402534485,0.9647717475891113,0.38935860991477966,0.7252646684646606,-0.07413755357265472,0.9631451964378357
135,0.495716392993927,0.5066257119178772,-0.7129913568496704,0.999066174030304,0.5004673004150391,0.4989437758922577,-0.7101707458496094,0.9983671307563782,0.5049969553947449,0.4980770945549011,-0.7102059721946716,0.9979531168937683,0.5087458491325378,0.49697667360305786,-0.7102084755897522,0.9982879161834717,0.49009156227111816,0.49921971559524536,-0.7068807482719421,0.9983289837837219,0.48718300461769104,0.4986402690410614,-0.7069647908210754,0.9980241656303406,0.483879417181015,0.4979223310947418,-0.706982433795929,0.9984446167945862,0.5143765211105347,0.4937438666820526,-0.5918055176734924,0.9956183433532715,0.4819607138633728,0.4955359399318695,-0.5752648115158081,0.9955316185951233,0.504508912563324,0.5096220374107361,-0.6592614650726318,0.9963660836219788,0.4916852116584778,0.5085561871528625,-0.6547417640686035,0.9965157508850098,0.5526962280273438,0.5135623216629028,-0.4306991696357727,0.9981902241706848,0.45498982071876526,0.5163730382919312,-0.416568398475647,0.9983736872673035,0.5459173917770386,0.5598461627960205,-0.37520456314086914,0.9471126198768616,0.47201380133628845,0.5650134682655334,-0.36934900283813477,0.6763433218002319,0.5076855421066284,0.6035946011543274,-0.42219722270965576,0.9054778218269348,0.4863312244415283,0.6024596095085144,-0.4427802860736847,0.7238255739212036,0.4961770474910736,0.6131767630577087,-0.45636415481567383,0.8585910201072693,0.48617666959762573,0.6147083640098572,-0.4777987003326416,0.6917437314987183,0.49060577154159546,0.6119462847709656,-0.4848772883415222,0.8549033999443054,0.4861551821231842,0.6122720241546631,-0.5067569613456726,0.6980443596839905,0.4919479787349701,0.6082132458686829,-0.4327516555786133,0.8243279457092285,0.49081724882125854,0.6071766018867493,-0.45390769839286804,0.6893719434738159,0.5344896912574768,0.5772148966789246,0.004705659579485655,0.9987938404083252,0.4801693260669708,0.5755606293678284,-0.00468615535646677,0.9990981221199036,0.5510367155075073,0.6394069790840149,-0.12901835143566132,0.9827616214752197,0.44539880752563477,0.6381200551986694,-0.1340821385383606,0.9704548716545105,0.5452993512153625,0.6957066655158997,0.028062285855412483,0.9774730801582336,0.41059815883636475,0.6981645822525024,0.007662647869437933,0.9749850630760193,0.5356985330581665,0.7020894885063171,0.03785328194499016,0.8078628778457642,0.41213440895080566,0.7035428285598755,0.015386786311864853,0.8233349919319153,0.5622971057891846,0.7190841436386108,-0.09437239170074463,0.9638811945915222,0.388090580701828,0.7244035005569458,-0.1273333579301834,0.9629790186882019
136,0.4967782497406006,0.5076076984405518,-0.6544762253761292,0.9991262555122375,0.5024987459182739,0.5003051161766052,-0.6524304151535034,0.9984490275382996,0.5069382786750793,0.4994645118713379,-0.6524760723114014,0.9980636835098267,0.5119975805282593,0.4983685314655304,-0.6525087356567383,0.9983862638473511,0.4913347661495209,0.5006518959999084,-0.6501796245574951,0.9984247088432312,0.4884139597415924,0.5001633763313293,-0.6502547860145569,0.9981443285942078,0.4858574867248535,0.4995329678058624,-0.6502665877342224,0.9985339045524597,0.5183379054069519,0.4951362907886505,-0.5450041890144348,0.9958759546279907,0.48416081070899963,0.49702927470207214,-0.5325943827629089,0.9958327412605286,0.5065540075302124,0.510841965675354,-0.6050610542297363,0.9966682195663452,0.4938167929649353,0.5104614496231079,-0.6016294360160828,0.9967936873435974,0.5555203557014465,0.5132355093955994,-0.38675448298454285,0.9983608722686768,0.4609386622905731,0.5183802843093872,-0.39531850814819336,0.9985270500183105,0.5557663440704346,0.5583502054214478,-0.32583868503570557,0.9505239129066467,0.4771594703197479,0.5625306367874146,-0.3564285337924957,0.7052229642868042,0.5332618951797485,0.6025562286376953,-0.3618466556072235,0.9120053648948669,0.5108393430709839,0.5984035134315491,-0.413634330034256,0.746906578540802,0.5296666622161865,0.6151201725006104,-0.3887353539466858,0.8675040006637573,0.5153899788856506,0.6101387143135071,-0.4466192126274109,0.7156765460968018,0.5251352190971375,0.6119895577430725,-0.41934388875961304,0.8643504977226257,0.5214978456497192,0.6098429560661316,-0.4674569070339203,0.7216438055038452,0.5238707065582275,0.6085920333862305,-0.37290164828300476,0.8356595635414124,0.5210977792739868,0.6046304106712341,-0.4211343824863434,0.7121105790138245,0.5335785746574402,0.5746190547943115,0.007686191238462925,0.9988139867782593,0.4834594130516052,0.5736320614814758,-0.007656589150428772,0.9990489482879639,0.5475348234176636,0.6368260979652405,-0.08934395015239716,0.9825066328048706,0.44849732518196106,0.6410678625106812,-0.09295831620693207,0.9720760583877563,0.544727623462677,0.6966525316238403,0.027945708483457565,0.9773812294006348,0.4106695353984833,0.700790286064148,0.0014596492983400822,0.975997805595398,0.5367687940597534,0.7030493021011353,0.03406336158514023,0.8087580800056458,0.4117502272129059,0.7069690227508545,0.004584525711834431,0.8197009563446045,0.5631628632545471,0.7175098657608032,-0.09815649688243866,0.9640277028083801,0.39177289605140686,0.7229583263397217,-0.1399124264717102,0.9639975428581238
137,0.5053451657295227,0.5060738325119019,-0.6626543998718262,0.9991861581802368,0.5100931525230408,0.4989781975746155,-0.6559609174728394,0.9985403418540955,0.513613760471344,0.4983280897140503,-0.6559979319572449,0.9981784224510193,0.5167126655578613,0.4973527491092682,-0.6560271382331848,0.9984874129295349,0.49940913915634155,0.4989580512046814,-0.6604342460632324,0.9985247254371643,0.4965209364891052,0.4984601140022278,-0.6605294346809387,0.9982649087905884,0.49362698197364807,0.4977824091911316,-0.6605478525161743,0.9986265301704407,0.5187104344367981,0.4936056137084961,-0.5333174467086792,0.996119499206543,0.48930346965789795,0.4954567551612854,-0.5500020980834961,0.9961385130882263,0.5124790072441101,0.5081588625907898,-0.6082977056503296,0.9969591498374939,0.5010902881622314,0.5077882409095764,-0.6132691502571106,0.9970617294311523,0.5541300177574158,0.5095201134681702,-0.35881325602531433,0.9985167384147644,0.4633547365665436,0.5179020166397095,-0.43151357769966125,0.9986651539802551,0.5640766620635986,0.5510408878326416,-0.296209454536438,0.9531213641166687,0.48482394218444824,0.5610475540161133,-0.4157787561416626,0.7328473925590515,0.5559214949607849,0.5938378572463989,-0.3552427887916565,0.9169995188713074,0.5311934947967529,0.5957162380218506,-0.47312307357788086,0.7695829272270203,0.5557612776756287,0.6059305667877197,-0.3816572427749634,0.8739792704582214,0.5398997664451599,0.6065263748168945,-0.5108744502067566,0.7396193146705627,0.5508178472518921,0.6044586300849915,-0.4166190028190613,0.8713522553443909,0.543347179889679,0.6051231622695923,-0.5286242961883545,0.7450680732727051,0.550001323223114,0.5994735360145569,-0.3691014349460602,0.8441562652587891,0.5416160225868225,0.6007394194602966,-0.47902345657348633,0.7347633838653564,0.5352655053138733,0.5772315859794617,0.01993989571928978,0.9988747239112854,0.48622339963912964,0.5785855054855347,-0.019903287291526794,0.999058187007904,0.554861307144165,0.6407197713851929,-0.0785294845700264,0.9830641150474548,0.45043107867240906,0.6425151228904724,-0.1038026511669159,0.9739802479743958,0.5448094010353088,0.6967786550521851,0.0676017478108406,0.9774606227874756,0.4108017086982727,0.6987537741661072,0.025283021852374077,0.9770755171775818,0.5370270013809204,0.7024571895599365,0.07649391889572144,0.8118358850479126,0.41016608476638794,0.7041319608688354,0.03114870935678482,0.8197406530380249,0.5627313256263733,0.7169525027275085,-0.05184497684240341,0.964461624622345,0.3935767114162445,0.7216488718986511,-0.11611262708902359,0.9653291702270508
138,0.5080065727233887,0.5029479265213013,-0.5801370739936829,0.9992106556892395,0.5125120878219604,0.49573543667793274,-0.5722659826278687,0.9985654354095459,0.5161657333374023,0.4950265884399414,-0.5722806453704834,0.9982192516326904,0.5195254683494568,0.49418213963508606,-0.5723153352737427,0.9985299110412598,0.501481831073761,0.49611160159111023,-0.5741065144538879,0.9985613822937012,0.49759408831596375,0.4958164095878601,-0.5741757750511169,0.9983140826225281,0.4941602349281311,0.4954845607280731,-0.5741807222366333,0.9986546635627747,0.5222944617271423,0.4910939633846283,-0.45380091667175293,0.9962102770805359,0.4897643029689789,0.49417275190353394,-0.4592771530151367,0.9962829351425171,0.5156415104866028,0.5069571733474731,-0.5283805727958679,0.9971592426300049,0.5037948489189148,0.5069290399551392,-0.5301058888435364,0.9972220659255981,0.5554771423339844,0.5071947574615479,-0.2972405254840851,0.9986514449119568,0.46612995862960815,0.515590250492096,-0.3487323522567749,0.9987791776657104,0.5687286257743835,0.5453483462333679,-0.23994886875152588,0.954414963722229,0.4871797263622284,0.5567278265953064,-0.32812315225601196,0.7558361887931824,0.5700831413269043,0.5881263017654419,-0.29924944043159485,0.9195380806922913,0.5402780771255493,0.5902862548828125,-0.38722750544548035,0.7858633399009705,0.5745080709457397,0.6014403700828552,-0.32438206672668457,0.8771505355834961,0.5495102405548096,0.600343644618988,-0.42185384035110474,0.7554122805595398,0.5706852078437805,0.600713312625885,-0.3590047359466553,0.8751354217529297,0.5575147867202759,0.5991761088371277,-0.44072064757347107,0.7606682181358337,0.5661913752555847,0.5958889126777649,-0.31299301981925964,0.8492581248283386,0.5552809834480286,0.5943194031715393,-0.39418402314186096,0.7486828565597534,0.5342867970466614,0.5799252986907959,0.01623622700572014,0.9989267587661743,0.48510313034057617,0.5802158713340759,-0.016220396384596825,0.9990538358688354,0.5535874366760254,0.6413537263870239,-0.06685495376586914,0.9824798703193665,0.4535095691680908,0.6437551379203796,-0.08509562164545059,0.9751368165016174,0.5458259582519531,0.697002112865448,0.0608852244913578,0.9767764806747437,0.4110291600227356,0.7004120349884033,0.0158331748098135,0.977729320526123,0.5373364090919495,0.7020750641822815,0.0674169734120369,0.8132649064064026,0.4107837975025177,0.7044649720191956,0.018946392461657524,0.8183650970458984,0.563127875328064,0.7174299359321594,-0.06361883878707886,0.9641808867454529,0.39982327818870544,0.7227296829223633,-0.12537957727909088,0.966204047203064
139,0.5096085667610168,0.5011785626411438,-0.4799305200576782,0.9991598129272461,0.514129102230072,0.49554556608200073,-0.4691157937049866,0.9984610676765442,0.5174548625946045,0.4949578046798706,-0.46913057565689087,0.9980926513671875,0.5205438137054443,0.49415960907936096,-0.46915769577026367,0.9984381794929504,0.5045097470283508,0.4956352114677429,-0.47350630164146423,0.9984708428382874,0.5008661150932312,0.49521881341934204,-0.4735564887523651,0.9982134103775024,0.4980303645133972,0.49474892020225525,-0.4735645353794098,0.9985540509223938,0.5231999754905701,0.4909543991088867,-0.35322055220603943,0.9959211349487305,0.494047611951828,0.4937366247177124,-0.3694147765636444,0.9961722493171692,0.5179585814476013,0.5051647424697876,-0.43042808771133423,0.997247040271759,0.5054958462715149,0.5043832063674927,-0.4351658821105957,0.9972593784332275,0.5537386536598206,0.5105774998664856,-0.20650145411491394,0.9987689852714539,0.4718630909919739,0.5153737664222717,-0.3007272779941559,0.9988769292831421,0.5702164173126221,0.5436991453170776,-0.15768973529338837,0.9510703682899475,0.49984386563301086,0.5531423687934875,-0.30015289783477783,0.7773641347885132,0.5811400413513184,0.5839784145355225,-0.22914999723434448,0.9166778922080994,0.5668616890907288,0.5832698941230774,-0.3503250181674957,0.8009368181228638,0.5900013446807861,0.5964024662971497,-0.2546486556529999,0.8735132813453674,0.5794996023178101,0.594240128993988,-0.38558658957481384,0.7697134017944336,0.5865751504898071,0.5974200367927551,-0.29099327325820923,0.8724609017372131,0.5824326276779175,0.5921324491500854,-0.40033358335494995,0.7746032476425171,0.5802512168884277,0.5918805599212646,-0.24463775753974915,0.8479025363922119,0.5788474082946777,0.5892282724380493,-0.35519173741340637,0.7606339454650879,0.5364351272583008,0.5842427611351013,0.025428656488656998,0.9989922046661377,0.4874502122402191,0.5838180184364319,-0.025428524240851402,0.9990816116333008,0.5567381978034973,0.6398079991340637,-0.06489365547895432,0.9816159009933472,0.4591793417930603,0.6441357135772705,-0.09871774911880493,0.9760769605636597,0.5451347231864929,0.6957844495773315,0.057761870324611664,0.9756960272789001,0.41027507185935974,0.6985767483711243,-0.010613390244543552,0.9780449271202087,0.5361804962158203,0.7016862034797668,0.06378389149904251,0.8146377205848694,0.40669265389442444,0.7022907137870789,-0.008477909490466118,0.8153378367424011,0.5659307241439819,0.7180933356285095,-0.05582980439066887,0.9633941054344177,0.40240663290023804,0.7225226759910583,-0.14349883794784546,0.9667119383811951
140,0.5125986337661743,0.4978480339050293,-0.3989061415195465,0.999025821685791,0.5163211822509766,0.49249133467674255,-0.38607123494148254,0.9982630610466003,0.5194387435913086,0.4920371472835541,-0.38607272505760193,0.9978523254394531,0.5228635668754578,0.49010032415390015,-0.3860883116722107,0.9982421398162842,0.5075388550758362,0.4923270046710968,-0.3907976448535919,0.998270571231842,0.5050137639045715,0.4918346107006073,-0.39084792137145996,0.997979462146759,0.5016362071037292,0.4912641644477844,-0.3908511698246002,0.9983213543891907,0.5248193740844727,0.4880947768688202,-0.26863011717796326,0.9952913522720337,0.4995530843734741,0.48971298336982727,-0.2867150902748108,0.9957879781723022,0.5197892785072327,0.5004472732543945,-0.34938129782676697,0.9972129464149475,0.5077552795410156,0.5001417398452759,-0.35468533635139465,0.9971441626548767,0.5539690852165222,0.5096779465675354,-0.13241270184516907,0.9988745450973511,0.4771048128604889,0.512603759765625,-0.22649478912353516,0.9989595413208008,0.5687392354011536,0.5406143665313721,-0.09192637354135513,0.9433279037475586,0.5048571228981018,0.5475571751594543,-0.22120483219623566,0.7949694395065308,0.5863634943962097,0.5752604603767395,-0.1837151050567627,0.9099141955375671,0.572961151599884,0.5712382197380066,-0.268879234790802,0.8099334836006165,0.5980197191238403,0.58638995885849,-0.21043145656585693,0.8663862943649292,0.5837810039520264,0.5793164372444153,-0.3006652891635895,0.7765489220619202,0.5921944379806519,0.5862230658531189,-0.24377308785915375,0.8662939667701721,0.5854445695877075,0.5773069262504578,-0.3172462284564972,0.7810767292976379,0.5882599949836731,0.5812069177627563,-0.19838593900203705,0.8429648280143738,0.5831009745597839,0.5757663249969482,-0.2740591764450073,0.764106810092926,0.5383175611495972,0.5817967057228088,0.025235578417778015,0.999057948589325,0.4908027946949005,0.5809983611106873,-0.025266550481319427,0.9991154670715332,0.5560297966003418,0.6426278352737427,-0.042408864945173264,0.9802809357643127,0.4631078243255615,0.6423232555389404,-0.07717307657003403,0.9764772653579712,0.5452806353569031,0.6954928040504456,0.07884324342012405,0.9744225740432739,0.4096626043319702,0.6949869394302368,0.0037396776024252176,0.9779180884361267,0.536332905292511,0.7015818953514099,0.08416780084371567,0.8154456615447998,0.40454524755477905,0.6996839046478271,0.004800985101610422,0.8116452693939209,0.5646311044692993,0.7163916826248169,-0.03734581172466278,0.9623069167137146,0.4075298309326172,0.7213254570960999,-0.1314750462770462,0.9667198657989502
141,0.516242265701294,0.49451640248298645,-0.36722102761268616,0.9989232420921326,0.520832359790802,0.48849132657051086,-0.3522201180458069,0.9981593489646912,0.5238994359970093,0.4879685342311859,-0.3522217869758606,0.9977114796638489,0.5272780656814575,0.4873906373977661,-0.3522391617298126,0.9981204867362976,0.5112667083740234,0.48862817883491516,-0.35802116990089417,0.9981536269187927,0.5074230432510376,0.48821863532066345,-0.3580716550350189,0.9978253841400146,0.5045858025550842,0.48776760697364807,-0.35807907581329346,0.9981570839881897,0.5281282067298889,0.48579150438308716,-0.2301485538482666,0.9948552846908569,0.500401496887207,0.4868094325065613,-0.2528727054595947,0.9955400824546814,0.5251001119613647,0.49921587109565735,-0.3167189061641693,0.9972309470176697,0.5114955902099609,0.49848076701164246,-0.3234342932701111,0.9971075654029846,0.5522658824920654,0.5095388889312744,-0.09541643410921097,0.9989685416221619,0.47956764698028564,0.5101743936538696,-0.20731841027736664,0.9990285038948059,0.5710679292678833,0.5492642521858215,-0.08166147768497467,0.9282483458518982,0.5187922716140747,0.548048198223114,-0.21390268206596375,0.809975802898407,0.5870869755744934,0.5720537304878235,-0.20417596399784088,0.8996036648750305,0.5762552618980408,0.5627849698066711,-0.26237738132476807,0.8154614567756653,0.5991116762161255,0.577434778213501,-0.23491595685482025,0.8570228219032288,0.5952775478363037,0.5726652145385742,-0.2934558689594269,0.7796260714530945,0.590606689453125,0.5757614970207214,-0.2633819580078125,0.8577494025230408,0.5960850119590759,0.5700865387916565,-0.31082266569137573,0.7835828065872192,0.5871275663375854,0.5708540678024292,-0.218007892370224,0.8351908922195435,0.5845069885253906,0.5645166635513306,-0.26768922805786133,0.7631065845489502,0.5407285690307617,0.5854207277297974,0.03116491436958313,0.9991199970245361,0.4902500808238983,0.5848811268806458,-0.031169911846518517,0.9991424083709717,0.5569037795066833,0.6461669206619263,-0.021983690559864044,0.9790693521499634,0.4650923013687134,0.6436977386474609,-0.06748634576797485,0.976977527141571,0.5470771789550781,0.6961473226547241,0.11618907004594803,0.9733381867408752,0.40873903036117554,0.6948931217193604,0.02650570496916771,0.9779407382011414,0.5381827354431152,0.7019892930984497,0.12288301438093185,0.8181775808334351,0.40279942750930786,0.6987993121147156,0.028906039893627167,0.8104283213615417,0.5667385458946228,0.7177905440330505,0.004563948139548302,0.9612900614738464,0.41383451223373413,0.7212451696395874,-0.10495103895664215,0.9669091701507568
142,0.5307639241218567,0.4803372025489807,-0.21359188854694366,0.9989117383956909,0.5304738283157349,0.4750185012817383,-0.1957712173461914,0.9981696605682373,0.5310771465301514,0.4747806191444397,-0.19579558074474335,0.9976984858512878,0.5317484140396118,0.4745376408100128,-0.19582915306091309,0.9981013536453247,0.5260064601898193,0.4755001664161682,-0.21591444313526154,0.9981869459152222,0.522263765335083,0.47556570172309875,-0.21602164208889008,0.9978632926940918,0.5204058289527893,0.4756299555301666,-0.2160891592502594,0.9981902837753296,0.5278480648994446,0.4786423146724701,-0.0864412784576416,0.9946744441986084,0.5120992064476013,0.4801477789878845,-0.1739071011543274,0.9957366585731506,0.5335671901702881,0.4863017201423645,-0.16894370317459106,0.997283935546875,0.526140570640564,0.4867181181907654,-0.19437895715236664,0.9971689581871033,0.5423327088356018,0.504193127155304,0.036198802292346954,0.9990203380584717,0.4886212944984436,0.5027987957000732,-0.20069655776023865,0.9990791082382202,0.5571396946907043,0.5394685864448547,0.06576349586248398,0.8681294918060303,0.5291058421134949,0.5395959615707397,-0.24028348922729492,0.8243798613548279,0.5742689371109009,0.5537761449813843,-0.026536278426647186,0.8521594405174255,0.5872629880905151,0.5574048757553101,-0.2364814579486847,0.8202706575393677,0.5917313098907471,0.5607002973556519,-0.043109066784381866,0.8119376301765442,0.6070074439048767,0.5629974603652954,-0.2667006254196167,0.7819515466690063,0.5904356241226196,0.5604499578475952,-0.07099951058626175,0.8135938048362732,0.6009202003479004,0.5616827011108398,-0.27081355452537537,0.7847786545753479,0.585086464881897,0.5584853291511536,-0.04130728170275688,0.794008731842041,0.5988225340843201,0.5596065521240234,-0.23563654720783234,0.7609664797782898,0.539253830909729,0.5817089080810547,0.06498255580663681,0.9991700053215027,0.49416759610176086,0.5833732485771179,-0.06489028036594391,0.9991716742515564,0.556651771068573,0.6455153822898865,0.034368667751550674,0.9769995212554932,0.4690609276294708,0.6439889669418335,-0.09146381914615631,0.977970540523529,0.5444173812866211,0.6954288482666016,0.14885815978050232,0.9723049998283386,0.408659428358078,0.6917188763618469,-0.0002789249992929399,0.978641152381897,0.5351366400718689,0.7014558911323547,0.15419963002204895,0.8228753209114075,0.39916136860847473,0.6961449384689331,0.002980918623507023,0.81554114818573,0.565673291683197,0.7161837816238403,0.056176912039518356,0.9601147770881653,0.41678091883659363,0.7154523730278015,-0.11290983855724335,0.9678171277046204
143,0.5342892408370972,0.48311349749565125,-0.13954997062683105,0.998869001865387,0.5322394967079163,0.4784029424190521,-0.121795654296875,0.9981210231781006,0.5330867171287537,0.4781971871852875,-0.1218460351228714,0.9976094961166382,0.5339357256889343,0.47798436880111694,-0.12189663201570511,0.9980285167694092,0.5272944569587708,0.47878918051719666,-0.14885663986206055,0.9981716275215149,0.525115430355072,0.4788396954536438,-0.14896918833255768,0.9978592991828918,0.5212291479110718,0.47888901829719543,-0.14901567995548248,0.9981716871261597,0.5273618698120117,0.47953757643699646,-0.01909581944346428,0.9943856596946716,0.5121223330497742,0.4806232750415802,-0.13778841495513916,0.9958337545394897,0.5351644158363342,0.48793652653694153,-0.09740892797708511,0.9972930550575256,0.5277968049049377,0.48857346177101135,-0.13177542388439178,0.9971480965614319,0.5385916829109192,0.5055315494537354,0.10407808423042297,0.9990566968917847,0.4928096532821655,0.5068896412849426,-0.19850417971611023,0.9990752935409546,0.5572470426559448,0.5341142416000366,0.14934448897838593,0.8039968013763428,0.5406894683837891,0.5346513390541077,-0.26378145813941956,0.8370779752731323,0.5925820469856262,0.5475662350654602,0.05421043559908867,0.8009472489356995,0.5961039066314697,0.5484644174575806,-0.26065823435783386,0.8216621279716492,0.6052325963973999,0.5519367456436157,0.040591031312942505,0.7649917602539062,0.6221388578414917,0.5546133518218994,-0.29241490364074707,0.7814034223556519,0.6074227690696716,0.5526126623153687,0.01082766242325306,0.7679663896560669,0.6118844151496887,0.551009476184845,-0.2925835847854614,0.783025860786438,0.603732705116272,0.5530873537063599,0.03752805292606354,0.7512247562408447,0.6113730669021606,0.5511359572410583,-0.2586219608783722,0.7548709511756897,0.5395914316177368,0.5863102674484253,0.08230747282505035,0.9992195963859558,0.49801862239837646,0.5874132513999939,-0.08218450844287872,0.999189555644989,0.5576931834220886,0.6463459134101868,0.020395571365952492,0.9742093682289124,0.47228866815567017,0.644404947757721,-0.10422611981630325,0.9787730574607849,0.5456392168998718,0.6968173980712891,0.1053255945444107,0.9723644256591797,0.40917861461639404,0.6913419365882874,-0.0207274928689003,0.9795551896095276,0.5366567969322205,0.7030051350593567,0.10779145359992981,0.8316469788551331,0.3979029953479767,0.6955379843711853,-0.017798980697989464,0.8251665234565735,0.5698769688606262,0.7184768915176392,0.012069755233824253,0.9604979157447815,0.4180191159248352,0.7143427729606628,-0.12500272691249847,0.9690947532653809
144,0.5448139309883118,0.4800451099872589,-0.03976484015583992,0.9989609718322754,0.5406052470207214,0.4753451645374298,-0.025533759966492653,0.9982684254646301,0.540206253528595,0.4751999080181122,-0.02555256150662899,0.9977926015853882,0.5397703051567078,0.4750417172908783,-0.025604408234357834,0.9981839060783386,0.5391474962234497,0.4753074049949646,-0.06275709718465805,0.9983256459236145,0.537670910358429,0.4751233458518982,-0.06287973374128342,0.998044490814209,0.5353289842605591,0.47488540410995483,-0.06289425492286682,0.9983260035514832,0.5275835394859314,0.47611790895462036,0.05332892760634422,0.9948484897613525,0.5218748450279236,0.4765172004699707,-0.11235202848911285,0.996208906173706,0.5423149466514587,0.48467376828193665,-0.0061956411227583885,0.9975160956382751,0.5403763055801392,0.4847135841846466,-0.05415124446153641,0.9973851442337036,0.5232821106910706,0.5030408501625061,0.1766645759344101,0.9991381764411926,0.505277156829834,0.5042594075202942,-0.20741449296474457,0.999153196811676,0.5566232800483704,0.5326513648033142,0.25286731123924255,0.7348061203956604,0.5494509935379028,0.5329226851463318,-0.2947995960712433,0.8513995409011841,0.6116673946380615,0.5423576235771179,0.20144502818584442,0.7482618689537048,0.6151087880134583,0.5442671179771423,-0.26115286350250244,0.8334046602249146,0.634634256362915,0.5477014183998108,0.20599165558815002,0.71947181224823,0.6299095749855042,0.5483236312866211,-0.2873004078865051,0.7940437197685242,0.6350051760673523,0.5476219654083252,0.17558744549751282,0.7231450080871582,0.6319006085395813,0.5479284524917603,-0.27488601207733154,0.7946792840957642,0.625766932964325,0.5459129810333252,0.18524418771266937,0.7088215351104736,0.6213045120239258,0.5460970997810364,-0.25392434000968933,0.764236569404602,0.5331175923347473,0.5872344970703125,0.1072881817817688,0.9992897510528564,0.5064055323600769,0.5876643657684326,-0.10720385611057281,0.9992561936378479,0.5580166578292847,0.6436225771903992,0.025141704827547073,0.9692701101303101,0.4766436517238617,0.6436404585838318,-0.14905908703804016,0.9801871180534363,0.5449086427688599,0.6965447664260864,0.06921730190515518,0.9729810953140259,0.4096451997756958,0.6911144256591797,-0.08611386269330978,0.9811930060386658,0.5329214334487915,0.7032588720321655,0.06939491629600525,0.8439802527427673,0.39774391055107117,0.695461094379425,-0.08320049941539764,0.8404814600944519,0.5670489072799683,0.7174283266067505,-0.004415812902152538,0.9621480703353882,0.41803932189941406,0.7149080038070679,-0.16300518810749054,0.9714964032173157
145,0.5457587838172913,0.47990620136260986,-0.05312998220324516,0.9990500211715698,0.5405483841896057,0.47436055541038513,-0.040571801364421844,0.9984168410301208,0.5397733449935913,0.4740867018699646,-0.04061126708984375,0.99798184633255,0.5388039946556091,0.47381484508514404,-0.04066013917326927,0.9983401894569397,0.5395455360412598,0.47479668259620667,-0.07939540594816208,0.998478353023529,0.5376794338226318,0.4748188853263855,-0.07951997965574265,0.9982272982597351,0.535953938961029,0.4748144745826721,-0.07955914735794067,0.9984796047210693,0.5264351963996887,0.47588402032852173,0.03702239319682121,0.9953130483627319,0.5232892036437988,0.4767642021179199,-0.1358000934123993,0.9965727925300598,0.5431784391403198,0.48444169759750366,-0.019805030897259712,0.9977355599403381,0.5416148900985718,0.48476600646972656,-0.06981921195983887,0.9976195693016052,0.5212593078613281,0.5026166439056396,0.1719776839017868,0.9992085099220276,0.5097643136978149,0.5051891207695007,-0.2377701997756958,0.9992257356643677,0.5566990375518799,0.528130829334259,0.29365360736846924,0.6681800484657288,0.5458820462226868,0.5304720997810364,-0.33366236090660095,0.8638437390327454,0.6127636432647705,0.5342810153961182,0.3079516887664795,0.6916674971580505,0.5941787362098694,0.5412553548812866,-0.2963225543498993,0.8404211401939392,0.6356405019760132,0.5355230569839478,0.32482901215553284,0.6683961749076843,0.6047820448875427,0.5371198058128357,-0.32125088572502136,0.8017102479934692,0.6372194290161133,0.5353136658668518,0.2947598397731781,0.6729037165641785,0.6057064533233643,0.5428313612937927,-0.3108031153678894,0.8015621304512024,0.628892719745636,0.5353698134422302,0.29337427020072937,0.6619887948036194,0.6064895391464233,0.5369962453842163,-0.29005712270736694,0.7688172459602356,0.5325760841369629,0.5875137448310852,0.11824814975261688,0.9993562698364258,0.5096603631973267,0.588829755783081,-0.11826635152101517,0.9993231892585754,0.5536827445030212,0.6467815637588501,0.1494312882423401,0.9589317440986633,0.4752197265625,0.6443850994110107,-0.10453025996685028,0.9811782836914062,0.5450431108474731,0.697361946105957,0.22905179858207703,0.9718831181526184,0.41112086176872253,0.6914446949958801,-0.03831493854522705,0.9826884269714355,0.5307067036628723,0.7035453915596008,0.23287340998649597,0.8534140586853027,0.3983630836009979,0.6954775452613831,-0.034644898027181625,0.8543965816497803,0.5663415193557739,0.7172186374664307,0.1689005196094513,0.9624316692352295,0.41840553283691406,0.7162078619003296,-0.1157752200961113,0.9737406969070435
146,0.5492099523544312,0.4813615679740906,-0.039694011211395264,0.9991274476051331,0.544856071472168,0.47612717747688293,-0.02624734863638878,0.9985462427139282,0.5440672039985657,0.4758813679218292,-0.02626986801624298,0.9981449842453003,0.5431392788887024,0.47563275694847107,-0.02628345414996147,0.998475968837738,0.5438356995582581,0.47639745473861694,-0.06452024728059769,0.9986121654510498,0.5422815084457397,0.47634467482566833,-0.0646476224064827,0.998387336730957,0.5404872298240662,0.4762735366821289,-0.06466181576251984,0.9986141920089722,0.5300930142402649,0.47637203335762024,0.05160289257764816,0.9957137703895569,0.5253448486328125,0.47735893726348877,-0.11843588203191757,0.9968947172164917,0.545476496219635,0.4855802655220032,-0.006111610680818558,0.9979237914085388,0.543859601020813,0.48604097962379456,-0.0552910678088665,0.9978219270706177,0.517377495765686,0.5032444000244141,0.17831489443778992,0.9992749094963074,0.5063199996948242,0.5029193162918091,-0.22801591455936432,0.9992966055870056,0.5472887754440308,0.523777186870575,0.28786370158195496,0.6079240441322327,0.5525183081626892,0.5219780802726746,-0.32295581698417664,0.8764289617538452,0.5944695472717285,0.5384379625320435,0.2936113476753235,0.6406297087669373,0.6146783828735352,0.5286142230033875,-0.2806052267551422,0.8516521453857422,0.608066737651825,0.5410646796226501,0.30482128262519836,0.6223329901695251,0.6318533420562744,0.5302523374557495,-0.30943915247917175,0.813862681388855,0.6081169843673706,0.5410928726196289,0.2747046649456024,0.6270893216133118,0.6320958733558655,0.5297625064849854,-0.2948545813560486,0.8130314946174622,0.6030117273330688,0.5406275391578674,0.27928489446640015,0.6189013123512268,0.6257746815681458,0.5290252566337585,-0.2723788321018219,0.7792773842811584,0.5332378149032593,0.5849832892417908,0.11696992069482803,0.9994156360626221,0.5106330513954163,0.5857533812522888,-0.11698127537965775,0.9993837475776672,0.5542819499969482,0.6446281671524048,0.1312970370054245,0.9480902552604675,0.47688162326812744,0.6434994339942932,-0.11563567072153091,0.9820470213890076,0.5442646741867065,0.6969432830810547,0.19700393080711365,0.9706866145133972,0.41201090812683105,0.6915960311889648,-0.05524229258298874,0.9839178323745728,0.5298616886138916,0.7033240795135498,0.19920526444911957,0.8617316484451294,0.39913198351860046,0.6956858038902283,-0.051898811012506485,0.8665298819541931,0.5656421184539795,0.7163369655609131,0.13661260902881622,0.9623829126358032,0.42126789689064026,0.7171209454536438,-0.12893365323543549,0.9756162166595459
147,0.5505004525184631,0.4757317900657654,0.004016906954348087,0.9991925954818726,0.5449693202972412,0.4705630838871002,0.014206988736987114,0.9986626505851746,0.5436630845069885,0.4704982340335846,0.014162451028823853,0.9982921481132507,0.5420889854431152,0.47047072649002075,0.01412026584148407,0.998597264289856,0.545015811920166,0.47063490748405457,-0.0239581111818552,0.9987324476242065,0.5437370538711548,0.470608115196228,-0.02408398687839508,0.9985310435295105,0.5421736836433411,0.47059643268585205,-0.024123357608914375,0.9987344741821289,0.5272158980369568,0.47251802682876587,0.07664432376623154,0.9960854649543762,0.5271207690238953,0.4726754426956177,-0.09340774267911911,0.9971873164176941,0.546234130859375,0.4809343218803406,0.03194316104054451,0.9980915188789368,0.5461614727973938,0.481118768453598,-0.017346082255244255,0.9980039596557617,0.5141472816467285,0.501764714717865,0.18880543112754822,0.9993335008621216,0.5111739039421082,0.5019285082817078,-0.20448057353496552,0.9993568658828735,0.5485648512840271,0.5215266942977905,0.28755271434783936,0.5507859587669373,0.569648027420044,0.5220507979393005,-0.260223388671875,0.8864268660545349,0.5990540385246277,0.5326555967330933,0.29716023802757263,0.5868778228759766,0.6129539608955383,0.5222055912017822,-0.15259619057178497,0.8572400808334351,0.6122324466705322,0.5332183241844177,0.31445902585983276,0.5736382007598877,0.6310698390007019,0.5214722156524658,-0.16631785035133362,0.8188660144805908,0.613457977771759,0.532741904258728,0.286029189825058,0.5786060690879822,0.624148428440094,0.5218382477760315,-0.15457919239997864,0.8167877197265625,0.6087803244590759,0.533190906047821,0.283944696187973,0.5728726983070374,0.6219897866249084,0.5218743681907654,-0.14366751909255981,0.7793523073196411,0.5306342244148254,0.5866770148277283,0.11086006462574005,0.9994706511497498,0.5137328505516052,0.5872162580490112,-0.11089178919792175,0.9994392395019531,0.553045928478241,0.645794689655304,0.13164275884628296,0.9416504502296448,0.47626224160194397,0.6432687044143677,-0.10564523190259933,0.9830203056335449,0.545992374420166,0.698904812335968,0.1870420277118683,0.9709374308586121,0.4112941026687622,0.6907625794410706,-0.04683791473507881,0.9850166440010071,0.5358050465583801,0.706188976764679,0.18928547203540802,0.8703032732009888,0.3980483114719391,0.6945852041244507,-0.043247152119874954,0.8773740530014038,0.5713037848472595,0.7172272801399231,0.1288772076368332,0.9630821943283081,0.419367253780365,0.7134315967559814,-0.11378849297761917,0.9771688580513
148,0.5513676404953003,0.4734729528427124,-0.07597237080335617,0.9992620348930359,0.5465555787086487,0.46802279353141785,-0.06242001801729202,0.998778760433197,0.5458139777183533,0.4679431915283203,-0.06247584894299507,0.9984405636787415,0.5449718832969666,0.46793168783187866,-0.06250756233930588,0.9987183809280396,0.5453144311904907,0.46824583411216736,-0.1007351279258728,0.9988479018211365,0.5435268878936768,0.4679414927959442,-0.1008606106042862,0.9986677765846252,0.5416756272315979,0.468007355928421,-0.10088696330785751,0.9988498091697693,0.532076895236969,0.46999746561050415,0.02299203723669052,0.9964389204978943,0.52667635679245,0.4707341194152832,-0.14766846597194672,0.9974573850631714,0.5483906865119934,0.4789716601371765,-0.03921030834317207,0.9982629418373108,0.5467342734336853,0.47932976484298706,-0.0884702280163765,0.9981890320777893,0.5266103744506836,0.4999984800815582,0.16110695898532867,0.999394416809082,0.5087606310844421,0.4981415867805481,-0.2501731812953949,0.9994181394577026,0.56104576587677,0.5222352147102356,0.25782743096351624,0.5075941681861877,0.5590352416038513,0.5180941224098206,-0.3316646218299866,0.8970183730125427,0.6026954650878906,0.5286155939102173,0.2432287484407425,0.5610641837120056,0.6216539740562439,0.5120227932929993,-0.27854275703430176,0.8684998750686646,0.6094089150428772,0.5264777541160583,0.2518935203552246,0.5518859028816223,0.6370991468429565,0.5115545392036438,-0.3071196973323822,0.8318676948547363,0.613797128200531,0.5285921096801758,0.22217679023742676,0.5571371912956238,0.6364801526069641,0.5097109079360962,-0.29181915521621704,0.829440176486969,0.6092280745506287,0.5288846492767334,0.22885960340499878,0.5529459714889526,0.6307922005653381,0.5101528167724609,-0.2694045305252075,0.7920799851417542,0.5370726585388184,0.5845497250556946,0.12121711671352386,0.9995213150978088,0.5083377957344055,0.5854918956756592,-0.1212109625339508,0.9994918704032898,0.5534200072288513,0.646454393863678,0.17796719074249268,0.9297475218772888,0.47841835021972656,0.6428597569465637,-0.1392407864332199,0.9838763475418091,0.5469558238983154,0.6977666020393372,0.27334830164909363,0.9699109792709351,0.4120301604270935,0.6917239427566528,-0.0670897588133812,0.9861246943473816,0.5350754261016846,0.70356285572052,0.2788889706134796,0.8774881362915039,0.3982383608818054,0.695309042930603,-0.06278879940509796,0.887546718120575,0.571775496006012,0.7155510187149048,0.21573477983474731,0.9632765650749207,0.41597768664360046,0.7130426168441772,-0.1508825421333313,0.9788930416107178
149,0.5517178773880005,0.4675113558769226,-0.027943389490246773,0.9993240833282471,0.5458861589431763,0.46293118596076965,-0.01817798800766468,0.9988876581192017,0.5448870062828064,0.4629063904285431,-0.018224874511361122,0.9985785484313965,0.5437533259391785,0.46293744444847107,-0.01824416220188141,0.9988303780555725,0.5452372431755066,0.4632285237312317,-0.05215893313288689,0.9989537596702576,0.543799102306366,0.4634034335613251,-0.052241913974285126,0.9987918138504028,0.5421447157859802,0.46360811591148376,-0.052262354642152786,0.9989549517631531,0.5304173827171326,0.466409295797348,0.05061240866780281,0.9967687726020813,0.5283865928649902,0.4674566984176636,-0.09906761348247528,0.9977009892463684,0.548838198184967,0.47375255823135376,0.003078483510762453,0.9984033703804016,0.5481224656105042,0.4740840792655945,-0.040410179644823074,0.9983392357826233,0.5212678909301758,0.4967350661754608,0.17639760673046112,0.9994267821311951,0.5172910094261169,0.4950413703918457,-0.20751021802425385,0.9994522333145142,0.5549660325050354,0.5144372582435608,0.30372318625450134,0.46191930770874023,0.5824244618415833,0.5119898319244385,-0.2534690797328949,0.9041938781738281,0.5884776711463928,0.5145885944366455,0.3657284379005432,0.515824019908905,0.6225337386131287,0.5027274489402771,-0.13190782070159912,0.8683732151985168,0.5964942574501038,0.5158131122589111,0.3890884816646576,0.5095534324645996,0.638467013835907,0.5012108683586121,-0.1417507529258728,0.8310836553573608,0.5966205596923828,0.5136144757270813,0.3638673722743988,0.5147193670272827,0.6329047083854675,0.49916762113571167,-0.1337355375289917,0.8274425268173218,0.5960584282875061,0.5129277110099792,0.35556265711784363,0.5130738019943237,0.6233774423599243,0.5026243329048157,-0.12356383353471756,0.7866240739822388,0.5301726460456848,0.5815356969833374,0.10946564376354218,0.9995642304420471,0.5058017373085022,0.5823187232017517,-0.10944655537605286,0.9995329976081848,0.5519155263900757,0.6443019509315491,0.10953433066606522,0.9230872988700867,0.48063924908638,0.6415001153945923,-0.1201469823718071,0.9842277765274048,0.5463033318519592,0.6975719332695007,0.16153809428215027,0.969863772392273,0.4116920828819275,0.6922388672828674,-0.07407811284065247,0.9868527054786682,0.5355596542358398,0.7040746212005615,0.1638706922531128,0.8841716647148132,0.39721325039863586,0.6956953406333923,-0.07097186893224716,0.895051896572113,0.5684814453125,0.716558575630188,0.1046159490942955,0.9635609984397888,0.419007271528244,0.7149806618690491,-0.14661908149719238,0.9799657464027405
150,0.5530760288238525,0.4662341773509979,-0.06296433508396149,0.9993888139724731,0.5476755499839783,0.46150392293930054,-0.04955310374498367,0.9989957809448242,0.5469462871551514,0.46140971779823303,-0.049583468586206436,0.998716413974762,0.5460560321807861,0.4613778293132782,-0.04959114268422127,0.9989434480667114,0.546394944190979,0.4618973135948181,-0.0847650095820427,0.9990559816360474,0.5444905161857605,0.46208655834198,-0.08482927083969116,0.9989100694656372,0.5425406694412231,0.46231144666671753,-0.08481995016336441,0.9990565180778503,0.5339166522026062,0.46410316228866577,0.035763759166002274,0.9970847368240356,0.5284923911094666,0.46569153666496277,-0.11854458600282669,0.9979275465011597,0.5513535737991333,0.47222691774368286,-0.025771675631403923,0.9985553622245789,0.5494581460952759,0.4730018973350525,-0.07067207247018814,0.9984962940216064,0.5294815897941589,0.49579864740371704,0.18013419210910797,0.9994733333587646,0.5145817995071411,0.49389758706092834,-0.22876742482185364,0.9994938373565674,0.5557453036308289,0.516028642654419,0.32453596591949463,0.42245379090309143,0.5717371106147766,0.5082504153251648,-0.29549258947372437,0.9126279950141907,0.5977186560630798,0.5169432163238525,0.37819963693618774,0.4818543493747711,0.6203755736351013,0.4948785901069641,-0.19598130881786346,0.8761847615242004,0.607052206993103,0.5164235234260559,0.3989635109901428,0.4793091118335724,0.6358471512794495,0.49490389227867126,-0.20997606217861176,0.8398543000221252,0.6055910587310791,0.5143299102783203,0.37036028504371643,0.48465150594711304,0.6323825120925903,0.492847740650177,-0.19858331978321075,0.8356044292449951,0.5975666046142578,0.5138068795204163,0.3665022552013397,0.48547691106796265,0.6254396438598633,0.49438199400901794,-0.1861984133720398,0.7938265204429626,0.531406581401825,0.581209123134613,0.11164457350969315,0.9996063709259033,0.5006604194641113,0.5808051824569702,-0.11157944053411484,0.999575138092041,0.5501061081886292,0.6403810381889343,0.02358928695321083,0.9212560653686523,0.4792676568031311,0.6417607665061951,-0.07873754948377609,0.9842948317527771,0.5437337756156921,0.695094645023346,0.06915257126092911,0.9708449244499207,0.4092864394187927,0.689891517162323,0.009292610920965672,0.9872568249702454,0.5332342386245728,0.7021515369415283,0.07055945694446564,0.8918349146842957,0.39423149824142456,0.6922748684883118,0.016628718003630638,0.9009696245193481,0.5687450170516968,0.7174113392829895,-0.0008321478380821645,0.9651525020599365,0.4162392318248749,0.7146876454353333,-0.052643634378910065,0.9808027744293213
151,0.5522071719169617,0.46502479910850525,-0.051149882376194,0.9994434118270874,0.5462844371795654,0.4599750339984894,-0.03946157544851303,0.9990888833999634,0.5452646017074585,0.4598342776298523,-0.039495691657066345,0.9988344311714172,0.5441203117370605,0.4597351849079132,-0.0395086407661438,0.999039888381958,0.5455759167671204,0.460349977016449,-0.07689918577671051,0.9991446137428284,0.5440621972084045,0.4604805111885071,-0.07697505503892899,0.9990128874778748,0.5423255562782288,0.4606286585330963,-0.07699716091156006,0.9991442561149597,0.5310047268867493,0.4625431299209595,0.03747343271970749,0.9973612427711487,0.5283829569816589,0.463834673166275,-0.1271614283323288,0.9981280565261841,0.5499193072319031,0.4710053503513336,-0.017110489308834076,0.9986817836761475,0.5490463972091675,0.471442848443985,-0.06503736227750778,0.9986266493797302,0.52730393409729,0.49478158354759216,0.1753399819135666,0.9994910955429077,0.5193472504615784,0.4916211664676666,-0.2416624277830124,0.999505877494812,0.5608635544776917,0.5109090805053711,0.2962988615036011,0.38646480441093445,0.579603374004364,0.5020177364349365,-0.28403642773628235,0.9192249774932861,0.5921310186386108,0.509609043598175,0.3275316655635834,0.4462932348251343,0.6078456044197083,0.489927738904953,-0.142556294798851,0.8778979182243347,0.5940035581588745,0.5120789408683777,0.34650105237960815,0.44622257351875305,0.6208294034004211,0.4890201985836029,-0.15345747768878937,0.841029942035675,0.5898451805114746,0.5102778673171997,0.3199369013309479,0.4515126049518585,0.6187185049057007,0.48772290349006653,-0.1472926139831543,0.8357893228530884,0.58863365650177,0.5093231797218323,0.3155364990234375,0.4543682932853699,0.6112368106842041,0.4925510585308075,-0.13432885706424713,0.7925069332122803,0.5272254943847656,0.5810747742652893,0.11589299142360687,0.9996395111083984,0.5018581748008728,0.5794480443000793,-0.1157458946108818,0.9996014833450317,0.5537469387054443,0.6416532397270203,0.08612076938152313,0.9182542562484741,0.4819853603839874,0.6408580541610718,-0.08843795210123062,0.9845199584960938,0.5443810224533081,0.6973876953125,0.12374193966388702,0.9712745547294617,0.40786436200141907,0.6903483271598816,-0.020575089380145073,0.9876415133476257,0.5348143577575684,0.7048227787017822,0.12419803440570831,0.8974896669387817,0.39287906885147095,0.6929816603660583,-0.015713350847363472,0.9061331748962402,0.573896050453186,0.7171933054924011,0.05518727749586105,0.9656524658203125,0.41896742582321167,0.7152541875839233,-0.0905151292681694,0.9813375473022461
152,0.5520864129066467,0.46332797408103943,-0.06475064903497696,0.9994938373565674,0.5465211272239685,0.4585239589214325,-0.054867591708898544,0.9991745352745056,0.54571932554245,0.4584503471851349,-0.05491551756858826,0.9989429712295532,0.5448393225669861,0.4584222435951233,-0.054942402988672256,0.9991288781166077,0.5450880527496338,0.458861768245697,-0.09067357331514359,0.9992259740829468,0.5435105562210083,0.4590184986591339,-0.09074044972658157,0.9991071224212646,0.5417903065681458,0.4592013359069824,-0.0907474011182785,0.9992249608039856,0.5322572588920593,0.4615490734577179,0.01896529085934162,0.9976166486740112,0.5281939506530762,0.46290355920791626,-0.13872165977954865,0.9983103275299072,0.5502819418907166,0.4696758985519409,-0.03161283954977989,0.9988027215003967,0.5490967631340027,0.47011756896972656,-0.07767563313245773,0.998750627040863,0.5298691391944885,0.49413877725601196,0.154413104057312,0.9995035529136658,0.521510124206543,0.4906527101993561,-0.24191902577877045,0.9995022416114807,0.57401043176651,0.5023865103721619,0.31849193572998047,0.3553818166255951,0.585148811340332,0.4928976893424988,-0.2737730145454407,0.9250330328941345,0.5918034911155701,0.5028111934661865,0.4056922495365143,0.4120757281780243,0.6043902635574341,0.4837493300437927,-0.12706361711025238,0.87538743019104,0.5969248414039612,0.5042637586593628,0.43072932958602905,0.41322198510169983,0.6156806349754333,0.4827387034893036,-0.13578587770462036,0.8370987176895142,0.5880255103111267,0.5042274594306946,0.40551483631134033,0.4184322655200958,0.609419047832489,0.4845128655433655,-0.13504645228385925,0.8307731747627258,0.5830050110816956,0.5039533376693726,0.3962401747703552,0.42302146553993225,0.6067157983779907,0.48599812388420105,-0.12148956209421158,0.7858229279518127,0.5273186564445496,0.5813171863555908,0.10810989886522293,0.999669075012207,0.5016473531723022,0.5805914998054504,-0.10793574154376984,0.9996249675750732,0.5507363677024841,0.641991913318634,0.08981084078550339,0.9158632159233093,0.47981634736061096,0.6419472098350525,-0.0558190755546093,0.9846310019493103,0.5426092743873596,0.6964632868766785,0.14202755689620972,0.9714400768280029,0.4085432291030884,0.6909003853797913,0.02505733072757721,0.987888753414154,0.5328549146652222,0.7043678760528564,0.1443205624818802,0.9018963575363159,0.3946434557437897,0.6938714981079102,0.03161372244358063,0.9104045629501343,0.5722762942314148,0.7172622680664062,0.07255956530570984,0.9659430980682373,0.41994258761405945,0.7154781818389893,-0.043295130133628845,0.9816694855690002
153,0.5523514747619629,0.4589398503303528,-0.05360075458884239,0.9995388984680176,0.5470457077026367,0.4546757638454437,-0.04593135416507721,0.9992517232894897,0.5462028384208679,0.4546299874782562,-0.04598529636859894,0.999040961265564,0.5452242493629456,0.45465031266212463,-0.04603200778365135,0.9992095232009888,0.5463756322860718,0.45515772700309753,-0.08081512898206711,0.9992988705635071,0.5451139211654663,0.45543089509010315,-0.08087621629238129,0.9991915225982666,0.5436870455741882,0.4557407796382904,-0.08085646480321884,0.9992969632148743,0.5318024158477783,0.4584112763404846,0.022216277197003365,0.9978471398353577,0.5305608510971069,0.46011117100715637,-0.13206012547016144,0.9984721541404724,0.5512585043907166,0.4655424952507019,-0.021979348734021187,0.9989053010940552,0.5502085089683533,0.46615663170814514,-0.06700295954942703,0.9988501071929932,0.5268241167068481,0.49138200283050537,0.15310387313365936,0.999495267868042,0.525486946105957,0.48966750502586365,-0.22395868599414825,0.9994258880615234,0.5636263489723206,0.5021019577980042,0.34992095828056335,0.32481783628463745,0.5927611589431763,0.49048545956611633,-0.2426283061504364,0.9272615313529968,0.5852250456809998,0.5011066198348999,0.48012322187423706,0.3781574070453644,0.5948116779327393,0.4710664451122284,-0.08989815413951874,0.8655773401260376,0.5913221836090088,0.5020960569381714,0.5126107335090637,0.38075506687164307,0.5970388054847717,0.4672926068305969,-0.09252423048019409,0.8277264833450317,0.589688777923584,0.502116858959198,0.4859868288040161,0.38599613308906555,0.5901123881340027,0.47022324800491333,-0.09647500514984131,0.8206489086151123,0.587340772151947,0.5021917819976807,0.47140219807624817,0.39189815521240234,0.5886054039001465,0.46987611055374146,-0.08635970205068588,0.7737528681755066,0.5254382491111755,0.5783355832099915,0.09973316639661789,0.9996941685676575,0.5075187087059021,0.5776866674423218,-0.09959754347801208,0.99964439868927,0.5458724498748779,0.6396850347518921,0.09263226389884949,0.913910448551178,0.48397567868232727,0.6410622000694275,-0.043440721929073334,0.9846149682998657,0.54603111743927,0.6994778513908386,0.12897351384162903,0.9720069169998169,0.40897729992866516,0.6903635263442993,0.030260290950536728,0.9880707263946533,0.5353327393531799,0.7068957686424255,0.12955299019813538,0.9062018394470215,0.3933749794960022,0.6932825446128845,0.036185987293720245,0.9144259691238403,0.5723446011543274,0.7181062698364258,0.055722493678331375,0.9666106700897217,0.41882991790771484,0.7154188752174377,-0.03535086661577225,0.981855571269989
154,0.5500345826148987,0.45867058634757996,-0.034893155097961426,0.999579131603241,0.5443300604820251,0.4546811282634735,-0.02630840241909027,0.9993209838867188,0.5434969663619995,0.45458757877349854,-0.026336902752518654,0.9991283416748047,0.5425525903701782,0.4544833302497864,-0.026355361565947533,0.9992812871932983,0.5436291098594666,0.4549926221370697,-0.06372210383415222,0.9993652701377869,0.5423492193222046,0.45510387420654297,-0.06380659341812134,0.9992684125900269,0.5409198999404907,0.4551919102668762,-0.06380859762430191,0.9993629455566406,0.5291680693626404,0.45761778950691223,0.041541989892721176,0.9980541467666626,0.527911901473999,0.4589010775089264,-0.12420778721570969,0.9986201524734497,0.5483264923095703,0.46455684304237366,-0.0038391179405152798,0.9990029335021973,0.5475550293922424,0.46496206521987915,-0.05216633528470993,0.9989505410194397,0.5269944667816162,0.4890555739402771,0.1752491444349289,0.9995080232620239,0.5196079015731812,0.48757117986679077,-0.23138615489006042,0.9994419813156128,0.5531690120697021,0.49675092101097107,0.3793640434741974,0.2956632375717163,0.5781130194664001,0.4922328293323517,-0.2932169437408447,0.931610643863678,0.5726165175437927,0.4880567789077759,0.5344364047050476,0.34611377120018005,0.585270345211029,0.47265031933784485,-0.18576090037822723,0.8628231287002563,0.5774728655815125,0.48666149377822876,0.5713405013084412,0.349812388420105,0.5900825262069702,0.468483567237854,-0.19541355967521667,0.8245705962181091,0.5778138041496277,0.48670968413352966,0.5468640923500061,0.35483014583587646,0.582518458366394,0.4664168059825897,-0.19317907094955444,0.816701352596283,0.575990617275238,0.4875093698501587,0.5268200039863586,0.36166948080062866,0.5809423923492432,0.46667614579200745,-0.1806987076997757,0.7685292959213257,0.5294699668884277,0.579241156578064,0.11112859100103378,0.9997187852859497,0.5078936815261841,0.5796223878860474,-0.11099216341972351,0.9996680021286011,0.5453309416770935,0.6389136910438538,0.1007942259311676,0.9107326865196228,0.48604393005371094,0.6391820907592773,-0.06921782344579697,0.984551191329956,0.544834554195404,0.6952430009841919,0.13220010697841644,0.9724130630493164,0.40872621536254883,0.6896541714668274,-0.0034288850147277117,0.9883501529693604,0.5352708101272583,0.7036139965057373,0.13198448717594147,0.9107336401939392,0.39404505491256714,0.6924018859863281,0.0019242896232753992,0.9188548922538757,0.5750725865364075,0.7164790630340576,0.058184340596199036,0.9673275351524353,0.418959379196167,0.7148573994636536,-0.0722087025642395,0.9823090434074402
155,0.5515768527984619,0.45561933517456055,-0.030858060345053673,0.9996101260185242,0.5454793572425842,0.45160359144210815,-0.02376924641430378,0.999378502368927,0.5444279313087463,0.45155948400497437,-0.023807192221283913,0.999200701713562,0.542843759059906,0.45149293541908264,-0.023840930312871933,0.9993401765823364,0.5451154112815857,0.45189493894577026,-0.05918439105153084,0.9994211792945862,0.5432623028755188,0.45198261737823486,-0.05927795171737671,0.9993339776992798,0.5419720411300659,0.4521588087081909,-0.05928752198815346,0.9994182586669922,0.5298473834991455,0.45537102222442627,0.0398249477148056,0.9982333183288574,0.5289276242256165,0.45611685514450073,-0.11714338511228561,0.9987484812736511,0.5494747757911682,0.4616689085960388,-0.0010225309524685144,0.9990798234939575,0.548895537853241,0.46201804280281067,-0.04675346612930298,0.9990271925926208,0.5259196162223816,0.4858080744743347,0.1676965355873108,0.9995035529136658,0.5186439156532288,0.48593324422836304,-0.21632476150989532,0.999437153339386,0.5533528923988342,0.4958467185497284,0.3583381474018097,0.26970499753952026,0.5773338675498962,0.4861792325973511,-0.24984535574913025,0.9329908490180969,0.5601505041122437,0.4963511824607849,0.4954743981361389,0.3162693977355957,0.5760983228683472,0.464973509311676,-0.11675416678190231,0.8495596647262573,0.56215500831604,0.4980231821537018,0.5292333364486694,0.3206224739551544,0.5814324021339417,0.46295949816703796,-0.12253867089748383,0.8119310140609741,0.5608848333358765,0.4986257553100586,0.5052675604820251,0.32542335987091064,0.5705779790878296,0.4624705910682678,-0.12433632463216782,0.8034005165100098,0.5600370764732361,0.498342365026474,0.48796364665031433,0.33281826972961426,0.5700271129608154,0.4626522958278656,-0.11257829517126083,0.7535717487335205,0.5327539443969727,0.5762850642204285,0.1061648428440094,0.9997419118881226,0.5093513131141663,0.5756058096885681,-0.10607025772333145,0.9996928572654724,0.5444243550300598,0.6380168199539185,0.11793453246355057,0.9063143730163574,0.4860946536064148,0.6381544470787048,-0.07801810652017593,0.98428875207901,0.5464890599250793,0.6949783563613892,0.15771548449993134,0.9723568558692932,0.40947574377059937,0.6913100481033325,-0.02026481367647648,0.9885696768760681,0.5366159081459045,0.7029037475585938,0.15815994143486023,0.9137891530990601,0.3956592381000519,0.6948081851005554,-0.016307419165968895,0.922474205493927,0.5706902146339417,0.7163830399513245,0.08195327967405319,0.9675779342651367,0.41961196064949036,0.7165382504463196,-0.09778904914855957,0.982692301273346
156,0.547770082950592,0.45484504103660583,-0.04312938451766968,0.9996433854103088,0.5407970547676086,0.45164328813552856,-0.0346224419772625,0.9994347095489502,0.5395427942276001,0.45166701078414917,-0.03464856743812561,0.9992716908454895,0.5382230877876282,0.45175713300704956,-0.03465285897254944,0.9993985295295715,0.5410262942314148,0.45234107971191406,-0.07139267027378082,0.9994751811027527,0.5400007367134094,0.4526602327823639,-0.07146884500980377,0.9993965029716492,0.5389279127120972,0.45301854610443115,-0.07147408276796341,0.9994721412658691,0.5244503617286682,0.4565982222557068,0.03367231786251068,0.998401403427124,0.5266698598861694,0.457163006067276,-0.12933039665222168,0.9988688826560974,0.544815719127655,0.46083393692970276,-0.011735398322343826,0.9991543292999268,0.5440444350242615,0.46143171191215515,-0.05929809808731079,0.9991040825843811,0.5167986154556274,0.48552072048187256,0.16273078322410583,0.9994720816612244,0.520458996295929,0.4872586131095886,-0.22600433230400085,0.9994074702262878,0.5490253567695618,0.4828747808933258,0.3554213047027588,0.24815630912780762,0.5759479403495789,0.4789891242980957,-0.25450488924980164,0.9352032542228699,0.5561128854751587,0.4655352234840393,0.5101480484008789,0.2914789617061615,0.5677726864814758,0.4569762051105499,-0.11234605312347412,0.8409775495529175,0.5573080778121948,0.4616214334964752,0.5445070862770081,0.29580339789390564,0.5624264478683472,0.45129305124282837,-0.11929163336753845,0.802399218082428,0.5572232604026794,0.462669312953949,0.5244768857955933,0.30032476782798767,0.5558604598045349,0.45174530148506165,-0.1212845966219902,0.7934158444404602,0.5571663975715637,0.4644199013710022,0.5037172436714172,0.3086668848991394,0.556892991065979,0.4552024304866791,-0.10881838947534561,0.7433550953865051,0.5247921347618103,0.5771947503089905,0.10933715850114822,0.9997597336769104,0.5126572251319885,0.577837347984314,-0.10920162498950958,0.999710202217102,0.5468751192092896,0.6379632949829102,0.1377965360879898,0.9025336503982544,0.48847001791000366,0.6387963891029358,-0.08512735366821289,0.9840077757835388,0.5471650958061218,0.6968410015106201,0.17699214816093445,0.9717867374420166,0.41125616431236267,0.6904399991035461,-0.021207720041275024,0.9885976314544678,0.5370830297470093,0.704698920249939,0.17765425145626068,0.9160026907920837,0.3957589566707611,0.6933987736701965,-0.01622377336025238,0.925168514251709,0.5744231939315796,0.7173088192939758,0.11297989636659622,0.9670484662055969,0.4191246032714844,0.7161823511123657,-0.08660305291414261,0.9826120734214783
157,0.5439749956130981,0.45706161856651306,-0.012442472390830517,0.9996737241744995,0.5354876518249512,0.45276695489883423,-0.003850463544949889,0.9994854927062988,0.5341241359710693,0.4526631534099579,-0.0038595593068748713,0.9993360042572021,0.5328540205955505,0.4526686370372772,-0.003848935477435589,0.999451220035553,0.5362329483032227,0.45347851514816284,-0.03979134559631348,0.9995242357254028,0.5354669094085693,0.45379820466041565,-0.03986162319779396,0.9994534254074097,0.5347553491592407,0.4541090726852417,-0.03984659165143967,0.9995211958885193,0.5212071537971497,0.4570063650608063,0.06218470260500908,0.9985544681549072,0.5247530937194824,0.45746421813964844,-0.09725545346736908,0.9989781379699707,0.5419473648071289,0.4623796045780182,0.01808016002178192,0.9992209076881409,0.5429383516311646,0.4632618725299835,-0.02839774079620838,0.9991738200187683,0.5125139951705933,0.48499563336372375,0.18668466806411743,0.9994779825210571,0.5217922329902649,0.4858551025390625,-0.20012511312961578,0.9994244575500488,0.5441663265228271,0.48260772228240967,0.39384546875953674,0.22930526733398438,0.5729510188102722,0.474276602268219,-0.236298069357872,0.938361406326294,0.5461505651473999,0.4687274992465973,0.5798859596252441,0.27036041021347046,0.550590455532074,0.45147067308425903,-0.11062750965356827,0.8403714299201965,0.5463581085205078,0.4660565257072449,0.6202532649040222,0.27441927790641785,0.541169285774231,0.4419906735420227,-0.1169917955994606,0.8019617199897766,0.5455683469772339,0.4668794870376587,0.599494457244873,0.2786850035190582,0.5362534523010254,0.4460231065750122,-0.12012391537427902,0.7930546998977661,0.5460905432701111,0.46801915764808655,0.5741675496101379,0.2882501482963562,0.5376462340354919,0.44984444975852966,-0.10805845260620117,0.7438063025474548,0.5228440761566162,0.5765525102615356,0.11015243083238602,0.999779999256134,0.5113949179649353,0.573511004447937,-0.11009695380926132,0.999732494354248,0.5469151139259338,0.636900782585144,0.12407085299491882,0.8992348909378052,0.487533301115036,0.6388959288597107,-0.11459847539663315,0.9836830496788025,0.546482503414154,0.6977422833442688,0.1405031383037567,0.9717563390731812,0.4113299250602722,0.6915842890739441,-0.0783439502120018,0.9887478351593018,0.5355761051177979,0.7048561573028564,0.1389194130897522,0.9192769527435303,0.3956179916858673,0.6941530108451843,-0.07544288039207458,0.9284449219703674,0.5726945996284485,0.7187246084213257,0.0764189288020134,0.9671615958213806,0.41931435465812683,0.717940092086792,-0.1434374302625656,0.9828436970710754
158,0.5440974831581116,0.45513153076171875,-0.031229311600327492,0.9997020363807678,0.5370892286300659,0.45147714018821716,-0.021483518183231354,0.9995322823524475,0.5357615947723389,0.4515593647956848,-0.021492179483175278,0.9993953108787537,0.5345001220703125,0.451649010181427,-0.02147413045167923,0.9994997978210449,0.5370412468910217,0.4518856704235077,-0.05770675465464592,0.9995690584182739,0.5358042120933533,0.45219293236732483,-0.05778329446911812,0.9995052814483643,0.531485378742218,0.4523269534111023,-0.05776789411902428,0.9995659589767456,0.5209851264953613,0.45593106746673584,0.04991788789629936,0.9986923933029175,0.5185661911964417,0.45762014389038086,-0.11018435657024384,0.9990767240524292,0.5424517393112183,0.46131694316864014,0.0015370260225608945,0.9992872476577759,0.5422540307044983,0.46169736981391907,-0.045105211436748505,0.99924236536026,0.5117820501327515,0.48335644602775574,0.17841874063014984,0.9994993209838867,0.5129228830337524,0.48453158140182495,-0.21968823671340942,0.9994518756866455,0.5332512855529785,0.48676902055740356,0.3960338830947876,0.2116757184267044,0.5673526525497437,0.47574710845947266,-0.3099415898323059,0.9427295923233032,0.5310546159744263,0.4740740954875946,0.5936309099197388,0.2517729699611664,0.5495564937591553,0.44991400837898254,-0.24482323229312897,0.8469428420066833,0.5300180912017822,0.47194403409957886,0.6325616240501404,0.2556120455265045,0.546291172504425,0.4410039484500885,-0.2628609538078308,0.808850109577179,0.5303805470466614,0.4725363850593567,0.6114034056663513,0.2596100866794586,0.5397545099258423,0.4422265887260437,-0.26019051671028137,0.7999594211578369,0.5314914584159851,0.47351521253585815,0.5883584022521973,0.2701250910758972,0.5409543514251709,0.44687560200691223,-0.24158279597759247,0.7514892816543579,0.5233973860740662,0.5782883167266846,0.10993754118680954,0.9997997879981995,0.5103773474693298,0.5758244395256042,-0.10980790108442307,0.9997547268867493,0.542019248008728,0.637785792350769,0.09261097013950348,0.8985849618911743,0.4869089126586914,0.6395559310913086,-0.0932767242193222,0.9832544326782227,0.5461103320121765,0.6975072026252747,0.12722766399383545,0.9719499945640564,0.4104885458946228,0.6913553476333618,-0.025471534579992294,0.9886895418167114,0.5384150147438049,0.7049383521080017,0.12718605995178223,0.9220874309539795,0.3961120843887329,0.694015383720398,-0.019603485241532326,0.9301807284355164,0.5713497996330261,0.7188399434089661,0.05478332191705704,0.9675713181495667,0.4175347089767456,0.7164634466171265,-0.0918637216091156,0.9829014539718628
159,0.5466226935386658,0.4544559419155121,-0.008343366906046867,0.9997301697731018,0.5358921885490417,0.45105165243148804,0.0030167275108397007,0.9995772242546082,0.5344871878623962,0.45113322138786316,0.003019147552549839,0.999453067779541,0.5331219434738159,0.45126745104789734,0.0030444590374827385,0.9995473623275757,0.5362153649330139,0.45152899622917175,-0.03394186496734619,0.9996111392974854,0.5351395010948181,0.4518848955631256,-0.03400652855634689,0.9995537400245667,0.5340806841850281,0.4522342383861542,-0.0339781828224659,0.9996082186698914,0.5213028192520142,0.45590609312057495,0.07690217345952988,0.998820960521698,0.5236803889274597,0.4571816027164459,-0.08686293661594391,0.999167799949646,0.5457596182823181,0.4603850543498993,0.02506127953529358,0.9993501305580139,0.546154260635376,0.46090641617774963,-0.022681979462504387,0.9993095397949219,0.5114938616752625,0.4829607307910919,0.20358414947986603,0.9995236992835999,0.523278534412384,0.4824800193309784,-0.19567641615867615,0.9994815587997437,0.5316777229309082,0.48198050260543823,0.4367149770259857,0.19482599198818207,0.568238377571106,0.47647303342819214,-0.24749837815761566,0.9454159140586853,0.5339817404747009,0.4657951891422272,0.6614536046981812,0.23372942209243774,0.5484088063240051,0.45197492837905884,-0.13763467967510223,0.8471912741661072,0.5344777703285217,0.4628492593765259,0.7074189186096191,0.23748239874839783,0.5411328673362732,0.4457954168319702,-0.14411965012550354,0.8091992735862732,0.5342575907707214,0.4635621905326843,0.68708336353302,0.2411952018737793,0.5350757837295532,0.44704777002334595,-0.14460694789886475,0.8002347350120544,0.5349021553993225,0.4649142622947693,0.6571403741836548,0.25253361463546753,0.5359415411949158,0.45078393816947937,-0.13416160643100739,0.7518876194953918,0.531343936920166,0.5746389031410217,0.1137610673904419,0.9998185634613037,0.5119833946228027,0.5733662247657776,-0.11372018605470657,0.9997766017913818,0.5403605699539185,0.635543942451477,0.1026676669716835,0.8964734077453613,0.49065902829170227,0.6376062035560608,-0.12262941896915436,0.9828410744667053,0.5448306202888489,0.6963453888893127,0.11571794748306274,0.9722081422805786,0.41184473037719727,0.6900102496147156,-0.08003605157136917,0.9887098073959351,0.5348142981529236,0.7039077281951904,0.11411929875612259,0.9253307580947876,0.3976230025291443,0.693182110786438,-0.07563547790050507,0.9325841069221497,0.5692728757858276,0.7186561822891235,0.05228219926357269,0.9681580662727356,0.41914838552474976,0.715580403804779,-0.13879609107971191,0.9831222891807556
160,0.5473994612693787,0.45532524585723877,-0.006377962417900562,0.9997545480728149,0.5377204418182373,0.45183488726615906,0.0036980346776545048,0.9996165037155151,0.5363346934318542,0.45184987783432007,0.0036784857511520386,0.9995033740997314,0.5349592566490173,0.45194387435913086,0.003680754918605089,0.9995889067649841,0.5380013585090637,0.4523726999759674,-0.033847298473119736,0.9996485114097595,0.536916971206665,0.4526996314525604,-0.03393734619021416,0.999596893787384,0.5358619689941406,0.45303037762641907,-0.03393948823213577,0.9996458292007446,0.5222245454788208,0.45646512508392334,0.07135076075792313,0.9989355206489563,0.5230551362037659,0.4578697085380554,-0.09575054049491882,0.9992495179176331,0.5446690320968628,0.46095767617225647,0.023742910474538803,0.9994063973426819,0.5448205471038818,0.46141454577445984,-0.024939797818660736,0.9993699193000793,0.5138461589813232,0.48612409830093384,0.1919277161359787,0.9995175004005432,0.5236283540725708,0.4860658645629883,-0.20308415591716766,0.9994961619377136,0.5282279849052429,0.4789929687976837,0.40299543738365173,0.17879942059516907,0.5624982118606567,0.47636517882347107,-0.25343871116638184,0.9472114443778992,0.5292918682098389,0.4590776860713959,0.6107162237167358,0.21506354212760925,0.547085702419281,0.4559577703475952,-0.13427092134952545,0.8398495316505432,0.5289223790168762,0.4545082151889801,0.6545916795730591,0.21887852251529694,0.5435512065887451,0.44987526535987854,-0.14123670756816864,0.8010784387588501,0.5306012034416199,0.45635756850242615,0.6349793672561646,0.2223116010427475,0.5374354124069214,0.45069819688796997,-0.1408110111951828,0.791897177696228,0.5312981605529785,0.4581768810749054,0.6055492162704468,0.23391492664813995,0.5389932990074158,0.45487621426582336,-0.13086794316768646,0.7441535592079163,0.5310757160186768,0.5768993496894836,0.11455680429935455,0.9998342394828796,0.512986958026886,0.5764520168304443,-0.11449555307626724,0.9997949004173279,0.5423890352249146,0.6382325291633606,0.12589825689792633,0.8956730961799622,0.4885074198246002,0.6389789581298828,-0.12174363434314728,0.9833385348320007,0.5462385416030884,0.696675717830658,0.16272340714931488,0.972375750541687,0.41133493185043335,0.6901376247406006,-0.054774798452854156,0.9890933632850647,0.5387253761291504,0.7052831053733826,0.16336281597614288,0.9278674721717834,0.39648503065109253,0.693242073059082,-0.048251260071992874,0.9360167384147644,0.5722517967224121,0.7168099284172058,0.10152176767587662,0.9685361981391907,0.4174250364303589,0.7164822816848755,-0.11191684752702713,0.9836538434028625
161,0.5455288290977478,0.45376989245414734,0.02697734721004963,0.9997738003730774,0.5353253483772278,0.45064517855644226,0.034103214740753174,0.999648928642273,0.5339956879615784,0.4506118893623352,0.03411351516842842,0.9995439052581787,0.5326942801475525,0.45058342814445496,0.034146033227443695,0.9996219873428345,0.5354300141334534,0.4515400230884552,-0.0013221484841778874,0.9996806383132935,0.5343124866485596,0.45181629061698914,-0.0014282811898738146,0.9996342062950134,0.5332459211349487,0.45208272337913513,-0.001435033162124455,0.9996781349182129,0.5206712484359741,0.4553677439689636,0.08757515996694565,0.9990344047546387,0.5236308574676514,0.455911785364151,-0.06939946115016937,0.9993212819099426,0.5452240109443665,0.4598693251609802,0.052729759365320206,0.9994463324546814,0.545595109462738,0.46003931760787964,0.007008658722043037,0.999416172504425,0.510166585445404,0.4829247295856476,0.19943119585514069,0.9995076656341553,0.5283464789390564,0.4794650375843048,-0.18529167771339417,0.9995175004005432,0.5180882215499878,0.47726598381996155,0.42471495270729065,0.16349288821220398,0.5609116554260254,0.47292768955230713,-0.2571835219860077,0.9488375186920166,0.5199218988418579,0.4638863503932953,0.6588644981384277,0.19732335209846497,0.5410162210464478,0.4587033987045288,-0.17584966123104095,0.8369918465614319,0.5196880102157593,0.4616719186306,0.7054738998413086,0.20123136043548584,0.5384103655815125,0.4509369730949402,-0.18711170554161072,0.7979089617729187,0.5219274759292603,0.4634494185447693,0.6840798854827881,0.20438158512115479,0.5317521691322327,0.4539676606655121,-0.18627618253231049,0.7885181307792664,0.5228149890899658,0.4644468128681183,0.6543925404548645,0.21599283814430237,0.5335031151771545,0.45692893862724304,-0.17311568558216095,0.7407512068748474,0.5265548825263977,0.574968159198761,0.11114776134490967,0.9998481273651123,0.5168841481208801,0.5721866488456726,-0.11111656576395035,0.9998117685317993,0.5470412373542786,0.6352493762969971,0.12237793207168579,0.890691876411438,0.49369490146636963,0.6366727948188782,-0.13152332603931427,0.9831706881523132,0.5468053221702576,0.6956965327262878,0.13405683636665344,0.9722022414207458,0.41237327456474304,0.689728856086731,-0.11379997432231903,0.9893212914466858,0.5364516973495483,0.7022598385810852,0.1317983865737915,0.929645299911499,0.3979257643222809,0.692620038986206,-0.1126689463853836,0.9384491443634033,0.5701451897621155,0.7181922197341919,0.06295435130596161,0.9684755206108093,0.4200069010257721,0.715664803981781,-0.19084201753139496,0.9839997887611389
162,0.5467313528060913,0.4520582854747772,-0.014583637937903404,0.9997907280921936,0.5364521741867065,0.4489603638648987,-0.0037033928092569113,0.9996781945228577,0.5351618528366089,0.4490661919116974,-0.003701069625094533,0.9995810389518738,0.5338783264160156,0.44923412799835205,-0.0036818000953644514,0.9996522068977356,0.5366545915603638,0.4495461583137512,-0.04209717735648155,0.9997094869613647,0.5356139540672302,0.44998791813850403,-0.0421961173415184,0.9996678233146667,0.534074068069458,0.4503850042819977,-0.04221518337726593,0.9997071623802185,0.5218337774276733,0.45530420541763306,0.06732471287250519,0.9991225004196167,0.5235154628753662,0.4561377465724945,-0.10313649475574493,0.9993855953216553,0.5458843111991882,0.45801636576652527,0.017093544825911522,0.9994799494743347,0.5461447238922119,0.45871037244796753,-0.032518066465854645,0.9994532465934753,0.514774739742279,0.4842032492160797,0.19528403878211975,0.999453604221344,0.520456075668335,0.48592057824134827,-0.21582408249378204,0.9995189905166626,0.5222238302230835,0.48212358355522156,0.4219188988208771,0.14895685017108917,0.5561662912368774,0.47963231801986694,-0.29814404249191284,0.9502795338630676,0.5284363627433777,0.46460074186325073,0.6470310688018799,0.18066607415676117,0.5453965067863464,0.45957645773887634,-0.22124436497688293,0.832640528678894,0.5290812253952026,0.46086445450782776,0.69366055727005,0.18471375107765198,0.5434437990188599,0.4546884298324585,-0.23428387939929962,0.7929061651229858,0.5324717164039612,0.46237021684646606,0.6717582941055298,0.18762683868408203,0.5371295213699341,0.4548875391483307,-0.23010066151618958,0.7832579612731934,0.5330968499183655,0.4640391170978546,0.6416564583778381,0.19907161593437195,0.5382932424545288,0.45866021513938904,-0.2172364741563797,0.7356246709823608,0.5340447425842285,0.5777817964553833,0.11982498317956924,0.9998588562011719,0.5184559226036072,0.5771172046661377,-0.11974126845598221,0.9998257756233215,0.5518035888671875,0.64016193151474,0.14785651862621307,0.8844358921051025,0.49405646324157715,0.6394530534744263,-0.10143949836492538,0.9832136631011963,0.5469207167625427,0.6959721446037292,0.18755865097045898,0.9710694551467896,0.41242659091949463,0.6918841600418091,-0.06243933364748955,0.9897347092628479,0.5357425212860107,0.7032114267349243,0.18783625960350037,0.9304638504981995,0.3966914117336273,0.695345938205719,-0.05982507765293121,0.9415163993835449,0.5720530152320862,0.7159647345542908,0.12142255157232285,0.967994213104248,0.41831204295158386,0.7199089527130127,-0.13925223052501678,0.9846075177192688
163,0.5432260632514954,0.4539243280887604,-0.03593173995614052,0.9998012781143188,0.5339481234550476,0.45108267664909363,-0.0244076456874609,0.999697208404541,0.5327603816986084,0.45126640796661377,-0.024407217279076576,0.9996060729026794,0.5315099358558655,0.45152971148490906,-0.02442002110183239,0.9996733665466309,0.5338708162307739,0.4513997435569763,-0.06198824569582939,0.9997292160987854,0.5327001214027405,0.451753169298172,-0.062066324055194855,0.9996929168701172,0.5314617156982422,0.45214688777923584,-0.062031153589487076,0.9997261166572571,0.519623339176178,0.45709335803985596,0.04942316934466362,0.9991937279701233,0.5196977853775024,0.4573950469493866,-0.1177394688129425,0.999432384967804,0.5435904264450073,0.46025902032852173,-0.003704249393194914,0.999502420425415,0.5424654483795166,0.46012189984321594,-0.052122343331575394,0.9994651079177856,0.521220862865448,0.488008975982666,0.18505510687828064,0.999454915523529,0.5167635679244995,0.4828842580318451,-0.22719421982765198,0.9995200634002686,0.560772716999054,0.5086591839790344,0.37848472595214844,0.13826246559619904,0.5551149845123291,0.47772157192230225,-0.3423460125923157,0.9531765580177307,0.5868550539016724,0.5203419327735901,0.5079427361488342,0.1698986291885376,0.5450226664543152,0.4631882607936859,-0.3204519748687744,0.8384697437286377,0.5940437316894531,0.5240429639816284,0.5432677865028381,0.17494194209575653,0.5465466380119324,0.45807403326034546,-0.34402117133140564,0.7993622422218323,0.5931399464607239,0.5241197943687439,0.5114468932151794,0.17811588943004608,0.5404568910598755,0.4588291347026825,-0.3391052484512329,0.7899604439735413,0.5904879570007324,0.5230796337127686,0.49697408080101013,0.1897532194852829,0.5417224764823914,0.4589023292064667,-0.3182387948036194,0.7431073784828186,0.5355446338653564,0.5774021744728088,0.11645637452602386,0.9998689293861389,0.5193166732788086,0.5769982933998108,-0.11629088968038559,0.9998379945755005,0.5383439660072327,0.6358775496482849,0.1115465834736824,0.8754561543464661,0.4971540570259094,0.6383761763572693,-0.11670468747615814,0.9833276867866516,0.5459114909172058,0.6963872909545898,0.14046739041805267,0.9693771600723267,0.415338397026062,0.6898500919342041,-0.07910289615392685,0.9900011420249939,0.5323131084442139,0.7031193375587463,0.13878554105758667,0.9302064180374146,0.40116843581199646,0.6928473711013794,-0.07699588686227798,0.9446529746055603,0.5695601105690002,0.7183416485786438,0.058613937348127365,0.9673225283622742,0.4190065264701843,0.7180652618408203,-0.15872253477573395,0.9851381182670593
164,0.5419387221336365,0.45366841554641724,-0.009623563848435879,0.9998080134391785,0.532432496547699,0.4499606788158417,0.0005221122992224991,0.999711811542511,0.5311912894248962,0.4500412046909332,0.0005395753541961312,0.9996247291564941,0.5298618078231812,0.4502202272415161,0.0005610858206637204,0.9996876120567322,0.5324210524559021,0.45029792189598083,-0.03725437447428703,0.9997478723526001,0.5312662124633789,0.45058202743530273,-0.03734321519732475,0.9997170567512512,0.5300537943840027,0.4509238004684448,-0.03732723370194435,0.9997455477714539,0.5178858637809753,0.45598217844963074,0.06704577803611755,0.9992538094520569,0.5200396180152893,0.4562664031982422,-0.10179675370454788,0.9994791746139526,0.5417512059211731,0.45988598465919495,0.019895106554031372,0.9995288848876953,0.5417125225067139,0.4598150849342346,-0.029003318399190903,0.9994930624961853,0.5131111741065979,0.48760443925857544,0.19516094028949738,0.9994571208953857,0.5220549702644348,0.4833771586418152,-0.21731287240982056,0.9995447993278503,0.5449737906455994,0.5013861060142517,0.449267715215683,0.12723134458065033,0.5463719964027405,0.4853534698486328,-0.4089794158935547,0.9564104080200195,0.5554215312004089,0.49675989151000977,0.6811916828155518,0.15966933965682983,0.5467649698257446,0.46240267157554626,-0.48166516423225403,0.8464600443840027,0.5563217997550964,0.4967583417892456,0.7273346185684204,0.16542983055114746,0.5408352017402649,0.4570762515068054,-0.5179816484451294,0.8085078001022339,0.5573462247848511,0.49630793929100037,0.7028663754463196,0.16844871640205383,0.5401602983474731,0.457600861787796,-0.509186327457428,0.7995052337646484,0.5580146908760071,0.4966007173061371,0.6763678789138794,0.18018953502178192,0.5406743884086609,0.46114856004714966,-0.4808264970779419,0.7546486258506775,0.5277220606803894,0.5796435475349426,0.12037873268127441,0.9998790621757507,0.5229223966598511,0.5765883326530457,-0.12032897025346756,0.9998511672019958,0.5206829309463501,0.6353244781494141,0.1809222549200058,0.8619905114173889,0.5062193274497986,0.6376071572303772,-0.10128803551197052,0.9828048944473267,0.4968583881855011,0.6964045166969299,0.24175836145877838,0.9659469127655029,0.45444580912590027,0.6959478259086609,-0.06437843292951584,0.9905316829681396,0.484176367521286,0.7041274905204773,0.2432149201631546,0.9301571249961853,0.44152238965034485,0.7007907629013062,-0.061560094356536865,0.9484474062919617,0.5208153128623962,0.7137073874473572,0.17482343316078186,0.9658722281455994,0.434696763753891,0.7200034856796265,-0.14370271563529968,0.9860053658485413
165,0.537743330001831,0.4537722170352936,0.0003693891048897058,0.9998115301132202,0.5268386006355286,0.45026829838752747,0.01164578553289175,0.99972003698349,0.5257555246353149,0.4503149390220642,0.011645006947219372,0.9996347427368164,0.5247447490692139,0.4504289925098419,0.011651398614048958,0.9996952414512634,0.526684582233429,0.4507010281085968,-0.023608628660440445,0.999762237071991,0.5255546569824219,0.4510212242603302,-0.02370433136820793,0.9997365474700928,0.5245084762573242,0.45136356353759766,-0.02369365468621254,0.9997603297233582,0.5146560072898865,0.4555380940437317,0.08082599937915802,0.999302089214325,0.5156451463699341,0.4562334418296814,-0.07544127106666565,0.9995180368423462,0.5374583005905151,0.45946821570396423,0.030829783529043198,0.9995462894439697,0.5348408818244934,0.459621399641037,-0.01442464254796505,0.9995102286338806,0.5174674987792969,0.48572656512260437,0.2027117908000946,0.9994862675666809,0.5129226446151733,0.4830557405948639,-0.19461582601070404,0.9995753169059753,0.5459924340248108,0.5008591413497925,0.41848137974739075,0.11835150420665741,0.5440869331359863,0.48035332560539246,-0.3594754636287689,0.959689199924469,0.5595423579216003,0.5049041509628296,0.6090688109397888,0.15209424495697021,0.5415488481521606,0.4644576907157898,-0.39213109016418457,0.8552752733230591,0.563370943069458,0.5071372389793396,0.6502888798713684,0.1583438664674759,0.5405244827270508,0.4592704474925995,-0.42221304774284363,0.8178825378417969,0.563568651676178,0.506923496723175,0.6232398152351379,0.16134676337242126,0.5397778153419495,0.45993849635124207,-0.41321390867233276,0.8091051578521729,0.5626456141471863,0.5064157843589783,0.6019837260246277,0.1735983043909073,0.5389021039009094,0.46068593859672546,-0.3898356556892395,0.7658547759056091,0.5379098653793335,0.5717716813087463,0.11239375174045563,0.999889612197876,0.5218069553375244,0.5733174085617065,-0.1123213842511177,0.999863862991333,0.5341206192970276,0.6352814435958862,0.10445187240839005,0.8579692244529724,0.49405884742736816,0.6367664337158203,-0.1291009485721588,0.9825267195701599,0.5399180054664612,0.6962541341781616,0.13135649263858795,0.9650476574897766,0.4133669435977936,0.6901177167892456,-0.11963973194360733,0.990871250629425,0.5221672654151917,0.7037463784217834,0.12945173680782318,0.9309092164039612,0.40032288432121277,0.6930291056632996,-0.12035738676786423,0.9510577321052551,0.5587771534919739,0.714513897895813,0.048906296491622925,0.9659441113471985,0.4200029969215393,0.7170442342758179,-0.2124025672674179,0.9866956472396851
166,0.5369106531143188,0.4546211063861847,-0.009730939753353596,0.9998039603233337,0.5266838669776917,0.45196548104286194,-0.0011231637327000499,0.9997135400772095,0.5257498025894165,0.45214876532554626,-0.001146630384027958,0.9996286630630493,0.5249102115631104,0.4523787200450897,-0.0011874566553160548,0.9996912479400635,0.5262007117271423,0.45226767659187317,-0.03807825967669487,0.9997640252113342,0.5249822735786438,0.45262157917022705,-0.03818012401461601,0.9997450709342957,0.5227907299995422,0.45305025577545166,-0.0381801500916481,0.9997617602348328,0.5123422741889954,0.4580354690551758,0.06020010635256767,0.9993339776992798,0.5126157999038696,0.4584871530532837,-0.10456590354442596,0.9995410442352295,0.5349730849266052,0.45996561646461487,0.01811247318983078,0.999548077583313,0.5346035957336426,0.4603227972984314,-0.02953525260090828,0.9995003342628479,0.5183408856391907,0.4878012537956238,0.19162890315055847,0.9994935393333435,0.5131444931030273,0.48509448766708374,-0.22187545895576477,0.9995844960212708,0.5534541606903076,0.5118891596794128,0.3877427279949188,0.10945569723844528,0.5429100394248962,0.4813533127307892,-0.3549518585205078,0.9614434242248535,0.5757095217704773,0.5252176523208618,0.520522952079773,0.14307764172554016,0.5398582816123962,0.4618588089942932,-0.35845375061035156,0.8583145141601562,0.5817038416862488,0.530105471611023,0.5561456680297852,0.15057332813739777,0.5380581617355347,0.45736509561538696,-0.38840267062187195,0.8220080137252808,0.581142008304596,0.5293930768966675,0.5229672789573669,0.15385299921035767,0.5331858992576599,0.45729103684425354,-0.3788561224937439,0.8134301900863647,0.5790814161300659,0.5277250409126282,0.5090050101280212,0.1661931276321411,0.5329549312591553,0.46051326394081116,-0.35501137375831604,0.770842432975769,0.538642168045044,0.5790220499038696,0.11763648688793182,0.9998977780342102,0.5206656455993652,0.5785664916038513,-0.11752811074256897,0.9998729825019836,0.5430077314376831,0.6395807862281799,0.15238462388515472,0.8492667078971863,0.4932090938091278,0.640413224697113,-0.0791659727692604,0.9819584488868713,0.5363683700561523,0.6991422176361084,0.1932770162820816,0.9633878469467163,0.4150032699108124,0.6916313171386719,-0.0303877592086792,0.9909664392471313,0.5262442231178284,0.7053272128105164,0.1930791139602661,0.9303255677223206,0.3988182544708252,0.6955587267875671,-0.027058683335781097,0.9531217217445374,0.5549672842025757,0.71596360206604,0.11879047751426697,0.9648483395576477,0.42181065678596497,0.7181255221366882,-0.10480979830026627,0.9869574904441833
167,0.5378164649009705,0.4528080224990845,-0.007585338316857815,0.9998063445091248,0.5278680920600891,0.44936367869377136,0.0004563059192150831,0.9997237324714661,0.52666175365448,0.44964414834976196,0.0004596082726493478,0.9996407628059387,0.5254597067832947,0.4500346779823303,0.0004714003880508244,0.9997014403343201,0.5280658602714539,0.44956836104393005,-0.03767172247171402,0.9997778534889221,0.5270434617996216,0.4499586522579193,-0.037776730954647064,0.9997625946998596,0.526007354259491,0.450421005487442,-0.0377749465405941,0.9997762441635132,0.5138839483261108,0.4566894769668579,0.062103427946567535,0.9993797540664673,0.5158122181892395,0.4567492604255676,-0.10765694081783295,0.9995750784873962,0.5376009941101074,0.45898494124412537,0.020447082817554474,0.999558687210083,0.538002610206604,0.45887768268585205,-0.02886897139251232,0.9995097517967224,0.5093526840209961,0.48800012469291687,0.19274857640266418,0.9994697570800781,0.5120606422424316,0.4840313792228699,-0.2204604297876358,0.9995895624160767,0.533657968044281,0.49811166524887085,0.4379478991031647,0.10057609528303146,0.5496476888656616,0.47824662923812866,-0.3533039093017578,0.9624860882759094,0.5324069261550903,0.49037542939186096,0.6659561991691589,0.13220888376235962,0.5375560522079468,0.4610997140407562,-0.35167911648750305,0.8556992411613464,0.5300241708755493,0.4895797669887543,0.7140694260597229,0.13965030014514923,0.5321232676506042,0.45274561643600464,-0.37628626823425293,0.8198522925376892,0.5319098830223083,0.4893335700035095,0.6916241645812988,0.1426740437746048,0.5261734127998352,0.4538305401802063,-0.3703514039516449,0.8112518191337585,0.5336634516716003,0.48968082666397095,0.6614561676979065,0.15461917221546173,0.5274511575698853,0.45636940002441406,-0.3496807813644409,0.7689627408981323,0.5313459634780884,0.5759669542312622,0.12087372690439224,0.9999037981033325,0.5176414847373962,0.576885998249054,-0.12080195546150208,0.9998807311058044,0.5361689925193787,0.6357850432395935,0.17071598768234253,0.8369344472885132,0.49342256784439087,0.6394456028938293,-0.08809007704257965,0.9813053011894226,0.5419456958770752,0.6952250599861145,0.2082967758178711,0.9610775709152222,0.4129737913608551,0.6909872889518738,-0.04940586909651756,0.9910913109779358,0.5304089784622192,0.7019451856613159,0.20768697559833527,0.9299011826515198,0.3969414532184601,0.6926756501197815,-0.04643202945590019,0.9552857875823975,0.568412184715271,0.7152239084243774,0.13786175847053528,0.9636523127555847,0.4201478362083435,0.7171340584754944,-0.12031714618206024,0.9872546792030334
168,0.5354378819465637,0.452793151140213,-0.005763097200542688,0.9998118877410889,0.525058925151825,0.44965633749961853,0.006263656076043844,0.9997326731681824,0.5238969922065735,0.4499771296977997,0.006268673110753298,0.9996543526649475,0.5227333903312683,0.4503409266471863,0.006250678561627865,0.9997131824493408,0.5249250531196594,0.4497320353984833,-0.029837749898433685,0.9997876286506653,0.5237272381782532,0.4500802159309387,-0.029908636584877968,0.9997767210006714,0.522534191608429,0.45044195652008057,-0.02987680770456791,0.9997862577438354,0.5119323134422302,0.4561949074268341,0.07506483793258667,0.9994201064109802,0.5124608874320984,0.4559100270271301,-0.08597627282142639,0.9996040463447571,0.5354095697402954,0.45939090847969055,0.02394767291843891,0.9995699524879456,0.5325684547424316,0.4588259756565094,-0.02249523252248764,0.9995185732841492,0.515993595123291,0.4908767640590668,0.20189136266708374,0.9994946718215942,0.5145544409751892,0.4826478660106659,-0.20234523713588715,0.9996123909950256,0.5523828268051147,0.5163525342941284,0.37561336159706116,0.09644422680139542,0.5428822636604309,0.4744212031364441,-0.3375873267650604,0.9647787809371948,0.5701200366020203,0.535709023475647,0.4764503836631775,0.13326746225357056,0.5355517268180847,0.4599211812019348,-0.3432196378707886,0.8630834817886353,0.5803664922714233,0.5403300523757935,0.506136953830719,0.14272591471672058,0.5325531959533691,0.4559415876865387,-0.3736764192581177,0.8281780481338501,0.5763455629348755,0.5382813215255737,0.47305652499198914,0.146422877907753,0.5291528701782227,0.45566225051879883,-0.3628029525279999,0.819920003414154,0.5736879110336304,0.5351730585098267,0.4640287160873413,0.15885181725025177,0.5287569165229797,0.4589938223361969,-0.3397369682788849,0.7795591354370117,0.5380154252052307,0.5763526558876038,0.11744466423988342,0.9999119639396667,0.5219892263412476,0.5758611559867859,-0.11737067252397537,0.9998905658721924,0.5335886478424072,0.6367993950843811,0.1315271407365799,0.8294671773910522,0.5078005790710449,0.6381202936172485,-0.11394735425710678,0.9810852408409119,0.5321497917175293,0.697313666343689,0.16180482506752014,0.9591052532196045,0.4186837375164032,0.6911269426345825,-0.09834323078393936,0.991413414478302,0.4990628957748413,0.7065098881721497,0.16024576127529144,0.9297449588775635,0.4069437086582184,0.6941184997558594,-0.09928710013628006,0.9576097726821899,0.5513554215431213,0.7137671709060669,0.09031578153371811,0.9625665545463562,0.422037810087204,0.719558596611023,-0.18281936645507812,0.987759530544281
169,0.5382086038589478,0.45401227474212646,-0.003411718178540468,0.9998176097869873,0.5281139016151428,0.45076730847358704,0.005807327106595039,0.9997435212135315,0.5267590284347534,0.4510233700275421,0.005795355886220932,0.9996700286865234,0.5254145264625549,0.4514126479625702,0.005773124285042286,0.9997266530990601,0.5282589793205261,0.4506882131099701,-0.031447481364011765,0.9997982382774353,0.5270938873291016,0.4509366750717163,-0.03151951730251312,0.9997905492782593,0.5259469151496887,0.45123499631881714,-0.03149116784334183,0.9997966885566711,0.5142082571983337,0.4569973647594452,0.06888710707426071,0.9994611740112305,0.5162558555603027,0.45638561248779297,-0.09747747331857681,0.9996309280395508,0.5381776690483093,0.4603648781776428,0.024721717461943626,0.9995808005332947,0.5383904576301575,0.45994189381599426,-0.023388832807540894,0.9995255470275879,0.5112199187278748,0.48948410153388977,0.20015184581279755,0.9995043277740479,0.5129145383834839,0.4828875958919525,-0.21098028123378754,0.9996177554130554,0.5480130314826965,0.512072741985321,0.391955703496933,0.09064528346061707,0.5438188314437866,0.4800434708595276,-0.32886385917663574,0.965705931186676,0.5653008222579956,0.5263388752937317,0.5224868655204773,0.12840235233306885,0.5369776487350464,0.4606965482234955,-0.31429946422576904,0.8648290634155273,0.5739617943763733,0.526607871055603,0.5591185092926025,0.1390882432460785,0.5369211435317993,0.45846307277679443,-0.3387710154056549,0.8311246633529663,0.5724616050720215,0.5255482196807861,0.528715193271637,0.14299246668815613,0.5347872972488403,0.457302063703537,-0.3300285339355469,0.8231143951416016,0.5665543079376221,0.5255146622657776,0.5121906399726868,0.15558631718158722,0.5342379808425903,0.46065792441368103,-0.31048256158828735,0.7834864258766174,0.5354695320129395,0.5778567790985107,0.11875012516975403,0.9999191164970398,0.5219624042510986,0.5782646536827087,-0.11870141327381134,0.9998988509178162,0.5396131277084351,0.6369017958641052,0.14381633698940277,0.8220097422599792,0.49998462200164795,0.6385347247123718,-0.11091900616884232,0.9809073209762573,0.538159191608429,0.6973650455474854,0.1676332801580429,0.9578922390937805,0.43266618251800537,0.6948364973068237,-0.09115724265575409,0.9917203187942505,0.5034686923027039,0.7070028185844421,0.16582408547401428,0.9298902153968811,0.397476464509964,0.6926525831222534,-0.09079191833734512,0.9599035382270813,0.5608094334602356,0.7164594531059265,0.0992983803153038,0.9618562459945679,0.4205428957939148,0.7182784676551819,-0.16610947251319885,0.9882029294967651
170,0.5327300429344177,0.4548507034778595,0.013149084523320198,0.9998191595077515,0.5241106152534485,0.4518265426158905,0.020948756486177444,0.9997475147247314,0.5219895243644714,0.4520382583141327,0.02095167152583599,0.9996766448020935,0.5207467675209045,0.45236170291900635,0.020939486101269722,0.9997326135635376,0.5244728922843933,0.4515274465084076,-0.014658082276582718,0.9998041987419128,0.5235271453857422,0.4517226219177246,-0.014741599559783936,0.9998002648353577,0.5217285752296448,0.45194318890571594,-0.014702246524393559,0.9998024106025696,0.5104851126670837,0.4569969177246094,0.0756225734949112,0.9994925260543823,0.5139559507369995,0.45619499683380127,-0.08347851783037186,0.9996525049209595,0.532593309879303,0.46111711859703064,0.037610746920108795,0.9995964765548706,0.5329477190971375,0.4607141613960266,-0.008288991637527943,0.9995386600494385,0.5129877328872681,0.4883047938346863,0.19599057734012604,0.9995278716087341,0.5169073343276978,0.4785970449447632,-0.20511876046657562,0.9996342658996582,0.5503615736961365,0.5103427767753601,0.3892287313938141,0.08581329882144928,0.5327455997467041,0.48101896047592163,-0.38402894139289856,0.9678305983543396,0.5768347978591919,0.5252317786216736,0.5347817540168762,0.1257847100496292,0.5317826271057129,0.4640914797782898,-0.44542890787124634,0.8719260692596436,0.5843362808227539,0.5308046936988831,0.5714490413665771,0.13809745013713837,0.5285034775733948,0.457823246717453,-0.47856688499450684,0.8393010497093201,0.5829638838768005,0.5297873020172119,0.540738046169281,0.1424112319946289,0.5293920636177063,0.4589558243751526,-0.4685203731060028,0.8316041231155396,0.5805520415306091,0.5279940366744995,0.5247649550437927,0.155024915933609,0.5293012857437134,0.4599829912185669,-0.443502277135849,0.7932794690132141,0.538237988948822,0.5754929184913635,0.1117481142282486,0.9999257326126099,0.5222716927528381,0.5752928853034973,-0.11169329285621643,0.9999063611030579,0.5404272675514221,0.635901153087616,0.12102144211530685,0.8218032121658325,0.49381494522094727,0.6377716660499573,-0.11419926583766937,0.9812347888946533,0.5414766073226929,0.696372926235199,0.14284448325634003,0.9585052728652954,0.413265585899353,0.6909762024879456,-0.09351066499948502,0.9920826554298401,0.5238046050071716,0.7037849426269531,0.14006370306015015,0.9314926862716675,0.3999636471271515,0.6935924887657166,-0.09355991333723068,0.962181806564331,0.5566383004188538,0.716315507888794,0.06059419736266136,0.9623113870620728,0.4189741313457489,0.7185271382331848,-0.1795654445886612,0.9887040257453918
171,0.5328880548477173,0.4546414017677307,0.011646892875432968,0.9998169541358948,0.5242732763290405,0.4516359567642212,0.019041890278458595,0.9997476935386658,0.5220855474472046,0.4517820477485657,0.01902955397963524,0.999679684638977,0.5209034085273743,0.4520336389541626,0.019001785665750504,0.9997363686561584,0.5243319272994995,0.45181769132614136,-0.01583969220519066,0.9998069405555725,0.5231568813323975,0.4520423114299774,-0.015919655561447144,0.9998064637184143,0.5210520029067993,0.45232489705085754,-0.01590319722890854,0.9998052716255188,0.5099908113479614,0.45661571621894836,0.07335687428712845,0.9995182156562805,0.5106359124183655,0.45634129643440247,-0.081957146525383,0.9996688961982727,0.5330032110214233,0.4605468213558197,0.03638844192028046,0.9995983242988586,0.5329539179801941,0.4604479968547821,-0.00855084229260683,0.9995351433753967,0.5149229168891907,0.488224595785141,0.19651050865650177,0.999523401260376,0.5154390335083008,0.480563223361969,-0.19636787474155426,0.999639630317688,0.5470877885818481,0.5102707743644714,0.3681248724460602,0.08114991337060928,0.5415038466453552,0.4782537817955017,-0.30529507994651794,0.9687629342079163,0.5632530450820923,0.524669349193573,0.4851406514644623,0.12094341963529587,0.5466212630271912,0.4684333801269531,-0.2887083888053894,0.8730036616325378,0.5774590969085693,0.5273210406303406,0.5205738544464111,0.1343235969543457,0.5398155450820923,0.46261441707611084,-0.3122589588165283,0.8408783674240112,0.5739649534225464,0.5297805070877075,0.48839977383613586,0.13878914713859558,0.5395610332489014,0.4634725749492645,-0.302847683429718,0.8332523703575134,0.567544162273407,0.5295292735099792,0.47404149174690247,0.15139040350914001,0.5385621190071106,0.46408647298812866,-0.28452008962631226,0.7956809997558594,0.5338321924209595,0.5748946666717529,0.11273620277643204,0.9999296069145203,0.5218803286552429,0.5748575329780579,-0.11267649382352829,0.9999108910560608,0.5374742746353149,0.6356782913208008,0.12466326355934143,0.8150529265403748,0.5004752278327942,0.6379368305206299,-0.12133205682039261,0.9814830422401428,0.5355284810066223,0.6962395906448364,0.1390409618616104,0.9571117162704468,0.4172441363334656,0.6911747455596924,-0.10973060131072998,0.9923417568206787,0.4969010651111603,0.7058489918708801,0.1363823413848877,0.9309395551681519,0.406238853931427,0.6944333910942078,-0.10985220223665237,0.9641760587692261,0.5302779078483582,0.7161887288093567,0.06619448959827423,0.9610786437988281,0.42223477363586426,0.7197132110595703,-0.18735496699810028,0.9890091419219971
172,0.5367326140403748,0.45541393756866455,0.07439322024583817,0.9998270869255066,0.5266645550727844,0.4514356851577759,0.07466080039739609,0.9997641444206238,0.5254212021827698,0.45142075419425964,0.07465441524982452,0.9997014999389648,0.5238221287727356,0.45148757100105286,0.0746564045548439,0.9997546076774597,0.5268312096595764,0.4517268240451813,0.04128026217222214,0.999819815158844,0.5258298516273499,0.45188838243484497,0.041182029992341995,0.9998199343681335,0.5248565077781677,0.45208442211151123,0.041195083409547806,0.9998180866241455,0.5127851366996765,0.45597249269485474,0.10171916335821152,0.999557614326477,0.5164339542388916,0.4559740126132965,-0.04616774991154671,0.999695360660553,0.5360336899757385,0.46074026823043823,0.09085135161876678,0.9996204376220703,0.5373864769935608,0.4606860876083374,0.047905083745718,0.9995594620704651,0.5020274519920349,0.48693981766700745,0.2128332108259201,0.9995406270027161,0.52622389793396,0.47879359126091003,-0.16433456540107727,0.9996585845947266,0.5273356437683105,0.5128452181816101,0.378829687833786,0.07535754889249802,0.5511695742607117,0.4781230688095093,-0.23328723013401031,0.9680110216140747,0.5536173582077026,0.5207201838493347,0.5000007748603821,0.11287017911672592,0.5455605387687683,0.4685709774494171,-0.16711494326591492,0.8672702312469482,0.5601285099983215,0.5240828394889832,0.5405735373497009,0.1265329271554947,0.5428434610366821,0.46507999300956726,-0.17937740683555603,0.8357944488525391,0.5615952610969543,0.5234984755516052,0.5105051398277283,0.130840003490448,0.5394981503486633,0.4659167528152466,-0.17132273316383362,0.8279198408126831,0.5597643852233887,0.5223929286003113,0.490511417388916,0.14321543276309967,0.5390320420265198,0.4686078131198883,-0.1615854650735855,0.7902655601501465,0.5291122198104858,0.572152853012085,0.10742221772670746,0.9999333620071411,0.5223162174224854,0.5729444026947021,-0.10740793496370316,0.9999158382415771,0.5307937860488892,0.6337989568710327,0.12163441628217697,0.8047124147415161,0.5094838738441467,0.6362869143486023,-0.12616564333438873,0.9809250831604004,0.49483370780944824,0.6990442872047424,0.10421962291002274,0.9557294845581055,0.4271965026855469,0.6890105605125427,-0.1333019733428955,0.992308497428894,0.48185813426971436,0.7073395848274231,0.09927649796009064,0.9298309087753296,0.41875818371772766,0.6942731142044067,-0.13427779078483582,0.9652890563011169,0.51310795545578,0.7162211537361145,0.03538084030151367,0.9592841863632202,0.43219488859176636,0.7193339467048645,-0.20270010828971863,0.9888036847114563
173,0.5347670912742615,0.45237237215042114,0.038773708045482635,0.9998293519020081,0.5250254273414612,0.4490341246128082,0.04394366964697838,0.9997683763504028,0.5239118933677673,0.449251651763916,0.043945103883743286,0.9997079372406006,0.5228152275085449,0.449580579996109,0.04392363503575325,0.9997592568397522,0.5252106189727783,0.4492875039577484,0.011613736860454082,0.9998248815536499,0.5242652297019958,0.4496288001537323,0.011496756225824356,0.9998269081115723,0.5233166217803955,0.45003145933151245,0.011493821628391743,0.999822735786438,0.5122846364974976,0.4549545645713806,0.08788534998893738,0.9995790123939514,0.513182520866394,0.4556821286678314,-0.05557575076818466,0.9997129440307617,0.5354443788528442,0.4584013819694519,0.059938106685876846,0.9996317625045776,0.5355411171913147,0.4583621621131897,0.0185330081731081,0.99957275390625,0.5170134902000427,0.4846353232860565,0.20036563277244568,0.9995623826980591,0.5187738537788391,0.4741891324520111,-0.18095636367797852,0.9996799230575562,0.5320440530776978,0.5137937068939209,0.37020599842071533,0.06981004029512405,0.5304643511772156,0.48440325260162354,-0.3431152403354645,0.9687913656234741,0.5614155530929565,0.5281915068626404,0.5036566853523254,0.10687698423862457,0.5425196886062622,0.4724734127521515,-0.38629046082496643,0.869459867477417,0.5699059963226318,0.5338224172592163,0.5400832295417786,0.12168809771537781,0.5441473722457886,0.4703611433506012,-0.41552820801734924,0.838322103023529,0.5720024704933167,0.5326858162879944,0.5072165131568909,0.12613146007061005,0.5434524416923523,0.4701313078403473,-0.4016924500465393,0.8302634358406067,0.5687861442565918,0.5330988168716431,0.49270522594451904,0.13812053203582764,0.5419654846191406,0.4705568850040436,-0.38184022903442383,0.7921524047851562,0.536528468132019,0.5736707448959351,0.10782434046268463,0.999938428401947,0.51878422498703,0.5755983591079712,-0.10780378431081772,0.9999216794967651,0.5463851094245911,0.6388288736343384,0.11086402833461761,0.807532012462616,0.49481064081192017,0.6429626941680908,-0.1121143102645874,0.9811566472053528,0.5471843481063843,0.6984030604362488,0.1190895065665245,0.9574223160743713,0.4131655991077423,0.6914156675338745,-0.09236118197441101,0.9924970269203186,0.5354830026626587,0.7055241465568542,0.1149066910147667,0.9316219091415405,0.39796778559684753,0.6949218511581421,-0.09273532032966614,0.9664098620414734,0.5674580931663513,0.7188760638237,0.030806947499513626,0.960381269454956,0.41940802335739136,0.7190374732017517,-0.18034864962100983,0.9890834093093872
174,0.5359172224998474,0.4514414370059967,0.023938797414302826,0.9998420476913452,0.5265746116638184,0.448063462972641,0.03228192403912544,0.999785304069519,0.5254690647125244,0.44835662841796875,0.03230913355946541,0.9997294545173645,0.5243151783943176,0.44877660274505615,0.03233494609594345,0.99977707862854,0.5267008543014526,0.44827499985694885,-0.003323711222037673,0.9998388886451721,0.5257519483566284,0.44865742325782776,-0.003415456274524331,0.9998415112495422,0.5247700214385986,0.4491187632083893,-0.0033771260641515255,0.9998370409011841,0.5130457282066345,0.4555801749229431,0.08483041822910309,0.9996136426925659,0.5155802965164185,0.45502132177352905,-0.07394757866859436,0.9997376799583435,0.537833034992218,0.45780128240585327,0.047389570623636246,0.9996583461761475,0.538049578666687,0.4578401744365692,0.0015341410180553794,0.9996046423912048,0.511203944683075,0.48743677139282227,0.20632457733154297,0.9995872974395752,0.5226549506187439,0.4793960154056549,-0.20066040754318237,0.9997052550315857,0.5411942005157471,0.5184390544891357,0.4008224606513977,0.06593015789985657,0.5426705479621887,0.4889032542705536,-0.3749706447124481,0.9706538319587708,0.5698533654212952,0.5294861793518066,0.5440620183944702,0.10538604855537415,0.5489940643310547,0.4734121859073639,-0.43942710757255554,0.8759939670562744,0.5792016386985779,0.5315167307853699,0.5808904767036438,0.12182087451219559,0.5529516935348511,0.470661997795105,-0.47310778498649597,0.8457643389701843,0.580292284488678,0.5299478769302368,0.5473894476890564,0.12645356357097626,0.5509514212608337,0.4696076810359955,-0.4606953561306,0.8378750681877136,0.5779458284378052,0.5287868976593018,0.5331040024757385,0.13806994259357452,0.5442910194396973,0.4703042805194855,-0.43616554141044617,0.8007674813270569,0.5304895043373108,0.5761473178863525,0.11914174258708954,0.9999433755874634,0.5201995968818665,0.5744372606277466,-0.11904752999544144,0.9999278783798218,0.5425891280174255,0.6369597911834717,0.13467669486999512,0.804680585861206,0.4966673254966736,0.6394506096839905,-0.1104884147644043,0.9812158346176147,0.5427432060241699,0.6968428492546082,0.14998650550842285,0.9577524065971375,0.41494083404541016,0.6914254426956177,-0.0952979251742363,0.9927346706390381,0.5282894372940063,0.7035441994667053,0.14650002121925354,0.9327277541160583,0.4000926613807678,0.6946166157722473,-0.09575337171554565,0.9677960872650146,0.5677023530006409,0.718981146812439,0.06976340711116791,0.9608581066131592,0.4173780381679535,0.7191547155380249,-0.17951160669326782,0.9894881844520569
175,0.5367361307144165,0.45325973629951477,0.059814564883708954,0.999848484992981,0.5277497172355652,0.44993817806243896,0.060302767902612686,0.9997965097427368,0.526502251625061,0.450173020362854,0.060268841683864594,0.9997445940971375,0.5250868201255798,0.4505562484264374,0.06023608148097992,0.9997900128364563,0.5280952453613281,0.4500509798526764,0.02538866363465786,0.9998477697372437,0.5271121263504028,0.4503265917301178,0.025284573435783386,0.9998509287834167,0.5260636210441589,0.4506964385509491,0.025302182883024216,0.9998456239700317,0.5110489726066589,0.4567469656467438,0.09141454100608826,0.9996434450149536,0.515601634979248,0.4562416672706604,-0.06438985466957092,0.9997565746307373,0.5375276803970337,0.4593560993671417,0.07763218134641647,0.9996663331985474,0.5378825068473816,0.45915764570236206,0.032420989125967026,0.9996132254600525,0.5021247863769531,0.4872452914714813,0.20636563003063202,0.9995888471603394,0.5235077738761902,0.4802459478378296,-0.17586961388587952,0.9997122287750244,0.5249357223510742,0.5105617046356201,0.380652517080307,0.06116730719804764,0.5516715049743652,0.47919008135795593,-0.22285869717597961,0.9675350189208984,0.5511611700057983,0.5201693773269653,0.5071835517883301,0.09779496490955353,0.5486426949501038,0.47126683592796326,-0.1315566599369049,0.8621963858604431,0.5575706362724304,0.5240637063980103,0.5484217405319214,0.11392171680927277,0.5517142415046692,0.4688474237918854,-0.14093704521656036,0.833870530128479,0.5593456029891968,0.5234439969062805,0.5174223780632019,0.11838845908641815,0.5495825409889221,0.4685231149196625,-0.132773295044899,0.8257272243499756,0.5577499270439148,0.522289514541626,0.4970446527004242,0.1295856535434723,0.54766446352005,0.4692108929157257,-0.12522031366825104,0.7871692180633545,0.5277047753334045,0.575487494468689,0.10991853475570679,0.9999451637268066,0.5191981792449951,0.5744154453277588,-0.10985949635505676,0.9999303817749023,0.5445118546485901,0.6377446055412292,0.1517753154039383,0.7964738607406616,0.5020657777786255,0.6424846053123474,-0.09782613068819046,0.9808140993118286,0.5467681884765625,0.6959792375564575,0.14444448053836823,0.9570273160934448,0.41432076692581177,0.6913240551948547,-0.08299608528614044,0.9925796985626221,0.5330731868743896,0.702832043170929,0.14064447581768036,0.9315693974494934,0.40003031492233276,0.6935691833496094,-0.08199311792850494,0.9684763550758362,0.5660828351974487,0.7166969180107117,0.07731913030147552,0.9594566822052002,0.416154682636261,0.7169674038887024,-0.14556799829006195,0.989135205745697
176,0.5334843397140503,0.4541144073009491,0.021575357764959335,0.9998546242713928,0.524726152420044,0.4510132670402527,0.025504786521196365,0.9998066425323486,0.5234308242797852,0.45125237107276917,0.025487765669822693,0.9997576475143433,0.5217239856719971,0.45162585377693176,0.02547641657292843,0.9998010396957397,0.5250278115272522,0.451119601726532,-0.011238489300012589,0.9998567700386047,0.5240300297737122,0.45138174295425415,-0.011326034553349018,0.9998604655265808,0.5230671763420105,0.4517277479171753,-0.011316957883536816,0.999854564666748,0.5099514722824097,0.4573131203651428,0.07112506777048111,0.9996696710586548,0.5135326385498047,0.4570317566394806,-0.09255896508693695,0.9997739195823669,0.5335661172866821,0.45981475710868835,0.04445279389619827,0.9996720552444458,0.533947765827179,0.45975345373153687,-0.0030562574975192547,0.9996207356452942,0.5016833543777466,0.488084614276886,0.2005079984664917,0.9995720386505127,0.5173310041427612,0.48055437207221985,-0.20544280111789703,0.9997057318687439,0.5289211869239807,0.505782961845398,0.40308481454849243,0.056780412793159485,0.5546941161155701,0.4769020080566406,-0.2600928246974945,0.9653418660163879,0.5494326949119568,0.5058926343917847,0.5675172209739685,0.09072767943143845,0.547429084777832,0.4690025746822357,-0.16536098718643188,0.8472396731376648,0.5536171793937683,0.506989061832428,0.6121829748153687,0.10620824247598648,0.5473721623420715,0.4629477262496948,-0.17411725223064423,0.8199061751365662,0.5556256771087646,0.5064924955368042,0.5840021371841431,0.11041759699583054,0.5463493466377258,0.46287819743156433,-0.1684650182723999,0.8115326166152954,0.554753303527832,0.5062173008918762,0.5589526891708374,0.12125368416309357,0.5459219217300415,0.46667855978012085,-0.1601114273071289,0.7722809910774231,0.5302851796150208,0.5756722688674927,0.11833585053682327,0.9999467730522156,0.5200530886650085,0.5770198702812195,-0.11827518045902252,0.9999322891235352,0.5429478287696838,0.6356556415557861,0.15699242055416107,0.7900856137275696,0.50149005651474,0.6381027102470398,-0.10342144221067429,0.980630099773407,0.5428267121315002,0.6957199573516846,0.16368013620376587,0.9564216136932373,0.41348809003829956,0.6904547214508057,-0.08653484284877777,0.9925851821899414,0.5287917256355286,0.7023075222969055,0.16098424792289734,0.9314013123512268,0.3967922329902649,0.6928371787071228,-0.0851927399635315,0.969261109828949,0.5637180805206299,0.716765284538269,0.0992865338921547,0.9588472247123718,0.41751575469970703,0.7178967595100403,-0.14918603003025055,0.9891110062599182
177,0.5357083082199097,0.4527490437030792,0.017099570482969284,0.999853789806366,0.5250173211097717,0.44926130771636963,0.023900195956230164,0.9998056292533875,0.5236093401908875,0.4495181143283844,0.023895733058452606,0.9997585415840149,0.522157609462738,0.44990774989128113,0.02388138696551323,0.9998019337654114,0.5251750946044922,0.44944363832473755,-0.012097676284611225,0.999858558177948,0.5239866375923157,0.44978389143943787,-0.012187746353447437,0.9998648166656494,0.5228034257888794,0.450194776058197,-0.012164008803665638,0.9998565912246704,0.509848952293396,0.45630162954330444,0.0769738107919693,0.9996816515922546,0.5125976204872131,0.4557644724845886,-0.0835619643330574,0.9997827410697937,0.5363247394561768,0.4591144025325775,0.04161129891872406,0.9996740221977234,0.5363112092018127,0.4588039219379425,-0.004763164557516575,0.9996196627616882,0.5113613605499268,0.4876211881637573,0.20304428040981293,0.9995778799057007,0.5148137807846069,0.4819105565547943,-0.20072771608829498,0.9997096061706543,0.5461074709892273,0.5089319944381714,0.3973785638809204,0.05398232117295265,0.5440055131912231,0.47987601161003113,-0.32470548152923584,0.9662966728210449,0.5734955668449402,0.5231297016143799,0.5363396406173706,0.08780793845653534,0.544488787651062,0.47111746668815613,-0.3252521753311157,0.8485442399978638,0.5809135437011719,0.5286123752593994,0.5747293829917908,0.10389753431081772,0.5465407967567444,0.46953466534614563,-0.34975406527519226,0.8214961290359497,0.5801036953926086,0.5279801487922668,0.5420452952384949,0.10818394273519516,0.5380170345306396,0.4695757329463959,-0.3426325023174286,0.8133558630943298,0.5778678059577942,0.5262357592582703,0.5255547761917114,0.11906979233026505,0.5371351838111877,0.4699569642543793,-0.32258498668670654,0.774605393409729,0.5362990498542786,0.5751051306724548,0.11677761375904083,0.9999500513076782,0.5207479000091553,0.574913740158081,-0.11673694103956223,0.9999359846115112,0.5396925806999207,0.636160135269165,0.13529227674007416,0.7859548926353455,0.4988485872745514,0.6379221081733704,-0.11468503624200821,0.9805863499641418,0.5407805442810059,0.6970031261444092,0.14775416254997253,0.9561330080032349,0.41404449939727783,0.6907742619514465,-0.10040491074323654,0.992803692817688,0.529335081577301,0.702222466468811,0.14429819583892822,0.9318565130233765,0.39785030484199524,0.6928642392158508,-0.10072466731071472,0.9705167412757874,0.5624263286590576,0.7183085083961487,0.06729666143655777,0.9590272903442383,0.4164363741874695,0.7181732654571533,-0.18139643967151642,0.9894931316375732
178,0.5355484485626221,0.45384275913238525,0.03520190715789795,0.9998481273651123,0.5259062051773071,0.4505928158760071,0.040482036769390106,0.99980229139328,0.5247147679328918,0.4508117139339447,0.04046465829014778,0.9997565746307373,0.5235170722007751,0.451093465089798,0.0404391847550869,0.9998012185096741,0.5259447693824768,0.4506889283657074,0.004146662075072527,0.9998577833175659,0.5248252749443054,0.4509338140487671,0.004060872830450535,0.9998665452003479,0.5237027406692505,0.45120134949684143,0.004078369587659836,0.9998569488525391,0.5122286677360535,0.4567185938358307,0.08844341337680817,0.9996911883354187,0.5141220092773438,0.45605313777923584,-0.07408884912729263,0.9997894763946533,0.5365159511566162,0.4598483741283417,0.05846729129552841,0.9996678233146667,0.5364503264427185,0.4595091640949249,0.011362004093825817,0.9996076226234436,0.5062801837921143,0.4896475076675415,0.20939306914806366,0.9995425939559937,0.5159991979598999,0.48077744245529175,-0.18439026176929474,0.9996893405914307,0.5471306443214417,0.5080662369728088,0.39431554079055786,0.05250456556677818,0.547461211681366,0.47923994064331055,-0.2713969349861145,0.9660941958427429,0.5598116517066956,0.5162875652313232,0.5174173712730408,0.0861521065235138,0.5423545837402344,0.4646991789340973,-0.22177629172801971,0.8457047939300537,0.5717733502388,0.5204029679298401,0.5558688640594482,0.10274899750947952,0.5399404764175415,0.4614749252796173,-0.23723700642585754,0.819296658039093,0.569542646408081,0.519652247428894,0.5269621014595032,0.10705569386482239,0.534737229347229,0.4626764953136444,-0.23216815292835236,0.811394214630127,0.568122923374176,0.5183440446853638,0.5081469416618347,0.11824706941843033,0.5360332131385803,0.4651765823364258,-0.2178625911474228,0.7734870910644531,0.5322195887565613,0.5757676362991333,0.11331667006015778,0.9999497532844543,0.5255175828933716,0.5734884142875671,-0.11335883289575577,0.9999356269836426,0.516299307346344,0.6340769529342651,0.13072092831134796,0.7762697339057922,0.5220122933387756,0.6446067690849304,-0.12199471145868301,0.9797391295433044,0.47725147008895874,0.6991051435470581,0.12969882786273956,0.9532724618911743,0.47139492630958557,0.6981886625289917,-0.12454630434513092,0.9928768873214722,0.4642027020454407,0.7073596715927124,0.12604235112667084,0.9308698177337646,0.45790836215019226,0.7031721472740173,-0.1255662590265274,0.9714458584785461,0.49460941553115845,0.7161628007888794,0.06212753802537918,0.9572888612747192,0.48309680819511414,0.7198125720024109,-0.20011278986930847,0.9895782470703125
179,0.5338594317436218,0.4523068368434906,0.03894882649183273,0.9998528361320496,0.5241410136222839,0.4491446614265442,0.04260808974504471,0.9998113512992859,0.5229420065879822,0.44943490624427795,0.04259807616472244,0.9997689127922058,0.5217105150222778,0.4498451054096222,0.042587343603372574,0.999811589717865,0.5242417454719543,0.44929638504981995,0.0073636481538414955,0.9998646974563599,0.5231902003288269,0.44964122772216797,0.007282907608896494,0.9998737573623657,0.5221482515335083,0.4500543177127838,0.007295203860849142,0.9998641014099121,0.5099426507949829,0.4563361704349518,0.0849461778998375,0.9997119307518005,0.5127274394035339,0.4558458626270294,-0.07185742259025574,0.9998027086257935,0.5346550345420837,0.4585202634334564,0.06085549667477608,0.9996721744537354,0.5349767208099365,0.45836108922958374,0.015290179289877415,0.9996092319488525,0.5054710507392883,0.4892432391643524,0.20668558776378632,0.9994932413101196,0.5213552117347717,0.480528861284256,-0.17933355271816254,0.9996650218963623,0.5401048064231873,0.5063232779502869,0.4007529616355896,0.04990794509649277,0.555286169052124,0.4768190383911133,-0.23022252321243286,0.9639590978622437,0.561265766620636,0.512884259223938,0.538785457611084,0.08190852403640747,0.5497875213623047,0.4695393443107605,-0.14578518271446228,0.8352386355400085,0.566239058971405,0.5163503289222717,0.5804098844528198,0.09842895716428757,0.5478739142417908,0.46482494473457336,-0.155512273311615,0.810389518737793,0.5647162795066833,0.5160295963287354,0.5507453083992004,0.10262729972600937,0.543957531452179,0.4662286937236786,-0.15282569825649261,0.8026514649391174,0.5636752843856812,0.5150010585784912,0.5299669504165649,0.11392408609390259,0.5442739129066467,0.46863803267478943,-0.14181587100028992,0.7654368877410889,0.530299723148346,0.5762360692024231,0.11148059368133545,0.99994957447052,0.5270960330963135,0.5739574432373047,-0.11150901019573212,0.9999363422393799,0.5056344866752625,0.6387474536895752,0.14425815641880035,0.7585923075675964,0.5296424031257629,0.6372512578964233,-0.11609402298927307,0.9785037636756897,0.4271324574947357,0.6876754760742188,0.13134616613388062,0.9482306838035583,0.4901019036769867,0.6987107992172241,-0.1276526004076004,0.9927247762680054,0.4417145252227783,0.7054221034049988,0.12723878026008606,0.9279170036315918,0.47568240761756897,0.7040666341781616,-0.12820962071418762,0.9720298647880554,0.4674665033817291,0.712820827960968,0.07379776984453201,0.9535951018333435,0.5069208741188049,0.7200868129730225,-0.18994541466236115,0.9892700910568237
180,0.5315052270889282,0.45364055037498474,0.065586157143116,0.9998582601547241,0.5223012566566467,0.450581431388855,0.06613833457231522,0.9998219609260559,0.5199301242828369,0.4509373605251312,0.06612665951251984,0.9997817873954773,0.5185357928276062,0.4513664245605469,0.06614211201667786,0.9998221397399902,0.5228573679924011,0.45057258009910583,0.03305141627788544,0.9998729825019836,0.5218561887741089,0.4508076012134552,0.032952696084976196,0.9998815655708313,0.5209124684333801,0.4511062204837799,0.03295213729143143,0.9998725652694702,0.5072245001792908,0.45689061284065247,0.09692777693271637,0.9997327327728271,0.5114939212799072,0.45586293935775757,-0.04902787506580353,0.9998170137405396,0.53146892786026,0.4592115581035614,0.08413349092006683,0.9996793866157532,0.5321102738380432,0.459043949842453,0.041513510048389435,0.999619722366333,0.5015488266944885,0.4877416789531708,0.21003127098083496,0.9994817972183228,0.520235538482666,0.47938016057014465,-0.159225732088089,0.9996695518493652,0.5189389586448669,0.5006077289581299,0.42289113998413086,0.04668353870511055,0.5607731938362122,0.4761446416378021,-0.17780765891075134,0.9605388641357422,0.5289149284362793,0.4959975481033325,0.6107949018478394,0.07618635147809982,0.5509322285652161,0.47043389081954956,-0.053129442036151886,0.8193899989128113,0.5299642086029053,0.4963781237602234,0.6583108305931091,0.09197357296943665,0.5450602173805237,0.4639873206615448,-0.05512336641550064,0.7958637475967407,0.5312979817390442,0.4960346221923828,0.6325436234474182,0.09586977958679199,0.5456503033638,0.4685872495174408,-0.054233368486166,0.7877339720726013,0.5318122506141663,0.49607527256011963,0.6049909591674805,0.10688219219446182,0.5444170236587524,0.46882838010787964,-0.04843757674098015,0.7505032420158386,0.5186212062835693,0.5763871073722839,0.10535097867250443,0.9999493956565857,0.5215544700622559,0.5728371143341064,-0.10538829863071442,0.9999374151229858,0.5261051654815674,0.6343669295310974,0.1466040462255478,0.7446721792221069,0.5170943140983582,0.6359266638755798,-0.09461992233991623,0.9767857193946838,0.4811231195926666,0.6954838633537292,0.13605576753616333,0.943719744682312,0.47074639797210693,0.695834755897522,-0.10659132152795792,0.9920747876167297,0.46806323528289795,0.7043494582176208,0.13297058641910553,0.9240701794624329,0.45577266812324524,0.7021715044975281,-0.10652747750282288,0.9711796045303345,0.4991527497768402,0.7115243077278137,0.08382648974657059,0.9493880867958069,0.48649862408638,0.716300368309021,-0.16214163601398468,0.9882254004478455
181,0.5365363955497742,0.4533703923225403,0.04394917190074921,0.9998648166656494,0.5268332362174988,0.4496714174747467,0.04607545956969261,0.9998319149017334,0.5255935788154602,0.4499606192111969,0.04605365917086601,0.9997935891151428,0.5243504643440247,0.4503689706325531,0.046048544347286224,0.9998315572738647,0.5269814133644104,0.44976842403411865,0.009733962826430798,0.9998812675476074,0.5259317755699158,0.4500769078731537,0.009623645804822445,0.9998896718025208,0.5249061584472656,0.45045122504234314,0.009625883772969246,0.9998809695243835,0.5124557018280029,0.4565218389034271,0.08302389085292816,0.9997522830963135,0.5151123404502869,0.4560418128967285,-0.07889707386493683,0.9998312592506409,0.5371018648147583,0.4594823122024536,0.06386423856019974,0.9996927976608276,0.5374390482902527,0.4592919647693634,0.01678934320807457,0.9996389746665955,0.5043243765830994,0.4886600375175476,0.20267494022846222,0.9994843006134033,0.5219634175300598,0.4817357659339905,-0.19388820230960846,0.9996790289878845,0.5249350666999817,0.5050127506256104,0.41356638073921204,0.04346901923418045,0.5567163825035095,0.47980165481567383,-0.26036354899406433,0.9590570330619812,0.5371800065040588,0.49732229113578796,0.595995306968689,0.07102784514427185,0.55121248960495,0.46878108382225037,-0.17678864300251007,0.809605062007904,0.5384194254875183,0.4966120719909668,0.6416789293289185,0.08623187988996506,0.5543313026428223,0.4641319513320923,-0.18562239408493042,0.7870290279388428,0.5412338376045227,0.4957357347011566,0.6174477934837341,0.08986903727054596,0.5495612621307373,0.4654439091682434,-0.1797594279050827,0.7784090638160706,0.5416286587715149,0.4961857497692108,0.5897204279899597,0.10044816136360168,0.5492698550224304,0.4681534171104431,-0.171402245759964,0.7400209307670593,0.5305002331733704,0.5783669352531433,0.11364462971687317,0.9999508857727051,0.5215951204299927,0.5769713521003723,-0.11362545937299728,0.9999390244483948,0.5404817461967468,0.6391514539718628,0.1596793234348297,0.7452840209007263,0.49763450026512146,0.6393640637397766,-0.08549286425113678,0.9765924215316772,0.5412118434906006,0.6990980505943298,0.17392970621585846,0.9443372488021851,0.41400691866874695,0.6916558146476746,-0.06346345692873001,0.992038905620575,0.5304271578788757,0.7046512365341187,0.17254438996315002,0.9245886206626892,0.3998863399028778,0.6944878101348877,-0.06144527718424797,0.971384584903717,0.567831814289093,0.7182552218437195,0.11604417115449905,0.9494423270225525,0.421081006526947,0.7198646068572998,-0.12250890582799911,0.9881199598312378
182,0.5356658101081848,0.4526590406894684,0.02600601129233837,0.9998506307601929,0.5260266065597534,0.4489094316959381,0.028734002262353897,0.9998209476470947,0.5246989130973816,0.4492010772228241,0.02872367762029171,0.9997808933258057,0.5233055949211121,0.4495979845523834,0.028714820742607117,0.99982088804245,0.5262765288352966,0.44895219802856445,-0.006795080844312906,0.9998776912689209,0.5252286791801453,0.44923239946365356,-0.006897015497088432,0.9998882412910461,0.5241696834564209,0.44955751299858093,-0.006917421706020832,0.9998792409896851,0.5109382271766663,0.4564897119998932,0.06982791423797607,0.9997484683990479,0.5143551826477051,0.4554925858974457,-0.08796767145395279,0.9998330473899841,0.5347881317138672,0.45944446325302124,0.04757477715611458,0.9996691942214966,0.5364993810653687,0.45900025963783264,0.001639460795558989,0.9996137619018555,0.5036824941635132,0.4876647889614105,0.19307783246040344,0.9993300437927246,0.5189734101295471,0.4802700877189636,-0.19736623764038086,0.9996434450149536,0.5319596529006958,0.4977925717830658,0.4206273555755615,0.04070160537958145,0.5567154884338379,0.47813844680786133,-0.289755642414093,0.9567574858665466,0.5479514598846436,0.49176114797592163,0.6200345754623413,0.06658240407705307,0.5486175417900085,0.4758874177932739,-0.25276270508766174,0.7972404956817627,0.5498897433280945,0.4917019009590149,0.6670705676078796,0.08122940361499786,0.5521103143692017,0.47264623641967773,-0.2687838077545166,0.7762028574943542,0.5509569048881531,0.4892998933792114,0.6416202783584595,0.08463762700557709,0.5494658946990967,0.47357460856437683,-0.2651135325431824,0.7677856087684631,0.549416720867157,0.4891033172607422,0.6141135692596436,0.09502954035997391,0.5464698076248169,0.47606703639030457,-0.250072181224823,0.7299299836158752,0.5279949903488159,0.5787588357925415,0.11499987542629242,0.9999452829360962,0.5225393772125244,0.5788548588752747,-0.115058034658432,0.9999364018440247,0.5079241991043091,0.6408208012580872,0.17697495222091675,0.7240087985992432,0.5169345736503601,0.6398885846138,-0.08077315986156464,0.9748527407646179,0.4668154716491699,0.6949043869972229,0.2006818652153015,0.9366357326507568,0.48164424300193787,0.6992128491401672,-0.06692852824926376,0.9917795062065125,0.4537905752658844,0.7032871246337891,0.19984197616577148,0.9196674227714539,0.46754342317581177,0.7049334049224854,-0.06494423747062683,0.9715057611465454,0.48493170738220215,0.7101835012435913,0.1461716741323471,0.9443061947822571,0.5015012621879578,0.7198048830032349,-0.1275256723165512,0.9877399206161499
183,0.534606397151947,0.4524974226951599,0.06374289840459824,0.99985271692276,0.5237162113189697,0.44887667894363403,0.06677157431840897,0.9998235106468201,0.5221328735351562,0.44922879338264465,0.06678347289562225,0.9997836351394653,0.5204731822013855,0.44968730211257935,0.06680884212255478,0.9998233914375305,0.5242704749107361,0.44881120324134827,0.03282638639211655,0.9998820424079895,0.5232168436050415,0.44907769560813904,0.03271365910768509,0.999893069267273,0.5221568942070007,0.44938138127326965,0.0327182337641716,0.9998847842216492,0.5090999007225037,0.45678532123565674,0.09954867511987686,0.9997570514678955,0.5131986141204834,0.45539888739585876,-0.050836969166994095,0.9998419880867004,0.5329424738883972,0.4593645930290222,0.08133983612060547,0.9996762871742249,0.5354349613189697,0.45859721302986145,0.037579990923404694,0.9996268153190613,0.5035259127616882,0.48813971877098083,0.20966455340385437,0.9993241429328918,0.5219210982322693,0.47661012411117554,-0.17338821291923523,0.9996599555015564,0.528336763381958,0.5031227469444275,0.43270450830459595,0.03868420422077179,0.5552049875259399,0.47927722334861755,-0.3001488149166107,0.9583866596221924,0.5471007227897644,0.4992485046386719,0.6320720911026001,0.06401186436414719,0.5551301836967468,0.48258036375045776,-0.3104415833950043,0.8021981120109558,0.5513542294502258,0.5013609528541565,0.6767483949661255,0.07858745008707047,0.55616295337677,0.4818953573703766,-0.3317547142505646,0.7809182405471802,0.5492746829986572,0.5004637241363525,0.6508951187133789,0.08176179230213165,0.5535925030708313,0.48231571912765503,-0.32657140493392944,0.7726075053215027,0.5484843850135803,0.49982455372810364,0.6262788772583008,0.09203746914863586,0.5548275709152222,0.48727843165397644,-0.3081528842449188,0.7355391383171082,0.5264897346496582,0.5754175782203674,0.11013354361057281,0.9999458193778992,0.524000883102417,0.5716913938522339,-0.1101686954498291,0.9999381899833679,0.5175215005874634,0.6375530362129211,0.1300361156463623,0.7186241149902344,0.5254606008529663,0.637814462184906,-0.1088068038225174,0.9746834635734558,0.4741973876953125,0.6962993144989014,0.1309491991996765,0.9348610639572144,0.4838760495185852,0.6961692571640015,-0.1114567443728447,0.9918319582939148,0.46000832319259644,0.7043219804763794,0.12740233540534973,0.9185279607772827,0.46812447905540466,0.7018498182296753,-0.11098037660121918,0.9719023704528809,0.4914579689502716,0.7147360444068909,0.06742832064628601,0.9432553648948669,0.5007885694503784,0.7184352874755859,-0.1759222149848938,0.9878627061843872
184,0.5355739593505859,0.4540063738822937,0.07019492983818054,0.9998605847358704,0.5256186127662659,0.45048806071281433,0.07169349491596222,0.9998323917388916,0.5242124795913696,0.4508437514305115,0.07170901447534561,0.999794065952301,0.5218634605407715,0.4513261020183563,0.07174357771873474,0.9998318552970886,0.5261079668998718,0.4503653645515442,0.034596025943756104,0.999889612197876,0.5251551270484924,0.45058709383010864,0.034478120505809784,0.9999004602432251,0.5241893529891968,0.45085611939430237,0.03450571745634079,0.99989253282547,0.5090564489364624,0.45780810713768005,0.09948477894067764,0.9997730851173401,0.514137864112854,0.4565688669681549,-0.0655284970998764,0.9998538494110107,0.5330731868743896,0.4598129987716675,0.08614112436771393,0.9996945261955261,0.5354977250099182,0.45927557349205017,0.038221973925828934,0.999651312828064,0.5019029378890991,0.4881071150302887,0.2170732468366623,0.9993646144866943,0.519940197467804,0.47805169224739075,-0.1988086700439453,0.9996864199638367,0.5188918113708496,0.5083263516426086,0.4573153853416443,0.03639807552099228,0.5551831722259521,0.48072659969329834,-0.34459981322288513,0.960841953754425,0.5318939685821533,0.5031448602676392,0.6734933853149414,0.06136176362633705,0.5586906671524048,0.4815525710582733,-0.3705577552318573,0.8117574453353882,0.5324733853340149,0.5034903287887573,0.7208039164543152,0.07588496804237366,0.5674840211868286,0.4808034300804138,-0.3952864110469818,0.7907111048698425,0.5315002799034119,0.49998560547828674,0.6955863237380981,0.07885555177927017,0.5600053071975708,0.48317328095436096,-0.3865029215812683,0.7824232578277588,0.5322194695472717,0.49937278032302856,0.6680750250816345,0.08862793445587158,0.558332622051239,0.4827185869216919,-0.36718782782554626,0.7453967928886414,0.529380738735199,0.5776327848434448,0.11895398795604706,0.9999492764472961,0.5225430130958557,0.5743879079818726,-0.11892291903495789,0.9999420642852783,0.5391802787780762,0.6375452876091003,0.15685726702213287,0.7207558155059814,0.5047168135643005,0.6377252340316772,-0.09050587564706802,0.9748889207839966,0.5448576807975769,0.6968965530395508,0.16336168348789215,0.9363247752189636,0.4165879189968109,0.6904658079147339,-0.0771264061331749,0.9919770956039429,0.5274096727371216,0.7040452361106873,0.16025634109973907,0.91993647813797,0.4030587077140808,0.6928176879882812,-0.07576551288366318,0.9725160598754883,0.5661717057228088,0.7173140645027161,0.09949411451816559,0.9443616271018982,0.421295166015625,0.7196651697158813,-0.1382778435945511,0.9881421327590942
185,0.5380744338035583,0.4549594521522522,0.030959760770201683,0.9998635053634644,0.5287582278251648,0.45119601488113403,0.03545122593641281,0.9998353719711304,0.5275591611862183,0.4513746500015259,0.035470105707645416,0.9997969269752502,0.5262817740440369,0.45164597034454346,0.03549869731068611,0.9998340606689453,0.5287943482398987,0.45121005177497864,7.657322566956282e-05,0.9998934864997864,0.5276995897293091,0.45137158036231995,-1.8187940440839157e-05,0.9999046325683594,0.526557207107544,0.4515765905380249,-5.009558208257658e-06,0.9998968839645386,0.5141023993492126,0.45719438791275024,0.07809529453516006,0.999779999256134,0.5164645314216614,0.4564436078071594,-0.07904178649187088,0.9998601675033569,0.5385424494743347,0.46083176136016846,0.0523226298391819,0.9997014403343201,0.5387042760848999,0.46025705337524414,0.00662313774228096,0.9996607899665833,0.5065403580665588,0.48885953426361084,0.1980019211769104,0.9993508458137512,0.5212396383285522,0.4795101284980774,-0.19858282804489136,0.9996939301490784,0.533077597618103,0.5002614855766296,0.43798717856407166,0.03482038527727127,0.5566498637199402,0.4782269597053528,-0.3479638695716858,0.9623309969902039,0.5496109127998352,0.49387529492378235,0.6573288440704346,0.05952583998441696,0.5565046668052673,0.4807394742965698,-0.38450321555137634,0.8163025975227356,0.5532212257385254,0.49539220333099365,0.7026471495628357,0.07381059229373932,0.558888852596283,0.4812023341655731,-0.41207632422447205,0.7947468161582947,0.5511177182197571,0.49522164463996887,0.677717387676239,0.07658891379833221,0.5562170147895813,0.4817310571670532,-0.4072255492210388,0.7866626381874084,0.549892246723175,0.49456027150154114,0.6520591378211975,0.08634845167398453,0.5550016164779663,0.48169463872909546,-0.3837625980377197,0.7503110766410828,0.5286643505096436,0.5791471600532532,0.11550424247980118,0.9999502301216125,0.5234906673431396,0.5766973495483398,-0.11550374329090118,0.9999439716339111,0.521312415599823,0.6415164470672607,0.15176698565483093,0.7157833576202393,0.5166794061660767,0.6385580897331238,-0.09648515284061432,0.974866509437561,0.4895930588245392,0.6976909041404724,0.1714109182357788,0.9349091649055481,0.47122329473495483,0.6972997188568115,-0.08066925406455994,0.9921176433563232,0.47636446356773376,0.7055749893188477,0.16899065673351288,0.9192849397659302,0.4561314284801483,0.7027098536491394,-0.0789150595664978,0.9731386303901672,0.5111348628997803,0.7155390381813049,0.1036042794585228,0.9440500140190125,0.48608505725860596,0.7190796136856079,-0.1476888507604599,0.9884245991706848
186,0.5372912883758545,0.4538762867450714,0.05208110436797142,0.9998671412467957,0.5278270840644836,0.45046675205230713,0.05143806338310242,0.999840497970581,0.5264618992805481,0.45063477754592896,0.05145472660660744,0.9998025894165039,0.5249846577644348,0.450914591550827,0.05148516595363617,0.9998379349708557,0.5281111001968384,0.45009371638298035,0.017006520181894302,0.9998976588249207,0.5270998477935791,0.45016029477119446,0.016904547810554504,0.9999086856842041,0.5260463356971741,0.4502595365047455,0.01692524552345276,0.9999011158943176,0.5103141665458679,0.45646876096725464,0.07821135967969894,0.9997891783714294,0.5150368213653564,0.45532169938087463,-0.07515141367912292,0.9998668432235718,0.5360838770866394,0.4599308371543884,0.06872019171714783,0.9997073411941528,0.5380023717880249,0.4591203033924103,0.024121560156345367,0.9996730089187622,0.49970918893814087,0.4870002567768097,0.1921575665473938,0.9993601441383362,0.5211193561553955,0.47593575716018677,-0.1892821341753006,0.9997086524963379,0.5052076578140259,0.49990779161453247,0.44365936517715454,0.03305193409323692,0.5490729808807373,0.47904548048973083,-0.30401691794395447,0.9630793929100037,0.5176486372947693,0.5007795691490173,0.6831924319267273,0.05661309137940407,0.5562021136283875,0.48139601945877075,-0.30198919773101807,0.8168658018112183,0.5188876390457153,0.5028766989707947,0.7320924401283264,0.0704629048705101,0.5586845874786377,0.48266640305519104,-0.31920039653778076,0.7952731847763062,0.5214897394180298,0.5026832222938538,0.7089123129844666,0.07305817306041718,0.5579373240470886,0.4872644245624542,-0.3168691098690033,0.7873269319534302,0.5224794149398804,0.5023574233055115,0.6795974373817444,0.08241013437509537,0.5564504265785217,0.4865221679210663,-0.300430029630661,0.750728189945221,0.5264638066291809,0.5762477517127991,0.11114736646413803,0.9999511241912842,0.5211687684059143,0.5757141709327698,-0.11121518909931183,0.9999467134475708,0.5222768187522888,0.6335508823394775,0.18608684837818146,0.7117512822151184,0.5128757357597351,0.636351466178894,-0.09228653460741043,0.97488933801651,0.48763981461524963,0.6930478811264038,0.22258001565933228,0.9335203170776367,0.464651495218277,0.6957665681838989,-0.0802937000989914,0.9923005104064941,0.47535744309425354,0.7017968893051147,0.22268904745578766,0.9185762405395508,0.4490525424480438,0.7026636600494385,-0.07858672738075256,0.9738547205924988,0.5116812586784363,0.7085762023925781,0.17136730253696442,0.9431198835372925,0.482491672039032,0.7155879735946655,-0.14280182123184204,0.9886452555656433
187,0.535405158996582,0.4551747143268585,0.024366289377212524,0.9998682737350464,0.5250920057296753,0.45142653584480286,0.026904389262199402,0.9998432397842407,0.5236139893531799,0.45171499252319336,0.026899216696619987,0.9998062252998352,0.522094190120697,0.45210546255111694,0.026909010484814644,0.9998419880867004,0.5253952741622925,0.4512811005115509,-0.007938535884022713,0.9999001026153564,0.5242857933044434,0.45143863558769226,-0.008023086935281754,0.9999111294746399,0.5231878757476807,0.45165351033210754,-0.008032507263123989,0.999904453754425,0.510130763053894,0.4574510157108307,0.06952785700559616,0.9997971057891846,0.5131456255912781,0.4564364552497864,-0.08542517572641373,0.9998726844787598,0.534892201423645,0.46151304244995117,0.04685172811150551,0.9997019171714783,0.5350393056869507,0.46086031198501587,0.001666360185481608,0.9996712803840637,0.4994722604751587,0.4898730516433716,0.1930438131093979,0.9993128776550293,0.5165538191795349,0.48007625341415405,-0.17888662219047546,0.9996955990791321,0.5262077450752258,0.49921560287475586,0.4104297459125519,0.033042531460523605,0.5616362690925598,0.4773878753185272,-0.19600149989128113,0.9602386355400085,0.539014995098114,0.4943893849849701,0.5906805992126465,0.05480723828077316,0.554436981678009,0.47900813817977905,-0.057973962277173996,0.7955922484397888,0.539043664932251,0.49284347891807556,0.6355594992637634,0.06797214597463608,0.5544880628585815,0.4795413017272949,-0.05755826085805893,0.7729107737541199,0.5377219319343567,0.4928000569343567,0.6121335625648499,0.07042928040027618,0.5544229745864868,0.4842105805873871,-0.05748571828007698,0.7651785612106323,0.5380478501319885,0.4923376142978668,0.5850284099578857,0.07995066791772842,0.5545719861984253,0.4857056438922882,-0.05381498858332634,0.7304306030273438,0.5285385251045227,0.5781848430633545,0.10935355722904205,0.9999426603317261,0.5202146172523499,0.5781376957893372,-0.10943687707185745,0.9999403953552246,0.5074976682662964,0.6386527419090271,0.14940465986728668,0.6970058083534241,0.5234227776527405,0.6390630006790161,-0.0968967080116272,0.9730040431022644,0.466033011674881,0.6952899098396301,0.1556384116411209,0.9263589978218079,0.486435204744339,0.6993303894996643,-0.09898682683706284,0.9917728900909424,0.4527689218521118,0.7044417858123779,0.15394583344459534,0.9133952856063843,0.47126278281211853,0.7065040469169617,-0.09833227843046188,0.9727831482887268,0.4859754145145416,0.7102172374725342,0.11099395900964737,0.9384233951568604,0.5096096992492676,0.7191318869590759,-0.1525067239999771,0.9878504276275635
188,0.5353919267654419,0.45613428950309753,0.040035590529441833,0.9998326301574707,0.5255755186080933,0.4526962637901306,0.04172782227396965,0.9997982978820801,0.5240902304649353,0.45292234420776367,0.04174644872546196,0.9997511506080627,0.5225015878677368,0.4532276391983032,0.0417674258351326,0.9998022317886353,0.525974690914154,0.4524192214012146,0.008551055565476418,0.9998759627342224,0.5249128937721252,0.4524478018283844,0.008442359045147896,0.9998920559883118,0.5238059759140015,0.4525246322154999,0.008424142375588417,0.9998883605003357,0.509244978427887,0.4578480124473572,0.07699355483055115,0.9997444748878479,0.5122724771499634,0.45666834712028503,-0.07014868408441544,0.9998510479927063,0.531501829624176,0.4618058502674103,0.05941818282008171,0.999636709690094,0.5345648527145386,0.4610847234725952,0.016588738188147545,0.9996098279953003,0.49805375933647156,0.487928569316864,0.19150041043758392,0.999064028263092,0.5127549767494202,0.47976499795913696,-0.1751115322113037,0.9996739625930786,0.516028106212616,0.5006950497627258,0.41130730509757996,0.032034434378147125,0.5453823804855347,0.4812760651111603,-0.28917813301086426,0.9612452387809753,0.531611442565918,0.5000073909759521,0.60788494348526,0.05271482467651367,0.5556483268737793,0.4848741292953491,-0.2763800024986267,0.7941730618476868,0.5424559712409973,0.4994167983531952,0.6507366299629211,0.06538937240839005,0.5589376091957092,0.48659032583236694,-0.2945404052734375,0.7691633701324463,0.5411426424980164,0.4982164204120636,0.6276991963386536,0.06769362092018127,0.5572320818901062,0.4866147041320801,-0.2884596586227417,0.7614735960960388,0.5366311073303223,0.501545786857605,0.6029282212257385,0.07710632681846619,0.5556913614273071,0.48607009649276733,-0.2737005054950714,0.7278960347175598,0.5266955494880676,0.5764935612678528,0.10700654983520508,0.9999099969863892,0.5226867198944092,0.575362503528595,-0.10714798420667648,0.9999282360076904,0.48354604840278625,0.6340867280960083,0.14787398278713226,0.6732935905456543,0.5307134389877319,0.6380202174186707,-0.09002771228551865,0.9706259965896606,0.42796188592910767,0.6906789541244507,0.16853423416614532,0.9130581617355347,0.524825930595398,0.7033551335334778,-0.09355664998292923,0.9911330938339233,0.39804142713546753,0.6914617419242859,0.16748979687690735,0.9049967527389526,0.5121108293533325,0.711177408695221,-0.09324165433645248,0.9717077612876892,0.4247598946094513,0.7135292887687683,0.1182684376835823,0.9301648736000061,0.5691097378730774,0.7199020385742188,-0.1583946794271469,0.9869199991226196
189,0.5375087857246399,0.4567427337169647,0.04613593593239784,0.999832808971405,0.5286779999732971,0.4527813196182251,0.04161543771624565,0.9998016953468323,0.5272435545921326,0.45307889580726624,0.04161076247692108,0.9997556209564209,0.5257815718650818,0.45341384410858154,0.041616376489400864,0.9998016357421875,0.5288206934928894,0.4524048864841461,0.007407762575894594,0.9998783469200134,0.5276103019714355,0.4524253308773041,0.0072965738363564014,0.9998947978019714,0.5263898372650146,0.4524676501750946,0.0072688269428908825,0.9998899102210999,0.5122456550598145,0.45784690976142883,0.05988340079784393,0.9997530579566956,0.5147444605827332,0.45737898349761963,-0.09223488718271255,0.9998577237129211,0.5344018340110779,0.46243762969970703,0.05996396765112877,0.9996434450149536,0.5363039970397949,0.46193423867225647,0.015660330653190613,0.9996213316917419,0.4945926368236542,0.4902609884738922,0.1684870719909668,0.999078631401062,0.5161622762680054,0.4822399318218231,-0.19910559058189392,0.9996885657310486,0.46943479776382446,0.4975281357765198,0.3748839199542999,0.046768419444561005,0.5426124334335327,0.48076921701431274,-0.27990251779556274,0.9642685651779175,0.4377444386482239,0.5020331740379333,0.5560829043388367,0.06721773743629456,0.5541837215423584,0.4833766520023346,-0.23268644511699677,0.8083209991455078,0.429684042930603,0.5062189698219299,0.5962909460067749,0.07867725193500519,0.5561299324035645,0.4855624735355377,-0.2456626296043396,0.7833308577537537,0.42913690209388733,0.5058020353317261,0.5782312750816345,0.08071154356002808,0.5543152093887329,0.4859530031681061,-0.24122241139411926,0.7758652567863464,0.4334532916545868,0.5047436356544495,0.5534488558769226,0.08917943388223648,0.552598774433136,0.4879148304462433,-0.2278250753879547,0.7423621416091919,0.5283589363098145,0.580071210861206,0.11561499536037445,0.9999148845672607,0.521365761756897,0.5790831446647644,-0.11576489359140396,0.9999319911003113,0.5118784308433533,0.6365564465522766,0.18186818063259125,0.675812840461731,0.5197764039039612,0.639369785785675,-0.0882992073893547,0.9712187051773071,0.471163809299469,0.696320652961731,0.2148928940296173,0.9145067930221558,0.4813760817050934,0.6987521648406982,-0.06992129981517792,0.9913254976272583,0.4591659903526306,0.7055478692054749,0.21583473682403564,0.9077159762382507,0.46608832478523254,0.706117570400238,-0.0677608996629715,0.972898542881012,0.4920661151409149,0.709298312664032,0.17387273907661438,0.9306425452232361,0.5038890838623047,0.7164561152458191,-0.1256697028875351,0.9870887398719788
190,0.5379286408424377,0.4564254879951477,0.020646551623940468,0.9998382329940796,0.5285714864730835,0.4524137079715729,0.022747447714209557,0.999806821346283,0.527313232421875,0.45262888073921204,0.022735973820090294,0.9997609257698059,0.5260228514671326,0.4529011845588684,0.022746073082089424,0.9998061656951904,0.5282955169677734,0.45232468843460083,-0.014242948964238167,0.9998819231987,0.5269533395767212,0.4524608850479126,-0.014357052743434906,0.999897837638855,0.5256339907646179,0.4526253938674927,-0.014378002844750881,0.9998931884765625,0.512764573097229,0.4575471878051758,0.06572362780570984,0.9997602701187134,0.5153589844703674,0.4567505717277527,-0.09916002303361893,0.9998635053634644,0.5367393493652344,0.46255287528038025,0.042638786137104034,0.9996534585952759,0.5362316966056824,0.4621736705303192,-0.005282094236463308,0.9996360540390015,0.5022603869438171,0.4875165820121765,0.19084706902503967,0.9991343021392822,0.5105060935020447,0.4809533357620239,-0.2050992250442505,0.9997010827064514,0.5113018751144409,0.5019842982292175,0.41545405983924866,0.04607025906443596,0.5465637445449829,0.4813184440135956,-0.26971229910850525,0.9661388397216797,0.5179514288902283,0.50010085105896,0.6114800572395325,0.06511109322309494,0.5563561916351318,0.4801163673400879,-0.16815772652626038,0.8110793828964233,0.5190891027450562,0.5011758208274841,0.6571891903877258,0.07594606280326843,0.5630311369895935,0.4816179871559143,-0.17233864963054657,0.7827500700950623,0.5215585231781006,0.5012128353118896,0.635756254196167,0.07782913744449615,0.5624620318412781,0.48485067486763,-0.16731826961040497,0.7748883962631226,0.5218716859817505,0.5011562705039978,0.606589674949646,0.08624745905399323,0.5606133937835693,0.48595675826072693,-0.1625339239835739,0.7401788234710693,0.5318687558174133,0.5807077884674072,0.11168558895587921,0.9999181032180786,0.516800045967102,0.578056275844574,-0.11175943911075592,0.9999316334724426,0.5423799157142639,0.637987494468689,0.1377030313014984,0.6898001432418823,0.49189895391464233,0.6394860148429871,-0.10078337043523788,0.9718221426010132,0.5461907982826233,0.6965892314910889,0.16206176578998566,0.9185548424720764,0.41299691796302795,0.6930162310600281,-0.06946887075901031,0.9914093613624573,0.5313127040863037,0.7037771344184875,0.16103394329547882,0.9100703597068787,0.3959978520870209,0.6954939961433411,-0.0672471895813942,0.9724889993667603,0.5712031722068787,0.7179849147796631,0.1003296822309494,0.9335167407989502,0.4217422902584076,0.7180846929550171,-0.13507771492004395,0.9872630834579468
191,0.5361934304237366,0.4563332498073578,0.026338158175349236,0.999836802482605,0.5270836353302002,0.452432781457901,0.028151245787739754,0.999805748462677,0.5257479548454285,0.45253318548202515,0.028140095993876457,0.9997597932815552,0.5242481827735901,0.4526948928833008,0.028137817978858948,0.9998045563697815,0.5282865762710571,0.45238882303237915,-0.0076176500879228115,0.9998809099197388,0.5261676907539368,0.45252010226249695,-0.007713287137448788,0.9998967051506042,0.5250668525695801,0.4526444971561432,-0.007715403567999601,0.9998913407325745,0.511054515838623,0.457120805978775,0.06820613145828247,0.9997607469558716,0.5142588019371033,0.4566844701766968,-0.0909222885966301,0.9998630285263062,0.535024106502533,0.4619011878967285,0.04775260016322136,0.9996337890625,0.5349809527397156,0.4614962339401245,0.0014833880122750998,0.9996167421340942,0.496505469083786,0.48709067702293396,0.1916983723640442,0.9991622567176819,0.5114171504974365,0.4804953932762146,-0.19605788588523865,0.9996852874755859,0.5135951042175293,0.4977818727493286,0.4171316623687744,0.04396125301718712,0.5545482039451599,0.47983723878860474,-0.2352265566587448,0.964401364326477,0.5261399745941162,0.4950588047504425,0.6159814596176147,0.06185454502701759,0.5586909651756287,0.4795720875263214,-0.12544086575508118,0.8008485436439514,0.5283840894699097,0.49619343876838684,0.6613052487373352,0.07237039506435394,0.5599901080131531,0.48086950182914734,-0.12732771039009094,0.7728489637374878,0.5304146409034729,0.49574345350265503,0.6390365362167358,0.0741749107837677,0.5542300343513489,0.48113906383514404,-0.12780630588531494,0.7649400234222412,0.530617356300354,0.4956364631652832,0.6106237769126892,0.08249488472938538,0.5613444447517395,0.48469722270965576,-0.12153392285108566,0.7285126447677612,0.5311031341552734,0.5788019895553589,0.10832581669092178,0.9999207258224487,0.515045702457428,0.5765063762664795,-0.10836707800626755,0.9999303221702576,0.5412770509719849,0.6362892389297485,0.13597707450389862,0.6990324258804321,0.4985499680042267,0.6380845904350281,-0.09901737421751022,0.9716945886611938,0.5419005751609802,0.696250855922699,0.14118152856826782,0.9221243858337402,0.4145396053791046,0.6922041177749634,-0.07801375538110733,0.9912561774253845,0.5309940576553345,0.7033891081809998,0.13821642100811005,0.9121273159980774,0.39923396706581116,0.6945115327835083,-0.07659125328063965,0.9717217087745667,0.5693336725234985,0.7172182202339172,0.07743734121322632,0.9358447790145874,0.42318475246429443,0.7185338735580444,-0.14005674421787262,0.9871234893798828
192,0.5365217328071594,0.4578692317008972,0.07983746379613876,0.9998399019241333,0.5289366841316223,0.4540855288505554,0.07584188133478165,0.999813973903656,0.5262372493743896,0.4542742371559143,0.07584875822067261,0.9997710585594177,0.524661660194397,0.4545254111289978,0.07586577534675598,0.9998113512992859,0.5293455719947815,0.45365995168685913,0.041000980883836746,0.9998850226402283,0.5281870365142822,0.4535807967185974,0.04090592637658119,0.9999001622200012,0.5270611047744751,0.45351600646972656,0.040914636105298996,0.9998937845230103,0.5100873112678528,0.45840078592300415,0.09244751185178757,0.9997730255126953,0.5158331990242004,0.45695361495018005,-0.0626174584031105,0.9998699426651001,0.5341010689735413,0.46360164880752563,0.09315338730812073,0.9996284246444702,0.5346539616584778,0.46275484561920166,0.04788554459810257,0.9996120929718018,0.48836517333984375,0.48903828859329224,0.18628907203674316,0.9991767406463623,0.5168615579605103,0.4791807234287262,-0.16221848130226135,0.9996833205223083,0.45867010951042175,0.4950181841850281,0.3346666097640991,0.07480857521295547,0.5638883709907532,0.4784490764141083,-0.13535860180854797,0.965674102306366,0.4207321107387543,0.5001574158668518,0.4343104958534241,0.08812253922224045,0.5590512156486511,0.4788017272949219,0.04752985015511513,0.8058322668075562,0.4113767743110657,0.5048621296882629,0.4667174816131592,0.09741365164518356,0.5618512630462646,0.48405927419662476,0.0551065094769001,0.7771662473678589,0.40846991539001465,0.50385981798172,0.44863930344581604,0.09895706921815872,0.558781623840332,0.4862790107727051,0.05408832058310509,0.7692065238952637,0.41335368156433105,0.5025844573974609,0.42987921833992004,0.10537292808294296,0.55815190076828,0.48705002665519714,0.05460834875702858,0.7313727736473083,0.520321786403656,0.5765211582183838,0.11394903063774109,0.9999222755432129,0.5225280523300171,0.5731852054595947,-0.11405182629823685,0.9999304413795471,0.523143470287323,0.6352372765541077,0.14004956185817719,0.7034677863121033,0.5155580043792725,0.6369485855102539,-0.11306749284267426,0.9726536273956299,0.4992815852165222,0.6970024108886719,0.14032723009586334,0.9237634539604187,0.46009787917137146,0.6983292698860168,-0.11759597808122635,0.9914457201957703,0.4880034923553467,0.70705246925354,0.1386684626340866,0.914511501789093,0.4429512619972229,0.7066900134086609,-0.11786185204982758,0.972906231880188,0.5259865522384644,0.7101036906242371,0.1013602539896965,0.9359655380249023,0.4791697859764099,0.7170372009277344,-0.16916623711585999,0.9871088266372681
193,0.543175458908081,0.4575887620449066,0.057245370000600815,0.9998325705528259,0.5345184803009033,0.45314010977745056,0.055803198367357254,0.9998058676719666,0.5330000519752502,0.4532777965068817,0.0558149553835392,0.9997611045837402,0.5311305522918701,0.4535050094127655,0.05583786964416504,0.9998034238815308,0.5347470045089722,0.4530329406261444,0.020422395318746567,0.9998815059661865,0.5334640145301819,0.45305702090263367,0.020312661305069923,0.9998980164527893,0.5321288108825684,0.45314115285873413,0.02031373605132103,0.9998921751976013,0.5162993669509888,0.45809534192085266,0.0813463032245636,0.9997655153274536,0.5192922353744507,0.45724713802337646,-0.07598324120044708,0.9998680353164673,0.5410076975822449,0.4632395803928375,0.07350289076566696,0.9996299743652344,0.5413289666175842,0.4629092216491699,0.027587754651904106,0.9996127486228943,0.49714383482933044,0.4889209568500519,0.19568057358264923,0.9991411566734314,0.5156704187393188,0.4785419702529907,-0.19029457867145538,0.9996914863586426,0.5091227889060974,0.5003629326820374,0.4332095682621002,0.07029217481613159,0.5518918037414551,0.48117974400520325,-0.3166283071041107,0.9675269722938538,0.5149717330932617,0.4993646740913391,0.6500874757766724,0.08408421277999878,0.5585418343544006,0.48051559925079346,-0.3278977572917938,0.8156166076660156,0.5151447057723999,0.5009293556213379,0.6977034211158752,0.09349764883518219,0.563774049282074,0.48331278562545776,-0.3492954969406128,0.7878420948982239,0.5168070793151855,0.50095534324646,0.6756480932235718,0.09495485574007034,0.565315306186676,0.48448845744132996,-0.3447156250476837,0.7802686095237732,0.5178515911102295,0.5005938410758972,0.6466395854949951,0.10156408697366714,0.5645297765731812,0.4852558374404907,-0.3254350423812866,0.7433076500892639,0.5207859873771667,0.579452633857727,0.11126627773046494,0.999917209148407,0.5195321440696716,0.5771963000297546,-0.11144167929887772,0.9999290108680725,0.49099820852279663,0.6380054950714111,0.1596851497888565,0.6934112906455994,0.5185065865516663,0.6386633515357971,-0.08515160530805588,0.9715127944946289,0.4465457797050476,0.6939417719841003,0.17941786348819733,0.9195938110351562,0.5047501921653748,0.7025988698005676,-0.07626970112323761,0.9914490580558777,0.403348833322525,0.6929217576980591,0.1780339926481247,0.91201251745224,0.4920823276042938,0.7097952365875244,-0.07490839064121246,0.9731839299201965,0.4349023699760437,0.7157669067382812,0.12574118375778198,0.9335106611251831,0.5305089950561523,0.7217299342155457,-0.13894042372703552,0.9871342778205872
194,0.5360257625579834,0.4564541280269623,0.029446078464388847,0.9997897148132324,0.5256380438804626,0.4528385102748871,0.03443613648414612,0.9997660517692566,0.5240097045898438,0.4530867338180542,0.03441345691680908,0.9997129440307617,0.5223380923271179,0.4533763527870178,0.03439267352223396,0.9997673034667969,0.5263005495071411,0.4527008831501007,-0.0008078032988123596,0.9998527765274048,0.5252434611320496,0.4528068006038666,-0.0009091428946703672,0.999870240688324,0.5241524577140808,0.4528998136520386,-0.0009452090016566217,0.9998658299446106,0.5097193121910095,0.4584887623786926,0.0821857824921608,0.9997075796127319,0.5127882957458496,0.4565180242061615,-0.0740666538476944,0.9998355507850647,0.5309165120124817,0.4622645974159241,0.05301249772310257,0.9995119571685791,0.5314331650733948,0.4618336260318756,0.007455659098923206,0.9994739890098572,0.502042829990387,0.48912313580513,0.19688202440738678,0.9990862607955933,0.5135233402252197,0.4794697165489197,-0.1751113384962082,0.999625027179718,0.5411508083343506,0.5048815011978149,0.3279570937156677,0.06809582561254501,0.5728946924209595,0.4798515737056732,-0.1363794356584549,0.9597616791725159,0.5502552390098572,0.49973371624946594,0.4038355350494385,0.08114229887723923,0.5769173502922058,0.4809513986110687,0.07257477194070816,0.7927875518798828,0.5512867569923401,0.4984021484851837,0.43398424983024597,0.09037119150161743,0.5752660036087036,0.4785919785499573,0.0802028551697731,0.7661691308021545,0.5510166883468628,0.49734485149383545,0.41352158784866333,0.0918305367231369,0.5665600895881653,0.4812483787536621,0.07721316814422607,0.7583737969398499,0.5505818128585815,0.4970674216747284,0.3960306942462921,0.09884649515151978,0.5666770339012146,0.4828852713108063,0.0787377581000328,0.7209513187408447,0.5281342267990112,0.5763863921165466,0.10554880648851395,0.9999030828475952,0.5166166424751282,0.574368417263031,-0.10556768625974655,0.9999076128005981,0.5342657566070557,0.6358500719070435,0.13004086911678314,0.69899982213974,0.4961528778076172,0.638120710849762,-0.10182389616966248,0.9712138772010803,0.5128215551376343,0.697083592414856,0.14690081775188446,0.9196948409080505,0.4182015657424927,0.692233145236969,-0.07999741286039352,0.9906085729598999,0.5198480486869812,0.7045210003852844,0.14612117409706116,0.9099276661872864,0.4010135233402252,0.6962277293205261,-0.07877616584300995,0.9701123833656311,0.5609177947044373,0.7145731449127197,0.08709244430065155,0.932676374912262,0.4253881573677063,0.720297634601593,-0.14775480329990387,0.9858800768852234
195,0.5392130017280579,0.4570211172103882,0.06507165729999542,0.9997461438179016,0.5302188992500305,0.4530591666698456,0.06941677629947662,0.9997207522392273,0.5287826061248779,0.453296959400177,0.06939762085676193,0.9996615052223206,0.5274499654769897,0.45357897877693176,0.06938312202692032,0.9997290372848511,0.5304420590400696,0.45287615060806274,0.03395058587193489,0.9998260140419006,0.5292256474494934,0.4529512822628021,0.03382500633597374,0.9998481869697571,0.5280784964561462,0.4530297517776489,0.03379688784480095,0.9998461008071899,0.514565110206604,0.45875927805900574,0.11299216747283936,0.9996593594551086,0.517310619354248,0.4575987756252289,-0.044787533581256866,0.9998149871826172,0.5366485714912415,0.4628131687641144,0.087641142308712,0.9993987083435059,0.5368407964706421,0.46245506405830383,0.04166031256318092,0.9993734359741211,0.5022380948066711,0.488855242729187,0.22476714849472046,0.9990554451942444,0.513313353061676,0.4783134460449219,-0.14679023623466492,0.9996109008789062,0.5350117087364197,0.5015364289283752,0.39387205243110657,0.0647788792848587,0.5700879096984863,0.4784337878227234,-0.13564081490039825,0.9537342190742493,0.5488638281822205,0.4988493323326111,0.5126903057098389,0.07728143036365509,0.5638701319694519,0.4807747006416321,0.050920888781547546,0.769279420375824,0.5521029829978943,0.49929749965667725,0.5505616068840027,0.08658081293106079,0.5725981593132019,0.4816746711730957,0.05776379257440567,0.743333637714386,0.5518306493759155,0.4994749128818512,0.5277197360992432,0.08801446855068207,0.5659475326538086,0.4850279986858368,0.05631747841835022,0.7355889678001404,0.5509315729141235,0.4995447099208832,0.5054898858070374,0.09548594802618027,0.5658969283103943,0.4863995313644409,0.056606560945510864,0.6992688775062561,0.5278880000114441,0.5771394371986389,0.10714685916900635,0.999896764755249,0.5181126594543457,0.5726816654205322,-0.1072574183344841,0.9999009966850281,0.5230053663253784,0.6343297362327576,0.10250338912010193,0.6905817985534668,0.5212231278419495,0.6368452906608582,-0.13589563965797424,0.9692163467407227,0.47142910957336426,0.6968658566474915,0.0852077379822731,0.9152500033378601,0.47981300950050354,0.6981799006462097,-0.1600530594587326,0.9899080395698547,0.45758363604545593,0.7058161497116089,0.0813831239938736,0.9069746732711792,0.46426331996917725,0.7053326368331909,-0.16216270625591278,0.9686719179153442,0.4916408360004425,0.7143235802650452,0.03069031983613968,0.9302630424499512,0.5024228096008301,0.7197460532188416,-0.22661380469799042,0.9852080345153809
196,0.5394642949104309,0.4568374752998352,0.07262789458036423,0.9996547698974609,0.531735360622406,0.4532105326652527,0.0765896663069725,0.9996262192726135,0.5283516645431519,0.453390896320343,0.07657799869775772,0.9995541572570801,0.5270087718963623,0.4536316990852356,0.07656381279230118,0.9996432065963745,0.5322524309158325,0.4529208242893219,0.042518846690654755,0.9997683167457581,0.5310200452804565,0.452926903963089,0.042387109249830246,0.9998002648353577,0.5278908610343933,0.45285123586654663,0.04234624654054642,0.9998030662536621,0.5132542848587036,0.45866817235946655,0.1168711930513382,0.9995446801185608,0.515221118927002,0.4570659399032593,-0.03415605053305626,0.9997717142105103,0.537224531173706,0.46246686577796936,0.09400428831577301,0.9991999864578247,0.5378573536872864,0.4616168141365051,0.04993744194507599,0.9991893172264099,0.5018662214279175,0.48790648579597473,0.2234981805086136,0.9989612698554993,0.5147899985313416,0.47662678360939026,-0.13572072982788086,0.9995942115783691,0.5401593446731567,0.5009273290634155,0.3618592619895935,0.062461741268634796,0.5657540559768677,0.4812835156917572,-0.12581926584243774,0.949088990688324,0.5505552887916565,0.4989337623119354,0.44569316506385803,0.07486366480588913,0.5591936707496643,0.4857349991798401,0.03871946781873703,0.75517338514328,0.5526098608970642,0.4996626079082489,0.4773283302783966,0.0842575654387474,0.5625904202461243,0.4891566336154938,0.04163677617907524,0.7300693988800049,0.5517628788948059,0.49941322207450867,0.45611053705215454,0.08565039187669754,0.5567763447761536,0.4914500117301941,0.04025392606854439,0.7225090265274048,0.5515010356903076,0.499430388212204,0.4382166564464569,0.09356802701950073,0.5569111108779907,0.49239227175712585,0.044120706617832184,0.687150239944458,0.5285734534263611,0.5753871202468872,0.10470359772443771,0.9998785853385925,0.5192041993141174,0.5709237456321716,-0.10479967296123505,0.9998878240585327,0.5124592185020447,0.6346928477287292,0.11243972182273865,0.6764793992042542,0.521966278553009,0.6364709138870239,-0.12247785180807114,0.9664724469184875,0.46485456824302673,0.6950632333755493,0.10166873037815094,0.9067298769950867,0.48836055397987366,0.6995661854743958,-0.14417919516563416,0.9889309406280518,0.4511375427246094,0.7039642333984375,0.09824444353580475,0.9014683365821838,0.4730852544307709,0.7069545984268188,-0.14635789394378662,0.9669374823570251,0.4837353229522705,0.7120255827903748,0.04817894473671913,0.9247053861618042,0.5124508738517761,0.7207450866699219,-0.21129122376441956,0.9841101169586182
197,0.5398201942443848,0.4574141204357147,0.0186661034822464,0.9996396899223328,0.531998872756958,0.45342060923576355,0.02351517230272293,0.99960857629776,0.529416024684906,0.4535733163356781,0.023470554500818253,0.9995328783988953,0.5281668901443481,0.45383021235466003,0.023413527756929398,0.9996256828308105,0.532015860080719,0.45321911573410034,-0.012860005721449852,0.9997578263282776,0.5305412411689758,0.45323267579078674,-0.012976198457181454,0.9997923970222473,0.5279106497764587,0.4532789885997772,-0.013016190379858017,0.9997929334640503,0.5152067542076111,0.45831650495529175,0.07448063045740128,0.9995306730270386,0.5149080753326416,0.45726510882377625,-0.08738669753074646,0.9997648000717163,0.5374388694763184,0.4631339907646179,0.04350976273417473,0.9991743564605713,0.5375477075576782,0.4624268710613251,-0.0035930981393903494,0.9991618990898132,0.5054506659507751,0.4876410663127899,0.19583450257778168,0.9989346861839294,0.5079305768013,0.48089608550071716,-0.188095822930336,0.9995704889297485,0.545226514339447,0.5012639760971069,0.3426853120326996,0.05967310816049576,0.5570971965789795,0.4820404648780823,-0.1883256733417511,0.9460031986236572,0.5516821146011353,0.49982213973999023,0.4260019063949585,0.07217170298099518,0.558413565158844,0.48099634051322937,-0.023608190938830376,0.7444950938224792,0.559022843837738,0.500180184841156,0.45705634355545044,0.08180827647447586,0.5635079145431519,0.4840185046195984,-0.023006130009889603,0.7207042574882507,0.556898832321167,0.5019612312316895,0.4336719810962677,0.08329461514949799,0.5588374137878418,0.48634862899780273,-0.02284402772784233,0.713016152381897,0.5561928749084473,0.5018178224563599,0.41701045632362366,0.09142101556062698,0.5583493709564209,0.48740074038505554,-0.017790233716368675,0.6772382855415344,0.5361117720603943,0.5793780088424683,0.11014147847890854,0.9998795986175537,0.5185914039611816,0.5772430300712585,-0.11018183827400208,0.999885618686676,0.5399854779243469,0.6418151259422302,0.14210352301597595,0.6829741597175598,0.49892204999923706,0.6406523585319519,-0.09474556148052216,0.9672386646270752,0.5326020121574402,0.6982118487358093,0.1646188348531723,0.9087514877319336,0.41594117879867554,0.6916234493255615,-0.07287638634443283,0.9890920519828796,0.5018672347068787,0.7070418000221252,0.16393321752548218,0.9019112586975098,0.39942991733551025,0.6948296427726746,-0.07205241918563843,0.9671786427497864,0.5611879229545593,0.7162249088287354,0.10470202565193176,0.9259747266769409,0.42224106192588806,0.7196847796440125,-0.14113891124725342,0.9843423366546631
198,0.5398524403572083,0.45797768235206604,0.03527488932013512,0.9996031522750854,0.5318447351455688,0.4539586901664734,0.03802996128797531,0.9995702505111694,0.5305366516113281,0.4540463984012604,0.03799278289079666,0.999488353729248,0.5292622447013855,0.4541586935520172,0.03794044628739357,0.9995917081832886,0.5317419767379761,0.4538074731826782,0.0027501333970576525,0.999727725982666,0.5304186344146729,0.45378226041793823,0.0026406331453472376,0.9997650384902954,0.529109537601471,0.45376136898994446,0.0026178911793977022,0.9997636079788208,0.5167153477668762,0.45795443654060364,0.08041620254516602,0.9994876980781555,0.5175819993019104,0.4571852684020996,-0.07697793841362,0.9997305870056152,0.5372605323791504,0.46343424916267395,0.057500384747982025,0.9990872144699097,0.5372361540794373,0.4630698263645172,0.011677850037813187,0.9990524053573608,0.5024037957191467,0.49031224846839905,0.19393809139728546,0.9989225268363953,0.5111863017082214,0.4802902042865753,-0.17282450199127197,0.9995341897010803,0.5368090867996216,0.5039187073707581,0.3503807783126831,0.05712318792939186,0.565246045589447,0.48162734508514404,-0.14828261733055115,0.9399653673171997,0.5528977513313293,0.5066887140274048,0.4508316218852997,0.06906061619520187,0.5570785999298096,0.4783394932746887,0.03828542307019234,0.7277984619140625,0.5530886650085449,0.5063566565513611,0.48471391201019287,0.07879773527383804,0.5668310523033142,0.4791906177997589,0.04349576681852341,0.7058377861976624,0.5530335307121277,0.5048400163650513,0.46110692620277405,0.08032170683145523,0.5607705116271973,0.4817940592765808,0.04120458662509918,0.6980448365211487,0.5529348254203796,0.5046927332878113,0.44262298941612244,0.08854355663061142,0.5605785250663757,0.48305243253707886,0.04374002665281296,0.6616808176040649,0.529449999332428,0.5777403116226196,0.10312075912952423,0.9998752474784851,0.5199024677276611,0.5763252377510071,-0.1031874269247055,0.9998776912689209,0.5377573370933533,0.6368491053581238,0.13018296658992767,0.6907541751861572,0.49908775091171265,0.6393229365348816,-0.09935863316059113,0.9677265286445618,0.5083297491073608,0.6982802748680115,0.14375336468219757,0.911083996295929,0.4145773649215698,0.6940546631813049,-0.07817642390727997,0.9890748262405396,0.4963549077510834,0.7072519063949585,0.14259158074855804,0.9023370146751404,0.40357667207717896,0.6972405314445496,-0.07703354209661484,0.9669636487960815,0.5327464938163757,0.714564859867096,0.08462940901517868,0.9270958304405212,0.4288930892944336,0.71938556432724,-0.14366808533668518,0.9842042326927185
199,0.5393884778022766,0.45824238657951355,0.023514162749052048,0.9995807409286499,0.5305802822113037,0.45409175753593445,0.029851725324988365,0.9995442032814026,0.5292210578918457,0.45419982075691223,0.02980971150100231,0.9994613528251648,0.5279595255851746,0.4543565511703491,0.02974560298025608,0.9995680451393127,0.5304069519042969,0.45398616790771484,-0.007323087193071842,0.9997109174728394,0.5289749503135681,0.4540015757083893,-0.007438309956341982,0.9997525215148926,0.5275918841362,0.45403584837913513,-0.007475784979760647,0.9997463822364807,0.515213131904602,0.45878079533576965,0.0842062309384346,0.9994601607322693,0.5148645639419556,0.4573875367641449,-0.08120080083608627,0.9997166395187378,0.5362237095832825,0.4636594355106354,0.04938489571213722,0.9990330338478088,0.5361815094947815,0.4633786380290985,0.0013334793038666248,0.9989921450614929,0.5051413178443909,0.4895283877849579,0.20648956298828125,0.9989245533943176,0.5049673914909363,0.48168572783470154,-0.18744182586669922,0.9995186924934387,0.5449219942092896,0.504610538482666,0.33201998472213745,0.05468904972076416,0.5636290311813354,0.48218443989753723,-0.17674899101257324,0.9366951584815979,0.5534927248954773,0.5052637457847595,0.39335012435913086,0.06694532930850983,0.5693130493164062,0.48264068365097046,0.005867748521268368,0.7195516228675842,0.5590708255767822,0.5077364444732666,0.42273807525634766,0.07695101946592331,0.5689346194267273,0.48177576065063477,0.008433905430138111,0.6990772485733032,0.5581765174865723,0.507402777671814,0.39906927943229675,0.07854749262332916,0.5630631446838379,0.4838663339614868,0.009904495440423489,0.6910181045532227,0.5568667054176331,0.5070340037345886,0.38355752825737,0.08689083158969879,0.5622296333312988,0.48514190316200256,0.013091369532048702,0.6533699631690979,0.5396820902824402,0.5798070430755615,0.11217790096998215,0.9998804330825806,0.5171515345573425,0.5786142349243164,-0.11222992837429047,0.9998799562454224,0.5428213477134705,0.6402900218963623,0.128286212682724,0.7006803154945374,0.4989522397518158,0.6398476362228394,-0.11580371111631393,0.9688360691070557,0.535002589225769,0.6993593573570251,0.14059364795684814,0.9148566722869873,0.41306087374687195,0.6908806562423706,-0.09496311098337173,0.9893690347671509,0.5242929458618164,0.7052754163742065,0.13866546750068665,0.9043917655944824,0.3960013687610626,0.6932563781738281,-0.09457596391439438,0.9675111174583435,0.5646774768829346,0.7179628014564514,0.07482039928436279,0.9297131299972534,0.42066264152526855,0.7194812297821045,-0.16590771079063416,0.9846371412277222
200,0.5396395921707153,0.45922279357910156,0.04755609482526779,0.9995651841163635,0.5315201282501221,0.45511263608932495,0.05063200369477272,0.9995297193527222,0.5302841663360596,0.45518121123313904,0.050582144409418106,0.9994471073150635,0.5291231870651245,0.45527181029319763,0.05052447319030762,0.9995575547218323,0.5313078761100769,0.4549064636230469,0.015741953626275063,0.9996984601020813,0.529984176158905,0.4548243284225464,0.01562546193599701,0.9997419118881226,0.5286951661109924,0.45474737882614136,0.015601013787090778,0.9997336864471436,0.5169159770011902,0.45844826102256775,0.09331511706113815,0.9994513392448425,0.5168589353561401,0.4575464129447937,-0.062125347554683685,0.9997045397758484,0.536349892616272,0.4646154046058655,0.06975875794887543,0.9989991188049316,0.5361684560775757,0.46413519978523254,0.024557601660490036,0.9989442825317383,0.5023623704910278,0.49069303274154663,0.20942148566246033,0.9989597797393799,0.5088392496109009,0.4811333417892456,-0.16524218022823334,0.9995176792144775,0.5371254682540894,0.5078303217887878,0.3680973947048187,0.05221341922879219,0.5637526512145996,0.4829932451248169,-0.14241977035999298,0.9326320290565491,0.5512135028839111,0.510766863822937,0.4749749004840851,0.06403502076864243,0.556790828704834,0.47584298253059387,0.04806611314415932,0.707472026348114,0.5550848245620728,0.5128201842308044,0.5122494697570801,0.07418058067560196,0.5693199038505554,0.4751512408256531,0.0540977418422699,0.6886601448059082,0.5553514361381531,0.5126069188117981,0.4866986870765686,0.07580583542585373,0.5624537467956543,0.47749269008636475,0.05454423651099205,0.6804548501968384,0.5538397431373596,0.5119551420211792,0.4663168787956238,0.08425594121217728,0.5574432611465454,0.47889548540115356,0.05496314540505409,0.6422503590583801,0.5327546000480652,0.580301821231842,0.1055738627910614,0.9998835921287537,0.518049418926239,0.576927125453949,-0.10564906895160675,0.9998802542686462,0.5373986959457397,0.6377848386764526,0.1167004257440567,0.7080172896385193,0.4989786744117737,0.63954097032547,-0.1169523373246193,0.9693845510482788,0.5308851003646851,0.6992053985595703,0.11939053237438202,0.9176613688468933,0.41354912519454956,0.6934580206871033,-0.10643468797206879,0.989504337310791,0.4992017447948456,0.7083522081375122,0.11726590245962143,0.9058432579040527,0.39931726455688477,0.6956851482391357,-0.10606656968593597,0.9676910042762756,0.5351287722587585,0.7183679342269897,0.058056190609931946,0.9315645098686218,0.4214634597301483,0.7188364267349243,-0.1731729656457901,0.9848552942276001
201,0.5378851294517517,0.45909929275512695,0.02664516679942608,0.9995445609092712,0.5302143692970276,0.45519396662712097,0.03373595327138901,0.9995048642158508,0.5289961099624634,0.45533668994903564,0.03370172530412674,0.9994183778762817,0.5270928740501404,0.4554733335971832,0.03365502506494522,0.9995372295379639,0.5296235084533691,0.4548748731613159,-0.002091712551191449,0.9996810555458069,0.5271713733673096,0.45477139949798584,-0.002214237581938505,0.9997270703315735,0.525695264339447,0.45472660660743713,-0.002264130860567093,0.9997208714485168,0.5159114599227905,0.45949143171310425,0.08896759152412415,0.9994180798530579,0.5139027237892151,0.45790794491767883,-0.07031355053186417,0.9996948838233948,0.5360496640205383,0.4646771550178528,0.05285509675741196,0.9989961981773376,0.5354799628257751,0.46420586109161377,0.006562536582350731,0.9989439845085144,0.5065125226974487,0.4900754988193512,0.20794174075126648,0.998957633972168,0.503031313419342,0.4822966456413269,-0.17566977441310883,0.9995236396789551,0.5450886487960815,0.5055128931999207,0.33847224712371826,0.051439687609672546,0.555422306060791,0.48412591218948364,-0.2047988325357437,0.9342938661575317,0.5535621643066406,0.5056345462799072,0.4084245264530182,0.06360064446926117,0.5592009425163269,0.480364054441452,-0.055884040892124176,0.7084478735923767,0.5561324954032898,0.5067178606987,0.43620747327804565,0.07365700602531433,0.5732563138008118,0.47724059224128723,-0.05917307361960411,0.6866019368171692,0.5550508499145508,0.506790280342102,0.41515013575553894,0.07532717287540436,0.5617417693138123,0.4799865782260895,-0.05227140709757805,0.6779178977012634,0.5537337064743042,0.5065922141075134,0.4000580310821533,0.08416169136762619,0.5669081211090088,0.48134252429008484,-0.04774182289838791,0.6399555802345276,0.5332303643226624,0.5810768008232117,0.10682398080825806,0.9998825788497925,0.5159316062927246,0.5802709460258484,-0.1069263368844986,0.999879777431488,0.5135900378227234,0.6388933062553406,0.13094830513000488,0.708811342716217,0.5151534080505371,0.6413470506668091,-0.1021936908364296,0.9696027636528015,0.46416619420051575,0.6961187720298767,0.1554313451051712,0.9159932136535645,0.4838486909866333,0.6994946599006653,-0.08347859233617783,0.9894688725471497,0.4502567648887634,0.7047123312950134,0.15486156940460205,0.9035105109214783,0.47161227464675903,0.7052669525146484,-0.08243345469236374,0.9672099351882935,0.48182740807533264,0.7124851942062378,0.09725166857242584,0.9306164383888245,0.5049768090248108,0.7220228314399719,-0.15524399280548096,0.984798014163971
202,0.5379303097724915,0.45846760272979736,0.036652736365795135,0.9995501637458801,0.5298925638198853,0.45445960760116577,0.04228684678673744,0.9995117783546448,0.5286746621131897,0.45455437898635864,0.042254675179719925,0.9994256496429443,0.5275592803955078,0.4546855390071869,0.04222198203206062,0.9995442628860474,0.5296258926391602,0.4541834890842438,0.007789333816617727,0.9996827840805054,0.5282759666442871,0.4540861248970032,0.007682426832616329,0.9997267127037048,0.5270072221755981,0.4540101885795593,0.007648773491382599,0.9997222423553467,0.5160436034202576,0.45822563767433167,0.09035522490739822,0.9994182586669922,0.5160638689994812,0.4572142958641052,-0.06238357350230217,0.9996949434280396,0.5350724458694458,0.4639234244823456,0.06021173298358917,0.9990158081054688,0.5348940491676331,0.4634149372577667,0.015711888670921326,0.9989625811576843,0.5026166439056396,0.4901881814002991,0.19912424683570862,0.9989731311798096,0.5092152953147888,0.4811185896396637,-0.16580067574977875,0.9995213150978088,0.5433639287948608,0.5091552734375,0.3112943172454834,0.05188232660293579,0.562366783618927,0.4846576750278473,-0.16338880360126495,0.9349897503852844,0.558249831199646,0.5069276690483093,0.35811513662338257,0.06463105231523514,0.5643783807754517,0.48100486397743225,0.017689025029540062,0.7101410627365112,0.56020188331604,0.5062734484672546,0.3831266164779663,0.07488054037094116,0.5757917761802673,0.48164933919906616,0.021242337301373482,0.6862335801124573,0.558315098285675,0.5045003294944763,0.3623698055744171,0.07658033818006516,0.568588376045227,0.48470497131347656,0.021995071321725845,0.6771810054779053,0.5570074319839478,0.5076203942298889,0.3495680093765259,0.08593052625656128,0.5682070851325989,0.4863557815551758,0.024411994963884354,0.6395984888076782,0.5301235914230347,0.5785456299781799,0.10015115886926651,0.9998806118965149,0.518017590045929,0.5774334073066711,-0.10021217912435532,0.9998762011528015,0.516348659992218,0.6367831826210022,0.10291050374507904,0.7136834263801575,0.5080975890159607,0.6393312215805054,-0.10962323099374771,0.969901978969574,0.472667396068573,0.695660412311554,0.12048281729221344,0.9153059124946594,0.47700297832489014,0.6973876953125,-0.09505489468574524,0.9893134832382202,0.4591154158115387,0.7045861482620239,0.11974164098501205,0.9016014933586121,0.46518945693969727,0.7043321132659912,-0.09442537277936935,0.9661908745765686,0.4919078052043915,0.7118549942970276,0.06298906356096268,0.9300218820571899,0.49541303515434265,0.7183820605278015,-0.16532765328884125,0.9845325350761414
203,0.5376619696617126,0.45963045954704285,0.032470207661390305,0.9995390772819519,0.5308095216751099,0.4556504487991333,0.040083933621644974,0.9994934797286987,0.5296387672424316,0.45567530393600464,0.040062204003334045,0.9994041919708252,0.5285242795944214,0.4556898772716522,0.040027737617492676,0.9995283484458923,0.5301914811134338,0.4554208815097809,0.0038199194241315126,0.9996688365936279,0.5286128520965576,0.45527780055999756,0.0037098817992955446,0.9997148513793945,0.527042031288147,0.45511576533317566,0.003678424283862114,0.999710738658905,0.5153613090515137,0.4582970440387726,0.0952233225107193,0.9993926286697388,0.5137214064598083,0.4576696753501892,-0.06570826470851898,0.9996829628944397,0.5356171727180481,0.4648379385471344,0.058774132281541824,0.9990032315254211,0.5350264310836792,0.46440795063972473,0.01199276465922594,0.9989500045776367,0.5059084296226501,0.4896596670150757,0.21414420008659363,0.9989637136459351,0.5034785866737366,0.4813673198223114,-0.17430147528648376,0.9995255470275879,0.5491568446159363,0.506707489490509,0.3277285397052765,0.05231248587369919,0.555185854434967,0.4833088219165802,-0.2011287808418274,0.9373501539230347,0.5606935024261475,0.5052751302719116,0.36650216579437256,0.0663004070520401,0.560538113117218,0.48036909103393555,-0.05811771750450134,0.7173528671264648,0.5629261136054993,0.5087029933929443,0.39001190662384033,0.07663069665431976,0.5723174214363098,0.4792613983154297,-0.06334627419710159,0.6914139986038208,0.5607256293296814,0.5075488686561584,0.3677557408809662,0.07837548851966858,0.5674131512641907,0.4815906584262848,-0.05816273391246796,0.682194173336029,0.5613346695899963,0.5102328658103943,0.3569677472114563,0.08816830068826675,0.5663187503814697,0.48319292068481445,-0.05081719905138016,0.644852340221405,0.5315322875976562,0.5796473026275635,0.10986310988664627,0.9998800754547119,0.5164026618003845,0.5770437121391296,-0.1099124401807785,0.9998767971992493,0.5146551132202148,0.6382795572280884,0.10658039152622223,0.709954559803009,0.515306293964386,0.639648973941803,-0.13908988237380981,0.970053493976593,0.4691861569881439,0.6963046193122864,0.11289980262517929,0.9124541282653809,0.4809134602546692,0.7000293731689453,-0.1411684900522232,0.989250123500824,0.45486560463905334,0.7048363089561462,0.11033742129802704,0.8992680311203003,0.46649104356765747,0.7061571478843689,-0.1423427313566208,0.9659737348556519,0.48850661516189575,0.7134888172149658,0.05193459615111351,0.9286474585533142,0.5022400617599487,0.723141074180603,-0.2161635011434555,0.984534502029419
204,0.536767303943634,0.4592955410480499,0.03291279450058937,0.999552845954895,0.5284137725830078,0.45543357729911804,0.04531211033463478,0.9995054602622986,0.5276842713356018,0.45552200078964233,0.04528913274407387,0.9994173645973206,0.5269298553466797,0.4556002616882324,0.04526558518409729,0.9995394349098206,0.5272173881530762,0.45516741275787354,0.009424074552953243,0.99967360496521,0.5256114602088928,0.45507460832595825,0.009330281056463718,0.9997169375419617,0.5238929390907288,0.45498180389404297,0.009298987686634064,0.9997137784957886,0.5164337754249573,0.4591995179653168,0.11471850425004959,0.9993972182273865,0.5118345618247986,0.4577609896659851,-0.04342801868915558,0.9996904730796814,0.5352773070335388,0.46461021900177,0.06358993798494339,0.9990366101264954,0.5318859815597534,0.46400681138038635,0.017600782215595245,0.998989999294281,0.5132476687431335,0.48815491795539856,0.22374378144741058,0.9989994764328003,0.501294732093811,0.481331467628479,-0.15593725442886353,0.999531626701355,0.5604277849197388,0.5045410990715027,0.23342587053775787,0.06204576790332794,0.5530908703804016,0.48120877146720886,-0.17433097958564758,0.9407824277877808,0.5601031184196472,0.5050156116485596,0.14585401117801666,0.08092843741178513,0.578158438205719,0.479170024394989,0.0014754118165001273,0.7299474477767944,0.5612055063247681,0.5092348456382751,0.14789612591266632,0.09007829427719116,0.5819334387779236,0.478017657995224,-0.0033353776670992374,0.7006639838218689,0.5546891689300537,0.5084267854690552,0.133924201130867,0.0916270911693573,0.5763833522796631,0.4807833433151245,0.005068943835794926,0.690988302230835,0.5541038513183594,0.5039370656013489,0.13584864139556885,0.10225911438465118,0.5741915106773376,0.4825403094291687,0.011282416991889477,0.6541039943695068,0.537783682346344,0.577530562877655,0.10744619369506836,0.9998865127563477,0.516325056552887,0.5761473178863525,-0.10748898983001709,0.9998814463615417,0.5254220962524414,0.637012779712677,0.08010704815387726,0.7147251963615417,0.5154475569725037,0.6390876173973083,-0.15363076329231262,0.970690906047821,0.47427859902381897,0.6969110369682312,0.08861979097127914,0.9115927219390869,0.47843170166015625,0.6994631886482239,-0.15801453590393066,0.9892240166664124,0.4582919180393219,0.7054088711738586,0.08594929426908493,0.8975552320480347,0.46452581882476807,0.705623209476471,-0.16070975363254547,0.9648965001106262,0.4965178966522217,0.714635968208313,0.018921805545687675,0.9283124208450317,0.5010392665863037,0.7227229475975037,-0.24772095680236816,0.9845412969589233
205,0.5405389070510864,0.4610013961791992,0.03799891099333763,0.9995829463005066,0.532471776008606,0.4566513001918793,0.05014464631676674,0.9995355606079102,0.5315284729003906,0.4567287564277649,0.050117410719394684,0.9994521141052246,0.5306603312492371,0.45686763525009155,0.05008987337350845,0.9995669722557068,0.5313083529472351,0.45629018545150757,0.010846798308193684,0.9996935129165649,0.5292929410934448,0.4555559754371643,0.010740585625171661,0.9997339844703674,0.527494490146637,0.45543748140335083,0.010725636035203934,0.9997303485870361,0.518606960773468,0.459581583738327,0.11949937790632248,0.9994319677352905,0.5145462155342102,0.4586259722709656,-0.054974593222141266,0.9997103810310364,0.5372287631034851,0.4665829837322235,0.06875548511743546,0.9991034269332886,0.535854697227478,0.46531084179878235,0.018086809664964676,0.9990631341934204,0.5115136504173279,0.49033018946647644,0.2380242794752121,0.9990758895874023,0.5014379024505615,0.4814237356185913,-0.1729355752468109,0.9995644092559814,0.5551087260246277,0.5077691674232483,0.28602808713912964,0.0678972378373146,0.554512083530426,0.48225462436676025,-0.1948562115430832,0.9447821378707886,0.5600993037223816,0.5081663131713867,0.23408907651901245,0.09319262206554413,0.5647284984588623,0.4792502224445343,-0.026274440810084343,0.7466651797294617,0.5621747970581055,0.5076549053192139,0.2439947873353958,0.10196361690759659,0.578283965587616,0.47651445865631104,-0.03274073451757431,0.716193437576294,0.5548746585845947,0.506698489189148,0.22530204057693481,0.1033659502863884,0.5665801763534546,0.4788261950016022,-0.022237692028284073,0.706365168094635,0.554218590259552,0.5065745711326599,0.22295057773590088,0.11459119617938995,0.5610033273696899,0.47882112860679626,-0.01566208340227604,0.6698066592216492,0.5405036211013794,0.5793003439903259,0.11550410091876984,0.9998953938484192,0.5173298120498657,0.5767091512680054,-0.11550945043563843,0.9998893737792969,0.5410506129264832,0.6377047300338745,0.0836712196469307,0.7259953618049622,0.4994044601917267,0.6396351456642151,-0.1489223837852478,0.9719266891479492,0.5102404356002808,0.6993821859359741,0.09428544342517853,0.9144808650016785,0.4183158576488495,0.6924887895584106,-0.14221391081809998,0.9896262288093567,0.49592697620391846,0.7074750065803528,0.09186574071645737,0.8993083238601685,0.40065431594848633,0.6945648789405823,-0.1442769467830658,0.9653805494308472,0.5376396775245667,0.7179527282714844,0.02448306605219841,0.9306405186653137,0.4248213469982147,0.7203460931777954,-0.22882723808288574,0.9851346611976624
206,0.539911687374115,0.4613696038722992,0.041889067739248276,0.9996044039726257,0.5325613021850586,0.4570031762123108,0.054143816232681274,0.999556303024292,0.5318408608436584,0.45705750584602356,0.05410441756248474,0.9994761347770691,0.5312316417694092,0.4571384787559509,0.05405714362859726,0.9995864033699036,0.5308906435966492,0.4565736651420593,0.01783936657011509,0.999706506729126,0.5287672281265259,0.4558464288711548,0.017728278413414955,0.9997444152832031,0.5269184112548828,0.4556415379047394,0.017717398703098297,0.9997400045394897,0.5203827023506165,0.45957979559898376,0.12432156503200531,0.9994558095932007,0.5136286616325378,0.45869797468185425,-0.0364328995347023,0.999723494052887,0.5364708304405212,0.465962678194046,0.07292094826698303,0.9991547465324402,0.5346634387969971,0.46543511748313904,0.026179833337664604,0.9991183876991272,0.520315408706665,0.4896325469017029,0.2330443412065506,0.9991499185562134,0.5005283355712891,0.4817332327365875,-0.14584241807460785,0.9995906949043274,0.560373067855835,0.5059276223182678,0.26727569103240967,0.07596977055072784,0.5541118383407593,0.48026227951049805,-0.1445830911397934,0.9475046396255493,0.5614505410194397,0.5111342668533325,0.20195601880550385,0.10385570675134659,0.5721702575683594,0.47807711362838745,0.053949322551488876,0.7558527588844299,0.562773585319519,0.5143766403198242,0.2087472677230835,0.11205845326185226,0.5757031440734863,0.47672590613365173,0.053564298897981644,0.7226674556732178,0.556510329246521,0.5139913558959961,0.1907985508441925,0.11339510232210159,0.569534182548523,0.4801067113876343,0.06216847524046898,0.7123070955276489,0.5559272766113281,0.5137658715248108,0.19085150957107544,0.12532226741313934,0.5674980282783508,0.48194122314453125,0.06448589265346527,0.6756445169448853,0.540063738822937,0.5791037678718567,0.10418915748596191,0.9999032616615295,0.5157297849655151,0.5768415927886963,-0.10418674349784851,0.9998949766159058,0.5418558716773987,0.6377970576286316,0.043348073959350586,0.7390270233154297,0.4928085207939148,0.641093909740448,-0.11689633876085281,0.9726130962371826,0.5396950244903564,0.6979120373725891,0.059894245117902756,0.9174431562423706,0.41507959365844727,0.693282425403595,-0.09663231670856476,0.9897435903549194,0.5005901455879211,0.7072657942771912,0.05837562680244446,0.9004801511764526,0.39724141359329224,0.696211576461792,-0.09759275615215302,0.9646111726760864,0.563835084438324,0.7176772356033325,-0.016419926658272743,0.9329241514205933,0.4199795126914978,0.7187341451644897,-0.18488958477973938,0.9854078888893127
207,0.5421497225761414,0.46105867624282837,0.011230849660933018,0.9996392130851746,0.5338510274887085,0.4561317563056946,0.023934252560138702,0.9995936155319214,0.5326733589172363,0.45618724822998047,0.023905500769615173,0.9995198845863342,0.5315378904342651,0.45631489157676697,0.023866821080446243,0.9996209144592285,0.5330862998962402,0.45578497648239136,-0.016984324902296066,0.9997313618659973,0.5313860177993774,0.45560261607170105,-0.01708139106631279,0.9997659921646118,0.5295042395591736,0.45502960681915283,-0.017088672146201134,0.9997612833976746,0.5193973779678345,0.45934054255485535,0.09846966713666916,0.9995009899139404,0.5163449048995972,0.45823726058006287,-0.08335698395967484,0.9997470378875732,0.5390638113021851,0.46687814593315125,0.043831776827573776,0.9992293119430542,0.5381425619125366,0.46613386273384094,-0.008897547610104084,0.9991969466209412,0.5116413831710815,0.4905475676059723,0.22790750861167908,0.9992256164550781,0.5032788515090942,0.4817982017993927,-0.2028474509716034,0.9996240139007568,0.5505747199058533,0.5099940299987793,0.29109492897987366,0.07919413596391678,0.5555101037025452,0.4822246730327606,-0.23761627078056335,0.9514421820640564,0.562082827091217,0.5100992321968079,0.2484826296567917,0.11327093094587326,0.5596596598625183,0.4790317118167877,-0.07101261615753174,0.7724533677101135,0.5645820498466492,0.5126121640205383,0.2597440183162689,0.12152276188135147,0.575428307056427,0.4780130386352539,-0.07837186753749847,0.7387362122535706,0.5626043081283569,0.5115300416946411,0.23765535652637482,0.12305886298418045,0.5638402104377747,0.47857871651649475,-0.06618361175060272,0.728310763835907,0.5578241944313049,0.5120964646339417,0.23588483035564423,0.13540557026863098,0.5615457892417908,0.47847217321395874,-0.05984673649072647,0.6915276646614075,0.5401530265808105,0.5814530849456787,0.11830657720565796,0.9999120235443115,0.5171061158180237,0.5811712145805359,-0.11825717985630035,0.9999030828475952,0.5504628419876099,0.6391030550003052,0.06142871454358101,0.7556116580963135,0.4927910268306732,0.6420750021934509,-0.11095044016838074,0.9740936756134033,0.5487521290779114,0.6976708173751831,0.07146092504262924,0.9233948588371277,0.408810019493103,0.6924844980239868,-0.06373047083616257,0.9902260303497314,0.537022054195404,0.7037993669509888,0.06855876743793488,0.9052585363388062,0.39239516854286194,0.694057822227478,-0.06224345415830612,0.9652138948440552,0.5718708038330078,0.7180689573287964,-0.01273137703537941,0.9374073147773743,0.4187314212322235,0.7198574542999268,-0.14660726487636566,0.9861027598381042
208,0.5400568842887878,0.46115842461586,0.03341132402420044,0.999659538269043,0.5327679514884949,0.4569782018661499,0.04405205696821213,0.9996141195297241,0.5316310524940491,0.4571438133716583,0.04402643069624901,0.9995433688163757,0.5304813385009766,0.4573238492012024,0.04399513825774193,0.9996401071548462,0.5319271683692932,0.4565059244632721,0.006290970835834742,0.999744713306427,0.5301986932754517,0.4563509523868561,0.00617784820497036,0.9997773170471191,0.528418242931366,0.4562225639820099,0.006167975720018148,0.9997721314430237,0.5185701251029968,0.4604102671146393,0.10975531488656998,0.9995241165161133,0.5152797102928162,0.45924583077430725,-0.05832960829138756,0.9997590780258179,0.5379891991615295,0.4672926664352417,0.06282343715429306,0.9992740750312805,0.5368689298629761,0.46648523211479187,0.014041699469089508,0.9992455244064331,0.5138273239135742,0.4932546019554138,0.22803427278995514,0.9992849230766296,0.501517117023468,0.48396292328834534,-0.16996386647224426,0.9996501803398132,0.5515006184577942,0.5133525729179382,0.30454790592193604,0.08057015389204025,0.5571743249893188,0.4833213686943054,-0.18920810520648956,0.9538139700889587,0.5646307468414307,0.5136900544166565,0.29277461767196655,0.116416335105896,0.5789983868598938,0.48073849081993103,-0.01841912977397442,0.7805408835411072,0.5659607648849487,0.5157685875892639,0.3095160126686096,0.124808669090271,0.5844994187355042,0.47869792580604553,-0.02097182162106037,0.7448541522026062,0.5638482570648193,0.514521062374115,0.28889161348342896,0.12629172205924988,0.571546733379364,0.4793139696121216,-0.009511278010904789,0.7339422702789307,0.5630521178245544,0.510793924331665,0.2822548449039459,0.1388203501701355,0.5702235102653503,0.48275429010391235,-0.007338010706007481,0.6963409781455994,0.5374575257301331,0.579356849193573,0.11140064895153046,0.9999181628227234,0.5151990056037903,0.5796136856079102,-0.11142457276582718,0.9999083876609802,0.5405104756355286,0.6384183764457703,0.06563989073038101,0.763550341129303,0.4939515292644501,0.6406416296958923,-0.1364736557006836,0.9747843146324158,0.5378456115722656,0.6977730989456177,0.07671757787466049,0.9260094165802002,0.4126502573490143,0.6936201453208923,-0.12090260535478592,0.9904462099075317,0.5009238719940186,0.7074814438819885,0.07456512749195099,0.9071890115737915,0.397430956363678,0.6963139176368713,-0.12177211791276932,0.9655390977859497,0.5596396923065186,0.7156631946563721,0.00592161575332284,0.9395080804824829,0.4215531051158905,0.7190914154052734,-0.20320740342140198,0.9864777326583862
209,0.53880774974823,0.4639034867286682,0.023912644013762474,0.99968421459198,0.5328436493873596,0.4592481851577759,0.03612621873617172,0.9996395111083984,0.5321410298347473,0.4593246281147003,0.03609025105834007,0.9995728731155396,0.5314528346061707,0.4594343602657318,0.03605184331536293,0.9996635913848877,0.5313808917999268,0.4583786129951477,-0.0011273074196651578,0.9997619390487671,0.5297402739524841,0.4581366777420044,-0.0012281370582059026,0.9997922778129578,0.5280143022537231,0.4579014480113983,-0.0012348134769126773,0.9997868537902832,0.5207266211509705,0.4616517424583435,0.10702978074550629,0.999556839466095,0.5161898136138916,0.4603049159049988,-0.05848511680960655,0.9997762441635132,0.5363833904266357,0.4688883423805237,0.054883912205696106,0.9993293285369873,0.5347009301185608,0.4682570993900299,0.006775515154004097,0.9993055462837219,0.5186097025871277,0.4936545491218567,0.22469554841518402,0.999343991279602,0.4995063543319702,0.4840736389160156,-0.16989439725875854,0.9996764063835144,0.5589462518692017,0.5098141431808472,0.28372427821159363,0.08583023399114609,0.5545373558998108,0.4827516973018646,-0.1914973258972168,0.9568285346031189,0.5625056624412537,0.5126855373382568,0.255068838596344,0.12212980538606644,0.5692689418792725,0.4814939796924591,-0.007610015571117401,0.7895985841751099,0.5635693073272705,0.5161920785903931,0.26762595772743225,0.12941645085811615,0.5875746011734009,0.48050457239151,-0.009235556237399578,0.7512422800064087,0.5600911378860474,0.5150678157806396,0.25014033913612366,0.13073305785655975,0.5741308927536011,0.48021408915519714,0.003432648256421089,0.7398226857185364,0.5593869686126709,0.5114617943763733,0.24516429007053375,0.14357924461364746,0.5701528787612915,0.48401302099227905,0.004065502434968948,0.7019409537315369,0.5411525964736938,0.5821301341056824,0.10885341465473175,0.9999247789382935,0.5131525993347168,0.5796207785606384,-0.1088426485657692,0.9999141693115234,0.5451338887214661,0.6383277177810669,0.025913408026099205,0.7755449414253235,0.4932134449481964,0.6412685513496399,-0.1351187378168106,0.975727379322052,0.5442299842834473,0.697772204875946,0.037995364516973495,0.9294634461402893,0.41141241788864136,0.6931520104408264,-0.11338722705841064,0.9907540678977966,0.5269153118133545,0.7047465443611145,0.03614238649606705,0.9095484018325806,0.3965803384780884,0.6955610513687134,-0.11374379694461823,0.9657459259033203,0.5683903098106384,0.7180424928665161,-0.0377051867544651,0.9423140287399292,0.41787973046302795,0.7186769843101501,-0.1974581778049469,0.9869893193244934
210,0.5400204658508301,0.4620265066623688,-0.004983004182577133,0.9996931552886963,0.5337122082710266,0.457510381937027,0.010262382216751575,0.9996482133865356,0.5329973101615906,0.45757389068603516,0.010234050452709198,0.9995823502540588,0.5322929620742798,0.45765751600265503,0.010182097554206848,0.9996713399887085,0.5320996046066284,0.4571298658847809,-0.027521224692463875,0.9997643828392029,0.5302044153213501,0.45693573355674744,-0.027595331892371178,0.9997921586036682,0.5282349586486816,0.4567801356315613,-0.02761928364634514,0.9997863173484802,0.5216395258903503,0.45999372005462646,0.09239012748003006,0.9995587468147278,0.5150982737541199,0.4590832591056824,-0.07492048293352127,0.9997791051864624,0.5380472540855408,0.46763619780540466,0.029851803556084633,0.9993581175804138,0.5359840989112854,0.466970831155777,-0.018810249865055084,0.9993365406990051,0.5200610756874084,0.4925101399421692,0.20465946197509766,0.9993802905082703,0.4961293041706085,0.48456859588623047,-0.18030305206775665,0.9996777772903442,0.5670689940452576,0.5089839696884155,0.1818612962961197,0.10058683902025223,0.5569530725479126,0.48701393604278564,-0.18620559573173523,0.9590269923210144,0.5626427531242371,0.5134770274162292,0.04077788442373276,0.13963232934474945,0.569336473941803,0.4796500504016876,0.020169975236058235,0.7982606291770935,0.5628081560134888,0.5172817707061768,0.03250829130411148,0.14442019164562225,0.5766062140464783,0.47827932238578796,0.017591798678040504,0.757673978805542,0.5553617477416992,0.5134405493736267,0.02058250457048416,0.14556598663330078,0.571621298789978,0.4811166822910309,0.028813648968935013,0.7459094524383545,0.5553327202796936,0.5131269097328186,0.029414087533950806,0.15881778299808502,0.5699834227561951,0.48132210969924927,0.0323324054479599,0.7079625129699707,0.5391494631767273,0.5822767019271851,0.1043262630701065,0.9999293088912964,0.5141946077346802,0.5803866982460022,-0.10430868715047836,0.9999156594276428,0.5387131571769714,0.6384902596473694,0.04496298357844353,0.7856009602546692,0.4985130727291107,0.6411952972412109,-0.08327674120664597,0.9761053919792175,0.4943273961544037,0.6965959072113037,0.09242009371519089,0.9307723641395569,0.4278886020183563,0.6912862658500671,-0.019480004906654358,0.9906163811683655,0.4791822135448456,0.7045056819915771,0.0939011201262474,0.9090501070022583,0.4436325430870056,0.7000382542610168,-0.016392463818192482,0.9640266299247742,0.5173251628875732,0.7146185636520386,0.02077454701066017,0.9431712031364441,0.4336918890476227,0.7202464938163757,-0.10069499164819717,0.986748456954956
211,0.5392501354217529,0.4621826112270355,0.022672321647405624,0.9996969699859619,0.533027708530426,0.45766231417655945,0.033641789108514786,0.9996511936187744,0.5322021245956421,0.45772668719291687,0.03360404819250107,0.9995852112770081,0.5314079523086548,0.45779889822006226,0.033554647117853165,0.9996735453605652,0.5319774746894836,0.45730358362197876,-0.0032142004929482937,0.9997631907463074,0.5303946137428284,0.45712006092071533,-0.0032993138302117586,0.9997891783714294,0.5287707448005676,0.4569527804851532,-0.0033259005285799503,0.9997831583023071,0.5208591222763062,0.4606638252735138,0.10073743015527725,0.9995582103729248,0.5168484449386597,0.4591577649116516,-0.06251754611730576,0.9997794032096863,0.5366076827049255,0.4675138294696808,0.05262571573257446,0.9993737936019897,0.5352144837379456,0.46700209379196167,0.005134643986821175,0.9993547797203064,0.5153443217277527,0.4916008710861206,0.2100576013326645,0.9994084239006042,0.5010122656822205,0.4832611680030823,-0.1716485321521759,0.9996760487556458,0.5570226907730103,0.5075344443321228,0.22430796921253204,0.10402900725603104,0.5567064881324768,0.4833013117313385,-0.172523632645607,0.9599595069885254,0.5612597465515137,0.5088605880737305,0.14243297278881073,0.14326150715351105,0.5711628794670105,0.4815206229686737,0.03596797212958336,0.8011064529418945,0.5617036819458008,0.5139325857162476,0.14572744071483612,0.14775384962558746,0.5771116018295288,0.47681376338005066,0.03656214475631714,0.7585991621017456,0.5556485056877136,0.5138289332389832,0.1317623406648636,0.14880265295505524,0.5720985531806946,0.47995874285697937,0.04520508274435997,0.746439516544342,0.5536506772041321,0.5132267475128174,0.13221882283687592,0.16250024735927582,0.5705834031105042,0.48022300004959106,0.046954043209552765,0.708419919013977,0.5370946526527405,0.581210732460022,0.10346345603466034,0.9999326467514038,0.5139237642288208,0.578733503818512,-0.10347452014684677,0.9999161958694458,0.5388576984405518,0.6372237801551819,0.06135027855634689,0.7946652770042419,0.4968431293964386,0.640364408493042,-0.10905043035745621,0.9767183661460876,0.4970720708370209,0.6973696351051331,0.0894213393330574,0.9326264262199402,0.42218896746635437,0.6922630071640015,-0.06733095645904541,0.9907260537147522,0.48172685503959656,0.7049975991249084,0.0892050564289093,0.9096065163612366,0.41137176752090454,0.6949107050895691,-0.06570248305797577,0.9636608362197876,0.5199943780899048,0.7165871858596802,0.021826624870300293,0.9442718029022217,0.42797771096229553,0.7190102338790894,-0.14417952299118042,0.9868237376213074
212,0.5408450365066528,0.4644368588924408,-0.008265543729066849,0.9997075796127319,0.5339524745941162,0.4589020311832428,0.005252702161669731,0.9996598958969116,0.5330871343612671,0.45887261629104614,0.0052230400033295155,0.9995946884155273,0.5322563648223877,0.45891958475112915,0.005189645104110241,0.9996816515922546,0.5320647358894348,0.45779576897621155,-0.03376936540007591,0.9997687339782715,0.5302733182907104,0.4575623869895935,-0.03385905548930168,0.9997936487197876,0.5284289121627808,0.4573332369327545,-0.03389335051178932,0.9997880458831787,0.5200578570365906,0.4609833359718323,0.08383023738861084,0.9995666146278381,0.5143532156944275,0.45920419692993164,-0.08954119682312012,0.9997870326042175,0.5371683239936829,0.4689563810825348,0.025506112724542618,0.9994025230407715,0.5354914665222168,0.46860113739967346,-0.024884145706892014,0.999389111995697,0.5171464681625366,0.49319419264793396,0.20469990372657776,0.9994348883628845,0.500254213809967,0.4833332896232605,-0.19362838566303253,0.9996843338012695,0.5646716952323914,0.5057722330093384,0.23247244954109192,0.11138979345560074,0.5537624359130859,0.4849465787410736,-0.20282863080501556,0.9619261026382446,0.5618736743927002,0.5067906975746155,0.1541576236486435,0.15060009062290192,0.5714667439460754,0.48227083683013916,0.0011974757071584463,0.8054742813110352,0.5620443224906921,0.5073679685592651,0.15621501207351685,0.15311968326568604,0.5842390060424805,0.48137256503105164,-0.0014722725609317422,0.7598718404769897,0.5562277436256409,0.510398268699646,0.1428733766078949,0.15405642986297607,0.5732700228691101,0.48075300455093384,0.00803692452609539,0.7474384903907776,0.5543157458305359,0.5066866278648376,0.14386869966983795,0.1682717502117157,0.5719391703605652,0.48382848501205444,0.011879021301865578,0.7097896933555603,0.5384642481803894,0.5827815532684326,0.11111841350793839,0.9999361038208008,0.5145114064216614,0.5804020166397095,-0.11111665517091751,0.9999188780784607,0.5371512174606323,0.6400756239891052,0.09482251852750778,0.7987415790557861,0.49527281522750854,0.6431487202644348,-0.10143553465604782,0.9771134257316589,0.49975377321243286,0.6961410641670227,0.14264868199825287,0.932334840297699,0.41992244124412537,0.6935093998908997,-0.056086521595716476,0.9907617568969727,0.4849869906902313,0.7039231061935425,0.14409154653549194,0.9083510637283325,0.4034462571144104,0.6971443891525269,-0.05460779741406441,0.962973415851593,0.5261389017105103,0.7136470675468445,0.07768562436103821,0.9444398283958435,0.43481573462486267,0.7205288410186768,-0.13825708627700806,0.9868988990783691
213,0.5393670201301575,0.4618949890136719,0.004127930384129286,0.9996979832649231,0.5330687165260315,0.45710647106170654,0.01747560314834118,0.9996511340141296,0.5321907997131348,0.4572962820529938,0.0174469742923975,0.9995834827423096,0.5313296914100647,0.4575386047363281,0.01739128865301609,0.9996733069419861,0.5319600701332092,0.45665866136550903,-0.01957896538078785,0.9997574090957642,0.5302670001983643,0.4565368592739105,-0.01965477131307125,0.9997803568840027,0.528486430644989,0.45647844672203064,-0.019683275371789932,0.9997754096984863,0.5202915072441101,0.461180180311203,0.09303916990756989,0.9995455741882324,0.514308750629425,0.4595484435558319,-0.07127774506807327,0.9997769594192505,0.5366480946540833,0.4679833948612213,0.03701793774962425,0.9993981719017029,0.5351330041885376,0.4672561585903168,-0.010828022845089436,0.9993830919265747,0.5175352096557617,0.4930276870727539,0.20178185403347015,0.9994116425514221,0.5011983513832092,0.48379799723625183,-0.17284619808197021,0.9996524453163147,0.5675966143608093,0.5081956386566162,0.1931290477514267,0.11763672530651093,0.5592243671417236,0.4864036738872528,-0.1736479103565216,0.9622305631637573,0.562471866607666,0.5151140689849854,0.07006330043077469,0.1563892364501953,0.5784475803375244,0.4823443293571472,0.035710472613573074,0.8049538135528564,0.5675594210624695,0.5192561745643616,0.06514626741409302,0.15821024775505066,0.5820528864860535,0.48078665137290955,0.03598809242248535,0.7569138407707214,0.558603823184967,0.5192797780036926,0.05366119369864464,0.1590471863746643,0.5795236825942993,0.480623334646225,0.04565569758415222,0.7439240217208862,0.556839644908905,0.5182976722717285,0.059803228825330734,0.17369909584522247,0.5744727253913879,0.48130229115486145,0.04761678725481033,0.7061480283737183,0.5401043891906738,0.5803050398826599,0.10132360458374023,0.9999341368675232,0.5166532397270203,0.5806235671043396,-0.10136362910270691,0.9999135136604309,0.5153256058692932,0.6353932619094849,0.05041986331343651,0.7989804744720459,0.5181283950805664,0.639439582824707,-0.09252914786338806,0.9769198894500732,0.45737069845199585,0.6933018565177917,0.09258397668600082,0.9290385842323303,0.48591867089271545,0.6988452672958374,-0.04760231822729111,0.9904237985610962,0.41032660007476807,0.6940634846687317,0.09406983107328415,0.9043923616409302,0.4744049608707428,0.7052897810935974,-0.04533230885863304,0.9615486860275269,0.47481128573417664,0.7106903791427612,0.029863029718399048,0.9418984055519104,0.5060895681381226,0.7211689352989197,-0.12576207518577576,0.9862432479858398
214,0.5402308702468872,0.4628821909427643,-0.0031977095641195774,0.9996992349624634,0.5337679982185364,0.4578763544559479,0.01249634474515915,0.9996516108512878,0.5330957174301147,0.45801541209220886,0.0124655244871974,0.9995875954627991,0.532418966293335,0.4582054316997528,0.012425555847585201,0.9996746778488159,0.5323287844657898,0.4574889838695526,-0.024208176881074905,0.9997521042823792,0.5305699110031128,0.4573298990726471,-0.02427443489432335,0.9997735619544983,0.5286819338798523,0.4572143256664276,-0.024314528331160545,0.9997674822807312,0.5213934183120728,0.46169888973236084,0.09554631263017654,0.9995326399803162,0.5140924453735352,0.4599681496620178,-0.0662359893321991,0.9997767210006714,0.5377313494682312,0.46875807642936707,0.03165212273597717,0.9994029402732849,0.535720705986023,0.468179851770401,-0.015385442413389683,0.9993901252746582,0.5202939510345459,0.4930843710899353,0.20192748308181763,0.9994262456893921,0.4996635615825653,0.4845341742038727,-0.1706404685974121,0.9996461272239685,0.5720970034599304,0.5098554491996765,0.11017423123121262,0.14737273752689362,0.5533803105354309,0.4935091435909271,-0.16681423783302307,0.9636373519897461,0.5649752616882324,0.507749080657959,-0.10533923655748367,0.19630423188209534,0.5776914954185486,0.48539915680885315,0.04170962795615196,0.8141170740127563,0.5676878690719604,0.5113139748573303,-0.12522168457508087,0.19405591487884521,0.585655152797699,0.4822438657283783,0.039022691547870636,0.7646862268447876,0.5592535138130188,0.5100782513618469,-0.1297875940799713,0.1941353976726532,0.580475389957428,0.4843147397041321,0.051475733518600464,0.75160151720047,0.5574202537536621,0.5100833177566528,-0.11586038768291473,0.20747150480747223,0.5786464810371399,0.48433399200439453,0.05509314686059952,0.713595449924469,0.5417270660400391,0.5825845003128052,0.10486307740211487,0.9999358057975769,0.5151069760322571,0.5809023976325989,-0.10490246117115021,0.9999127388000488,0.5299066305160522,0.6376622915267944,0.08979833871126175,0.7983902096748352,0.5069652199745178,0.6410471200942993,-0.10007615387439728,0.9767587780952454,0.466110497713089,0.6940485239028931,0.15128199756145477,0.9258198738098145,0.473786324262619,0.6985874772071838,-0.04527118429541588,0.9899446964263916,0.44921359419822693,0.702064573764801,0.1547008603811264,0.899699866771698,0.46195563673973083,0.7039092183113098,-0.04275922104716301,0.9591329097747803,0.4852280914783478,0.7107328772544861,0.09197869896888733,0.9387097358703613,0.49320000410079956,0.7214962840080261,-0.1297365427017212,0.9852818846702576
215,0.5397420525550842,0.46328064799308777,0.001084318500943482,0.9996942281723022,0.533710241317749,0.4583439826965332,0.015819301828742027,0.9996490478515625,0.5330256819725037,0.458464652299881,0.01580997183918953,0.9995871782302856,0.5323299169540405,0.458628386259079,0.015784090384840965,0.9996736645698547,0.5323917865753174,0.45795804262161255,-0.021325431764125824,0.9997460842132568,0.5307455062866211,0.4577907621860504,-0.02140706218779087,0.9997671246528625,0.5289850831031799,0.45766934752464294,-0.021456757560372353,0.9997618198394775,0.5213907957077026,0.46188074350357056,0.0955204889178276,0.999517023563385,0.51544189453125,0.4603191316127777,-0.06812100112438202,0.9997763633728027,0.5373817682266235,0.46897655725479126,0.035318516194820404,0.9994036555290222,0.5355402231216431,0.4683426320552826,-0.012274364940822124,0.9993935823440552,0.5186086297035217,0.4931080937385559,0.20698240399360657,0.9993928074836731,0.5012851357460022,0.48464152216911316,-0.1705680787563324,0.9996377825737,0.5670943856239319,0.5080146193504333,0.1488444209098816,0.15876267850399017,0.554697573184967,0.49307072162628174,-0.17220430076122284,0.9649336934089661,0.5706163644790649,0.507402241230011,-0.03240341320633888,0.2115178257226944,0.5777274966239929,0.482990562915802,0.03127839416265488,0.8207604289054871,0.5736550092697144,0.5093997120857239,-0.04567788168787956,0.20720839500427246,0.5864476561546326,0.4822726547718048,0.028928926214575768,0.7702472805976868,0.5648342967033386,0.5089074373245239,-0.053172532469034195,0.20710289478302002,0.5814838409423828,0.48427608609199524,0.04115594923496246,0.7569825053215027,0.5629085898399353,0.5089672207832336,-0.04297935962677002,0.22110727429389954,0.5794642567634583,0.48435381054878235,0.04440731182694435,0.7191935777664185,0.5353095531463623,0.580513060092926,0.10521367937326431,0.9999299049377441,0.5181072950363159,0.5805984735488892,-0.10528906434774399,0.9999068975448608,0.4968429505825043,0.6375725865364075,0.09176164865493774,0.7927629351615906,0.5311799049377441,0.6401625871658325,-0.09252338856458664,0.976311445236206,0.41565507650375366,0.6894819736480713,0.1449895203113556,0.9188077449798584,0.5162951946258545,0.7008764147758484,-0.04983365908265114,0.9890537261962891,0.40058639645576477,0.692089855670929,0.14839200675487518,0.8943397998809814,0.5055180191993713,0.7072632312774658,-0.047940924763679504,0.956706166267395,0.41862013936042786,0.712468147277832,0.09586284309625626,0.933199405670166,0.5645223259925842,0.7192036509513855,-0.12931719422340393,0.9838190674781799
216,0.542546808719635,0.4611912965774536,-0.002778426045551896,0.9996819496154785,0.5357211828231812,0.4563857614994049,0.012139156460762024,0.9996373057365417,0.5346617698669434,0.45657065510749817,0.012106426060199738,0.9995768070220947,0.5335702896118164,0.4568227231502533,0.012056373059749603,0.9996656775474548,0.5348222255706787,0.45611363649368286,-0.02610340341925621,0.9997342228889465,0.533056914806366,0.45607689023017883,-0.02618400752544403,0.9997555017471313,0.5312625169754028,0.4560900032520294,-0.0262310728430748,0.9997507929801941,0.5215957760810852,0.46097680926322937,0.09334389120340347,0.9994964599609375,0.5182569622993469,0.4595907926559448,-0.07616262137889862,0.9997738599777222,0.5404396057128906,0.46737194061279297,0.03199677914381027,0.9994013905525208,0.5388156175613403,0.46675679087638855,-0.01728716865181923,0.9993952512741089,0.5195157527923584,0.49387386441230774,0.20317281782627106,0.9993781447410583,0.5017352104187012,0.4850507378578186,-0.17599061131477356,0.9996269345283508,0.5750706791877747,0.5064025521278381,0.13986963033676147,0.17147251963615417,0.5581724047660828,0.4938613474369049,-0.1730699986219406,0.9654027223587036,0.5704370737075806,0.5064159035682678,-0.04944951459765434,0.2270573228597641,0.5810382962226868,0.48669955134391785,0.04001632705330849,0.8230019807815552,0.5729348659515381,0.5105981230735779,-0.06507349759340286,0.21996846795082092,0.5889243483543396,0.48611390590667725,0.03760991618037224,0.7707473635673523,0.5625352263450623,0.5101704597473145,-0.07030054926872253,0.21964330971240997,0.5840734839439392,0.485676646232605,0.04943156614899635,0.7571657299995422,0.5611016750335693,0.5100176930427551,-0.0595708005130291,0.23433060944080353,0.5818879008293152,0.485887348651886,0.052969880402088165,0.7194052934646606,0.5391404032707214,0.5845177173614502,0.10480454564094543,0.9999285936355591,0.5175727009773254,0.5818179845809937,-0.10489359498023987,0.9999037981033325,0.49690383672714233,0.6420295834541321,0.11233706772327423,0.7831698656082153,0.5208973288536072,0.6415655016899109,-0.07970014214515686,0.9752316474914551,0.414489209651947,0.6924816370010376,0.16895587742328644,0.9111807942390442,0.5085558295249939,0.7022002935409546,-0.028637217357754707,0.9881957173347473,0.39759111404418945,0.6951499581336975,0.17195747792720795,0.887829065322876,0.497977077960968,0.7079725861549377,-0.026256809011101723,0.954541027545929,0.4226421117782593,0.7165687084197998,0.1126687079668045,0.9277129173278809,0.5357882380485535,0.7241638898849487,-0.10945133864879608,0.982496440410614
217,0.5402354598045349,0.4616162180900574,0.0004593379271682352,0.9997038841247559,0.5338422656059265,0.45675626397132874,0.017380012199282646,0.9996612071990967,0.5328059196472168,0.4570174217224121,0.017384670674800873,0.9996040463447571,0.5318215489387512,0.45737993717193604,0.017382916063070297,0.9996864795684814,0.5328533053398132,0.4561532139778137,-0.020633770152926445,0.999750554561615,0.5312322974205017,0.4560089409351349,-0.02070687524974346,0.9997691512107849,0.5295130014419556,0.45594677329063416,-0.020722659304738045,0.9997638463973999,0.5205212831497192,0.46127286553382874,0.10350264608860016,0.9995198249816895,0.516937792301178,0.4593786299228668,-0.06379390507936478,0.9997861981391907,0.5378333330154419,0.4680100679397583,0.03634057939052582,0.9994397163391113,0.5364776253700256,0.4668952524662018,-0.012311842292547226,0.9994336366653442,0.5211904048919678,0.49248751997947693,0.21340890228748322,0.9994260668754578,0.5016326904296875,0.4847705662250519,-0.17557427287101746,0.9996444582939148,0.5691137909889221,0.5110121965408325,0.12021504342556,0.19087550044059753,0.5608968734741211,0.4955626428127289,-0.18378271162509918,0.9671834111213684,0.5759393572807312,0.5029433369636536,-0.09615828841924667,0.25572606921195984,0.5820466876029968,0.48509034514427185,0.014062494039535522,0.8336654901504517,0.5752438902854919,0.5036150217056274,-0.11636403948068619,0.2446068376302719,0.5900086760520935,0.48332086205482483,0.009782937355339527,0.7822481393814087,0.5661293864250183,0.5028896927833557,-0.11959424614906311,0.24356511235237122,0.5871766805648804,0.48255157470703125,0.023233942687511444,0.7687051296234131,0.5641459822654724,0.5033557415008545,-0.1066117137670517,0.2571893036365509,0.5827576518058777,0.48335736989974976,0.02789146453142166,0.7303084135055542,0.5395804047584534,0.5798547863960266,0.10636577010154724,0.9999337792396545,0.516086220741272,0.5783493518829346,-0.10636977106332779,0.9999082684516907,0.5459954142570496,0.6380113959312439,0.05606638640165329,0.7941227555274963,0.4950503408908844,0.6404011845588684,-0.10024476051330566,0.9759145379066467,0.5374398827552795,0.6970857977867126,0.1116250604391098,0.915475606918335,0.4157163202762604,0.6918984055519104,-0.03744876757264137,0.9883056282997131,0.4947327673435211,0.7051404714584351,0.11352956295013428,0.8902835249900818,0.3983847498893738,0.6948432922363281,-0.03562119975686073,0.9534303545951843,0.559692919254303,0.7140167355537415,0.03571179881691933,0.9303730726242065,0.421626478433609,0.7174399495124817,-0.130000039935112,0.9825443625450134
218,0.5406673550605774,0.4626034200191498,-0.003345187520608306,0.999721109867096,0.5353803038597107,0.4577138125896454,0.013145526871085167,0.9996790885925293,0.5343953371047974,0.4579150974750519,0.013118433766067028,0.9996243119239807,0.5333806276321411,0.4581485092639923,0.013097815215587616,0.9997019171714783,0.5347835421562195,0.4571353495121002,-0.026665251702070236,0.999763548374176,0.5331923961639404,0.45688602328300476,-0.026759404689073563,0.9997806549072266,0.5316138863563538,0.4566608965396881,-0.026802590116858482,0.9997752904891968,0.5204834342002869,0.4616890251636505,0.09945995360612869,0.9995426535606384,0.5176584124565125,0.4593135714530945,-0.07679549604654312,0.9997996091842651,0.5375636219978333,0.46818608045578003,0.03304925188422203,0.9994763731956482,0.5366948843002319,0.46747511625289917,-0.01816616766154766,0.9994741678237915,0.5164657235145569,0.49239253997802734,0.21545465290546417,0.9994731545448303,0.501701295375824,0.4841853976249695,-0.18844808638095856,0.9996724724769592,0.5693435668945312,0.5068357586860657,0.14277879893779755,0.2046552449464798,0.5527653098106384,0.4927714467048645,-0.20272213220596313,0.969488263130188,0.5714494585990906,0.5091031193733215,-0.05720199644565582,0.27465030550956726,0.587371289730072,0.48695048689842224,-0.0014839106006547809,0.8441903591156006,0.578157901763916,0.5113382935523987,-0.07324372231960297,0.26022884249687195,0.5942440629005432,0.4843013882637024,-0.00847596861422062,0.7928866147994995,0.5695357918739319,0.5102841258049011,-0.08156842738389969,0.25870609283447266,0.5880308151245117,0.4837985336780548,0.009266654960811138,0.7793865203857422,0.5681097507476807,0.5102946162223816,-0.06917323172092438,0.2722254991531372,0.5861419439315796,0.48447185754776,0.01327463984489441,0.741131603717804,0.5394589304924011,0.5828288793563843,0.11196298897266388,0.9999391436576843,0.5168907046318054,0.579820990562439,-0.11191193759441376,0.9999147057533264,0.5488683581352234,0.6411462426185608,0.07143097370862961,0.7995869517326355,0.49440324306488037,0.6431294679641724,-0.1147947832942009,0.9764686822891235,0.541347861289978,0.6991997957229614,0.12152405828237534,0.9173073768615723,0.417000949382782,0.6951128840446472,-0.0651499554514885,0.9883763194084167,0.5042680501937866,0.7069942355155945,0.12312089651823044,0.8910219073295593,0.4050380289554596,0.69883131980896,-0.06434205174446106,0.9529579877853394,0.5641689896583557,0.7169767022132874,0.049972910434007645,0.9318739175796509,0.42482173442840576,0.7184491753578186,-0.1562747061252594,0.9827694296836853
219,0.5396989583969116,0.46271613240242004,0.017970813438296318,0.9997458457946777,0.5337175130844116,0.45773616433143616,0.036587342619895935,0.9997071027755737,0.5327809453010559,0.45797011256217957,0.036606043577194214,0.9996566772460938,0.5317984819412231,0.4582624137401581,0.036644913256168365,0.9997271299362183,0.5328747630119324,0.4570973515510559,-0.0022545289248228073,0.999783992767334,0.531335175037384,0.4568589925765991,-0.002346805529668927,0.9997991919517517,0.5296887159347534,0.456667959690094,-0.002387656830251217,0.9997941851615906,0.5201573371887207,0.46164900064468384,0.1252286583185196,0.9995782375335693,0.5176048278808594,0.4596681594848633,-0.04645420238375664,0.9998167753219604,0.5373830199241638,0.46865060925483704,0.054257430136203766,0.9995209574699402,0.5361128449440002,0.46770063042640686,0.004390521440654993,0.9995205402374268,0.5218935012817383,0.49494823813438416,0.23649433255195618,0.9995149970054626,0.5022487044334412,0.4852977693080902,-0.16811665892601013,0.9997004270553589,0.5624057054519653,0.5196406245231628,0.13654786348342896,0.21792076528072357,0.5541058778762817,0.498068630695343,-0.21201302111148834,0.9719505906105042,0.5834149718284607,0.4995037019252777,-0.08070379495620728,0.30576175451278687,0.5836155414581299,0.4862087666988373,-0.05511424317955971,0.8570401668548584,0.5870384573936462,0.49455854296684265,-0.09826132655143738,0.2889231741428375,0.5930609107017517,0.4842473864555359,-0.06687386333942413,0.8080100417137146,0.5826746225357056,0.49302414059638977,-0.10312281548976898,0.2867552936077118,0.5886604189872742,0.48342323303222656,-0.04886431619524956,0.7951142191886902,0.5762262344360352,0.49412909150123596,-0.09180089831352234,0.2991434931755066,0.5861124396324158,0.4853295087814331,-0.041043687611818314,0.7584285736083984,0.5390703082084656,0.5803208947181702,0.11608631163835526,0.9999436140060425,0.5161335468292236,0.5798310041427612,-0.1160392016172409,0.9999207854270935,0.540451169013977,0.6379131078720093,0.10949254781007767,0.8044924139976501,0.49803245067596436,0.6407592296600342,-0.15622578561306,0.9775558114051819,0.5001071095466614,0.6960920691490173,0.18026554584503174,0.9181361198425293,0.41721099615097046,0.6934410333633423,-0.11713074892759323,0.9888077974319458,0.48371610045433044,0.7041424512863159,0.18377874791622162,0.8915073871612549,0.40665990114212036,0.697546124458313,-0.11697590351104736,0.9537050127983093,0.5294777154922485,0.7123754024505615,0.11781785637140274,0.9324523210525513,0.43534231185913086,0.7191506028175354,-0.21513135731220245,0.9833643436431885
220,0.5434210896492004,0.46134042739868164,-0.019509632140398026,0.9997664093971252,0.5376065969467163,0.4567950367927551,-0.001157718594186008,0.9997303485870361,0.5366264581680298,0.4570264220237732,-0.0011673122644424438,0.9996836185455322,0.5355814099311829,0.45730075240135193,-0.001154214609414339,0.9997475743293762,0.5367164611816406,0.45629745721817017,-0.04155486449599266,0.9998005032539368,0.5349600911140442,0.45615482330322266,-0.04164431244134903,0.9998139142990112,0.5331584811210632,0.456042617559433,-0.04170278087258339,0.9998089671134949,0.5226335525512695,0.46066993474960327,0.09219519048929214,0.9996054768562317,0.5191968083381653,0.45904698967933655,-0.08625084161758423,0.9998311400413513,0.5412654876708984,0.46734845638275146,0.018870092928409576,0.9995576739311218,0.5400156378746033,0.46658557653427124,-0.032925430685281754,0.9995592832565308,0.5255979895591736,0.4932660460472107,0.2094908356666565,0.9995522499084473,0.5027974843978882,0.48469963669776917,-0.20408090949058533,0.9997222423553467,0.5685890913009644,0.5148857235908508,0.08761751651763916,0.23476649820804596,0.5529836416244507,0.4998551607131958,-0.22737085819244385,0.9740184545516968,0.5822070240974426,0.4991978108882904,-0.16049174964427948,0.33720827102661133,0.5857257843017578,0.48804834485054016,-0.03762903809547424,0.8680256605148315,0.5842322707176208,0.4974451959133148,-0.18329469859600067,0.31822526454925537,0.59523606300354,0.4859029948711395,-0.04586939886212349,0.8204061985015869,0.57427579164505,0.49717894196510315,-0.18760071694850922,0.3153228461742401,0.5921798348426819,0.4846910536289215,-0.02809244580566883,0.8078869581222534,0.5735920071601868,0.49723395705223083,-0.1724974811077118,0.3256995975971222,0.5873233079910278,0.4858425259590149,-0.0223433468490839,0.7718183398246765,0.5423274040222168,0.5826399922370911,0.1177530363202095,0.999947726726532,0.5154644846916199,0.580377459526062,-0.11766032874584198,0.9999254941940308,0.550039529800415,0.6396564245223999,0.10905542969703674,0.8126087784767151,0.49190810322761536,0.6421003341674805,-0.13456985354423523,0.9785656332969666,0.5453130602836609,0.6970731019973755,0.18620294332504272,0.9214962720870972,0.41140541434288025,0.6942690014839172,-0.0650649219751358,0.9890989065170288,0.5285383462905884,0.7040567994117737,0.1902616173028946,0.8939749598503113,0.39697062969207764,0.6967626810073853,-0.06288182735443115,0.9533186554908752,0.5738003253936768,0.7165957093238831,0.1158694326877594,0.9348283410072327,0.4216507077217102,0.7190982699394226,-0.16393963992595673,0.9837683439254761
221,0.5409882664680481,0.4629593789577484,-0.020441453903913498,0.999786913394928,0.5355568528175354,0.4583006501197815,-0.0016118120402097702,0.9997537136077881,0.5346550941467285,0.4584923982620239,-0.0016135574551299214,0.9997106194496155,0.5337286591529846,0.4587182402610779,-0.0015918725403025746,0.9997687935829163,0.5345942974090576,0.45780646800994873,-0.041198644787073135,0.9998175501823425,0.532956600189209,0.45762306451797485,-0.041279956698417664,0.9998293519020081,0.531196653842926,0.4574654698371887,-0.041323695331811905,0.9998247027397156,0.5212889313697815,0.4616457521915436,0.09240095317363739,0.9996359944343567,0.5169609785079956,0.4601232409477234,-0.08182618767023087,0.999845564365387,0.5382764935493469,0.4684010446071625,0.01782587543129921,0.9995953440666199,0.5368521213531494,0.4676686227321625,-0.03280368819832802,0.9995975494384766,0.5203794836997986,0.4944857358932495,0.20912247896194458,0.9995877742767334,0.5038900375366211,0.48568040132522583,-0.20306071639060974,0.9997425675392151,0.5686901211738586,0.5161402821540833,0.08747383207082748,0.24914956092834473,0.5579203367233276,0.49820268154144287,-0.23263238370418549,0.9760974645614624,0.5793426036834717,0.5006120204925537,-0.16094805300235748,0.3639312982559204,0.5874708890914917,0.4892507493495941,-0.04237114265561104,0.8787486553192139,0.5867389440536499,0.4984024167060852,-0.18568286299705505,0.34241950511932373,0.5978419184684753,0.48563623428344727,-0.05104244127869606,0.8332193493843079,0.5779235363006592,0.4951375126838684,-0.18982356786727905,0.33920711278915405,0.5951211452484131,0.48607322573661804,-0.03446837514638901,0.8212257027626038,0.5760433077812195,0.49818137288093567,-0.17324383556842804,0.3487802743911743,0.5896469950675964,0.4870634078979492,-0.027699876576662064,0.786305844783783,0.5406889915466309,0.583213210105896,0.11364192515611649,0.9999518990516663,0.5179082155227661,0.5819746851921082,-0.11356407403945923,0.9999301433563232,0.5547043681144714,0.6411399245262146,0.08025898039340973,0.8228386640548706,0.4913346469402313,0.6434765458106995,-0.10198324918746948,0.9794678688049316,0.5453332662582397,0.6983238458633423,0.15319490432739258,0.9256115555763245,0.4113646149635315,0.6940985918045044,-0.020593248307704926,0.9893069267272949,0.528615415096283,0.7058517932891846,0.15668733417987823,0.8970637321472168,0.39702704548835754,0.697017252445221,-0.017267653718590736,0.952474057674408,0.5746443271636963,0.7183010578155518,0.07905297726392746,0.9377824068069458,0.4196365177631378,0.7189411520957947,-0.11433328688144684,0.9840887784957886
222,0.5421941876411438,0.4613143801689148,-0.0036061815917491913,0.9998054504394531,0.535843014717102,0.4566318094730377,0.015189647674560547,0.9997749924659729,0.5346247553825378,0.4568360447883606,0.015178431756794453,0.9997352957725525,0.5333482623100281,0.4571179151535034,0.015183978714048862,0.9997880458831787,0.5353009700775146,0.45614326000213623,-0.025247927755117416,0.9998331069946289,0.5336856245994568,0.4560103416442871,-0.025337766855955124,0.9998435378074646,0.5320025682449341,0.4559532403945923,-0.025387953966856003,0.9998390674591064,0.5207915902137756,0.4606591463088989,0.10793780535459518,0.9996644854545593,0.5194723010063171,0.4592928886413574,-0.07071324437856674,0.9998588562011719,0.5397429466247559,0.4674290418624878,0.034256674349308014,0.9996300339698792,0.5388930439949036,0.46666890382766724,-0.01764649711549282,0.9996326565742493,0.5255810022354126,0.49529191851615906,0.2210685908794403,0.9996201992034912,0.5045239925384521,0.48602530360221863,-0.19470541179180145,0.9997609257698059,0.5706342458724976,0.5115625262260437,0.10867449641227722,0.2529943585395813,0.5581197738647461,0.49762022495269775,-0.2306627780199051,0.9779070019721985,0.585881233215332,0.5005466341972351,-0.12697860598564148,0.3784077763557434,0.5933329463005066,0.48941680788993835,-0.03793729096651077,0.8880318999290466,0.5927303433418274,0.4981212019920349,-0.1472194641828537,0.35671791434288025,0.6024150252342224,0.4858168065547943,-0.045013248920440674,0.8441617488861084,0.5838489532470703,0.4972980320453644,-0.15383650362491608,0.35339388251304626,0.5974370241165161,0.4860326051712036,-0.02671240083873272,0.8325298428535461,0.5821713209152222,0.4974197745323181,-0.1398046612739563,0.3630260229110718,0.5945295691490173,0.48672178387641907,-0.022474894300103188,0.7984604835510254,0.5422566533088684,0.5832245945930481,0.11179898679256439,0.9999560117721558,0.5169761776924133,0.5810816287994385,-0.11171920597553253,0.9999351501464844,0.5506806373596191,0.640686571598053,0.050705086439847946,0.8335089087486267,0.48698583245277405,0.6436533331871033,-0.11021831631660461,0.9804352521896362,0.5447103381156921,0.696862518787384,0.11323408782482147,0.9298887252807617,0.411440908908844,0.6952698230743408,-0.036437053233385086,0.9897167086601257,0.5291489958763123,0.703889787197113,0.11590950936079025,0.9008466601371765,0.3967840075492859,0.6985772848129272,-0.0340341292321682,0.9529589414596558,0.5698693990707397,0.717734158039093,0.03381600230932236,0.941125214099884,0.41799530386924744,0.719086766242981,-0.13505296409130096,0.9847275614738464
223,0.5423389077186584,0.4616664946079254,-0.028257079422473907,0.9998230338096619,0.5362808704376221,0.4568523168563843,-0.009000556543469429,0.999795138835907,0.535139799118042,0.4570010304450989,-0.00901405606418848,0.9997587203979492,0.5339329838752747,0.4572336971759796,-0.009010674431920052,0.9998064637184143,0.5356592535972595,0.4564960300922394,-0.04884648695588112,0.9998478293418884,0.5341207981109619,0.4563935399055481,-0.048938728868961334,0.9998570680618286,0.532453715801239,0.45635709166526794,-0.048989102244377136,0.9998527765274048,0.5213227868080139,0.46084973216056824,0.08681992441415787,0.9996922016143799,0.519817590713501,0.4597291648387909,-0.08876341581344604,0.9998714923858643,0.540066123008728,0.467679888010025,0.010736684314906597,0.9996627569198608,0.5389395952224731,0.4670603573322296,-0.040241267532110214,0.9996656775474548,0.5273298025131226,0.4950483441352844,0.20670464634895325,0.9996523261070251,0.5049977898597717,0.4859319031238556,-0.20956964790821075,0.9997802972793579,0.5704437494277954,0.5172577500343323,0.0838397815823555,0.2605624198913574,0.5551120042800903,0.5005927681922913,-0.2328127771615982,0.9795984029769897,0.5870451927185059,0.5010426044464111,-0.16712094843387604,0.39640969038009644,0.5931331515312195,0.49001970887184143,-0.03613433986902237,0.8967470526695251,0.5940965414047241,0.4987572431564331,-0.19090202450752258,0.37334495782852173,0.6027477979660034,0.48807767033576965,-0.043141551315784454,0.854648768901825,0.5855304002761841,0.49772506952285767,-0.19682684540748596,0.36991915106773376,0.5977822542190552,0.48679256439208984,-0.02505583129823208,0.8433952927589417,0.5836024880409241,0.4979213774204254,-0.18013331294059753,0.3786711096763611,0.5947291254997253,0.48739367723464966,-0.020208368077874184,0.8099755644798279,0.5432405471801758,0.5847944617271423,0.11312045902013779,0.9999597072601318,0.5165178775787354,0.5823706388473511,-0.11303369700908661,0.999939501285553,0.5540899634361267,0.6420691609382629,0.07303745299577713,0.8441780209541321,0.48667868971824646,0.6433630585670471,-0.10478109121322632,0.9814847111701965,0.5479289889335632,0.6979590654373169,0.13658490777015686,0.9347273707389832,0.4112796485424042,0.6938258409500122,-0.01625639945268631,0.9900801181793213,0.5338587164878845,0.7051023840904236,0.13888521492481232,0.9053956270217896,0.3949214518070221,0.6956192255020142,-0.012331098318099976,0.9533408284187317,0.5763988494873047,0.7181248068809509,0.053828101605176926,0.9446698427200317,0.4193122684955597,0.7172834873199463,-0.11180439591407776,0.985237717628479
224,0.5443480610847473,0.46318796277046204,-0.029333898797631264,0.9998381733894348,0.5383881330490112,0.4581027925014496,-0.010690711438655853,0.9998120665550232,0.5373346209526062,0.4581764042377472,-0.010705255903303623,0.9997783303260803,0.5362153649330139,0.4583028256893158,-0.010711305774748325,0.9998219609260559,0.5375734567642212,0.457851380109787,-0.05124712362885475,0.9998601675033569,0.5359769463539124,0.457743376493454,-0.05133476480841637,0.9998682737350464,0.5342321991920471,0.4576711058616638,-0.051369696855545044,0.9998641014099121,0.5236088633537292,0.46131476759910583,0.08350182324647903,0.9997150301933289,0.5212052464485168,0.46063101291656494,-0.09554416686296463,0.9998820424079895,0.5421518087387085,0.4689449667930603,0.009222980588674545,0.9996914863586426,0.5408952236175537,0.4684208035469055,-0.04274153336882591,0.9996945858001709,0.527074933052063,0.49621668457984924,0.2051854431629181,0.9996817708015442,0.5014373064041138,0.4866310954093933,-0.2146844118833542,0.9997968673706055,0.570835530757904,0.5169856548309326,0.10643447935581207,0.2675616443157196,0.5546432137489319,0.4995902180671692,-0.24575960636138916,0.981127142906189,0.5855118632316589,0.506554365158081,-0.12604689598083496,0.40968045592308044,0.595379114151001,0.49056780338287354,-0.05305654555559158,0.9041153192520142,0.5923486351966858,0.5105017423629761,-0.1479261964559555,0.38550105690956116,0.6050134301185608,0.489163339138031,-0.06117403134703636,0.8631097078323364,0.5853285789489746,0.509580671787262,-0.15591883659362793,0.38197630643844604,0.5999355912208557,0.48796209692955017,-0.04199182987213135,0.8520655035972595,0.5817741751670837,0.5102360248565674,-0.13938574492931366,0.3901608884334564,0.5967624187469482,0.48844441771507263,-0.03723389282822609,0.8188899159431458,0.5425176620483398,0.5852819085121155,0.11367320269346237,0.9999630451202393,0.5158519148826599,0.583123505115509,-0.11359047144651413,0.9999430775642395,0.5557858347892761,0.6425432562828064,0.050165481865406036,0.8536075353622437,0.48737359046936035,0.6439996361732483,-0.09342111647129059,0.9822673797607422,0.5446050763130188,0.6985756754875183,0.11528345197439194,0.938940703868866,0.4116780757904053,0.6949769854545593,0.012161781080067158,0.9902429580688477,0.5335034728050232,0.7056733965873718,0.11788730323314667,0.9093809723854065,0.3956126570701599,0.6967264413833618,0.01812830939888954,0.9530683159828186,0.5730573534965515,0.7181333899497986,0.035945918411016464,0.9478062391281128,0.4196709394454956,0.7184745073318481,-0.07174622267484665,0.9854929447174072
225,0.5455767512321472,0.46128320693969727,-0.03077768348157406,0.999852180480957,0.5391581654548645,0.4565396010875702,-0.012815659865736961,0.9998281598091125,0.5379408597946167,0.4566386044025421,-0.012805640697479248,0.9997968673706055,0.5366308689117432,0.4567857086658478,-0.012784496881067753,0.9998365640640259,0.5386914610862732,0.456264466047287,-0.05309893563389778,0.9998718500137329,0.5371299982070923,0.4561840295791626,-0.05319296196103096,0.9998787641525269,0.5354591012001038,0.45614299178123474,-0.05324603617191315,0.9998748898506165,0.5239277482032776,0.46038585901260376,0.07921885699033737,0.9997352361679077,0.5224938988685608,0.4592934846878052,-0.09842826426029205,0.9998915195465088,0.5433235168457031,0.4675217270851135,0.00700251292437315,0.9997171759605408,0.5425646305084229,0.46692073345184326,-0.044604554772377014,0.9997204542160034,0.5268932580947876,0.49578389525413513,0.20287202298641205,0.9997045993804932,0.5067369341850281,0.4847094416618347,-0.21892684698104858,0.9998108148574829,0.5648866295814514,0.5211048722267151,0.1131390854716301,0.2675439119338989,0.5549530982971191,0.4998842775821686,-0.259138822555542,0.982485294342041,0.5924449563026428,0.5031770467758179,-0.1113177239894867,0.42141056060791016,0.5902944207191467,0.49074870347976685,-0.0944940596818924,0.9115163683891296,0.5985679626464844,0.4997216761112213,-0.13113850355148315,0.39824169874191284,0.6024398803710938,0.4884081184864044,-0.10549579560756683,0.8724579215049744,0.5959616303443909,0.49555572867393494,-0.14110668003559113,0.3949085474014282,0.6001644730567932,0.48709824681282043,-0.08856174349784851,0.8618960380554199,0.5879029631614685,0.49913302063941956,-0.12519389390945435,0.4024704396724701,0.5943756103515625,0.48820969462394714,-0.07995021343231201,0.8297376036643982,0.5404601097106934,0.5820375084877014,0.11554872244596481,0.999965488910675,0.516464114189148,0.5796399712562561,-0.1154533326625824,0.9999458193778992,0.5516160726547241,0.6403545141220093,0.08812924474477768,0.8603455424308777,0.4929468333721161,0.6416917443275452,-0.09813249856233597,0.9829134941101074,0.5442667007446289,0.6977782845497131,0.1623251736164093,0.941853404045105,0.4132300019264221,0.6918128728866577,-0.008963371627032757,0.9904384613037109,0.5334031581878662,0.7045465707778931,0.16570548713207245,0.9118356704711914,0.3974825441837311,0.6944428086280823,-0.004896895494312048,0.9528409242630005,0.5716780424118042,0.7171195149421692,0.08847213536500931,0.9499253630638123,0.41955462098121643,0.7160537242889404,-0.10007057338953018,0.9857646226882935
226,0.545974612236023,0.4609161913394928,-0.027481267228722572,0.999863862991333,0.5397554039955139,0.45629292726516724,-0.00956987589597702,0.9998413920402527,0.5386604070663452,0.4563794434070587,-0.009597324766218662,0.999812126159668,0.5374727845191956,0.45650961995124817,-0.009603956714272499,0.9998484253883362,0.5390216708183289,0.4562292993068695,-0.04999325051903725,0.9998812079429626,0.5374345183372498,0.4562726616859436,-0.05008285865187645,0.9998871088027954,0.5356677770614624,0.4562428593635559,-0.05012809857726097,0.999883234500885,0.5245999097824097,0.45997363328933716,0.08287473767995834,0.9997521638870239,0.5223352909088135,0.4598827362060547,-0.09537152945995331,0.9998996257781982,0.5437402725219727,0.4669351875782013,0.010854765772819519,0.9997383952140808,0.5427509546279907,0.4666964113712311,-0.04082523658871651,0.9997421503067017,0.5273171663284302,0.4941488206386566,0.20601779222488403,0.9997266530990601,0.5022859573364258,0.48562905192375183,-0.21738149225711823,0.9998230338096619,0.5732548236846924,0.5127527117729187,0.1023748442530632,0.2707017660140991,0.5557008981704712,0.49907323718070984,-0.23641082644462585,0.9834919571876526,0.5873202681541443,0.5053521394729614,-0.13607347011566162,0.42943233251571655,0.5977226495742798,0.4920909106731415,-0.03923289477825165,0.9166578650474548,0.594555675983429,0.5035722255706787,-0.157916858792305,0.4051040709018707,0.6077538728713989,0.48996588587760925,-0.04750543460249901,0.8781793713569641,0.5848194360733032,0.5033653974533081,-0.1657911092042923,0.40176448225975037,0.6051032543182373,0.48846378922462463,-0.03013618290424347,0.8676998615264893,0.5835107564926147,0.5030246376991272,-0.1493394821882248,0.4089147746562958,0.6000169515609741,0.489322692155838,-0.023597046732902527,0.8352301716804504,0.5414429903030396,0.5826798677444458,0.11790710687637329,0.9999679327011108,0.5140637159347534,0.5803495049476624,-0.11785563081502914,0.9999487400054932,0.5528905987739563,0.6417657732963562,0.1181105449795723,0.8660127520561218,0.48687440156936646,0.6434711217880249,-0.12005984038114548,0.9836787581443787,0.5480554699897766,0.6972779035568237,0.1936267614364624,0.9445419311523438,0.4098844528198242,0.6929283142089844,-0.03759203478693962,0.9906744360923767,0.5349523425102234,0.7048494219779968,0.1970486342906952,0.9139803051948547,0.3943377733230591,0.695036768913269,-0.034134551882743835,0.952924907207489,0.5744027495384216,0.716496467590332,0.11975447833538055,0.9516596794128418,0.4202542006969452,0.7188083529472351,-0.13310664892196655,0.9860620498657227
227,0.5460991859436035,0.461462140083313,-0.03348516672849655,0.9998719692230225,0.5393388867378235,0.45648640394210815,-0.015505179762840271,0.9998498558998108,0.5382046699523926,0.4566156268119812,-0.015540207736194134,0.9998219609260559,0.536992609500885,0.4567941427230835,-0.01556485891342163,0.9998558759689331,0.5386202931404114,0.45636847615242004,-0.05481797084212303,0.9998870491981506,0.5370027422904968,0.4564225375652313,-0.054901864379644394,0.9998921155929565,0.5351865887641907,0.45651206374168396,-0.05493997409939766,0.9998878836631775,0.5246408581733704,0.4604901075363159,0.07869141548871994,0.9997618794441223,0.5217676758766174,0.4602064788341522,-0.0949203297495842,0.9999052286148071,0.5439907908439636,0.4679158926010132,0.005481149535626173,0.9997548460960388,0.542975664138794,0.46764782071113586,-0.044867128133773804,0.9997589588165283,0.529632031917572,0.4947762191295624,0.1963914930820465,0.9997485280036926,0.5031393766403198,0.48609742522239685,-0.20752625167369843,0.9998345375061035,0.573201596736908,0.5113539695739746,0.09313859045505524,0.2818768322467804,0.5571146607398987,0.49805888533592224,-0.21990729868412018,0.9844197034835815,0.5783644914627075,0.5131606459617615,-0.1445876955986023,0.4407995343208313,0.6001127362251282,0.4932897388935089,-0.012242591939866543,0.9209255576133728,0.5866607427597046,0.5175830125808716,-0.1692192405462265,0.41408035159111023,0.610377848148346,0.4913727343082428,-0.019093191251158714,0.8824377655982971,0.5775986909866333,0.5164598822593689,-0.1767340451478958,0.41072237491607666,0.6072120070457458,0.4899841547012329,-0.00180291838478297,0.8719148635864258,0.5750041007995605,0.5162078738212585,-0.15767741203308105,0.41762775182724,0.601237416267395,0.4915311932563782,0.0032829593401402235,0.8388198018074036,0.5431990623474121,0.5843082070350647,0.10890298336744308,0.9999704957008362,0.513830304145813,0.5813252329826355,-0.10885544866323471,0.9999516010284424,0.5532885193824768,0.6450823545455933,0.07196659594774246,0.8719387054443359,0.4829234480857849,0.6463934779167175,-0.07307563722133636,0.9839580655097961,0.5509662628173828,0.6975002288818359,0.14241641759872437,0.9472339153289795,0.4096817076206207,0.6943091154098511,0.02656729891896248,0.9905760288238525,0.5365845561027527,0.7045382857322693,0.14551228284835815,0.9157501459121704,0.39452341198921204,0.6958317160606384,0.031575895845890045,0.9515847563743591,0.5713436603546143,0.7182340621948242,0.06092867627739906,0.9534708857536316,0.41728851199150085,0.7175775766372681,-0.06466044485569,0.9859403967857361
228,0.548342764377594,0.4626876711845398,-0.037354569882154465,0.9998827576637268,0.5422489643096924,0.45769262313842773,-0.0177947748452425,0.9998623132705688,0.5411851406097412,0.4577089250087738,-0.01780182495713234,0.9998363852500916,0.5400550961494446,0.45777836441993713,-0.017802421003580093,0.9998672604560852,0.541286051273346,0.4576837718486786,-0.057895611971616745,0.999896228313446,0.5395879149436951,0.45769014954566956,-0.057982176542282104,0.9999005198478699,0.5377243161201477,0.45772597193717957,-0.058013610541820526,0.9998964071273804,0.5276326537132263,0.4610742926597595,0.08171140402555466,0.999779224395752,0.5241239070892334,0.46093228459358215,-0.09554191678762436,0.9999127984046936,0.5461894869804382,0.46868473291397095,0.0031576810870319605,0.9997760057449341,0.5448600649833679,0.46843019127845764,-0.04831068217754364,0.9997798800468445,0.5301854014396667,0.49468642473220825,0.2021426558494568,0.999769926071167,0.5025245547294617,0.486646443605423,-0.21263733506202698,0.999847412109375,0.5733356475830078,0.5128020644187927,0.11628228425979614,0.2861650884151459,0.549361526966095,0.4996390640735626,-0.26317161321640015,0.9856476187705994,0.5899137258529663,0.5068639516830444,-0.10377247631549835,0.45060744881629944,0.5998868942260742,0.49438098073005676,-0.09569941461086273,0.9269653558731079,0.5973294973373413,0.5142156481742859,-0.12573015689849854,0.4232686161994934,0.6108520030975342,0.49257832765579224,-0.10612660646438599,0.8900703191757202,0.5879781246185303,0.5049502849578857,-0.1343674510717392,0.41999247670173645,0.607857346534729,0.4914957880973816,-0.08722110837697983,0.8799313306808472,0.5867101550102234,0.504587709903717,-0.11674291640520096,0.42651230096817017,0.6020971536636353,0.49223682284355164,-0.08017261326313019,0.8476855158805847,0.5453482270240784,0.5843774676322937,0.10758273303508759,0.9999729990959167,0.5150744318962097,0.5827350616455078,-0.10749555379152298,0.999954879283905,0.5525755882263184,0.6427193880081177,0.02557743899524212,0.8800395131111145,0.4861946403980255,0.6443498730659485,-0.07808678597211838,0.9844672083854675,0.548394501209259,0.6977230310440063,0.09190185368061066,0.9504786729812622,0.41301628947257996,0.6937615871429443,0.03383541852235794,0.9906565546989441,0.5359814167022705,0.7047139406204224,0.09446237981319427,0.9188843965530396,0.3944137692451477,0.6960659623146057,0.04030916839838028,0.9511741995811462,0.5724232792854309,0.7184221744537354,0.005629578605294228,0.9560548663139343,0.4203662872314453,0.7180283069610596,-0.05353686213493347,0.986155092716217
229,0.5478088855743408,0.46073853969573975,-0.04291458800435066,0.9998922944068909,0.5414280295372009,0.4556547999382019,-0.023787835612893105,0.9998735189437866,0.5403420329093933,0.45577743649482727,-0.023806337267160416,0.9998493194580078,0.5392456650733948,0.45598989725112915,-0.02380414307117462,0.9998772740364075,0.5406501889228821,0.4554266929626465,-0.06538652628660202,0.9999043345451355,0.5390312671661377,0.4554574191570282,-0.06548067182302475,0.999907910823822,0.5373640060424805,0.4555385708808899,-0.06553995609283447,0.9999039173126221,0.5267174243927002,0.45999875664711,0.07433424890041351,0.9997939467430115,0.5246661305427551,0.45953333377838135,-0.10935709625482559,0.9999196529388428,0.5462052226066589,0.467094749212265,-0.002660804195329547,0.999794065952301,0.545146644115448,0.4665980339050293,-0.05595599114894867,0.9997981190681458,0.5294674634933472,0.49433138966560364,0.20150502026081085,0.9997862577438354,0.5034019351005554,0.4867282807826996,-0.233675017952919,0.9998574256896973,0.5700197219848633,0.5184503197669983,0.10558800399303436,0.2807805836200714,0.5527363419532776,0.5028272867202759,-0.2739834785461426,0.9866335988044739,0.5897122621536255,0.5065318942070007,-0.12622149288654327,0.4518444538116455,0.6005478501319885,0.495361864566803,-0.0928562805056572,0.9319407343864441,0.5972921848297119,0.5044808983802795,-0.1473376750946045,0.4257420599460602,0.6116552352905273,0.492841899394989,-0.10235847532749176,0.8962266445159912,0.585629940032959,0.5046589374542236,-0.1560962200164795,0.4225917160511017,0.6084179878234863,0.4912755787372589,-0.0843409076333046,0.8863521814346313,0.5847744941711426,0.5042336583137512,-0.13971182703971863,0.42881959676742554,0.6021338701248169,0.4922165274620056,-0.07707911729812622,0.8545626997947693,0.5452893972396851,0.5841604471206665,0.11787082999944687,0.9999749660491943,0.5164380669593811,0.582865834236145,-0.11777287721633911,0.9999573230743408,0.5540796518325806,0.6429062485694885,0.09071867167949677,0.8858472108840942,0.4865545630455017,0.6444039940834045,-0.10477221012115479,0.9851163029670715,0.5479211211204529,0.6976884603500366,0.17272396385669708,0.9529920816421509,0.4113715589046478,0.6935970187187195,0.0006761777913197875,0.9908494353294373,0.5357393622398376,0.7052603363990784,0.17685967683792114,0.9214622974395752,0.3947667181491852,0.6958743333816528,0.006554494146257639,0.9512660503387451,0.574373722076416,0.7178441882133484,0.09503732621669769,0.9579504132270813,0.41946300864219666,0.7178943157196045,-0.09106612950563431,0.9864500164985657
230,0.5474139451980591,0.46187838912010193,-0.04441088065505028,0.9999014735221863,0.5412042140960693,0.4568018317222595,-0.023469727486371994,0.9998841881752014,0.540292501449585,0.45685938000679016,-0.0234654750674963,0.9998616576194763,0.53937828540802,0.4569844603538513,-0.023437028750777245,0.9998869895935059,0.5401565432548523,0.4568122625350952,-0.0640006735920906,0.9999122619628906,0.5385695099830627,0.456888884305954,-0.06410319358110428,0.9999151825904846,0.5368992686271667,0.4568788409233093,-0.06416469812393188,0.9999114274978638,0.5280066728591919,0.46047404408454895,0.08067018538713455,0.9998079538345337,0.5249638557434082,0.4605434238910675,-0.09875072538852692,0.9999260902404785,0.5462725162506104,0.4680040180683136,-0.002495124936103821,0.9998109936714172,0.5445511937141418,0.4677028954029083,-0.054517846554517746,0.9998153448104858,0.5310791730880737,0.49560391902923584,0.2070820927619934,0.9998012781143188,0.5036327838897705,0.48672011494636536,-0.2205256074666977,0.999868631362915,0.570583701133728,0.5193701386451721,0.11468672007322311,0.2821040451526642,0.5465679168701172,0.5033484697341919,-0.2834896147251129,0.9877264499664307,0.5960800647735596,0.5062729120254517,-0.11068950593471527,0.46530652046203613,0.597733736038208,0.4951227903366089,-0.1485142856836319,0.9375995993614197,0.6002781987190247,0.5054279565811157,-0.13141611218452454,0.4393744468688965,0.6122236251831055,0.4936385154724121,-0.16540013253688812,0.9039244651794434,0.5953279137611389,0.5038192868232727,-0.14155331254005432,0.4363056421279907,0.6092376708984375,0.4923461079597473,-0.14588554203510284,0.8946051001548767,0.5930497050285339,0.5037572383880615,-0.1243366077542305,0.44153109192848206,0.6028603315353394,0.4928799271583557,-0.1335754096508026,0.8642826080322266,0.5446268320083618,0.5841992497444153,0.11829102039337158,0.999976634979248,0.5156922936439514,0.5821677446365356,-0.11815419793128967,0.9999598860740662,0.5540062785148621,0.6413834691047668,0.10255353152751923,0.8898972272872925,0.48728254437446594,0.6436773538589478,-0.13989774882793427,0.9857607483863831,0.5481216311454773,0.6972120404243469,0.18367429077625275,0.9547342658042908,0.41206008195877075,0.6944361329078674,-0.0607665590941906,0.9911528825759888,0.5366232991218567,0.7040933966636658,0.18736179172992706,0.9232062697410583,0.39613428711891174,0.6969772577285767,-0.05791408196091652,0.9519956707954407,0.5742427706718445,0.7175553441047668,0.10501208156347275,0.9593560099601746,0.41912010312080383,0.7189403772354126,-0.16649481654167175,0.9869389533996582
231,0.5500439405441284,0.46191078424453735,-0.0483078770339489,0.9999101161956787,0.5444351434707642,0.4569547772407532,-0.028786171227693558,0.9998942017555237,0.5434966087341309,0.45694705843925476,-0.028784101828932762,0.9998733401298523,0.5425283312797546,0.45699387788772583,-0.028765473514795303,0.9998963475227356,0.5433247089385986,0.45694875717163086,-0.07090964913368225,0.9999197125434875,0.5415942668914795,0.45700517296791077,-0.07101473957300186,0.9999220967292786,0.5397427082061768,0.45708587765693665,-0.07106801122426987,0.9999185800552368,0.5299833416938782,0.46021273732185364,0.07304861396551132,0.9998220205307007,0.526313841342926,0.4604121148586273,-0.1140262559056282,0.9999321699142456,0.5481534004211426,0.4680721163749695,-0.006573290564119816,0.9998272657394409,0.5465013980865479,0.4678969383239746,-0.060768917202949524,0.9998316168785095,0.5319759845733643,0.4953143894672394,0.20709627866744995,0.9998170137405396,0.5038654804229736,0.4864141047000885,-0.23336581885814667,0.9998795390129089,0.5634967088699341,0.5217870473861694,0.14868956804275513,0.2783854901790619,0.5458610653877258,0.5039844512939453,-0.2936801016330719,0.9886603951454163,0.5902388691902161,0.5124765038490295,-0.056931283324956894,0.47403866052627563,0.5990554094314575,0.49550861120224,-0.16343432664871216,0.9424856305122375,0.5995509028434753,0.5107854604721069,-0.07513966411352158,0.44993311166763306,0.6138177514076233,0.4945031702518463,-0.1825004518032074,0.9105976819992065,0.5944820046424866,0.5097239017486572,-0.08927758783102036,0.4472607374191284,0.6113715767860413,0.4930860698223114,-0.16251932084560394,0.9017623662948608,0.5852078199386597,0.5112214088439941,-0.07164248824119568,0.45163121819496155,0.6053670048713684,0.49335721135139465,-0.14852434396743774,0.8725948929786682,0.5433854460716248,0.5840078592300415,0.12305203080177307,0.9999781847000122,0.5147966146469116,0.5821263790130615,-0.12293229252099991,0.9999622106552124,0.5531595945358276,0.6432381272315979,0.14292149245738983,0.8923086524009705,0.4851354658603668,0.6451489925384521,-0.09477049112319946,0.9861464500427246,0.5484187006950378,0.696937620639801,0.24002891778945923,0.9562499523162842,0.4121013879776001,0.6931173801422119,0.015802616253495216,0.991305410861969,0.5339455008506775,0.7044837474822998,0.24524705111980438,0.9248026013374329,0.3973398804664612,0.6953589916229248,0.02201332524418831,0.9521771669387817,0.5732337236404419,0.7162042856216431,0.16702397167682648,0.9605910181999207,0.421571284532547,0.7181743383407593,-0.07721490412950516,0.9872276782989502
232,0.5506370663642883,0.4614931643009186,-0.04605191573500633,0.9999172687530518,0.5448211431503296,0.4562085270881653,-0.025283465161919594,0.9999025464057922,0.5439046621322632,0.45618388056755066,-0.025289082899689674,0.9998829960823059,0.542992115020752,0.45621994137763977,-0.025278521701693535,0.9999039173126221,0.5439261794090271,0.45631206035614014,-0.067116379737854,0.9999257326126099,0.5423958897590637,0.456381231546402,-0.06722000986337662,0.9999274611473083,0.540808379650116,0.4564892053604126,-0.06729614734649658,0.9999241232872009,0.5310156345367432,0.45973724126815796,0.07955365628004074,0.9998318552970886,0.5279656052589417,0.45968377590179443,-0.10621152073144913,0.9999372363090515,0.5490931272506714,0.46784675121307373,-0.003508130321279168,0.9998404383659363,0.5474808812141418,0.4677111804485321,-0.05732152983546257,0.9998452067375183,0.532689094543457,0.49525338411331177,0.20870676636695862,0.9998295307159424,0.5040184855461121,0.48608753085136414,-0.22562313079833984,0.99988853931427,0.5630536675453186,0.5256841778755188,0.10645362734794617,0.2769314646720886,0.547301709651947,0.50754714012146,-0.2629973292350769,0.9894607663154602,0.5899178981781006,0.5121882557868958,-0.1414642184972763,0.4849856197834015,0.603598952293396,0.49871790409088135,-0.10085398703813553,0.9468284845352173,0.6006903052330017,0.5068744421005249,-0.16507595777511597,0.4624190330505371,0.6153538823127747,0.49720892310142517,-0.11566394567489624,0.9164307713508606,0.5955365896224976,0.5054093599319458,-0.1768386960029602,0.4601016342639923,0.612370491027832,0.494422048330307,-0.09541985392570496,0.9079916477203369,0.5929012298583984,0.5055484175682068,-0.1567460149526596,0.4636896848678589,0.6059913039207458,0.4955408275127411,-0.08461229503154755,0.8797099590301514,0.5464152097702026,0.5839632153511047,0.12088003009557724,0.9999794960021973,0.5148759484291077,0.5823556780815125,-0.12076004594564438,0.9999641180038452,0.5541658401489258,0.6445260643959045,0.13662780821323395,0.8957841396331787,0.4845132827758789,0.6464313864707947,-0.10549071431159973,0.9866311550140381,0.5488581657409668,0.6972905397415161,0.23937493562698364,0.9577398896217346,0.4116247892379761,0.6931490302085876,0.012079627253115177,0.9913600087165833,0.5330296754837036,0.7044958472251892,0.24556826055049896,0.9260775446891785,0.3942953944206238,0.6948948502540588,0.018842436373233795,0.9516648650169373,0.573878824710846,0.7164887189865112,0.1689555048942566,0.9615986347198486,0.41861411929130554,0.7172859311103821,-0.08064768463373184,0.9873160719871521
233,0.551320493221283,0.4610341191291809,-0.041439250111579895,0.9999240636825562,0.5453406572341919,0.45567649602890015,-0.021815665066242218,0.9999104738235474,0.5443296432495117,0.4557035267353058,-0.02181900292634964,0.9998922944068909,0.5433040261268616,0.45580992102622986,-0.021794980391860008,0.9999113082885742,0.5444648861885071,0.455718457698822,-0.06427603214979172,0.9999315142631531,0.5428528785705566,0.45579004287719727,-0.06439129263162613,0.9999327659606934,0.5411844849586487,0.455922394990921,-0.06447289139032364,0.999929666519165,0.5306210517883301,0.4593256711959839,0.07786668092012405,0.9998419880867004,0.5280168056488037,0.4595617949962616,-0.11054390668869019,0.9999421238899231,0.5492410659790039,0.4677524268627167,-0.0007199655519798398,0.9998524785041809,0.5479635000228882,0.4676291346549988,-0.055248986929655075,0.9998577237129211,0.5276433229446411,0.49482420086860657,0.2110026329755783,0.9998409748077393,0.5064545273780823,0.48639383912086487,-0.23198243975639343,0.999897301197052,0.5583289861679077,0.5272900462150574,0.12120600044727325,0.27375438809394836,0.5521383881568909,0.5110657215118408,-0.2666170299053192,0.9901890158653259,0.5971624851226807,0.5089374780654907,-0.11410197615623474,0.49268442392349243,0.6072001457214355,0.5004931092262268,-0.1047310158610344,0.9507560729980469,0.6102111339569092,0.5061020851135254,-0.13356256484985352,0.47195690870285034,0.620784342288971,0.49861568212509155,-0.11960600316524506,0.9217188954353333,0.6068175435066223,0.5021346807479858,-0.14759649336338043,0.4699576199054718,0.6168654561042786,0.49640318751335144,-0.09892567992210388,0.9136529564857483,0.5955216288566589,0.5056997537612915,-0.12996748089790344,0.47276172041893005,0.612713098526001,0.49685755372047424,-0.08851391822099686,0.8861960172653198,0.5427118539810181,0.5834295749664307,0.1261925846338272,0.9999802708625793,0.514611005783081,0.5820648074150085,-0.1260489523410797,0.999965488910675,0.5553771257400513,0.6443914771080017,0.17266486585140228,0.8963205814361572,0.48502373695373535,0.6447286605834961,-0.11987091600894928,0.9870595932006836,0.5487151741981506,0.6966186761856079,0.27664265036582947,0.9584537744522095,0.41158559918403625,0.693294107913971,-0.010761217214167118,0.9914501905441284,0.5332345962524414,0.7043465971946716,0.2828463613986969,0.9269070029258728,0.3950197100639343,0.6953094005584717,-0.004648538306355476,0.9517898559570312,0.574414849281311,0.7164232730865479,0.2117660939693451,0.9620554447174072,0.4200715720653534,0.7180598974227905,-0.10289128124713898,0.9874803423881531
234,0.5522698163986206,0.4613701403141022,-0.04807908087968826,0.9999284744262695,0.5461760759353638,0.45610126852989197,-0.028585398569703102,0.999915361404419,0.5450866222381592,0.4562237858772278,-0.028600092977285385,0.999897837638855,0.5439682006835938,0.45643818378448486,-0.02859300561249256,0.9999154806137085,0.5453243255615234,0.4559704065322876,-0.06980779767036438,0.9999346733093262,0.543700098991394,0.45600733160972595,-0.0699077695608139,0.9999351501464844,0.5419636368751526,0.45612093806266785,-0.06997950375080109,0.9999321699142456,0.5308139324188232,0.4604409635066986,0.07278125733137131,0.9998440146446228,0.5275372862815857,0.4596743583679199,-0.1101943776011467,0.9999446868896484,0.550182580947876,0.4681810736656189,-0.006691670976579189,0.9998598098754883,0.5487697124481201,0.46788889169692993,-0.05962605029344559,0.9998658299446106,0.5324068069458008,0.4950128495693207,0.20004065334796906,0.9998495578765869,0.5057461857795715,0.4861917495727539,-0.2261103391647339,0.9999030232429504,0.5644719004631042,0.52619469165802,0.10152749717235565,0.27804964780807495,0.5494585633277893,0.5006016492843628,-0.254719078540802,0.9907673597335815,0.5888875126838684,0.5143114328384399,-0.14180897176265717,0.5044658780097961,0.6106218099594116,0.49932900071144104,-0.08668074756860733,0.9538667798042297,0.594940721988678,0.5187373757362366,-0.1660781055688858,0.4837091565132141,0.6223406791687012,0.49785104393959045,-0.10124935954809189,0.9256454110145569,0.5906922221183777,0.516173779964447,-0.17680281400680542,0.4818424880504608,0.6202811002731323,0.49553602933883667,-0.0821305513381958,0.9178246855735779,0.5849143862724304,0.5125049352645874,-0.15644796192646027,0.48377007246017456,0.6152626872062683,0.4968116581439972,-0.07102065533399582,0.890697717666626,0.5487289428710938,0.5850309133529663,0.12083467841148376,0.9999808669090271,0.5147991180419922,0.5830047726631165,-0.12074976414442062,0.9999662041664124,0.5540646314620972,0.6474514603614807,0.16928406059741974,0.8970456719398499,0.4840976297855377,0.6474782824516296,-0.0988784208893776,0.9872589707374573,0.5476343035697937,0.6973183155059814,0.2850484549999237,0.9587166905403137,0.41143369674682617,0.6944162249565125,0.021707387641072273,0.9913221597671509,0.5323594808578491,0.7037582993507385,0.292531818151474,0.926623523235321,0.3967852294445038,0.6959230303764343,0.028870435431599617,0.9505907893180847,0.5720715522766113,0.7167268991470337,0.2209591120481491,0.9619717001914978,0.42024150490760803,0.7201200127601624,-0.068842314183712,0.9872987270355225
235,0.5513918995857239,0.4625280499458313,-0.014004451222717762,0.999934196472168,0.5453892946243286,0.4572652578353882,0.00428311200812459,0.9999216198921204,0.5443155169487,0.4575851559638977,0.004290162120014429,0.9999052286148071,0.5431808829307556,0.457797110080719,0.004300345666706562,0.9999216198921204,0.5447134375572205,0.45702865719795227,-0.03835052251815796,0.9999396800994873,0.5430628061294556,0.4569840133190155,-0.03846893087029457,0.9999400973320007,0.541358470916748,0.45698702335357666,-0.03849462792277336,0.9999372363090515,0.5302065014839172,0.4612565338611603,0.09857884794473648,0.9998542070388794,0.5274063944816589,0.46045058965682983,-0.09097939729690552,0.9999487400054932,0.5488758087158203,0.4689166843891144,0.024757280945777893,0.9998710751533508,0.547942042350769,0.46845170855522156,-0.0301335658878088,0.9998767971992493,0.5255517959594727,0.49602898955345154,0.23301705718040466,0.9998623728752136,0.5076454281806946,0.48650357127189636,-0.21175822615623474,0.9999116063117981,0.556937038898468,0.5224654674530029,0.2484845519065857,0.27433761954307556,0.5519672632217407,0.5043069124221802,-0.2834766209125519,0.9915040135383606,0.5895402431488037,0.5150571465492249,0.12187512964010239,0.5063334703445435,0.6092020869255066,0.5001360177993774,-0.17491567134857178,0.9574208855628967,0.6002779603004456,0.5128827095031738,0.11717016249895096,0.4872484505176544,0.6233883500099182,0.49965211749076843,-0.19597895443439484,0.9307547807693481,0.5980675220489502,0.5108226537704468,0.094589464366436,0.4858315587043762,0.6211957931518555,0.49819594621658325,-0.17457306385040283,0.9233720302581787,0.5877754092216492,0.5127440094947815,0.10619223117828369,0.4880364239215851,0.6155223846435547,0.4984854459762573,-0.16077685356140137,0.8975019454956055,0.5411015748977661,0.5842506289482117,0.12123555690050125,0.9999822378158569,0.5158349275588989,0.5826548933982849,-0.1211172342300415,0.9999682307243347,0.5550581216812134,0.6435232162475586,0.09272659569978714,0.8995084762573242,0.4851447343826294,0.644851565361023,-0.08103442192077637,0.9872902631759644,0.5481682419776917,0.6986384987831116,0.14989164471626282,0.9603261351585388,0.4103073179721832,0.6947563290596008,0.022442711517214775,0.9914436340332031,0.536819338798523,0.7059134840965271,0.15117590129375458,0.9285265207290649,0.39378753304481506,0.6973879933357239,0.0288885235786438,0.951677143573761,0.5753116011619568,0.7178072333335876,0.07447193562984467,0.9634632468223572,0.41812634468078613,0.7176587581634521,-0.05226767435669899,0.9876309633255005
236,0.5541487336158752,0.4615159332752228,-0.03254680708050728,0.9999386668205261,0.5478519797325134,0.4559590518474579,-0.013463940471410751,0.9999263286590576,0.5467548370361328,0.45596447587013245,-0.013465357013046741,0.9999105930328369,0.545585572719574,0.45605871081352234,-0.01345436554402113,0.9999259114265442,0.5470201373100281,0.4559473991394043,-0.055483557283878326,0.9999431371688843,0.5453373193740845,0.45595040917396545,-0.05560152977705002,0.9999432563781738,0.5434663891792297,0.4560149908065796,-0.05566418170928955,0.9999405741691589,0.5319857597351074,0.45981502532958984,0.08564137667417526,0.9998588562011719,0.5294461846351624,0.4591573476791382,-0.10164876282215118,0.9999514222145081,0.5519135594367981,0.4680705666542053,0.008006876334547997,0.999878466129303,0.5507059693336487,0.46779701113700867,-0.046155210584402084,0.9998847842216492,0.5310806632041931,0.4963527023792267,0.21666519343852997,0.9998700618743896,0.5091004371643066,0.4856271743774414,-0.21931537985801697,0.9999178647994995,0.5621421337127686,0.5263654589653015,0.16466180980205536,0.27450039982795715,0.5411871075630188,0.4977935552597046,-0.2744276225566864,0.9920192360877991,0.5893672704696655,0.5149192214012146,-0.033300913870334625,0.514819324016571,0.6096029281616211,0.5008202195167542,-0.15070737898349762,0.9601572155952454,0.6021484732627869,0.5200034976005554,-0.04951011389493942,0.4968205392360687,0.6242536902427673,0.4999709129333496,-0.17209863662719727,0.9344497323036194,0.596866250038147,0.5119631886482239,-0.06641329824924469,0.49565789103507996,0.6228959560394287,0.498737633228302,-0.15110528469085693,0.9273608326911926,0.5956759452819824,0.5114598274230957,-0.04894198849797249,0.497063010931015,0.6170673966407776,0.49911898374557495,-0.13596603274345398,0.9020932912826538,0.5454109907150269,0.584990918636322,0.12597748637199402,0.9999828338623047,0.514212965965271,0.5824699401855469,-0.12588509917259216,0.9999693632125854,0.5566291809082031,0.647659182548523,0.17505523562431335,0.8986693620681763,0.48678481578826904,0.6463173627853394,-0.11873626708984375,0.9874914288520813,0.5487056374549866,0.6975784301757812,0.27331358194351196,0.9604348540306091,0.41141191124916077,0.6945375204086304,-0.01474663894623518,0.9915381669998169,0.532092809677124,0.7046592831611633,0.27858567237854004,0.9285403490066528,0.3961379826068878,0.695408284664154,-0.008975762873888016,0.9521006941795349,0.5738275647163391,0.7176794409751892,0.20828542113304138,0.9634894132614136,0.42067357897758484,0.7179448008537292,-0.10361550748348236,0.9878105521202087
237,0.5547251105308533,0.46141406893730164,-0.016547469422221184,0.9999409914016724,0.5487691760063171,0.45611706376075745,0.0010879473993554711,0.9999282360076904,0.5477526783943176,0.4562382996082306,0.001105143572203815,0.9999122619628906,0.5467262864112854,0.4564566910266876,0.0011369222775101662,0.9999274611473083,0.5480493307113647,0.4558507800102234,-0.03939748555421829,0.9999443292617798,0.546548068523407,0.4558660089969635,-0.03951265290379524,0.9999440312385559,0.5449432730674744,0.45595163106918335,-0.03955463692545891,0.999941885471344,0.5342282056808472,0.4603867530822754,0.09276645630598068,0.99985671043396,0.5319391489028931,0.45985037088394165,-0.08745209127664566,0.9999515414237976,0.5529464483261108,0.4681857228279114,0.021292047575116158,0.9998820424079895,0.5518664121627808,0.46771833300590515,-0.030916044488549232,0.9998894929885864,0.5325705409049988,0.49602144956588745,0.22094973921775818,0.9998729228973389,0.5107616782188416,0.4852943420410156,-0.2000911980867386,0.9999232888221741,0.5645214915275574,0.5255454182624817,0.21073465049266815,0.2775706648826599,0.5475662350654602,0.5004005432128906,-0.27442604303359985,0.9925722479820251,0.5983409285545349,0.5143314599990845,0.05984112620353699,0.5240186452865601,0.6104486584663391,0.5014694333076477,-0.19023166596889496,0.9629966616630554,0.6108402013778687,0.5117341876029968,0.05021362751722336,0.5063400268554688,0.6257954239845276,0.5005629658699036,-0.21587903797626495,0.9384819865226746,0.6089364290237427,0.5096995234489441,0.0314837247133255,0.5053536891937256,0.624226450920105,0.4991740584373474,-0.19608323276042938,0.93178790807724,0.5986050367355347,0.5114325284957886,0.045172806829214096,0.5066573619842529,0.6183673143386841,0.4996541142463684,-0.17780344188213348,0.907753586769104,0.541155219078064,0.5814395546913147,0.12141360342502594,0.9999806880950928,0.514831006526947,0.5810207724571228,-0.12132048606872559,0.9999686479568481,0.5385024547576904,0.6422579288482666,0.18049830198287964,0.8852371573448181,0.49629294872283936,0.6436302661895752,-0.12653575837612152,0.9869986176490784,0.5006532073020935,0.6979990005493164,0.26783448457717896,0.9538081884384155,0.45800936222076416,0.7004090547561646,-0.06643096357584,0.9914001226425171,0.4847688376903534,0.7068156599998474,0.27208900451660156,0.9231522083282471,0.4446466863155365,0.7071664333343506,-0.06442464143037796,0.9524573683738708,0.5334030985832214,0.7117090225219727,0.21163694560527802,0.9594674706459045,0.48074471950531006,0.7198611497879028,-0.15848904848098755,0.987733781337738
238,0.5554906129837036,0.4609721004962921,-0.020105164498090744,0.9999438524246216,0.5494518280029297,0.4554505944252014,-0.0024361759424209595,0.9999311566352844,0.5483590364456177,0.4554900527000427,-0.0024333856999874115,0.999915361404419,0.5471823215484619,0.4555889666080475,-0.0024274890311062336,0.9999299049377441,0.5489132404327393,0.45522868633270264,-0.04460020363330841,0.9999464750289917,0.5474714040756226,0.45518502593040466,-0.04472319409251213,0.9999458193778992,0.5458366274833679,0.45517444610595703,-0.044783998280763626,0.9999439120292664,0.5342754125595093,0.4588438868522644,0.08980277180671692,0.9998573064804077,0.5325431227684021,0.4586034417152405,-0.09767434746026993,0.999953031539917,0.5533263087272644,0.4672371745109558,0.018225912004709244,0.9998864531517029,0.552678644657135,0.46690720319747925,-0.03609735891222954,0.9998939633369446,0.5281339883804321,0.49434202909469604,0.2199377566576004,0.999877393245697,0.5122324228286743,0.4848317503929138,-0.21858003735542297,0.9999276995658875,0.5585420727729797,0.5250282883644104,0.20430976152420044,0.2659491002559662,0.5496330857276917,0.5006088018417358,-0.27667319774627686,0.9929428696632385,0.5893300771713257,0.5190665125846863,0.04889203608036041,0.5134620666503906,0.6127170920372009,0.5043697357177734,-0.15699763596057892,0.9649926424026489,0.5999251008033752,0.5167489051818848,0.03939708322286606,0.49897149205207825,0.6273713707923889,0.5035847425460815,-0.1770443171262741,0.9412151575088501,0.6010844111442566,0.5109085440635681,0.018165305256843567,0.498599648475647,0.6244312524795532,0.5016623139381409,-0.1572341024875641,0.9347358345985413,0.5999946594238281,0.5106549859046936,0.03261015936732292,0.5003989338874817,0.6201553344726562,0.5026144981384277,-0.14295360445976257,0.9110831022262573,0.5418928265571594,0.5835176706314087,0.1215195283293724,0.9999809265136719,0.5139197707176208,0.5806734561920166,-0.12142965197563171,0.9999687075614929,0.5506427884101868,0.6450803279876709,0.14087702333927155,0.8877149224281311,0.4848964512348175,0.6458437442779541,-0.07045751065015793,0.9870406985282898,0.5489217042922974,0.6971299648284912,0.2193499207496643,0.9553963541984558,0.4119529128074646,0.6935251951217651,0.039682790637016296,0.9913650155067444,0.5369170308113098,0.7031014561653137,0.22261333465576172,0.9244600534439087,0.3961319625377655,0.6955277919769287,0.04608747363090515,0.9520902633666992,0.5696567893028259,0.7166429162025452,0.14668171107769012,0.9605586528778076,0.42018699645996094,0.7174807786941528,-0.044002730399370193,0.987700879573822
239,0.5554439425468445,0.4599139094352722,-0.00876467116177082,0.9999463558197021,0.549353301525116,0.45489561557769775,0.008660092949867249,0.9999337196350098,0.548076868057251,0.4549918472766876,0.008668344467878342,0.9999179244041443,0.546704888343811,0.45512834191322327,0.00869237445294857,0.999931812286377,0.5492805242538452,0.45474860072135925,-0.03380879387259483,0.9999484419822693,0.5479705333709717,0.4547433853149414,-0.033941205590963364,0.9999474287033081,0.5465036034584045,0.4547656178474426,-0.03401338681578636,0.999945878982544,0.5338297486305237,0.45892441272735596,0.09717250615358353,0.9998570084571838,0.5333739519119263,0.45844143629074097,-0.09113475680351257,0.9999545812606812,0.5529001951217651,0.46627822518348694,0.028002427890896797,0.9998888969421387,0.5527533292770386,0.46599024534225464,-0.026561671867966652,0.9998971223831177,0.5268431305885315,0.4923035502433777,0.2262757569551468,0.9998788833618164,0.5144806504249573,0.48473766446113586,-0.21831020712852478,0.9999315738677979,0.5568959712982178,0.524800717830658,0.20996224880218506,0.2541835904121399,0.552070140838623,0.5050727128982544,-0.2780046761035919,0.9932703971862793,0.5915325880050659,0.5144171118736267,0.06185595318675041,0.5008824467658997,0.6137484908103943,0.5060030817985535,-0.15550720691680908,0.9667919278144836,0.6121013164520264,0.5117568373680115,0.05528020113706589,0.48882800340652466,0.6287039518356323,0.5054196715354919,-0.17421194911003113,0.9435940980911255,0.6118001341819763,0.5084997415542603,0.034954749047756195,0.4887577295303345,0.6275654435157776,0.50405353307724,-0.15391097962856293,0.9372797608375549,0.6008292436599731,0.5090362429618835,0.046116139739751816,0.49112868309020996,0.6214041113853455,0.5042571425437927,-0.14108601212501526,0.9138955473899841,0.541414737701416,0.5829852819442749,0.12530329823493958,0.9999803900718689,0.5144656300544739,0.5803077816963196,-0.12521947920322418,0.9999683499336243,0.5540658831596375,0.6419362425804138,0.14975906908512115,0.8887544274330139,0.4864857494831085,0.644870936870575,-0.10291846096515656,0.9872599244117737,0.5484417080879211,0.6961360573768616,0.2255028337240219,0.9563868641853333,0.4122789204120636,0.6943276524543762,-0.013897741213440895,0.9914429187774658,0.5358455777168274,0.7026501893997192,0.22871004045009613,0.9256112575531006,0.39733096957206726,0.6974039673805237,-0.009308958426117897,0.9524197578430176,0.5730953812599182,0.7171220779418945,0.15934281051158905,0.9611296653747559,0.4214632213115692,0.7196747660636902,-0.10028528422117233,0.9877781271934509
240,0.5572221875190735,0.46135178208351135,-0.0027972650714218616,0.9999485015869141,0.5511506795883179,0.4561542272567749,0.015491471625864506,0.9999358654022217,0.5499389171600342,0.4562678337097168,0.015507484786212444,0.9999200105667114,0.5486578345298767,0.45647019147872925,0.015524858608841896,0.9999335408210754,0.5506470203399658,0.455993115901947,-0.026596873998641968,0.9999500513076782,0.5491176843643188,0.455982506275177,-0.02672330103814602,0.9999487996101379,0.5474480986595154,0.4558647572994232,-0.02676524594426155,0.9999473690986633,0.5350620150566101,0.4599716365337372,0.10878767818212509,0.9998570084571838,0.5337334275245667,0.45933711528778076,-0.07812777906656265,0.9999553561210632,0.5547748804092407,0.46759769320487976,0.03598659485578537,0.9998920559883118,0.5543025135993958,0.46736013889312744,-0.01819942705333233,0.9999001026153564,0.5296581983566284,0.4926210343837738,0.23707568645477295,0.9998846054077148,0.5107290148735046,0.48489484190940857,-0.20021730661392212,0.9999355673789978,0.5646765232086182,0.5184698700904846,0.22680024802684784,0.2479267716407776,0.5507804155349731,0.49984875321388245,-0.26373153924942017,0.9935295581817627,0.6025612950325012,0.5151957273483276,0.07395016402006149,0.49733638763427734,0.6158232092857361,0.5069187879562378,-0.15717794001102448,0.9683993458747864,0.6153550148010254,0.5150552988052368,0.0640903040766716,0.486669659614563,0.6304051280021667,0.5064702033996582,-0.17909884452819824,0.9458613991737366,0.6149666905403137,0.5112632513046265,0.04433462768793106,0.4869315028190613,0.628464937210083,0.5056970119476318,-0.15978562831878662,0.9397295713424683,0.6044802665710449,0.5123963952064514,0.05849580094218254,0.48980385065078735,0.6227772831916809,0.5058767199516296,-0.1434982270002365,0.9166107177734375,0.5401983261108398,0.5792497396469116,0.12148264050483704,0.9999807476997375,0.5143156051635742,0.5782822966575623,-0.12138979882001877,0.9999687671661377,0.5521074533462524,0.6401680111885071,0.13179361820220947,0.8887125253677368,0.4894619286060333,0.6433733105659485,-0.07957437634468079,0.9870255589485168,0.548363208770752,0.6961867213249207,0.1947917938232422,0.9571056962013245,0.41263702511787415,0.6930271983146667,0.0053128828294575214,0.9913654923439026,0.5353928208351135,0.702336311340332,0.1962651163339615,0.9259916543960571,0.39842748641967773,0.6963516473770142,0.009119659662246704,0.9521667957305908,0.570433497428894,0.7165347933769226,0.11894258856773376,0.9616105556488037,0.4210629165172577,0.7188882231712341,-0.0841963142156601,0.9877331852912903
241,0.5575727820396423,0.4581543505191803,0.0009603567887097597,0.9999508857727051,0.5513486862182617,0.4533653259277344,0.01956498995423317,0.9999381303787231,0.5501306653022766,0.45355379581451416,0.019588923081755638,0.9999222159385681,0.5488938093185425,0.4538509249687195,0.019609296694397926,0.9999354481697083,0.5510221719741821,0.4530072808265686,-0.02235216461122036,0.9999520182609558,0.5496227741241455,0.4529998004436493,-0.022493494674563408,0.9999505281448364,0.5481452941894531,0.45306676626205444,-0.02253628522157669,0.9999493360519409,0.5357115864753723,0.4580979347229004,0.11117531359195709,0.9998570680618286,0.534850537776947,0.4572322964668274,-0.07522865384817123,0.9999566674232483,0.5555740594863892,0.464639276266098,0.038894303143024445,0.9998963475227356,0.5552603602409363,0.46407076716423035,-0.01513506006449461,0.999904453754425,0.5301382541656494,0.49180352687835693,0.23663754761219025,0.9998917579650879,0.5154767036437988,0.4838743507862091,-0.19403879344463348,0.9999403357505798,0.556225597858429,0.5230258107185364,0.23543773591518402,0.24287809431552887,0.5519876480102539,0.5105841159820557,-0.2596253454685211,0.9938364624977112,0.6003390550613403,0.5179447531700134,0.09584212303161621,0.4962092638015747,0.6158244609832764,0.5089918971061707,-0.16063101589679718,0.9702283143997192,0.612572193145752,0.515905499458313,0.0877767950296402,0.48670336604118347,0.6305571794509888,0.5094853043556213,-0.18297477066516876,0.9484893083572388,0.6127234697341919,0.5121259093284607,0.06631921976804733,0.4872666299343109,0.6295253038406372,0.5073772072792053,-0.16157090663909912,0.9425662159919739,0.6102089285850525,0.5140281319618225,0.0800175592303276,0.4903934597969055,0.6235113143920898,0.507434606552124,-0.14642022550106049,0.9197791218757629,0.5431109070777893,0.5806312561035156,0.11848296225070953,0.9999814629554749,0.5153290629386902,0.5773359537124634,-0.11836903542280197,0.9999696016311646,0.5530518293380737,0.6397040486335754,0.0863754004240036,0.8907535076141357,0.48940378427505493,0.6435123682022095,-0.08301964402198792,0.9869733452796936,0.5493369102478027,0.6959120035171509,0.14183442294597626,0.9587270617485046,0.41158559918403625,0.6932522058486938,0.011172860860824585,0.9913186430931091,0.5360196232795715,0.7027528882026672,0.14272160828113556,0.9278958439826965,0.3979716897010803,0.6952058672904968,0.015929538756608963,0.9522930383682251,0.5714917182922363,0.7179811596870422,0.06095775216817856,0.9628903269767761,0.4185944199562073,0.717780351638794,-0.07674283534288406,0.9877247214317322
242,0.5577280521392822,0.4596702754497528,-0.004440543241798878,0.9999514222145081,0.5524959564208984,0.4548015892505646,0.015789905562996864,0.9999378323554993,0.5515758395195007,0.45490115880966187,0.01580756902694702,0.9999212026596069,0.5506396889686584,0.4550679624080658,0.015815753489732742,0.9999346137046814,0.551563024520874,0.45467090606689453,-0.025930244475603104,0.999951958656311,0.5499321818351746,0.45465660095214844,-0.02606600895524025,0.9999500513076782,0.5481973886489868,0.45469966530799866,-0.026105284690856934,0.999949038028717,0.5377631783485413,0.45863571763038635,0.11548049002885818,0.9998496174812317,0.5338271260261536,0.457981139421463,-0.06998184323310852,0.9999556541442871,0.5561707019805908,0.46568581461906433,0.03655281290411949,0.9998979568481445,0.5550532937049866,0.465419203042984,-0.01722656935453415,0.9999057650566101,0.5360437631607056,0.49177005887031555,0.2445148378610611,0.9998982548713684,0.5112229585647583,0.48398876190185547,-0.1875595599412918,0.9999441504478455,0.5643429756164551,0.5217774510383606,0.23828928172588348,0.24098451435565948,0.5565823316574097,0.5088802576065063,-0.24731634557247162,0.9940007925033569,0.6034575700759888,0.5191117525100708,0.07676277309656143,0.49970608949661255,0.617606520652771,0.5090492963790894,-0.1537977010011673,0.9715519547462463,0.615394115447998,0.5200867056846619,0.06369226425886154,0.49123528599739075,0.6332775354385376,0.510575532913208,-0.17923720180988312,0.9504665732383728,0.6141673922538757,0.5162368416786194,0.04150217026472092,0.49232250452041626,0.6320253610610962,0.5087351202964783,-0.1606767773628235,0.9447314143180847,0.6032502055168152,0.5175984501838684,0.06006719172000885,0.49567338824272156,0.6255995035171509,0.5086125731468201,-0.14070956408977509,0.9220861196517944,0.5447176694869995,0.5815781354904175,0.11923567950725555,0.9999821782112122,0.5142883062362671,0.5780172944068909,-0.11912041902542114,0.9999703168869019,0.5535188317298889,0.6434231996536255,0.09588295221328735,0.8921091556549072,0.48434972763061523,0.646031379699707,-0.07675770670175552,0.9867666363716125,0.5483662486076355,0.6965157985687256,0.16621729731559753,0.9594958424568176,0.41204532980918884,0.6944487690925598,0.020634423941373825,0.9911378622055054,0.5348106622695923,0.7029215693473816,0.16837790608406067,0.9283066987991333,0.39957743883132935,0.6979795098304749,0.02528710849583149,0.9513753652572632,0.5742369294166565,0.7186340689659119,0.08646523952484131,0.9634038805961609,0.41887620091438293,0.7180711030960083,-0.07167436927556992,0.9875301122665405
243,0.5598637461662292,0.4595770835876465,0.005445167887955904,0.9999532103538513,0.5530772805213928,0.4542829692363739,0.024669865146279335,0.9999391436576843,0.5519527196884155,0.45435574650764465,0.02469889260828495,0.9999222159385681,0.5507746338844299,0.4545173943042755,0.024721777066588402,0.9999356269836426,0.5525180101394653,0.4542281925678253,-0.018276436254382133,0.999953031539917,0.5509854555130005,0.45424824953079224,-0.018415143713355064,0.9999508261680603,0.549312949180603,0.454073965549469,-0.018456900492310524,0.999950110912323,0.538252592086792,0.45843058824539185,0.11810024827718735,0.9998477101325989,0.5362531542778015,0.45793473720550537,-0.07266739755868912,0.9999560117721558,0.5583258271217346,0.4657098352909088,0.04402097687125206,0.9999001026153564,0.5577605366706848,0.46537911891937256,-0.0112582016736269,0.9999078512191772,0.5317612290382385,0.49111253023147583,0.2460400015115738,0.9999037981033325,0.5170828700065613,0.4840717613697052,-0.1955917775630951,0.9999476671218872,0.5668967366218567,0.5170159935951233,0.23502661287784576,0.2386670708656311,0.5568291544914246,0.5123774409294128,-0.26058003306388855,0.994132936000824,0.6134997010231018,0.5172787308692932,0.079319067299366,0.49988695979118347,0.618234395980835,0.5127359628677368,-0.15680702030658722,0.9725347757339478,0.6272228360176086,0.5166433453559875,0.0693037360906601,0.4912477433681488,0.6339464783668518,0.5128301382064819,-0.17948953807353973,0.9516685605049133,0.6256881356239319,0.513674259185791,0.04990406706929207,0.4922969341278076,0.6329070329666138,0.511185348033905,-0.15809927880764008,0.9460048079490662,0.6167263388633728,0.5138385891914368,0.06373446434736252,0.495709091424942,0.6266595721244812,0.5110474824905396,-0.14239832758903503,0.9232515096664429,0.5414685010910034,0.5804340839385986,0.12431914359331131,0.9999822974205017,0.5146701335906982,0.5790302753448486,-0.124201700091362,0.9999703764915466,0.5565878748893738,0.6394855976104736,0.10857973992824554,0.8932565450668335,0.48900508880615234,0.643071174621582,-0.10246738791465759,0.9868276119232178,0.5475128889083862,0.696847140789032,0.1753997653722763,0.9603500962257385,0.4113629460334778,0.6927629709243774,-0.003562413388863206,0.9910685420036316,0.5324643850326538,0.7031589150428772,0.1773691326379776,0.9292938709259033,0.39850834012031555,0.6949341297149658,0.0019921993371099234,0.951405942440033,0.5741153359413147,0.7175315618515015,0.10306204855442047,0.9639697074890137,0.419429212808609,0.7175702452659607,-0.08513472974300385,0.9874653816223145
244,0.5617929697036743,0.4566425681114197,-0.012465646490454674,0.9999533295631409,0.5552523732185364,0.4515582323074341,0.005416574887931347,0.9999387860298157,0.5541049242019653,0.45165780186653137,0.005422699730843306,0.9999211430549622,0.5528704524040222,0.45187869668006897,0.0054238527081906796,0.9999349117279053,0.5546332001686096,0.45139870047569275,-0.03705180808901787,0.9999528527259827,0.5530871748924255,0.45139169692993164,-0.03717874363064766,0.9999504089355469,0.5514470338821411,0.45149993896484375,-0.03721480071544647,0.9999498128890991,0.5395885109901428,0.4562969207763672,0.0977969840168953,0.9998416900634766,0.5381817817687988,0.4553165137767792,-0.09091252833604813,0.9999548196792603,0.5611955523490906,0.46371835470199585,0.02611459232866764,0.9999019503593445,0.5604070425033569,0.4632198214530945,-0.02856305241584778,0.9999089241027832,0.536224901676178,0.49184268712997437,0.2282513827085495,0.9999087452888489,0.5177964568138123,0.4846598505973816,-0.2147405594587326,0.9999502897262573,0.5604770183563232,0.5175909996032715,0.24870741367340088,0.23139789700508118,0.5578368306159973,0.503524661064148,-0.29417476058006287,0.9942390322685242,0.6052809357643127,0.5201564431190491,0.12417427450418472,0.4970579147338867,0.623797595500946,0.5114725232124329,-0.2114780694246292,0.9736026525497437,0.6263888478279114,0.5196271538734436,0.1168612465262413,0.49160194396972656,0.6359624862670898,0.5114049315452576,-0.2373129427433014,0.9533928632736206,0.6257073879241943,0.5165565013885498,0.09240562468767166,0.4932625889778137,0.6350639462471008,0.5107746720314026,-0.2193346619606018,0.9479207396507263,0.6167630553245544,0.5172176957130432,0.10759072005748749,0.49725884199142456,0.6314254403114319,0.5109161734580994,-0.19937093555927277,0.9253475069999695,0.5472229719161987,0.5829946994781494,0.1230621188879013,0.9999831318855286,0.5139444470405579,0.5794447660446167,-0.12300092726945877,0.9999713897705078,0.5542219281196594,0.6414481997489929,0.09987664967775345,0.8931313157081604,0.484573096036911,0.6451560854911804,-0.07031500339508057,0.9867037534713745,0.5493855476379395,0.695906937122345,0.18968236446380615,0.9605122208595276,0.4121920168399811,0.6939624547958374,0.05213955044746399,0.9909076690673828,0.5353031754493713,0.7020900845527649,0.1943863183259964,0.9297729730606079,0.3992154002189636,0.6970303058624268,0.06029597297310829,0.9509074687957764,0.5701097249984741,0.7168000340461731,0.11980309337377548,0.9643285274505615,0.4187438189983368,0.7190889120101929,-0.026136763393878937,0.9873574376106262
245,0.5645306706428528,0.4600641131401062,-0.0044283997267484665,0.9999536871910095,0.5580514073371887,0.4547111690044403,0.01314406469464302,0.9999383687973022,0.5569291710853577,0.45474952459335327,0.013170902617275715,0.9999197721481323,0.5556365847587585,0.4548695981502533,0.013185958378016949,0.9999342560768127,0.5572077035903931,0.4547150433063507,-0.02975109964609146,0.9999527335166931,0.5555610656738281,0.45474785566329956,-0.029886944219470024,0.9999499917030334,0.55372154712677,0.4546782076358795,-0.029916798695921898,0.9999498128890991,0.5422309041023254,0.4585409462451935,0.1033632755279541,0.999835193157196,0.540497362613678,0.4582419693470001,-0.08742714673280716,0.9999533891677856,0.5632053017616272,0.4661980867385864,0.03335687890648842,0.9999014735221863,0.5624009370803833,0.46601730585098267,-0.021939542144536972,0.9999085664749146,0.5329694747924805,0.492225706577301,0.2339639514684677,0.9999129772186279,0.5191482901573181,0.4845626950263977,-0.20753921568393707,0.9999531507492065,0.5620813965797424,0.524848461151123,0.25987544655799866,0.22642111778259277,0.5593036413192749,0.5049141645431519,-0.2814464569091797,0.9943484663963318,0.6087173819541931,0.5244767069816589,0.14440354704856873,0.49323058128356934,0.6244258284568787,0.5144635438919067,-0.1962323635816574,0.9744616150856018,0.6210169792175293,0.5233209133148193,0.13936442136764526,0.48886725306510925,0.6366190314292908,0.514562726020813,-0.220444455742836,0.9546417593955994,0.620801568031311,0.521733820438385,0.11600811034440994,0.4906979203224182,0.636074423789978,0.5136982798576355,-0.20054392516613007,0.9492989182472229,0.6192614436149597,0.5197452902793884,0.128566175699234,0.4948079586029053,0.6304307579994202,0.5136392712593079,-0.18310481309890747,0.9267966151237488,0.5424798727035522,0.5829155445098877,0.12433560937643051,0.9999826550483704,0.5152803659439087,0.579362690448761,-0.12423986941576004,0.999970555305481,0.5529901385307312,0.6406862735748291,0.10725732147693634,0.8934744596481323,0.4886842966079712,0.6427202820777893,-0.07507886737585068,0.9866074323654175,0.5471961498260498,0.6971940398216248,0.17966994643211365,0.9613438844680786,0.4168972074985504,0.693362832069397,0.02377321943640709,0.9910318851470947,0.5321774482727051,0.7038276195526123,0.18213233351707458,0.9311840534210205,0.40301328897476196,0.6964866518974304,0.029121382161974907,0.951636552810669,0.5719395279884338,0.7178827524185181,0.10535048693418503,0.9651520252227783,0.42154619097709656,0.7167872786521912,-0.06277863681316376,0.9875699281692505
246,0.5647063851356506,0.45795392990112305,-0.0011595466639846563,0.9999512434005737,0.5574617981910706,0.45299893617630005,0.0151524031534791,0.9999334812164307,0.5561299324035645,0.4531312584877014,0.015164211392402649,0.9999127388000488,0.5546360015869141,0.4533672034740448,0.015170321799814701,0.999929666519165,0.5568555593490601,0.45289838314056396,-0.027392618358135223,0.9999491572380066,0.5552136898040771,0.4529913365840912,-0.027530204504728317,0.9999459981918335,0.5534206628799438,0.45315349102020264,-0.027569836005568504,0.9999467134475708,0.5411168336868286,0.4576473534107208,0.09979960322380066,0.9998161196708679,0.5404485464096069,0.45727482438087463,-0.0891684964299202,0.9999483227729797,0.5630803108215332,0.4645022749900818,0.03467520326375961,0.9998915195465088,0.5624231696128845,0.4641006290912628,-0.02001541666686535,0.9998995661735535,0.5328887701034546,0.49299249053001404,0.229497030377388,0.999914288520813,0.5206938982009888,0.48503151535987854,-0.21039992570877075,0.9999545812606812,0.5614483952522278,0.5247683525085449,0.2505890727043152,0.22055524587631226,0.5689101219177246,0.5142947435379028,-0.2693593204021454,0.9940851926803589,0.6089086532592773,0.5255931615829468,0.1345108449459076,0.4845234155654907,0.6269888281822205,0.5161661505699158,-0.1670577973127365,0.9738454222679138,0.6220247149467468,0.5244227647781372,0.13060884177684784,0.4810578227043152,0.6394914984703064,0.5162902474403381,-0.18968351185321808,0.9535794854164124,0.6215639710426331,0.5228435397148132,0.10677333921194077,0.4830050766468048,0.6383293271064758,0.5155773162841797,-0.1701602339744568,0.9481671452522278,0.6106318235397339,0.5243627429008484,0.11835595220327377,0.4873191714286804,0.6326753497123718,0.5156035423278809,-0.1539524644613266,0.9248597621917725,0.5417326092720032,0.5813796520233154,0.1271723061800003,0.9999810457229614,0.5154685974121094,0.5795257687568665,-0.12709826231002808,0.9999686479568481,0.553275465965271,0.6423614621162415,0.14794015884399414,0.8912119269371033,0.48884305357933044,0.6425957083702087,-0.09019637852907181,0.9865155220031738,0.548403799533844,0.6973153352737427,0.2273285835981369,0.9613012671470642,0.4143357574939728,0.6928949356079102,0.003312834771350026,0.9911007285118103,0.53300940990448,0.7035251259803772,0.23050127923488617,0.9315606951713562,0.3998657166957855,0.6957790851593018,0.008245735429227352,0.9522215127944946,0.5740545988082886,0.7183129191398621,0.16092310845851898,0.965104341506958,0.4213852286338806,0.7191411256790161,-0.08153831958770752,0.9876592755317688
247,0.5664777159690857,0.4583296775817871,0.009384595789015293,0.9999497532844543,0.5595026016235352,0.45326468348503113,0.028199467808008194,0.9999290704727173,0.5583334565162659,0.45333030819892883,0.028226831927895546,0.9999068975448608,0.5570300221443176,0.4535060524940491,0.028241069987416267,0.9999257922172546,0.558716893196106,0.45323750376701355,-0.01431803498417139,0.999945878982544,0.5570963621139526,0.45331066846847534,-0.014463453553617,0.999942421913147,0.555335521697998,0.45345181226730347,-0.014497458003461361,0.9999437928199768,0.543792724609375,0.45766302943229675,0.12021990120410919,0.9997988939285278,0.542192816734314,0.4573681056499481,-0.06876618415117264,0.999943733215332,0.564971387386322,0.46461325883865356,0.04749585688114166,0.9998815059661865,0.5639288425445557,0.46429669857025146,-0.007195974700152874,0.999890923500061,0.5348072648048401,0.4921899437904358,0.24947845935821533,0.9999164938926697,0.5200468301773071,0.4843173921108246,-0.18843409419059753,0.999956488609314,0.5625557899475098,0.5254881381988525,0.2539482116699219,0.21974173188209534,0.5615788102149963,0.5154558420181274,-0.24669958651065826,0.9938691854476929,0.6101223826408386,0.526373565196991,0.11627538502216339,0.48430511355400085,0.6228214502334595,0.5167450308799744,-0.15114626288414001,0.9735985398292542,0.6235471367835999,0.5251425504684448,0.11030032485723495,0.48066839575767517,0.6371010541915894,0.5172795057296753,-0.17572379112243652,0.9530631899833679,0.6226134896278381,0.5235667824745178,0.08736830949783325,0.48258817195892334,0.635509192943573,0.5165129899978638,-0.15476833283901215,0.9476022124290466,0.611954927444458,0.5247451663017273,0.09993355721235275,0.4866427183151245,0.6300927996635437,0.5163370370864868,-0.13756431639194489,0.923656165599823,0.5415241718292236,0.5789068937301636,0.1281787008047104,0.9999790787696838,0.5139228105545044,0.5766845941543579,-0.12809067964553833,0.9999663829803467,0.5542759299278259,0.6392247676849365,0.13611172139644623,0.8885825276374817,0.4890740215778351,0.6414552927017212,-0.12877559661865234,0.986513614654541,0.5476254224777222,0.697223961353302,0.19131813943386078,0.9613608717918396,0.41291236877441406,0.6920167803764343,-0.05907382443547249,0.9911491870880127,0.5368093252182007,0.7041634321212769,0.1917613297700882,0.9315667152404785,0.3980273902416229,0.6949114203453064,-0.05674917623400688,0.9527594447135925,0.5739375352859497,0.7184635996818542,0.11953902244567871,0.964896023273468,0.4194958508014679,0.7191129922866821,-0.14990997314453125,0.9876889586448669
248,0.5658610463142395,0.45928964018821716,0.020017653703689575,0.9999515414237976,0.5598985552787781,0.45484045147895813,0.03523501753807068,0.9999309182167053,0.5586952567100525,0.45498600602149963,0.03525152802467346,0.9999089241027832,0.5573323965072632,0.45521512627601624,0.03525527939200401,0.999927818775177,0.5593057870864868,0.4546656310558319,-0.007174392230808735,0.9999474287033081,0.5577424168586731,0.4546561539173126,-0.00732018705457449,0.9999439716339111,0.556014358997345,0.4547056555747986,-0.00733049726113677,0.9999455213546753,0.5435488224029541,0.45898354053497314,0.1157408282160759,0.999803364276886,0.5427975058555603,0.45788463950157166,-0.0730029046535492,0.9999446272850037,0.5634638667106628,0.4650961458683014,0.05471137538552284,0.9998853802680969,0.5629284977912903,0.46471115946769714,5.0489861678215675e-06,0.9998941421508789,0.5327876806259155,0.4916990101337433,0.24245311319828033,0.9999213218688965,0.52169269323349,0.4827820658683777,-0.19300831854343414,0.9999593496322632,0.5551847815513611,0.5241169929504395,0.28819945454597473,0.21268554031848907,0.5620853900909424,0.5087825655937195,-0.25670623779296875,0.9938637018203735,0.5967252850532532,0.5307424068450928,0.19939830899238586,0.47387319803237915,0.6263253688812256,0.5156134366989136,-0.1683289259672165,0.9740103483200073,0.6094238758087158,0.5293609499931335,0.20004883408546448,0.4719807207584381,0.637178897857666,0.5168514847755432,-0.1927374303340912,0.9537981152534485,0.6098472476005554,0.5275171995162964,0.1727103441953659,0.47410884499549866,0.6365690231323242,0.5166250467300415,-0.17143458127975464,0.948418378829956,0.6096363067626953,0.5272611379623413,0.18295396864414215,0.47863197326660156,0.6322600841522217,0.5161993503570557,-0.15493187308311462,0.9244443774223328,0.5390458703041077,0.5808591246604919,0.1224650889635086,0.9999786019325256,0.5157979130744934,0.5768174529075623,-0.12237167358398438,0.9999659061431885,0.5521678924560547,0.6425097584724426,0.11161255836486816,0.8902546167373657,0.48748141527175903,0.6437915563583374,-0.07472291588783264,0.9866616129875183,0.5483407378196716,0.6988579034805298,0.17342214286327362,0.9627490043640137,0.4138995409011841,0.694690465927124,0.02021654322743416,0.9914472699165344,0.5380678176879883,0.705193281173706,0.1746530532836914,0.9335213899612427,0.3996748626232147,0.6983978748321533,0.025161676108837128,0.9543314576148987,0.5737689733505249,0.7193921804428101,0.09701316058635712,0.9660322070121765,0.41979703307151794,0.7166321873664856,-0.0648995041847229,0.9880592823028564
249,0.5682674646377563,0.45956864953041077,0.017332302406430244,0.9999533295631409,0.5620875358581543,0.4548746943473816,0.03270568326115608,0.9999331831932068,0.5607647895812988,0.45508331060409546,0.03272675350308418,0.9999113082885742,0.559257984161377,0.45540398359298706,0.032745610922575,0.9999299049377441,0.5617727637290955,0.4547134041786194,-0.010729576461017132,0.9999495148658752,0.560250997543335,0.454757422208786,-0.010883213020861149,0.9999461770057678,0.558551013469696,0.45487767457962036,-0.010904166847467422,0.9999479055404663,0.5450848937034607,0.45940741896629333,0.11386808007955551,0.9998087286949158,0.5450133681297302,0.4582720398902893,-0.07952895015478134,0.9999465346336365,0.5657603740692139,0.4656910300254822,0.052346643060445786,0.9998897910118103,0.5656198263168335,0.4653016924858093,-0.0037204481195658445,0.9998984932899475,0.5312142968177795,0.49170225858688354,0.24340888857841492,0.9999253153800964,0.5224064588546753,0.4839232861995697,-0.20376615226268768,0.9999622702598572,0.5545920133590698,0.523842990398407,0.30694496631622314,0.20287860929965973,0.5661799311637878,0.5142242908477783,-0.27739498019218445,0.9940221905708313,0.5969769954681396,0.5314423441886902,0.24258705973625183,0.45887577533721924,0.6296451091766357,0.5189622044563293,-0.19347305595874786,0.9748470783233643,0.6097745299339294,0.5307952165603638,0.24742640554904938,0.4589973986148834,0.6410315036773682,0.5211809277534485,-0.21747976541519165,0.9551090598106384,0.6212673783302307,0.5277994275093079,0.21873536705970764,0.46133580803871155,0.6409345269203186,0.5202512145042419,-0.19654449820518494,0.9498565793037415,0.6099385023117065,0.5288254618644714,0.22637847065925598,0.46660950779914856,0.6359517574310303,0.5194816589355469,-0.1801663637161255,0.9261107444763184,0.5404273867607117,0.5823262333869934,0.1254432648420334,0.9999786615371704,0.5156301259994507,0.5790730118751526,-0.12537308037281036,0.9999665021896362,0.5524618625640869,0.6426897048950195,0.10426484048366547,0.8909608125686646,0.4873993992805481,0.6426063179969788,-0.09008128196001053,0.986808180809021,0.54823237657547,0.6986867189407349,0.16312351822853088,0.9637446999549866,0.41394662857055664,0.6941465139389038,-0.004794687032699585,0.9917187690734863,0.5379624366760254,0.7051994204521179,0.16427874565124512,0.9354352951049805,0.4000950753688812,0.6980381011962891,-0.0004133432521484792,0.9559080004692078,0.5739554762840271,0.7195788621902466,0.08819816261529922,0.9670649766921997,0.41999363899230957,0.7164492011070251,-0.09060266613960266,0.9884549379348755
250,0.5709081888198853,0.4587898254394531,0.03240209072828293,0.9999533295631409,0.5641123056411743,0.45355358719825745,0.04368763789534569,0.9999322295188904,0.5627005696296692,0.45362740755081177,0.04368744418025017,0.9999099969863892,0.561028242111206,0.4538487195968628,0.04369330406188965,0.9999294281005859,0.5639592409133911,0.4536832571029663,0.001550176995806396,0.999949038028717,0.5625119209289551,0.4538213014602661,0.0014031040482223034,0.9999457597732544,0.5608124732971191,0.45406240224838257,0.0013891587732359767,0.9999479055404663,0.5455560088157654,0.4585992693901062,0.1097855344414711,0.9998085498809814,0.5469687581062317,0.4582888185977936,-0.07783360034227371,0.9999455213546753,0.5697560906410217,0.4658798277378082,0.0624077208340168,0.9998895525932312,0.5694627165794373,0.4655653238296509,0.00805608183145523,0.9998983144760132,0.5269942283630371,0.4914846122264862,0.2331044226884842,0.9999287128448486,0.5287347435951233,0.4860555827617645,-0.2025880217552185,0.9999645948410034,0.5507915616035461,0.5242711901664734,0.31828081607818604,0.19227467477321625,0.5684680938720703,0.5073108077049255,-0.27395373582839966,0.9936817288398743,0.6011309027671814,0.5343372821807861,0.2832813262939453,0.43957826495170593,0.6285244822502136,0.5204333662986755,-0.1963355392217636,0.9741543531417847,0.6210336089134216,0.5305930972099304,0.2938699424266815,0.4420284628868103,0.6410510540008545,0.5235864520072937,-0.2213810831308365,0.9542882442474365,0.6215526461601257,0.5286920070648193,0.2623973488807678,0.44467833638191223,0.6407248377799988,0.522621750831604,-0.20311470329761505,0.9490542411804199,0.6095629334449768,0.5292760729789734,0.2672286927700043,0.45093926787376404,0.6351763606071472,0.5214308500289917,-0.18509183824062347,0.9247021675109863,0.5327929854393005,0.5807437300682068,0.12508587539196014,0.9999781250953674,0.5158035755157471,0.5796425342559814,-0.12509982287883759,0.9999666213989258,0.5525521636009216,0.6421599984169006,0.15941815078258514,0.8864555954933167,0.48749473690986633,0.6442597508430481,-0.09762713313102722,0.9868476390838623,0.5490226745605469,0.6977511644363403,0.22748158872127533,0.9631533026695251,0.4153316915035248,0.6943598985671997,-0.018960043787956238,0.9919120073318481,0.5339735746383667,0.7043159604072571,0.22966143488883972,0.934962809085846,0.4031408429145813,0.6981080174446106,-0.014724931679666042,0.9571626782417297,0.576322615146637,0.7189738154411316,0.1636144518852234,0.966607928276062,0.4205133318901062,0.7193021774291992,-0.09896029531955719,0.9886981844902039
251,0.56852126121521,0.458200603723526,0.02265137806534767,0.9999467134475708,0.5615984201431274,0.45343372225761414,0.035563256591558456,0.9999178647994995,0.559895396232605,0.45359283685684204,0.035585951060056686,0.9998909831047058,0.5580669045448303,0.45384475588798523,0.035605620592832565,0.9999164342880249,0.5618627667427063,0.4533367156982422,-0.006408632267266512,0.999939501285553,0.5604742169380188,0.4533470571041107,-0.0065456596203148365,0.9999362826347351,0.5589529275894165,0.45344066619873047,-0.006558672990649939,0.9999402165412903,0.5438739657402039,0.4579387903213501,0.10507266223430634,0.9997679591178894,0.5461755990982056,0.4571620523929596,-0.08157262206077576,0.9999318718910217,0.5650148391723633,0.46470800042152405,0.053255289793014526,0.9998658895492554,0.5654377341270447,0.4641779065132141,-0.0008469354943372309,0.9998775720596313,0.5255181789398193,0.49049389362335205,0.22860191762447357,0.9999184012413025,0.5295103192329407,0.48477935791015625,-0.2008989304304123,0.999963641166687,0.5512436032295227,0.5244852900505066,0.30081120133399963,0.18512775003910065,0.5733140110969543,0.514514148235321,-0.27909305691719055,0.9936313033103943,0.600562334060669,0.5333238244056702,0.25218063592910767,0.4265982508659363,0.6303299069404602,0.5238261818885803,-0.2293844223022461,0.9744790196418762,0.620915412902832,0.5311633348464966,0.2588999569416046,0.4305188059806824,0.6426628828048706,0.5266194343566895,-0.26146119832992554,0.9548980593681335,0.6210628747940063,0.5296591520309448,0.2269381880760193,0.4333305060863495,0.642606258392334,0.5257312655448914,-0.2422957569360733,0.9498350620269775,0.6084093451499939,0.5307234525680542,0.23512950539588928,0.44010117650032043,0.6370136737823486,0.5246318578720093,-0.21940438449382782,0.9257412552833557,0.5267602205276489,0.5790157914161682,0.12566830217838287,0.9999687075614929,0.5201436281204224,0.577643632888794,-0.12558871507644653,0.9999607801437378,0.5414372682571411,0.6429920792579651,0.15804840624332428,0.8748611211776733,0.5006586313247681,0.6399461627006531,-0.1157410740852356,0.9865697622299194,0.5404765605926514,0.6970942616462708,0.2227914184331894,0.9598640203475952,0.42000719904899597,0.6939078569412231,-0.048148199915885925,0.9919118881225586,0.5008516907691956,0.710678219795227,0.22450760006904602,0.9321763515472412,0.40969765186309814,0.6981769800186157,-0.045123305171728134,0.9581086039543152,0.5654799938201904,0.7172300219535828,0.16108974814414978,0.9642706513404846,0.44230565428733826,0.7176136374473572,-0.12801311910152435,0.9886291027069092
252,0.5701214075088501,0.45925575494766235,0.01679237186908722,0.9999427199363708,0.5637056827545166,0.45434626936912537,0.027537643909454346,0.999911367893219,0.5621391534805298,0.45451271533966064,0.027531640604138374,0.999881386756897,0.5604239702224731,0.454829603433609,0.027527550235390663,0.9999096393585205,0.5638748407363892,0.4542594254016876,-0.014064338058233261,0.9999355673789978,0.5625104308128357,0.45432376861572266,-0.014206113293766975,0.9999322295188904,0.5610232353210449,0.4544917643070221,-0.0142276082187891,0.9999370574951172,0.5458605885505676,0.45900222659111023,0.09246692806482315,0.9997526407241821,0.5480058789253235,0.45819008350372314,-0.09287100285291672,0.9999265074729919,0.5671190619468689,0.4658847153186798,0.04611116275191307,0.9998581409454346,0.5675357580184937,0.46540313959121704,-0.007633276283740997,0.999871015548706,0.5257512927055359,0.4924369752407074,0.21445032954216003,0.9999135136604309,0.5319294929504395,0.48669061064720154,-0.21271944046020508,0.9999633431434631,0.5414053201675415,0.5243364572525024,0.32057252526283264,0.17360615730285645,0.5743942260742188,0.5152340531349182,-0.29101991653442383,0.9932882785797119,0.60404372215271,0.5346916317939758,0.3169049322605133,0.40435492992401123,0.6295222640037537,0.5255343914031982,-0.22652015089988708,0.973643958568573,0.6182530522346497,0.5310967564582825,0.331023633480072,0.4109429717063904,0.6412370800971985,0.5277324914932251,-0.25315091013908386,0.9538154602050781,0.6281118988990784,0.5291624665260315,0.2973017394542694,0.4141582250595093,0.6409096121788025,0.5261810421943665,-0.23612725734710693,0.9487431645393372,0.6172318458557129,0.5293601751327515,0.30076855421066284,0.4218837320804596,0.6347688436508179,0.5255166888237,-0.21679139137268066,0.9240142107009888,0.5317845344543457,0.5823975801467896,0.12189305573701859,0.9999649524688721,0.5210088491439819,0.5813848376274109,-0.12187986075878143,0.9999580979347229,0.5485158562660217,0.6466912627220154,0.15921108424663544,0.8702713847160339,0.49262306094169617,0.6439475417137146,-0.09162344038486481,0.9865036606788635,0.5463305711746216,0.6991806030273438,0.23762278258800507,0.9587326049804688,0.41487544775009155,0.69475257396698,-0.011846296489238739,0.992034375667572,0.5359814167022705,0.7055987119674683,0.24118870496749878,0.9314412474632263,0.40232837200164795,0.6988272070884705,-0.0075280372984707355,0.9591799974441528,0.5727000832557678,0.718693196773529,0.1787937730550766,0.9633947610855103,0.4254938066005707,0.7186227440834045,-0.09071166068315506,0.9887126088142395
253,0.5717551708221436,0.4576473832130432,0.0024044355377554893,0.9999416470527649,0.5648658275604248,0.45273393392562866,0.014706559479236603,0.9999080896377563,0.5631186962127686,0.4528235197067261,0.014695676043629646,0.999876856803894,0.5612278580665588,0.4530401825904846,0.01468649972230196,0.999906599521637,0.5651662945747375,0.4526738226413727,-0.028401145711541176,0.9999336004257202,0.5637335777282715,0.45269694924354553,-0.028541412204504013,0.9999303817749023,0.5621687173843384,0.45281359553337097,-0.028567058965563774,0.9999355673789978,0.5467647910118103,0.45685818791389465,0.08725682646036148,0.9997454285621643,0.5487818121910095,0.45648661255836487,-0.10467086732387543,0.9999241828918457,0.5683181881904602,0.46452808380126953,0.03471564128994942,0.9998538494110107,0.5687562227249146,0.46406859159469604,-0.020821213722229004,0.9998683333396912,0.5259150862693787,0.4907200038433075,0.2175436019897461,0.9999154210090637,0.530299961566925,0.48635733127593994,-0.22599241137504578,0.9999644160270691,0.5429360866546631,0.5254825353622437,0.30801674723625183,0.16509753465652466,0.5711380839347839,0.5161049365997314,-0.2956000864505768,0.9930092096328735,0.5958481431007385,0.534271240234375,0.27515894174575806,0.3903229534626007,0.62549889087677,0.5280541181564331,-0.2170862853527069,0.9733900427818298,0.6210663914680481,0.5338066816329956,0.2843025028705597,0.399228572845459,0.6409416198730469,0.5313054323196411,-0.2445746809244156,0.9535757303237915,0.6214311718940735,0.5323345065116882,0.25027602910995483,0.40292030572891235,0.6407812833786011,0.5296119451522827,-0.226691335439682,0.9485374689102173,0.6093809008598328,0.5327412486076355,0.25767213106155396,0.41137728095054626,0.6349424719810486,0.5287804007530212,-0.20644062757492065,0.9232268929481506,0.5356265902519226,0.581157922744751,0.1278727799654007,0.9999649524688721,0.5188984870910645,0.5804534554481506,-0.12787359952926636,0.9999579787254333,0.55572509765625,0.6390425562858582,0.16263490915298462,0.869515061378479,0.48771747946739197,0.6431263089179993,-0.10300134867429733,0.9868576526641846,0.5472742915153503,0.6959608197212219,0.2420942783355713,0.9595285654067993,0.41469186544418335,0.6920929551124573,-0.010954275727272034,0.9923191666603088,0.5365915894508362,0.7026436924934387,0.24578145146369934,0.9326052069664001,0.4001266062259674,0.6951974630355835,-0.005351519212126732,0.9606537818908691,0.572202205657959,0.7178506255149841,0.18281249701976776,0.9638558030128479,0.42049872875213623,0.7178717255592346,-0.0872274786233902,0.9890159964561462
254,0.5736253261566162,0.4592013359069824,0.011153867468237877,0.99993896484375,0.5675076842308044,0.45412522554397583,0.021081797778606415,0.9999029040336609,0.5659687519073486,0.4541618525981903,0.021073516458272934,0.9998703598976135,0.5641430020332336,0.4543408751487732,0.02106131985783577,0.9999019503593445,0.5675081610679626,0.45432135462760925,-0.02037196047604084,0.9999305009841919,0.5660721063613892,0.4544784426689148,-0.02051788568496704,0.9999274015426636,0.5644041299819946,0.45472970604896545,-0.020534992218017578,0.9999330639839172,0.5484537482261658,0.45844972133636475,0.08385192602872849,0.9997366666793823,0.5503120422363281,0.4586630165576935,-0.10104945302009583,0.9999202489852905,0.5708104968070984,0.4657864570617676,0.03997853025794029,0.9998451471328735,0.57078617811203,0.465604305267334,-0.01361490786075592,0.9998613595962524,0.526759922504425,0.49081116914749146,0.20571917295455933,0.9999144077301025,0.5336452126502991,0.487701952457428,-0.21536409854888916,0.9999651312828064,0.5412829518318176,0.5249752402305603,0.31721749901771545,0.15501068532466888,0.5778306126594543,0.5169199109077454,-0.27071186900138855,0.9924759864807129,0.5940418243408203,0.5398674011230469,0.32026615738868713,0.3683440089225769,0.6322608590126038,0.5299090147018433,-0.18846991658210754,0.9716977477073669,0.6077355742454529,0.5426920652389526,0.3361109793186188,0.37938717007637024,0.6420981287956238,0.5327436327934265,-0.21216925978660583,0.951377809047699,0.6015881299972534,0.5373674035072327,0.3005107045173645,0.3833826780319214,0.6426945924758911,0.5314584374427795,-0.19653825461864471,0.9462383985519409,0.6014331579208374,0.5367364883422852,0.30383923649787903,0.3922933340072632,0.6409739255905151,0.5306415557861328,-0.17885521054267883,0.9194761514663696,0.5311523675918579,0.5796431303024292,0.12269898504018784,0.9999619126319885,0.5182420015335083,0.5790694355964661,-0.12272388488054276,0.9999558329582214,0.5518205761909485,0.6398681998252869,0.16328653693199158,0.8677952289581299,0.48905283212661743,0.6436132192611694,-0.10180399566888809,0.987164318561554,0.5472846031188965,0.6976476907730103,0.23499692976474762,0.9602124691009521,0.4139667749404907,0.6927474737167358,-0.020257897675037384,0.9925967454910278,0.5369445085525513,0.7047961950302124,0.23799149692058563,0.933678925037384,0.4005899131298065,0.6961167454719543,-0.015421410091221333,0.962274968624115,0.5740348100662231,0.7183326482772827,0.17425791919231415,0.9642590880393982,0.4199455678462982,0.7174142003059387,-0.09711083769798279,0.9893043041229248
255,0.5745092034339905,0.4602322578430176,-0.0033414142671972513,0.9999359846115112,0.568328857421875,0.4551657736301422,0.007273489143699408,0.9998978972434998,0.5666517019271851,0.45516738295555115,0.00725345965474844,0.9998630285263062,0.5647740960121155,0.4552532434463501,0.007238113321363926,0.9998965263366699,0.5684086680412292,0.45529621839523315,-0.03454892709851265,0.999927282333374,0.5668989419937134,0.4553614854812622,-0.03468925133347511,0.999923825263977,0.5652239322662354,0.45547062158584595,-0.03471709042787552,0.999930202960968,0.5500905513763428,0.45859870314598083,0.0730912834405899,0.9997252225875854,0.5517512559890747,0.4586666524410248,-0.11342693865299225,0.9999163150787354,0.5702326893806458,0.4666357636451721,0.02651822939515114,0.9998376965522766,0.5704382658004761,0.46654099225997925,-0.027549350634217262,0.9998555779457092,0.5275703072547913,0.4902055561542511,0.1952146738767624,0.9999100565910339,0.532857358455658,0.4874313473701477,-0.2284405678510666,0.99996417760849,0.5422340035438538,0.5233811140060425,0.30220460891723633,0.14529696106910706,0.5785498023033142,0.5187631249427795,-0.29019737243652344,0.9921064972877502,0.5970442891120911,0.5376843214035034,0.30353644490242004,0.3471564054489136,0.6303141713142395,0.5319532752037048,-0.2053404003381729,0.9705559015274048,0.6061384081840515,0.537933349609375,0.318172812461853,0.3600366413593292,0.6406614184379578,0.5346806049346924,-0.22991451621055603,0.9496022462844849,0.6184974312782288,0.5359270572662354,0.28256991505622864,0.3643057346343994,0.6418167352676392,0.5332179069519043,-0.21384333074092865,0.9443293213844299,0.6055943965911865,0.5365685224533081,0.28683990240097046,0.3738456666469574,0.6399108171463013,0.5325919389724731,-0.19559665024280548,0.9162960052490234,0.5335497260093689,0.5821441411972046,0.12090230733156204,0.9999576210975647,0.5197827219963074,0.5818319320678711,-0.12087812274694443,0.9999521374702454,0.5526524186134338,0.6415234804153442,0.1510179191827774,0.8685838580131531,0.4930805265903473,0.6430646181106567,-0.10375040024518967,0.9875405430793762,0.5477505922317505,0.6980197429656982,0.2272653877735138,0.9610487222671509,0.41370126605033875,0.6924993395805359,-0.013937288895249367,0.9928115010261536,0.5377758741378784,0.7049087285995483,0.23093022406101227,0.934511661529541,0.3990152180194855,0.696994423866272,-0.008368795737624168,0.9633411765098572,0.5743699669837952,0.7178708910942078,0.1671736240386963,0.9645695686340332,0.422101765871048,0.7177468538284302,-0.08963244408369064,0.9894359111785889
256,0.5754543542861938,0.4595995843410492,0.006257968954741955,0.999931275844574,0.5690346956253052,0.45459169149398804,0.017400989308953285,0.9998887181282043,0.5674670934677124,0.4545902609825134,0.01738825999200344,0.9998512864112854,0.5656580924987793,0.4547104835510254,0.01737198419868946,0.9998874068260193,0.5689730644226074,0.4548875391483307,-0.024309953674674034,0.9999219179153442,0.5674644112586975,0.45506685972213745,-0.02445710077881813,0.9999188184738159,0.5657636523246765,0.4553256928920746,-0.02448519691824913,0.9999257326126099,0.5505918860435486,0.45845064520835876,0.0841972753405571,0.9997040629386902,0.5520051717758179,0.4589636027812958,-0.10159364342689514,0.9999105930328369,0.5725305080413818,0.46631813049316406,0.0362904854118824,0.9998239874839783,0.5724868178367615,0.4662929177284241,-0.017499150708317757,0.9998456835746765,0.5289309024810791,0.4907301068305969,0.20636194944381714,0.9999076724052429,0.5330811142921448,0.48884764313697815,-0.21931397914886475,0.9999642372131348,0.5433816909790039,0.5236448049545288,0.3081779181957245,0.13675622642040253,0.5745911598205566,0.5190747976303101,-0.28309640288352966,0.9916114211082458,0.5952011942863464,0.5384842753410339,0.3040253221988678,0.32947948575019836,0.6281999349594116,0.5341770648956299,-0.20118889212608337,0.9690985679626465,0.6092113256454468,0.5413194298744202,0.31788861751556396,0.3441055715084076,0.6383923292160034,0.5381373167037964,-0.225325345993042,0.9475888013839722,0.617515504360199,0.5387718081474304,0.2833579480648041,0.34858572483062744,0.6392697691917419,0.5371639728546143,-0.2096681147813797,0.9421958327293396,0.6063829660415649,0.5364442467689514,0.2875250577926636,0.3586328327655792,0.633335292339325,0.5352127552032471,-0.19148270785808563,0.9128554463386536,0.5368808507919312,0.5808842778205872,0.12333963066339493,0.9999561905860901,0.519264817237854,0.5805603265762329,-0.12336250394582748,0.9999510049819946,0.5524384379386902,0.6416488289833069,0.15680111944675446,0.8684572577476501,0.49183642864227295,0.6442432999610901,-0.10863739997148514,0.9878833293914795,0.5469263195991516,0.6977018117904663,0.23209235072135925,0.9618292450904846,0.4141380786895752,0.6922038197517395,-0.023952433839440346,0.9930739402770996,0.5362558960914612,0.7045861482620239,0.235421821475029,0.9355763792991638,0.3994602859020233,0.6948661804199219,-0.018911087885499,0.9647166132926941,0.5751135945320129,0.7198016047477722,0.172318235039711,0.9650545120239258,0.41918063163757324,0.7166579961776733,-0.10123024880886078,0.9897288680076599
257,0.5759763121604919,0.46010622382164,0.002636314369738102,0.9999292492866516,0.5698510408401489,0.4548841714859009,0.014783136546611786,0.9998859763145447,0.5683075785636902,0.4548448324203491,0.014768500812351704,0.9998465776443481,0.5665656328201294,0.4549389183521271,0.01476004533469677,0.9998834729194641,0.5696530938148499,0.45516619086265564,-0.02800411731004715,0.9999207854270935,0.5680634379386902,0.45532190799713135,-0.028159329667687416,0.99991774559021,0.5663015246391296,0.45558300614356995,-0.0281989723443985,0.9999250173568726,0.5520682334899902,0.4582373797893524,0.0845935195684433,0.9996947050094604,0.5527688264846802,0.4591006934642792,-0.10593113303184509,0.9999098181724548,0.5724272727966309,0.46665188670158386,0.03370342776179314,0.9998214840888977,0.5721452832221985,0.4668612778186798,-0.02147558704018593,0.9998448491096497,0.5304425954818726,0.490063339471817,0.20700541138648987,0.9999062418937683,0.5317548513412476,0.48896324634552,-0.2275398224592209,0.9999647736549377,0.5408558249473572,0.5211673378944397,0.3251548409461975,0.12719178199768066,0.5690687894821167,0.5195486545562744,-0.30813348293304443,0.9913553595542908,0.5924147963523865,0.538295567035675,0.3376116156578064,0.3093378245830536,0.6225672364234924,0.5363690257072449,-0.2369418740272522,0.9681850671768188,0.6067478656768799,0.5419756770133972,0.35233911871910095,0.325376033782959,0.6330808997154236,0.5409319996833801,-0.26385101675987244,0.94610196352005,0.6062396764755249,0.5408217906951904,0.3170537054538727,0.3300958573818207,0.633830726146698,0.5396126508712769,-0.24857525527477264,0.9406096339225769,0.6054256558418274,0.5399816632270813,0.32109954953193665,0.34082040190696716,0.6315515637397766,0.5386218428611755,-0.22779636085033417,0.9102010726928711,0.5371002554893494,0.5817514061927795,0.12416984885931015,0.9999570846557617,0.5201663970947266,0.5798007845878601,-0.12418769299983978,0.999952495098114,0.5527046322822571,0.6414192318916321,0.1759244203567505,0.8674326539039612,0.4871818721294403,0.6437255144119263,-0.08657702803611755,0.9881625175476074,0.5478388071060181,0.6966587901115417,0.26486915349960327,0.9620358943939209,0.41390883922576904,0.6930868029594421,0.004214894957840443,0.9932669997215271,0.5352699160575867,0.7035574316978455,0.269164115190506,0.9360319972038269,0.3991115391254425,0.6961063146591187,0.009517228230834007,0.9657366275787354,0.5716326832771301,0.7176610827445984,0.20476572215557098,0.9652333855628967,0.4193492531776428,0.7142914533615112,-0.07532025128602982,0.9899623990058899
258,0.5761834383010864,0.4608239531517029,0.026681799441576004,0.9999269247055054,0.5710170865058899,0.4554715156555176,0.0380139984190464,0.9998826384544373,0.5695233345031738,0.45543918013572693,0.037996724247932434,0.999843180179596,0.5676792860031128,0.4555261731147766,0.037987206131219864,0.9998810887336731,0.5709201097488403,0.45570600032806396,-0.0029586157761514187,0.9999186396598816,0.5694526433944702,0.4558270275592804,-0.0031146842520684004,0.999915599822998,0.5677121877670288,0.45603352785110474,-0.0031474081333726645,0.9999234676361084,0.551720380783081,0.45873960852622986,0.09973286092281342,0.9996881484985352,0.5533314347267151,0.45925968885421753,-0.08326356112957001,0.9999090433120728,0.5727327466011047,0.4670899510383606,0.05471773445606232,0.9998151659965515,0.5726099014282227,0.46707579493522644,0.0017046789871528745,0.9998408555984497,0.5258007645606995,0.4884558320045471,0.20921193063259125,0.9999088048934937,0.5333618521690369,0.4887218177318573,-0.19714705646038055,0.999966561794281,0.5199196934700012,0.5265697836875916,0.28925415873527527,0.11923512071371078,0.5694810748100281,0.5225477814674377,-0.23022837936878204,0.9909349083900452,0.5819401741027832,0.5481587052345276,0.26811376214027405,0.29025086760520935,0.6207937598228455,0.5387647747993469,-0.11635328829288483,0.9666325449943542,0.5958399772644043,0.5526917576789856,0.28120166063308716,0.3072492778301239,0.636124312877655,0.5435462594032288,-0.1364365518093109,0.9434839487075806,0.599945068359375,0.5528767704963684,0.24532561004161835,0.31207334995269775,0.6365010142326355,0.5421338677406311,-0.11878185719251633,0.9378071427345276,0.5952586531639099,0.551688551902771,0.25095880031585693,0.32306137681007385,0.6301247477531433,0.5406951308250427,-0.10486095398664474,0.9057235717773438,0.5319792628288269,0.578774631023407,0.11853381991386414,0.9999563097953796,0.522316038608551,0.5785781741142273,-0.11855164915323257,0.999952495098114,0.5524365305900574,0.6420673131942749,0.15492834150791168,0.866003155708313,0.4877793490886688,0.6436834931373596,-0.10219898074865341,0.9884713888168335,0.5483388304710388,0.6982860565185547,0.2214721292257309,0.9624362587928772,0.4135456085205078,0.6933294534683228,-0.01956324465572834,0.9933867454528809,0.5377167463302612,0.7046108841896057,0.22381892800331116,0.9362362623214722,0.39974191784858704,0.6966241598129272,-0.014768590219318867,0.9665085077285767,0.57422935962677,0.7192621231079102,0.15669089555740356,0.9653704166412354,0.4181026220321655,0.7157120108604431,-0.09481244534254074,0.9900796413421631
259,0.5769210457801819,0.45738518238067627,-0.011082470417022705,0.9999253749847412,0.5707674026489258,0.4527341425418854,0.0005537586403079331,0.9998785853385925,0.5693942904472351,0.45285600423812866,0.0005550826899707317,0.9998378753662109,0.5678408145904541,0.45316916704177856,0.0005519610131159425,0.999876856803894,0.5707640051841736,0.4528287351131439,-0.04080204665660858,0.9999164342880249,0.569396436214447,0.4529843330383301,-0.040957678109407425,0.9999133348464966,0.5678415894508362,0.45326104760169983,-0.04099424555897713,0.9999217391014099,0.5529022812843323,0.4577462077140808,0.06670144200325012,0.9996751546859741,0.5532153844833374,0.4576247036457062,-0.11785317212343216,0.9999069571495056,0.5744515061378479,0.46372759342193604,0.018470153212547302,0.9998100996017456,0.5749170780181885,0.4634840190410614,-0.03499928116798401,0.99983811378479,0.5309385061264038,0.48901277780532837,0.18458883464336395,0.9999079704284668,0.5349828600883484,0.48712363839149475,-0.22680498659610748,0.9999678134918213,0.541998565196991,0.5246142148971558,0.26853638887405396,0.113001748919487,0.5720175504684448,0.5226113796234131,-0.27737942337989807,0.9905821084976196,0.594502329826355,0.5439110994338989,0.2456689327955246,0.27545782923698425,0.6230159401893616,0.5417922139167786,-0.18772763013839722,0.9652467966079712,0.6086541414260864,0.5474110245704651,0.25560903549194336,0.29304951429367065,0.6329358220100403,0.5468468070030212,-0.21188445389270782,0.9412176012992859,0.6125186085700989,0.5477908253669739,0.22086745500564575,0.29800155758857727,0.6330372095108032,0.5455780029296875,-0.19698871672153473,0.9354329705238342,0.6077663898468018,0.5471077561378479,0.2284775674343109,0.30907848477363586,0.630485475063324,0.5443631410598755,-0.17827676236629486,0.9021136164665222,0.5392938256263733,0.5779358744621277,0.120561882853508,0.9999542236328125,0.5224601030349731,0.5780069231987,-0.12055333703756332,0.9999516010284424,0.55267333984375,0.640058696269989,0.15437595546245575,0.8655968904495239,0.489250510931015,0.6433157324790955,-0.10268547385931015,0.9887248277664185,0.5479727983474731,0.698006808757782,0.2304409295320511,0.9629107117652893,0.41430893540382385,0.6942266225814819,-0.01074995007365942,0.9935507774353027,0.5366407036781311,0.7049944996833801,0.23337650299072266,0.9368757009506226,0.400998055934906,0.6975695490837097,-0.0054450309835374355,0.9675399661064148,0.5736271142959595,0.7191518545150757,0.16722093522548676,0.9656715989112854,0.4194972515106201,0.7165582776069641,-0.08784288167953491,0.9902433753013611
260,0.5786057114601135,0.46193164587020874,0.011867551133036613,0.9999285340309143,0.5731490254402161,0.4568541646003723,0.022765425965189934,0.999884307384491,0.5714618563652039,0.45686325430870056,0.022764090448617935,0.999845564365387,0.5694778561592102,0.4569952189922333,0.02277511917054653,0.9998826384544373,0.5733894109725952,0.4570489525794983,-0.01900249533355236,0.9999203085899353,0.5719962120056152,0.4571547508239746,-0.019151002168655396,0.9999170899391174,0.5703347325325012,0.4573207199573517,-0.019185321405529976,0.9999252557754517,0.5540643334388733,0.46019452810287476,0.08424995094537735,0.999689519405365,0.5559701919555664,0.4603949785232544,-0.10218244791030884,0.9999114274978638,0.5742274522781372,0.46769988536834717,0.039710622280836105,0.9998175501823425,0.5747405290603638,0.46769821643829346,-0.01436435617506504,0.9998447299003601,0.5293474197387695,0.4898732602596283,0.19531798362731934,0.9999104738235474,0.536528468132019,0.49014854431152344,-0.21324977278709412,0.9999693036079407,0.5387076139450073,0.5277010798454285,0.2648813724517822,0.10709872096776962,0.5758757591247559,0.5253604650497437,-0.24002690613269806,0.9900967478752136,0.5925037860870361,0.5444883108139038,0.22891844809055328,0.26064756512641907,0.6218528151512146,0.543574333190918,-0.1058981716632843,0.9630417823791504,0.6081550121307373,0.5485491156578064,0.23996463418006897,0.2786109447479248,0.6314053535461426,0.5489819645881653,-0.12140417098999023,0.9374403357505798,0.608256459236145,0.5470625162124634,0.20796246826648712,0.2836485803127289,0.6314070224761963,0.5464146137237549,-0.10707918554544449,0.9313670992851257,0.6064883470535278,0.5458695292472839,0.21267081797122955,0.29494792222976685,0.6259595155715942,0.5451200008392334,-0.09504606574773788,0.8962926864624023,0.532371997833252,0.5817545056343079,0.11836332082748413,0.999954342842102,0.5247897505760193,0.5820806622505188,-0.11833591759204865,0.9999526143074036,0.5500807166099548,0.6442688703536987,0.16415515542030334,0.8653056025505066,0.48992466926574707,0.6440818905830383,-0.0921548455953598,0.9889776706695557,0.54777991771698,0.6981257200241089,0.2465125471353531,0.9629162549972534,0.417938768863678,0.694595217704773,-0.001000471180304885,0.9936352968215942,0.5373427271842957,0.705173134803772,0.250499963760376,0.936744213104248,0.40226125717163086,0.6996732354164124,0.004411321599036455,0.9681756496429443,0.5729328989982605,0.7186641097068787,0.18765898048877716,0.9655930399894714,0.41631945967674255,0.7134547829627991,-0.07569088786840439,0.9903057813644409
261,0.580265462398529,0.46132129430770874,0.016256097704172134,0.9999207854270935,0.5744045972824097,0.4559401571750641,0.025185568258166313,0.9998742938041687,0.5729500651359558,0.45581939816474915,0.02517576329410076,0.9998334646224976,0.5712460279464722,0.4558303654193878,0.025163326412439346,0.9998719096183777,0.5744833946228027,0.4564054310321808,-0.014841631054878235,0.9999139308929443,0.5731164216995239,0.4565986096858978,-0.014989222399890423,0.9999107718467712,0.5715023875236511,0.4568878412246704,-0.015032281167805195,0.9999191761016846,0.5553765892982483,0.4588092267513275,0.08039093762636185,0.999668538570404,0.5568328499794006,0.46012914180755615,-0.09810122847557068,0.9999057054519653,0.5768595933914185,0.4671061336994171,0.042204346507787704,0.9998002648353577,0.5768691301345825,0.46768033504486084,-0.00960148498415947,0.9998318552970886,0.5280934572219849,0.488321453332901,0.18706177175045013,0.9999081492424011,0.5398792624473572,0.4923340082168579,-0.20589496195316315,0.9999693036079407,0.5412157773971558,0.5239030718803406,0.2793954610824585,0.10048902034759521,0.5807068943977356,0.5273734927177429,-0.22706224024295807,0.9882697463035583,0.5856515169143677,0.5422683358192444,0.27963322401046753,0.2435862123966217,0.6220799088478088,0.5471211075782776,-0.09168863296508789,0.95606529712677,0.6054421663284302,0.5465644598007202,0.29576167464256287,0.2616058886051178,0.6306843757629395,0.5520793795585632,-0.10407401621341705,0.9276015162467957,0.6060259342193604,0.5485928058624268,0.26445838809013367,0.266567200422287,0.6258976459503174,0.5505653619766235,-0.09470093995332718,0.9208597540855408,0.6051155924797058,0.5475010275840759,0.2650723457336426,0.27796339988708496,0.6241425275802612,0.5494098663330078,-0.08300519734621048,0.8822143077850342,0.5358495116233826,0.5811220407485962,0.11491620540618896,0.9999532103538513,0.5246235728263855,0.5817712545394897,-0.11492772400379181,0.9999520778656006,0.5526869893074036,0.6395312547683716,0.15872888267040253,0.8622194528579712,0.4927634298801422,0.6442771553993225,-0.09191833436489105,0.988859236240387,0.5475766658782959,0.6965076923370361,0.2315705120563507,0.9623718857765198,0.4171372950077057,0.6927850842475891,-0.011879944242537022,0.9935543537139893,0.5361493229866028,0.703318178653717,0.23506584763526917,0.9360572099685669,0.4033024311065674,0.6959176659584045,-0.007035687565803528,0.9685167670249939,0.5736700296401978,0.7171554565429688,0.17505507171154022,0.9649014472961426,0.41939598321914673,0.7163097262382507,-0.08406668156385422,0.9901263117790222
262,0.5796541571617126,0.4618348181247711,-0.011982078664004803,0.9999188780784607,0.5742970108985901,0.4569717347621918,0.0002848707663360983,0.9998689293861389,0.5727323293685913,0.45691967010498047,0.0002836364146787673,0.9998276829719543,0.5709289908409119,0.4569520950317383,0.000283988774754107,0.9998674988746643,0.5744650959968567,0.4571232795715332,-0.041264720261096954,0.999910295009613,0.5731286406517029,0.45716336369514465,-0.04140583798289299,0.9999074935913086,0.5715978741645813,0.4572533369064331,-0.04143069311976433,0.9999161958694458,0.5563612580299377,0.4593013823032379,0.06762286275625229,0.9996529221534729,0.5581038594245911,0.4596850574016571,-0.11772337555885315,0.999901533126831,0.575265645980835,0.46732786297798157,0.01789303496479988,0.9997912645339966,0.5757742524147034,0.467302531003952,-0.035818785429000854,0.9998247027397156,0.5288827419281006,0.4868980944156647,0.18470025062561035,0.999906599521637,0.5370201468467712,0.4881696105003357,-0.2238009124994278,0.9999696612358093,0.5354528427124023,0.5248436331748962,0.26148951053619385,0.09695543348789215,0.568746030330658,0.5253350138664246,-0.26123881340026855,0.9880781173706055,0.5879601836204529,0.5476818680763245,0.22960777580738068,0.2337513417005539,0.6177384853363037,0.5473911166191101,-0.15500114858150482,0.9552108645439148,0.6010460257530212,0.5518102049827576,0.23927578330039978,0.2517586350440979,0.6252914071083069,0.553225576877594,-0.17714354395866394,0.9259542226791382,0.6044119000434875,0.5521382093429565,0.20566576719284058,0.25675520300865173,0.6266056299209595,0.552307665348053,-0.1635487824678421,0.9191766381263733,0.6000556945800781,0.551167905330658,0.21272531151771545,0.2681553363800049,0.6250818967819214,0.5509417057037354,-0.14569197595119476,0.8795844316482544,0.5311443209648132,0.5794971585273743,0.12111266702413559,0.9999495148658752,0.5248883366584778,0.5794503092765808,-0.12106495350599289,0.9999498724937439,0.5503990054130554,0.6382589340209961,0.15328586101531982,0.8597841262817383,0.4942280948162079,0.642578661441803,-0.11148709058761597,0.9891360998153687,0.5459892749786377,0.6972660422325134,0.22782152891159058,0.96213299036026,0.4145595133304596,0.6934713125228882,-0.025383474305272102,0.9936902523040771,0.5353354811668396,0.7037938833236694,0.23044119775295258,0.9356666207313538,0.39960670471191406,0.6970853209495544,-0.02060772478580475,0.9693821668624878,0.5718773007392883,0.7175925970077515,0.164436474442482,0.9646674394607544,0.4201032519340515,0.7169049382209778,-0.10100601613521576,0.9902855753898621
263,0.5827200412750244,0.45922011137008667,-0.016269123181700706,0.999909520149231,0.5765970945358276,0.4542054831981659,-0.005144253373146057,0.9998530745506287,0.5752219557762146,0.4541361629962921,-0.005161655601114035,0.9998078942298889,0.5736589431762695,0.45420461893081665,-0.005185726564377546,0.999851644039154,0.5765563249588013,0.4544718861579895,-0.046066466718912125,0.9998984336853027,0.5751264095306396,0.4545455873012543,-0.046214643865823746,0.9998950958251953,0.5734652280807495,0.4547089636325836,-0.0462627038359642,0.9999054670333862,0.5581250190734863,0.45750153064727783,0.06046650558710098,0.9996069669723511,0.5582472085952759,0.45788145065307617,-0.12208151817321777,0.9998891949653625,0.5796287655830383,0.4647704064846039,0.013323788531124592,0.9997648000717163,0.5799949765205383,0.46492117643356323,-0.03956066817045212,0.9998040199279785,0.5340396165847778,0.48720309138298035,0.17328892648220062,0.9998977184295654,0.5372580885887146,0.49022701382637024,-0.22591020166873932,0.9999676942825317,0.5355867147445679,0.526626467704773,0.23578284680843353,0.09240634739398956,0.5662774443626404,0.5276451706886292,-0.2607359290122986,0.9869487881660461,0.5814708471298218,0.5487625002861023,0.19351617991924286,0.22161132097244263,0.6141522526741028,0.5488325953483582,-0.14711010456085205,0.9513681530952454,0.5937673449516296,0.5533202886581421,0.200308158993721,0.23968471586704254,0.6229169368743896,0.5540552735328674,-0.16744793951511383,0.9203323125839233,0.5948693156242371,0.5517199039459229,0.1688528060913086,0.24462953209877014,0.6246950030326843,0.5522681474685669,-0.1543588936328888,0.9132303595542908,0.5929037928581238,0.5528259873390198,0.17705057561397552,0.25600701570510864,0.6227102279663086,0.5510122179985046,-0.13767769932746887,0.8715401291847229,0.5386365652084351,0.5793163776397705,0.11652003973722458,0.9999445676803589,0.522705614566803,0.5822776556015015,-0.11648799479007721,0.999946117401123,0.554216742515564,0.6424181461334229,0.16045157611370087,0.858281672000885,0.492287814617157,0.6436065435409546,-0.09600202739238739,0.9891495704650879,0.5473700761795044,0.6983144879341125,0.2452387511730194,0.9616978168487549,0.4140024483203888,0.6931400299072266,0.005928231868892908,0.9936380386352539,0.5366532206535339,0.7046357989311218,0.2492334395647049,0.9346083998680115,0.40031611919403076,0.6962371468544006,0.012029297649860382,0.9693742990493774,0.5720884203910828,0.7175668478012085,0.18408623337745667,0.9640599489212036,0.41985026001930237,0.7165880799293518,-0.07057268917560577,0.9901083707809448
264,0.5814319252967834,0.46059033274650574,-0.0255613811314106,0.9998809695243835,0.5755930542945862,0.4556247591972351,-0.014604917727410793,0.9998122453689575,0.5740451216697693,0.45551225543022156,-0.014629282057285309,0.9997541904449463,0.5723097920417786,0.455516517162323,-0.014659461565315723,0.9998079538345337,0.5753063559532166,0.45589911937713623,-0.05600299313664436,0.9998703598976135,0.573644757270813,0.45596644282341003,-0.05617093667387962,0.9998663663864136,0.5718160271644592,0.4561130702495575,-0.056238848716020584,0.9998812079429626,0.5582372546195984,0.4580281674861908,0.05217699334025383,0.999488353729248,0.558419406414032,0.45869114995002747,-0.1324625462293625,0.9998603463172913,0.5780922174453735,0.46584445238113403,0.0047116028144955635,0.9996926784515381,0.5779885053634644,0.46596887707710266,-0.04877158999443054,0.999747633934021,0.5363743305206299,0.4863905608654022,0.16903485357761383,0.9998698234558105,0.5376409888267517,0.48853594064712524,-0.2392474114894867,0.9999616146087646,0.5307477712631226,0.5241014957427979,0.26359060406684875,0.08554758876562119,0.5660732388496399,0.5259961485862732,-0.2871306240558624,0.984600841999054,0.5712716579437256,0.5470635294914246,0.2670651972293854,0.20441608130931854,0.6133382320404053,0.5493138432502747,-0.18225692212581635,0.941880464553833,0.5817887187004089,0.5521690845489502,0.28000974655151367,0.22209309041500092,0.6211895942687988,0.5543476939201355,-0.20325079560279846,0.9080686569213867,0.5863100290298462,0.5530359148979187,0.24782395362854004,0.22681577503681183,0.6220575571060181,0.5539059042930603,-0.19078023731708527,0.9002970457077026,0.5829319357872009,0.5517836809158325,0.2514095604419708,0.2379191815853119,0.6154263019561768,0.5521872639656067,-0.17342276871204376,0.8550562858581543,0.5391756296157837,0.5805869698524475,0.11873413622379303,0.9999374151229858,0.5227553248405457,0.5838601589202881,-0.11869888007640839,0.9999421238899231,0.551693320274353,0.640605628490448,0.1696232110261917,0.8555815815925598,0.49187374114990234,0.6447113752365112,-0.08899183571338654,0.9890917539596558,0.5478996634483337,0.696196436882019,0.26127591729164124,0.961032509803772,0.4145811200141907,0.6937805414199829,0.011791404336690903,0.9935564398765564,0.5353788733482361,0.7027817368507385,0.2659275531768799,0.933531641960144,0.4011380970478058,0.697956919670105,0.017972316592931747,0.969271719455719,0.5714184641838074,0.7168241739273071,0.200058713555336,0.9633083343505859,0.4220019280910492,0.718313455581665,-0.06707625836133957,0.9899030327796936
265,0.5838006734848022,0.4594542384147644,-0.02347087673842907,0.9998648762702942,0.5775999426841736,0.45440998673439026,-0.012760636396706104,0.9997822046279907,0.5762679576873779,0.4543535113334656,-0.01277969405055046,0.9997175335884094,0.5747036933898926,0.45442432165145874,-0.012817596085369587,0.9997795224189758,0.5771111845970154,0.4548324942588806,-0.05410148203372955,0.9998503923416138,0.5754796862602234,0.4550647437572479,-0.05426507815718651,0.9998469352722168,0.5736379027366638,0.45539700984954834,-0.05431472510099411,0.9998637437820435,0.5599138736724854,0.45788562297821045,0.052498944103717804,0.9994166493415833,0.5593322515487671,0.45909520983695984,-0.13206495344638824,0.9998391270637512,0.5813803672790527,0.46541473269462585,0.006425614934414625,0.9996427893638611,0.580934464931488,0.4657076299190521,-0.04699433222413063,0.9997113943099976,0.537341296672821,0.48587778210639954,0.17078113555908203,0.9998627305030823,0.5385431051254272,0.48908957839012146,-0.2364124059677124,0.9999606609344482,0.5308999419212341,0.5238171219825745,0.26816892623901367,0.07984470576047897,0.5617272257804871,0.5261351466178894,-0.2777641713619232,0.9827224016189575,0.571182906627655,0.5545588135719299,0.26131853461265564,0.19038428366184235,0.6093276739120483,0.5519342422485352,-0.1824648231267929,0.9354198575019836,0.5825113654136658,0.5610153079032898,0.27237844467163086,0.20815126597881317,0.6169325113296509,0.558110237121582,-0.20631244778633118,0.9001699686050415,0.586485743522644,0.5565416216850281,0.23654742538928986,0.21281497180461884,0.6247730255126953,0.5574964284896851,-0.19374476373195648,0.8920451998710632,0.5775133371353149,0.555926501750946,0.2440444678068161,0.2236560881137848,0.6179605722427368,0.5552443265914917,-0.17401522397994995,0.8439103960990906,0.5410097241401672,0.5804840326309204,0.1212887242436409,0.9999354481697083,0.5223180055618286,0.5813882350921631,-0.12128289043903351,0.9999416470527649,0.5540671348571777,0.6398834586143494,0.17366279661655426,0.8521544337272644,0.49300938844680786,0.6426547169685364,-0.09341958910226822,0.9891260266304016,0.5473718047142029,0.6968359351158142,0.2588931620121002,0.960770308971405,0.4166766405105591,0.6915318369865417,0.004673967137932777,0.9935898184776306,0.5352957844734192,0.703633725643158,0.2629322409629822,0.9330134987831116,0.4024154543876648,0.6944711804389954,0.010809944011271,0.9697597622871399,0.5739981532096863,0.7174162268638611,0.19930864870548248,0.9629431366920471,0.4197063744068146,0.7160482406616211,-0.06971099227666855,0.9898967146873474
266,0.5835122466087341,0.4591706693172455,-0.028769055381417274,0.9998561143875122,0.5774700045585632,0.45446059107780457,-0.017131071537733078,0.9997664093971252,0.5759330987930298,0.45436587929725647,-0.01715647429227829,0.9996964335441589,0.5742430090904236,0.4543958008289337,-0.017192676663398743,0.9997639060020447,0.5772762298583984,0.4547078013420105,-0.059081923216581345,0.9998383522033691,0.575681746006012,0.4547760784626007,-0.05924984812736511,0.9998339414596558,0.5739209651947021,0.4549398124217987,-0.05931028351187706,0.999853253364563,0.5610608458518982,0.4572659432888031,0.05153556540608406,0.9993603229522705,0.5608669519424438,0.45804423093795776,-0.1357501894235611,0.9998247027397156,0.580050528049469,0.46463119983673096,0.0021124326158314943,0.9996110796928406,0.5800356268882751,0.46473878622055054,-0.052061405032873154,0.9996871948242188,0.5380993485450745,0.48436716198921204,0.1692570000886917,0.9998524785041809,0.5364438891410828,0.48801174759864807,-0.2410617470741272,0.9999579191207886,0.532681941986084,0.5235341787338257,0.2634478211402893,0.07453034073114395,0.5590401291847229,0.527275025844574,-0.2910095453262329,0.9812335968017578,0.5673239231109619,0.5525802373886108,0.25228461623191833,0.17777599394321442,0.6079126000404358,0.552768886089325,-0.19561558961868286,0.9307963848114014,0.5794251561164856,0.5590389966964722,0.26233887672424316,0.1957433521747589,0.6163672804832458,0.5584776997566223,-0.21972626447677612,0.8940103650093079,0.5839787125587463,0.5598977208137512,0.22711165249347687,0.20038795471191406,0.6193645596504211,0.5574818849563599,-0.2059975564479828,0.885556161403656,0.5797011852264404,0.5581488013267517,0.23493549227714539,0.2110074907541275,0.6177444458007812,0.5558815598487854,-0.1865665465593338,0.8348708748817444,0.5403584837913513,0.5804169178009033,0.12029515206813812,0.9999328851699829,0.5225292444229126,0.5810680389404297,-0.1202784925699234,0.9999405145645142,0.5553534030914307,0.6407891511917114,0.17471171915531158,0.8518304824829102,0.4884185194969177,0.6436725854873657,-0.09000669419765472,0.9893081784248352,0.5467478632926941,0.6966934204101562,0.2683376371860504,0.9610869884490967,0.4149027466773987,0.69258052110672,0.0206505935639143,0.993626594543457,0.5340170860290527,0.7030750513076782,0.2729404866695404,0.9327558279037476,0.4005206525325775,0.695141077041626,0.027644377201795578,0.9698793292045593,0.5705355405807495,0.7176387310028076,0.20556163787841797,0.9630445241928101,0.41950085759162903,0.715540885925293,-0.05623573064804077,0.9898973107337952
267,0.5871684551239014,0.45920297503471375,-0.03114745207130909,0.9998157620429993,0.5812419652938843,0.4541400372982025,-0.021812716498970985,0.9996982216835022,0.5799525380134583,0.45405980944633484,-0.021851006895303726,0.9996252059936523,0.5784688591957092,0.45408281683921814,-0.021903997287154198,0.9996951222419739,0.5809584259986877,0.4545292854309082,-0.06345159560441971,0.9997894763946533,0.5794531106948853,0.45469337701797485,-0.06362553685903549,0.9997952580451965,0.5776786804199219,0.45493030548095703,-0.06370383501052856,0.9998124241828918,0.5642698407173157,0.45750337839126587,0.040356654673814774,0.9992287158966064,0.563057541847229,0.4585105776786804,-0.1458236426115036,0.999796450138092,0.5847870111465454,0.46509161591529846,-0.002150252927094698,0.9994924664497375,0.5846640467643738,0.4653899371623993,-0.056057076901197433,0.9995936155319214,0.537675142288208,0.4865648150444031,0.15768563747406006,0.999826192855835,0.5391818284988403,0.4913099408149719,-0.2490336149930954,0.9999536871910095,0.5291685461997986,0.5234302878379822,0.2722961902618408,0.06856997311115265,0.55837082862854,0.5313699245452881,-0.28715193271636963,0.9784566760063171,0.5633912086486816,0.5553995370864868,0.2890162467956543,0.1629316210746765,0.6068841814994812,0.5559956431388855,-0.1795707643032074,0.9194410443305969,0.5733259916305542,0.5625972747802734,0.3035986125469208,0.18022379279136658,0.6159965395927429,0.5611115097999573,-0.20034827291965485,0.8806038498878479,0.5777802467346191,0.5634505748748779,0.2694210112094879,0.18463017046451569,0.6171858310699463,0.5602226257324219,-0.19079378247261047,0.8716806769371033,0.5745460391044617,0.5614753365516663,0.27306604385375977,0.19482213258743286,0.6148573756217957,0.5579220056533813,-0.1718515157699585,0.8171272873878479,0.5409233570098877,0.5838201642036438,0.11989486217498779,0.9999294877052307,0.5226810574531555,0.5852212309837341,-0.11990749090909958,0.9999382495880127,0.5545293092727661,0.6447080969810486,0.20790651440620422,0.8541207313537598,0.48850205540657043,0.6455844044685364,-0.06707169115543365,0.9895194172859192,0.5477996468544006,0.6975584626197815,0.30687785148620605,0.9620441198348999,0.41559523344039917,0.6928298473358154,0.05047430470585823,0.9936943054199219,0.5362414121627808,0.7037327885627747,0.31191912293434143,0.9343647956848145,0.4014100730419159,0.6965910196304321,0.05892367288470268,0.9707946181297302,0.572047233581543,0.7168232202529907,0.2514449656009674,0.9635351896286011,0.4203661382198334,0.7162330746650696,-0.01915285922586918,0.9899184107780457
268,0.5859420299530029,0.4601910710334778,-0.028815796598792076,0.9998077154159546,0.5805622935295105,0.45530539751052856,-0.01667279750108719,0.9996820688247681,0.5791303515434265,0.4552081525325775,-0.016685688868165016,0.9996023774147034,0.5775290131568909,0.4551612436771393,-0.016715511679649353,0.9996778964996338,0.5803856253623962,0.4555564522743225,-0.058897338807582855,0.9997795224189758,0.5788947939872742,0.4556409418582916,-0.05906924977898598,0.9997852444648743,0.5772081017494202,0.4557790458202362,-0.05913631618022919,0.9998050332069397,0.5639070272445679,0.4580942690372467,0.05296901613473892,0.9991685152053833,0.5631679892539978,0.4590887427330017,-0.13541625440120697,0.9997836351394653,0.5821284055709839,0.4661203622817993,0.0022483260836452246,0.9994590282440186,0.5821990966796875,0.46629416942596436,-0.05225370079278946,0.999573290348053,0.5374674201011658,0.4846987724304199,0.17587754130363464,0.9998154044151306,0.5359010100364685,0.48933082818984985,-0.24351659417152405,0.9999526143074036,0.5258591175079346,0.5224260091781616,0.28828802704811096,0.06366812437772751,0.5535603761672974,0.5298565030097961,-0.3051791489124298,0.9774457812309265,0.5648283362388611,0.5522941946983337,0.302299439907074,0.1511828601360321,0.6025001406669617,0.5560401082038879,-0.22535786032676697,0.9150457978248596,0.5764103531837463,0.5590012073516846,0.31659719347953796,0.16826315224170685,0.6123056411743164,0.563159704208374,-0.2506786286830902,0.8750711679458618,0.5814277529716492,0.5603851079940796,0.2807702422142029,0.17252324521541595,0.6193865537643433,0.5620456337928772,-0.23734542727470398,0.8659648299217224,0.5772495269775391,0.5584762096405029,0.2852934002876282,0.18244893848896027,0.6132665872573853,0.5595695376396179,-0.21682392060756683,0.80990070104599,0.5413674712181091,0.5791061520576477,0.12471719086170197,0.9999284744262695,0.5235959887504578,0.5811445713043213,-0.12468764930963516,0.9999387264251709,0.5560704469680786,0.638530969619751,0.16697187721729279,0.8529188632965088,0.49518251419067383,0.6414512991905212,-0.10461132973432541,0.9896405339241028,0.5461233258247375,0.6977947950363159,0.24777871370315552,0.9622669219970703,0.41632744669914246,0.6913616061210632,-0.007702471688389778,0.993800163269043,0.533844530582428,0.7042472958564758,0.2508683502674103,0.9343067407608032,0.4031064808368683,0.694283127784729,-0.001778872567228973,0.9711931347846985,0.5753059387207031,0.7187224626541138,0.18358545005321503,0.963798999786377,0.42172059416770935,0.7178259491920471,-0.08383974432945251,0.9901041388511658
269,0.5891481637954712,0.4588485658168793,-0.059275027364492416,0.9997799396514893,0.5839662551879883,0.4538014829158783,-0.04735313355922699,0.9996131658554077,0.5827761292457581,0.4536955952644348,-0.04737873747944832,0.9995377659797668,0.5814828872680664,0.4537075161933899,-0.04741087555885315,0.9996113181114197,0.5838683843612671,0.4541240334510803,-0.08901282399892807,0.9997246861457825,0.5825884938240051,0.45420587062835693,-0.08917983621358871,0.9997453689575195,0.5811173915863037,0.4543639123439789,-0.08924855291843414,0.9997602105140686,0.567211925983429,0.4569280445575714,0.02311517484486103,0.99900221824646,0.5663468837738037,0.4574093818664551,-0.16302533447742462,0.9997532963752747,0.5863189697265625,0.46417611837387085,-0.02772868238389492,0.9993404150009155,0.5864837765693665,0.46438756585121155,-0.0815322995185852,0.9994807839393616,0.5399067997932434,0.4847913086414337,0.142480731010437,0.9997906684875488,0.5388919115066528,0.49082374572753906,-0.26165544986724854,0.9999498128890991,0.5322850346565247,0.5266991257667542,0.22732767462730408,0.06000733748078346,0.5536723136901855,0.5326576232910156,-0.3149036467075348,0.9771409034729004,0.5672422647476196,0.557278037071228,0.19667170941829681,0.14170722663402557,0.604736864566803,0.5594242811203003,-0.23617103695869446,0.9137403964996338,0.5793571472167969,0.5647585988044739,0.20108672976493835,0.1585579216480255,0.6153495907783508,0.5657764077186584,-0.26495060324668884,0.8726522326469421,0.5833996534347534,0.5661487579345703,0.1654878705739975,0.16268213093280792,0.6192065477371216,0.5647380948066711,-0.2540648281574249,0.8635240793228149,0.578881025314331,0.5638809204101562,0.1783786118030548,0.17240267992019653,0.6167625784873962,0.5623182654380798,-0.22895899415016174,0.806145429611206,0.541826605796814,0.5801709294319153,0.12091442942619324,0.9999229907989502,0.5222561955451965,0.5812410116195679,-0.12089207768440247,0.9999350905418396,0.5540701746940613,0.6387612819671631,0.1947411298751831,0.858214795589447,0.48984935879707336,0.6434652209281921,-0.08876235783100128,0.990142822265625,0.5475063323974609,0.6972010135650635,0.29092779755592346,0.963770866394043,0.4163401126861572,0.6930162906646729,0.029156416654586792,0.9940357208251953,0.5366740822792053,0.7040345072746277,0.294340580701828,0.9365517497062683,0.40278202295303345,0.6961343884468079,0.03662822023034096,0.9724735021591187,0.5725398063659668,0.7190455794334412,0.22783204913139343,0.964896559715271,0.41948947310447693,0.7155495285987854,-0.04843021556735039,0.9903871417045593
270,0.5871655941009521,0.4609568417072296,-0.05436736345291138,0.9997398853302002,0.5820367932319641,0.45581623911857605,-0.0425049252808094,0.9995297193527222,0.5805580019950867,0.45573946833610535,-0.042538613080978394,0.9994423389434814,0.5788679718971252,0.45578858256340027,-0.04259085655212402,0.9995287656784058,0.5818214416503906,0.4560900330543518,-0.08473826944828033,0.9996591210365295,0.5802456140518188,0.45617449283599854,-0.08490798622369766,0.9996858835220337,0.5784382224082947,0.45634180307388306,-0.08498289436101913,0.9997044205665588,0.5647056102752686,0.45871400833129883,0.028699399903416634,0.9987589120864868,0.5637625455856323,0.4592864215373993,-0.16006924211978912,0.9996956586837769,0.5832067728042603,0.4664207994937897,-0.022356541827321053,0.9991905093193054,0.5831912755966187,0.4664817750453949,-0.07690111547708511,0.9993693232536316,0.5409711003303528,0.48582181334495544,0.1518869549036026,0.9997557997703552,0.5360142588615417,0.48880940675735474,-0.26172611117362976,0.9999435544013977,0.5296880006790161,0.5273786187171936,0.24260254204273224,0.05599098652601242,0.547947108745575,0.53138667345047,-0.3159669041633606,0.9756301641464233,0.5616713166236877,0.5604174733161926,0.2189866602420807,0.1320517212152481,0.5986793041229248,0.5591573119163513,-0.234132781624794,0.9085937738418579,0.5732147097587585,0.5687260031700134,0.22528032958507538,0.1487714797258377,0.6092817187309265,0.5668894052505493,-0.26238712668418884,0.8660885691642761,0.5776101350784302,0.5699175000190735,0.18882860243320465,0.152785062789917,0.6167829036712646,0.5657892227172852,-0.24976631999015808,0.8567478656768799,0.5733671188354492,0.5674300789833069,0.20045673847198486,0.16221918165683746,0.6113906502723694,0.5632360577583313,-0.22609955072402954,0.797312319278717,0.5405607223510742,0.5812755823135376,0.12356554716825485,0.9999154210090637,0.5202152729034424,0.5815109014511108,-0.12353603541851044,0.999930739402771,0.5576034188270569,0.6383205056190491,0.19112177193164825,0.858364999294281,0.49302345514297485,0.6432777047157288,-0.09092480689287186,0.9903137683868408,0.5481938123703003,0.6962130665779114,0.28539106249809265,0.9641729593276978,0.41602984070777893,0.6916932463645935,0.025744326412677765,0.9940840601921082,0.5350314974784851,0.7021061778068542,0.2892759144306183,0.9368192553520203,0.40100258588790894,0.6941894292831421,0.03310566022992134,0.9728144407272339,0.5744392275810242,0.7173228859901428,0.2226569503545761,0.9650187492370605,0.42099133133888245,0.7178047299385071,-0.05159071460366249,0.9903882741928101
271,0.5906087160110474,0.46110832691192627,-0.06059977039694786,0.9997133612632751,0.5857625603675842,0.4560457468032837,-0.04716876521706581,0.99947589635849,0.5845802426338196,0.4559291899204254,-0.04719166085124016,0.9993671774864197,0.5832224488258362,0.45594343543052673,-0.04722810164093971,0.9994690418243408,0.5854198932647705,0.45642492175102234,-0.08964312821626663,0.9996213912963867,0.5839663743972778,0.4565547704696655,-0.08982447534799576,0.9996450543403625,0.5822391510009766,0.4567778408527374,-0.08990878611803055,0.9996733665466309,0.5688172578811646,0.45883873105049133,0.02723313495516777,0.9985265135765076,0.5670060515403748,0.4598650336265564,-0.162525936961174,0.9996521472930908,0.5873751640319824,0.46696344017982483,-0.02764636091887951,0.9991171956062317,0.5870555639266968,0.4673011600971222,-0.0825088620185852,0.9993237853050232,0.5436307787895203,0.484314501285553,0.14987902343273163,0.9997369050979614,0.5354909300804138,0.4891337752342224,-0.2631066143512726,0.9999406933784485,0.5342732667922974,0.5251525044441223,0.24263322353363037,0.05264663323760033,0.5458431839942932,0.5327134132385254,-0.32812270522117615,0.9741998910903931,0.5642415285110474,0.5571324229240417,0.22391730546951294,0.12373560667037964,0.5957522988319397,0.5612995624542236,-0.2588009238243103,0.9030816555023193,0.5755000114440918,0.5653985738754272,0.2296624481678009,0.1401689499616623,0.6061833500862122,0.5686042308807373,-0.28989431262016296,0.8587644696235657,0.579468309879303,0.5672733187675476,0.19358022511005402,0.1440887600183487,0.6143159866333008,0.5681638121604919,-0.27673545479774475,0.8492522835731506,0.5750977396965027,0.5646697282791138,0.2055022120475769,0.1532977819442749,0.608934760093689,0.5655285120010376,-0.25089606642723083,0.7882094383239746,0.5422148108482361,0.5795802474021912,0.12371611595153809,0.9999099969863892,0.518799364566803,0.5800084471702576,-0.12364862114191055,0.9999282360076904,0.5557228326797485,0.6384549736976624,0.17257389426231384,0.8554946780204773,0.49194544553756714,0.6416538953781128,-0.09955794364213943,0.9902008771896362,0.5474017858505249,0.6966379284858704,0.26309436559677124,0.9633648991584778,0.414562851190567,0.6913642287254333,0.009848820976912975,0.9939461946487427,0.534453272819519,0.7028236389160156,0.2664892375469208,0.9343194365501404,0.4001457989215851,0.6944419741630554,0.016045570373535156,0.9717907905578613,0.5742780566215515,0.717115044593811,0.19351279735565186,0.9643080830574036,0.4186549186706543,0.7141120433807373,-0.0724523738026619,0.9902034997940063
272,0.5926170945167542,0.4606989324092865,-0.05793815106153488,0.9996907114982605,0.587409496307373,0.45530030131340027,-0.045281101018190384,0.9994315505027771,0.5861173868179321,0.4551658630371094,-0.045302439481019974,0.9993258118629456,0.5846382975578308,0.4551509618759155,-0.04532070457935333,0.9994161128997803,0.5871804356575012,0.45561543107032776,-0.08759897202253342,0.9995859861373901,0.5856896638870239,0.4556633234024048,-0.08777919411659241,0.9996219873428345,0.5839264988899231,0.4558044672012329,-0.08788669854402542,0.9996470212936401,0.5696682333946228,0.4580628573894501,0.028402097523212433,0.998396098613739,0.5679634809494019,0.45886415243148804,-0.16046714782714844,0.9996435642242432,0.5890380144119263,0.46636253595352173,-0.02541940100491047,0.9990352392196655,0.5889187455177307,0.4665532112121582,-0.0800514742732048,0.999268651008606,0.5462884902954102,0.4860164523124695,0.15124110877513885,0.99971604347229,0.536811888217926,0.49120858311653137,-0.2626650631427765,0.9999393224716187,0.5354923605918884,0.5238240361213684,0.24580399692058563,0.049591414630413055,0.5485813021659851,0.5356462597846985,-0.32197731733322144,0.974346935749054,0.5717841386795044,0.5491493344306946,0.23214730620384216,0.11583556979894638,0.5958974957466125,0.5624130964279175,-0.23461686074733734,0.9017928242683411,0.584467351436615,0.5537908673286438,0.24029676616191864,0.13169746100902557,0.6069162487983704,0.5697148442268372,-0.259135901927948,0.855717122554779,0.589363157749176,0.5553187727928162,0.2080947756767273,0.13541379570960999,0.6142170429229736,0.5694540143013,-0.2484460324048996,0.8460299372673035,0.5845357775688171,0.553659200668335,0.21542608737945557,0.14447852969169617,0.6087497472763062,0.5656564831733704,-0.2265602946281433,0.7841951847076416,0.544592559337616,0.5837936997413635,0.12184945493936539,0.9999091029167175,0.5217670798301697,0.5846453905105591,-0.12178154289722443,0.9999280571937561,0.5575101971626282,0.6404812335968018,0.19431158900260925,0.8626018762588501,0.4900396764278412,0.645542562007904,-0.08772869408130646,0.9906159043312073,0.5475696325302124,0.6968561410903931,0.2972067892551422,0.9647886157035828,0.41554248332977295,0.6917139291763306,0.02795718051493168,0.9941417574882507,0.5379427075386047,0.703377902507782,0.3015589714050293,0.9366949200630188,0.40036046504974365,0.6940765380859375,0.03526218608021736,0.9727476239204407,0.5738286972045898,0.7177063822746277,0.23787237703800201,0.9654840230941772,0.42150458693504333,0.7151548266410828,-0.052541617304086685,0.9904837012290955
273,0.5894617438316345,0.4593757092952728,-0.05725685879588127,0.9996985197067261,0.5834617614746094,0.45474445819854736,-0.043210502713918686,0.9994502663612366,0.5820369124412537,0.4546492397785187,-0.043231602758169174,0.9993433356285095,0.5803945660591125,0.4546813368797302,-0.04325340688228607,0.9994292259216309,0.5832821130752563,0.4550701081752777,-0.08487239480018616,0.999601423740387,0.5817658305168152,0.45518025755882263,-0.0850520208477974,0.9996344447135925,0.5800161957740784,0.455267071723938,-0.0851728767156601,0.9996609091758728,0.5668738484382629,0.4578924775123596,0.034744810312986374,0.9984176158905029,0.5652235746383667,0.45867976546287537,-0.15059389173984528,0.999656617641449,0.5859142541885376,0.4653432071208954,-0.02348649501800537,0.9990702271461487,0.5857860445976257,0.4655050039291382,-0.07714609801769257,0.9993048310279846,0.5470878481864929,0.4863394498825073,0.16137734055519104,0.9997193217277527,0.5342313051223755,0.4894102215766907,-0.25412872433662415,0.9999408721923828,0.5442104935646057,0.5240471363067627,0.2443564534187317,0.04834740608930588,0.5463640689849854,0.5351288914680481,-0.30991795659065247,0.9742099046707153,0.5801156163215637,0.538718581199646,0.22293752431869507,0.11206010729074478,0.5944618582725525,0.5643818974494934,-0.22013776004314423,0.8998326659202576,0.5904706716537476,0.5429701209068298,0.2306986153125763,0.1274760663509369,0.6062577962875366,0.5726186633110046,-0.24305230379104614,0.8527053594589233,0.5943587422370911,0.5440660715103149,0.20157727599143982,0.1310236155986786,0.6105200052261353,0.571747899055481,-0.2320011407136917,0.8428809642791748,0.5899081826210022,0.5430694222450256,0.20726680755615234,0.14006756246089935,0.6075127720832825,0.5687495470046997,-0.2114710807800293,0.7815202474594116,0.5488879680633545,0.5823348760604858,0.12342309951782227,0.999912440776825,0.5197556614875793,0.5822736024856567,-0.12330590933561325,0.9999310970306396,0.5546691417694092,0.6414437890052795,0.1829708367586136,0.8640501499176025,0.4894378185272217,0.6413854360580444,-0.11327727138996124,0.9905900359153748,0.5475100874900818,0.6982186436653137,0.2916134297847748,0.9640607237815857,0.4174586534500122,0.691692590713501,-0.00969245471060276,0.9941631555557251,0.535498857498169,0.704003095626831,0.29744723439216614,0.9352407455444336,0.4040496051311493,0.6952318549156189,-0.0037898332811892033,0.9721769094467163,0.5746108889579773,0.7179769277572632,0.2290915846824646,0.9652864336967468,0.42283201217651367,0.7155150771141052,-0.0980062186717987,0.9906471967697144
274,0.5897388458251953,0.4601093530654907,-0.05820222944021225,0.9997114539146423,0.5844830870628357,0.455299437046051,-0.04254738986492157,0.999477207660675,0.5829977989196777,0.4551856219768524,-0.042570408433675766,0.9993708729743958,0.5812631845474243,0.4551675617694855,-0.042596377432346344,0.9994531869888306,0.5842416286468506,0.45560789108276367,-0.08327620476484299,0.9996209740638733,0.5826476216316223,0.4556909501552582,-0.08343567699193954,0.999649703502655,0.580782949924469,0.45582959055900574,-0.08354431390762329,0.999677300453186,0.5667891502380371,0.45807820558547974,0.038958389312028885,0.9984604716300964,0.565579891204834,0.4588656723499298,-0.1415032148361206,0.9996713399887085,0.5859466791152954,0.4661419093608856,-0.02354295179247856,0.9991173148155212,0.5856581926345825,0.4663080871105194,-0.0758640319108963,0.9993426203727722,0.5507252812385559,0.488643616437912,0.1619408279657364,0.999721348285675,0.5361013412475586,0.4913642704486847,-0.2435905784368515,0.9999397397041321,0.5542370080947876,0.5281779170036316,0.20943984389305115,0.04889204353094101,0.5465386509895325,0.535289466381073,-0.29154321551322937,0.9743534326553345,0.5801264643669128,0.5465179085731506,0.14015895128250122,0.11255351454019547,0.5941267013549805,0.5669633150100708,-0.18831805884838104,0.900295078754425,0.5924968719482422,0.5498912334442139,0.13960295915603638,0.1278235763311386,0.6059901118278503,0.5738362073898315,-0.21019718050956726,0.8527159690856934,0.5947041511535645,0.5503512024879456,0.11193816363811493,0.13130556046962738,0.61041659116745,0.5731738805770874,-0.19832639396190643,0.8427786827087402,0.5902005434036255,0.5490445494651794,0.12355899065732956,0.14056771993637085,0.6073439717292786,0.5698344707489014,-0.17875127494335175,0.7822808027267456,0.5482298135757446,0.583571195602417,0.11654547601938248,0.9999149441719055,0.5217145085334778,0.5822146534919739,-0.11639512330293655,0.9999315738677979,0.5529428124427795,0.6428349018096924,0.1256134957075119,0.8669915199279785,0.4879930317401886,0.6430025100708008,-0.08362878113985062,0.9903706312179565,0.5470004677772522,0.6982762813568115,0.21452964842319489,0.9640069603919983,0.415386438369751,0.6912441849708557,0.027719171717762947,0.9939504861831665,0.5353208780288696,0.7049411535263062,0.21841555833816528,0.9337085485458374,0.40198683738708496,0.694521963596344,0.033836621791124344,0.9699363112449646,0.5741784572601318,0.7196277379989624,0.13994966447353363,0.9654068946838379,0.4192509353160858,0.7138117551803589,-0.06068950146436691,0.990452229976654
275,0.5905823111534119,0.4605291187763214,-0.09579011052846909,0.9997155070304871,0.585578978061676,0.4557253122329712,-0.07908198982477188,0.9994824528694153,0.5843371152877808,0.45559489727020264,-0.07913396507501602,0.9993749260902405,0.5829434394836426,0.45554855465888977,-0.07917696982622147,0.9994556307792664,0.5847892761230469,0.4560116231441498,-0.12004698067903519,0.9996233582496643,0.5830215811729431,0.4560859799385071,-0.12021447718143463,0.999650239944458,0.5810695290565491,0.4562242925167084,-0.12032874673604965,0.9996800422668457,0.5701950192451477,0.45821869373321533,0.009324248880147934,0.9984438419342041,0.5670648217201233,0.45921090245246887,-0.17263545095920563,0.9996752738952637,0.5865452885627747,0.4669821858406067,-0.05831250920891762,0.9991307854652405,0.5854446887969971,0.4672843813896179,-0.11092512309551239,0.9993581771850586,0.5557748079299927,0.4938194155693054,0.13783979415893555,0.9997141361236572,0.5317968726158142,0.4902362823486328,-0.2679528594017029,0.9999383091926575,0.5511550903320312,0.5304998755455017,0.18343991041183472,0.04998782277107239,0.5425712466239929,0.5375931262969971,-0.31419533491134644,0.9742563366889954,0.5754624009132385,0.5584313273429871,0.1014733538031578,0.11271979659795761,0.5913235545158386,0.5689395666122437,-0.22595593333244324,0.8999696373939514,0.5795109272003174,0.5635179877281189,0.09533212333917618,0.12719470262527466,0.6031405925750732,0.5768870115280151,-0.25628575682640076,0.8518204689025879,0.5849007368087769,0.5642504096031189,0.0651831105351448,0.13063780963420868,0.6074925065040588,0.5763132572174072,-0.24380376935005188,0.8419296741485596,0.5760036706924438,0.5623486638069153,0.08325327932834625,0.13992661237716675,0.6038787364959717,0.5728495121002197,-0.21699120104312897,0.78230881690979,0.5536786317825317,0.5840581655502319,0.1196121796965599,0.9999143481254578,0.5196855664253235,0.5822564363479614,-0.11944767832756042,0.9999311566352844,0.5568251013755798,0.6442705988883972,0.18722261488437653,0.8680014610290527,0.49237948656082153,0.6440404057502747,-0.08693039417266846,0.9903145432472229,0.5482734441757202,0.6965104341506958,0.2974030375480652,0.9629381895065308,0.41696956753730774,0.6912698149681091,0.036090463399887085,0.993744432926178,0.5387171506881714,0.7031938433647156,0.3027079403400421,0.9301319718360901,0.4027593731880188,0.6941471099853516,0.043153371661901474,0.9679639935493469,0.5739186406135559,0.718433141708374,0.2291463166475296,0.9643613696098328,0.42223015427589417,0.7170374989509583,-0.05160486698150635,0.9901897311210632
276,0.5892953872680664,0.46176445484161377,-0.06412267684936523,0.999726414680481,0.584301769733429,0.4567013680934906,-0.04823184013366699,0.9995023608207703,0.5829686522483826,0.4565536379814148,-0.0482497364282608,0.9993929266929626,0.5814625024795532,0.4564920663833618,-0.0482686348259449,0.9994716644287109,0.5838099122047424,0.4569668471813202,-0.08933496475219727,0.9996381998062134,0.5822007060050964,0.4568673074245453,-0.08949440717697144,0.9996616244316101,0.580379068851471,0.4569176435470581,-0.08960288763046265,0.9996932148933411,0.5689151287078857,0.4589206874370575,0.0357622355222702,0.9984698295593262,0.5667564868927002,0.45972755551338196,-0.14697684347629547,0.9996853470802307,0.5852155685424805,0.4676468074321747,-0.028449518606066704,0.9991763830184937,0.5845053195953369,0.46774882078170776,-0.08141792565584183,0.9993935823440552,0.554984986782074,0.4888278841972351,0.16270722448825836,0.9997190237045288,0.531550943851471,0.48906630277633667,-0.2461393028497696,0.9999395608901978,0.5577808618545532,0.5279690027236938,0.23781704902648926,0.05162512883543968,0.536327600479126,0.5335444211959839,-0.31522929668426514,0.9752212166786194,0.5810961127281189,0.5472058653831482,0.1929396092891693,0.11616300046443939,0.5862410664558411,0.5670360326766968,-0.2520405948162079,0.9037038683891296,0.5919802188873291,0.5531227588653564,0.19416096806526184,0.1300066113471985,0.5986725687980652,0.5763605833053589,-0.28074195981025696,0.8564488887786865,0.5935506820678711,0.5533929467201233,0.1651400327682495,0.1334703415632248,0.605951189994812,0.5760432481765747,-0.2694336473941803,0.8468665480613708,0.5894855856895447,0.5516176819801331,0.1765109896659851,0.14292314648628235,0.5995175838470459,0.572052001953125,-0.24400030076503754,0.7895228862762451,0.5513449907302856,0.583346962928772,0.11749526113271713,0.999915599822998,0.5202323794364929,0.5817110538482666,-0.11735603958368301,0.9999319314956665,0.5521427392959595,0.641140341758728,0.14383544027805328,0.8708505034446716,0.48713552951812744,0.6437920928001404,-0.08820072561502457,0.9902371764183044,0.5472549796104431,0.6974290609359741,0.23304462432861328,0.9625453948974609,0.4162592887878418,0.692577064037323,0.014573594555258751,0.9936792254447937,0.5355777144432068,0.7039090394973755,0.23638463020324707,0.927837073802948,0.40337109565734863,0.6957761645317078,0.01956493966281414,0.9662714004516602,0.5729334950447083,0.7186047434806824,0.1571860909461975,0.9643735885620117,0.4236106276512146,0.7164596915245056,-0.07771527022123337,0.9901881217956543
277,0.5912225246429443,0.46044763922691345,-0.08290502429008484,0.9997313618659973,0.5860701203346252,0.4556179940700531,-0.06526035815477371,0.9995087385177612,0.5848339796066284,0.4555053412914276,-0.06530220806598663,0.9993975162506104,0.5833982825279236,0.4554896056652069,-0.06533988565206528,0.9994767904281616,0.5854824781417847,0.45599254965782166,-0.10556040704250336,0.9996417760848999,0.583834707736969,0.45612668991088867,-0.10572420805692673,0.9996622204780579,0.5819650888442993,0.4563322067260742,-0.10583535581827164,0.999696671962738,0.57068932056427,0.45849040150642395,0.023371456190943718,0.9984509944915771,0.567705512046814,0.45946142077445984,-0.15533281862735748,0.999685525894165,0.5877549052238464,0.4664621353149414,-0.045577242970466614,0.9991945624351501,0.5869100093841553,0.46669527888298035,-0.09728092700242996,0.9994100332260132,0.5654633641242981,0.4900692105293274,0.14921292662620544,0.9997214674949646,0.5327019095420837,0.490269273519516,-0.25314444303512573,0.9999402761459351,0.5527504682540894,0.5327630639076233,0.18761307001113892,0.0539059042930603,0.535462498664856,0.5338860750198364,-0.3016236126422882,0.9755522012710571,0.5698841214179993,0.5625371932983398,0.08983349800109863,0.12027820199728012,0.5843394994735718,0.5691059827804565,-0.22868016362190247,0.905879020690918,0.5762959718704224,0.5721057653427124,0.08021480590105057,0.1334473043680191,0.5952873229980469,0.5784116983413696,-0.2616516053676605,0.859258234500885,0.5788400173187256,0.5703912377357483,0.0493895597755909,0.1369495838880539,0.6011924743652344,0.5765014886856079,-0.2501832842826843,0.8499642014503479,0.5783552527427673,0.5686556696891785,0.07105059176683426,0.14633168280124664,0.5964009761810303,0.5736847519874573,-0.2205398976802826,0.794381856918335,0.5559954643249512,0.5835298895835876,0.11878659576177597,0.9999183416366577,0.5199351906776428,0.581890344619751,-0.11863041669130325,0.9999338388442993,0.5555871725082397,0.6423457860946655,0.16565796732902527,0.8708618879318237,0.48840850591659546,0.643759548664093,-0.08091789484024048,0.9899786114692688,0.5475033521652222,0.6982749104499817,0.26464077830314636,0.9613822102546692,0.41666582226753235,0.692085325717926,0.03725520893931389,0.9933664798736572,0.5359513759613037,0.7045671343803406,0.2685686945915222,0.9232723116874695,0.4036901891231537,0.6953282952308655,0.043427251279354095,0.9631215929985046,0.5754967927932739,0.7192309498786926,0.18642812967300415,0.9635621309280396,0.4225154519081116,0.7160119414329529,-0.05533188208937645,0.9898797273635864
278,0.5918163657188416,0.46078017354011536,-0.12149325013160706,0.9997171759605408,0.586837887763977,0.4558161795139313,-0.10483487695455551,0.9994677305221558,0.5855904817581177,0.45570966601371765,-0.10488320142030716,0.9993410110473633,0.5842494964599609,0.4557177722454071,-0.10492634028196335,0.9994328618049622,0.5860973596572876,0.456114262342453,-0.14517684280872345,0.9996038675308228,0.58428555727005,0.4562813937664032,-0.14533402025699615,0.9996190667152405,0.582329273223877,0.45649388432502747,-0.14542759954929352,0.9996647238731384,0.5718052983283997,0.45848697423934937,-0.013786034658551216,0.9982240796089172,0.5681997537612915,0.4598618447780609,-0.19280235469341278,0.9996352791786194,0.5874961018562317,0.4669855535030365,-0.08254344016313553,0.9991681575775146,0.5863567590713501,0.46749621629714966,-0.13430076837539673,0.999386727809906,0.5673391222953796,0.48900553584098816,0.12194718420505524,0.9997166991233826,0.5315006971359253,0.49018046259880066,-0.2789411246776581,0.9999359250068665,0.5543402433395386,0.5321211218833923,0.17726396024227142,0.05809015780687332,0.5317619442939758,0.5348885655403137,-0.3319215774536133,0.9752398729324341,0.5715819001197815,0.5626935362815857,0.08114488422870636,0.1271708905696869,0.5815156698226929,0.5695794820785522,-0.2811487019062042,0.9064121246337891,0.5777590870857239,0.5730913281440735,0.06888379156589508,0.13932864367961884,0.5920374393463135,0.5798465013504028,-0.31994199752807617,0.8599230647087097,0.5789716243743896,0.5753340125083923,0.03626792132854462,0.14297322928905487,0.5967119932174683,0.5782691836357117,-0.3111848533153534,0.8508850932121277,0.5788576006889343,0.569452702999115,0.06169769912958145,0.15200543403625488,0.592621922492981,0.5745651721954346,-0.2749693691730499,0.7959333658218384,0.5517845153808594,0.5822116732597351,0.11841453611850739,0.9999109506607056,0.5213661193847656,0.5818715691566467,-0.1182476207613945,0.9999269247055054,0.5533706545829773,0.6417859196662903,0.1692507565021515,0.86751389503479,0.4887869954109192,0.6429434418678284,-0.0749056488275528,0.9894310235977173,0.5477639436721802,0.6973119974136353,0.28056588768959045,0.9591569304466248,0.4170621335506439,0.6921897530555725,0.05655874311923981,0.9927554726600647,0.5384140610694885,0.7038498520851135,0.2853434979915619,0.9172303676605225,0.4034035801887512,0.6946407556533813,0.06359321624040604,0.9588428735733032,0.5738322734832764,0.7179945111274719,0.2001526951789856,0.9614972472190857,0.4224252998828888,0.7180579304695129,-0.0387440100312233,0.9890437722206116
279,0.5905358791351318,0.4622538387775421,-0.11778613924980164,0.9997237324714661,0.5862765312194824,0.45707306265830994,-0.10156475752592087,0.9994704127311707,0.5851832628250122,0.4569219946861267,-0.10161259770393372,0.9993488788604736,0.5840127468109131,0.4568483233451843,-0.10165783017873764,0.9994383454322815,0.5851389765739441,0.4574427008628845,-0.1412690281867981,0.9996017813682556,0.5832120180130005,0.45754021406173706,-0.1414281278848648,0.999618649482727,0.581216037273407,0.4576781392097473,-0.14151503145694733,0.9996627569198608,0.572168231010437,0.4588474929332733,-0.012602840550243855,0.9982318878173828,0.567834198474884,0.4599315822124481,-0.18877577781677246,0.9996352195739746,0.5861985087394714,0.4677101671695709,-0.07994303852319717,0.9991758465766907,0.584711492061615,0.4680480659008026,-0.1308753937482834,0.9993879199028015,0.5621252059936523,0.48845207691192627,0.11959110200405121,0.9997169375419617,0.5308986306190491,0.49027273058891296,-0.2771596312522888,0.9999346137046814,0.5505288243293762,0.5321949124336243,0.16843374073505402,0.061192672699689865,0.5321153402328491,0.5362586975097656,-0.3254551589488983,0.9757762551307678,0.5706369280815125,0.5630983710289001,0.07508893311023712,0.13170747458934784,0.5802646279335022,0.5700467824935913,-0.2648472785949707,0.9087987542152405,0.5773584246635437,0.5732797384262085,0.0642438605427742,0.14316365122795105,0.5904954075813293,0.5805217027664185,-0.30050113797187805,0.8628397583961487,0.5791380405426025,0.5722013115882874,0.0326230488717556,0.14676626026630402,0.5944339632987976,0.5792999267578125,-0.29075390100479126,0.8539915084838867,0.5777062177658081,0.5703207850456238,0.05616886168718338,0.15545646846294403,0.5905222296714783,0.57567298412323,-0.25792962312698364,0.7999711036682129,0.5521449446678162,0.5832121968269348,0.11700499802827835,0.9999094009399414,0.5199840664863586,0.5826529264450073,-0.11685273796319962,0.9999242424964905,0.5555799603462219,0.6431664824485779,0.17432254552841187,0.8709022998809814,0.4869430661201477,0.6436639428138733,-0.07605183869600296,0.9896031618118286,0.5467036962509155,0.6981205344200134,0.2773604691028595,0.9600410461425781,0.4157450497150421,0.6910655498504639,0.05903191119432449,0.9927314519882202,0.5373936295509338,0.7056953310966492,0.2811092436313629,0.9175987839698792,0.4017978608608246,0.6936179995536804,0.06713244318962097,0.9587319493293762,0.5732600688934326,0.7195547819137573,0.19887281954288483,0.9618839025497437,0.4197019040584564,0.7158937454223633,-0.029556721448898315,0.9889528751373291
280,0.5920978784561157,0.46042805910110474,-0.1386934369802475,0.999727189540863,0.5875785946846008,0.45546525716781616,-0.12144381552934647,0.9994654059410095,0.5865353345870972,0.45535773038864136,-0.12150201946496964,0.999343752861023,0.5853694677352905,0.45533788204193115,-0.12155063450336456,0.9994333982467651,0.5864049792289734,0.4557659924030304,-0.1608995497226715,0.9995921850204468,0.5845147371292114,0.4558717608451843,-0.16104423999786377,0.9996097087860107,0.582514762878418,0.4558643400669098,-0.1611274629831314,0.9996539354324341,0.5733299255371094,0.4579075872898102,-0.02849402464926243,0.9981942772865295,0.5684815049171448,0.4588354229927063,-0.2036455273628235,0.9996235966682434,0.5879104137420654,0.46643444895744324,-0.09959134459495544,0.999189555644989,0.5863030552864075,0.46672460436820984,-0.15021447837352753,0.9993942975997925,0.570827066898346,0.49019166827201843,0.10710697621107101,0.999721109867096,0.5296518206596375,0.48959463834762573,-0.289291650056839,0.999934196472168,0.5637474656105042,0.531423032283783,0.15984848141670227,0.06808949261903763,0.5270215272903442,0.5337074398994446,-0.34936952590942383,0.9767686724662781,0.5755280256271362,0.5682566165924072,0.05853530019521713,0.14435400068759918,0.5763202905654907,0.5705805420875549,-0.31199148297309875,0.9133076667785645,0.5765863060951233,0.5825216174125671,0.04354861006140709,0.15403395891189575,0.5868995189666748,0.5815324187278748,-0.3524867296218872,0.868636429309845,0.578453004360199,0.5815858840942383,0.011124718934297562,0.15771502256393433,0.5911247730255127,0.5802221298217773,-0.3432704210281372,0.8601690530776978,0.5779836177825928,0.5759925246238708,0.03906116262078285,0.16582980751991272,0.587464451789856,0.5765841007232666,-0.30580875277519226,0.8078674077987671,0.5570189952850342,0.5842279195785522,0.11762550473213196,0.9999091625213623,0.5204367637634277,0.5826653838157654,-0.11746414750814438,0.9999225735664368,0.5571548938751221,0.6423969864845276,0.16094593703746796,0.8742133975028992,0.4897824227809906,0.6433150172233582,-0.06818525493144989,0.989762008190155,0.5486665368080139,0.6974173188209534,0.2797919809818268,0.9604009389877319,0.4175646901130676,0.691504180431366,0.07855351269245148,0.9926561713218689,0.538994312286377,0.7040034532546997,0.28497838973999023,0.9161741733551025,0.40468549728393555,0.6944504976272583,0.08744559437036514,0.9573763012886047,0.5755891799926758,0.7194996476173401,0.20167165994644165,0.9619542956352234,0.4220632016658783,0.7161309719085693,-0.011130066588521004,0.9887925982475281
281,0.5935824513435364,0.4630030691623688,-0.15210413932800293,0.9997068643569946,0.5896239280700684,0.45772841572761536,-0.13461017608642578,0.9994152188301086,0.5885046720504761,0.4575459063053131,-0.13466903567314148,0.999275267124176,0.587216317653656,0.4574475884437561,-0.1347334086894989,0.9993836879730225,0.588360607624054,0.4580838978290558,-0.17279204726219177,0.9995459914207458,0.5863414406776428,0.45813125371932983,-0.17294107377529144,0.9995574951171875,0.584090530872345,0.45820873975753784,-0.173019140958786,0.9996117949485779,0.5741854906082153,0.4594130516052246,-0.03879936784505844,0.9979205131530762,0.5689502954483032,0.4599932134151459,-0.20907582342624664,0.9995484352111816,0.5889069437980652,0.4685700535774231,-0.11183690279722214,0.9991640448570251,0.5873441100120544,0.4687747359275818,-0.16102299094200134,0.9993690848350525,0.5717023015022278,0.49217164516448975,0.09138505905866623,0.9997296929359436,0.5272554159164429,0.4907819926738739,-0.2824379801750183,0.9999322295188904,0.5651073455810547,0.5360895395278931,0.13679178059101105,0.07639170438051224,0.5282219648361206,0.5387753844261169,-0.34262827038764954,0.9767302870750427,0.5724660158157349,0.5701068043708801,0.03446346893906593,0.16014152765274048,0.5784630179405212,0.576245903968811,-0.30753350257873535,0.9156816005706787,0.5780857801437378,0.5834043025970459,0.016723353415727615,0.1677514612674713,0.5886349678039551,0.5852497816085815,-0.3456897735595703,0.8715851306915283,0.5805199146270752,0.5819931626319885,-0.012576830573379993,0.17157527804374695,0.5929232835769653,0.582550585269928,-0.33685725927352905,0.8633392453193665,0.5795043110847473,0.5770676732063293,0.01620541326701641,0.17870183289051056,0.5895015001296997,0.5803074240684509,-0.3012969195842743,0.8116132616996765,0.5601984858512878,0.5834814310073853,0.10793659836053848,0.9999071359634399,0.5199604034423828,0.5826744437217712,-0.10781916975975037,0.9999171495437622,0.5572903156280518,0.6441118717193604,0.12296509742736816,0.8765659928321838,0.48629337549209595,0.6435002088546753,-0.04830070585012436,0.9892597198486328,0.5474016070365906,0.6988232731819153,0.23530897498130798,0.9603452682495117,0.41693592071533203,0.6913995742797852,0.10621409118175507,0.9920521974563599,0.5388062596321106,0.7052639722824097,0.2402200549840927,0.9126924872398376,0.40462344884872437,0.694080114364624,0.1157042533159256,0.9525325298309326,0.5737918615341187,0.7202994227409363,0.14700202643871307,0.9617714881896973,0.4207722842693329,0.7163442373275757,0.01495453156530857,0.9879973530769348
282,0.5960335731506348,0.46115314960479736,-0.18601909279823303,0.9997134208679199,0.5911657810211182,0.4559526741504669,-0.16962093114852905,0.9994020462036133,0.5900594592094421,0.4558092951774597,-0.1696898639202118,0.9992837309837341,0.5887718200683594,0.4557707905769348,-0.16972999274730682,0.9993751645088196,0.5900130271911621,0.45646849274635315,-0.20807741582393646,0.9995271563529968,0.5880427956581116,0.45667532086372375,-0.20822671055793762,0.9995566010475159,0.5857367515563965,0.4569573998451233,-0.2083103209733963,0.9995970129966736,0.5748721957206726,0.45895686745643616,-0.07479546219110489,0.9979219436645508,0.5696552395820618,0.4602064788341522,-0.24548517167568207,0.999554455280304,0.5925405621528625,0.46721020340919495,-0.14610250294208527,0.9991618394851685,0.5908369421958923,0.4675610363483429,-0.19534288346767426,0.9993626475334167,0.5715077519416809,0.49263420701026917,0.06790320575237274,0.9997364282608032,0.5291553735733032,0.4920026361942291,-0.3215511739253998,0.9999340176582336,0.5649726390838623,0.5351969599723816,0.11500449478626251,0.08620546013116837,0.527894139289856,0.5387052297592163,-0.37371397018432617,0.9778903722763062,0.5764589905738831,0.5689481496810913,0.0013750799698755145,0.17495086789131165,0.5754896402359009,0.5760645270347595,-0.33832862973213196,0.9202243089675903,0.585311770439148,0.5821812152862549,-0.016562383621931076,0.1795157492160797,0.5860905647277832,0.5856236815452576,-0.37906476855278015,0.8775747418403625,0.5856961607933044,0.5810328125953674,-0.047833170741796494,0.1831909418106079,0.5894057750701904,0.5838769674301147,-0.3757885992527008,0.8697724342346191,0.57951819896698,0.5784620642662048,-0.018024876713752747,0.18956013023853302,0.5856049656867981,0.580757737159729,-0.3347734212875366,0.8196207284927368,0.5567961931228638,0.58424311876297,0.11962020397186279,0.9999083876609802,0.5191499590873718,0.5831376314163208,-0.11950112879276276,0.9999168515205383,0.5567200779914856,0.6422842144966125,0.21848055720329285,0.882836639881134,0.48441946506500244,0.6424635052680969,-0.08107573539018631,0.9898986220359802,0.5475747585296631,0.6977640986442566,0.348366916179657,0.962364137172699,0.41764476895332336,0.6906585693359375,0.06971988081932068,0.9924528002738953,0.5366698503494263,0.703685462474823,0.353356271982193,0.9164202213287354,0.4055461883544922,0.6938169002532959,0.0791686549782753,0.954902708530426,0.5732633471488953,0.7194249629974365,0.2726922631263733,0.9633665084838867,0.42178770899772644,0.7165820598602295,-0.023854326456785202,0.988519012928009
283,0.5960589051246643,0.46191805601119995,-0.17438901960849762,0.999708354473114,0.5913681983947754,0.45717817544937134,-0.1565597802400589,0.9993836283683777,0.5903362035751343,0.4570925831794739,-0.15662333369255066,0.9992531538009644,0.5891554951667786,0.4570801854133606,-0.15666940808296204,0.9993559122085571,0.589823305606842,0.4574151337146759,-0.19458293914794922,0.999508261680603,0.5877460241317749,0.45748984813690186,-0.19472306966781616,0.9995310306549072,0.5854876637458801,0.45760107040405273,-0.19479678571224213,0.9995803236961365,0.5766296982765198,0.4596937894821167,-0.05710412189364433,0.9977866411209106,0.5702764987945557,0.46032121777534485,-0.22614318132400513,0.9995163083076477,0.5916748642921448,0.46799570322036743,-0.1326301395893097,0.9991658926010132,0.5893751978874207,0.46824151277542114,-0.18149326741695404,0.9993635416030884,0.5740246176719666,0.4914223253726959,0.08254267275333405,0.999739944934845,0.529142439365387,0.4898618459701538,-0.2962219715118408,0.999931812286377,0.5697320103645325,0.5316275358200073,0.1280820071697235,0.09798478335142136,0.52666175365448,0.5352829694747925,-0.35348111391067505,0.9781048893928528,0.5755911469459534,0.569781482219696,0.009213007986545563,0.19426651298999786,0.572212278842926,0.5752824544906616,-0.33466899394989014,0.9226722717285156,0.5781503915786743,0.5820194482803345,-0.011229448951780796,0.19597403705120087,0.5812764763832092,0.5847204923629761,-0.3783814609050751,0.8808104991912842,0.5782663822174072,0.581138014793396,-0.042992789298295975,0.19987602531909943,0.5842804908752441,0.5820697546005249,-0.37249940633773804,0.8733680844306946,0.5766770839691162,0.5763871073722839,-0.010323088616132736,0.2051752656698227,0.5810005068778992,0.5800151228904724,-0.330296128988266,0.8242128491401672,0.5544676184654236,0.5826942920684814,0.11340726166963577,0.9999035000801086,0.5187459588050842,0.5819120407104492,-0.11325768381357193,0.9999102354049683,0.5568561553955078,0.6429612636566162,0.1423596441745758,0.881025493144989,0.4868238568305969,0.6442266702651978,-0.06730717420578003,0.9893534183502197,0.5452843904495239,0.6979402303695679,0.25917795300483704,0.9609805941581726,0.41663455963134766,0.691071093082428,0.07915014028549194,0.9918847680091858,0.5348606705665588,0.7046213746070862,0.2641310393810272,0.9112483263015747,0.40288832783699036,0.6937879920005798,0.08749623596668243,0.9500580430030823,0.5722803473472595,0.7196735143661499,0.17106933891773224,0.9620651006698608,0.4212016761302948,0.717600405216217,-0.017927493900060654,0.987731397151947
284,0.5940001606941223,0.46037358045578003,-0.17598719894886017,0.9997121095657349,0.5889321565628052,0.45599785447120667,-0.1572703719139099,0.9993816018104553,0.5879513621330261,0.4559395909309387,-0.15731999278068542,0.9992428421974182,0.5868693590164185,0.4559655487537384,-0.15734760463237762,0.9993504881858826,0.5873159170150757,0.45613613724708557,-0.193953737616539,0.9995027780532837,0.5850887298583984,0.45614761114120483,-0.1940915584564209,0.9995190501213074,0.5827533602714539,0.4562031924724579,-0.19417895376682281,0.9995750188827515,0.5750036239624023,0.4586460292339325,-0.057008590549230576,0.9976925849914551,0.5686490535736084,0.45840418338775635,-0.21969860792160034,0.9994899034500122,0.5905638933181763,0.4662863314151764,-0.13440680503845215,0.9991844296455383,0.5885778069496155,0.46611782908439636,-0.1814216822385788,0.9993773698806763,0.5792728066444397,0.49430838227272034,0.08230061829090118,0.999741792678833,0.5288021564483643,0.4890120327472687,-0.2905973494052887,0.9999311566352844,0.5760639309883118,0.5347591638565063,0.12947119772434235,0.11258616298437119,0.522875964641571,0.5336269736289978,-0.3478652536869049,0.978829562664032,0.573695957660675,0.572505533695221,0.006178552284836769,0.2180071920156479,0.5666041970252991,0.5750095844268799,-0.34482869505882263,0.9262495636940002,0.5798068046569824,0.5850957036018372,-0.01639706641435623,0.21634674072265625,0.5743266344070435,0.585060179233551,-0.39167219400405884,0.8856140971183777,0.5772082805633545,0.5814476013183594,-0.0498119555413723,0.22058317065238953,0.5781620144844055,0.5838698148727417,-0.38890039920806885,0.8786402940750122,0.574985921382904,0.5789515376091003,-0.014101734384894371,0.22450970113277435,0.5761057734489441,0.5803489089012146,-0.3423722982406616,0.8314430117607117,0.5567920207977295,0.5841187834739685,0.11367569118738174,0.9998999834060669,0.5201639533042908,0.580844521522522,-0.11347043514251709,0.9999068975448608,0.5567799806594849,0.6421129703521729,0.16382449865341187,0.8783757090568542,0.48768603801727295,0.642238199710846,-0.0738285556435585,0.9889119863510132,0.5462950468063354,0.6981968283653259,0.29477977752685547,0.958742618560791,0.41861969232559204,0.6917505860328674,0.07171250134706497,0.9912229776382446,0.5362024903297424,0.7051697373390198,0.3006850779056549,0.9038565754890442,0.40582093596458435,0.695571780204773,0.07964573055505753,0.9437474608421326,0.5724511742591858,0.7192655205726624,0.2056492120027542,0.9601319432258606,0.4236464202404022,0.7136260271072388,-0.03194545954465866,0.9868925213813782
285,0.5935962796211243,0.4624709188938141,-0.18406441807746887,0.9996820092201233,0.5898735523223877,0.45749330520629883,-0.16401752829551697,0.9993128776550293,0.5891028046607971,0.45737892389297485,-0.16408470273017883,0.9991345405578613,0.5881545543670654,0.4573487341403961,-0.16411195695400238,0.9992586374282837,0.5878698229789734,0.4577827453613281,-0.19829204678535461,0.999439537525177,0.5855534672737122,0.457851767539978,-0.1984105110168457,0.9994449615478516,0.5824941396713257,0.4579309821128845,-0.19850513339042664,0.9995254278182983,0.576104998588562,0.4596816897392273,-0.056616999208927155,0.9972825050354004,0.5674024820327759,0.45983585715293884,-0.20832379162311554,0.9994029402732849,0.5892000198364258,0.4683406949043274,-0.1401464343070984,0.9991464018821716,0.5862508416175842,0.46844354271888733,-0.1840357482433319,0.9993555545806885,0.5794549584388733,0.49361899495124817,0.07936815917491913,0.9997307658195496,0.5261475443840027,0.4901057779788971,-0.27040350437164307,0.9999275803565979,0.5793108344078064,0.5318556427955627,0.12546999752521515,0.13361866772174835,0.5211215019226074,0.5337418913841248,-0.3264514207839966,0.9795352816581726,0.5731242299079895,0.5686687231063843,0.0021316539496183395,0.24616490304470062,0.562400758266449,0.5744206309318542,-0.33340439200401306,0.9297822713851929,0.5749850869178772,0.5818721652030945,-0.021534351631999016,0.23879791796207428,0.5689086318016052,0.5850939154624939,-0.37890103459358215,0.8902196288108826,0.5746722221374512,0.5802351236343384,-0.052930500358343124,0.24336521327495575,0.5735607743263245,0.5838147401809692,-0.379518061876297,0.8837770819664001,0.56974858045578,0.5742546916007996,-0.01682906411588192,0.2460784763097763,0.5717586278915405,0.5797752737998962,-0.33206266164779663,0.8387367129325867,0.557544469833374,0.5840303301811218,0.10763964802026749,0.9998873472213745,0.5191535949707031,0.5815481543540955,-0.10746113210916519,0.9998979568481445,0.5580639839172363,0.6446269154548645,0.14612381160259247,0.88053959608078,0.4849560260772705,0.6431807279586792,-0.10012058168649673,0.9888810515403748,0.546692430973053,0.6981815695762634,0.28186601400375366,0.9568901658058167,0.41686660051345825,0.6923852562904358,0.023226849734783173,0.990898609161377,0.5348223447799683,0.7044588923454285,0.288326621055603,0.8956592679023743,0.40399444103240967,0.696210503578186,0.028674162924289703,0.9363919496536255,0.5741496682167053,0.7192798256874084,0.19586259126663208,0.958413302898407,0.4244084656238556,0.7169635891914368,-0.08929713070392609,0.9863888621330261
286,0.5952478051185608,0.4612073302268982,-0.18749761581420898,0.9996810555458069,0.5901160836219788,0.45673033595085144,-0.16836446523666382,0.9993036389350891,0.5891713500022888,0.45665305852890015,-0.16842500865459442,0.9991177320480347,0.5881221294403076,0.45665299892425537,-0.16845689713954926,0.9992464780807495,0.5882790088653564,0.4571429193019867,-0.20232631266117096,0.9994315505027771,0.5860083103179932,0.4573553204536438,-0.20245732367038727,0.9994342923164368,0.5835285186767578,0.4576178789138794,-0.2025507241487503,0.9995220899581909,0.5756471753120422,0.45955660939216614,-0.06683264672756195,0.9972116947174072,0.5684111714363098,0.4606086313724518,-0.21689921617507935,0.9993877410888672,0.5912445187568665,0.4676484167575836,-0.14594046771526337,0.9991471767425537,0.5887578129768372,0.4680215120315552,-0.18937818706035614,0.9993588328361511,0.578514814376831,0.49292752146720886,0.06787405908107758,0.9997192621231079,0.5270789861679077,0.491396427154541,-0.2807677388191223,0.9999266266822815,0.5692709684371948,0.5340546369552612,0.11242354661226273,0.14575670659542084,0.5198375582695007,0.5369102954864502,-0.33559390902519226,0.9801591634750366,0.5686410069465637,0.5683773159980774,0.00119658256880939,0.2613888382911682,0.5601746439933777,0.5778377056121826,-0.3401172161102295,0.93239426612854,0.5688840746879578,0.5810333490371704,-0.02016798034310341,0.2504909634590149,0.5672491192817688,0.5888063311576843,-0.3849334418773651,0.8936609625816345,0.5692342519760132,0.5797776579856873,-0.05184026435017586,0.2550196349620819,0.5721151828765869,0.5870739817619324,-0.3829819858074188,0.8876007795333862,0.5636367797851562,0.5736719965934753,-0.017687303945422173,0.25677189230918884,0.5701560974121094,0.5846393704414368,-0.33792170882225037,0.8442974090576172,0.5559218525886536,0.5824335813522339,0.10816603153944016,0.9998789429664612,0.5163182616233826,0.5810238122940063,-0.10798132419586182,0.9998910427093506,0.5580607056617737,0.6432777643203735,0.1273922622203827,0.880842387676239,0.4873511493206024,0.6433969140052795,-0.09519781917333603,0.9887989163398743,0.5458751320838928,0.6984227895736694,0.23626025021076202,0.9559639692306519,0.4170405864715576,0.6912524700164795,0.030864069238305092,0.990604043006897,0.5365039706230164,0.7049848437309265,0.23997050523757935,0.890463650226593,0.4036810100078583,0.6937847137451172,0.03719990700483322,0.9322109222412109,0.5727494359016418,0.7201353311538696,0.1451624184846878,0.9574494361877441,0.42395830154418945,0.7192200422286987,-0.07184796035289764,0.9859715104103088
287,0.5949441194534302,0.46254581212997437,-0.17827226221561432,0.9996933341026306,0.5895439982414246,0.4578271806240082,-0.15999342501163483,0.9993285536766052,0.5884135365486145,0.45771151781082153,-0.16005852818489075,0.9991414546966553,0.5871379375457764,0.45769575238227844,-0.1600862741470337,0.9992697834968567,0.5883726477622986,0.4582112431526184,-0.19672957062721252,0.9994494318962097,0.5864500999450684,0.4583449959754944,-0.19685320556163788,0.99944669008255,0.5839613676071167,0.45850351452827454,-0.1969413161277771,0.999537467956543,0.5747462511062622,0.4599371552467346,-0.062242571264505386,0.9972853660583496,0.570290207862854,0.46049243211746216,-0.22452858090400696,0.9994009137153625,0.5911272764205933,0.46835488080978394,-0.13780458271503448,0.9991858005523682,0.5895053148269653,0.46834883093833923,-0.18484021723270416,0.9993852972984314,0.573522686958313,0.4930592179298401,0.07244091480970383,0.9997173547744751,0.5274468660354614,0.4909023642539978,-0.2957707643508911,0.9999263882637024,0.5694915056228638,0.5345526933670044,0.1199093833565712,0.15682801604270935,0.520166277885437,0.5366663336753845,-0.3553181290626526,0.9810041785240173,0.5660391449928284,0.5717862844467163,0.010884077288210392,0.27547281980514526,0.557059109210968,0.5790809392929077,-0.34705543518066406,0.9358626008033752,0.5666276216506958,0.5840758085250854,-0.008726898580789566,0.2604965567588806,0.5633716583251953,0.5889865756034851,-0.3914113938808441,0.8982317447662354,0.5669795870780945,0.5829302072525024,-0.039833199232816696,0.2651841640472412,0.5685791373252869,0.5884349346160889,-0.3881184160709381,0.8925267457962036,0.5651458501815796,0.5776387453079224,-0.007950596511363983,0.26634305715560913,0.5666555166244507,0.5847705602645874,-0.34422042965888977,0.8511185646057129,0.553081750869751,0.5843681693077087,0.11169949173927307,0.9998712539672852,0.5182491540908813,0.5829095840454102,-0.11145300418138504,0.9998864531517029,0.5581777691841125,0.6437002420425415,0.1441963016986847,0.8843478560447693,0.4876517951488495,0.6441346406936646,-0.07480558753013611,0.989239513874054,0.5464034676551819,0.6994127035140991,0.2671574652194977,0.9563289284706116,0.4164237380027771,0.6927512288093567,0.06564655154943466,0.9907026290893555,0.5349105000495911,0.7063853740692139,0.2723425626754761,0.8872273564338684,0.40272289514541626,0.6953926086425781,0.07314586639404297,0.9295721054077148,0.5786467790603638,0.7193610072135925,0.17812836170196533,0.9577111601829529,0.42489659786224365,0.7177549600601196,-0.03714010491967201,0.9859709143638611
288,0.5963212847709656,0.46292296051979065,-0.18390849232673645,0.999705970287323,0.5919591188430786,0.4582013189792633,-0.16501985490322113,0.9993515610694885,0.5908966660499573,0.4580492079257965,-0.165087029337883,0.9991697669029236,0.589684009552002,0.45800113677978516,-0.1651076227426529,0.9992918372154236,0.5903365612030029,0.45858529210090637,-0.2013535052537918,0.9994645714759827,0.5881506204605103,0.458694189786911,-0.20147214829921722,0.9994614720344543,0.5857869982719421,0.45884639024734497,-0.2015637308359146,0.9995515942573547,0.5770100355148315,0.4602769911289215,-0.06462620943784714,0.997373640537262,0.570342481136322,0.4608108699321747,-0.22513321042060852,0.9994217753410339,0.5915150046348572,0.46934226155281067,-0.14280326664447784,0.9992137551307678,0.5890195965766907,0.46949994564056396,-0.18933522701263428,0.9994051456451416,0.5793074369430542,0.49394893646240234,0.06784047931432724,0.9997096061706543,0.5258840918540955,0.49203476309776306,-0.29674801230430603,0.9999266266822815,0.5794950127601624,0.5361456274986267,0.10589363425970078,0.16993357241153717,0.5187880992889404,0.5378509163856506,-0.36067453026771545,0.9820684790611267,0.566982090473175,0.5694432854652405,-0.010315881110727787,0.292395681142807,0.5563435554504395,0.5808406472206116,-0.358903169631958,0.9399087429046631,0.5671608448028564,0.581960916519165,-0.03086596168577671,0.272713303565979,0.5594115257263184,0.5905545353889465,-0.40349358320236206,0.903761625289917,0.5673237442970276,0.5809345841407776,-0.06011298671364784,0.2772890627384186,0.5675592422485352,0.590153157711029,-0.40094971656799316,0.8984273076057434,0.5618486404418945,0.5750444531440735,-0.02855221927165985,0.27784278988838196,0.5654604434967041,0.5866774916648865,-0.3564774990081787,0.8591721653938293,0.5532815456390381,0.5854464173316956,0.11235921084880829,0.9998623728752136,0.5158414244651794,0.5841093063354492,-0.11213558167219162,0.9998822808265686,0.5618494749069214,0.6451114416122437,0.15500539541244507,0.8899415731430054,0.4868009090423584,0.6457729935646057,-0.09529678523540497,0.9898805022239685,0.546557605266571,0.6981754302978516,0.28552865982055664,0.9573743343353271,0.4182054400444031,0.6926150918006897,0.041948381811380386,0.991049587726593,0.5352737307548523,0.704200804233551,0.2914842963218689,0.886820375919342,0.4053107500076294,0.696796715259552,0.04951170086860657,0.9297711253166199,0.5779651999473572,0.7183377146720886,0.20561127364635468,0.9584026336669922,0.4259161055088043,0.7195031046867371,-0.0601416677236557,0.9862971305847168
289,0.5946112871170044,0.4637357294559479,-0.18331095576286316,0.999726414680481,0.5896417498588562,0.4588831067085266,-0.165243461728096,0.999391496181488,0.5886025428771973,0.45882996916770935,-0.16530007123947144,0.9992245435714722,0.5873831510543823,0.4588962197303772,-0.16531480848789215,0.999334990978241,0.5882323980331421,0.45913463830947876,-0.2026514708995819,0.9994946122169495,0.5861925482749939,0.4592348635196686,-0.20277146995067596,0.9994943737983704,0.5834069848060608,0.4593573808670044,-0.2028525471687317,0.9995768070220947,0.5753920078277588,0.4614468216896057,-0.06947486102581024,0.9975491762161255,0.5693851113319397,0.4613775610923767,-0.23485712707042694,0.9994614720344543,0.5908144116401672,0.46967190504074097,-0.14404569566249847,0.9992597103118896,0.5888168811798096,0.4695144295692444,-0.19196832180023193,0.9994364380836487,0.5738011002540588,0.49512994289398193,0.06303303688764572,0.9997114539146423,0.5278118848800659,0.49166765809059143,-0.3116125762462616,0.9999290704727173,0.5681551694869995,0.5386515855789185,0.10145292431116104,0.17838576436042786,0.5174457430839539,0.5391861796379089,-0.37591180205345154,0.9833167791366577,0.5647585988044739,0.5738669633865356,-0.009771186858415604,0.30304956436157227,0.551694929599762,0.5824921727180481,-0.36292561888694763,0.9442276954650879,0.5653612613677979,0.5873605012893677,-0.02823714353144169,0.2795357406139374,0.5554791688919067,0.5934488773345947,-0.40549227595329285,0.9097620844841003,0.5660260319709778,0.5867444276809692,-0.057593923062086105,0.28385865688323975,0.5628124475479126,0.5924768447875977,-0.4019433259963989,0.9047228693962097,0.5614948272705078,0.5809022784233093,-0.028078235685825348,0.28416743874549866,0.56171715259552,0.5901544690132141,-0.3598410487174988,0.867475152015686,0.550576388835907,0.5859030485153198,0.11387867480516434,0.9998607039451599,0.5162145495414734,0.5846896767616272,-0.11364591866731644,0.9998816251754761,0.562187135219574,0.6425774097442627,0.15982754528522491,0.896869957447052,0.48730915784835815,0.6455373167991638,-0.08274826407432556,0.990628719329834,0.5464396476745605,0.6978835463523865,0.28337493538856506,0.9598076343536377,0.41755276918411255,0.692940354347229,0.06616631895303726,0.9915486574172974,0.5339088439941406,0.7048025727272034,0.2881616950035095,0.8915029168128967,0.40453261137008667,0.6957769989967346,0.07526945322751999,0.9329952597618103,0.5777575969696045,0.7181839346885681,0.20333032310009003,0.9603337645530701,0.42914441227912903,0.7197439670562744,-0.030572567135095596,0.9868582487106323
290,0.5984548926353455,0.46283212304115295,-0.19407565891742706,0.9997249245643616,0.5935313701629639,0.4579918086528778,-0.17577077448368073,0.999366283416748,0.5924739837646484,0.45784032344818115,-0.1758238822221756,0.9992063641548157,0.5913124084472656,0.4577591121196747,-0.17584024369716644,0.9993050694465637,0.592067539691925,0.4583338797092438,-0.21154047548770905,0.9994661808013916,0.589956521987915,0.45843103528022766,-0.21165676414966583,0.9994775652885437,0.5876684784889221,0.4585628807544708,-0.21173681318759918,0.9995568990707397,0.5785408020019531,0.46058523654937744,-0.0764511451125145,0.9974883794784546,0.5723074078559875,0.4614325165748596,-0.23434703052043915,0.9994572401046753,0.5948830842971802,0.4689720869064331,-0.15334342420101166,0.9992461800575256,0.5927957892417908,0.46925702691078186,-0.19908057153224945,0.9994244575500488,0.5793455839157104,0.4935387670993805,0.059750013053417206,0.9997066259384155,0.5291217565536499,0.49101999402046204,-0.3025438189506531,0.999930202960968,0.5717184543609619,0.5347288250923157,0.1004231870174408,0.19216637313365936,0.5173073410987854,0.5371919274330139,-0.3612351715564728,0.9843243956565857,0.5661631226539612,0.5713101625442505,-0.017173223197460175,0.31864598393440247,0.5511493682861328,0.5818262696266174,-0.35944992303848267,0.947903037071228,0.56605064868927,0.5842395424842834,-0.03771885111927986,0.29080358147621155,0.5552897453308105,0.5922583937644958,-0.4021899104118347,0.9149037599563599,0.5656624436378479,0.582838237285614,-0.06884346157312393,0.2949673533439636,0.5626599788665771,0.5914528369903564,-0.4024967849254608,0.9101570844650269,0.5637645721435547,0.5797609090805054,-0.036161117255687714,0.29445916414260864,0.5614378452301025,0.5876257419586182,-0.35776036977767944,0.8745397329330444,0.5496970415115356,0.5827405452728271,0.1110440343618393,0.9998505711555481,0.5151470303535461,0.5816004276275635,-0.11085673421621323,0.9998719096183777,0.5630767345428467,0.6402972936630249,0.12740840017795563,0.9032787680625916,0.48760437965393066,0.643683135509491,-0.09955108165740967,0.9912549257278442,0.5459645390510559,0.6982308626174927,0.23741839826107025,0.9621493816375732,0.41708138585090637,0.6927986145019531,0.03309706598520279,0.9919666051864624,0.5335288643836975,0.7052368521690369,0.24032807350158691,0.8957464694976807,0.40461522340774536,0.6952393054962158,0.03983964025974274,0.9352981448173523,0.5770207047462463,0.7184789180755615,0.14890828728675842,0.962163507938385,0.4262382686138153,0.7177605032920837,-0.07303383946418762,0.9873103499412537
291,0.5979589223861694,0.4656936526298523,-0.19554835557937622,0.999728798866272,0.5939322710037231,0.4607327878475189,-0.17551344633102417,0.9993728995323181,0.5930777192115784,0.46051639318466187,-0.17556776106357574,0.9992097616195679,0.5921118259429932,0.4603150486946106,-0.1755838692188263,0.9993091225624084,0.5922500491142273,0.46093839406967163,-0.20981308817863464,0.9994701743125916,0.5902224779129028,0.4608556926250458,-0.20991064608097076,0.9994791150093079,0.5875505208969116,0.4607146978378296,-0.20998461544513702,0.9995617270469666,0.5799951553344727,0.4615921974182129,-0.06913615018129349,0.9975149035453796,0.5726358890533447,0.46162354946136475,-0.22040843963623047,0.9994595050811768,0.593390166759491,0.4710793197154999,-0.15250477194786072,0.9992638230323792,0.5911117196083069,0.4708438813686371,-0.19641149044036865,0.9994370937347412,0.5812448263168335,0.4948016405105591,0.06507911533117294,0.9997080564498901,0.5255818367004395,0.49051111936569214,-0.2816001772880554,0.9999308586120605,0.5871411561965942,0.5341008305549622,0.10024280846118927,0.2180785983800888,0.5151990652084351,0.5376675128936768,-0.3428545892238617,0.9851208925247192,0.5719493627548218,0.5700398683547974,-0.02661488763988018,0.34662583470344543,0.5473220348358154,0.5815549492835999,-0.3564344048500061,0.9510773420333862,0.5705038905143738,0.582842230796814,-0.04918665438890457,0.31255584955215454,0.5472164154052734,0.5915384888648987,-0.3994072675704956,0.919366180896759,0.568523645401001,0.5812064409255981,-0.07868935167789459,0.3167608380317688,0.5582262277603149,0.5910411477088928,-0.4005413353443146,0.914964497089386,0.5658629536628723,0.5753735899925232,-0.04488672688603401,0.3151669502258301,0.5563297867774963,0.5872917175292969,-0.3553500771522522,0.8811507225036621,0.5532534122467041,0.5825968980789185,0.10775135457515717,0.9998419880867004,0.5142409205436707,0.5810757875442505,-0.1075499951839447,0.9998654127120972,0.563590943813324,0.6395499110221863,0.09807408601045609,0.9081253409385681,0.4827931821346283,0.6449469923973083,-0.10452935844659805,0.9916806221008301,0.5449157953262329,0.6975147128105164,0.2140475958585739,0.9631577730178833,0.413564532995224,0.6925560235977173,0.019961314275860786,0.9922191500663757,0.5298935770988464,0.7042196393013,0.21828694641590118,0.8953467011451721,0.4011233448982239,0.6954246759414673,0.025902317836880684,0.9343337416648865,0.5791646838188171,0.7185891270637512,0.1250678300857544,0.96307373046875,0.42513927817344666,0.7199713587760925,-0.08839698880910873,0.987596869468689
292,0.596463680267334,0.4633602201938629,-0.19702014327049255,0.9997175335884094,0.5921286344528198,0.45871445536613464,-0.17686419188976288,0.9993376731872559,0.5914311408996582,0.45856767892837524,-0.17693012952804565,0.9991657137870789,0.590690016746521,0.4584919810295105,-0.17694994807243347,0.9992679357528687,0.59039306640625,0.45887431502342224,-0.2122322916984558,0.9994360208511353,0.5877144932746887,0.4587177634239197,-0.21233972907066345,0.9994469285011292,0.5858711004257202,0.4586564004421234,-0.2124238759279251,0.9995372891426086,0.5791944265365601,0.46030327677726746,-0.07137340307235718,0.997393786907196,0.571709394454956,0.4599406123161316,-0.22714552283287048,0.9994328618049622,0.5923804044723511,0.4686957001686096,-0.15436643362045288,0.9992381930351257,0.5900529623031616,0.46865731477737427,-0.19952358305454254,0.9994165897369385,0.5812483429908752,0.4941027760505676,0.06586068868637085,0.9996957778930664,0.5267727375030518,0.4903734028339386,-0.2950230538845062,0.9999285340309143,0.5815110802650452,0.5371395349502563,0.09972186386585236,0.2334636151790619,0.5134782195091248,0.5385841131210327,-0.3558361232280731,0.9857263565063477,0.5677757859230042,0.5728145241737366,-0.02978038787841797,0.36432182788848877,0.5458460450172424,0.5811809301376343,-0.3631115257740021,0.9535738229751587,0.5674121379852295,0.587095320224762,-0.05204181373119354,0.3256586194038391,0.5462635159492493,0.5908146500587463,-0.40751904249191284,0.9227298498153687,0.5647020936012268,0.58523029088974,-0.08235565572977066,0.3298655152320862,0.5568644404411316,0.5897879004478455,-0.40879034996032715,0.9186083078384399,0.562761127948761,0.579318106174469,-0.048586323857307434,0.3275219202041626,0.5549426674842834,0.5870502591133118,-0.36214306950569153,0.8861435651779175,0.5531694293022156,0.5823439359664917,0.11312869936227798,0.9998267292976379,0.5148526430130005,0.5806973576545715,-0.11292549222707748,0.9998549222946167,0.5665085315704346,0.6399688720703125,0.12855038046836853,0.9116065502166748,0.48473572731018066,0.6448903679847717,-0.12018747627735138,0.9920949339866638,0.544312059879303,0.6976912617683411,0.250060111284256,0.9635769724845886,0.4132031202316284,0.6931604146957397,-0.0008825537515804172,0.992415726184845,0.5311375856399536,0.7040277719497681,0.25479036569595337,0.8943005204200745,0.4006936848163605,0.6954604387283325,0.004664788022637367,0.9337998628616333,0.5781002640724182,0.719286322593689,0.1657613068819046,0.963220477104187,0.42575889825820923,0.721190869808197,-0.11103865504264832,0.9877508282661438
293,0.5968858003616333,0.46205466985702515,-0.203913152217865,0.9997185468673706,0.5921911597251892,0.457674115896225,-0.18336457014083862,0.9993354082107544,0.5912923812866211,0.4575553834438324,-0.18342022597789764,0.9991573095321655,0.590297281742096,0.45751771330833435,-0.18343573808670044,0.9992644786834717,0.590811550617218,0.4578483998775482,-0.21789157390594482,0.9994345903396606,0.5883828997612,0.4577706456184387,-0.21800313889980316,0.9994416832923889,0.58661288022995,0.45778170228004456,-0.21808290481567383,0.9995378255844116,0.5786577463150024,0.4596269428730011,-0.07757501304149628,0.9973692893981934,0.5731709599494934,0.4595339000225067,-0.229543998837471,0.9994227290153503,0.5932008624076843,0.4674827456474304,-0.16140612959861755,0.9992448091506958,0.5912361741065979,0.46727097034454346,-0.20547133684158325,0.9994213581085205,0.5817813873291016,0.494137167930603,0.05932432785630226,0.9996886253356934,0.5275084972381592,0.49033674597740173,-0.294613242149353,0.9999282360076904,0.5806527733802795,0.5375556349754333,0.08975046873092651,0.2467258870601654,0.5155051350593567,0.5381792187690735,-0.3534325361251831,0.9862026572227478,0.5655905604362488,0.5739746689796448,-0.03681643679738045,0.37899908423423767,0.547626256942749,0.5814930200576782,-0.36511489748954773,0.9554929733276367,0.5651305913925171,0.5873072743415833,-0.05948198214173317,0.3364185094833374,0.5501659512519836,0.5918000936508179,-0.40988168120384216,0.9252427816390991,0.5641770958900452,0.5862733721733093,-0.08988157659769058,0.3405696749687195,0.5569618940353394,0.59078049659729,-0.410539835691452,0.9213289022445679,0.5600143671035767,0.5805287957191467,-0.05551211163401604,0.3370688259601593,0.5563653707504272,0.587909460067749,-0.36403048038482666,0.889927089214325,0.5540003180503845,0.5816022157669067,0.11172894388437271,0.99981290102005,0.5150628685951233,0.5789410471916199,-0.1114988625049591,0.9998470544815063,0.5631232857704163,0.6413742303848267,0.11121206730604172,0.913131058216095,0.48488327860832214,0.6439027786254883,-0.12191170454025269,0.9924134612083435,0.5455973744392395,0.6993424892425537,0.22430387139320374,0.9635813236236572,0.413656622171402,0.6931298971176147,-0.005591132212430239,0.9925274848937988,0.5322121977806091,0.7060341238975525,0.2280268371105194,0.8915175795555115,0.4000195562839508,0.6956028342247009,-0.0005702964845113456,0.9323974251747131,0.5788013935089111,0.7199506759643555,0.13110066950321198,0.9631150960922241,0.4241112768650055,0.7209526896476746,-0.11889973282814026,0.9878131151199341
294,0.5967773795127869,0.46391159296035767,-0.22691912949085236,0.9996886253356934,0.5916600823402405,0.45895352959632874,-0.2067958563566208,0.9992687702178955,0.5908511877059937,0.4588032364845276,-0.2068730741739273,0.9990577101707458,0.5900088548660278,0.4587605595588684,-0.20690332353115082,0.9991867542266846,0.5893359184265137,0.45915019512176514,-0.2398024946451187,0.9993751049041748,0.5875542759895325,0.45916569232940674,-0.2398989051580429,0.9993715286254883,0.5855944156646729,0.4592171609401703,-0.2399803102016449,0.9994927048683167,0.5782451033592224,0.4609455466270447,-0.09638188034296036,0.9970681667327881,0.5711920857429504,0.4612554609775543,-0.24174869060516357,0.9993377327919006,0.5934942364692688,0.4697265923023224,-0.18202009797096252,0.9992064833641052,0.5895729660987854,0.4696613848209381,-0.22419151663780212,0.999389111995697,0.5834922194480896,0.49380701780319214,0.04266590625047684,0.9996792674064636,0.5253029465675354,0.49122872948646545,-0.2924409508705139,0.9999232888221741,0.585860013961792,0.5361893773078918,0.08155233412981033,0.26970067620277405,0.5121282935142517,0.5385123491287231,-0.343923956155777,0.9863395690917969,0.5649215579032898,0.5726916193962097,-0.04884825274348259,0.39994242787361145,0.5446444153785706,0.5825560092926025,-0.36145633459091187,0.9567927122116089,0.5634861588478088,0.5866323709487915,-0.07429669052362442,0.35178491473197937,0.5452229976654053,0.5921554565429688,-0.40662968158721924,0.9269190430641174,0.5623599886894226,0.5856027007102966,-0.10478239506483078,0.3561803996562958,0.5548043251037598,0.5917277932167053,-0.4110014736652374,0.9233056902885437,0.5611891746520996,0.5793579816818237,-0.06742757558822632,0.3515721559524536,0.5538234114646912,0.5883265733718872,-0.36180996894836426,0.8927900195121765,0.5545610785484314,0.5825180411338806,0.10332304984331131,0.9997885823249817,0.5148114562034607,0.5803294777870178,-0.10311652719974518,0.9998281002044678,0.5605870485305786,0.6421564221382141,0.09795136749744415,0.9159393906593323,0.48387411236763,0.6443119645118713,-0.09940468519926071,0.9925177097320557,0.5462830662727356,0.6979544758796692,0.22458501160144806,0.9633662700653076,0.4146786332130432,0.6927852034568787,0.02956339530646801,0.9924153089523315,0.531135618686676,0.7043294310569763,0.22982639074325562,0.886519193649292,0.40110498666763306,0.6950191855430603,0.03541015833616257,0.9267973899841309,0.579501211643219,0.7186840176582336,0.12983332574367523,0.9627721905708313,0.42339450120925903,0.7197821140289307,-0.08456452190876007,0.9875256419181824
295,0.59674072265625,0.46290653944015503,-0.2329724133014679,0.9996531009674072,0.5920782089233398,0.45878860354423523,-0.212321475148201,0.9991862177848816,0.5916163325309753,0.45869627594947815,-0.21239575743675232,0.9989396333694458,0.5909612774848938,0.45867401361465454,-0.2124176323413849,0.9990923404693604,0.5902117490768433,0.45886117219924927,-0.24389752745628357,0.9993020296096802,0.5882822275161743,0.4587741196155548,-0.24398060142993927,0.9992902278900146,0.5855498313903809,0.458290159702301,-0.24405667185783386,0.9994398355484009,0.5798128843307495,0.46070659160614014,-0.0993715152144432,0.9967029094696045,0.5704750418663025,0.4601699411869049,-0.23848170042037964,0.9992368221282959,0.5936305522918701,0.4690132141113281,-0.18733714520931244,0.99915611743927,0.5909317135810852,0.4683701694011688,-0.22770699858665466,0.9993517398834229,0.5872504115104675,0.49408626556396484,0.0379941463470459,0.9996707439422607,0.5221366286277771,0.49153372645378113,-0.28413423895835876,0.9999194145202637,0.5862187147140503,0.5379251837730408,0.0712197795510292,0.30162930488586426,0.5120673179626465,0.5399686694145203,-0.33252477645874023,0.9865263104438782,0.5683194398880005,0.5734738111495972,-0.06755034625530243,0.4297797381877899,0.5410033464431763,0.5821573734283447,-0.35915064811706543,0.9584256410598755,0.5654700994491577,0.58719402551651,-0.0954413190484047,0.37602365016937256,0.5424480438232422,0.5922275185585022,-0.4047110676765442,0.9292778968811035,0.5628312826156616,0.5867799520492554,-0.12539640069007874,0.3805784583091736,0.5510234236717224,0.5917769074440002,-0.4123336970806122,0.9260138869285583,0.5621460676193237,0.5809652209281921,-0.08605699986219406,0.3748966157436371,0.5511817932128906,0.5885345935821533,-0.36096277832984924,0.8967132568359375,0.5561009049415588,0.5811840295791626,0.10153579711914062,0.9997633695602417,0.5129348635673523,0.5784225463867188,-0.10138434171676636,0.9998079538345337,0.5607908964157104,0.642953634262085,0.0954463854432106,0.9179880023002625,0.4860645532608032,0.6444718241691589,-0.11297740042209625,0.9925387501716614,0.546654224395752,0.6980718374252319,0.22619867324829102,0.96235591173172,0.4146152436733246,0.6933092474937439,0.0029838893096894026,0.9922441840171814,0.5344823002815247,0.7041740417480469,0.23188261687755585,0.8794275522232056,0.40119147300720215,0.6961537003517151,0.0072901565581560135,0.9194756746292114,0.5763916373252869,0.7187657952308655,0.1336168646812439,0.9617244005203247,0.4245973825454712,0.7212151885032654,-0.11761931329965591,0.9871244430541992
296,0.5975070595741272,0.4663216471672058,-0.24193863570690155,0.9996120929718018,0.5937012434005737,0.46143433451652527,-0.22176691889762878,0.9990886449813843,0.5931598544120789,0.46129974722862244,-0.22184240818023682,0.9988059401512146,0.5925441384315491,0.4611750543117523,-0.22186128795146942,0.9989844560623169,0.5916991829872131,0.4615013003349304,-0.2512536942958832,0.9992116689682007,0.5892006158828735,0.46134883165359497,-0.2513240873813629,0.999189555644989,0.5872862935066223,0.46124500036239624,-0.25139427185058594,0.9993707537651062,0.5819122791290283,0.4626644551753998,-0.10756336897611618,0.9962894916534424,0.5727742910385132,0.46242961287498474,-0.23760248720645905,0.9991083145141602,0.5937559604644775,0.4715871810913086,-0.19566981494426727,0.9991031885147095,0.589245080947876,0.47175073623657227,-0.23339994251728058,0.9993091225624084,0.5882155299186707,0.4952881932258606,0.02624492160975933,0.9996706247329712,0.5216176509857178,0.4921233057975769,-0.27295181155204773,0.9999149441719055,0.5867005586624146,0.5390739440917969,0.059291988611221313,0.3398328721523285,0.511841356754303,0.539203941822052,-0.31729966402053833,0.9866570830345154,0.565861701965332,0.5736510753631592,-0.07915862649679184,0.46257704496383667,0.5398701429367065,0.5823797583580017,-0.3492264449596405,0.9598706960678101,0.5627752542495728,0.5866628289222717,-0.10936396569013596,0.40358424186706543,0.5410446524620056,0.5928109884262085,-0.3954845070838928,0.9313393235206604,0.5571851134300232,0.5857049822807312,-0.13779427111148834,0.40819644927978516,0.5485974550247192,0.5920442342758179,-0.40379101037979126,0.9284209609031677,0.5571085214614868,0.579938530921936,-0.09674366563558578,0.4013419449329376,0.5486149191856384,0.5885785222053528,-0.35149842500686646,0.9002526998519897,0.5574082732200623,0.5824576616287231,0.09380627423524857,0.99974524974823,0.5134727954864502,0.5790470838546753,-0.09367191791534424,0.9997891187667847,0.5599735379219055,0.6433283090591431,0.09127001464366913,0.9211795926094055,0.4837566316127777,0.6442776322364807,-0.1030631884932518,0.9924635291099548,0.5474278330802917,0.698898196220398,0.21810175478458405,0.9621665477752686,0.4143255054950714,0.692972719669342,0.015902502462267876,0.9919937252998352,0.5349435806274414,0.7051894664764404,0.22333502769470215,0.8731763958930969,0.40215402841567993,0.6952031850814819,0.02039957419037819,0.9105667471885681,0.5775644779205322,0.7185503840446472,0.12128836661577225,0.9612429738044739,0.4233240783214569,0.7203890681266785,-0.10472982376813889,0.9865828156471252
297,0.5980761051177979,0.46590450406074524,-0.23892170190811157,0.9995984435081482,0.5947571992874146,0.46096163988113403,-0.2183096557855606,0.9990546107292175,0.5941152572631836,0.4608405530452728,-0.21837928891181946,0.998752236366272,0.5933225154876709,0.46073052287101746,-0.21839790046215057,0.9989457726478577,0.5927430391311646,0.46101653575897217,-0.24956285953521729,0.9991809129714966,0.5899470448493958,0.46084868907928467,-0.24963833391666412,0.9991528391838074,0.5879842638969421,0.46074020862579346,-0.24969951808452606,0.9993489980697632,0.5820202827453613,0.4620088040828705,-0.1028037741780281,0.9961566925048828,0.5732068419456482,0.4618501663208008,-0.24075280129909515,0.9990598559379578,0.5937842726707458,0.47124096751213074,-0.19220030307769775,0.9990950226783752,0.5907680988311768,0.47119393944740295,-0.23222801089286804,0.9993026256561279,0.587432861328125,0.49528542160987854,0.034415315836668015,0.9996775388717651,0.5202854871749878,0.4921685457229614,-0.27999404072761536,0.9999138116836548,0.5885499715805054,0.5384572148323059,0.06843548268079758,0.37560009956359863,0.5114808678627014,0.5400039553642273,-0.3286774456501007,0.9868696928024292,0.5693379640579224,0.5738065242767334,-0.07291696220636368,0.4934365153312683,0.5371498465538025,0.5828326344490051,-0.35975638031959534,0.9613432884216309,0.5647364854812622,0.5869963765144348,-0.10206710547208786,0.4296095073223114,0.540349543094635,0.5930629968643188,-0.40556108951568604,0.933475136756897,0.5593345761299133,0.5860771536827087,-0.13060013949871063,0.43417081236839294,0.5479110479354858,0.592591404914856,-0.4134458303451538,0.9308426976203918,0.5580931305885315,0.5804422497749329,-0.09072783589363098,0.4262109100818634,0.5478935241699219,0.5889135599136353,-0.361678808927536,0.9036712050437927,0.5573040246963501,0.5813777446746826,0.09883658587932587,0.9997336268424988,0.5123448967933655,0.5784503817558289,-0.09871146827936172,0.9997761249542236,0.5648442506790161,0.6416917443275452,0.0843253880739212,0.9235372543334961,0.48477962613105774,0.6442908644676208,-0.11974531412124634,0.9924448728561401,0.5470883250236511,0.6997123956680298,0.21196620166301727,0.9617863297462463,0.4131855368614197,0.6927697062492371,-0.004126682411879301,0.9918925166130066,0.5326249599456787,0.7055128216743469,0.21739263832569122,0.869137167930603,0.4002441167831421,0.6950247287750244,0.00016145275731105357,0.9056372046470642,0.5746803283691406,0.7188255190849304,0.11859691888093948,0.9607337117195129,0.42364415526390076,0.7206144332885742,-0.12452287971973419,0.9863151907920837
298,0.595673143863678,0.4651300013065338,-0.27785050868988037,0.9995806813240051,0.5918935537338257,0.4602697491645813,-0.25819331407546997,0.9990123510360718,0.5913247466087341,0.46013912558555603,-0.25824421644210815,0.9986910820007324,0.5906911492347717,0.46004846692085266,-0.25825002789497375,0.9988995790481567,0.5891165137290955,0.4603743851184845,-0.2859330475330353,0.9991428256034851,0.5873213410377502,0.46035492420196533,-0.2859923541545868,0.9991084337234497,0.5853089094161987,0.4603124260902405,-0.2860428988933563,0.9993187785148621,0.5800767540931702,0.4615277051925659,-0.14134806394577026,0.9960050582885742,0.5704496502876282,0.4616512060165405,-0.2634129822254181,0.9989901185035706,0.5920764207839966,0.47059378027915955,-0.230355903506279,0.9990752935409546,0.5876129865646362,0.47069793939590454,-0.26582467555999756,0.9992858171463013,0.5908640027046204,0.49441248178482056,-4.974150215275586e-06,0.999681293964386,0.5213149189949036,0.4907492399215698,-0.28729715943336487,0.9999123811721802,0.5887585878372192,0.5381645560264587,0.03891180083155632,0.41316860914230347,0.5114871859550476,0.5372073650360107,-0.32389920949935913,0.9871325492858887,0.5665664672851562,0.5759562253952026,-0.09486627578735352,0.5256323218345642,0.5353481769561768,0.5821838974952698,-0.3580930531024933,0.9629444479942322,0.5623459219932556,0.5895748138427734,-0.12372349202632904,0.459441214799881,0.5385021567344666,0.592637836933136,-0.40333041548728943,0.93593430519104,0.5575016736984253,0.5883147716522217,-0.15494611859321594,0.4640055298805237,0.5464439988136292,0.5920943021774292,-0.4141926169395447,0.9336066246032715,0.5561984777450562,0.5833514928817749,-0.11301735788583755,0.455285906791687,0.5466287136077881,0.5884301662445068,-0.3612905740737915,0.9076656103134155,0.5573840737342834,0.5787169337272644,0.09303367137908936,0.9997175335884094,0.5128689408302307,0.5761286616325378,-0.09291783720254898,0.9997594952583313,0.5667690634727478,0.6390665769577026,0.0668870136141777,0.9256128072738647,0.48536133766174316,0.6429166197776794,-0.12108990550041199,0.992409348487854,0.5485305190086365,0.6961954236030579,0.194316104054451,0.96089768409729,0.41532084345817566,0.6931200623512268,-0.018025830388069153,0.9917588233947754,0.5342224836349487,0.702034056186676,0.19991891086101532,0.863101601600647,0.4038434326648712,0.6953527927398682,-0.015018081292510033,0.8992537260055542,0.5741560459136963,0.7173566818237305,0.10054493695497513,0.9596955180168152,0.423423707485199,0.7197043299674988,-0.1425929218530655,0.9859488010406494
299,0.5946998596191406,0.4673387408256531,-0.35378605127334595,0.9995729327201843,0.5914279222488403,0.46172231435775757,-0.3340904116630554,0.9989924430847168,0.5912342667579651,0.46147453784942627,-0.33413806557655334,0.9986631274223328,0.5910167694091797,0.46128275990486145,-0.3341483175754547,0.9988808631896973,0.5876627564430237,0.46208709478378296,-0.3600904941558838,0.9991316795349121,0.5852397680282593,0.46208879351615906,-0.36015695333480835,0.9990951418876648,0.5806897878646851,0.4620051383972168,-0.3602060377597809,0.9993095397949219,0.5811949372291565,0.46269261837005615,-0.2078227698802948,0.995959460735321,0.565919816493988,0.4636384844779968,-0.32298198342323303,0.9989567399024963,0.5911723971366882,0.47285717725753784,-0.3023989200592041,0.9990750551223755,0.584957480430603,0.4737676680088043,-0.3358543813228607,0.9992861747741699,0.5917495489120483,0.49496087431907654,-0.05475560948252678,0.9996888637542725,0.521190881729126,0.4919297397136688,-0.3232811391353607,0.9999106526374817,0.5874922871589661,0.5412757992744446,0.0033761581871658564,0.4518391788005829,0.5136154890060425,0.5399315357208252,-0.3504815995693207,0.9873776435852051,0.5650562047958374,0.5784205198287964,-0.11408935487270355,0.5573171377182007,0.5376697778701782,0.584074079990387,-0.38512083888053894,0.9644491076469421,0.5603090524673462,0.5912397503852844,-0.14210893213748932,0.4905783534049988,0.5384048819541931,0.5945802927017212,-0.43095988035202026,0.938418984413147,0.5561445951461792,0.5887560248374939,-0.1760784536600113,0.4953589141368866,0.5463376045227051,0.5932822823524475,-0.44280722737312317,0.9364140033721924,0.5545675754547119,0.5853720903396606,-0.13245119154453278,0.4862840175628662,0.5465388894081116,0.5895225405693054,-0.3886214792728424,0.9117940664291382,0.5612114071846008,0.5786503553390503,0.08620154857635498,0.9997034072875977,0.5132882595062256,0.5755259990692139,-0.08609090745449066,0.999739944934845,0.5662513971328735,0.6409741640090942,0.07199802994728088,0.9287859201431274,0.4835931956768036,0.6433473229408264,-0.10033655166625977,0.9923170208930969,0.549151599407196,0.6992921233177185,0.21058614552021027,0.9603409171104431,0.41436031460762024,0.6923757791519165,0.014798233285546303,0.9914640188217163,0.536270797252655,0.7045801281929016,0.21785569190979004,0.8573070168495178,0.40188562870025635,0.6942684054374695,0.019223619252443314,0.8908959031105042,0.575799286365509,0.720287561416626,0.11641162633895874,0.9587790369987488,0.4217354655265808,0.7210243940353394,-0.10915235430002213,0.9853277802467346
300,0.5886834263801575,0.47037580609321594,-0.3047509789466858,0.9995672702789307,0.5889290571212769,0.46424657106399536,-0.28580859303474426,0.9989822506904602,0.5900086760520935,0.46402931213378906,-0.28586331009864807,0.9986523389816284,0.590413510799408,0.46380436420440674,-0.28585025668144226,0.9988669753074646,0.5846335291862488,0.46441343426704407,-0.30875587463378906,0.9991222620010376,0.5798816680908203,0.4643042981624603,-0.30879104137420654,0.9990833401679993,0.5772117376327515,0.4641435742378235,-0.30883145332336426,0.9992982149124146,0.5823087096214294,0.46436530351638794,-0.1633705496788025,0.9959376454353333,0.5626973509788513,0.46483632922172546,-0.2649078965187073,0.998932957649231,0.5869429707527161,0.4758251905441284,-0.2546877861022949,0.9990920424461365,0.5790526866912842,0.4762934446334839,-0.2841726839542389,0.9993027448654175,0.5940269827842712,0.49406954646110535,-0.022791055962443352,0.9997044205665588,0.5189006328582764,0.4921868145465851,-0.2684868276119232,0.9999136328697205,0.5914000868797302,0.5406035780906677,0.02186809852719307,0.49068760871887207,0.5108722448348999,0.5391229391098022,-0.29372867941856384,0.9879007339477539,0.5667962431907654,0.5777637958526611,-0.10599335283041,0.5896196961402893,0.5330453515052795,0.5833777189254761,-0.34429165720939636,0.9664023518562317,0.5604147911071777,0.5911123752593994,-0.13642607629299164,0.5228343605995178,0.5360900163650513,0.5929287672042847,-0.3906719386577606,0.9414408206939697,0.5552193522453308,0.5885274410247803,-0.16850262880325317,0.5277611017227173,0.544600784778595,0.5921746492385864,-0.40273740887641907,0.9397207498550415,0.5554342865943909,0.5848243236541748,-0.12344793975353241,0.5183224678039551,0.5452481508255005,0.5882517695426941,-0.3482765555381775,0.9165998101234436,0.5628411769866943,0.5806019902229309,0.08119560033082962,0.9996861219406128,0.5146118998527527,0.5758308172225952,-0.08107568323612213,0.9997240304946899,0.5646682977676392,0.6412203311920166,0.08933645486831665,0.9322577118873596,0.48515942692756653,0.6434160470962524,-0.09853063523769379,0.992310643196106,0.5486943125724792,0.698734700679779,0.23217760026454926,0.9605047702789307,0.41543498635292053,0.6922525763511658,0.010700327344238758,0.991384744644165,0.5373021364212036,0.7049072980880737,0.23951655626296997,0.8520240783691406,0.40375760197639465,0.6947676539421082,0.014200893230736256,0.8817681670188904,0.573011577129364,0.7190935611724854,0.13610908389091492,0.9587200284004211,0.42225128412246704,0.7217741012573242,-0.11886908859014511,0.9850988388061523
301,0.5901370644569397,0.46927011013031006,-0.30428776144981384,0.9995695948600769,0.5886743068695068,0.4633929431438446,-0.28523486852645874,0.998984694480896,0.5892845392227173,0.46317827701568604,-0.2852717638015747,0.9986559152603149,0.5893369913101196,0.4629880487918854,-0.28525400161743164,0.9988714456558228,0.5850210189819336,0.46360597014427185,-0.308062881231308,0.9991263747215271,0.5805256962776184,0.4634948968887329,-0.30810341238975525,0.9990860223770142,0.5780436992645264,0.4633939862251282,-0.3081434667110443,0.999300479888916,0.5804319977760315,0.4640200734138489,-0.1630447953939438,0.9959587454795837,0.5638455152511597,0.46454378962516785,-0.2639060318470001,0.998920738697052,0.587124228477478,0.47480538487434387,-0.25448060035705566,0.9991053938865662,0.5813210606575012,0.4751720726490021,-0.2838380038738251,0.9993135929107666,0.5935935378074646,0.49563348293304443,-0.023581044748425484,0.9997190237045288,0.5165993571281433,0.4921341836452484,-0.26281288266181946,0.9999161958694458,0.5895434021949768,0.5412742495536804,0.024340910837054253,0.5281769037246704,0.5111681818962097,0.5391060709953308,-0.28295376896858215,0.9883167147636414,0.5636076927185059,0.5777501463890076,-0.10122168064117432,0.6207121014595032,0.5318134427070618,0.5833642482757568,-0.3318491280078888,0.9682362675666809,0.5585992932319641,0.5898313522338867,-0.1319853961467743,0.554465651512146,0.533399760723114,0.5926653146743774,-0.37808728218078613,0.9443945288658142,0.553446888923645,0.5879119634628296,-0.16356372833251953,0.5593434572219849,0.5423292517662048,0.5919813513755798,-0.3911255896091461,0.942927896976471,0.5536912679672241,0.5834701657295227,-0.11846140772104263,0.5496443510055542,0.5425074100494385,0.5881549715995789,-0.33627891540527344,0.9212256669998169,0.5615092515945435,0.5797263979911804,0.0786321759223938,0.9996882677078247,0.5121874809265137,0.5763446688652039,-0.07853373885154724,0.9997202754020691,0.5644519925117493,0.6416162252426147,0.07510704547166824,0.9356516599655151,0.4874202609062195,0.6431529521942139,-0.08419930189847946,0.992179811000824,0.5479314923286438,0.699546754360199,0.20002628862857819,0.9612380862236023,0.41806212067604065,0.6917098164558411,0.023064270615577698,0.9912248849868774,0.5363178849220276,0.7063570618629456,0.20541785657405853,0.8489549160003662,0.4063992202281952,0.695426881313324,0.026356831192970276,0.8739340305328369,0.5741487145423889,0.7195513844490051,0.09810740500688553,0.959222137928009,0.4227539598941803,0.719041109085083,-0.10353335738182068,0.9848127365112305
302,0.5938109755516052,0.4698568880558014,-0.31959354877471924,0.9995516538619995,0.5915700793266296,0.46415919065475464,-0.3007148802280426,0.9989503622055054,0.5914954543113708,0.46389108896255493,-0.3007325530052185,0.9986107349395752,0.5913376808166504,0.4636314809322357,-0.300720751285553,0.9988374710083008,0.5877198576927185,0.46437281370162964,-0.3234841525554657,0.999096155166626,0.5854120850563049,0.46424543857574463,-0.32352474331855774,0.9990494251251221,0.5806857347488403,0.46411725878715515,-0.3235686123371124,0.9992721676826477,0.5819628834724426,0.4643175005912781,-0.17693984508514404,0.9958625435829163,0.5668273568153381,0.46481072902679443,-0.2774260342121124,0.9988608956336975,0.5900947451591492,0.47504255175590515,-0.2687602937221527,0.9990862607955933,0.5838102698326111,0.47545525431632996,-0.298019677400589,0.9992977380752563,0.5941141247749329,0.49366870522499084,-0.035105425864458084,0.9997307062149048,0.5184138417243958,0.49120232462882996,-0.26947078108787537,0.9999178647994995,0.5906933546066284,0.5408653616905212,0.01868722401559353,0.5610589981079102,0.5108083486557007,0.5380576252937317,-0.2850192189216614,0.9886277318000793,0.5650480389595032,0.5780448913574219,-0.095893494784832,0.6483084559440613,0.5280798077583313,0.5837392210960388,-0.3249243199825287,0.9697293043136597,0.5583438277244568,0.5899581909179688,-0.12461184710264206,0.5826727747917175,0.5294689536094666,0.5930494070053101,-0.3682889938354492,0.9467881321907043,0.5524294376373291,0.5878850221633911,-0.15682104229927063,0.5875289440155029,0.5385180711746216,0.5921331644058228,-0.3821104168891907,0.9455730319023132,0.5530567169189453,0.5837587714195251,-0.11290324479341507,0.5776631832122803,0.5394870638847351,0.5881847739219666,-0.32927948236465454,0.9250955581665039,0.5622172355651855,0.5786869525909424,0.07724069058895111,0.999685525894165,0.5130603909492493,0.5746619701385498,-0.07717818021774292,0.9997118711471558,0.5642033815383911,0.6404648423194885,0.06648282706737518,0.9378786683082581,0.4844276010990143,0.6425291299819946,-0.08874174952507019,0.9918487071990967,0.5478939414024353,0.6982198357582092,0.1896650195121765,0.9607179760932922,0.4147946536540985,0.6917833089828491,0.007302423007786274,0.9908174872398376,0.5377129316329956,0.7043105959892273,0.19519922137260437,0.8420878648757935,0.4024271070957184,0.6941730380058289,0.009530741721391678,0.8631464838981628,0.5730540752410889,0.7193736433982849,0.08942374587059021,0.9585654735565186,0.4202379584312439,0.7192052602767944,-0.12253737449645996,0.9841100573539734
303,0.5924695134162903,0.47264111042022705,-0.3274538218975067,0.9995317459106445,0.5910861492156982,0.4662393033504486,-0.30978307127952576,0.9989112019538879,0.5916182994842529,0.46582090854644775,-0.3098217248916626,0.9985608458518982,0.5920456647872925,0.4654015004634857,-0.3098060190677643,0.9987887144088745,0.5855622887611389,0.46684688329696655,-0.33325809240341187,0.9990589618682861,0.5824491381645203,0.4668622612953186,-0.3332981467247009,0.9990074038505554,0.578112781047821,0.466878205537796,-0.3333354592323303,0.9992353916168213,0.583219587802887,0.46544137597084045,-0.18704235553741455,0.9957400560379028,0.5625095963478088,0.46763336658477783,-0.29127633571624756,0.9988047480583191,0.5897380709648132,0.4779171347618103,-0.2764336168766022,0.9990773797035217,0.5816749334335327,0.4788813591003418,-0.3067012429237366,0.999297022819519,0.5938134789466858,0.49466902017593384,-0.04370427504181862,0.9997445344924927,0.5177916884422302,0.49285033345222473,-0.2846515476703644,0.9999201893806458,0.5915286540985107,0.5408158898353577,0.0024343905970454216,0.5906396508216858,0.5097686648368835,0.5382060408592224,-0.30475756525993347,0.9889392256736755,0.5609732270240784,0.5781922936439514,-0.11848371475934982,0.6721903681755066,0.5264808535575867,0.5832100510597229,-0.34170255064964294,0.970992386341095,0.5532586574554443,0.590847373008728,-0.14818663895130157,0.6062275767326355,0.5288516283035278,0.5932724475860596,-0.3847807049751282,0.9487005472183228,0.5493773221969604,0.5887276530265808,-0.1774776428937912,0.6110801696777344,0.536864697933197,0.5925145745277405,-0.39792031049728394,0.9477107524871826,0.5488303899765015,0.5845237374305725,-0.13443240523338318,0.6009379029273987,0.5373616814613342,0.5884004235267639,-0.3456084132194519,0.9282488822937012,0.5621034502983093,0.5794742107391357,0.07942179590463638,0.9996721744537354,0.5133510231971741,0.5750421285629272,-0.07933896034955978,0.9996957778930664,0.5613444447517395,0.6411835551261902,0.09198752045631409,0.9398815631866455,0.4846315085887909,0.6425710916519165,-0.10348252207040787,0.9916706085205078,0.547625720500946,0.6985626816749573,0.22697408497333527,0.9602841734886169,0.4142184257507324,0.6903964281082153,-0.002127389656379819,0.9905571937561035,0.5369392037391663,0.7045694589614868,0.23381094634532928,0.836816668510437,0.4013984501361847,0.6934201121330261,0.0008700467878952622,0.8550601005554199,0.5741986036300659,0.7193449139595032,0.13066790997982025,0.9579805731773376,0.42081859707832336,0.7183465361595154,-0.1319214403629303,0.9836542010307312
304,0.5901081562042236,0.4744666516780853,-0.3473565876483917,0.9994492530822754,0.5903751850128174,0.4677082598209381,-0.33035579323768616,0.9987414479255676,0.5909894108772278,0.4672454297542572,-0.33040550351142883,0.9983496069908142,0.5915298461914062,0.46678560972213745,-0.3304026126861572,0.9986077547073364,0.5849264860153198,0.4682597517967224,-0.3522953987121582,0.9988933801651001,0.5820366740226746,0.4681626260280609,-0.35233262181282043,0.9988268613815308,0.5789469480514526,0.46802183985710144,-0.35237228870391846,0.9990890026092529,0.5826861262321472,0.4665176570415497,-0.20552381873130798,0.9951825737953186,0.5620045065879822,0.46814483404159546,-0.30310800671577454,0.9985558390617371,0.5877107977867126,0.47918781638145447,-0.29507309198379517,0.998984694480896,0.5794569253921509,0.4799412190914154,-0.3233683407306671,0.9992314577102661,0.5960662961006165,0.4948193430900574,-0.06372743844985962,0.9997554421424866,0.5162597298622131,0.49272555112838745,-0.28188326954841614,0.9999200105667114,0.5911905169487,0.5417326092720032,-0.01782134547829628,0.6196548342704773,0.5097782611846924,0.5394845604896545,-0.29084911942481995,0.9888343811035156,0.5591068267822266,0.5807592868804932,-0.14367148280143738,0.6952567100524902,0.5253594517707825,0.5836390852928162,-0.33382707834243774,0.9715978503227234,0.5514393448829651,0.5917323231697083,-0.17737647891044617,0.62916100025177,0.5278022885322571,0.5942865014076233,-0.3771376609802246,0.9495773315429688,0.5452612638473511,0.5894492864608765,-0.20645461976528168,0.6340301036834717,0.5327969789505005,0.5923162698745728,-0.3947041630744934,0.9489001631736755,0.5459354519844055,0.5854837894439697,-0.15955808758735657,0.6233559846878052,0.5334938168525696,0.5881984829902649,-0.3397327959537506,0.9301684498786926,0.5653968453407288,0.5809297561645508,0.07261062413454056,0.9996514916419983,0.514299213886261,0.5759536027908325,-0.07256023585796356,0.9996728897094727,0.562580943107605,0.6399675607681274,0.09743762761354446,0.9418162107467651,0.48699629306793213,0.642570436000824,-0.08672050386667252,0.9913346171379089,0.5474702715873718,0.6991594433784485,0.24840772151947021,0.9598596692085266,0.4155062735080719,0.6920623779296875,0.027642305940389633,0.9902275800704956,0.537445604801178,0.705562174320221,0.2565418779850006,0.830498218536377,0.401888906955719,0.6950992345809937,0.03161955624818802,0.8456369638442993,0.5751116275787354,0.7208163142204285,0.14867226779460907,0.9575814604759216,0.4221934676170349,0.7196998596191406,-0.10490403324365616,0.9831573367118835
305,0.5942845940589905,0.4730757176876068,-0.2984454035758972,0.9994617104530334,0.5943351984024048,0.466646283864975,-0.2795366644859314,0.9987695217132568,0.5949636101722717,0.4662354290485382,-0.27955853939056396,0.9983876943588257,0.5954371690750122,0.4658013582229614,-0.2795257270336151,0.9986366629600525,0.5890458822250366,0.4671696722507477,-0.3031182289123535,0.9989202618598938,0.5856329202651978,0.4671371877193451,-0.3031700849533081,0.9988555312156677,0.5820991396903992,0.46701493859291077,-0.303205281496048,0.9991110563278198,0.5852329730987549,0.4658142328262329,-0.1533356010913849,0.9952778220176697,0.5649051070213318,0.4674185812473297,-0.2589081823825836,0.9985789060592651,0.5915442705154419,0.47877106070518494,-0.24661122262477875,0.9990093111991882,0.5835865139961243,0.4795689880847931,-0.2773313522338867,0.9992550611495972,0.5969886779785156,0.49760690331459045,-0.018387332558631897,0.9997706413269043,0.5150447487831116,0.4933387339115143,-0.2469826340675354,0.999923586845398,0.5925849676132202,0.5445321202278137,0.027039891108870506,0.6450743675231934,0.507582426071167,0.5398306250572205,-0.25603345036506653,0.9887955188751221,0.5576843619346619,0.5822674632072449,-0.10501323640346527,0.7159844040870667,0.5204182267189026,0.5852406620979309,-0.2988280653953552,0.9722127914428711,0.5504913330078125,0.5929248332977295,-0.13754266500473022,0.6504277586936951,0.5204092860221863,0.5971037745475769,-0.34108975529670715,0.950650155544281,0.5437028408050537,0.5909020900726318,-0.16490523517131805,0.6551823616027832,0.5249868035316467,0.5956541895866394,-0.35931020975112915,0.9502280950546265,0.5441588163375854,0.5872983336448669,-0.1205224096775055,0.6443041563034058,0.5265741348266602,0.5911064743995667,-0.3049775958061218,0.9323558807373047,0.5634562969207764,0.5815053582191467,0.07702846825122833,0.9996611475944519,0.5123664736747742,0.5777965188026428,-0.07696393132209778,0.9996774792671204,0.5625773668289185,0.6399924159049988,0.09147974848747253,0.944246232509613,0.48744291067123413,0.6438344717025757,-0.08353941887617111,0.9911208748817444,0.5467661023139954,0.6979740262031555,0.2250831574201584,0.960659921169281,0.41883713006973267,0.6910993456840515,0.028613682836294174,0.990179181098938,0.536434531211853,0.7042858004570007,0.23148901760578156,0.8301572799682617,0.406215101480484,0.6937761306762695,0.032558176666498184,0.8421019315719604,0.5736438035964966,0.7204151153564453,0.12561273574829102,0.958420991897583,0.4219578206539154,0.7188728451728821,-0.09747828543186188,0.9831708669662476
306,0.5828719139099121,0.48088338971138,-0.43779802322387695,0.9993801712989807,0.5875148773193359,0.47254469990730286,-0.42416664958000183,0.9986162781715393,0.5889267325401306,0.47201842069625854,-0.42419007420539856,0.9982013702392578,0.5902235507965088,0.4713922441005707,-0.42419344186782837,0.9984954595565796,0.5805386304855347,0.47273197770118713,-0.43995848298072815,0.9987702369689941,0.5758607387542725,0.4724109470844269,-0.43999674916267395,0.9986880421638489,0.5723254084587097,0.4717530906200409,-0.44001761078834534,0.9989794492721558,0.5831087827682495,0.4696412980556488,-0.2971348762512207,0.994918942451477,0.5576633214950562,0.46985241770744324,-0.3674187660217285,0.9983190894126892,0.5834540128707886,0.48399075865745544,-0.38341155648231506,0.998912513256073,0.5739587545394897,0.4839004874229431,-0.4039373993873596,0.9991680383682251,0.598389208316803,0.4967633783817291,-0.14768800139427185,0.9997804164886475,0.5109564065933228,0.4927597939968109,-0.3020232617855072,0.999921977519989,0.5947185754776001,0.5444100499153137,-0.09095542877912521,0.6741647720336914,0.5036130547523499,0.5401667356491089,-0.28489288687705994,0.9883148074150085,0.5603447556495667,0.5787948369979858,-0.1963922530412674,0.7379752397537231,0.5165112614631653,0.582993745803833,-0.32870638370513916,0.9720947742462158,0.5529022216796875,0.5900390148162842,-0.22909300029277802,0.674078106880188,0.517450749874115,0.5952402949333191,-0.3663097620010376,0.950498640537262,0.5453057289123535,0.5882484912872314,-0.2577615976333618,0.678676187992096,0.5227130055427551,0.5940133333206177,-0.3888610899448395,0.9504253268241882,0.5459458827972412,0.5846897959709167,-0.21044285595417023,0.6674565672874451,0.5247176885604858,0.5897786617279053,-0.3362407088279724,0.933041512966156,0.5644301176071167,0.5772178769111633,0.052452750504016876,0.999640166759491,0.511788547039032,0.573230504989624,-0.05244872346520424,0.9996413588523865,0.5628764033317566,0.6402771472930908,0.03405402973294258,0.9466464519500732,0.4873238503932953,0.6423970460891724,-0.0689842626452446,0.9904841780662537,0.5460043549537659,0.6984042525291443,0.16234156489372253,0.9611193537712097,0.41678303480148315,0.6916584372520447,0.03878824785351753,0.9896470904350281,0.5335912108421326,0.7051156759262085,0.1681567281484604,0.827159583568573,0.40531668066978455,0.6948614120483398,0.041929617524147034,0.8328192234039307,0.5700911283493042,0.7197644114494324,0.04768407344818115,0.9588441848754883,0.42335134744644165,0.7197867631912231,-0.09866031259298325,0.9824146032333374
307,0.5890584588050842,0.4746726453304291,-0.36181339621543884,0.9993600845336914,0.5899342894554138,0.4675060510635376,-0.345704048871994,0.9985746741294861,0.5909239053726196,0.46694934368133545,-0.3457442820072174,0.9981551766395569,0.591791033744812,0.46636027097702026,-0.34573566913604736,0.9984574317932129,0.5839889645576477,0.46791744232177734,-0.363064706325531,0.9987282752990723,0.5808143019676208,0.46779268980026245,-0.3630984127521515,0.9986421465873718,0.5772939324378967,0.46757224202156067,-0.3631337881088257,0.9989422559738159,0.5833982825279236,0.4659261703491211,-0.22207266092300415,0.9948157668113708,0.5616846680641174,0.467459112405777,-0.2996473014354706,0.9982334971427917,0.5874357223510742,0.47961434721946716,-0.3102891147136688,0.9988763928413391,0.5793353915214539,0.4799691438674927,-0.3328806161880493,0.9991347789764404,0.600607693195343,0.49703359603881836,-0.0921507328748703,0.9997859597206116,0.5142589807510376,0.4927974045276642,-0.258207231760025,0.9999209046363831,0.5919269919395447,0.5436397790908813,-0.04267992079257965,0.6999059319496155,0.5032444000244141,0.538722038269043,-0.2521404027938843,0.9882732629776001,0.5627744793891907,0.5808429718017578,-0.15089985728263855,0.7578662037849426,0.5133403539657593,0.5839300751686096,-0.29873257875442505,0.972854733467102,0.5552061796188354,0.5911557078361511,-0.18305358290672302,0.6952621936798096,0.5139538049697876,0.5953307747840881,-0.3378865122795105,0.9516098499298096,0.5461662411689758,0.5892934799194336,-0.21251820027828217,0.6998471617698669,0.5200821161270142,0.5943124890327454,-0.3583769202232361,0.9517790675163269,0.5460731387138367,0.585974395275116,-0.1661366969347,0.6887617707252502,0.5218741297721863,0.5900377035140991,-0.3060842752456665,0.9352326393127441,0.565172016620636,0.5801770687103271,0.05558525025844574,0.9996183514595032,0.5132501721382141,0.5748952031135559,-0.055563341826200485,0.9996139407157898,0.5614426732063293,0.642121434211731,0.058613769710063934,0.9489936232566833,0.4882791042327881,0.6434194445610046,-0.05243893712759018,0.9901849627494812,0.5461965799331665,0.6967505216598511,0.19823454320430756,0.9613369107246399,0.41892004013061523,0.6918688416481018,0.06250767409801483,0.9892469644546509,0.5353060960769653,0.70350182056427,0.20570886135101318,0.8213876485824585,0.4066396951675415,0.694985032081604,0.06665416806936264,0.8232675790786743,0.5689092874526978,0.7198857069015503,0.09431004524230957,0.9588977694511414,0.4246251881122589,0.7193081974983215,-0.0676053985953331,0.9817425608634949
308,0.5824192762374878,0.4766918122768402,-0.36474019289016724,0.9993600845336914,0.583718478679657,0.4693300127983093,-0.35104900598526,0.9985741376876831,0.5845884084701538,0.4689711928367615,-0.35108765959739685,0.9981629848480225,0.5859127044677734,0.4685927927494049,-0.3510929346084595,0.9984647035598755,0.5769831538200378,0.4690781831741333,-0.3637365698814392,0.9987134337425232,0.5745168924331665,0.4687868356704712,-0.36375999450683594,0.9986196160316467,0.5714498162269592,0.46845492720603943,-0.36378052830696106,0.9989187717437744,0.5791062712669373,0.4679752588272095,-0.2329011857509613,0.9949256777763367,0.557486355304718,0.4681534171104431,-0.2893924117088318,0.9981796145439148,0.5812632441520691,0.48063522577285767,-0.3148750364780426,0.9988906383514404,0.5719345211982727,0.48058080673217773,-0.33137479424476624,0.9991304278373718,0.5983766317367554,0.498259961605072,-0.10733553767204285,0.9997961521148682,0.5132065415382385,0.4924115836620331,-0.23184911906719208,0.9999204874038696,0.5959547758102417,0.5433173775672913,-0.05799397826194763,0.7252157330513,0.5005325675010681,0.5362384915351868,-0.21600762009620667,0.9880337119102478,0.5696550607681274,0.5784875750541687,-0.15985894203186035,0.7771105170249939,0.5094768404960632,0.5802303552627563,-0.27410635352134705,0.973359227180481,0.5639097690582275,0.5892323851585388,-0.19119273126125336,0.716431200504303,0.5096524953842163,0.5920732021331787,-0.312044620513916,0.9522964358329773,0.5553443431854248,0.5865523815155029,-0.22146308422088623,0.7209506034851074,0.5168525576591492,0.5916537642478943,-0.33395203948020935,0.9526805877685547,0.5550368428230286,0.5838238596916199,-0.17439725995063782,0.7098888158798218,0.5184164047241211,0.5877863168716431,-0.28228920698165894,0.9367570877075195,0.5635592937469482,0.5784137845039368,0.04009363800287247,0.999613881111145,0.5123847723007202,0.5734707713127136,-0.040096309036016464,0.999599277973175,0.5620425939559937,0.6379889249801636,0.022661026567220688,0.9521887898445129,0.4839418828487396,0.641787588596344,-0.05863744765520096,0.9901720881462097,0.5462896227836609,0.6964757442474365,0.14504440128803253,0.9631050825119019,0.41894569993019104,0.6917676329612732,0.0497305653989315,0.9892631769180298,0.5355536937713623,0.7033873200416565,0.15008334815502167,0.8212659955024719,0.4080964922904968,0.6954050660133362,0.05256882309913635,0.8201852440834045,0.5684826374053955,0.7193560004234314,0.026082707569003105,0.9603639245033264,0.42343100905418396,0.7179669141769409,-0.08822251856327057,0.9816797375679016
309,0.5791206359863281,0.4791727662086487,-0.3475697338581085,0.9993031620979309,0.581079363822937,0.4722253680229187,-0.3342207968235016,0.9984511137008667,0.582423746585846,0.47173336148262024,-0.3342696726322174,0.9980134963989258,0.5839792490005493,0.4711323082447052,-0.3342789113521576,0.9983459711074829,0.5744277834892273,0.4722014367580414,-0.34928321838378906,0.9985792636871338,0.5716485381126404,0.47172659635543823,-0.3492959141731262,0.9984675049781799,0.5683417320251465,0.4712068438529968,-0.3493204712867737,0.998797595500946,0.5784875154495239,0.46879178285598755,-0.21759073436260223,0.9946300387382507,0.5554066300392151,0.46911776065826416,-0.2841448485851288,0.9979663491249084,0.5791572332382202,0.48285773396492004,-0.2978428304195404,0.9988273978233337,0.570033848285675,0.48222553730010986,-0.3172140121459961,0.99905925989151,0.5981042981147766,0.49558213353157043,-0.08822842687368393,0.99980229139328,0.5109934210777283,0.49241214990615845,-0.23954518139362335,0.9999178647994995,0.5987412333488464,0.5399671792984009,-0.04013170674443245,0.7472296357154846,0.5003180503845215,0.5355659127235413,-0.2289787381887436,0.987754762172699,0.5763795375823975,0.5770922899246216,-0.15087899565696716,0.7941440343856812,0.5046570897102356,0.5800052285194397,-0.28407442569732666,0.973731279373169,0.5740154981613159,0.5876099467277527,-0.1824014037847519,0.7347643375396729,0.5034641623497009,0.5914055109024048,-0.32205498218536377,0.9527645707130432,0.565416157245636,0.5852410793304443,-0.2142575979232788,0.7393849492073059,0.511176347732544,0.5914291739463806,-0.3449915945529938,0.9534044861793518,0.5643105506896973,0.5820068717002869,-0.16691701114177704,0.7284218668937683,0.5138725638389587,0.5874214172363281,-0.2928011417388916,0.9380179643630981,0.5632247924804688,0.579116940498352,0.049502816051244736,0.9995844960212708,0.512712299823761,0.5742504596710205,-0.04951257258653641,0.9995629787445068,0.562491774559021,0.6388843655586243,0.04734135419130325,0.9548271298408508,0.4854159355163574,0.6425702571868896,-0.05025828257203102,0.9901800155639648,0.5467343330383301,0.6971045136451721,0.18433025479316711,0.9645236134529114,0.41805198788642883,0.6908880472183228,0.06565279513597488,0.9893364906311035,0.5339016914367676,0.7037056088447571,0.190764382481575,0.8213559985160828,0.4075682759284973,0.694057822227478,0.06911885738372803,0.8160551190376282,0.571813702583313,0.719639241695404,0.07230844348669052,0.9616321325302124,0.42446985840797424,0.7181766033172607,-0.06991272419691086,0.9817091822624207
310,0.5865347385406494,0.4760424494743347,-0.3074111044406891,0.9993169903755188,0.587119996547699,0.469730943441391,-0.29195743799209595,0.9984791278839111,0.5879838466644287,0.46935948729515076,-0.29199114441871643,0.9980519413948059,0.5888124704360962,0.46894600987434387,-0.29199522733688354,0.99837726354599,0.5816910266876221,0.46983882784843445,-0.3089824318885803,0.9985971450805664,0.5788154602050781,0.469574898481369,-0.30902156233787537,0.9984819889068604,0.5756502151489258,0.4692258834838867,-0.3090570271015167,0.9988077878952026,0.5815277099609375,0.46812623739242554,-0.17348910868167877,0.994739294052124,0.5606087446212769,0.46854716539382935,-0.2490297108888626,0.9979768395423889,0.5844353437423706,0.4810914993286133,-0.2577683925628662,0.9988424777984619,0.5770301222801208,0.4809575080871582,-0.27976953983306885,0.9990639686584473,0.5991279482841492,0.49807021021842957,-0.049040425568819046,0.9998106360435486,0.5122220516204834,0.49241453409194946,-0.21564981341362,0.9999184608459473,0.599529504776001,0.5407536029815674,0.001162857050076127,0.7651561498641968,0.49603700637817383,0.5337303876876831,-0.20725177228450775,0.9875871539115906,0.5775152444839478,0.5780004262924194,-0.11111948639154434,0.8084369897842407,0.49893712997436523,0.5768488645553589,-0.25767531991004944,0.974172055721283,0.5753012895584106,0.5882696509361267,-0.14112205803394318,0.7502219080924988,0.4969487488269806,0.587970495223999,-0.29536154866218567,0.9534620046615601,0.5666337013244629,0.5864779353141785,-0.1737898737192154,0.7549781203269958,0.5058720707893372,0.5883581638336182,-0.3177277445793152,0.9542935490608215,0.5654135942459106,0.5834702849388123,-0.12784279882907867,0.7442123889923096,0.5083807110786438,0.5857888460159302,-0.26619765162467957,0.9394651055335999,0.563082754611969,0.5822007656097412,0.05372077599167824,0.999589204788208,0.5122327208518982,0.5771542191505432,-0.05372076854109764,0.9995629191398621,0.5609879493713379,0.6426302790641785,0.07023022323846817,0.9570980668067932,0.481224000453949,0.6442417502403259,-0.03768961876630783,0.990179181098938,0.5465827584266663,0.6981008648872375,0.21198707818984985,0.9658859968185425,0.4209837317466736,0.6910046339035034,0.08876870572566986,0.989384651184082,0.5358884930610657,0.704919159412384,0.2189040631055832,0.8222686052322388,0.40974822640419006,0.6946499347686768,0.09339430183172226,0.8139778971672058,0.5686178803443909,0.7198390960693359,0.10200565308332443,0.9628652930259705,0.42606255412101746,0.7186476588249207,-0.042820971459150314,0.9818078875541687
311,0.5810890197753906,0.477651447057724,-0.33227023482322693,0.9992958903312683,0.5838339328765869,0.4710538983345032,-0.31698864698410034,0.9984377026557922,0.5854598879814148,0.47063639760017395,-0.3170250654220581,0.9979890584945679,0.5871748328208923,0.47013726830482483,-0.31702935695648193,0.9983306527137756,0.5774019956588745,0.47107353806495667,-0.3349366784095764,0.9985588788986206,0.5740697383880615,0.47068384289741516,-0.3349663019180298,0.9984355568885803,0.5706039667129517,0.47019198536872864,-0.33500537276268005,0.998775064945221,0.5835260152816772,0.46888861060142517,-0.19494201242923737,0.9946141242980957,0.5572694540023804,0.46869686245918274,-0.2747184932231903,0.9979117512702942,0.5809789299964905,0.4820224642753601,-0.28075164556503296,0.998797595500946,0.5731563568115234,0.4816261827945709,-0.3039854168891907,0.9990332722663879,0.5974836945533752,0.49520960450172424,-0.06076540797948837,0.9998146891593933,0.5106298923492432,0.49102506041526794,-0.23778903484344482,0.9999178647994995,0.5993464589118958,0.5395524501800537,0.00023141928249970078,0.781170666217804,0.4924432933330536,0.5319632291793823,-0.2243381291627884,0.9874666929244995,0.5803653597831726,0.5764230489730835,-0.11061064898967743,0.8211809396743774,0.49439170956611633,0.5777446627616882,-0.2675456404685974,0.9743384718894958,0.5778554677963257,0.5879915356636047,-0.14055968821048737,0.7635976672172546,0.49116912484169006,0.588384211063385,-0.3031204640865326,0.9535671472549438,0.5700435638427734,0.5859278440475464,-0.17374777793884277,0.7685470581054688,0.5005651116371155,0.5887290835380554,-0.32687050104141235,0.9546336531639099,0.5685324668884277,0.5829501748085022,-0.12754900753498077,0.7579329609870911,0.5035907626152039,0.5855411291122437,-0.27603867650032043,0.9402150511741638,0.5634440779685974,0.5805919766426086,0.05954558774828911,0.9995823502540588,0.5127342343330383,0.577475905418396,-0.059540923684835434,0.9995542168617249,0.5640838742256165,0.6405036449432373,0.07510923594236374,0.9587916731834412,0.4860014319419861,0.644158124923706,-0.03999697417020798,0.990060567855835,0.5464774966239929,0.6974652409553528,0.22528932988643646,0.9666350483894348,0.42054682970046997,0.6906712055206299,0.08107192069292068,0.9893675446510315,0.53456711769104,0.7041814923286438,0.23334552347660065,0.8224486112594604,0.4095326066017151,0.6934159994125366,0.08543681353330612,0.8101950287818909,0.570599377155304,0.7195327281951904,0.12358003109693527,0.9635947942733765,0.42867252230644226,0.7172399759292603,-0.048680271953344345,0.9818064570426941
312,0.5733314752578735,0.4761398136615753,-0.3498273491859436,0.9992928504943848,0.5767347812652588,0.46995848417282104,-0.3361838161945343,0.9984277486801147,0.5786187648773193,0.46971485018730164,-0.3362351655960083,0.99797523021698,0.5807313323020935,0.46940791606903076,-0.3362543284893036,0.9983221888542175,0.5690613985061646,0.46953967213630676,-0.34782674908638,0.9985435009002686,0.5660384297370911,0.4690045714378357,-0.3478603959083557,0.9984142184257507,0.5626084208488464,0.468465656042099,-0.3478968143463135,0.998758852481842,0.5781636834144592,0.4684678018093109,-0.2191838175058365,0.9946247339248657,0.5529532432556152,0.4670107960700989,-0.27044227719306946,0.997855007648468,0.5738789439201355,0.48047488927841187,-0.3005825877189636,0.9987888932228088,0.5646861791610718,0.4792846143245697,-0.3155077397823334,0.9990270733833313,0.598300576210022,0.4971652328968048,-0.09329099208116531,0.9998217225074768,0.5089111328125,0.49043649435043335,-0.2154807597398758,0.9999185800552368,0.6021973490715027,0.5413106083869934,-0.03666963055729866,0.798313558101654,0.4861598312854767,0.5322090983390808,-0.18665385246276855,0.9869412779808044,0.5833243727684021,0.5770863890647888,-0.14437057077884674,0.8340897560119629,0.4899159073829651,0.5759732127189636,-0.24335867166519165,0.9739152789115906,0.5797458291053772,0.5888053774833679,-0.17693184316158295,0.7776371240615845,0.48713865876197815,0.5882354378700256,-0.2772495746612549,0.9525865316390991,0.5719814300537109,0.5869001746177673,-0.20948420464992523,0.7826168537139893,0.4949367344379425,0.5880069136619568,-0.30409255623817444,0.9539259076118469,0.5708377957344055,0.583849310874939,-0.1603820025920868,0.7719163298606873,0.4994388818740845,0.5840674042701721,-0.25342434644699097,0.9395585060119629,0.5645594000816345,0.5813478231430054,0.043163493275642395,0.9995866417884827,0.5133742690086365,0.5786038637161255,-0.04316592589020729,0.9995594620704651,0.5633963942527771,0.642475426197052,0.06953493505716324,0.9606603980064392,0.4910963177680969,0.6446071863174438,-0.02354564517736435,0.9900524020195007,0.5466992855072021,0.696653425693512,0.2460254579782486,0.9676224589347839,0.4235038757324219,0.690034806728363,0.11991488188505173,0.9893274903297424,0.5370327234268188,0.7029792666435242,0.2563323378562927,0.8228734731674194,0.4113560914993286,0.6923990249633789,0.12635748088359833,0.8075961470603943,0.56922447681427,0.7199624180793762,0.14222413301467896,0.9644781947135925,0.4282436668872833,0.7184540033340454,-0.008841967210173607,0.9818367958068848
313,0.5754662752151489,0.4795199930667877,-0.38877254724502563,0.9993039965629578,0.5792340040206909,0.47326409816741943,-0.37563595175743103,0.9984500408172607,0.5813252329826355,0.47288674116134644,-0.3756914436817169,0.9980068802833557,0.5833439230918884,0.4723840653896332,-0.37571626901626587,0.9983494877815247,0.571549117565155,0.47282058000564575,-0.3874823749065399,0.9985572099685669,0.5677452087402344,0.4721499979496002,-0.3875340223312378,0.9984259009361267,0.5641710162162781,0.4713927209377289,-0.3875701129436493,0.998767614364624,0.5810054540634155,0.47038841247558594,-0.25668197870254517,0.9947235584259033,0.5538436770439148,0.46885383129119873,-0.3089210093021393,0.9978446960449219,0.5767672061920166,0.4833769202232361,-0.3384494483470917,0.9988003373146057,0.5678538084030151,0.48253726959228516,-0.3536599278450012,0.9990341067314148,0.5999053120613098,0.49766305088996887,-0.1255582869052887,0.9998295903205872,0.5091363787651062,0.49234169721603394,-0.2457154095172882,0.999919593334198,0.6030545234680176,0.5430145859718323,-0.06786294281482697,0.8141945600509644,0.4847507178783417,0.5359455943107605,-0.21419177949428558,0.9862714409828186,0.5846893787384033,0.5802604556083679,-0.16963638365268707,0.8458746075630188,0.48596101999282837,0.5771023631095886,-0.26338115334510803,0.9732441306114197,0.5814756155014038,0.5910364389419556,-0.20098766684532166,0.790479302406311,0.4846045672893524,0.5883921980857849,-0.29596126079559326,0.9512737393379211,0.5739311575889587,0.5895711779594421,-0.2331332415342331,0.7954418659210205,0.49453046917915344,0.5881963968276978,-0.32347485423088074,0.952912449836731,0.5727691054344177,0.5866343379020691,-0.18535800278186798,0.784697949886322,0.4974850118160248,0.5848758816719055,-0.27365660667419434,0.9385736584663391,0.5639824271202087,0.5820338129997253,0.04247184470295906,0.999584436416626,0.5123654007911682,0.5789896845817566,-0.04246819391846657,0.9995560646057129,0.5613965392112732,0.6443235874176025,0.07726513594388962,0.9622167944908142,0.48750242590904236,0.6443619132041931,-0.01677568443119526,0.9900059103965759,0.5483013391494751,0.6967099905014038,0.2610839307308197,0.9683920741081238,0.4249260425567627,0.6900292634963989,0.13569632172584534,0.9892485737800598,0.5392240285873413,0.7026573419570923,0.27216434478759766,0.822820246219635,0.41434600949287415,0.6930428743362427,0.14305119216442108,0.8054896593093872,0.5703288912773132,0.7199455499649048,0.15553021430969238,0.9651586413383484,0.42778661847114563,0.7184209823608398,0.005370014812797308,0.9818188548088074
314,0.569533109664917,0.4781514108181,-0.409633994102478,0.9993127584457397,0.5743041038513184,0.4723256826400757,-0.39739441871643066,0.9984649419784546,0.5768463611602783,0.47218403220176697,-0.39745303988456726,0.9980314373970032,0.579693615436554,0.4719052016735077,-0.39748695492744446,0.9983727335929871,0.566148579120636,0.470430850982666,-0.40482211112976074,0.9985592365264893,0.5631548166275024,0.4698047339916229,-0.40485990047454834,0.9984230399131775,0.5589724779129028,0.4690013825893402,-0.40488728880882263,0.9987630248069763,0.5802427530288696,0.4693931043148041,-0.27919694781303406,0.9948275685310364,0.5531383752822876,0.46733176708221436,-0.31159472465515137,0.9978010058403015,0.5720567107200623,0.4810953140258789,-0.3597431182861328,0.998813807964325,0.5617425441741943,0.4796033799648285,-0.3692181706428528,0.9990372657775879,0.599669337272644,0.4973490834236145,-0.14981867372989655,0.9998364448547363,0.5068482160568237,0.49070656299591064,-0.23170115053653717,0.9999199509620667,0.5995833873748779,0.5415199995040894,-0.09204986691474915,0.8296435475349426,0.47942036390304565,0.5332443118095398,-0.18891313672065735,0.9856306910514832,0.5884677767753601,0.5785466432571411,-0.19249677658081055,0.857511579990387,0.4827522039413452,0.5753749012947083,-0.25088968873023987,0.9728244543075562,0.5844227075576782,0.5912031531333923,-0.22481513023376465,0.8039006590843201,0.48050960898399353,0.5882417559623718,-0.28240641951560974,0.950255811214447,0.5777826309204102,0.5896997451782227,-0.25956812500953674,0.8088275194168091,0.4891253411769867,0.588081955909729,-0.3117459714412689,0.952130138874054,0.5762367844581604,0.5869073867797852,-0.20872287452220917,0.7981112003326416,0.4922043979167938,0.5849378108978271,-0.2620135247707367,0.9377304315567017,0.5625751614570618,0.5804500579833984,0.028695696964859962,0.9995770454406738,0.509762167930603,0.5780960321426392,-0.02871508151292801,0.9995457530021667,0.5597895383834839,0.6420686841011047,0.03848264366388321,0.9642003178596497,0.48750388622283936,0.6423594355583191,-0.008734064176678658,0.9900615811347961,0.5457894206047058,0.6968592405319214,0.21893063187599182,0.9695806503295898,0.4267182946205139,0.6899588108062744,0.14364591240882874,0.9891635179519653,0.5363569259643555,0.7028077244758606,0.22946138679981232,0.8232587575912476,0.41843661665916443,0.6930612921714783,0.15059435367584229,0.8036196827888489,0.568164050579071,0.7184526324272156,0.1063743531703949,0.966090977191925,0.42941993474960327,0.7186286449432373,0.010509341023862362,0.9816831350326538
315,0.571078896522522,0.475870281457901,-0.3763505816459656,0.9993289113044739,0.5751760601997375,0.46990087628364563,-0.3607542812824249,0.9984994530677795,0.5778655409812927,0.46957385540008545,-0.36080923676490784,0.9980789422988892,0.5805633664131165,0.4691452383995056,-0.3608339726924896,0.9984068274497986,0.5661913156509399,0.46972566843032837,-0.3714238107204437,0.9985864758491516,0.5626731514930725,0.46928587555885315,-0.37145498394966125,0.9984509944915771,0.5589087009429932,0.46875545382499695,-0.3714826703071594,0.9987801909446716,0.5805408954620361,0.46848008036613464,-0.2363486886024475,0.9949586391448975,0.5506975650787354,0.4677594006061554,-0.2833150029182434,0.9978182315826416,0.5735787153244019,0.48057451844215393,-0.32502496242523193,0.9988285899162292,0.5632166266441345,0.4798058271408081,-0.3386959433555603,0.999059796333313,0.5979325771331787,0.49739423394203186,-0.10450976341962814,0.9998388290405273,0.506012499332428,0.4917040169239044,-0.220475435256958,0.9999180436134338,0.5987924933433533,0.5407406687736511,-0.043206654489040375,0.8419923782348633,0.477683961391449,0.5354715585708618,-0.18172450363636017,0.9852412343025208,0.5945525765419006,0.5786599516868591,-0.15172068774700165,0.866507351398468,0.4789030849933624,0.5777860879898071,-0.23608238995075226,0.9719768166542053,0.5926224589347839,0.5907966494560242,-0.18186910450458527,0.8138682842254639,0.4758177697658539,0.5889320373535156,-0.2664426863193512,0.9486039876937866,0.5869299173355103,0.5896536111831665,-0.21783261001110077,0.8188931941986084,0.4821520149707794,0.5892012715339661,-0.29672127962112427,0.9507716298103333,0.5859640836715698,0.5865033268928528,-0.16897086799144745,0.8081165552139282,0.4862460196018219,0.5854396224021912,-0.24738110601902008,0.9363361597061157,0.5609647631645203,0.5835931301116943,0.04327047988772392,0.9995568990707397,0.5093199610710144,0.5808171629905701,-0.04320548102259636,0.9995313882827759,0.5619104504585266,0.6434678435325623,0.05908400937914848,0.9654994010925293,0.4871825575828552,0.6430648565292358,-0.061629194766283035,0.9902637004852295,0.5453580617904663,0.6972584128379822,0.24728898704051971,0.9701330065727234,0.4248626232147217,0.69239741563797,0.07192603498697281,0.9893349409103394,0.5347774028778076,0.7038754224777222,0.25873836874961853,0.8228923678398132,0.4139019250869751,0.6952123641967773,0.07720120996236801,0.803727924823761,0.5702720880508423,0.7192620038986206,0.14520877599716187,0.9663704633712769,0.42979976534843445,0.7222561240196228,-0.06541219353675842,0.9819051027297974
316,0.5641312003135681,0.47798392176628113,-0.41557860374450684,0.9992894530296326,0.5701302886009216,0.47139644622802734,-0.4023885428905487,0.9984282851219177,0.5731932520866394,0.47126948833465576,-0.4024426341056824,0.9979942440986633,0.5762254595756531,0.47099167108535767,-0.4024938941001892,0.9983384013175964,0.5606839656829834,0.47055214643478394,-0.4093219041824341,0.9985079169273376,0.5568405985832214,0.4698944687843323,-0.40935686230659485,0.9983590841293335,0.5535560846328735,0.46923768520355225,-0.4093869924545288,0.9987040162086487,0.5788019299507141,0.46994391083717346,-0.27959054708480835,0.9948586821556091,0.5470705032348633,0.4679463505744934,-0.3091477155685425,0.9976593852043152,0.5683301091194153,0.48197537660598755,-0.3639768958091736,0.9987761378288269,0.5576080679893494,0.48041579127311707,-0.37267494201660156,0.9990164041519165,0.6002348065376282,0.49781978130340576,-0.14071199297904968,0.9998401999473572,0.5050947070121765,0.49176284670829773,-0.22946085035800934,0.9999145865440369,0.6013653874397278,0.5415239930152893,-0.07044891268014908,0.8535833358764648,0.47634434700012207,0.5325499773025513,-0.1753903180360794,0.9839709401130676,0.598113477230072,0.5796797275543213,-0.16981670260429382,0.8746117949485779,0.4732896089553833,0.5731531977653503,-0.23503383994102478,0.9697806239128113,0.5963069200515747,0.5928012132644653,-0.19915181398391724,0.8229352235794067,0.4694068133831024,0.5870580077171326,-0.2643440067768097,0.9450868964195251,0.5909308195114136,0.5921653509140015,-0.2376730740070343,0.8281033039093018,0.4758703112602234,0.5867931246757507,-0.29724445939064026,0.9476914405822754,0.5900449752807617,0.5881073474884033,-0.18713562190532684,0.8172685503959656,0.4787108898162842,0.5840581059455872,-0.24726712703704834,0.9328064322471619,0.5614791512489319,0.5833317637443542,0.03426043689250946,0.99952632188797,0.5066628456115723,0.5807702541351318,-0.034256305545568466,0.999495267868042,0.55974280834198,0.6452322006225586,0.03990828990936279,0.9665804505348206,0.4847048223018646,0.645246684551239,-0.031560298055410385,0.990246593952179,0.5450541377067566,0.6980230212211609,0.23734484612941742,0.9704272747039795,0.42727628350257874,0.6944118738174438,0.1147545874118805,0.9891818761825562,0.5347896814346313,0.7039965987205505,0.24974577128887177,0.8223803043365479,0.41902732849121094,0.6972460150718689,0.12127425521612167,0.8020457029342651,0.5689451098442078,0.7194337248802185,0.13185231387615204,0.9663233160972595,0.43246811628341675,0.7220982313156128,-0.02130870521068573,0.9816596508026123
317,0.5638045072555542,0.47487255930900574,-0.4112374782562256,0.9992833733558655,0.5695371031761169,0.4694986343383789,-0.39883843064308167,0.9984071850776672,0.5725538730621338,0.4693809747695923,-0.3989006578922272,0.9979771375656128,0.5755736827850342,0.4691562056541443,-0.3989635705947876,0.9983204007148743,0.5604497194290161,0.4689265191555023,-0.40442848205566406,0.9984750747680664,0.556722104549408,0.4683939814567566,-0.4044634997844696,0.998319149017334,0.5537805557250977,0.4678361713886261,-0.4044761657714844,0.9986608624458313,0.5788396596908569,0.46846941113471985,-0.27888455986976624,0.9948883652687073,0.5479963421821594,0.4668258726596832,-0.3034060597419739,0.9975400567054749,0.568629264831543,0.4796336591243744,-0.3609372079372406,0.9987828731536865,0.5578158497810364,0.47812825441360474,-0.3680420517921448,0.9990257024765015,0.601625919342041,0.49608856439590454,-0.1484212875366211,0.9998461008071899,0.5063632726669312,0.49053990840911865,-0.2153213918209076,0.9999141097068787,0.6000553369522095,0.5411106944084167,-0.08331230282783508,0.8654009699821472,0.4744814932346344,0.5314321517944336,-0.1638602316379547,0.9828611612319946,0.600548505783081,0.5804008841514587,-0.1820460557937622,0.8836597800254822,0.46730631589889526,0.5706294178962708,-0.23531247675418854,0.9687272906303406,0.6008052229881287,0.5931941270828247,-0.2115304321050644,0.8339101076126099,0.464203804731369,0.5833530426025391,-0.26417648792266846,0.9433512091636658,0.594506025314331,0.5925701260566711,-0.24988237023353577,0.83903968334198,0.46996110677719116,0.583122193813324,-0.2977016568183899,0.9462668299674988,0.5938323736190796,0.5893765687942505,-0.19911938905715942,0.8282127380371094,0.47344663739204407,0.5791121125221252,-0.24825671315193176,0.9311336278915405,0.5654299855232239,0.582139253616333,0.02706368826329708,0.9994928240776062,0.5092323422431946,0.5790809988975525,-0.027066344395279884,0.9994789361953735,0.5583597421646118,0.6431648135185242,0.04861092567443848,0.96773362159729,0.48451972007751465,0.643528401851654,-0.051708780229091644,0.9904959797859192,0.5450835227966309,0.6966054439544678,0.28199437260627747,0.9703770875930786,0.43039730191230774,0.696753740310669,0.10064572840929031,0.9894310832023621,0.5349095463752747,0.7023622393608093,0.29818955063819885,0.8202140927314758,0.42421644926071167,0.7006464004516602,0.10733620077371597,0.8055194616317749,0.5647567510604858,0.7173206210136414,0.18218734860420227,0.9659910202026367,0.4337064325809479,0.722013533115387,-0.04396309703588486,0.9820085167884827
318,0.5702465772628784,0.4796360731124878,-0.449847012758255,0.9992602467536926,0.5756565928459167,0.4733918309211731,-0.43665608763694763,0.9983635544776917,0.5786617398262024,0.4731161296367645,-0.43668851256370544,0.9979345798492432,0.5816166400909424,0.47265341877937317,-0.43673425912857056,0.9982805252075195,0.5661240816116333,0.47260409593582153,-0.44452139735221863,0.9984197616577148,0.5622864961624146,0.4718303084373474,-0.44457876682281494,0.9982551336288452,0.5581518411636353,0.47096043825149536,-0.44460275769233704,0.9986013770103455,0.5819524526596069,0.47047677636146545,-0.30612102150917053,0.994826078414917,0.5488024950027466,0.4687078893184662,-0.34129396080970764,0.9974123239517212,0.5726832747459412,0.48382818698883057,-0.3946824371814728,0.9987582564353943,0.5618287324905396,0.4822106957435608,-0.4049265682697296,0.9990034699440002,0.6008850932121277,0.496250718832016,-0.1609308272600174,0.9998505115509033,0.504659116268158,0.49105244874954224,-0.24280327558517456,0.9999129772186279,0.6011651754379272,0.540531575679779,-0.08404020965099335,0.8750362396240234,0.4715403616428375,0.5317642092704773,-0.18714754283428192,0.9815705418586731,0.602937638759613,0.582261323928833,-0.18295617401599884,0.8901310563087463,0.4657896161079407,0.5699449777603149,-0.24835214018821716,0.9664910435676575,0.6037082076072693,0.5944169163703918,-0.2116069197654724,0.8412145376205444,0.4614730477333069,0.5837899446487427,-0.27575793862342834,0.9400001764297485,0.5975292921066284,0.5935876369476318,-0.2521294951438904,0.8465091586112976,0.4686641991138458,0.5837556719779968,-0.3109792470932007,0.9433432221412659,0.5967375636100769,0.5902048349380493,-0.20097430050373077,0.8356627225875854,0.47149959206581116,0.5793331861495972,-0.261403888463974,0.9277821183204651,0.5652101635932922,0.5814195275306702,0.028403062373399734,0.999474048614502,0.5081799626350403,0.5782898664474487,-0.0284337867051363,0.9994602799415588,0.5573000907897949,0.64481121301651,0.023350903764367104,0.9688128232955933,0.4812330901622772,0.6436585783958435,-0.046408336609601974,0.990372359752655,0.5454841256141663,0.6974319815635681,0.21585670113563538,0.9708176255226135,0.4309804439544678,0.6980762481689453,0.09406986087560654,0.9893463253974915,0.536609411239624,0.7040072679519653,0.2273656278848648,0.8207436203956604,0.4244164824485779,0.7018926739692688,0.0991930291056633,0.8065416812896729,0.5681676864624023,0.7195472717285156,0.10025575757026672,0.9662456512451172,0.4338681399822235,0.726056694984436,-0.05416904762387276,0.9819098114967346
319,0.5659242868423462,0.48021945357322693,-0.4705240726470947,0.9992530345916748,0.572467565536499,0.47392189502716064,-0.4576714038848877,0.9983488321304321,0.5757156610488892,0.47366297245025635,-0.45770758390426636,0.9979292154312134,0.5789905190467834,0.47326916456222534,-0.4577449560165405,0.9982778429985046,0.5621278285980225,0.4730278551578522,-0.46403971314430237,0.9983916282653809,0.5580047369003296,0.47240325808525085,-0.4640885591506958,0.9982205629348755,0.553636372089386,0.4716911017894745,-0.46411290764808655,0.998569905757904,0.5808764696121216,0.47159257531166077,-0.3278868794441223,0.9948068261146545,0.5454204082489014,0.4698117673397064,-0.3556533455848694,0.9973073601722717,0.5698570609092712,0.4844454526901245,-0.41585367918014526,0.9987329840660095,0.5579670667648315,0.4830106198787689,-0.4239809811115265,0.9989674687385559,0.6001765727996826,0.49816998839378357,-0.18484312295913696,0.9998490810394287,0.504548966884613,0.49157193303108215,-0.25446078181266785,0.9999059438705444,0.6008373498916626,0.5413848161697388,-0.11731509119272232,0.8843348622322083,0.46982210874557495,0.5332140326499939,-0.20179271697998047,0.9804114103317261,0.6049680113792419,0.5826415419578552,-0.22053314745426178,0.89632648229599,0.4613648056983948,0.571303129196167,-0.266124963760376,0.9643192887306213,0.6077592968940735,0.5950860977172852,-0.25167569518089294,0.8480885624885559,0.4566206634044647,0.5838785171508789,-0.2944508194923401,0.9364566206932068,0.6012111306190491,0.594107449054718,-0.2911306619644165,0.8535094857215881,0.46516117453575134,0.5836933255195618,-0.329507976770401,0.9402122497558594,0.5988196134567261,0.5900789499282837,-0.23857608437538147,0.842701256275177,0.4676918089389801,0.580792248249054,-0.2796020805835724,0.9242569804191589,0.5640109181404114,0.5826396942138672,0.024494191631674767,0.9994234442710876,0.5080892443656921,0.5789971947669983,-0.024503154680132866,0.9994101524353027,0.5549399256706238,0.6440772414207458,0.017428718507289886,0.9694178104400635,0.4827280640602112,0.6440603733062744,-0.02074216492474079,0.9899563789367676,0.5450472235679626,0.6967057585716248,0.20795658230781555,0.9708051681518555,0.43442481756210327,0.6999991536140442,0.12902463972568512,0.9888491630554199,0.5353847146034241,0.7033026814460754,0.21934519708156586,0.8190147876739502,0.4288412034511566,0.7037528157234192,0.1352301985025406,0.8036065697669983,0.5661491751670837,0.7185789942741394,0.09267402440309525,0.9659777879714966,0.4349885582923889,0.7273494601249695,-0.012913675978779793,0.9811540246009827
320,0.5607261657714844,0.4790845811367035,-0.4896467924118042,0.9992479681968689,0.5682036876678467,0.4731385111808777,-0.4771973788738251,0.9983367323875427,0.5716280937194824,0.47295379638671875,-0.4772323668003082,0.9979265332221985,0.5749343633651733,0.47259098291397095,-0.4772758185863495,0.9982685446739197,0.5579063892364502,0.4723016023635864,-0.4813379943370819,0.9983702898025513,0.554138720035553,0.471586674451828,-0.48137739300727844,0.9981943368911743,0.550628125667572,0.4708024263381958,-0.48138830065727234,0.9985383152961731,0.5780913829803467,0.4708981513977051,-0.3461809754371643,0.9948235154151917,0.5445154309272766,0.4688452184200287,-0.3638847768306732,0.997219443321228,0.5655651092529297,0.4834826588630676,-0.4344247877597809,0.9987297058105469,0.5531336069107056,0.48177164793014526,-0.43963193893432617,0.9989677667617798,0.6007398366928101,0.4958900511264801,-0.19752167165279388,0.9998502135276794,0.5027062296867371,0.4910230040550232,-0.2539154589176178,0.9999035000801086,0.6017134785652161,0.5393914580345154,-0.12818996608257294,0.8931710720062256,0.46929123997688293,0.5317808985710144,-0.1897037923336029,0.9794999361038208,0.6070874929428101,0.5815244913101196,-0.2319606989622116,0.9026656746864319,0.4576575458049774,0.5693608522415161,-0.2595296800136566,0.9625565409660339,0.6114087104797363,0.5943413972854614,-0.2626524567604065,0.8556720614433289,0.45231765508651733,0.5829207897186279,-0.2868504524230957,0.9336276054382324,0.6047614216804504,0.5932465195655823,-0.3033265173435211,0.861073911190033,0.46150434017181396,0.5833712220191956,-0.32508111000061035,0.9377666115760803,0.6010048985481262,0.5889865159988403,-0.24983260035514832,0.8502101898193359,0.4646526575088501,0.5788894891738892,-0.27406951785087585,0.9214443564414978,0.5647699236869812,0.5818102955818176,0.02446809597313404,0.9993472099304199,0.5070084929466248,0.577824056148529,-0.02445146255195141,0.9993541240692139,0.5562675595283508,0.6454626321792603,0.02270221896469593,0.969738245010376,0.4798280596733093,0.6449734568595886,-0.05506342276930809,0.9899037480354309,0.5468258261680603,0.6973255276679993,0.2411520779132843,0.9702765941619873,0.4340713620185852,0.70438551902771,0.09043297171592712,0.9887931942939758,0.5368135571479797,0.7042810320854187,0.2552696764469147,0.8164263963699341,0.4289773404598236,0.7083594799041748,0.09603549540042877,0.8040379285812378,0.5673823356628418,0.7189439535140991,0.1298796832561493,0.965134859085083,0.43661272525787354,0.7297061681747437,-0.061411526054143906,0.9810165166854858
321,0.558573305606842,0.47907012701034546,-0.46209537982940674,0.999264657497406,0.5668591260910034,0.47286662459373474,-0.44930538535118103,0.9983693957328796,0.5705705881118774,0.47273576259613037,-0.44934406876564026,0.9979801774024963,0.5740751028060913,0.47240981459617615,-0.44938167929649353,0.9983067512512207,0.5559305548667908,0.4719587564468384,-0.45201411843299866,0.99838787317276,0.5521039962768555,0.47123655676841736,-0.4520450532436371,0.9982126951217651,0.5484262108802795,0.4704395532608032,-0.45205655694007874,0.9985447525978088,0.5783856511116028,0.47101977467536926,-0.3214731216430664,0.9949731826782227,0.5431117415428162,0.4685482382774353,-0.33251315355300903,0.9972149133682251,0.5638404488563538,0.48409268260002136,-0.4086829125881195,0.9987633228302002,0.5508161187171936,0.4821186661720276,-0.4119648039340973,0.998988151550293,0.598936140537262,0.4974413514137268,-0.18215151131153107,0.9998540878295898,0.5030819773674011,0.49058517813682556,-0.2242008000612259,0.9999027848243713,0.6040740609169006,0.5397886037826538,-0.1191234439611435,0.9016950726509094,0.46819597482681274,0.5315089821815491,-0.15925876796245575,0.9791678190231323,0.6090630888938904,0.5804100632667542,-0.227946937084198,0.9088818430900574,0.4562971591949463,0.5683857798576355,-0.2347385287284851,0.962009608745575,0.613233208656311,0.592781662940979,-0.25990307331085205,0.8630238175392151,0.4478553533554077,0.5822664499282837,-0.26222309470176697,0.9324365854263306,0.6062987446784973,0.591798722743988,-0.2999095916748047,0.8683868050575256,0.45813822746276855,0.5826129913330078,-0.30044302344322205,0.9367958903312683,0.6021127700805664,0.5874403119087219,-0.24572432041168213,0.8575838208198547,0.4621219336986542,0.5778990387916565,-0.24963237345218658,0.9204195141792297,0.5626220107078552,0.5822235345840454,0.01669474132359028,0.9993228316307068,0.5064699649810791,0.5783917307853699,-0.016673484817147255,0.9993357062339783,0.5538939237594604,0.64602130651474,0.004379022400826216,0.9707654714584351,0.47784486413002014,0.6440300345420837,-0.037230733782052994,0.9899712204933167,0.5458634495735168,0.6958185434341431,0.20777277648448944,0.9707627892494202,0.43881210684776306,0.7035264372825623,0.1101483628153801,0.9888228178024292,0.5360925793647766,0.7023977637290955,0.21994423866271973,0.8160218596458435,0.43574437499046326,0.7082347273826599,0.11564353853464127,0.805350661277771,0.5661103129386902,0.7176195979118347,0.08911710977554321,0.9654003977775574,0.4340922236442566,0.7279587984085083,-0.03902392461895943,0.981042206287384
322,0.5557202696800232,0.47867193818092346,-0.4365515112876892,0.9992567300796509,0.5636352300643921,0.4721570909023285,-0.42350849509239197,0.9983469843864441,0.5675098299980164,0.4720381498336792,-0.423560231924057,0.9979656934738159,0.5712128281593323,0.4717448651790619,-0.4236038625240326,0.9982861876487732,0.5524637699127197,0.471280038356781,-0.4252571761608124,0.9983461499214172,0.5488336086273193,0.470603346824646,-0.42527109384536743,0.9981634616851807,0.5453392267227173,0.46986913681030273,-0.4252830147743225,0.9984950423240662,0.5762114524841309,0.47070130705833435,-0.2986525893211365,0.9949427843093872,0.5415301322937012,0.4683678448200226,-0.30496343970298767,0.9970794320106506,0.5615252256393433,0.48386135697364807,-0.38472315669059753,0.9987513422966003,0.5489277839660645,0.48202818632125854,-0.38660725951194763,0.9989762306213379,0.5997105240821838,0.49754568934440613,-0.16373278200626373,0.9998528361320496,0.5014072060585022,0.49180465936660767,-0.20459648966789246,0.9998975396156311,0.6033113598823547,0.5399265289306641,-0.10246039927005768,0.9091309905052185,0.46634480357170105,0.5317432880401611,-0.139195054769516,0.9781810641288757,0.6104660034179688,0.5813679099082947,-0.21159228682518005,0.9141671061515808,0.45407670736312866,0.5687862634658813,-0.2187795639038086,0.9601759910583496,0.6147738099098206,0.5935581922531128,-0.24284975230693817,0.8690677881240845,0.4468737244606018,0.5821653008460999,-0.24616727232933044,0.9291869401931763,0.6080078482627869,0.5926443934440613,-0.2836049795150757,0.8744443655014038,0.45711103081703186,0.5823888182640076,-0.28471893072128296,0.9339265823364258,0.6046174168586731,0.5888482928276062,-0.22958850860595703,0.8635886907577515,0.4613454043865204,0.5776621103286743,-0.23398907482624054,0.9171381592750549,0.5602479577064514,0.58383709192276,0.020361069589853287,0.9992742538452148,0.5045916438102722,0.5797101259231567,-0.020320739597082138,0.9993014931678772,0.5556120276451111,0.6431089639663696,0.012371411547064781,0.9716273546218872,0.4758725166320801,0.6457030773162842,-0.056811656802892685,0.9901968836784363,0.545626699924469,0.6959695816040039,0.2260241061449051,0.9713587164878845,0.43908020853996277,0.705380380153656,0.08791009336709976,0.9890550374984741,0.5350637435913086,0.702767014503479,0.2390960156917572,0.8166074752807617,0.43484997749328613,0.7098448872566223,0.09310603141784668,0.8075531125068665,0.5684921145439148,0.7181979417800903,0.11094757914543152,0.9658060669898987,0.43816277384757996,0.7283623218536377,-0.06438635289669037,0.9813665747642517
323,0.5586391091346741,0.4826931059360504,-0.5021265745162964,0.9992085099220276,0.5664480328559875,0.47574737668037415,-0.491106778383255,0.9982429146766663,0.5700488090515137,0.475588858127594,-0.4911567270755768,0.9978541135787964,0.5734899640083313,0.47520774602890015,-0.49121183156967163,0.9981881976127625,0.555630087852478,0.47484081983566284,-0.4939393103122711,0.998225212097168,0.5517633557319641,0.47406405210494995,-0.4939630627632141,0.998024582862854,0.5478920340538025,0.4731460511684418,-0.49397096037864685,0.99837327003479,0.5774303078651428,0.4729730188846588,-0.3636620044708252,0.9947136044502258,0.5414606332778931,0.4705697298049927,-0.37492749094963074,0.996817946434021,0.5633583068847656,0.48667341470718384,-0.4478345215320587,0.9986705780029297,0.5509077310562134,0.4849759638309479,-0.45119962096214294,0.9989182949066162,0.5994054079055786,0.4972897469997406,-0.21435315907001495,0.9998481869697571,0.5002130270004272,0.49102357029914856,-0.2638890743255615,0.9998908638954163,0.6022482514381409,0.53957200050354,-0.1502661108970642,0.9156197905540466,0.46522966027259827,0.5310119390487671,-0.20086228847503662,0.9771066308021545,0.6127837300300598,0.5811523795127869,-0.253385066986084,0.9187116622924805,0.45286330580711365,0.5689668655395508,-0.27349263429641724,0.9582861065864563,0.6173383593559265,0.593108057975769,-0.2839314937591553,0.874249279499054,0.4464414417743683,0.5816690921783447,-0.3006787896156311,0.926185667514801,0.6114225387573242,0.592580258846283,-0.3254031240940094,0.879665732383728,0.4555477201938629,0.5818794369697571,-0.3387756049633026,0.9313211441040039,0.6075446605682373,0.5890289545059204,-0.2716609239578247,0.8687658309936523,0.4601197838783264,0.5777755379676819,-0.28834348917007446,0.9141069054603577,0.5593107342720032,0.5811164975166321,0.023460665717720985,0.9991670846939087,0.5034712553024292,0.577189564704895,-0.023428121581673622,0.9992220997810364,0.5566210150718689,0.6425682902336121,0.007268063724040985,0.9714630246162415,0.47760140895843506,0.6448338627815247,-0.061655424535274506,0.990077555179596,0.544744074344635,0.6965479254722595,0.21819010376930237,0.9709405303001404,0.4420304596424103,0.7058906555175781,0.07658378779888153,0.9890117049217224,0.533683717250824,0.7029184103012085,0.23154151439666748,0.8148590922355652,0.43807312846183777,0.7102058529853821,0.08143988251686096,0.8076084852218628,0.5670211315155029,0.7178472876548767,0.10532601922750473,0.9651890993118286,0.4404384195804596,0.7299677133560181,-0.07741289585828781,0.9812543392181396
