frame,nose_x,nose_y,nose_z,nose_visibility,left_eye_inner_x,left_eye_inner_y,left_eye_inner_z,left_eye_inner_visibility,left_eye_x,left_eye_y,left_eye_z,left_eye_visibility,left_eye_outer_x,left_eye_outer_y,left_eye_outer_z,left_eye_outer_visibility,right_eye_inner_x,right_eye_inner_y,right_eye_inner_z,right_eye_inner_visibility,right_eye_x,right_eye_y,right_eye_z,right_eye_visibility,right_eye_outer_x,right_eye_outer_y,right_eye_outer_z,right_eye_outer_visibility,left_ear_x,left_ear_y,left_ear_z,left_ear_visibility,right_ear_x,right_ear_y,right_ear_z,right_ear_visibility,mouth_left_x,mouth_left_y,mouth_left_z,mouth_left_visibility,mouth_right_x,mouth_right_y,mouth_right_z,mouth_right_visibility,left_shoulder_x,left_shoulder_y,left_shoulder_z,left_shoulder_visibility,right_shoulder_x,right_shoulder_y,right_shoulder_z,right_shoulder_visibility,left_elbow_x,left_elbow_y,left_elbow_z,left_elbow_visibility,right_elbow_x,right_elbow_y,right_elbow_z,right_elbow_visibility,left_wrist_x,left_wrist_y,left_wrist_z,left_wrist_visibility,right_wrist_x,right_wrist_y,right_wrist_z,right_wrist_visibility,left_pinky_x,left_pinky_y,left_pinky_z,left_pinky_visibility,right_pinky_x,right_pinky_y,right_pinky_z,right_pinky_visibility,left_index_x,left_index_y,left_index_z,left_index_visibility,right_index_x,right_index_y,right_index_z,right_index_visibility,left_thumb_x,left_thumb_y,left_thumb_z,left_thumb_visibility,right_thumb_x,right_thumb_y,right_thumb_z,right_thumb_visibility,left_hip_x,left_hip_y,left_hip_z,left_hip_visibility,right_hip_x,right_hip_y,right_hip_z,right_hip_visibility,left_knee_x,left_knee_y,left_knee_z,left_knee_visibility,right_knee_x,right_knee_y,right_knee_z,right_knee_visibility,left_ankle_x,left_ankle_y,left_ankle_z,left_ankle_visibility,right_ankle_x,right_ankle_y,right_ankle_z,right_ankle_visibility,left_heel_x,left_heel_y,left_heel_z,left_heel_visibility,right_heel_x,right_heel_y,right_heel_z,right_heel_visibility,left_foot_index_x,left_foot_index_y,left_foot_index_z,left_foot_index_visibility,right_foot_index_x,right_foot_index_y,right_foot_index_z,right_foot_index_visibility
0,0.4320216774940491,0.5157010555267334,-0.055256493389606476,0.9996151924133301,0.4368695020675659,0.5095059275627136,-0.04416116327047348,0.9995498061180115,0.4364798665046692,0.5089215636253357,-0.0441986583173275,0.9994718432426453,0.4358508884906769,0.5081151723861694,-0.044248152524232864,0.9996310472488403,0.43535810708999634,0.50902259349823,-0.08663933724164963,0.9994674324989319,0.43403148651123047,0.5081492066383362,-0.0867554247379303,0.9993051290512085,0.43276989459991455,0.5071977972984314,-0.08676432818174362,0.9994871616363525,0.42335939407348633,0.5021892786026001,0.022218840196728706,0.9990330934524536,0.4200577735900879,0.5025157928466797,-0.16786831617355347,0.9991111159324646,0.4216853082180023,0.5172391533851624,-0.024531710892915726,0.9992747902870178,0.4202157258987427,0.517193078994751,-0.08019015938043594,0.9993422627449036,0.3670974671840668,0.5139829516410828,0.1449647694826126,0.9997438788414001,0.3733943998813629,0.5208752751350403,-0.2597326636314392,0.9999186992645264,0.33964407444000244,0.5620090365409851,0.19422224164009094,0.15504387021064758,0.35101446509361267,0.5721462965011597,-0.3277341425418854,0.9692996740341187,0.35618075728416443,0.611968457698822,0.1146484911441803,0.1801186203956604,0.36084917187690735,0.6260683536529541,-0.2703356444835663,0.9150633215904236,0.3571634888648987,0.6216583251953125,0.12191441655158997,0.1732368916273117,0.364502876996994,0.6363686919212341,-0.3045622706413269,0.8641830086708069,0.3573096990585327,0.6225295662879944,0.08355855941772461,0.17698489129543304,0.3673379719257355,0.6370150446891785,-0.2806966304779053,0.8570910692214966,0.3635852336883545,0.6218108534812927,0.09533466398715973,0.17879126965999603,0.3636106550693512,0.6332328915596008,-0.25970232486724854,0.8124723434448242,0.2830532491207123,0.5928467512130737,0.12320467829704285,0.9992511868476868,0.27220749855041504,0.5997191667556763,-0.12291523814201355,0.9997311234474182,0.30219218134880066,0.6654211282730103,0.1350543051958084,0.4774673581123352,0.2824641764163971,0.6759141683578491,-0.1242755874991417,0.953184962272644,0.3117063343524933,0.7333839535713196,0.24239283800125122,0.6265068054199219,0.2788373827934265,0.7506299614906311,-0.03976454585790634,0.9655866026878357,0.2988196909427643,0.7434828281402588,0.24752460420131683,0.6675249338150024,0.26720690727233887,0.7643056511878967,-0.036558862775564194,0.9420732259750366,0.35784271359443665,0.7413139343261719,0.18165796995162964,0.7588462829589844,0.324674129486084,0.7719290256500244,-0.1297510713338852,0.9612956643104553
1,0.43210694193840027,0.5146296620368958,-0.17159099876880646,0.999609112739563,0.43651440739631653,0.5082806348800659,-0.15694357454776764,0.9995335340499878,0.4359762668609619,0.5077219605445862,-0.1569594442844391,0.9994521737098694,0.43531936407089233,0.5070245265960693,-0.15704242885112762,0.9996185302734375,0.43522536754608154,0.5077615976333618,-0.20077818632125854,0.9994462728500366,0.43377092480659485,0.5068522691726685,-0.20091328024864197,0.9992750287055969,0.43221452832221985,0.5058038234710693,-0.20095543563365936,0.999465823173523,0.422258198261261,0.5017217993736267,-0.06939061731100082,0.9989598989486694,0.41836369037628174,0.5012909173965454,-0.2647567391395569,0.9990729689598083,0.4217314124107361,0.51734858751297,-0.1329222321510315,0.9992560148239136,0.4193577468395233,0.5175267457962036,-0.19022037088871002,0.9993265271186829,0.3740125298500061,0.5182173252105713,0.08024342358112335,0.9997464418411255,0.3645300269126892,0.5211299061775208,-0.33368805050849915,0.9999154806137085,0.3393995761871338,0.5643922686576843,0.14497531950473785,0.1533566117286682,0.3434079587459564,0.5717839002609253,-0.39352384209632874,0.9686732888221741,0.35380837321281433,0.6140444874763489,0.07171249389648438,0.18221436440944672,0.3529159724712372,0.6211565732955933,-0.31988129019737244,0.9157024025917053,0.3606336712837219,0.627435028553009,0.07876861840486526,0.17650018632411957,0.3597395420074463,0.6337417960166931,-0.35392946004867554,0.8660069704055786,0.3620150089263916,0.6276656985282898,0.03974537551403046,0.1802886426448822,0.3675242066383362,0.634705126285553,-0.337770015001297,0.8590502142906189,0.3548181653022766,0.6224613189697266,0.05226948857307434,0.18263351917266846,0.3630903959274292,0.6308106780052185,-0.31166139245033264,0.8139190077781677,0.29261189699172974,0.5942696928977966,0.12780751287937164,0.9992974996566772,0.2688480317592621,0.594030499458313,-0.12759821116924286,0.999740481376648,0.3183428943157196,0.6668722033500671,0.11925878375768661,0.4905310869216919,0.27180343866348267,0.6740182042121887,-0.15142127871513367,0.9550221562385559,0.3024536669254303,0.7320692539215088,0.21897254884243011,0.6408606767654419,0.2702588737010956,0.7554487586021423,-0.06228672340512276,0.9669579863548279,0.28896376490592957,0.744684636592865,0.22242411971092224,0.677060067653656,0.2637266516685486,0.7692564129829407,-0.059598907828330994,0.9424712061882019,0.3490154445171356,0.7447877526283264,0.14079926908016205,0.7688673138618469,0.30600830912590027,0.7808570265769958,-0.17067526280879974,0.9628201127052307
2,0.4324333667755127,0.5144084095954895,-0.18438836932182312,0.9996092319488525,0.43729299306869507,0.5082217454910278,-0.16891908645629883,0.9995262622833252,0.4367580711841583,0.5077142715454102,-0.16893795132637024,0.999443531036377,0.43603071570396423,0.5070731043815613,-0.16901376843452454,0.99961256980896,0.4360962212085724,0.5077365040779114,-0.2147551327943802,0.9994420409202576,0.4347097873687744,0.506908655166626,-0.21490082144737244,0.9992688298225403,0.4331442415714264,0.5059434175491333,-0.21496079862117767,0.9994625449180603,0.4220232367515564,0.5015257596969604,-0.07937096059322357,0.9989079236984253,0.4187208116054535,0.5012418627738953,-0.2837507426738739,0.9990752339363098,0.42127180099487305,0.517406702041626,-0.14471232891082764,0.9992583990097046,0.41885432600975037,0.5176087617874146,-0.20464737713336945,0.9993358850479126,0.3720136880874634,0.5177628993988037,0.07321557402610779,0.9997479915618896,0.3652885854244232,0.522321879863739,-0.3570759892463684,0.9999154806137085,0.33870014548301697,0.563661515712738,0.14786270260810852,0.14720280468463898,0.34373459219932556,0.573407769203186,-0.4183817505836487,0.968539297580719,0.3508635461330414,0.6148743033409119,0.08851087838411331,0.17733179032802582,0.3557640612125397,0.627420961856842,-0.34739723801612854,0.9170430898666382,0.35720276832580566,0.6268399357795715,0.0965220108628273,0.17287671566009521,0.3617083728313446,0.6378973722457886,-0.3874725103378296,0.8685288429260254,0.3583701550960541,0.6273154616355896,0.05267898738384247,0.17677874863147736,0.3672000765800476,0.6395219564437866,-0.36959487199783325,0.8617228269577026,0.35655128955841064,0.6259023547172546,0.06731042265892029,0.17971043288707733,0.3635138273239136,0.6350123882293701,-0.33926278352737427,0.815733015537262,0.2913393974304199,0.5926604866981506,0.131959930062294,0.9993464946746826,0.27015164494514465,0.5954979658126831,-0.13170824944972992,0.9997555613517761,0.31097033619880676,0.6631247997283936,0.13125066459178925,0.49525514245033264,0.27150043845176697,0.6719185709953308,-0.14975707232952118,0.9561007618904114,0.30670246481895447,0.7280318737030029,0.23584911227226257,0.6497199535369873,0.2719798684120178,0.7568928003311157,-0.05580538883805275,0.967886745929718,0.28941625356674194,0.7381393909454346,0.23990529775619507,0.6839456558227539,0.2636341154575348,0.7700345516204834,-0.0528692863881588,0.9422104358673096,0.3563634753227234,0.7414448857307434,0.156403586268425,0.7759432196617126,0.31439322233200073,0.7804767489433289,-0.16695842146873474,0.9638824462890625
3,0.4303854703903198,0.5148354172706604,-0.14921702444553375,0.9996055364608765,0.43494558334350586,0.5085460543632507,-0.13452351093292236,0.9995126724243164,0.4344272315502167,0.5080127120018005,-0.13454511761665344,0.9994291067123413,0.4337185323238373,0.5073001384735107,-0.13461171090602875,0.9996017813682556,0.4338110685348511,0.5081281065940857,-0.18131445348262787,0.9994301199913025,0.43247121572494507,0.5073107481002808,-0.18147467076778412,0.9992544651031494,0.43092164397239685,0.5063303112983704,-0.1815464049577713,0.9994539022445679,0.41987791657447815,0.5016448497772217,-0.05149884894490242,0.9988449215888977,0.4170466661453247,0.5015620589256287,-0.26031434535980225,0.999076247215271,0.4191027879714966,0.5179711580276489,-0.11199315637350082,0.9992640018463135,0.4170776605606079,0.5181934237480164,-0.17320741713047028,0.9993482828140259,0.3698909878730774,0.5169217586517334,0.09386205673217773,0.999754011631012,0.36505791544914246,0.5219534635543823,-0.3422282934188843,0.9999169111251831,0.3374151885509491,0.5632811784744263,0.16465066373348236,0.1416168361902237,0.34566694498062134,0.5706450343132019,-0.4069823920726776,0.9686453342437744,0.3487486243247986,0.6144911646842957,0.10443847626447678,0.1720096319913864,0.35518786311149597,0.6243215203285217,-0.33751651644706726,0.9189413785934448,0.3562329411506653,0.6266952157020569,0.11301544308662415,0.1685248464345932,0.3608469069004059,0.6359202265739441,-0.37940648198127747,0.8715607523918152,0.3574063777923584,0.626990020275116,0.06967031210660934,0.17243997752666473,0.36522024869918823,0.635854184627533,-0.36020177602767944,0.8649104237556458,0.3559349477291107,0.6247498393058777,0.08332014083862305,0.1758207231760025,0.36311203241348267,0.6325588226318359,-0.3292008936405182,0.8183200359344482,0.2888995110988617,0.5941537618637085,0.13258080184459686,0.9993929266929626,0.2697773277759552,0.5958606600761414,-0.13230933248996735,0.9997695684432983,0.30637630820274353,0.6675059795379639,0.14576272666454315,0.4962724447250366,0.26956671476364136,0.6750056147575378,-0.143184632062912,0.9561895728111267,0.29406657814979553,0.7323739528656006,0.24030587077140808,0.6556349396705627,0.27299705147743225,0.7590969800949097,-0.04541313275694847,0.9679234027862549,0.27740323543548584,0.7429559230804443,0.24320316314697266,0.6883629560470581,0.26138511300086975,0.7707395553588867,-0.041957270354032516,0.940809428691864,0.34656742215156555,0.7437118887901306,0.15983322262763977,0.7802138328552246,0.3153110146522522,0.7832635641098022,-0.14874766767024994,0.9640329480171204
4,0.43317413330078125,0.5135334730148315,-0.13110503554344177,0.9995750784873962,0.43650299310684204,0.50779789686203,-0.11668170988559723,0.9994654059410095,0.43623197078704834,0.507226824760437,-0.11673126369714737,0.9993759393692017,0.435787171125412,0.5064794421195984,-0.11682609468698502,0.9995607733726501,0.4349064528942108,0.507551372051239,-0.16280917823314667,0.9993842244148254,0.4335100054740906,0.5068439245223999,-0.16297243535518646,0.9991998672485352,0.43199068307876587,0.5059822201728821,-0.1630678027868271,0.9994174242019653,0.42112886905670166,0.500776469707489,-0.03564007580280304,0.9987094402313232,0.4178449809551239,0.5012475848197937,-0.2412964105606079,0.9990414977073669,0.42382144927978516,0.516431450843811,-0.09452752768993378,0.9992368221282959,0.42123302817344666,0.5165390372276306,-0.1548682451248169,0.9993410706520081,0.37052619457244873,0.5165299773216248,0.10661569237709045,0.9997499585151672,0.3632720112800598,0.5222684741020203,-0.32535091042518616,0.9999158978462219,0.3381557762622833,0.5646047592163086,0.18252632021903992,0.134468212723732,0.34602808952331543,0.5734215974807739,-0.3882994055747986,0.9671376347541809,0.3541821837425232,0.6157776713371277,0.13165868818759918,0.16387666761875153,0.3524496257305145,0.6259461641311646,-0.3210678994655609,0.9172738194465637,0.3598957359790802,0.6259406805038452,0.14298155903816223,0.1613578349351883,0.35950392484664917,0.6372329592704773,-0.36146485805511475,0.870157778263092,0.36501437425613403,0.6291781067848206,0.09906347095966339,0.16523109376430511,0.3635215163230896,0.6378235220909119,-0.34189674258232117,0.863419234752655,0.35831671953201294,0.6246945261955261,0.11053420603275299,0.16898274421691895,0.3615337312221527,0.6338217258453369,-0.3126142621040344,0.8151230216026306,0.2883315980434418,0.5951263308525085,0.13038760423660278,0.9994252324104309,0.26812368631362915,0.5963687300682068,-0.13007360696792603,0.9997786283493042,0.31099408864974976,0.6684496998786926,0.13009946048259735,0.4949358403682709,0.26807284355163574,0.6776115298271179,-0.1522374451160431,0.9556995034217834,0.29895368218421936,0.7323590517044067,0.21783795952796936,0.6578511595726013,0.274604856967926,0.7596935033798218,-0.0675916075706482,0.9677477478981018,0.28282031416893005,0.7431954741477966,0.2206127792596817,0.690062403678894,0.26751694083213806,0.771446943283081,-0.06549473106861115,0.9390810132026672,0.3534090518951416,0.7438079714775085,0.13964584469795227,0.7822390794754028,0.3155825436115265,0.7854251861572266,-0.17437182366847992,0.9639299511909485
5,0.43183380365371704,0.5131610631942749,-0.1621605008840561,0.9995562434196472,0.4355623722076416,0.5075457692146301,-0.14780423045158386,0.9994367957115173,0.43529951572418213,0.5068999528884888,-0.14784908294677734,0.9993427991867065,0.43467673659324646,0.506218433380127,-0.14794136583805084,0.9995365738868713,0.4339706003665924,0.5073572397232056,-0.19252343475818634,0.9993575215339661,0.43248480558395386,0.5066848993301392,-0.1926797479391098,0.9991673827171326,0.43080368638038635,0.5058324337005615,-0.19276009500026703,0.9993957281112671,0.4200564920902252,0.5007666945457458,-0.06272401660680771,0.9986273646354675,0.41615569591522217,0.5009793043136597,-0.26184186339378357,0.9990238547325134,0.4221000075340271,0.5158624053001404,-0.12425144016742706,0.9992193579673767,0.41952401399612427,0.516121506690979,-0.1826866865158081,0.9993370175361633,0.36901789903640747,0.5168467164039612,0.08489479869604111,0.9997450709342957,0.3614874482154846,0.5221332311630249,-0.3367629945278168,0.9999149441719055,0.3407183587551117,0.5646494626998901,0.1603027880191803,0.12945431470870972,0.3420170247554779,0.5719254016876221,-0.3912276029586792,0.9666748046875,0.3530696928501129,0.6145541667938232,0.11074011027812958,0.15877021849155426,0.3552241623401642,0.6252061724662781,-0.3193841576576233,0.9176270961761475,0.3591708540916443,0.626343846321106,0.11994533985853195,0.15704120695590973,0.3624209761619568,0.6370459198951721,-0.357986181974411,0.8712955117225647,0.36508700251579285,0.6296768188476562,0.07755736261606216,0.16092391312122345,0.3687213659286499,0.637572169303894,-0.34044963121414185,0.8646095991134644,0.3572941720485687,0.6242872476577759,0.09013339132070541,0.16506467759609222,0.36360040307044983,0.6336243152618408,-0.3114689290523529,0.8155709505081177,0.2902955710887909,0.5938339233398438,0.1274217814207077,0.9994505047798157,0.2699151337146759,0.597525954246521,-0.12715443968772888,0.9997856616973877,0.31386610865592957,0.6667976379394531,0.15090124309062958,0.4940159320831299,0.2696959674358368,0.6759334802627563,-0.1253090500831604,0.9557138681411743,0.2971361577510834,0.7324892282485962,0.25297030806541443,0.6605175137519836,0.27296969294548035,0.7597062587738037,-0.029114065691828728,0.967857301235199,0.28035759925842285,0.7434391379356384,0.25703272223472595,0.6923096776008606,0.2630902826786041,0.7707988023757935,-0.025803465396165848,0.9381256699562073,0.35152187943458557,0.7448139786720276,0.17924362421035767,0.7844483256340027,0.310180127620697,0.7848437428474426,-0.1314232051372528,0.9640073776245117
6,0.43245190382003784,0.5142422318458557,-0.18694855272769928,0.999537467956543,0.4361173212528229,0.5085232853889465,-0.17105679214000702,0.9994062781333923,0.43572819232940674,0.5080118179321289,-0.17109079658985138,0.9993088841438293,0.43520209193229675,0.5073676109313965,-0.17118003964424133,0.9995099306106567,0.43454495072364807,0.5080965757369995,-0.21673084795475006,0.9993298649787903,0.43310219049453735,0.5073252320289612,-0.21688532829284668,0.9991353154182434,0.4315060079097748,0.5064002275466919,-0.21696195006370544,0.9993715286254883,0.42108461260795593,0.5019078850746155,-0.0799453929066658,0.998525083065033,0.41689226031303406,0.5014289021492004,-0.28325656056404114,0.9989985823631287,0.4221930205821991,0.5174302458763123,-0.1467069536447525,0.9991956949234009,0.4197876751422882,0.5173678398132324,-0.20636384189128876,0.999329149723053,0.371652752161026,0.5180582404136658,0.07256308943033218,0.9997390508651733,0.36040934920310974,0.5237039923667908,-0.35518205165863037,0.9999130964279175,0.3372534215450287,0.5643330216407776,0.14748086035251617,0.12467961013317108,0.3420174717903137,0.5735965967178345,-0.41789326071739197,0.9656639695167542,0.35462167859077454,0.6150195002555847,0.09284068644046783,0.1543164849281311,0.3548406958580017,0.6272012591362,-0.35071712732315063,0.9173513054847717,0.36056461930274963,0.6255052089691162,0.1011219248175621,0.1535041332244873,0.3625991642475128,0.6375154256820679,-0.3919055461883545,0.8716853857040405,0.36084648966789246,0.6256817579269409,0.05751511827111244,0.15746216475963593,0.36786404252052307,0.6386558413505554,-0.3741007447242737,0.8650201559066772,0.35862141847610474,0.62418133020401,0.07165662199258804,0.16207757592201233,0.3639589548110962,0.6341273784637451,-0.342933714389801,0.8146315217018127,0.2915797233581543,0.595445454120636,0.13037101924419403,0.9994816780090332,0.26774582266807556,0.596867561340332,-0.1301073133945465,0.9997954368591309,0.3131517767906189,0.663606584072113,0.12765081226825714,0.4923429787158966,0.27121397852897644,0.6751916408538818,-0.15217170119285583,0.9561707377433777,0.2985391318798065,0.7288991212844849,0.2276567816734314,0.6627602577209473,0.27426448464393616,0.7596155405044556,-0.0659947544336319,0.9683184027671814,0.27969712018966675,0.7397869229316711,0.2315833568572998,0.6945980787277222,0.26430511474609375,0.7711677551269531,-0.0637579932808876,0.937930166721344,0.34893903136253357,0.7416776418685913,0.14951056241989136,0.7868809103965759,0.3192310929298401,0.7852974534034729,-0.1770605444908142,0.9644763469696045
7,0.4299212396144867,0.5144408941268921,-0.1785552203655243,0.9994502663612366,0.43363067507743835,0.5088083744049072,-0.16332213580608368,0.9992889165878296,0.43324732780456543,0.5082752108573914,-0.16337910294532776,0.9991748332977295,0.4326699674129486,0.5076049566268921,-0.16349923610687256,0.9994122385978699,0.4321756064891815,0.5085169076919556,-0.20729723572731018,0.999200165271759,0.4307379722595215,0.5077680945396423,-0.20745651423931122,0.9989718198776245,0.4290834069252014,0.5068349242210388,-0.20755192637443542,0.9992560148239136,0.41826385259628296,0.5020414590835571,-0.07368626445531845,0.9981939792633057,0.41434818506240845,0.5017350316047668,-0.2698316276073456,0.9988321661949158,0.42005783319473267,0.5171974301338196,-0.13889861106872559,0.9990670084953308,0.41734692454338074,0.517388105392456,-0.1964244246482849,0.9992396235466003,0.36693257093429565,0.5212023258209229,0.07434263825416565,0.9997166395187378,0.3600510060787201,0.5232900977134705,-0.34033679962158203,0.9999032616615295,0.3353394865989685,0.5640735030174255,0.1479657143354416,0.11929380893707275,0.34090083837509155,0.571993887424469,-0.40013450384140015,0.9623624086380005,0.35304203629493713,0.6157103180885315,0.09536188095808029,0.14847686886787415,0.3512658476829529,0.6244316101074219,-0.33425602316856384,0.9123325943946838,0.35997113585472107,0.6263676881790161,0.10392927378416061,0.14862769842147827,0.3594304621219635,0.6364970803260803,-0.3726600408554077,0.8666901588439941,0.35880815982818604,0.6287652850151062,0.06147331744432449,0.15260928869247437,0.3626510202884674,0.6369798183441162,-0.35615941882133484,0.8599574565887451,0.3574567139148712,0.6248652338981628,0.07473387569189072,0.15749502182006836,0.3604906499385834,0.6331703066825867,-0.32677018642425537,0.8075823783874512,0.2901211977005005,0.595390260219574,0.12563855946063995,0.9994966387748718,0.2628917396068573,0.5944569110870361,-0.12537650763988495,0.9997959733009338,0.3173210620880127,0.6653599143028259,0.12061513215303421,0.49444371461868286,0.26909351348876953,0.675751268863678,-0.1495063453912735,0.9557987451553345,0.3062071204185486,0.7274677157402039,0.2126832902431488,0.6662347316741943,0.27110937237739563,0.7560132741928101,-0.062016990035772324,0.9681494235992432,0.29028579592704773,0.7406386733055115,0.2159203141927719,0.6965101957321167,0.2637966573238373,0.7683324217796326,-0.059626396745443344,0.936113178730011,0.3550346791744232,0.7429248690605164,0.13279597461223602,0.7895243167877197,0.30985158681869507,0.7808892726898193,-0.17293225228786469,0.9643908143043518
8,0.42913946509361267,0.5146213173866272,-0.1451202929019928,0.9994376301765442,0.4330171048641205,0.5088508725166321,-0.13204486668109894,0.9992737770080566,0.4327274560928345,0.5083020925521851,-0.1320924460887909,0.9991582036018372,0.43220850825309753,0.5075929760932922,-0.13218659162521362,0.9993982315063477,0.4313180148601532,0.5086462497711182,-0.17560018599033356,0.9991905689239502,0.42983192205429077,0.5079567432403564,-0.1757591813802719,0.9989627599716187,0.42814943194389343,0.5070815682411194,-0.1758441925048828,0.999251127243042,0.417098730802536,0.5018409490585327,-0.05411947891116142,0.9981696605682373,0.4134491980075836,0.5021579265594482,-0.24811048805713654,0.9988365769386292,0.4194372892379761,0.5175476670265198,-0.10953222960233688,0.9990594387054443,0.416506290435791,0.5179094076156616,-0.16654087603092194,0.999244749546051,0.36113521456718445,0.5192400217056274,0.08582185953855515,0.9997170567512512,0.36062678694725037,0.5244215726852417,-0.3221933841705322,0.9999054670333862,0.3363403081893921,0.5632076859474182,0.16516777873039246,0.11422684043645859,0.3433001637458801,0.5745247602462769,-0.37054213881492615,0.9614241123199463,0.35069459676742554,0.6140404939651489,0.1272602528333664,0.14185090363025665,0.35147520899772644,0.6256837248802185,-0.29710984230041504,0.9109156131744385,0.3569347560405731,0.6246347427368164,0.13936319947242737,0.14260944724082947,0.3585600256919861,0.6373854279518127,-0.3336600661277771,0.8653879165649414,0.3569642901420593,0.6248985528945923,0.09599936753511429,0.14650589227676392,0.3642973303794861,0.6389263868331909,-0.31632646918296814,0.8586006164550781,0.35481542348861694,0.6234650015830994,0.10699804127216339,0.1516241431236267,0.35979530215263367,0.6339598894119263,-0.28934451937675476,0.8050890564918518,0.2854866683483124,0.5947070717811584,0.12425930052995682,0.9995205998420715,0.26440247893333435,0.5965460538864136,-0.12395598739385605,0.9998050928115845,0.30887848138809204,0.6628333330154419,0.12344256043434143,0.49120277166366577,0.2690923810005188,0.6743841767311096,-0.14229628443717957,0.9555425643920898,0.30211958289146423,0.7281922101974487,0.21360032260417938,0.66499263048172,0.2736281752586365,0.7569313645362854,-0.06349938362836838,0.9680573344230652,0.290722131729126,0.7372384667396545,0.21703991293907166,0.6961414217948914,0.267117440700531,0.7692576050758362,-0.061453502625226974,0.9353961944580078,0.35721486806869507,0.7395356893539429,0.14033736288547516,0.7896296977996826,0.31822267174720764,0.7805952429771423,-0.1658075898885727,0.9643917679786682
9,0.4282369911670685,0.514025866985321,-0.17803721129894257,0.9994478821754456,0.432425320148468,0.5087758898735046,-0.1624937653541565,0.9992860555648804,0.43225616216659546,0.5084004998207092,-0.16252948343753815,0.9991744160652161,0.43188804388046265,0.5078884959220886,-0.16261127591133118,0.999407172203064,0.4305114448070526,0.5082418322563171,-0.2078673094511032,0.9992110729217529,0.4289800524711609,0.5074557662010193,-0.20802298188209534,0.9989930391311646,0.4272634983062744,0.5064496994018555,-0.20810769498348236,0.9992720484733582,0.4171406030654907,0.5022419095039368,-0.07030417770147324,0.9982079863548279,0.4126659333705902,0.5013076663017273,-0.2722185254096985,0.9988824129104614,0.41900739073753357,0.516778290271759,-0.1371891051530838,0.9990881681442261,0.41599640250205994,0.5168789625167847,-0.19647639989852905,0.9992761015892029,0.3718046545982361,0.5199572443962097,0.08564326912164688,0.999721884727478,0.358440101146698,0.5231923460960388,-0.34340497851371765,0.9999086260795593,0.3429662585258484,0.5649606585502625,0.1672813445329666,0.11247360706329346,0.34185972809791565,0.5744270086288452,-0.39696404337882996,0.9618149995803833,0.3538239598274231,0.6119011640548706,0.11870220303535461,0.1404569447040558,0.3506799042224884,0.6277395486831665,-0.32938092947006226,0.9128776788711548,0.3583122491836548,0.62096107006073,0.128487229347229,0.1416686326265335,0.35686373710632324,0.637833297252655,-0.3702685534954071,0.8685929775238037,0.36345794796943665,0.6251043677330017,0.08373664319515228,0.14568346738815308,0.3631684482097626,0.6395010352134705,-0.352788507938385,0.8619756102561951,0.3603925108909607,0.6239107251167297,0.09717646986246109,0.15134109556674957,0.3602057993412018,0.6352691650390625,-0.3216511309146881,0.8088278770446777,0.2864100933074951,0.5952532887458801,0.12965188920497894,0.9995436668395996,0.2648301422595978,0.597232460975647,-0.129363551735878,0.999813437461853,0.3091122806072235,0.6665068864822388,0.15007798373699188,0.4837619960308075,0.272419273853302,0.6776804327964783,-0.13152526319026947,0.9548818469047546,0.30111613869667053,0.7318046689033508,0.24777016043663025,0.6590194702148438,0.272918164730072,0.7600323557853699,-0.051493387669324875,0.9677229523658752,0.28629744052886963,0.7428632378578186,0.25186699628829956,0.6920467615127563,0.26257145404815674,0.7713302373886108,-0.04959387332201004,0.934161365032196,0.3535015881061554,0.7447124123573303,0.17663273215293884,0.7855430245399475,0.31879228353500366,0.7861739993095398,-0.15576541423797607,0.9638804793357849
10,0.42620354890823364,0.5158188939094543,-0.1810266226530075,0.9994127750396729,0.43043646216392517,0.5101342797279358,-0.16754844784736633,0.999238133430481,0.4302109181880951,0.509605884552002,-0.1675991415977478,0.9991198778152466,0.4298139214515686,0.5089256763458252,-0.16770540177822113,0.9993686079978943,0.42886605858802795,0.5098337531089783,-0.21050630509853363,0.9991604685783386,0.4275537133216858,0.5090898871421814,-0.2106553167104721,0.9989290237426758,0.4260909855365753,0.5081540942192078,-0.2107444852590561,0.999228298664093,0.4155946373939514,0.5029460787773132,-0.08457302302122116,0.998091459274292,0.41190266609191895,0.5027761459350586,-0.27591681480407715,0.9988222122192383,0.4158156216144562,0.5186136960983276,-0.14361263811588287,0.9990466237068176,0.413204550743103,0.5188072919845581,-0.19982370734214783,0.9992515444755554,0.365726113319397,0.5172500014305115,0.06190754845738411,0.9997171759605408,0.3591242730617523,0.5243396162986755,-0.3432252109050751,0.9999068975448608,0.3348926305770874,0.5659932494163513,0.1348031610250473,0.10981235653162003,0.3410815894603729,0.5751146674156189,-0.394538551568985,0.9605826139450073,0.3504728674888611,0.6155555844306946,0.08650026470422745,0.13754287362098694,0.3526940941810608,0.6258428692817688,-0.32548096776008606,0.9114950299263,0.3562721312046051,0.6259719133377075,0.09491968154907227,0.1392780989408493,0.3595938980579376,0.6371995210647583,-0.36364296078681946,0.8673718571662903,0.35658738017082214,0.626032829284668,0.05229678750038147,0.14325706660747528,0.3656330108642578,0.6379581689834595,-0.3471778333187103,0.8607363700866699,0.3544797897338867,0.6244114637374878,0.06604581326246262,0.1491289585828781,0.36046698689460754,0.6337345838546753,-0.3182114064693451,0.8067811727523804,0.28542032837867737,0.5953994989395142,0.1242065578699112,0.9995618462562561,0.26132479310035706,0.5966573357582092,-0.1239362359046936,0.9998190999031067,0.30726128816604614,0.6644281148910522,0.1346832811832428,0.4831046164035797,0.2673936188220978,0.6757732033729553,-0.13163787126541138,0.9548175930976868,0.3030552268028259,0.7274392247200012,0.23940935730934143,0.6595416069030762,0.2720849812030792,0.7603099942207336,-0.04126624017953873,0.9677949547767639,0.2905212342739105,0.7377305626869202,0.24415212869644165,0.6921266913414001,0.2625328600406647,0.7711607217788696,-0.03833869844675064,0.9331528544425964,0.35656335949897766,0.7409034967422485,0.16638588905334473,0.7862963676452637,0.3111740052700043,0.786040723323822,-0.14619582891464233,0.963909387588501
11,0.42540493607521057,0.5154728889465332,-0.20878954231739044,0.9994214177131653,0.4294661283493042,0.5101158618927002,-0.19249574840068817,0.999244749546051,0.4293605387210846,0.5097216963768005,-0.1925385445356369,0.999130368232727,0.4290572702884674,0.5091840028762817,-0.19263696670532227,0.9993749260902405,0.4275010824203491,0.5094932913780212,-0.23694097995758057,0.9991730451583862,0.42598867416381836,0.5086219310760498,-0.2370891124010086,0.9989489316940308,0.4242546558380127,0.5075291395187378,-0.23716609179973602,0.999241292476654,0.41511234641075134,0.5037363171577454,-0.09531442821025848,0.998110294342041,0.4096249043941498,0.5020992159843445,-0.2927325665950775,0.9988477230072021,0.4154773950576782,0.5184733867645264,-0.16626015305519104,0.9990677833557129,0.41254010796546936,0.5182836651802063,-0.22422391176223755,0.9992735981941223,0.3722074627876282,0.5220553278923035,0.06565047055482864,0.9997234344482422,0.35301876068115234,0.522997260093689,-0.3577171862125397,0.9999079704284668,0.3445335924625397,0.5666237473487854,0.14495736360549927,0.11212004721164703,0.3344835340976715,0.5723156332969666,-0.41303128004074097,0.9601999521255493,0.3544080853462219,0.6128288507461548,0.0896386131644249,0.14126445353031158,0.3433683216571808,0.6315543055534363,-0.3465076982975006,0.9124621748924255,0.3628201186656952,0.6255780458450317,0.09719397127628326,0.14263062179088593,0.35544154047966003,0.6373501420021057,-0.38681623339653015,0.8695277571678162,0.3631385266780853,0.6261869072914124,0.053710419684648514,0.1468147188425064,0.36114975810050964,0.639010488986969,-0.3709641993045807,0.8630620241165161,0.3606635630130768,0.6245490312576294,0.06836065649986267,0.15313641726970673,0.3573196828365326,0.6340559124946594,-0.3392108082771301,0.8092221021652222,0.28709760308265686,0.5957770943641663,0.12788401544094086,0.9995831251144409,0.2595343589782715,0.59628826379776,-0.12763483822345734,0.9998257756233215,0.3077096939086914,0.6663032174110413,0.1415972262620926,0.48218730092048645,0.2704926133155823,0.6766741871833801,-0.1308932602405548,0.9548466801643372,0.30878692865371704,0.7276718616485596,0.2498329132795334,0.6576488018035889,0.27487653493881226,0.7581247091293335,-0.046732429414987564,0.968052327632904,0.28917422890663147,0.7385424375534058,0.25474631786346436,0.689788818359375,0.2689676284790039,0.7708253860473633,-0.04476061090826988,0.9324049949645996,0.35196131467819214,0.7415410280227661,0.17706803977489471,0.7853732705116272,0.3182031810283661,0.78514164686203,-0.15679576992988586,0.9641389846801758
12,0.42298173904418945,0.514899730682373,-0.21009568870067596,0.9993802905082703,0.42727723717689514,0.5090879797935486,-0.19535495340824127,0.9991911053657532,0.42738211154937744,0.5087971091270447,-0.1954224556684494,0.9990717768669128,0.4273322820663452,0.5083451271057129,-0.19554726779460907,0.9993308186531067,0.4246295690536499,0.5085845589637756,-0.2375902533531189,0.999121904373169,0.42300182580947876,0.5076879262924194,-0.2377392202615738,0.9988906383514404,0.4210120737552643,0.5064964890480042,-0.23782862722873688,0.9991979002952576,0.4135587513446808,0.5032050609588623,-0.1026792973279953,0.9980051517486572,0.40697669982910156,0.5015663504600525,-0.2904752492904663,0.9987944960594177,0.414135605096817,0.5180471539497375,-0.16892188787460327,0.9990214705467224,0.4103768765926361,0.5180712342262268,-0.22409634292125702,0.9992474913597107,0.3692116439342499,0.5219624638557434,0.05142432823777199,0.9997154474258423,0.3515261113643646,0.5244981050491333,-0.35008105635643005,0.9999036192893982,0.3431135416030884,0.5666645169258118,0.12948597967624664,0.11119409650564194,0.33634889125823975,0.5720887780189514,-0.40309303998947144,0.9579710364341736,0.3517497479915619,0.6152359843254089,0.08113295584917068,0.13983844220638275,0.35088515281677246,0.6281735897064209,-0.34398019313812256,0.9097662568092346,0.35610049962997437,0.624532163143158,0.08818931132555008,0.1414252668619156,0.35692763328552246,0.6389883756637573,-0.38375425338745117,0.8674726486206055,0.3600265085697174,0.628384530544281,0.044578589498996735,0.14573635160923004,0.3616957366466522,0.6406806707382202,-0.3690526485443115,0.861111044883728,0.35366901755332947,0.6244696378707886,0.06016223505139351,0.15239721536636353,0.3571646809577942,0.6353870034217834,-0.3375292718410492,0.8064495921134949,0.28549203276634216,0.5965185761451721,0.12098337709903717,0.9995972514152527,0.25666388869285583,0.5971024632453918,-0.12072625011205673,0.9998286962509155,0.3086061477661133,0.6659277081489563,0.12870381772518158,0.48124638199806213,0.2710084319114685,0.6756270527839661,-0.12909814715385437,0.9537230730056763,0.3003920614719391,0.7312177419662476,0.22797705233097076,0.6566410064697266,0.27089178562164307,0.7570903301239014,-0.04247948154807091,0.9673654437065125,0.2915041148662567,0.7442176342010498,0.23225893080234528,0.6872870922088623,0.26148521900177,0.7685883641242981,-0.040042951703071594,0.9297983646392822,0.3470206558704376,0.7436548471450806,0.15094949305057526,0.7850245833396912,0.3071870803833008,0.7829057574272156,-0.15114878118038177,0.9635294675827026
13,0.41991251707077026,0.5134270191192627,-0.2945919334888458,0.9993793964385986,0.42442575097084045,0.5083932876586914,-0.2778259813785553,0.9991853833198547,0.4247426986694336,0.508317232131958,-0.27788737416267395,0.9990679621696472,0.4248780310153961,0.5081111788749695,-0.2780192196369171,0.9993276000022888,0.42108166217803955,0.5069005489349365,-0.31654778122901917,0.9991227984428406,0.41921231150627136,0.5058038234710693,-0.31668931245803833,0.998894989490509,0.4171674847602844,0.5044921636581421,-0.3167608976364136,0.9991979002952576,0.41236257553100586,0.5036525726318359,-0.16753648221492767,0.9979892373085022,0.4026174247264862,0.49994462728500366,-0.33941182494163513,0.9987823963165283,0.4115106165409088,0.5166502594947815,-0.24689483642578125,0.9989963173866272,0.40659213066101074,0.5162607431411743,-0.2974183261394501,0.9992328882217407,0.375814288854599,0.5263203978538513,-0.0014950177865102887,0.9997054934501648,0.34121906757354736,0.5220938920974731,-0.37405040860176086,0.99989253282547,0.3498784899711609,0.5714884996414185,0.07659164071083069,0.11898373067378998,0.327495813369751,0.5748296976089478,-0.42438775300979614,0.9544726610183716,0.3571682274341583,0.617007851600647,0.02311256155371666,0.14931845664978027,0.3400580883026123,0.635563313961029,-0.3804633915424347,0.9065366983413696,0.3616040349006653,0.6264751553535461,0.025651926174759865,0.15068143606185913,0.3531947433948517,0.6410025954246521,-0.4213276505470276,0.865927517414093,0.36368533968925476,0.6288551688194275,-0.01780046708881855,0.15543679893016815,0.3581981658935547,0.6400870680809021,-0.41098546981811523,0.8598552942276001,0.3587168753147125,0.6253983378410339,0.002216977532953024,0.1625320017337799,0.354399174451828,0.6368462443351746,-0.3757719397544861,0.8051246404647827,0.29264411330223083,0.5960413217544556,0.11144528537988663,0.9996134042739868,0.2526254951953888,0.5946019887924194,-0.11121375113725662,0.999830424785614,0.3113219439983368,0.6613193154335022,0.09976186603307724,0.49454420804977417,0.2641492486000061,0.6726623773574829,-0.13461549580097198,0.9531489610671997,0.3113085925579071,0.7283806204795837,0.1928962916135788,0.664994478225708,0.26991161704063416,0.7536454796791077,-0.0527481883764267,0.967380166053772,0.29489925503730774,0.7367009520530701,0.19659316539764404,0.6890109181404114,0.2643122375011444,0.7668043971061707,-0.051008112728595734,0.9273499250411987,0.35566121339797974,0.7426593899726868,0.10483936220407486,0.790099024772644,0.30740100145339966,0.7800012230873108,-0.17522072792053223,0.9636302590370178
14,0.41920381784439087,0.5140342712402344,-0.3174356520175934,0.9993220567703247,0.42260298132896423,0.5084715485572815,-0.3012326657772064,0.9991024732589722,0.42283132672309875,0.5081979036331177,-0.30131906270980835,0.9989843964576721,0.4228975474834442,0.5077906847000122,-0.3014800250530243,0.9992650151252747,0.41939401626586914,0.5073591470718384,-0.3378021717071533,0.9990348815917969,0.41745078563690186,0.5063346028327942,-0.3379344940185547,0.9987945556640625,0.41528770327568054,0.5051282644271851,-0.3379940688610077,0.9991129636764526,0.4108443260192871,0.5032599568367004,-0.19077128171920776,0.9977917075157166,0.39990144968032837,0.5006476044654846,-0.35333892703056335,0.9986308217048645,0.4104503393173218,0.517306387424469,-0.2697814404964447,0.9988867044448853,0.40524837374687195,0.5170738101005554,-0.31752413511276245,0.9991387128829956,0.3783720135688782,0.5252872705459595,-0.028110401704907417,0.9996770620346069,0.3353613018989563,0.524971604347229,-0.378313273191452,0.9998553395271301,0.3523370921611786,0.5715904831886292,0.04716763645410538,0.13223940134048462,0.3227851688861847,0.5728873014450073,-0.4273914098739624,0.9503890872001648,0.35571202635765076,0.6116617321968079,-0.008921722881495953,0.1628257781267166,0.3430567979812622,0.6268693208694458,-0.38739013671875,0.9013903737068176,0.3634940981864929,0.6245993971824646,-0.009400637820363045,0.16325390338897705,0.35039111971855164,0.6399169564247131,-0.42663830518722534,0.8619378209114075,0.36350196599960327,0.6252262592315674,-0.04953506216406822,0.16828301548957825,0.35734957456588745,0.6399222016334534,-0.417961061000824,0.8560916185379028,0.3579130470752716,0.621399998664856,-0.02824280597269535,0.17556756734848022,0.35349538922309875,0.6345556974411011,-0.38300615549087524,0.8007683157920837,0.29095858335494995,0.5938977599143982,0.10345574468374252,0.9996158480644226,0.24952839314937592,0.5923851132392883,-0.10323358327150345,0.9998167157173157,0.30901968479156494,0.6646889448165894,0.05780031904578209,0.5134161710739136,0.261469304561615,0.6714074611663818,-0.15874075889587402,0.9524158239364624,0.3037227392196655,0.729836642742157,0.12739472091197968,0.6761285066604614,0.2700241208076477,0.7507823705673218,-0.08004482090473175,0.9666743874549866,0.28757286071777344,0.7386842370033264,0.12894557416439056,0.6919907927513123,0.25969618558883667,0.7619084715843201,-0.0782129317522049,0.9233047366142273,0.34562790393829346,0.7459486126899719,0.029628843069076538,0.7961339354515076,0.2989768981933594,0.7778986692428589,-0.204739049077034,0.9630076289176941
15,0.41320371627807617,0.5125702023506165,-0.37278008460998535,0.9993298053741455,0.41819295287132263,0.5075643062591553,-0.3534817695617676,0.9991104006767273,0.4187083840370178,0.5077359676361084,-0.3535652458667755,0.9990036487579346,0.41909414529800415,0.5077759623527527,-0.3537024259567261,0.9992721676826477,0.4144393801689148,0.5055410265922546,-0.3868280351161957,0.9990448951721191,0.4119110107421875,0.5041128396987915,-0.38693809509277344,0.9988150000572205,0.40963947772979736,0.5027737021446228,-0.38697028160095215,0.9991158246994019,0.40876656770706177,0.5042678117752075,-0.22422164678573608,0.9978179931640625,0.39350786805152893,0.4987773895263672,-0.3720419704914093,0.9986243844032288,0.4043426811695099,0.5165113806724548,-0.3183354139328003,0.998888373374939,0.3980560898780823,0.515489399433136,-0.3618362843990326,0.9991342425346375,0.3791997730731964,0.5287683606147766,-0.055673714727163315,0.9996747374534607,0.3273746371269226,0.5215685963630676,-0.38429293036460876,0.9998387098312378,0.3563050627708435,0.5738438963890076,0.00515147065743804,0.16562709212303162,0.3121102750301361,0.5794344544410706,-0.4284948706626892,0.9501693844795227,0.35545048117637634,0.6142994165420532,-0.06785058975219727,0.19287528097629547,0.3389251232147217,0.6281928420066833,-0.39959415793418884,0.901094913482666,0.3603004515171051,0.6234544515609741,-0.07491164654493332,0.18938912451267242,0.34716951847076416,0.6411659121513367,-0.4401646852493286,0.8622640371322632,0.3601554334163666,0.6245594024658203,-0.11265827715396881,0.19456182420253754,0.35261988639831543,0.6404367089271545,-0.43602532148361206,0.8567464351654053,0.3569331467151642,0.6229507327079773,-0.08620191365480423,0.20119869709014893,0.34897664189338684,0.6368322372436523,-0.3968605399131775,0.8021578192710876,0.29155540466308594,0.5941851139068604,0.09674771130084991,0.9996284246444702,0.24437139928340912,0.5907208919525146,-0.09645526856184006,0.9998125433921814,0.3105835020542145,0.6610803604125977,0.015450673177838326,0.5428001880645752,0.2614860534667969,0.6712111234664917,-0.18350151181221008,0.9533426761627197,0.3019624948501587,0.7297318577766418,0.08909104019403458,0.6926442980766296,0.26908084750175476,0.7558726072311401,-0.11270684003829956,0.9672920107841492,0.290458619594574,0.739498496055603,0.09091662615537643,0.6996731758117676,0.26401516795158386,0.7655918598175049,-0.11153733730316162,0.9216858744621277,0.3451327979564667,0.7478198409080505,-0.01848638616502285,0.805571973323822,0.3072926104068756,0.7831999659538269,-0.251601904630661,0.9637226462364197
16,0.41108211874961853,0.512175440788269,-0.40608641505241394,0.9993644952774048,0.41615766286849976,0.5064717531204224,-0.38635772466659546,0.9991523027420044,0.41672220826148987,0.506485104560852,-0.3864726424217224,0.999057412147522,0.4171146750450134,0.5063748955726624,-0.38660621643066406,0.9993057250976562,0.4116518199443817,0.5044087767601013,-0.4161764085292816,0.9990890622138977,0.4093363583087921,0.5031245350837708,-0.41625291109085083,0.9988758563995361,0.4067257046699524,0.5017082691192627,-0.4162515103816986,0.9991518259048462,0.4064342677593231,0.5025715231895447,-0.2554357349872589,0.9979283809661865,0.3900425136089325,0.4975367486476898,-0.3872292935848236,0.9986782073974609,0.40258458256721497,0.5159026384353638,-0.3517662286758423,0.998944103717804,0.395924836397171,0.5149860978126526,-0.39056411385536194,0.9991735219955444,0.38098815083503723,0.5281111001968384,-0.09407094120979309,0.9996849894523621,0.3158159554004669,0.5213922262191772,-0.38989681005477905,0.9998334646224976,0.360519140958786,0.5757299661636353,-0.0375107005238533,0.21925808489322662,0.29738470911979675,0.5794042944908142,-0.43349865078926086,0.9528340697288513,0.3561333119869232,0.6157844066619873,-0.10791826248168945,0.24117787182331085,0.33662596344947815,0.6277477741241455,-0.41441023349761963,0.9063531756401062,0.36202552914619446,0.6256734132766724,-0.11892370879650116,0.2301570028066635,0.3442330062389374,0.6416140794754028,-0.4553322494029999,0.8685445785522461,0.3604077696800232,0.625492513179779,-0.15433529019355774,0.23536317050457,0.3500555455684662,0.6415489315986633,-0.4526243209838867,0.8634403944015503,0.3571675717830658,0.6234100461006165,-0.12493202835321426,0.24087479710578918,0.34729722142219543,0.6373908519744873,-0.41236111521720886,0.811173677444458,0.29393818974494934,0.5919395089149475,0.0870952382683754,0.9996368288993835,0.2428848296403885,0.5877822637557983,-0.08678252249956131,0.9998050332069397,0.3090975880622864,0.6604330539703369,-0.011307355016469955,0.5771194696426392,0.2609650194644928,0.6676511764526367,-0.1938595175743103,0.9553953409194946,0.3036106526851654,0.7272619605064392,0.051713425666093826,0.7133081555366516,0.270973265171051,0.7510579824447632,-0.12458015978336334,0.9685408473014832,0.2921009361743927,0.7379650473594666,0.05262548103928566,0.7099668383598328,0.26767298579216003,0.7614434361457825,-0.12314014881849289,0.9206687808036804,0.34239768981933594,0.7488930225372314,-0.05967528000473976,0.8177452087402344,0.3062164783477783,0.7791946530342102,-0.2641865015029907,0.9650454521179199
17,0.40643787384033203,0.5100358128547668,-0.4413521885871887,0.9993993639945984,0.4124790132045746,0.5043507218360901,-0.4206644594669342,0.9991937875747681,0.4131768047809601,0.5043689012527466,-0.4207947254180908,0.9991071820259094,0.41367003321647644,0.5042375326156616,-0.4209293723106384,0.9993367791175842,0.40756675601005554,0.5021635890007019,-0.44889387488365173,0.9991328716278076,0.4050527513027191,0.5007979869842529,-0.44893813133239746,0.9989346265792847,0.4012088477611542,0.49888497591018677,-0.4489181935787201,0.9991880059242249,0.4029521942138672,0.5003762245178223,-0.28005436062812805,0.9980394840240479,0.384746789932251,0.49498268961906433,-0.40461963415145874,0.9987339377403259,0.3980938196182251,0.5139256715774536,-0.38302552700042725,0.9990140795707703,0.3906838893890381,0.5124409198760986,-0.41966280341148376,0.9992242455482483,0.381559282541275,0.5257459878921509,-0.11308638751506805,0.9997013807296753,0.3099883794784546,0.5196980834007263,-0.39959412813186646,0.9998341798782349,0.36520132422447205,0.5725459456443787,-0.04970301315188408,0.2796233594417572,0.2988339364528656,0.5743621587753296,-0.4370880424976349,0.9563508033752441,0.3535591661930084,0.6166231632232666,-0.12889645993709564,0.29709112644195557,0.3287492096424103,0.6237457394599915,-0.4275858998298645,0.9134596586227417,0.35819438099861145,0.6274051070213318,-0.14506810903549194,0.279265433549881,0.33589422702789307,0.6387481093406677,-0.4703900218009949,0.8774272799491882,0.35404494404792786,0.629917562007904,-0.18214541673660278,0.2845182716846466,0.34155958890914917,0.6395232081413269,-0.4733782708644867,0.8727598786354065,0.35250937938690186,0.6242069005966187,-0.1464340090751648,0.2887667417526245,0.3402208983898163,0.6341044306755066,-0.4275507926940918,0.8237205743789673,0.29622748494148254,0.5892022252082825,0.08268808573484421,0.999650239944458,0.24347099661827087,0.585187554359436,-0.0823303759098053,0.9998025894165039,0.3261966109275818,0.6505634188652039,-0.06971969455480576,0.6129541993141174,0.25949567556381226,0.6595759987831116,-0.23201687633991241,0.9584170579910278,0.3059029281139374,0.7242968678474426,0.005892916116863489,0.7337692379951477,0.27819904685020447,0.7506517171859741,-0.16348148882389069,0.9704452753067017,0.2949106991291046,0.7342761754989624,0.008349810726940632,0.7209764122962952,0.26666152477264404,0.7640487551689148,-0.16190454363822937,0.9214848279953003,0.3410971462726593,0.7448198199272156,-0.11197985708713531,0.8298174738883972,0.3126428723335266,0.7802276611328125,-0.31505274772644043,0.9669497013092041
18,0.3999423384666443,0.5091362595558167,-0.4453350901603699,0.9994288086891174,0.4056748151779175,0.5034250617027283,-0.4248714745044708,0.999228835105896,0.40650394558906555,0.5034026503562927,-0.42500540614128113,0.9991499781608582,0.4071437120437622,0.503289520740509,-0.4251336455345154,0.9993628263473511,0.4005281925201416,0.5014641880989075,-0.45372265577316284,0.9991660118103027,0.3979751169681549,0.5001217722892761,-0.4537754952907562,0.9989795684814453,0.39478299021720886,0.49840247631073,-0.4537528455257416,0.999212384223938,0.39673149585723877,0.5002841353416443,-0.28652602434158325,0.9981259107589722,0.3796227276325226,0.4943162202835083,-0.4139551520347595,0.9987694621086121,0.3927193582057953,0.5127381086349487,-0.38805240392684937,0.9990684390068054,0.38583406805992126,0.5113205313682556,-0.42544689774513245,0.9992594718933105,0.3778918385505676,0.5271325707435608,-0.12011660635471344,0.9997122287750244,0.30552974343299866,0.5183643102645874,-0.4136209785938263,0.9998281598091125,0.3643306493759155,0.5737543702125549,-0.06755191832780838,0.33314698934555054,0.29050689935684204,0.5707839727401733,-0.460221529006958,0.9594727754592896,0.3478878140449524,0.6214508414268494,-0.1577189862728119,0.34712180495262146,0.32277897000312805,0.6205254793167114,-0.4477331340312958,0.9197810292243958,0.3486115038394928,0.6363458037376404,-0.17455506324768066,0.3231513202190399,0.32695096731185913,0.6366404891014099,-0.4895593822002411,0.8852043747901917,0.34732645750045776,0.6358051300048828,-0.21116124093532562,0.3284939229488373,0.3325723111629486,0.6374196410179138,-0.492066890001297,0.880939781665802,0.34531864523887634,0.6310690641403198,-0.17581585049629211,0.3318468928337097,0.33320480585098267,0.6324078440666199,-0.447710782289505,0.8348315954208374,0.2922379970550537,0.5906186699867249,0.08578166365623474,0.9996495842933655,0.24018922448158264,0.5869304537773132,-0.08543681353330612,0.9997880458831787,0.3205605745315552,0.6568441390991211,-0.050560370087623596,0.6420207023620605,0.25873246788978577,0.6625080704689026,-0.22016827762126923,0.9603791832923889,0.30919623374938965,0.7245444655418396,0.014849779196083546,0.7490778565406799,0.27464547753334045,0.7469795942306519,-0.15690462291240692,0.9713647961616516,0.2982015609741211,0.7343668341636658,0.016391193494200706,0.7272534966468811,0.2697112262248993,0.7595541477203369,-0.15561498701572418,0.9195104837417603,0.35049527883529663,0.7449632883071899,-0.099565289914608,0.8384295105934143,0.29761987924575806,0.7716466188430786,-0.3039051592350006,0.9677790999412537
19,0.39539802074432373,0.5080400705337524,-0.4568828046321869,0.9994701743125916,0.400811105966568,0.5019355416297913,-0.4349987804889679,0.9992818832397461,0.40182578563690186,0.5019707083702087,-0.4351171851158142,0.9992120265960693,0.4027792513370514,0.5018351674079895,-0.4352185130119324,0.9994038343429565,0.39508041739463806,0.4997667372226715,-0.46285462379455566,0.9992215633392334,0.3924207389354706,0.4984274208545685,-0.46291327476501465,0.9990507960319519,0.38914257287979126,0.49677711725234985,-0.46290284395217896,0.9992599487304688,0.39218294620513916,0.49903175234794617,-0.29175832867622375,0.9982545971870422,0.3727431893348694,0.4927668571472168,-0.4143439829349518,0.9988462924957275,0.3882254660129547,0.512039303779602,-0.397732675075531,0.9991295337677002,0.38025036454200745,0.5103640556335449,-0.4338266849517822,0.9993042945861816,0.3777655065059662,0.5277982950210571,-0.12486079335212708,0.9997223615646362,0.3009379208087921,0.515027642250061,-0.41246986389160156,0.9998285174369812,0.3650226294994354,0.5738663077354431,-0.07913310825824738,0.38078200817108154,0.28564882278442383,0.5681136846542358,-0.45672836899757385,0.9626736044883728,0.34420517086982727,0.6176928877830505,-0.16491751372814178,0.38921621441841125,0.3163394331932068,0.6169344186782837,-0.4400427043437958,0.9259082674980164,0.340207576751709,0.6334821581840515,-0.18042975664138794,0.3588026165962219,0.31710633635520935,0.6303943395614624,-0.4826968014240265,0.8928754329681396,0.3396158814430237,0.6326876878738403,-0.21697331964969635,0.36403101682662964,0.3258926272392273,0.6323438286781311,-0.4850325286388397,0.8889562487602234,0.3388228714466095,0.6279338002204895,-0.1826600581407547,0.36678338050842285,0.32522571086883545,0.6268113255500793,-0.4402870833873749,0.8458582758903503,0.29029759764671326,0.5906502604484558,0.08296442776918411,0.9996622204780579,0.23719210922718048,0.5857230424880981,-0.08250391483306885,0.9997891187667847,0.32324400544166565,0.6539098620414734,-0.08518458157777786,0.6671066284179688,0.260159432888031,0.6627636551856995,-0.2520369291305542,0.9613903760910034,0.3172915279865265,0.7263306975364685,-0.041894711554050446,0.7622654438018799,0.2780413329601288,0.7471878528594971,-0.21031148731708527,0.9716421961784363,0.3033744990825653,0.7367031574249268,-0.042293623089790344,0.7342134714126587,0.274264931678772,0.7610760927200317,-0.2110922634601593,0.9175564050674438,0.36280539631843567,0.7429662346839905,-0.16655398905277252,0.8464146256446838,0.3189585506916046,0.7787522077560425,-0.36752399802207947,0.9683861136436462
20,0.39263588190078735,0.5060179829597473,-0.401638925075531,0.9995142221450806,0.39795181155204773,0.5001547932624817,-0.380056232213974,0.9993405938148499,0.39885765314102173,0.5002050995826721,-0.3801708519458771,0.99927818775177,0.39973121881484985,0.500077486038208,-0.3802545368671417,0.9994509816169739,0.392264723777771,0.49783822894096375,-0.4066285789012909,0.9992841482162476,0.3895462453365326,0.49643653631210327,-0.40666601061820984,0.9991291165351868,0.38608625531196594,0.49469515681266785,-0.40664008259773254,0.9993171691894531,0.3884533643722534,0.49726423621177673,-0.24318669736385345,0.9984017610549927,0.3692876398563385,0.49098241329193115,-0.3600718379020691,0.9989393353462219,0.38545164465904236,0.5100907683372498,-0.3456549346446991,0.9992008805274963,0.37706291675567627,0.5086826086044312,-0.38004887104034424,0.9993602633476257,0.3774650990962982,0.526412308216095,-0.0912621021270752,0.9997369050979614,0.29444146156311035,0.5117243528366089,-0.3663616180419922,0.9998356103897095,0.36633801460266113,0.572685182094574,-0.059294771403074265,0.42729321122169495,0.271920382976532,0.562449038028717,-0.4147239327430725,0.9658737778663635,0.3370952606201172,0.6117788553237915,-0.14609774947166443,0.43062272667884827,0.3077961504459381,0.6105939745903015,-0.39446815848350525,0.9320005178451538,0.3316105902194977,0.6280292272567749,-0.16321806609630585,0.39397165179252625,0.30742764472961426,0.6241343021392822,-0.43048033118247986,0.9007150530815125,0.33092308044433594,0.6270020604133606,-0.19215163588523865,0.3989734351634979,0.3159348666667938,0.6255722045898438,-0.4317129850387573,0.8971402645111084,0.3310740292072296,0.6195153594017029,-0.16104057431221008,0.4013547897338867,0.3167104125022888,0.6197869181632996,-0.39367711544036865,0.8572806119918823,0.28992554545402527,0.5907332301139832,0.07841338217258453,0.9996751546859741,0.23685286939144135,0.586251437664032,-0.0780043825507164,0.9997944235801697,0.32346412539482117,0.6482619047164917,-0.08743254095315933,0.6916697025299072,0.2598487436771393,0.6580321192741394,-0.24080070853233337,0.9633423089981079,0.3149901032447815,0.7202956080436707,-0.039759647101163864,0.7748051285743713,0.27630814909935,0.7464830875396729,-0.2057911902666092,0.9726852178573608,0.2989760637283325,0.7309663891792297,-0.03957277908921242,0.7412023544311523,0.2739381790161133,0.7607802748680115,-0.20639844238758087,0.9181612730026245,0.3523082137107849,0.740811288356781,-0.15328308939933777,0.8536876440048218,0.3173181712627411,0.778271496295929,-0.3512185513973236,0.9694294929504395
21,0.39179515838623047,0.5053030848503113,-0.382135808467865,0.999552845954895,0.3985448479652405,0.49978095293045044,-0.36126643419265747,0.9993924498558044,0.39998650550842285,0.49997851252555847,-0.36138972640037537,0.9993367195129395,0.4012705385684967,0.5000503063201904,-0.36146247386932373,0.9994922280311584,0.3917500674724579,0.49726101756095886,-0.3855624496936798,0.9993381500244141,0.3884088695049286,0.49576589465141296,-0.385606974363327,0.9991963505744934,0.38413429260253906,0.49369683861732483,-0.38561075925827026,0.9993653893470764,0.3914296329021454,0.49656790494918823,-0.22317837178707123,0.9985306859016418,0.3685433268547058,0.48925355076789856,-0.3310331106185913,0.9990206360816956,0.38525909185409546,0.5093234181404114,-0.32493290305137634,0.9992617964744568,0.3771364986896515,0.5071744322776794,-0.35661962628364563,0.9994070529937744,0.3798278868198395,0.5252461433410645,-0.08587431907653809,0.9997471570968628,0.29239752888679504,0.5073496699333191,-0.328738272190094,0.999836266040802,0.3614671528339386,0.5711767077445984,-0.06934429705142975,0.467081755399704,0.26237088441848755,0.5574468970298767,-0.3734334111213684,0.968625545501709,0.3359806537628174,0.6058896780014038,-0.1602727323770523,0.46622657775878906,0.2956213355064392,0.6058603525161743,-0.35866349935531616,0.9372602701187134,0.32804304361343384,0.6232044100761414,-0.18162499368190765,0.4259840250015259,0.2969784140586853,0.6200317144393921,-0.3935411274433136,0.9075424075126648,0.3250267803668976,0.619814932346344,-0.20617416501045227,0.4311334192752838,0.3059140145778656,0.6186644434928894,-0.3995731770992279,0.904358983039856,0.32551902532577515,0.6115247011184692,-0.17342184484004974,0.43364641070365906,0.30760112404823303,0.6143200397491455,-0.3601582646369934,0.8675652146339417,0.2944324016571045,0.5901857614517212,0.06717012822628021,0.9996949434280396,0.23663285374641418,0.5852813124656677,-0.0667230412364006,0.999801754951477,0.3277536630630493,0.6472398638725281,-0.1545431911945343,0.7176186442375183,0.25035497546195984,0.6495338678359985,-0.29364919662475586,0.9652901887893677,0.30649828910827637,0.7253780961036682,-0.1452886313199997,0.7908067107200623,0.27098819613456726,0.7398352026939392,-0.25111210346221924,0.9730503559112549,0.2933809757232666,0.7421541213989258,-0.14880123734474182,0.753089427947998,0.26894697546958923,0.7509052753448486,-0.25034865736961365,0.9165644645690918,0.34040069580078125,0.7546592354774475,-0.28330838680267334,0.863427460193634,0.2850303649902344,0.7679873704910278,-0.39884239435195923,0.9699411392211914
22,0.3937220573425293,0.5020259618759155,-0.29860466718673706,0.9995838403701782,0.3995804190635681,0.4970768690109253,-0.27527862787246704,0.9994375109672546,0.4008874297142029,0.4973570704460144,-0.27537068724632263,0.9993858337402344,0.4021757245063782,0.49751126766204834,-0.2754133343696594,0.99952632188797,0.3928312063217163,0.494430810213089,-0.29821643233299255,0.9993849396705627,0.3895605802536011,0.4929364323616028,-0.29826200008392334,0.9992527365684509,0.3847328722476959,0.4907829463481903,-0.29825279116630554,0.999406099319458,0.3926332890987396,0.4947320818901062,-0.1343289613723755,0.9986432790756226,0.36818182468414307,0.4866023063659668,-0.23690983653068542,0.999092161655426,0.38682106137275696,0.5065633058547974,-0.24081042408943176,0.9993124008178711,0.37863388657569885,0.5039480328559875,-0.2709479331970215,0.9994476437568665,0.38156265020370483,0.525864839553833,-0.013072721660137177,0.9997518062591553,0.2919675409793854,0.5021054148674011,-0.24271726608276367,0.9998422265052795,0.3612687885761261,0.5679169297218323,-0.021238964051008224,0.5002601742744446,0.2600567042827606,0.5484440922737122,-0.29660868644714355,0.9710593223571777,0.3256630301475525,0.5982595086097717,-0.13798454403877258,0.4961264431476593,0.2871982157230377,0.595140278339386,-0.3062424957752228,0.9419583082199097,0.31225213408470154,0.6135786175727844,-0.16620789468288422,0.45155009627342224,0.28902626037597656,0.6069709062576294,-0.342526376247406,0.9136166572570801,0.31339529156684875,0.609761118888855,-0.18085196614265442,0.4562757611274719,0.2975640594959259,0.6066349744796753,-0.3476560711860657,0.9107900857925415,0.3132855296134949,0.6042361855506897,-0.14776493608951569,0.45910724997520447,0.2984386682510376,0.6020627617835999,-0.3076953589916229,0.8769305348396301,0.295150488615036,0.5923528671264648,0.07172615081071854,0.9997156262397766,0.23624442517757416,0.58370441198349,-0.07139485329389572,0.9998129606246948,0.329425185918808,0.651793360710144,-0.1286139339208603,0.737410843372345,0.24967770278453827,0.6544051766395569,-0.2759498655796051,0.9662534594535828,0.3056507110595703,0.7287300229072571,-0.14317980408668518,0.8003619909286499,0.2677967846393585,0.7494971752166748,-0.2728324234485626,0.9725881218910217,0.2946775257587433,0.7429415583610535,-0.14980408549308777,0.7564663290977478,0.2636459171772003,0.762296736240387,-0.2759000360965729,0.9124282002449036,0.3417769968509674,0.7645865678787231,-0.28998512029647827,0.8691112995147705,0.30119913816452026,0.7835084199905396,-0.4341365396976471,0.9695333242416382
23,0.3892812430858612,0.5011991858482361,-0.2551090717315674,0.9996025562286377,0.3967110812664032,0.4965207278728485,-0.23247087001800537,0.9994692206382751,0.3987182378768921,0.4970434010028839,-0.2325538843870163,0.9994187355041504,0.40044131875038147,0.49738311767578125,-0.2326054722070694,0.9995482563972473,0.3885415494441986,0.49337318539619446,-0.2526697516441345,0.9994195103645325,0.3848400413990021,0.49175649881362915,-0.25273728370666504,0.9992949962615967,0.3800733983516693,0.4896518290042877,-0.25273004174232483,0.9994378685951233,0.3929387032985687,0.49574682116508484,-0.09488038718700409,0.998735249042511,0.3653077781200409,0.48578447103500366,-0.1864607036113739,0.9991493225097656,0.38317838311195374,0.5060228109359741,-0.1987113058567047,0.9993476271629333,0.3733125925064087,0.5034307241439819,-0.22568893432617188,0.9994769096374512,0.3819238543510437,0.5252190232276917,0.006257990375161171,0.9997525811195374,0.2899916470050812,0.5017602443695068,-0.1762838363647461,0.9998478293418884,0.3588469922542572,0.5642735958099365,0.025153873488307,0.5314107537269592,0.25006967782974243,0.542945921421051,-0.23140257596969604,0.9727471470832825,0.30585697293281555,0.5907613039016724,-0.06069386005401611,0.5177897214889526,0.2818039357662201,0.5837035775184631,-0.2723167836666107,0.9447873830795288,0.2930373549461365,0.5978108644485474,-0.08583385497331619,0.46713271737098694,0.28067734837532043,0.593657374382019,-0.3084385395050049,0.9169579148292542,0.2904336154460907,0.5921428203582764,-0.09665649384260178,0.4712297320365906,0.2898832857608795,0.5911824703216553,-0.310683935880661,0.9144912958145142,0.29292574524879456,0.5897994637489319,-0.06717357784509659,0.47404512763023376,0.2920835018157959,0.5890194773674011,-0.2729204297065735,0.8830397725105286,0.3021245002746582,0.5919985175132751,0.057943519204854965,0.9997297525405884,0.24108709394931793,0.5835884213447571,-0.05768375098705292,0.9998213648796082,0.3292251527309418,0.6529070734977722,-0.125203937292099,0.7568026781082153,0.24841251969337463,0.653347909450531,-0.24594277143478394,0.9666787981987,0.30841735005378723,0.7278925776481628,-0.1391962319612503,0.8095284700393677,0.26345688104629517,0.7499755620956421,-0.2435215413570404,0.9720529317855835,0.2948237955570221,0.7417014837265015,-0.14556533098220825,0.7588837146759033,0.26317811012268066,0.7609922885894775,-0.24650627374649048,0.9076111316680908,0.33811235427856445,0.7515285015106201,-0.2824728190898895,0.8741167187690735,0.28994977474212646,0.7839049696922302,-0.3995678126811981,0.9687619209289551
24,0.39082592725753784,0.4999922215938568,-0.1051352247595787,0.9995579719543457,0.3958713114261627,0.4947497248649597,-0.08068082481622696,0.9994257688522339,0.39722809195518494,0.4949907958507538,-0.08071953803300858,0.9993622303009033,0.39858269691467285,0.4951634705066681,-0.08076761662960052,0.9994876980781555,0.3890286982059479,0.4922933578491211,-0.09736113995313644,0.9993645548820496,0.3857642412185669,0.49083811044692993,-0.09743250906467438,0.9992312788963318,0.3818812072277069,0.48910951614379883,-0.09738766402006149,0.9993797540664673,0.3906562626361847,0.4932345747947693,0.054630864411592484,0.9987166523933411,0.3672507703304291,0.48510247468948364,-0.02221173420548439,0.9991173148155212,0.38439860939979553,0.5047832131385803,-0.051175907254219055,0.9993324279785156,0.37561607360839844,0.5025911927223206,-0.07395642250776291,0.9994731545448303,0.3839861750602722,0.5239855647087097,0.11970706284046173,0.9997482895851135,0.289211243391037,0.49989375472068787,-0.01980501040816307,0.9998518228530884,0.367566853761673,0.5545247793197632,0.0649595633149147,0.5649853348731995,0.24829663336277008,0.5304725170135498,-0.1082611009478569,0.9732133746147156,0.30285975337028503,0.572821855545044,-0.12555032968521118,0.5499870181083679,0.26387542486190796,0.5611549615859985,-0.2585658133029938,0.9469501972198486,0.28706660866737366,0.5788187384605408,-0.17050348222255707,0.49619752168655396,0.26391366124153137,0.568427324295044,-0.3087129592895508,0.9197747707366943,0.28333115577697754,0.571841835975647,-0.17184486985206604,0.49931570887565613,0.2746753394603729,0.5687529444694519,-0.31484106183052063,0.9176750183105469,0.2870796024799347,0.5687978863716125,-0.13078226149082184,0.4995429515838623,0.2774299681186676,0.5663764476776123,-0.26345038414001465,0.8880419731140137,0.30744078755378723,0.5912560224533081,0.05513249710202217,0.9997278451919556,0.24723504483699799,0.5822795033454895,-0.05518510565161705,0.9998146295547485,0.32741910219192505,0.6557444334030151,-0.08854693919420242,0.7755396366119385,0.25641173124313354,0.6561669707298279,-0.19899854063987732,0.9665169715881348,0.3039565682411194,0.7303712964057922,-0.08334434777498245,0.8187674880027771,0.2728165090084076,0.7498955130577087,-0.18434704840183258,0.9711694121360779,0.28378209471702576,0.7450021505355835,-0.08930517733097076,0.7555567622184753,0.26995426416397095,0.7619847059249878,-0.1879138946533203,0.8967638611793518,0.328592985868454,0.7690331935882568,-0.22296223044395447,0.8781084418296814,0.2972384989261627,0.7805007100105286,-0.33858340978622437,0.9669592380523682
25,0.38821861147880554,0.5017264485359192,-0.0680253878235817,0.9993855953216553,0.3940456807613373,0.49623212218284607,-0.04538160562515259,0.9992507100105286,0.39538848400115967,0.496480792760849,-0.04539540410041809,0.9991371035575867,0.39667293429374695,0.496622234582901,-0.04542842134833336,0.9992730617523193,0.38796350359916687,0.4939265549182892,-0.058843038976192474,0.9991694688796997,0.38475778698921204,0.49232742190361023,-0.05891675502061844,0.9989950656890869,0.3815547823905945,0.49054664373397827,-0.05887506902217865,0.9991786479949951,0.38847002387046814,0.49472859501838684,0.08444847166538239,0.9985154271125793,0.36815714836120605,0.48595571517944336,0.0221675094217062,0.9988823533058167,0.38080644607543945,0.5056236386299133,-0.0148908207193017,0.9990757703781128,0.3734053373336792,0.5032306909561157,-0.03365596383810043,0.9993108510971069,0.3840167224407196,0.5260127782821655,0.13093221187591553,0.9997108578681946,0.2903948426246643,0.49850398302078247,0.03599943220615387,0.9998526573181152,0.36534494161605835,0.5523231625556946,0.01519807893782854,0.5954144597053528,0.24471011757850647,0.525095522403717,-0.09084072709083557,0.9724830985069275,0.2822725474834442,0.553025484085083,-0.2058093249797821,0.5805230736732483,0.2405415028333664,0.5397674441337585,-0.3060682415962219,0.9485746026039124,0.255534827709198,0.5499986410140991,-0.2549523711204529,0.5236503481864929,0.236509308218956,0.5450639128684998,-0.3612756133079529,0.9224377870559692,0.2616952955722809,0.5442308187484741,-0.24242542684078217,0.5255094170570374,0.24788826704025269,0.5417467951774597,-0.3634970188140869,0.9207290410995483,0.26467791199684143,0.5439437627792358,-0.20593619346618652,0.5225791335105896,0.2507518231868744,0.5409486293792725,-0.3122304081916809,0.8928568363189697,0.2973141670227051,0.5952684879302979,0.050099413841962814,0.999727189540863,0.23899753391742706,0.5843890905380249,-0.05008489266037941,0.9998125433921814,0.32869040966033936,0.6567965149879456,-0.14770446717739105,0.7851206660270691,0.24532589316368103,0.6586369872093201,-0.24060805141925812,0.9623085260391235,0.3047102391719818,0.7314157485961914,-0.14812666177749634,0.8206624388694763,0.2698338031768799,0.750320315361023,-0.25144803524017334,0.9687149524688721,0.2888062596321106,0.746881365776062,-0.1544218510389328,0.7546708583831787,0.2645350992679596,0.7623355984687805,-0.2576918601989746,0.8913208842277527,0.3355139195919037,0.7704864144325256,-0.3014755845069885,0.8798282146453857,0.2965357005596161,0.7788019180297852,-0.4262085258960724,0.9650974273681641
26,0.39203083515167236,0.5001274943351746,-0.09015338122844696,0.9993662238121033,0.39748436212539673,0.4944759011268616,-0.06693628430366516,0.9992457032203674,0.3990286886692047,0.4946327805519104,-0.06694844365119934,0.9991206526756287,0.40051794052124023,0.49470704793930054,-0.06695649027824402,0.9992537498474121,0.39051294326782227,0.49205976724624634,-0.08025588095188141,0.999169647693634,0.38695088028907776,0.4905703663825989,-0.08032790571451187,0.9989947080612183,0.38320156931877136,0.4889066517353058,-0.08029907196760178,0.9991843104362488,0.3923534154891968,0.49262475967407227,0.06381373852491379,0.9985371828079224,0.3676359951496124,0.4845643937587738,0.003403890412300825,0.9989042282104492,0.3861384391784668,0.5045139193534851,-0.037514664232730865,0.9990551471710205,0.37710845470428467,0.5026665925979614,-0.05573907867074013,0.9993141889572144,0.385109007358551,0.5219286680221558,0.11459578573703766,0.9997032284736633,0.2906675338745117,0.49733150005340576,0.013914786279201508,0.9998619556427002,0.34787553548812866,0.5471163988113403,0.025015685707330704,0.6234334707260132,0.23453274369239807,0.5244870185852051,-0.1139698177576065,0.9734459519386292,0.2673453390598297,0.5335599184036255,-0.15161767601966858,0.607130229473114,0.23696476221084595,0.5268375873565674,-0.31656450033187866,0.9513389468193054,0.2460891157388687,0.5293564796447754,-0.19275277853012085,0.5465472340583801,0.23177887499332428,0.5258919596672058,-0.3676140606403351,0.9263806343078613,0.2508121728897095,0.5230084657669067,-0.1822531372308731,0.5470587611198425,0.2419099360704422,0.5201019048690796,-0.3658967912197113,0.924895167350769,0.253951758146286,0.5232698321342468,-0.1516386717557907,0.5413065552711487,0.2474697232246399,0.5206150412559509,-0.32053396105766296,0.8989701271057129,0.297666996717453,0.592536985874176,0.053718194365501404,0.9997323155403137,0.23856152594089508,0.5815773010253906,-0.05369286611676216,0.9998174905776978,0.3284033238887787,0.6560449600219727,-0.10930774360895157,0.7981230616569519,0.24333477020263672,0.6587790846824646,-0.2108098417520523,0.961459755897522,0.3076525926589966,0.7275753617286682,-0.08133865147829056,0.8260014653205872,0.27525854110717773,0.7486832737922668,-0.18420720100402832,0.9675812125205994,0.29489895701408386,0.7361544370651245,-0.08456728607416153,0.7566899657249451,0.2626831829547882,0.762488603591919,-0.1859973818063736,0.8865075707435608,0.3385646641254425,0.7526301741600037,-0.21118395030498505,0.8829397559165955,0.2945922911167145,0.771842360496521,-0.3333052694797516,0.9638710021972656
27,0.3896469473838806,0.4988822340965271,0.006492822431027889,0.9993860721588135,0.394893079996109,0.49407264590263367,0.02994387596845627,0.9992813467979431,0.3964764475822449,0.4944905936717987,0.03000105358660221,0.9991573691368103,0.3978814482688904,0.4947669208049774,0.030015969648957253,0.999281108379364,0.3881484270095825,0.4910217225551605,0.02450331673026085,0.9992148876190186,0.3848295509815216,0.48943090438842773,0.024400807917118073,0.9990507364273071,0.3809800148010254,0.487578809261322,0.02444794587790966,0.9992315173149109,0.39111682772636414,0.49346408247947693,0.14292332530021667,0.9986250996589661,0.36659955978393555,0.48394981026649475,0.11878857016563416,0.9989710450172424,0.38393521308898926,0.5041293501853943,0.04991370439529419,0.9990623593330383,0.3755849599838257,0.5014248490333557,0.0421241857111454,0.9993364214897156,0.385723739862442,0.5230244994163513,0.1481809914112091,0.9996926188468933,0.2947113811969757,0.4983222186565399,0.12363004684448242,0.9998704195022583,0.34586071968078613,0.5365205407142639,0.036972466856241226,0.6509692072868347,0.23768121004104614,0.5185903310775757,-0.0025993231683969498,0.9724761247634888,0.2616882622241974,0.5134643316268921,-0.10315548628568649,0.6330709457397461,0.23525238037109375,0.5070579648017883,-0.20338651537895203,0.9525124430656433,0.2447080761194229,0.5030502676963806,-0.14227232336997986,0.5702037811279297,0.22790126502513885,0.49980151653289795,-0.2459055632352829,0.9283475279808044,0.2476968616247177,0.4995046854019165,-0.12416563928127289,0.5691268444061279,0.2340998351573944,0.49576982855796814,-0.24662569165229797,0.9270628690719604,0.25056302547454834,0.5016210079193115,-0.09922381490468979,0.5607672333717346,0.23988927900791168,0.49895763397216797,-0.2088867425918579,0.9028638005256653,0.3015219569206238,0.5932801365852356,0.0350787416100502,0.9997449517250061,0.23979955911636353,0.5817458629608154,-0.03520103171467781,0.9998279809951782,0.329979807138443,0.6557865738868713,-0.1393851488828659,0.8081029057502747,0.245672807097435,0.6589852571487427,-0.19582673907279968,0.9593307375907898,0.3105628490447998,0.7270942330360413,-0.1437608152627945,0.8270004391670227,0.2704300880432129,0.7480617165565491,-0.23136071860790253,0.96563321352005,0.299709290266037,0.7364238500595093,-0.14931955933570862,0.7511591911315918,0.2670662999153137,0.76390141248703,-0.238834947347641,0.8780757188796997,0.33650219440460205,0.7519175410270691,-0.26605337858200073,0.8825814127922058,0.3044711947441101,0.7794175744056702,-0.3828190267086029,0.9616382122039795
28,0.38692623376846313,0.5004216432571411,-0.1184130609035492,0.9993898272514343,0.392120361328125,0.4950832724571228,-0.09753257036209106,0.9992919564247131,0.3936203718185425,0.4955054819583893,-0.09753157943487167,0.9991586208343506,0.39494842290878296,0.49577638506889343,-0.09750348329544067,0.9992752075195312,0.38637155294418335,0.4922140836715698,-0.10669239610433578,0.9992346167564392,0.383258581161499,0.49042806029319763,-0.10678494721651077,0.9990742802619934,0.37996727228164673,0.4885239899158478,-0.10677210986614227,0.9992554783821106,0.38785189390182495,0.49430352449417114,0.01838274486362934,0.9986128211021423,0.3661421239376068,0.48443639278411865,-0.021558130159974098,0.9989916086196899,0.3815373480319977,0.5049183368682861,-0.07188508659601212,0.9990072846412659,0.3736506998538971,0.5021942257881165,-0.08398322761058807,0.9993194937705994,0.3819258213043213,0.5212655067443848,0.03925953060388565,0.9996368288993835,0.2859150469303131,0.4991825222969055,-0.018666278570890427,0.9998624920845032,0.3281373381614685,0.526504397392273,-0.08618342131376266,0.6795819401741028,0.23043955862522125,0.52106773853302,-0.19388273358345032,0.972477376461029,0.2557116150856018,0.4918861985206604,-0.2219610959291458,0.6604509353637695,0.24200114607810974,0.4912433624267578,-0.38501936197280884,0.9541605114936829,0.23943156003952026,0.48277440667152405,-0.2651800811290741,0.5958031415939331,0.23465459048748016,0.4810672998428345,-0.43458688259124756,0.9301428198814392,0.24215656518936157,0.47733214497566223,-0.24673351645469666,0.5934293866157532,0.24084652960300446,0.4788723289966583,-0.42702293395996094,0.9288344383239746,0.24737507104873657,0.4803909659385681,-0.21923701465129852,0.5830115079879761,0.24444778263568878,0.4821348786354065,-0.38758745789527893,0.9057906270027161,0.2993670403957367,0.5953570604324341,0.04059367626905441,0.9997503161430359,0.23617041110992432,0.5838733315467834,-0.04055555537343025,0.9998321533203125,0.3295065760612488,0.6560725569725037,-0.15651452541351318,0.8188493847846985,0.24278296530246735,0.6627935767173767,-0.21245715022087097,0.9588416814804077,0.30899715423583984,0.7269774675369263,-0.11499589681625366,0.8331965804100037,0.28179413080215454,0.7542203664779663,-0.19693318009376526,0.9652820229530334,0.28433096408843994,0.7369833588600159,-0.11583075672388077,0.755537211894989,0.26989978551864624,0.7643650770187378,-0.20030207931995392,0.8754734992980957,0.3298160433769226,0.7504655718803406,-0.2446964979171753,0.8852078318595886,0.29766830801963806,0.7727401852607727,-0.361875057220459,0.9606536626815796
29,0.3836788833141327,0.5003815293312073,-0.13384422659873962,0.9993434548377991,0.39059874415397644,0.4963161051273346,-0.1166272759437561,0.9992639422416687,0.3922176957130432,0.4968818426132202,-0.11663900315761566,0.9991083741188049,0.39369454979896545,0.49734315276145935,-0.11662626266479492,0.9992247223854065,0.38476279377937317,0.49335145950317383,-0.12030579149723053,0.9992018938064575,0.38231053948402405,0.49143102765083313,-0.12038770318031311,0.9990266561508179,0.379265159368515,0.4897557199001312,-0.12036915868520737,0.9992244243621826,0.38816970586776733,0.49624907970428467,-0.0069890799932181835,0.9985025525093079,0.3669659197330475,0.4863414764404297,-0.02308802679181099,0.9989159107208252,0.37775203585624695,0.5046851634979248,-0.08930929750204086,0.9987995028495789,0.37043496966362,0.5015203356742859,-0.09448333829641342,0.9992005825042725,0.3736519515514374,0.5183818936347961,0.0027051251381635666,0.9994676113128662,0.28589579463005066,0.4969152510166168,0.0028817167039960623,0.9997978210449219,0.32652807235717773,0.514373242855072,-0.13979963958263397,0.7055863738059998,0.2306712418794632,0.5164585113525391,-0.13959260284900665,0.9703955054283142,0.25988534092903137,0.4766335189342499,-0.27566763758659363,0.6853304505348206,0.2507462501525879,0.47853711247444153,-0.30903226137161255,0.9534378051757812,0.2497575581073761,0.46451568603515625,-0.32349953055381775,0.6202147603034973,0.24428603053092957,0.4646776020526886,-0.3494316041469574,0.9287227392196655,0.2524002492427826,0.46154335141181946,-0.2967882454395294,0.6165945529937744,0.24888978898525238,0.46107217669487,-0.34864306449890137,0.927363395690918,0.2545894682407379,0.4641726613044739,-0.2697218656539917,0.604428768157959,0.2530224323272705,0.4681413471698761,-0.3138965368270874,0.9052287936210632,0.29961857199668884,0.5983362793922424,0.025553977116942406,0.9997197389602661,0.2373117208480835,0.5871931314468384,-0.025563936680555344,0.9998019337654114,0.32707270979881287,0.6589766144752502,-0.14273914694786072,0.8297426104545593,0.24240809679031372,0.6626936793327332,-0.17116080224514008,0.9580934047698975,0.3047690987586975,0.7293398380279541,-0.10249578952789307,0.8403031826019287,0.2828209698200226,0.7507606148719788,-0.12986622750759125,0.9635004997253418,0.28238293528556824,0.7414923310279846,-0.10321736335754395,0.7600300312042236,0.2723848819732666,0.76280277967453,-0.12993445992469788,0.8695052266120911,0.32996687293052673,0.7557281255722046,-0.23282554745674133,0.8878942131996155,0.30293941497802734,0.776865541934967,-0.27934905886650085,0.9576836824417114
30,0.3799987733364105,0.5005967020988464,-0.16700951755046844,0.9992179274559021,0.3873306214809418,0.49645718932151794,-0.14947471022605896,0.9991581439971924,0.3893449604511261,0.4970882833003998,-0.14949330687522888,0.9989434480667114,0.3912913203239441,0.4976257085800171,-0.1494872272014618,0.9990804195404053,0.38049042224884033,0.49341094493865967,-0.15326569974422455,0.9990779161453247,0.37756338715553284,0.49184972047805786,-0.15335653722286224,0.9988455176353455,0.37385615706443787,0.4896763265132904,-0.15335747599601746,0.9991046190261841,0.38706544041633606,0.49671193957328796,-0.033170390874147415,0.9982030391693115,0.3624036908149719,0.4867626428604126,-0.04962160438299179,0.9987182021141052,0.37516412138938904,0.5052682161331177,-0.1193293109536171,0.9983729124069214,0.3668452501296997,0.5015795826911926,-0.12464212626218796,0.9989545941352844,0.37746429443359375,0.5221028923988342,-0.0032566373702138662,0.9990508556365967,0.2911062240600586,0.49447813630104065,-0.022558530792593956,0.9997032284736633,0.333855003118515,0.5155993700027466,-0.14729389548301697,0.7273368239402771,0.22717486321926117,0.5040155649185181,-0.1533273458480835,0.9698596000671387,0.2713490128517151,0.4705203175544739,-0.30669263005256653,0.7067153453826904,0.2513490319252014,0.46683141589164734,-0.33227938413619995,0.9538806080818176,0.26462218165397644,0.4583725035190582,-0.3569657802581787,0.6409301161766052,0.2525216042995453,0.45512738823890686,-0.3756919205188751,0.928935706615448,0.26701247692108154,0.4543606638908386,-0.3325130343437195,0.636211633682251,0.25738632678985596,0.4521191716194153,-0.37685489654541016,0.9275946617126465,0.26942628622055054,0.46019724011421204,-0.3023257851600647,0.6223816275596619,0.2574739158153534,0.4573163092136383,-0.3379457890987396,0.906459629535675,0.301348477602005,0.5977743268013,0.03740578517317772,0.999580979347229,0.24020716547966003,0.5882147550582886,-0.03745632991194725,0.9996895790100098,0.3298400044441223,0.6579555869102478,-0.12245072424411774,0.8376809358596802,0.241678848862648,0.6651551723480225,-0.17499962449073792,0.9573218822479248,0.30689406394958496,0.7272292375564575,-0.07689028978347778,0.8449321985244751,0.2795828580856323,0.7526023983955383,-0.13478319346904755,0.9614425301551819,0.27831143140792847,0.7367786765098572,-0.0774584487080574,0.7631804943084717,0.27089619636535645,0.7639075517654419,-0.13520899415016174,0.8611450791358948,0.33776530623435974,0.7529484033584595,-0.209280326962471,0.888384997844696,0.30420687794685364,0.7803100943565369,-0.29460838437080383,0.9537087678909302
31,0.3841043710708618,0.5005279183387756,-0.13296107947826385,0.9991790652275085,0.38998889923095703,0.4962066113948822,-0.11232810467481613,0.9991376399993896,0.3913009464740753,0.4966397285461426,-0.1123286783695221,0.9988934397697449,0.39245277643203735,0.4969539940357208,-0.11232119053602219,0.9990358948707581,0.3842596411705017,0.49328187108039856,-0.12364233285188675,0.9990441799163818,0.3807970881462097,0.4913829565048218,-0.12373439967632294,0.998778223991394,0.3780365586280823,0.48935234546661377,-0.12374650686979294,0.9990619421005249,0.38599690794944763,0.49532178044319153,0.0100193927064538,0.9980774521827698,0.36445873975753784,0.4856293797492981,-0.040981538593769073,0.998645544052124,0.37869739532470703,0.5048251152038574,-0.0831546038389206,0.9981324672698975,0.3713306486606598,0.5012897849082947,-0.09851185977458954,0.9988179802894592,0.37490615248680115,0.5197831392288208,0.04710232466459274,0.9985835552215576,0.29486575722694397,0.49334245920181274,-0.03736532852053642,0.9995713233947754,0.33506229519844055,0.5093267560005188,-0.0853351429104805,0.7409341335296631,0.23035608232021332,0.4979746639728546,-0.1814333200454712,0.970320463180542,0.2793750762939453,0.4635370671749115,-0.24167084693908691,0.7220147252082825,0.26021960377693176,0.45885005593299866,-0.3270862400531769,0.9549253582954407,0.27392029762268066,0.4508243501186371,-0.2851155400276184,0.6553940176963806,0.26079070568084717,0.4457828402519226,-0.36976292729377747,0.9298535585403442,0.2777993977069855,0.44766607880592346,-0.26460951566696167,0.6496814489364624,0.2643647789955139,0.4451490640640259,-0.3642823100090027,0.9284276962280273,0.2790815830230713,0.4539065957069397,-0.2392241358757019,0.6347016096115112,0.2658127546310425,0.4512484669685364,-0.32939469814300537,0.9081836938858032,0.29970502853393555,0.5993162989616394,0.05436839908361435,0.9995219707489014,0.239957794547081,0.5891698002815247,-0.0543803796172142,0.9996395707130432,0.3287620544433594,0.6566566228866577,-0.11949058622121811,0.8442334532737732,0.2416934221982956,0.665033757686615,-0.21292810142040253,0.9575192332267761,0.3059742748737335,0.7284701466560364,-0.0776202380657196,0.8495457768440247,0.28504908084869385,0.7550169229507446,-0.17617958784103394,0.960769772529602,0.27393215894699097,0.7371171712875366,-0.07806522399187088,0.7683457136154175,0.2761274576187134,0.7620832920074463,-0.17704914510250092,0.8577128648757935,0.3326714038848877,0.7561615705490112,-0.2059454470872879,0.8899163007736206,0.29846009612083435,0.7740272879600525,-0.33665525913238525,0.9518131017684937
32,0.38105207681655884,0.4980175793170929,-0.18234525620937347,0.9992043375968933,0.38893193006515503,0.4938332438468933,-0.16251957416534424,0.9991707801818848,0.39089369773864746,0.4944164454936981,-0.16253817081451416,0.9989323616027832,0.3926396667957306,0.4948360323905945,-0.16253483295440674,0.9990674257278442,0.38148748874664307,0.4905482828617096,-0.1636546105146408,0.99906986951828,0.3776146471500397,0.48849809169769287,-0.16373389959335327,0.9988024234771729,0.3744794726371765,0.48689037561416626,-0.16373267769813538,0.9990795850753784,0.3887394666671753,0.4936635196208954,-0.03865038603544235,0.9981266856193542,0.36286067962646484,0.4839852452278137,-0.044215794652700424,0.9986594915390015,0.37670639157295227,0.5027176737785339,-0.13293617963790894,0.9980689883232117,0.36822786927223206,0.4984484612941742,-0.1350589543581009,0.9987671375274658,0.3814624547958374,0.5204440355300903,-0.02153552509844303,0.9982856512069702,0.29370173811912537,0.4947698414325714,-0.0032322315964847803,0.9994401335716248,0.34042277932167053,0.508662760257721,-0.1743372231721878,0.7641343474388123,0.2268160730600357,0.4939388930797577,-0.13524042069911957,0.9706844687461853,0.2873551845550537,0.45941418409347534,-0.33267104625701904,0.7460424304008484,0.27099454402923584,0.4522879719734192,-0.3097081184387207,0.9557650089263916,0.28357648849487305,0.4467557370662689,-0.3844209909439087,0.6827524304389954,0.2716121971607208,0.4425537884235382,-0.3535827100276947,0.9293032884597778,0.28874945640563965,0.4459412693977356,-0.35941511392593384,0.6767640709877014,0.2769611179828644,0.44262275099754333,-0.34772464632987976,0.9277870655059814,0.28800034523010254,0.4510781466960907,-0.3278068006038666,0.6610668301582336,0.27636727690696716,0.44712793827056885,-0.3135673701763153,0.9086578488349915,0.3022201955318451,0.600735604763031,0.025118177756667137,0.9994661211967468,0.23970670998096466,0.5911956429481506,-0.02505674585700035,0.9995943903923035,0.3278004825115204,0.6570330262184143,-0.1567620187997818,0.8519699573516846,0.2418648898601532,0.6663447022438049,-0.1929994374513626,0.9563202261924744,0.30976131558418274,0.7281859517097473,-0.11525774002075195,0.8535816073417664,0.26628464460372925,0.7490149736404419,-0.14309187233448029,0.9588220119476318,0.28381386399269104,0.7380530834197998,-0.11549326032400131,0.7701083421707153,0.2705882489681244,0.7595922350883484,-0.1425747126340866,0.8506026864051819,0.3262466788291931,0.7524832487106323,-0.2571392357349396,0.8909501433372498,0.2805458903312683,0.7706426978111267,-0.30646732449531555,0.9484449625015259
33,0.38146284222602844,0.49764448404312134,-0.21433140337467194,0.9992238879203796,0.3880249857902527,0.49379879236221313,-0.19207245111465454,0.9991914629936218,0.3902439773082733,0.4944740831851959,-0.1920773684978485,0.998944878578186,0.3920421600341797,0.4949024021625519,-0.19205951690673828,0.9990844130516052,0.38030368089675903,0.49041396379470825,-0.19961941242218018,0.9990853071212769,0.37785306572914124,0.4886855185031891,-0.19970285892486572,0.9988026022911072,0.37475189566612244,0.48706766963005066,-0.19972100853919983,0.9990881085395813,0.38810962438583374,0.49331408739089966,-0.05716336518526077,0.9980952143669128,0.36277252435684204,0.48368918895721436,-0.09073506295681,0.9986474514007568,0.37767383456230164,0.5022693276405334,-0.16013266146183014,0.9979792833328247,0.3689030408859253,0.4980233907699585,-0.17037910223007202,0.9987218379974365,0.38236698508262634,0.5185304880142212,-0.009824122302234173,0.9977834224700928,0.29875481128692627,0.4919903576374054,-0.0700385570526123,0.9992983341217041,0.3426358103752136,0.5042706727981567,-0.16212846338748932,0.7775577306747437,0.2308838665485382,0.4883527159690857,-0.23002290725708008,0.9718876481056213,0.29772427678108215,0.4603584110736847,-0.3394298553466797,0.760707437992096,0.277181476354599,0.4514066278934479,-0.40261638164520264,0.9572225213050842,0.2971658408641815,0.44451624155044556,-0.38962453603744507,0.696876585483551,0.2797015309333801,0.4392966330051422,-0.4526330828666687,0.9305479526519775,0.3011143207550049,0.44592469930648804,-0.3712410628795624,0.6902024149894714,0.286065012216568,0.44154486060142517,-0.4412929117679596,0.9288480877876282,0.29937639832496643,0.4520705044269562,-0.33846309781074524,0.6735693216323853,0.2855006754398346,0.4468725621700287,-0.4038594365119934,0.9102460741996765,0.3031643033027649,0.6006787419319153,0.04902222007513046,0.9994022846221924,0.2400979995727539,0.5905046463012695,-0.04906020313501358,0.9995369911193848,0.3307478427886963,0.655752420425415,-0.12851457297801971,0.8578916192054749,0.24282339215278625,0.6657060384750366,-0.21008187532424927,0.9564796090126038,0.3034960925579071,0.7273324728012085,-0.06744213402271271,0.8590755462646484,0.27385202050209045,0.748558759689331,-0.1473720818758011,0.9579982161521912,0.272612065076828,0.7357980608940125,-0.06654821336269379,0.7754367589950562,0.2736111581325531,0.7597872614860535,-0.14660143852233887,0.8446474075317383,0.3311026692390442,0.7531828284263611,-0.2059689164161682,0.8936728835105896,0.29581430554389954,0.7705363631248474,-0.3177046775817871,0.9468210339546204
34,0.3753577172756195,0.49535244703292847,-0.23622122406959534,0.9992403984069824,0.38477998971939087,0.4926195740699768,-0.21683242917060852,0.9992049932479858,0.38650593161582947,0.4929916262626648,-0.21686185896396637,0.9989483952522278,0.3883918225765228,0.4933122396469116,-0.21685585379600525,0.9990951418876648,0.37724053859710693,0.48931649327278137,-0.21753531694412231,0.999092161655426,0.3750559389591217,0.4874919652938843,-0.21761007606983185,0.9987908005714417,0.37012457847595215,0.48512277007102966,-0.21762125194072723,0.9990878701210022,0.38614898920059204,0.49228811264038086,-0.09138400852680206,0.9980660676956177,0.3618835210800171,0.4829961061477661,-0.09367311000823975,0.9986140131950378,0.3733559548854828,0.4998967945575714,-0.1854747086763382,0.997873842716217,0.3644565939903259,0.49583926796913147,-0.18662212789058685,0.9986567497253418,0.38477012515068054,0.5188841223716736,-0.05485805869102478,0.9971970915794373,0.2947262227535248,0.49264049530029297,-0.057316217571496964,0.999121367931366,0.348941832780838,0.5009228587150574,-0.22074554860591888,0.7941586971282959,0.22870630025863647,0.4862678349018097,-0.207750603556633,0.9724642038345337,0.30270281434059143,0.45531952381134033,-0.3943396210670471,0.776923418045044,0.2847839295864105,0.4521676003932953,-0.3909926116466522,0.9575775861740112,0.3017973303794861,0.44258609414100647,-0.44912901520729065,0.7130323052406311,0.2847851514816284,0.44025614857673645,-0.4406600892543793,0.9298520684242249,0.3064490854740143,0.4408709704875946,-0.42679890990257263,0.7057508826255798,0.29316219687461853,0.44139236211776733,-0.43055909872055054,0.9279073476791382,0.30535611510276794,0.447275847196579,-0.391306072473526,0.6882169246673584,0.29298755526542664,0.4475651979446411,-0.39341646432876587,0.909611165523529,0.30103352665901184,0.6001636981964111,0.035550136119127274,0.9993387460708618,0.23861810564994812,0.5905548930168152,-0.03560756891965866,0.9994775652885437,0.33254262804985046,0.6547384858131409,-0.1652122437953949,0.8632901906967163,0.24423851072788239,0.6649367213249207,-0.2122803032398224,0.9565935730934143,0.30394282937049866,0.7258656024932861,-0.1118878647685051,0.8640430569648743,0.2727249264717102,0.7476900815963745,-0.15688613057136536,0.95710688829422,0.2730650305747986,0.7338761687278748,-0.11170434951782227,0.7802706360816956,0.2713683545589447,0.763134777545929,-0.1565134972333908,0.8398485779762268,0.33311784267425537,0.7501474618911743,-0.2594895660877228,0.8962162733078003,0.30357658863067627,0.7798164486885071,-0.33276888728141785,0.9453486800193787
35,0.3798585534095764,0.49487245082855225,-0.25316357612609863,0.999265730381012,0.387525737285614,0.49194854497909546,-0.23303310573101044,0.9992209076881409,0.38971108198165894,0.4927530586719513,-0.23306511342525482,0.9989543557167053,0.39100947976112366,0.49304765462875366,-0.23306001722812653,0.9991100430488586,0.3806156814098358,0.4883027970790863,-0.2340242713689804,0.9991083145141602,0.3789353668689728,0.4866083264350891,-0.2341139018535614,0.9987946152687073,0.3765871226787567,0.48502761125564575,-0.23413453996181488,0.9990999698638916,0.3883068561553955,0.4923045039176941,-0.10239479690790176,0.9980517625808716,0.36592456698417664,0.4825471341609955,-0.10688669979572296,0.998611569404602,0.37452319264411926,0.4984751045703888,-0.20052579045295715,0.9978140592575073,0.36562755703926086,0.4936681389808655,-0.20224885642528534,0.9986405372619629,0.3863975405693054,0.5182924866676331,-0.06871850788593292,0.9965851306915283,0.30042651295661926,0.49087855219841003,-0.06592722982168198,0.9990038871765137,0.35177287459373474,0.501196563243866,-0.24851393699645996,0.8075979948043823,0.23538242280483246,0.48065218329429626,-0.23941393196582794,0.9731574654579163,0.30523329973220825,0.45722436904907227,-0.42698413133621216,0.7892034649848938,0.29163745045661926,0.45202717185020447,-0.4300582706928253,0.9570804834365845,0.3043164908885956,0.44315242767333984,-0.4837329387664795,0.7240347266197205,0.2957281172275543,0.4423011839389801,-0.48215213418006897,0.9269648194313049,0.3072080910205841,0.4446147382259369,-0.4603598713874817,0.715919017791748,0.2993757128715515,0.44466596841812134,-0.46737393736839294,0.9245893359184265,0.30607253313064575,0.4504370391368866,-0.42374035716056824,0.6971167922019958,0.301398903131485,0.449398398399353,-0.4315218925476074,0.9062914252281189,0.3035035729408264,0.6000878810882568,0.0373186320066452,0.9992824792861938,0.24043545126914978,0.5900945663452148,-0.03743225708603859,0.9994275569915771,0.3363136053085327,0.6554623246192932,-0.18279272317886353,0.8699545860290527,0.24220187962055206,0.6648232936859131,-0.23008133471012115,0.9575042128562927,0.3027256727218628,0.7276275753974915,-0.11883793771266937,0.8703457117080688,0.27202141284942627,0.7485440373420715,-0.1604255735874176,0.9572820067405701,0.27077558636665344,0.7331550121307373,-0.11761713773012161,0.7872821092605591,0.27686256170272827,0.7592951059341431,-0.1588570773601532,0.8376221656799316,0.3269810080528259,0.7526044845581055,-0.26977211236953735,0.9003002047538757,0.2931068241596222,0.771532416343689,-0.3421265780925751,0.9452939033508301
36,0.38784313201904297,0.49834221601486206,-0.19622443616390228,0.9992907047271729,0.39357790350914,0.49415498971939087,-0.17214424908161163,0.9992354512214661,0.39486587047576904,0.49431103467941284,-0.17215903103351593,0.9989586472511292,0.39639776945114136,0.4944203794002533,-0.17215408384799957,0.9991222023963928,0.38815805315971375,0.4918684661388397,-0.18139716982841492,0.9991263151168823,0.38581305742263794,0.49048417806625366,-0.18146802484989166,0.9988065361976624,0.38219743967056274,0.4885745346546173,-0.18148861825466156,0.9991175532341003,0.3897380828857422,0.4914553761482239,-0.03260977566242218,0.9980441331863403,0.36950111389160156,0.4846593141555786,-0.07519780844449997,0.9986436367034912,0.38332441449165344,0.5021153092384338,-0.14093030989170074,0.9978368878364563,0.37518206238746643,0.4985710084438324,-0.15372781455516815,0.9986789226531982,0.38705649971961975,0.5174127221107483,0.01348902564495802,0.996448278427124,0.30527034401893616,0.4904889464378357,-0.05821728706359863,0.9990046620368958,0.35322433710098267,0.5104835033416748,-0.13894978165626526,0.8166415095329285,0.2335219383239746,0.48341310024261475,-0.2339431345462799,0.9748950004577637,0.313181608915329,0.4647866189479828,-0.3107272982597351,0.798986554145813,0.2973423898220062,0.45496782660484314,-0.3946641683578491,0.9589697122573853,0.30664360523223877,0.45272114872932434,-0.3573712706565857,0.7321975827217102,0.2990695536136627,0.4467170834541321,-0.44405293464660645,0.9286025762557983,0.3103315234184265,0.4542149603366852,-0.3379044830799103,0.7233957648277283,0.30402764678001404,0.44716301560401917,-0.4248449206352234,0.9259862899780273,0.3098461627960205,0.456918865442276,-0.3089074492454529,0.7042413353919983,0.3053673505783081,0.4527120590209961,-0.3929545283317566,0.9081314206123352,0.3033409118652344,0.5989817976951599,0.056380171328783035,0.9992441534996033,0.24208712577819824,0.5885589718818665,-0.05653123930096626,0.9993864893913269,0.3379879891872406,0.6566823720932007,-0.1390986442565918,0.8773231506347656,0.24245837330818176,0.6673101782798767,-0.22789062559604645,0.9593649506568909,0.30164891481399536,0.7287768125534058,-0.06241730600595474,0.8766897320747375,0.26728641986846924,0.7481256723403931,-0.14582622051239014,0.9580479860305786,0.27704179286956787,0.7388961315155029,-0.05954793840646744,0.7950575351715088,0.26856938004493713,0.75916588306427,-0.14327025413513184,0.8356954455375671,0.32491788268089294,0.7545168995857239,-0.19416694343090057,0.9044306874275208,0.29179665446281433,0.7723890542984009,-0.31576570868492126,0.9458012580871582
37,0.3798983693122864,0.49442005157470703,-0.1915176659822464,0.9993342757225037,0.38837575912475586,0.49182844161987305,-0.16919124126434326,0.9992717504501343,0.3901219367980957,0.49225324392318726,-0.16922082006931305,0.9990012049674988,0.39221319556236267,0.4926515519618988,-0.16922086477279663,0.9991665482521057,0.3813270926475525,0.48888587951660156,-0.16869452595710754,0.9991671442985535,0.37883517146110535,0.48754245042800903,-0.16873864829540253,0.9988536238670349,0.3737432062625885,0.48529547452926636,-0.16872233152389526,0.9991576671600342,0.38997411727905273,0.4916253089904785,-0.037583127617836,0.9981273412704468,0.3645334839820862,0.48372986912727356,-0.035809438675642014,0.9986982941627502,0.3778798282146454,0.49892139434814453,-0.1403624415397644,0.9979342818260193,0.36530929803848267,0.4939133822917938,-0.14026090502738953,0.9987462759017944,0.391307532787323,0.5188938975334167,-0.013723127543926239,0.9964858293533325,0.30391013622283936,0.49199116230010986,0.004135380499064922,0.9990189671516418,0.35613855719566345,0.5107007026672363,-0.1819363236427307,0.8304544687271118,0.23195095360279083,0.48785915970802307,-0.15636709332466125,0.9763654470443726,0.313778281211853,0.466543972492218,-0.35129696130752563,0.8130020499229431,0.29784998297691345,0.4587486684322357,-0.3379024565219879,0.9604923129081726,0.3107893168926239,0.45537492632865906,-0.4048032760620117,0.7468840479850769,0.30178767442703247,0.4496321678161621,-0.385299950838089,0.9294729232788086,0.31436431407928467,0.4560936391353607,-0.3797968924045563,0.7377341389656067,0.3086383044719696,0.45205819606781006,-0.36986860632896423,0.9266660809516907,0.3149818480014801,0.45943301916122437,-0.34672868251800537,0.7182633280754089,0.3071620464324951,0.45657387375831604,-0.3388749361038208,0.9094842672348022,0.30418017506599426,0.5998329520225525,0.032950516790151596,0.9992170929908752,0.24224893748760223,0.5886657238006592,-0.033137526363134384,0.9993488788604736,0.33850711584091187,0.6554005742073059,-0.15915589034557343,0.8852502107620239,0.24532756209373474,0.6672850251197815,-0.1976698935031891,0.9608636498451233,0.2943487763404846,0.7279055714607239,-0.0869632363319397,0.8832118511199951,0.27255532145500183,0.7486514449119568,-0.10640623420476913,0.9581441283226013,0.2705722749233246,0.7359032034873962,-0.08473929762840271,0.8008690476417542,0.27606096863746643,0.7593296766281128,-0.10198462009429932,0.8313269019126892,0.3315293490886688,0.756706178188324,-0.2246667444705963,0.9082764983177185,0.30251163244247437,0.7833739519119263,-0.2673797607421875,0.9453288316726685
38,0.3852692246437073,0.49492403864860535,-0.1730280965566635,0.9993504285812378,0.3939293324947357,0.49276986718177795,-0.15075229108333588,0.9992782473564148,0.3956959545612335,0.49329569935798645,-0.15077361464500427,0.9990076422691345,0.39775654673576355,0.49382004141807556,-0.15077131986618042,0.9991744756698608,0.3871193528175354,0.48954445123672485,-0.15202510356903076,0.9991716146469116,0.38521987199783325,0.4876386523246765,-0.15205985307693481,0.9988574385643005,0.38050270080566406,0.48535892367362976,-0.15205596387386322,0.9991584420204163,0.3955618739128113,0.493280827999115,-0.022661179304122925,0.9981282949447632,0.3718177378177643,0.4848316013813019,-0.02864968590438366,0.9986788034439087,0.38380926847457886,0.49915334582328796,-0.12309831380844116,0.9978685975074768,0.37382420897483826,0.495136559009552,-0.12531550228595734,0.9987179636955261,0.3936697542667389,0.5204755663871765,-0.0012802162673324347,0.9962833523750305,0.3074122667312622,0.49330246448516846,0.005438452586531639,0.9989479184150696,0.35463178157806396,0.5171244740486145,-0.16760976612567902,0.8441281914710999,0.23860320448875427,0.4910537600517273,-0.1499229371547699,0.9770287871360779,0.3122784197330475,0.46830737590789795,-0.34076136350631714,0.8277391791343689,0.29340803623199463,0.4589097797870636,-0.3288808763027191,0.9611498713493347,0.30910566449165344,0.4577585756778717,-0.39325711131095886,0.7645148038864136,0.2953689992427826,0.4495725631713867,-0.37463051080703735,0.9288552403450012,0.3130081295967102,0.4561392664909363,-0.3685906231403351,0.7554131746292114,0.3038443326950073,0.45067232847213745,-0.36269107460975647,0.9260029196739197,0.31163904070854187,0.46081939339637756,-0.33637917041778564,0.7357147336006165,0.30275699496269226,0.45593124628067017,-0.33103424310684204,0.9096115231513977,0.30730482935905457,0.601030707359314,0.03865900635719299,0.9991664290428162,0.24507002532482147,0.5895861983299255,-0.03868468478322029,0.9993066191673279,0.3408433496952057,0.6558207869529724,-0.1555834412574768,0.8901757597923279,0.2513221800327301,0.6652390360832214,-0.2014085203409195,0.9609146118164062,0.3093099296092987,0.7278241515159607,-0.10470165312290192,0.8864122629165649,0.2831389009952545,0.7527605295181274,-0.15414763987064362,0.9580224752426147,0.29172247648239136,0.7393187880516052,-0.10439565032720566,0.8027710914611816,0.272332102060318,0.7607657313346863,-0.15439064800739288,0.8268877267837524,0.33591362833976746,0.7582724094390869,-0.2448822557926178,0.910059928894043,0.29258793592453003,0.7723218202590942,-0.32535243034362793,0.944669246673584
39,0.3946833610534668,0.5008553862571716,-0.19588246941566467,0.9993240237236023,0.40086567401885986,0.4973982870578766,-0.17278170585632324,0.9992426633834839,0.4018605649471283,0.4976423978805542,-0.1728074997663498,0.9989410638809204,0.4026828706264496,0.49768200516700745,-0.17280831933021545,0.9991328120231628,0.3958335816860199,0.4947235882282257,-0.17843587696552277,0.9991187453269958,0.3921706974506378,0.49264854192733765,-0.17846986651420593,0.9987608790397644,0.3898461163043976,0.49109143018722534,-0.17846998572349548,0.999100387096405,0.3977912664413452,0.4955821931362152,-0.03941936418414116,0.9979835748672485,0.3772869110107422,0.4879286587238312,-0.06500572711229324,0.9985575079917908,0.3887345790863037,0.5038421154022217,-0.14329659938812256,0.997657299041748,0.38091570138931274,0.4997848570346832,-0.15123793482780457,0.9986163377761841,0.3928088843822479,0.5202955603599548,-0.0065958318300545216,0.9960340857505798,0.3070501685142517,0.4953383505344391,-0.03672035411000252,0.9988604187965393,0.3576546907424927,0.5113422870635986,-0.16716262698173523,0.8520836234092712,0.24899673461914062,0.48893699049949646,-0.19400210678577423,0.9777465462684631,0.31027576327323914,0.4692171514034271,-0.3434291183948517,0.8353595733642578,0.2915525734424591,0.45886409282684326,-0.35637542605400085,0.9618896842002869,0.30687233805656433,0.45880380272865295,-0.3944418430328369,0.7702356576919556,0.29355040192604065,0.45077288150787354,-0.40288254618644714,0.9291803240776062,0.3100058436393738,0.4569970667362213,-0.3713999092578888,0.7604619860649109,0.3004627823829651,0.4518899619579315,-0.3889833986759186,0.9262150526046753,0.3087538778781891,0.46163707971572876,-0.3401964604854584,0.7402835488319397,0.29945138096809387,0.45649006962776184,-0.35693368315696716,0.910071074962616,0.30598968267440796,0.6009687185287476,0.04515492916107178,0.9990915060043335,0.2462276667356491,0.5903390049934387,-0.04527862370014191,0.9992496371269226,0.343686580657959,0.6566848754882812,-0.13469147682189941,0.8946174383163452,0.2523355484008789,0.6654583215713501,-0.19369657337665558,0.9617111682891846,0.31645336747169495,0.7260614633560181,-0.04902996867895126,0.888997495174408,0.2615395784378052,0.7496271133422852,-0.12507425248622894,0.958421528339386,0.29837435483932495,0.7376236319541931,-0.045426931232213974,0.8026162385940552,0.26765716075897217,0.75935959815979,-0.12439743429422379,0.8211098313331604,0.35056206583976746,0.7499736547470093,-0.1786184310913086,0.9115705490112305,0.2784980833530426,0.770295262336731,-0.29708343744277954,0.9447411894798279
40,0.4017079770565033,0.5056799054145813,-0.13253961503505707,0.9991430640220642,0.4073028266429901,0.5020484924316406,-0.11040966957807541,0.9990523457527161,0.40828365087509155,0.5024336576461792,-0.11040745675563812,0.9986284971237183,0.4089645445346832,0.5031315684318542,-0.11044181138277054,0.9989082217216492,0.40305155515670776,0.4993850588798523,-0.11983826011419296,0.9988733530044556,0.40067750215530396,0.4976922273635864,-0.11988275498151779,0.9983615279197693,0.39839988946914673,0.49594953656196594,-0.11991428583860397,0.9988470673561096,0.40326768159866333,0.5006486773490906,0.014503414742648602,0.997360110282898,0.3868010640144348,0.49185025691986084,-0.030144942924380302,0.9980431199073792,0.3951198160648346,0.5093344449996948,-0.08284128457307816,0.9967007040977478,0.38922733068466187,0.5056025385856628,-0.09643221646547318,0.9981228709220886,0.38993561267852783,0.5226641893386841,0.043561242520809174,0.9950835108757019,0.31602466106414795,0.49561262130737305,-0.004647028166800737,0.998647153377533,0.3505178391933441,0.5241187810897827,-0.0832480788230896,0.8475683927536011,0.26942139863967896,0.4825705289840698,-0.12980827689170837,0.9767124652862549,0.3006340563297272,0.47037363052368164,-0.23716124892234802,0.8327343463897705,0.28674548864364624,0.4626540541648865,-0.2660740315914154,0.9596554040908813,0.29514631628990173,0.45995622873306274,-0.2785562574863434,0.7648754119873047,0.2842366695404053,0.4543238580226898,-0.3040635287761688,0.9257211685180664,0.2974798381328583,0.46022680401802063,-0.2578335106372833,0.7541636228561401,0.29019466042518616,0.45674654841423035,-0.2929902672767639,0.9226266741752625,0.2981361746788025,0.4624638259410858,-0.2335246354341507,0.732862114906311,0.29054656624794006,0.4590173661708832,-0.2660864293575287,0.9063348174095154,0.3103764057159424,0.601948618888855,0.05366482958197594,0.9989737272262573,0.25241878628730774,0.5919322371482849,-0.05386454612016678,0.9991745352745056,0.3464536666870117,0.6566179990768433,-0.11861751973628998,0.8971709609031677,0.2574111521244049,0.6664745211601257,-0.20527875423431396,0.9623892903327942,0.3160143792629242,0.7251489758491516,-0.03890474885702133,0.8902360796928406,0.27144020795822144,0.7471298575401306,-0.13853266835212708,0.9589218497276306,0.2938254177570343,0.7317401170730591,-0.03505269065499306,0.8031812906265259,0.2884698510169983,0.7624589800834656,-0.13708311319351196,0.8191262483596802,0.34348443150520325,0.7498890161514282,-0.15123054385185242,0.9124496579170227,0.30236244201660156,0.7776418328285217,-0.2916543781757355,0.9449491500854492
41,0.4073186218738556,0.5101858973503113,-0.03523271903395653,0.9991258978843689,0.41085556149482727,0.5056794881820679,-0.010602463036775589,0.9990469217300415,0.41170185804367065,0.5058729648590088,-0.010587607510387897,0.9986130595207214,0.41243594884872437,0.5059281587600708,-0.010578981600701809,0.9988816976547241,0.40682315826416016,0.5032867193222046,-0.029880307614803314,0.9988811612129211,0.4046362638473511,0.5021081566810608,-0.029944097623229027,0.9983801245689392,0.4016144573688507,0.5005072355270386,-0.02997405081987381,0.9988616704940796,0.40475866198539734,0.50372314453125,0.10814528912305832,0.9973647594451904,0.3882687985897064,0.496869832277298,0.02271411381661892,0.9981067180633545,0.40018948912620544,0.5147607326507568,0.012248503975570202,0.996647298336029,0.39518454670906067,0.512512743473053,-0.013271219097077847,0.9981006383895874,0.38920173048973083,0.5252984762191772,0.15199173986911774,0.9952956438064575,0.3183574080467224,0.503786027431488,-0.012628495693206787,0.9987275004386902,0.3513634204864502,0.5099241733551025,0.05545452609658241,0.8450774550437927,0.26691311597824097,0.5021601915359497,-0.14979462325572968,0.9779717326164246,0.2984060049057007,0.4752967953681946,-0.08401428163051605,0.8359941244125366,0.2754236161708832,0.47344934940338135,-0.2631116509437561,0.962109386920929,0.2904476523399353,0.46484026312828064,-0.11431214958429337,0.7670190334320068,0.27296262979507446,0.46446171402931213,-0.30370792746543884,0.9301105737686157,0.2887345254421234,0.46264663338661194,-0.10024785995483398,0.7558679580688477,0.27776557207107544,0.4621305763721466,-0.29201534390449524,0.9271620512008667,0.29295867681503296,0.4660906493663788,-0.08368955552577972,0.73521888256073,0.2802937626838684,0.4675222337245941,-0.26144906878471375,0.9116346836090088,0.308167964220047,0.6038379073143005,0.07959700375795364,0.9990195035934448,0.2560356557369232,0.5936043858528137,-0.07959777861833572,0.9992122054100037,0.3462022542953491,0.6559538245201111,-0.09945236146450043,0.8945392966270447,0.26216933131217957,0.6668590903282166,-0.2336709350347519,0.9637731313705444,0.3142086863517761,0.723174512386322,-0.05768236145377159,0.8899614214897156,0.27124008536338806,0.7496337294578552,-0.23399093747138977,0.9605753421783447,0.2834266424179077,0.7319557070732117,-0.05789133161306381,0.8065447807312012,0.27060747146606445,0.7609990835189819,-0.23973752558231354,0.8234186172485352,0.34692659974098206,0.7482549548149109,-0.16768628358840942,0.9133862257003784,0.29665547609329224,0.777658224105835,-0.4018043875694275,0.9472317099571228
42,0.4094417989253998,0.5153504014015198,-0.020307406783103943,0.9991666674613953,0.4141221344470978,0.5104711651802063,0.005321579519659281,0.9991037845611572,0.41468799114227295,0.510678231716156,0.005350240506231785,0.998691976070404,0.41500410437583923,0.5107223391532898,0.005387834273278713,0.998937726020813,0.4111976623535156,0.5078295469284058,-0.023591162636876106,0.998958945274353,0.408798485994339,0.5063281059265137,-0.02368871308863163,0.9984996318817139,0.4063471555709839,0.504692554473877,-0.023700492456555367,0.9989451766014099,0.4056568145751953,0.5073391795158386,0.1277979016304016,0.9975394606590271,0.3892609477043152,0.4983561933040619,-0.001553025678731501,0.998265266418457,0.4018574655056,0.5186339020729065,0.02909052185714245,0.996894121170044,0.3969612717628479,0.5163794755935669,-0.008898467756807804,0.9982435703277588,0.38505586981773376,0.5230023860931396,0.18017852306365967,0.9956787824630737,0.31585967540740967,0.5039397478103638,-0.05840408429503441,0.9988388419151306,0.35390499234199524,0.5157318115234375,0.10315771400928497,0.8363006114959717,0.25698643922805786,0.5213635563850403,-0.24382507801055908,0.9792531728744507,0.3044956922531128,0.4820651113986969,-0.035143282264471054,0.8335785269737244,0.2799813151359558,0.4863039255142212,-0.3591957986354828,0.9644845128059387,0.2932325303554535,0.4734307527542114,-0.06274707615375519,0.762309193611145,0.2770644724369049,0.4752364158630371,-0.4016534686088562,0.9343039989471436,0.2976233661174774,0.4703812897205353,-0.05193822830915451,0.7512255311012268,0.2821788489818573,0.4737793207168579,-0.3892865478992462,0.9315369725227356,0.29994773864746094,0.4755646884441376,-0.03681394085288048,0.7316124439239502,0.283344566822052,0.47630414366722107,-0.35663655400276184,0.9167311787605286,0.30805283784866333,0.6014241576194763,0.09362117946147919,0.9990894198417664,0.26004549860954285,0.593749463558197,-0.0935291200876236,0.999272882938385,0.3485540747642517,0.657464861869812,-0.0922669768333435,0.8910596966743469,0.2717854082584381,0.6645119190216064,-0.25956907868385315,0.9653121829032898,0.3159211575984955,0.7264187932014465,-0.06816000491380692,0.8859904408454895,0.26869016885757446,0.7486175894737244,-0.2752918601036072,0.962303102016449,0.29511478543281555,0.7378416061401367,-0.0698503628373146,0.8069241046905518,0.26256999373435974,0.7603650689125061,-0.28124991059303284,0.8306512236595154,0.3548913300037384,0.7483325600624084,-0.1709901988506317,0.9121088981628418,0.29705455899238586,0.7741146683692932,-0.42943331599235535,0.9496238827705383
43,0.41525936126708984,0.5164583325386047,0.07755957543849945,0.9992219805717468,0.4202066957950592,0.5112663507461548,0.10408533364534378,0.999168336391449,0.4205288290977478,0.5112586617469788,0.10415954887866974,0.9987857341766357,0.42075783014297485,0.5110683441162109,0.10422173142433167,0.9990078806877136,0.4175380766391754,0.5094636082649231,0.07615956664085388,0.999042272567749,0.4157133102416992,0.5080180764198303,0.07597081363201141,0.9986256957054138,0.4140051305294037,0.5057719349861145,0.07596439123153687,0.9990329146385193,0.40999868512153625,0.5067099332809448,0.21608194708824158,0.9977322220802307,0.3969798684120178,0.49970903992652893,0.09165897965431213,0.9984228610992432,0.40648117661476135,0.519834578037262,0.12241551280021667,0.9971542358398438,0.40253734588623047,0.5173243284225464,0.08581515401601791,0.9983934760093689,0.38955146074295044,0.5294350385665894,0.2639563977718353,0.9960870742797852,0.3158781826496124,0.5082499980926514,0.014693246223032475,0.998952329158783,0.35776323080062866,0.5424596667289734,0.1908641904592514,0.8205046057701111,0.25682252645492554,0.5383049249649048,-0.15617159008979797,0.980047881603241,0.30762776732444763,0.5037160515785217,0.0581631064414978,0.8245769739151001,0.2842676341533661,0.5060817003250122,-0.2563103437423706,0.9657505750656128,0.2939707934856415,0.494165301322937,0.036129388958215714,0.750467836856842,0.28222793340682983,0.49353042244911194,-0.2921125590801239,0.9366428256034851,0.2968153655529022,0.49128201603889465,0.052357565611600876,0.7383132576942444,0.28620609641075134,0.49230268597602844,-0.27437835931777954,0.9338229298591614,0.29898563027381897,0.49383512139320374,0.0595669150352478,0.7185036540031433,0.28852570056915283,0.4951062798500061,-0.24993783235549927,0.9189532399177551,0.31356877088546753,0.600602388381958,0.09795447438955307,0.9991682767868042,0.26404958963394165,0.5936166644096375,-0.09798690676689148,0.999338686466217,0.35271355509757996,0.6562960147857666,-0.10899348556995392,0.8787395358085632,0.28210940957069397,0.6641091704368591,-0.2822791337966919,0.965142011642456,0.3211233615875244,0.7304112911224365,-0.13776785135269165,0.8760693073272705,0.2663382589817047,0.7490962147712708,-0.3581618070602417,0.9622289538383484,0.30416417121887207,0.7402717471122742,-0.1444142907857895,0.8056445121765137,0.2542242407798767,0.7595189213752747,-0.3690853714942932,0.8351485133171082,0.35741937160491943,0.7523677945137024,-0.24672475457191467,0.9080647826194763,0.30405402183532715,0.7830380201339722,-0.517719566822052,0.9507585167884827
44,0.4132259786128998,0.517392098903656,0.12134213000535965,0.9992892146110535,0.41845932602882385,0.5118871927261353,0.14544332027435303,0.999243974685669,0.4184292256832123,0.5117464661598206,0.14547079801559448,0.9988973736763,0.4182771146297455,0.5115438103675842,0.1455027014017105,0.9990977048873901,0.4162794053554535,0.5101536512374878,0.10717593133449554,0.9991313219070435,0.41458332538604736,0.5087414383888245,0.10694724321365356,0.998755156993866,0.4129171669483185,0.5072267055511475,0.1069047749042511,0.9991235733032227,0.40598219633102417,0.50589919090271,0.25340643525123596,0.9979439377784729,0.39908015727996826,0.5006653666496277,0.08161980658769608,0.9985762238502502,0.4036998748779297,0.5192753076553345,0.1664782613515854,0.9974192976951599,0.4009963572025299,0.5175987482070923,0.11595968902111053,0.998544454574585,0.3801230192184448,0.5244285464286804,0.3328024744987488,0.9964689016342163,0.32683080434799194,0.5080668926239014,-0.021217595785856247,0.9990562200546265,0.35311970114707947,0.5569649934768677,0.27938112616539,0.756960928440094,0.28981125354766846,0.5429073572158813,-0.06962860375642776,0.9796083569526672,0.367985337972641,0.5318076014518738,0.13344895839691162,0.7701505422592163,0.33267682790756226,0.542587399482727,0.03121691755950451,0.9637885093688965,0.36651676893234253,0.5265339612960815,0.1278693526983261,0.7012746930122375,0.3419824242591858,0.5431047081947327,0.025201689451932907,0.9340741634368896,0.37149855494499207,0.5227900743484497,0.13020096719264984,0.6896697282791138,0.3302042484283447,0.5360851883888245,0.0402802936732769,0.9307426810264587,0.3666275143623352,0.5264805555343628,0.12874333560466766,0.6718788743019104,0.33044055104255676,0.536455512046814,0.04439494386315346,0.9139001369476318,0.31047090888023376,0.59505695104599,0.10882050544023514,0.9992429614067078,0.26810386776924133,0.5898850560188293,-0.10871680080890656,0.9994004964828491,0.3509187400341034,0.6560242772102356,-0.07976008951663971,0.8605364561080933,0.285946249961853,0.6591104865074158,-0.30134323239326477,0.9643250107765198,0.31871119141578674,0.7326385974884033,-0.16210982203483582,0.8656393885612488,0.2630470097064972,0.7464980483055115,-0.4047968089580536,0.9619640707969666,0.3031392991542816,0.7426207065582275,-0.17321039736270905,0.8037891387939453,0.2484302967786789,0.756779134273529,-0.41670143604278564,0.8422653079032898,0.35581687092781067,0.7696523666381836,-0.26911023259162903,0.9036016464233398,0.3012981414794922,0.7841720581054688,-0.545982301235199,0.9522574543952942
45,0.41328561305999756,0.5173919200897217,0.023714737966656685,0.9993292093276978,0.418157696723938,0.512220025062561,0.04443040490150452,0.999292254447937,0.4182569682598114,0.5120106339454651,0.04444305598735809,0.9989728927612305,0.41826459765434265,0.5116570591926575,0.044452350586652756,0.9991573691368103,0.41558408737182617,0.5106221437454224,0.01361185684800148,0.9991846084594727,0.4137926399707794,0.5092693567276001,0.013497944921255112,0.9988386631011963,0.41178861260414124,0.5077077150344849,0.013506476767361164,0.9991776943206787,0.40558239817619324,0.5060871839523315,0.14567521214485168,0.9980896711349487,0.3970733880996704,0.5014491677284241,0.007938339374959469,0.998686671257019,0.4031861424446106,0.5195666551589966,0.06523448973894119,0.997633159160614,0.39996033906936646,0.5174245238304138,0.024595554918050766,0.9986596703529358,0.3818264305591583,0.5258890986442566,0.2217288613319397,0.996807873249054,0.3252237141132355,0.511676013469696,-0.06279540061950684,0.9991463422775269,0.37334388494491577,0.5646506547927856,0.1283026784658432,0.7351874709129333,0.2897639274597168,0.5564877390861511,-0.12827329337596893,0.9793639183044434,0.3931562006473541,0.5543930530548096,-0.07624981552362442,0.7627478241920471,0.3392108976840973,0.5695001482963562,-0.08720580488443375,0.9638921618461609,0.3998897671699524,0.5520380735397339,-0.10203713923692703,0.6930992603302002,0.34269431233406067,0.5727757215499878,-0.10196009278297424,0.9341696500778198,0.4037000238895416,0.5424389243125916,-0.09388729929924011,0.6815831065177917,0.3508469760417938,0.5700157880783081,-0.09728400409221649,0.9307287931442261,0.39945298433303833,0.5463014841079712,-0.08049308508634567,0.6635250449180603,0.3465781509876251,0.5684520602226257,-0.08131563663482666,0.9131052494049072,0.31391963362693787,0.5973197221755981,0.09070894867181778,0.9992971420288086,0.27029499411582947,0.5910892486572266,-0.09064149856567383,0.999446451663971,0.34271320700645447,0.6595578789710999,-0.03844626620411873,0.8515932559967041,0.27090248465538025,0.6635592579841614,-0.22557026147842407,0.9652130603790283,0.3109161853790283,0.7358178496360779,-0.0719449371099472,0.8568006753921509,0.2640109062194824,0.7542183995246887,-0.2856171131134033,0.9624149799346924,0.2909579873085022,0.7444095015525818,-0.08010049164295197,0.7898340821266174,0.2516022026538849,0.7658936977386475,-0.29502883553504944,0.8436275124549866,0.3491039276123047,0.7671736478805542,-0.17189154028892517,0.8994244933128357,0.3027312755584717,0.7788383364677429,-0.41442784667015076,0.9534674882888794
46,0.41573578119277954,0.5135366916656494,-0.07082939893007278,0.9989835619926453,0.42114564776420593,0.5082663297653198,-0.05719853937625885,0.9988253712654114,0.4211096167564392,0.5080522894859314,-0.05719275772571564,0.9984156489372253,0.42104506492614746,0.507679283618927,-0.05725864693522453,0.9987709522247314,0.41970130801200867,0.5070324540138245,-0.08960697799921036,0.9986978769302368,0.41853296756744385,0.5059406757354736,-0.0897485688328743,0.9982787370681763,0.41725531220436096,0.5046542882919312,-0.08977723866701126,0.9987714886665344,0.4094638228416443,0.5015217065811157,0.020316625013947487,0.9968774914741516,0.4032788574695587,0.49839141964912415,-0.12510491907596588,0.9979448914527893,0.405669242143631,0.5150924921035767,-0.036901235580444336,0.9969251155853271,0.40375009179115295,0.5134590268135071,-0.0797019749879837,0.9980663657188416,0.37306156754493713,0.5209495425224304,0.12508296966552734,0.9970342516899109,0.34560999274253845,0.5117169618606567,-0.1768903285264969,0.9992159008979797,0.36476051807403564,0.5625109076499939,0.16003961861133575,0.6774000525474548,0.3111268877983093,0.5572935938835144,-0.22487632930278778,0.9759715795516968,0.37347981333732605,0.5976302623748779,0.08822295814752579,0.711243212223053,0.35693326592445374,0.596867024898529,-0.1912687122821808,0.9573134779930115,0.38266345858573914,0.606355607509613,0.0883142352104187,0.6484135389328003,0.3608880639076233,0.6095826625823975,-0.2145467847585678,0.9266995191574097,0.38034769892692566,0.608534038066864,0.06190285086631775,0.6385053992271423,0.37146276235580444,0.6083666682243347,-0.20811395347118378,0.9232277870178223,0.37883731722831726,0.6033219695091248,0.07405979186296463,0.6223027110099792,0.3694283068180084,0.6043795347213745,-0.18679429590702057,0.9030133485794067,0.30968621373176575,0.5937513709068298,0.09648090600967407,0.9992735981941223,0.27899307012557983,0.5909611582756042,-0.09638997912406921,0.9994598627090454,0.32235077023506165,0.6583070755004883,0.024502987042069435,0.8185422420501709,0.2914300560951233,0.6648321151733398,-0.17373406887054443,0.9625192284584045,0.30782514810562134,0.7293431758880615,0.03808564320206642,0.8422245383262634,0.2712249457836151,0.7460765838623047,-0.17858612537384033,0.9618692398071289,0.2903093993663788,0.7378232479095459,0.03301798552274704,0.7824837565422058,0.2635345458984375,0.7573519945144653,-0.18446698784828186,0.8496271371841431,0.35320091247558594,0.7467905879020691,-0.05669289454817772,0.8928896188735962,0.3023656904697418,0.7739244103431702,-0.2988997995853424,0.9541875720024109
47,0.41223838925361633,0.5111590623855591,-0.14126436412334442,0.9990416765213013,0.418770968914032,0.5062190294265747,-0.12548688054084778,0.9988815188407898,0.418679416179657,0.5060282349586487,-0.12543505430221558,0.9985018968582153,0.41851678490638733,0.5056632161140442,-0.12546969950199127,0.9988425374031067,0.41727370023727417,0.5049811005592346,-0.16491477191448212,0.9987722039222717,0.41600891947746277,0.5039289593696594,-0.1650562584400177,0.9983848333358765,0.4147826135158539,0.5027472376823425,-0.16507773101329803,0.9988428950309753,0.40733078122138977,0.49968114495277405,-0.03633050620555878,0.9970524907112122,0.4027588963508606,0.4978598654270172,-0.21247486770153046,0.9980835318565369,0.40233874320983887,0.5126699209213257,-0.10261686146259308,0.99715256690979,0.3997345566749573,0.5110867619514465,-0.15435560047626495,0.9981947541236877,0.37181124091148376,0.5137617588043213,0.10197420418262482,0.9973047375679016,0.3518984019756317,0.511755108833313,-0.2700618803501129,0.9992892742156982,0.3646867275238037,0.5565245151519775,0.17104652523994446,0.6280778050422668,0.3351690471172333,0.5645502209663391,-0.32899168133735657,0.9763216972351074,0.38262268900871277,0.6019313335418701,0.12119091302156448,0.6653841733932495,0.370688796043396,0.6119289994239807,-0.27874112129211426,0.9562309384346008,0.3922901153564453,0.6115278601646423,0.12890072166919708,0.6086112856864929,0.37944522500038147,0.6226589679718018,-0.3106738328933716,0.9258809685707092,0.39218670129776,0.6124905347824097,0.09308357536792755,0.6003324389457703,0.38578420877456665,0.6238672137260437,-0.2979002296924591,0.9224818348884583,0.3878091275691986,0.6108332276344299,0.1039091944694519,0.5867710113525391,0.3829672336578369,0.620417058467865,-0.27166926860809326,0.9010732173919678,0.3099737763404846,0.5891262888908386,0.11295662075281143,0.9993171095848083,0.28469353914260864,0.5900211334228516,-0.11280247569084167,0.9994972944259644,0.3155018985271454,0.6565008163452148,0.08054104447364807,0.7871253490447998,0.2921842336654663,0.6666963696479797,-0.1535867303609848,0.9607213735580444,0.30281591415405273,0.732079803943634,0.1146441176533699,0.8245035409927368,0.27801594138145447,0.7458800673484802,-0.13095319271087646,0.9613573551177979,0.29119056463241577,0.7379468679428101,0.11131202429533005,0.7732431888580322,0.2636341452598572,0.757183313369751,-0.13424329459667206,0.8561293482780457,0.3432517349720001,0.7466520667076111,0.02353236824274063,0.8823971152305603,0.31259235739707947,0.7713839411735535,-0.24281390011310577,0.9546442627906799
48,0.41775640845298767,0.5067657828330994,0.013806593604385853,0.9991045594215393,0.42243197560310364,0.5008504986763,0.025131549686193466,0.998948335647583,0.4215623736381531,0.5004075765609741,0.025136198848485947,0.9986005425453186,0.42042431235313416,0.4997711181640625,0.025115426629781723,0.9989209771156311,0.42249420285224915,0.50046306848526,-0.015416933223605156,0.9988515377044678,0.4216481149196625,0.49979937076568604,-0.015578815713524818,0.9984952807426453,0.42063474655151367,0.4990004003047943,-0.01559422630816698,0.9989187121391296,0.4078671634197235,0.49494656920433044,0.080947145819664,0.9972555041313171,0.40772584080696106,0.49484947323799133,-0.10050385445356369,0.9982226490974426,0.4073278605937958,0.5089383721351624,0.04036751389503479,0.9973793625831604,0.40691691637039185,0.508535623550415,-0.012953570112586021,0.9983243346214294,0.3585454225540161,0.5069948434829712,0.1818205714225769,0.9975526928901672,0.36363089084625244,0.5087190270423889,-0.1905018389225006,0.999355673789978,0.34537407755851746,0.5531244874000549,0.23453478515148163,0.5743518471717834,0.3537375330924988,0.5578252077102661,-0.2571156620979309,0.9755008220672607,0.3712242543697357,0.5914363861083984,0.17871220409870148,0.6089932918548584,0.3697667717933655,0.5969153046607971,-0.20256398618221283,0.9499754309654236,0.3791489899158478,0.6012037396430969,0.1907140463590622,0.5580751895904541,0.3777781128883362,0.6072331070899963,-0.23175902664661407,0.9174134731292725,0.38171401619911194,0.603725790977478,0.15992270410060883,0.5508711934089661,0.3791872560977936,0.6075826287269592,-0.21529056131839752,0.9137097597122192,0.3765570819377899,0.5967758297920227,0.16365937888622284,0.5391842722892761,0.3770884871482849,0.6057936549186707,-0.1944568157196045,0.8888320922851562,0.2994392514228821,0.5860210061073303,0.11328896880149841,0.9993526339530945,0.29152315855026245,0.588878870010376,-0.11298134922981262,0.9995319843292236,0.3144772946834564,0.6563071012496948,0.04346565902233124,0.7520939111709595,0.30126386880874634,0.6661593317985535,-0.19865699112415314,0.9588247537612915,0.3003849387168884,0.733674943447113,0.047226160764694214,0.8062998652458191,0.2786704897880554,0.7468158602714539,-0.19868390262126923,0.9607411026954651,0.28643813729286194,0.7442017197608948,0.041020218282938004,0.7650778889656067,0.2684246003627777,0.7568086385726929,-0.20343905687332153,0.8630234599113464,0.3422001004219055,0.7484846711158752,-0.04633256793022156,0.8720561265945435,0.30962496995925903,0.7715722918510437,-0.3040196895599365,0.9550763368606567
49,0.426323801279068,0.5036035180091858,0.03200696036219597,0.999170184135437,0.4279903173446655,0.4969339370727539,0.0364171639084816,0.999029815196991,0.42698994278907776,0.49637842178344727,0.036421630531549454,0.998714029788971,0.4253934621810913,0.49560120701789856,0.03640539571642876,0.99900883436203,0.42770636081695557,0.49710655212402344,0.00011531617201399058,0.9989447593688965,0.42661386728286743,0.4967239797115326,-5.927111487835646e-05,0.9986203908920288,0.4254249930381775,0.4962606430053711,-8.264648931799456e-05,0.9990069270133972,0.40942177176475525,0.49185118079185486,0.06448392570018768,0.997494637966156,0.4116043746471405,0.49378374218940735,-0.09852156788110733,0.9983812570571899,0.41632887721061707,0.5076651573181152,0.04887489601969719,0.9976085424423218,0.41569259762763977,0.5083783268928528,0.0008857919601723552,0.9984639883041382,0.34651342034339905,0.4964846074581146,0.1538274586200714,0.9977830052375793,0.3725687265396118,0.5184172987937927,-0.17841406166553497,0.9994181990623474,0.3246127665042877,0.5487422943115234,0.24121427536010742,0.5259914994239807,0.3616761565208435,0.570477306842804,-0.1961892545223236,0.973050594329834,0.35876262187957764,0.5820751786231995,0.2477959543466568,0.5554274916648865,0.3782075345516205,0.6036753058433533,-0.09149473160505295,0.9334527850151062,0.3659491240978241,0.588763415813446,0.27071061730384827,0.5101760029792786,0.38151878118515015,0.6119059324264526,-0.10740240663290024,0.8962934613227844,0.37363874912261963,0.5906767249107361,0.23808932304382324,0.5038509964942932,0.38475731015205383,0.6095499396324158,-0.09069380909204483,0.8919287919998169,0.37217384576797485,0.5890571475028992,0.2345636934041977,0.4938794672489166,0.38138914108276367,0.6060702800750732,-0.08178118616342545,0.8637859225273132,0.2916775047779083,0.586171567440033,0.10631667822599411,0.9993826150894165,0.30005696415901184,0.59067302942276,-0.10600513219833374,0.999566376209259,0.3043053150177002,0.6589212417602539,0.09874548763036728,0.717742919921875,0.30553117394447327,0.6690670251846313,-0.1316017359495163,0.9571362137794495,0.3054458498954773,0.7336390018463135,0.11303404718637466,0.7888039350509644,0.2811133563518524,0.7505748271942139,-0.11630392074584961,0.9594377279281616,0.2865751385688782,0.7469667196273804,0.10894020646810532,0.7569236159324646,0.2680840492248535,0.7586637139320374,-0.11816930770874023,0.8693621754646301,0.33569538593292236,0.749854326248169,0.0399913489818573,0.8593655824661255,0.31571072340011597,0.7730790376663208,-0.19516664743423462,0.9540545344352722
50,0.42720702290534973,0.5018148422241211,0.16584500670433044,0.9992103576660156,0.4292266070842743,0.495283305644989,0.16087359189987183,0.9990967512130737,0.42789119482040405,0.4947029948234558,0.16082854568958282,0.9988094568252563,0.42570430040359497,0.4938333332538605,0.1608085036277771,0.9990804195404053,0.43030038475990295,0.4956037402153015,0.12823502719402313,0.9990202188491821,0.4297712743282318,0.4952942430973053,0.12806446850299835,0.9987238645553589,0.4291858673095703,0.49495992064476013,0.12805891036987305,0.999076783657074,0.4106757938861847,0.48965805768966675,0.14567212760448456,0.997710645198822,0.41710007190704346,0.49262964725494385,-0.0018036254914477468,0.9985162019729614,0.41602155566215515,0.5048819780349731,0.16760022938251495,0.9977954626083374,0.4177943766117096,0.5054647326469421,0.1239914819598198,0.9985661506652832,0.3401000499725342,0.489472895860672,0.19469276070594788,0.9979838132858276,0.381427139043808,0.5148884654045105,-0.09829770028591156,0.99947190284729,0.3195973336696625,0.5341817736625671,0.30189669132232666,0.48408016562461853,0.38768312335014343,0.5526678562164307,-0.08064557611942291,0.9549863934516907,0.34697845578193665,0.5444472432136536,0.35634103417396545,0.5074498057365417,0.38420814275741577,0.5467055439949036,0.08775398135185242,0.8860986828804016,0.35181695222854614,0.54612797498703,0.3916202485561371,0.46730661392211914,0.3850654363632202,0.5452423691749573,0.09016884863376617,0.8480222821235657,0.3585677444934845,0.5464970469474792,0.3668210506439209,0.46179574728012085,0.37978023290634155,0.5424329042434692,0.09933474659919739,0.8429824709892273,0.3583262264728546,0.5465911030769348,0.3490736782550812,0.4531385004520416,0.3769284188747406,0.5427666306495667,0.09645970910787582,0.812434732913971,0.28879231214523315,0.5858874917030334,0.09993943572044373,0.9994201064109802,0.30375659465789795,0.5918514132499695,-0.09972388297319412,0.9995981454849243,0.29710060358047485,0.6547676920890808,0.0647900253534317,0.6794998049736023,0.30702289938926697,0.6678668856620789,-0.14976467192173004,0.9501590728759766,0.30357134342193604,0.7291476726531982,0.02369973622262478,0.7740936279296875,0.28974810242652893,0.7475586533546448,-0.17873848974704742,0.9539607167243958,0.2956618070602417,0.7452377676963806,0.01598934829235077,0.7525572180747986,0.2758823037147522,0.7577062845230103,-0.18319573998451233,0.8723310828208923,0.3404981195926666,0.7400281429290771,-0.04982168599963188,0.8488781452178955,0.33145996928215027,0.7683759927749634,-0.2530020773410797,0.9498851299285889
51,0.42928069829940796,0.4997849762439728,0.23402078449726105,0.9991497993469238,0.4294498860836029,0.49245357513427734,0.2159782499074936,0.9991008639335632,0.42706361413002014,0.4914650619029999,0.21590949594974518,0.9988366365432739,0.42467933893203735,0.4903438687324524,0.21588198840618134,0.9990964531898499,0.43195840716362,0.49350425601005554,0.19410651922225952,0.999031126499176,0.43195000290870667,0.4934415817260742,0.19393597543239594,0.9987520575523376,0.43176889419555664,0.49331343173980713,0.1939419060945511,0.9990862011909485,0.40696415305137634,0.4865265488624573,0.15075525641441345,0.9978602528572083,0.42000171542167664,0.4917210042476654,0.050372347235679626,0.998584508895874,0.41741615533828735,0.5029482245445251,0.2187257707118988,0.9978578686714172,0.4207373857498169,0.5044671297073364,0.18879927694797516,0.9985628128051758,0.330574631690979,0.484628289937973,0.16478006541728973,0.9981578588485718,0.39435142278671265,0.5197843313217163,-0.025745706632733345,0.9995196461677551,0.2866797149181366,0.5185189247131348,0.33315011858940125,0.4493103623390198,0.385171502828598,0.5513986945152283,0.06885823607444763,0.9082564115524292,0.33025890588760376,0.5226346850395203,0.48462948203086853,0.4634767174720764,0.3706304430961609,0.5323286056518555,0.2856808304786682,0.81321120262146,0.3385624289512634,0.5219591856002808,0.53159099817276,0.42838504910469055,0.3711082339286804,0.5282067060470581,0.30618923902511597,0.7792955636978149,0.34921813011169434,0.5240345597267151,0.5036846399307251,0.4236074686050415,0.36408597230911255,0.5243049263954163,0.30589982867240906,0.7745490670204163,0.3478938937187195,0.5248963236808777,0.47972410917282104,0.41621968150138855,0.3613528609275818,0.5252135396003723,0.2917434275150299,0.7460612654685974,0.2795436382293701,0.5814307332038879,0.07822723686695099,0.9994247555732727,0.3129015266895294,0.592869222164154,-0.07815352827310562,0.9996203780174255,0.29393792152404785,0.647991418838501,0.07879079133272171,0.6352593898773193,0.31261390447616577,0.6668081283569336,-0.0888356864452362,0.9336592555046082,0.3046528697013855,0.7268231511116028,0.022455818951129913,0.7480983138084412,0.2985820770263672,0.7441021800041199,-0.1387881636619568,0.9390333294868469,0.29898175597190857,0.7400364279747009,0.01566300168633461,0.7393011450767517,0.28137096762657166,0.7527901530265808,-0.14280250668525696,0.8689813017845154,0.32949382066726685,0.7354767918586731,-0.02477346733212471,0.822842001914978,0.33029723167419434,0.7626035213470459,-0.18419313430786133,0.933036744594574
52,0.422818124294281,0.4972526431083679,0.1876874715089798,0.9990038275718689,0.42322996258735657,0.4899872839450836,0.16728416085243225,0.9990547299385071,0.4209049642086029,0.48883095383644104,0.1672217845916748,0.9988028407096863,0.41835522651672363,0.48751920461654663,0.16719822585582733,0.9990660548210144,0.4280146658420563,0.49132075905799866,0.14751523733139038,0.9989919066429138,0.42889052629470825,0.49122610688209534,0.14739350974559784,0.998719334602356,0.4299671947956085,0.4911484122276306,0.14739899337291718,0.9990463852882385,0.4035738408565521,0.483110249042511,0.09915611892938614,0.9979618787765503,0.4219336211681366,0.4900675117969513,0.009264257736504078,0.998609185218811,0.41136598587036133,0.49930742383003235,0.17183884978294373,0.9978049993515015,0.41637107729911804,0.5011374950408936,0.14491483569145203,0.9984546899795532,0.3280640244483948,0.4827292859554291,0.12266310304403305,0.9982486963272095,0.40602344274520874,0.5210708975791931,-0.06239619851112366,0.9995511174201965,0.3008572459220886,0.5115911364555359,0.2682185471057892,0.42414402961730957,0.41400468349456787,0.5502137541770935,0.06344599276781082,0.8591859936714172,0.35342276096343994,0.5101420283317566,0.40490037202835083,0.4255945682525635,0.40740373730659485,0.5297834873199463,0.3165048658847809,0.7426295876502991,0.36341074109077454,0.5070444941520691,0.44659239053726196,0.3947058320045471,0.41082680225372314,0.5248537659645081,0.33980002999305725,0.7128174304962158,0.3743227422237396,0.5098439455032349,0.4196220338344574,0.3906402289867401,0.4021841585636139,0.5210665464401245,0.3392113745212555,0.708400547504425,0.3723771274089813,0.5115979313850403,0.39913317561149597,0.38463094830513,0.39832261204719543,0.5222055912017822,0.3232385814189911,0.6824352741241455,0.27899640798568726,0.5846680402755737,0.0787341520190239,0.9993658065795898,0.3197638690471649,0.5975984334945679,-0.07871181517839432,0.9996235370635986,0.29095739126205444,0.6501026153564453,0.11880570650100708,0.59659343957901,0.31335538625717163,0.671497106552124,-0.03968174755573273,0.9231440424919128,0.2942902147769928,0.7235292792320251,0.11612553149461746,0.7236406207084656,0.2916427552700043,0.7437173128128052,-0.0642889067530632,0.9292816519737244,0.28716564178466797,0.7357138395309448,0.1153097003698349,0.7251077890396118,0.2757405638694763,0.753056526184082,-0.06615667790174484,0.8668124675750732,0.327426940202713,0.7363337278366089,0.0907803624868393,0.7947041988372803,0.32547175884246826,0.767524778842926,-0.10215725004673004,0.9170053601264954
53,0.4167526662349701,0.49444377422332764,0.2186802625656128,0.9988588690757751,0.4176628589630127,0.48802462220191956,0.1948910355567932,0.9990054368972778,0.4156871438026428,0.4867992103099823,0.1948428601026535,0.9987542033195496,0.4122872054576874,0.4850475490093231,0.19482728838920593,0.9990266561508179,0.4222255349159241,0.4894331097602844,0.18062159419059753,0.9989421367645264,0.42338746786117554,0.489341139793396,0.1805034726858139,0.9986690282821655,0.4247848093509674,0.48927611112594604,0.1805378496646881,0.998995304107666,0.40102750062942505,0.48050034046173096,0.11183516681194305,0.9980424642562866,0.41955921053886414,0.4877764582633972,0.04655842483043671,0.9985915422439575,0.40516483783721924,0.49491244554519653,0.19782118499279022,0.9976771473884583,0.41157597303390503,0.49731555581092834,0.17801496386528015,0.998295783996582,0.3226836025714874,0.48220330476760864,0.12122473865747452,0.998344898223877,0.4094846248626709,0.5149393677711487,-0.017243757843971252,0.9995832443237305,0.2804386019706726,0.507706880569458,0.25455114245414734,0.4053565263748169,0.40086063742637634,0.5426195859909058,0.10243301093578339,0.8083828091621399,0.32638856768608093,0.5032264590263367,0.38152649998664856,0.3956429362297058,0.3839951753616333,0.5182135701179504,0.3262319564819336,0.6788530945777893,0.33463189005851746,0.4993053376674652,0.41819310188293457,0.36904892325401306,0.3852761685848236,0.5115644931793213,0.3517688512802124,0.653019368648529,0.3458546996116638,0.501885175704956,0.39403235912323,0.36553433537483215,0.37616264820098877,0.5082345604896545,0.34975919127464294,0.6488213539123535,0.34451964497566223,0.5038791298866272,0.3770531117916107,0.3602341115474701,0.37295401096343994,0.5101393461227417,0.33202487230300903,0.6256006956100464,0.27643585205078125,0.5830937027931213,0.06829258054494858,0.9993038177490234,0.3229042887687683,0.5931063294410706,-0.06836113333702087,0.999624490737915,0.2990745007991791,0.6496478915214539,0.09924859553575516,0.5576590895652771,0.3178078532218933,0.6664038896560669,-0.03259608522057533,0.9079181551933289,0.2876480221748352,0.7209276556968689,0.08368547260761261,0.6951717734336853,0.29889753460884094,0.7402323484420776,-0.0774424821138382,0.9163293242454529,0.2812400758266449,0.7331029772758484,0.08181624859571457,0.7069835662841797,0.2855008542537689,0.7510666251182556,-0.08067049831151962,0.861659586429596,0.31367793679237366,0.7376827001571655,0.060294851660728455,0.7646989822387695,0.33320266008377075,0.7630782723426819,-0.11182878166437149,0.8987854719161987
54,0.41460201144218445,0.49139976501464844,0.25247418880462646,0.9987862706184387,0.41415658593177795,0.48482853174209595,0.22369316220283508,0.9989814758300781,0.41195130348205566,0.4832993149757385,0.22364860773086548,0.9987388253211975,0.409597247838974,0.48164165019989014,0.22363866865634918,0.9990050792694092,0.4194629490375519,0.48698723316192627,0.2130599319934845,0.9989234805107117,0.421008437871933,0.4871155023574829,0.2129376232624054,0.9986568093299866,0.4225299060344696,0.4871433675289154,0.21295545995235443,0.998975396156311,0.39699074625968933,0.47707051038742065,0.12400268018245697,0.998134195804596,0.41839081048965454,0.485779345035553,0.07492313534021378,0.9986112713813782,0.4036823809146881,0.4916132092475891,0.22594080865383148,0.9976322054862976,0.4103900194168091,0.4945433735847473,0.210951566696167,0.9982326030731201,0.3212411105632782,0.4818175137042999,0.11463773250579834,0.9984289407730103,0.414191871881485,0.5129958987236023,0.01117223221808672,0.9996141195297241,0.26800984144210815,0.5067073106765747,0.2516104280948639,0.39982953667640686,0.40160632133483887,0.5446243286132812,0.13774698972702026,0.7639467716217041,0.3222089409828186,0.49839359521865845,0.413329541683197,0.3690963387489319,0.3778035044670105,0.5213817358016968,0.36809444427490234,0.6185286641120911,0.3318061828613281,0.4934217035770416,0.4545779228210449,0.34595176577568054,0.37671416997909546,0.5146636366844177,0.3997286558151245,0.5960637331008911,0.3450278639793396,0.49599945545196533,0.4321241080760956,0.3428405821323395,0.36756256222724915,0.5118942856788635,0.3971593677997589,0.5921250581741333,0.34298384189605713,0.49840742349624634,0.4105817675590515,0.3381120562553406,0.3656589388847351,0.5138788819313049,0.3738921284675598,0.5713801980018616,0.27659550309181213,0.582129716873169,0.059127774089574814,0.9992609620094299,0.3282179534435272,0.5914574861526489,-0.05921020731329918,0.9996355175971985,0.30175554752349854,0.6450248956680298,0.0818515345454216,0.5441924929618835,0.3233526647090912,0.6627277731895447,-0.028236104175448418,0.9055925011634827,0.29424846172332764,0.7174167037010193,0.06330925226211548,0.6898881196975708,0.3063405156135559,0.7382174730300903,-0.08290132880210876,0.9146575331687927,0.28559747338294983,0.7339617013931274,0.06223803758621216,0.7081577777862549,0.29116642475128174,0.7488296031951904,-0.08687963336706161,0.864981472492218,0.318203866481781,0.7339774966239929,0.052673544734716415,0.7485452890396118,0.33790338039398193,0.762047529220581,-0.11661083251237869,0.8876667618751526
55,0.4076524078845978,0.4872775077819824,0.2566637694835663,0.9988617897033691,0.4077749252319336,0.4812536835670471,0.22247523069381714,0.9990484118461609,0.40420350432395935,0.47921615839004517,0.22239655256271362,0.9988272786140442,0.40165165066719055,0.47747790813446045,0.22238056361675262,0.9990731477737427,0.41358229517936707,0.48340949416160583,0.21747377514839172,0.9989869594573975,0.415101557970047,0.48342159390449524,0.21739159524440765,0.9987384080886841,0.4166854918003082,0.48336854577064514,0.2174641489982605,0.9990299940109253,0.39145082235336304,0.47366228699684143,0.10632138699293137,0.9982923269271851,0.41230565309524536,0.48193788528442383,0.0829596295952797,0.9986913204193115,0.39618802070617676,0.48698216676712036,0.22430941462516785,0.9977951645851135,0.40340563654899597,0.4898596405982971,0.2169521003961563,0.9983341693878174,0.3155903220176697,0.4816766679286957,0.07923387736082077,0.9985544681549072,0.4132135212421417,0.5080539584159851,0.03129417449235916,0.9996336698532104,0.25429996848106384,0.5015745162963867,0.22116845846176147,0.4071733057498932,0.39689990878105164,0.5358539819717407,0.15346603095531464,0.7232624292373657,0.303651362657547,0.5018199682235718,0.4018478989601135,0.34656578302383423,0.3761763870716095,0.5090660452842712,0.36632347106933594,0.5641699433326721,0.31386783719062805,0.5000742673873901,0.4409260153770447,0.32642003893852234,0.37597715854644775,0.5020565390586853,0.39799636602401733,0.5453193783760071,0.3243156969547272,0.5033785700798035,0.4190637171268463,0.3236401677131653,0.36774545907974243,0.5001504421234131,0.3926185965538025,0.5417142510414124,0.3210773766040802,0.5041684508323669,0.4001826345920563,0.3196503818035126,0.36575743556022644,0.5020337104797363,0.3703991174697876,0.5232245326042175,0.2798995077610016,0.581019937992096,0.034070923924446106,0.9992935657501221,0.33455634117126465,0.588505744934082,-0.034165918827056885,0.999656617641449,0.29236045479774475,0.649908721446991,0.041753869503736496,0.5608475804328918,0.3289555609226227,0.6611074805259705,-0.010068565607070923,0.9079644083976746,0.3016197681427002,0.7264063954353333,0.009726702235639095,0.7031123638153076,0.3142351806163788,0.7361318469047546,-0.05479663982987404,0.9165720343589783,0.2928295433521271,0.7373253703117371,0.007826716639101505,0.7163481712341309,0.3031253218650818,0.7445498108863831,-0.05733773484826088,0.8695133328437805,0.30972954630851746,0.7368435263633728,-0.00755280302837491,0.7457255721092224,0.3314197361469269,0.75562983751297,-0.07874392718076706,0.880458652973175
56,0.39449119567871094,0.4757920503616333,0.20184393227100372,0.9988122582435608,0.3951060473918915,0.46972841024398804,0.16834789514541626,0.9990171194076538,0.39252719283103943,0.4685683250427246,0.168237566947937,0.9988116025924683,0.3866337537765503,0.4663582444190979,0.16817671060562134,0.9990502595901489,0.4026213586330414,0.47224435210227966,0.16676485538482666,0.9989151358604431,0.4044012725353241,0.4725244641304016,0.16670635342597961,0.9986681938171387,0.4060710668563843,0.47269514203071594,0.16675058007240295,0.998944878578186,0.3756321668624878,0.46632805466651917,0.0608319528400898,0.9983435869216919,0.40312817692756653,0.4746340215206146,0.05354108288884163,0.9985744953155518,0.38546815514564514,0.4781922399997711,0.17233285307884216,0.9977245926856995,0.3939661681652069,0.48069867491722107,0.16978439688682556,0.9982006549835205,0.31314921379089355,0.48218634724617004,0.04026051238179207,0.9985841512680054,0.408122718334198,0.5032976269721985,0.017204642295837402,0.9995071887969971,0.25207364559173584,0.49619796872138977,0.19116859138011932,0.41744306683540344,0.3911137580871582,0.5291517972946167,0.13969489932060242,0.6760484576225281,0.2953602969646454,0.48273739218711853,0.38031643629074097,0.331437349319458,0.36645248532295227,0.4958857595920563,0.3303311765193939,0.5141562223434448,0.30204200744628906,0.47665950655937195,0.4138582944869995,0.31462448835372925,0.3651522397994995,0.4876159131526947,0.35881343483924866,0.49916529655456543,0.31137675046920776,0.4783540368080139,0.39273354411125183,0.3122405409812927,0.35739436745643616,0.48562949895858765,0.347167044878006,0.4959503710269928,0.31251418590545654,0.4789460599422455,0.3784596920013428,0.3090425729751587,0.3558794856071472,0.4880077540874481,0.33099111914634705,0.47979816794395447,0.2819552719593048,0.5838382244110107,0.020475083962082863,0.9993008375167847,0.3372069001197815,0.5894676446914673,-0.0205147173255682,0.9996505379676819,0.29607057571411133,0.654977023601532,0.02273472771048546,0.5834870934486389,0.3367446959018707,0.6578634977340698,0.005007987376302481,0.907700777053833,0.3045831322669983,0.7263721227645874,-0.010969944298267365,0.7205041646957397,0.3204866349697113,0.7330315709114075,-0.014855654910206795,0.9159149527549744,0.3018026649951935,0.7361013293266296,-0.012769853696227074,0.7244957089424133,0.31580695509910583,0.740003764629364,-0.01593623496592045,0.8676699995994568,0.3166716396808624,0.7426145076751709,-0.03994830697774887,0.7487020492553711,0.3356311023235321,0.7510169148445129,-0.04575873538851738,0.8691823482513428
57,0.3971210718154907,0.47476497292518616,0.22963973879814148,0.9988296031951904,0.39411941170692444,0.4684973359107971,0.19889768958091736,0.9990333318710327,0.3913038671016693,0.4672476649284363,0.19877760112285614,0.9988391995429993,0.38542380928993225,0.46520575881004333,0.19869489967823029,0.9990660548210144,0.4022541046142578,0.47134479880332947,0.20002548396587372,0.9989122748374939,0.40450263023376465,0.47184064984321594,0.19994226098060608,0.998671293258667,0.4075205624103546,0.4724246561527252,0.19997864961624146,0.9989253282546997,0.3787820339202881,0.4665675163269043,0.09406234323978424,0.998424232006073,0.40547555685043335,0.4743421673774719,0.09771458059549332,0.9985272288322449,0.3870602250099182,0.476534366607666,0.19918192923069,0.9977315068244934,0.39572933316230774,0.4795215427875519,0.20000895857810974,0.9981545209884644,0.31610628962516785,0.4837457537651062,0.0659613162279129,0.9986346960067749,0.4132644832134247,0.5029724836349487,0.05470125004649162,0.9993153810501099,0.2660820186138153,0.49242842197418213,0.22033876180648804,0.4395727515220642,0.3815802037715912,0.5185616612434387,0.12101170420646667,0.6291921734809875,0.2994806170463562,0.46608132123947144,0.42000582814216614,0.3364296853542328,0.34209123253822327,0.4739474356174469,0.24816292524337769,0.47129446268081665,0.30144640803337097,0.4603719413280487,0.4540135860443115,0.3230840861797333,0.3450986444950104,0.46381551027297974,0.2667304575443268,0.4604669213294983,0.3070392608642578,0.4611539840698242,0.43154606223106384,0.32062840461730957,0.33003970980644226,0.4617966413497925,0.26055261492729187,0.4575550854206085,0.3083129823207855,0.46279650926589966,0.4181695580482483,0.31702256202697754,0.33029407262802124,0.46654975414276123,0.24846869707107544,0.4436245560646057,0.2841973602771759,0.583717942237854,0.016751501709222794,0.9993167519569397,0.3392174541950226,0.5897201299667358,-0.01687610149383545,0.9996303915977478,0.2975101172924042,0.6563581824302673,0.011369355022907257,0.6046698093414307,0.3405631184577942,0.6593727469444275,0.0044584255665540695,0.9069724082946777,0.30891355872154236,0.7287560105323792,-0.03488869592547417,0.7378073334693909,0.3261599540710449,0.7314450144767761,-0.021597350016236305,0.9157424569129944,0.3058682680130005,0.737533450126648,-0.03834018111228943,0.7357852458953857,0.3192802667617798,0.7394561767578125,-0.024394109845161438,0.8678504228591919,0.3278631567955017,0.7494605779647827,-0.08163084089756012,0.7556018829345703,0.346423476934433,0.7491317987442017,-0.0642811506986618,0.8636658787727356
58,0.39110463857650757,0.47494176030158997,0.2718604803085327,0.9988285303115845,0.388031929731369,0.4688069224357605,0.24331489205360413,0.9990286231040955,0.3853200674057007,0.467813104391098,0.24320608377456665,0.9988482594490051,0.38191452622413635,0.4667202830314636,0.24313029646873474,0.9990647435188293,0.3963451683521271,0.4711046516895294,0.24696403741836548,0.9988588094711304,0.3992483615875244,0.4715341329574585,0.24688370525836945,0.9986125826835632,0.40142637491226196,0.4717198610305786,0.2469337433576584,0.9988445043563843,0.37345582246780396,0.46735844016075134,0.13966132700443268,0.9984699487686157,0.399981290102005,0.47325563430786133,0.1546631008386612,0.9983966946601868,0.38092339038848877,0.4769231975078583,0.24087761342525482,0.9976525902748108,0.39029282331466675,0.47941017150878906,0.24504047632217407,0.9980084896087646,0.3173547387123108,0.48420146107673645,0.1035301610827446,0.9986982941627502,0.4096573293209076,0.499968022108078,0.10723216086626053,0.9991229176521301,0.2579192817211151,0.4906098246574402,0.2292805314064026,0.4798350930213928,0.376356840133667,0.5138909220695496,0.1728004664182663,0.5917542576789856,0.29067614674568176,0.46394073963165283,0.39893922209739685,0.36647114157676697,0.34447503089904785,0.4696313738822937,0.2961210012435913,0.4383786618709564,0.2880256474018097,0.4556988477706909,0.42977359890937805,0.3544263243675232,0.33259832859039307,0.46056610345840454,0.3120000958442688,0.43175074458122253,0.2942046523094177,0.4564759433269501,0.40554365515708923,0.35175466537475586,0.33303871750831604,0.456939697265625,0.3094453513622284,0.4289737939834595,0.29616159200668335,0.45897236466407776,0.39638790488243103,0.34564411640167236,0.3314516842365265,0.46259042620658875,0.2975284457206726,0.4166553020477295,0.2835448980331421,0.5802181959152222,0.01065119355916977,0.9993191361427307,0.3372143507003784,0.5866004228591919,-0.010817104019224644,0.9995869398117065,0.29293346405029297,0.654703676700592,-0.028838923200964928,0.6227893233299255,0.3430158197879791,0.6566663980484009,-0.026644349098205566,0.9033143520355225,0.31060734391212463,0.7312933206558228,-0.10838990658521652,0.7524479627609253,0.3312385380268097,0.7338556051254272,-0.08319470286369324,0.9138073325157166,0.30679020285606384,0.7388639450073242,-0.11523830145597458,0.7465108036994934,0.32828888297080994,0.7405100464820862,-0.089905746281147,0.8679189085960388,0.3227057456970215,0.7519760727882385,-0.16948604583740234,0.763185977935791,0.3468813896179199,0.7503663897514343,-0.13698861002922058,0.8597295880317688
59,0.3982240855693817,0.47777530550956726,0.31233733892440796,0.9988772869110107,0.39531242847442627,0.47158339619636536,0.28583720326423645,0.999069094657898,0.39219966530799866,0.47029590606689453,0.2857665717601776,0.9989043474197388,0.3885471522808075,0.4689454436302185,0.2857399880886078,0.9991043210029602,0.4021667540073395,0.4738083779811859,0.2904948890209198,0.9988802671432495,0.4036271274089813,0.4740268886089325,0.2903715968132019,0.9986389875411987,0.40550678968429565,0.47428420186042786,0.2904182970523834,0.9988540410995483,0.3779977262020111,0.467938631772995,0.18189691007137299,0.9985511302947998,0.4013065993785858,0.4744526743888855,0.20005808770656586,0.9984342455863953,0.38627803325653076,0.47867366671562195,0.28003281354904175,0.9976823925971985,0.39514943957328796,0.4812873601913452,0.2854020893573761,0.9980100393295288,0.32220324873924255,0.4842478930950165,0.11907624453306198,0.9987974166870117,0.40762859582901,0.5014453530311584,0.15671829879283905,0.9991067051887512,0.25912874937057495,0.4845835268497467,0.17065748572349548,0.5254985690116882,0.3673529028892517,0.5187381505966187,0.27237650752067566,0.5555840134620667,0.2804308533668518,0.4572567641735077,0.2692652940750122,0.4106379449367523,0.31582698225975037,0.4674869477748871,0.46241649985313416,0.4082754850387573,0.2800416350364685,0.448806494474411,0.288663774728775,0.39783012866973877,0.329336941242218,0.46238973736763,0.4875190556049347,0.40404507517814636,0.2852417230606079,0.448945015668869,0.2698255479335785,0.3947184383869171,0.32214218378067017,0.46020448207855225,0.4867885410785675,0.40133875608444214,0.2865867614746094,0.45137280225753784,0.2664549648761749,0.38610562682151794,0.30553942918777466,0.46093466877937317,0.4664933383464813,0.3909532129764557,0.2838234007358551,0.5809205174446106,0.0023415894247591496,0.9993342757225037,0.34086400270462036,0.5865478515625,-0.0026499859523028135,0.9995635747909546,0.28999412059783936,0.6538013219833374,-0.03732781112194061,0.6458753347396851,0.350184828042984,0.657039225101471,-0.017764749005436897,0.9032434225082397,0.30442389845848083,0.730465292930603,-0.12049150466918945,0.769745945930481,0.3347688913345337,0.7315570712089539,-0.06710287928581238,0.913479208946228,0.3041760325431824,0.7384752631187439,-0.12730705738067627,0.7626265287399292,0.3308276832103729,0.7397629022598267,-0.07419553399085999,0.8719545006752014,0.3027797341346741,0.7515026330947876,-0.1838001012802124,0.7732999324798584,0.3489280641078949,0.7462249398231506,-0.12330624461174011,0.8554650545120239
60,0.3902583718299866,0.4723646938800812,0.2642793655395508,0.998879611492157,0.38743579387664795,0.46624717116355896,0.23395900428295135,0.9990755915641785,0.3841748535633087,0.46517735719680786,0.23389779031276703,0.9989268183708191,0.3804731070995331,0.4641251266002655,0.23388326168060303,0.999106764793396,0.39607366919517517,0.4686580300331116,0.24855315685272217,0.99885493516922,0.39858928322792053,0.4690520465373993,0.24842658638954163,0.9986186623573303,0.4006189703941345,0.46925246715545654,0.24842853844165802,0.9988144040107727,0.37227708101272583,0.4652632772922516,0.11749326437711716,0.9985758066177368,0.3979986906051636,0.47078096866607666,0.18078653514385223,0.998432993888855,0.3780018389225006,0.4735027551651001,0.2264142483472824,0.997603178024292,0.3889266550540924,0.4764932096004486,0.2450183480978012,0.9979326725006104,0.32181674242019653,0.4845804274082184,0.04087186977267265,0.9988762140274048,0.4063114523887634,0.5000205636024475,0.16224193572998047,0.9989767074584961,0.2524249255657196,0.48068544268608093,0.05531827732920647,0.5715122818946838,0.3704465627670288,0.5151364803314209,0.30349215865135193,0.5129356980323792,0.27464544773101807,0.447725385427475,0.12476254254579544,0.46379345655441284,0.3165305554866791,0.46826785802841187,0.48025381565093994,0.3774907886981964,0.27147454023361206,0.43831661343574524,0.12984758615493774,0.4504421353340149,0.3233197331428528,0.4624505341053009,0.5026806592941284,0.3757995069026947,0.27725550532341003,0.43803516030311584,0.11245615780353546,0.4473167061805725,0.3156653642654419,0.46039140224456787,0.49352264404296875,0.37343665957450867,0.27945128083229065,0.4425269663333893,0.1215234249830246,0.43752720952033997,0.3069976568222046,0.45978832244873047,0.47988981008529663,0.3649965226650238,0.2852231562137604,0.5832348465919495,-0.01808900572359562,0.9993577003479004,0.34095892310142517,0.5890197157859802,0.01781366392970085,0.9995223879814148,0.2928168475627899,0.6549481153488159,-0.027203848585486412,0.6697572469711304,0.3517550528049469,0.6578340530395508,0.049959152936935425,0.895365834236145,0.30951935052871704,0.7315173745155334,-0.08569730073213577,0.7872040867805481,0.33971813321113586,0.7287876605987549,0.02548190765082836,0.9072432518005371,0.3107773959636688,0.7396580576896667,-0.08953490853309631,0.7788186073303223,0.33974459767341614,0.73784339427948,0.020092759281396866,0.8714247941970825,0.3032388687133789,0.7452706098556519,-0.14185379445552826,0.78380286693573,0.34768933057785034,0.7394571304321289,-0.022234244272112846,0.8437792658805847
61,0.38280585408210754,0.4691154658794403,0.27903255820274353,0.998899519443512,0.38025444746017456,0.4634334146976471,0.24857403337955475,0.9990912675857544,0.3775304853916168,0.462667852640152,0.24851186573505402,0.9989595413208008,0.374483197927475,0.46196845173835754,0.24850621819496155,0.9991208910942078,0.3902761936187744,0.4658609628677368,0.2652306854724884,0.9988452792167664,0.39364737272262573,0.4664648771286011,0.2651052474975586,0.9986175298690796,0.39599505066871643,0.4668111205101013,0.265118807554245,0.9987959861755371,0.3705979585647583,0.4640744924545288,0.1269054263830185,0.998607873916626,0.3960166871547699,0.46921125054359436,0.19971737265586853,0.9984506368637085,0.37090864777565,0.47147372364997864,0.23869474232196808,0.9975575804710388,0.38330575823783875,0.47442302107810974,0.2601037323474884,0.9978877305984497,0.3191995620727539,0.4842296540737152,0.04441915825009346,0.9989579319953918,0.4009908139705658,0.49931418895721436,0.18025480210781097,0.9989089369773865,0.2526963949203491,0.4775923490524292,0.06234569475054741,0.613391637802124,0.36685705184936523,0.5164912343025208,0.329231321811676,0.47555631399154663,0.2714628279209137,0.4451277554035187,0.1488896757364273,0.5128071308135986,0.327106237411499,0.4748489260673523,0.5120049715042114,0.350546658039093,0.27192622423171997,0.43669283390045166,0.1554158627986908,0.49910831451416016,0.3227576017379761,0.46442681550979614,0.5377550721168518,0.351146399974823,0.2777659296989441,0.4364282190799713,0.13786329329013824,0.4960368871688843,0.316234290599823,0.4625672698020935,0.5278298854827881,0.34910619258880615,0.2774592339992523,0.4406505227088928,0.14603345096111298,0.4853189289569855,0.3100038766860962,0.45963361859321594,0.5117390751838684,0.3422515392303467,0.28590261936187744,0.5825685262680054,-0.02517038770020008,0.9993935823440552,0.34261754155158997,0.5878327488899231,0.02490706741809845,0.9995129108428955,0.29057931900024414,0.6552470326423645,-0.05663833022117615,0.693402886390686,0.3501647114753723,0.6567235589027405,0.03849319368600845,0.8870981931686401,0.3105469048023224,0.731200635433197,-0.13557720184326172,0.8039881587028503,0.33982548117637634,0.7305330634117126,0.0007421571062877774,0.9013246297836304,0.31057658791542053,0.7411635518074036,-0.14150716364383698,0.7944473624229431,0.3432120978832245,0.7352498769760132,-0.006067624315619469,0.8709282279014587,0.3006335496902466,0.7469944357872009,-0.19813592731952667,0.7960532307624817,0.3428579568862915,0.739702045917511,-0.049371033906936646,0.8355289697647095
62,0.38166528940200806,0.4713973104953766,0.26249244809150696,0.9989085793495178,0.38025593757629395,0.4656781852245331,0.2324557900428772,0.9990928769111633,0.3752713203430176,0.4641147553920746,0.2324252724647522,0.9989702105522156,0.3719903826713562,0.46317726373672485,0.23242810368537903,0.9991145133972168,0.3889462649822235,0.4681285321712494,0.24752318859100342,0.9988200664520264,0.39114120602607727,0.46847304701805115,0.24741694331169128,0.9985960721969604,0.39321276545524597,0.46872901916503906,0.24744200706481934,0.998754620552063,0.36694109439849854,0.4649846851825714,0.11501815170049667,0.9986127018928528,0.3924332559108734,0.47086790204048157,0.1808704435825348,0.9984323978424072,0.369882196187973,0.4726499915122986,0.22406652569770813,0.9974852800369263,0.38189074397087097,0.47588053345680237,0.2433975487947464,0.9978106021881104,0.31672006845474243,0.484465628862381,0.03754999116063118,0.9990079998970032,0.398430198431015,0.49912065267562866,0.1579267978668213,0.9988119006156921,0.24982313811779022,0.475176066160202,0.012114809826016426,0.651026725769043,0.35664430260658264,0.49421435594558716,0.2793852984905243,0.44514408707618713,0.2688138782978058,0.43990665674209595,0.039868004620075226,0.5586942434310913,0.2973272502422333,0.45452195405960083,0.4268207550048828,0.33133432269096375,0.2691457271575928,0.4310131072998047,0.03606971725821495,0.5452817678451538,0.29026520252227783,0.4434073567390442,0.444055438041687,0.3337257206439972,0.27454569935798645,0.4316064715385437,0.024051843211054802,0.5422692894935608,0.29398611187934875,0.4454438090324402,0.4345959722995758,0.3318801522254944,0.27442440390586853,0.4357176125049591,0.03709113597869873,0.5312665700912476,0.2921217381954193,0.44915518164634705,0.4253201186656952,0.32714584469795227,0.2846696972846985,0.5833360552787781,-0.012424813583493233,0.9994117021560669,0.3422914147377014,0.588793933391571,0.012145017273724079,0.9994813203811646,0.2921544313430786,0.654123842716217,-0.04106545075774193,0.7113767862319946,0.3542158007621765,0.657543957233429,0.026121748611330986,0.8844494223594666,0.31034567952156067,0.7314599752426147,-0.0989275649189949,0.8182885050773621,0.33922523260116577,0.7322673797607422,-0.004101757891476154,0.8985771536827087,0.30985936522483826,0.7418382167816162,-0.10367704927921295,0.8086159229278564,0.3397783041000366,0.7390850186347961,-0.010254601947963238,0.8724210858345032,0.300848126411438,0.7436016201972961,-0.16292421519756317,0.8040610551834106,0.35900911688804626,0.743678092956543,-0.06062670052051544,0.8267226815223694
63,0.37999576330184937,0.46816733479499817,0.23565974831581116,0.9989176988601685,0.3786327540874481,0.46322309970855713,0.20339110493659973,0.9991040229797363,0.3731802999973297,0.46179768443107605,0.20334339141845703,0.9989893436431885,0.3698005974292755,0.4611367881298065,0.20333774387836456,0.9991201162338257,0.3877137303352356,0.46563246846199036,0.21878036856651306,0.9988152384757996,0.38998377323150635,0.4660913646221161,0.2186691015958786,0.9985942840576172,0.3920538127422333,0.4664754867553711,0.21868211030960083,0.9987359046936035,0.3642985224723816,0.46380481123924255,0.08399982750415802,0.9986394643783569,0.39149561524391174,0.46891316771507263,0.15129218995571136,0.9984380602836609,0.3677521049976349,0.47053635120391846,0.1969354897737503,0.9974431991577148,0.3803366720676422,0.47374698519706726,0.21666695177555084,0.997750997543335,0.3142317235469818,0.48469802737236023,0.014374339953064919,0.9990435242652893,0.397205114364624,0.4969930052757263,0.13620589673519135,0.99869704246521,0.24407319724559784,0.4750468134880066,0.013835311867296696,0.6849740743637085,0.36629876494407654,0.5035678744316101,0.28283801674842834,0.4197522699832916,0.2640327215194702,0.4377356171607971,0.0642157644033432,0.5998425483703613,0.304118812084198,0.4512689411640167,0.4506080150604248,0.3141774833202362,0.26448753476142883,0.4295615553855896,0.064200758934021,0.5866808295249939,0.2984810471534729,0.44136714935302734,0.47071149945259094,0.31837454438209534,0.27132847905158997,0.43063777685165405,0.04854920879006386,0.583744466304779,0.29979196190834045,0.4397754371166229,0.4605404734611511,0.3167880177497864,0.27079153060913086,0.43496349453926086,0.060667913407087326,0.5726050138473511,0.29662713408470154,0.44461390376091003,0.4496241807937622,0.314079225063324,0.2845732271671295,0.5848180055618286,-0.01203044131398201,0.999416708946228,0.34234681725502014,0.5892432332038879,0.011787941679358482,0.9994327425956726,0.2917056977748871,0.6553252935409546,-0.004022218752652407,0.7259612679481506,0.3508666157722473,0.6581774950027466,0.05682744085788727,0.8787587285041809,0.3070351481437683,0.7314808368682861,-0.05194738879799843,0.8307198286056519,0.33930355310440063,0.7294544577598572,0.043451692909002304,0.8919250965118408,0.30930453538894653,0.7411690950393677,-0.055221375077962875,0.8210615515708923,0.3349625766277313,0.7360210418701172,0.0397648848593235,0.8713152408599854,0.3045438230037689,0.7437655329704285,-0.10733495652675629,0.810669481754303,0.3499298095703125,0.7386964559555054,-0.001108196098357439,0.8138009905815125
64,0.37358027696609497,0.4659932255744934,0.21253269910812378,0.9988569021224976,0.3702567517757416,0.4605143666267395,0.1800224930047989,0.9990448951721191,0.36722683906555176,0.45994818210601807,0.17997287213802338,0.9989340901374817,0.36402904987335205,0.4595295488834381,0.17995600402355194,0.9990506172180176,0.38126713037490845,0.46303507685661316,0.19536663591861725,0.9987115263938904,0.38514280319213867,0.46390441060066223,0.1952609419822693,0.9984809160232544,0.38755860924720764,0.4643992483615875,0.19526614248752594,0.9986088275909424,0.3578273057937622,0.4626341462135315,0.060320768505334854,0.9985590577125549,0.3878916800022125,0.46768948435783386,0.1278693526983261,0.99831622838974,0.36127403378486633,0.4688897430896759,0.1739627867937088,0.9971916675567627,0.3753936290740967,0.4720735549926758,0.19370821118354797,0.9975070953369141,0.3107618987560272,0.4851502776145935,-0.006689718924462795,0.9990441799163818,0.3951403498649597,0.49551698565483093,0.11551888287067413,0.9985628128051758,0.23886851966381073,0.47419849038124084,-0.009410825558006763,0.7151839137077332,0.35236725211143494,0.48574018478393555,0.2562636435031891,0.39965271949768066,0.26025983691215515,0.4371395409107208,0.039753131568431854,0.6363799571990967,0.2933027446269989,0.44516417384147644,0.4121280014514923,0.3017781972885132,0.2611178159713745,0.4287819266319275,0.037288665771484375,0.623423159122467,0.286815881729126,0.43426766991615295,0.4308459758758545,0.307417094707489,0.26866409182548523,0.4296801686286926,0.022189194336533546,0.6205161213874817,0.2905229330062866,0.43633273243904114,0.4190596640110016,0.30605268478393555,0.2681822180747986,0.43404942750930786,0.035688742995262146,0.6092121601104736,0.288913756608963,0.4392533600330353,0.4101088047027588,0.305522620677948,0.28446945548057556,0.5850072503089905,-0.011282936669886112,0.9994219541549683,0.34287506341934204,0.5889198184013367,0.011082534678280354,0.9993968605995178,0.2948240637779236,0.6571289300918579,-0.007145642302930355,0.7383140325546265,0.3490355908870697,0.6592229008674622,0.054234400391578674,0.8739771842956543,0.31127968430519104,0.7318598031997681,-0.041217140853405,0.8417025208473206,0.34081679582595825,0.7300527691841125,0.050940122455358505,0.8861111402511597,0.31315290927886963,0.7411259412765503,-0.0436212420463562,0.8316304087638855,0.3372030258178711,0.7361375093460083,0.04830239340662956,0.8696508407592773,0.30786752700805664,0.7521847486495972,-0.09834137558937073,0.8166828155517578,0.3510289192199707,0.7394918203353882,0.0030872684437781572,0.8033348917961121
65,0.3640511929988861,0.4614388048648834,0.18447329103946686,0.9987709522247314,0.3644212782382965,0.456548810005188,0.15011818706989288,0.9989721179008484,0.3614041209220886,0.4562074840068817,0.15005581080913544,0.9988669753074646,0.3581130802631378,0.4561295807361603,0.15004049241542816,0.9989663362503052,0.37486958503723145,0.45847830176353455,0.16712938249111176,0.9985994100570679,0.3777647614479065,0.4590859115123749,0.16700512170791626,0.9983579516410828,0.381606787443161,0.45986050367355347,0.1669759452342987,0.9984771609306335,0.35160255432128906,0.4596068561077118,0.02581714652478695,0.9984480142593384,0.3833998739719391,0.46439841389656067,0.10037487745285034,0.998206377029419,0.35560059547424316,0.4658355712890625,0.14447791874408722,0.9969106316566467,0.3683760166168213,0.46850982308387756,0.16631613671779633,0.997259795665741,0.3074182868003845,0.4852443039417267,-0.04174026474356651,0.9990326762199402,0.3920746445655823,0.4951784908771515,0.09930829703807831,0.9983955025672913,0.2361527383327484,0.4728350043296814,-0.025165699422359467,0.7421360611915588,0.3487485945224762,0.48539218306541443,0.2524997591972351,0.37532904744148254,0.26185154914855957,0.4355719983577728,0.05141695961356163,0.6678679585456848,0.2978322207927704,0.4469033479690552,0.41369912028312683,0.2843385338783264,0.2633911967277527,0.42695292830467224,0.050340812653303146,0.6548044681549072,0.29092007875442505,0.433681458234787,0.43431395292282104,0.29147398471832275,0.2723334729671478,0.42844706773757935,0.03272946923971176,0.6519348621368408,0.295154869556427,0.43577340245246887,0.41958487033843994,0.29045653343200684,0.27230900526046753,0.43254709243774414,0.04690765216946602,0.6402868628501892,0.29262638092041016,0.44035181403160095,0.4106404781341553,0.29152143001556396,0.2845635712146759,0.5855147838592529,-0.019862715154886246,0.9994373321533203,0.34251466393470764,0.5894617438316345,0.019701587036252022,0.9993749856948853,0.293960303068161,0.6604920625686646,0.00891323946416378,0.7503015995025635,0.3463301956653595,0.6578946709632874,0.0867685005068779,0.8607150316238403,0.3103063404560089,0.7319250106811523,-0.018304625526070595,0.8521099090576172,0.3413088321685791,0.725065290927887,0.10284444689750671,0.873924970626831,0.3150297701358795,0.7418295741081238,-0.019539758563041687,0.8408075571060181,0.3400577902793884,0.7345381379127502,0.10244959592819214,0.863040566444397,0.30451256036758423,0.7514876127243042,-0.0702790915966034,0.8235630393028259,0.34464335441589355,0.7339087128639221,0.06399453431367874,0.7885898947715759
66,0.3653270900249481,0.46203574538230896,0.15710505843162537,0.9987738132476807,0.36549240350723267,0.4570433795452118,0.12127921730279922,0.9989778399467468,0.3610159456729889,0.45619556307792664,0.121219702064991,0.9988799095153809,0.3578108847141266,0.45597466826438904,0.12121112644672394,0.9989648461341858,0.3740660846233368,0.45881110429763794,0.1387576460838318,0.9986082315444946,0.37784507870674133,0.45963552594184875,0.13863882422447205,0.9983702301979065,0.3804233968257904,0.4601242244243622,0.13861443102359772,0.998478889465332,0.35300856828689575,0.45944538712501526,-0.003420777851715684,0.9984679818153381,0.38153865933418274,0.46386319398880005,0.07344069331884384,0.9982406497001648,0.35441508889198303,0.4655553996562958,0.11735203117132187,0.9969101548194885,0.366955429315567,0.46840885281562805,0.1397562175989151,0.9972606897354126,0.3061964511871338,0.4845098555088043,-0.06917140632867813,0.9990502595901489,0.3888011574745178,0.49475041031837463,0.08343495428562164,0.9983208775520325,0.2306898683309555,0.4735025465488434,-0.04000139608979225,0.7669082880020142,0.3544768989086151,0.4848434329032898,0.24444876611232758,0.3587297797203064,0.25893470644950867,0.43556931614875793,0.05135776102542877,0.6970656514167786,0.30362027883529663,0.4459041953086853,0.40643730759620667,0.2721162438392639,0.2605993151664734,0.42663881182670593,0.051709871739149094,0.6839163303375244,0.32110458612442017,0.43508440256118774,0.4266892671585083,0.28053203225135803,0.2710472047328949,0.4282899498939514,0.03318769484758377,0.681084394454956,0.30013254284858704,0.43289312720298767,0.4117543399333954,0.2798275947570801,0.27115169167518616,0.43241554498672485,0.046897437423467636,0.6694942712783813,0.29752227663993835,0.43792733550071716,0.4032622277736664,0.28240475058555603,0.28601765632629395,0.586482584476471,-0.023356107994914055,0.9994576573371887,0.34268537163734436,0.5892729163169861,0.02324984222650528,0.9993715286254883,0.29521867632865906,0.6576427221298218,0.012451566755771637,0.7632018327713013,0.3510406017303467,0.6581547260284424,0.09214477986097336,0.8479930758476257,0.31278011202812195,0.7322275042533875,0.001399758504703641,0.8618411421775818,0.34468090534210205,0.7252909541130066,0.11517468839883804,0.8637941479682922,0.314388245344162,0.7399181127548218,0.002515664789825678,0.8497654795646667,0.3404296636581421,0.7346274852752686,0.11630512028932571,0.8584272265434265,0.3006313443183899,0.7503274083137512,-0.041196901351213455,0.83066326379776,0.34476661682128906,0.7333348393440247,0.08155607432126999,0.7768848538398743
67,0.36038824915885925,0.46241283416748047,0.14655934274196625,0.9987801909446716,0.36128807067871094,0.4579871892929077,0.11027909070253372,0.9989840984344482,0.3582323491573334,0.45752212405204773,0.11022462695837021,0.9988943934440613,0.35465559363365173,0.4571344256401062,0.11022191494703293,0.9989640712738037,0.3716298043727875,0.4597521722316742,0.12808120250701904,0.9986173510551453,0.37432196736335754,0.4601984918117523,0.12796099483966827,0.9983828663825989,0.3780704438686371,0.4608484208583832,0.1279328167438507,0.9984800815582275,0.34985941648483276,0.4604707360267639,-0.015607777051627636,0.9984835982322693,0.37981006503105164,0.4646812081336975,0.06295929104089737,0.998275101184845,0.3518035411834717,0.4665631949901581,0.10646949708461761,0.9969301819801331,0.36435866355895996,0.469015896320343,0.1293344646692276,0.9972778558731079,0.3050071895122528,0.48558881878852844,-0.08162396401166916,0.9990592002868652,0.3882463872432709,0.4948734641075134,0.07480093091726303,0.9982414841651917,0.22919702529907227,0.4729572534561157,-0.06230496987700462,0.7891314029693604,0.35529664158821106,0.4799732565879822,0.22936512529850006,0.34525999426841736,0.25679630041122437,0.434934139251709,0.019793637096881866,0.7227841019630432,0.3002057671546936,0.4413224160671234,0.38378748297691345,0.2621757388114929,0.2593061029911041,0.4259001314640045,0.017244655638933182,0.7095206379890442,0.2943543791770935,0.42764246463775635,0.4028284549713135,0.27170252799987793,0.2699747681617737,0.42722976207733154,-0.00021445457241497934,0.706678569316864,0.29744619131088257,0.42879897356033325,0.38755324482917786,0.27121153473854065,0.2693609595298767,0.43115514516830444,0.015080209821462631,0.6951014995574951,0.29502493143081665,0.43335092067718506,0.3801170289516449,0.2751772999763489,0.2855807840824127,0.5894725918769836,-0.025780225172638893,0.9994803071022034,0.343116819858551,0.5903775095939636,0.025672560557723045,0.9993751049041748,0.2955842912197113,0.658879816532135,0.015302721410989761,0.7755707502365112,0.3493778705596924,0.6583408117294312,0.09612567722797394,0.8365455269813538,0.31447699666023254,0.73211270570755,0.012703362852334976,0.8707672953605652,0.34115803241729736,0.7252732515335083,0.1271812915802002,0.8555136322975159,0.31555700302124023,0.7399289608001709,0.014466824941337109,0.8577793836593628,0.3371870517730713,0.7347694635391235,0.12922078371047974,0.8548520803451538,0.29704779386520386,0.7505637407302856,-0.028890592977404594,0.837040901184082,0.34257206320762634,0.7338699102401733,0.09512502700090408,0.767199695110321
68,0.35797014832496643,0.46237844228744507,0.15728522837162018,0.9988301992416382,0.358877569437027,0.458244264125824,0.11973101645708084,0.9990310072898865,0.3556569516658783,0.4577900469303131,0.11966528743505478,0.9989489316940308,0.3520265221595764,0.45743757486343384,0.11965308338403702,0.9990077614784241,0.3702179789543152,0.4605010151863098,0.13828450441360474,0.9986827373504639,0.3731398284435272,0.46106231212615967,0.13816234469413757,0.9984580874443054,0.3770565092563629,0.46182745695114136,0.13813897967338562,0.998544454574585,0.34572964906692505,0.4609089493751526,-0.01130138523876667,0.9985648989677429,0.3784243166446686,0.46558335423469543,0.07056847214698792,0.9983730316162109,0.34911540150642395,0.46652495861053467,0.11529788374900818,0.9970723986625671,0.3619994521141052,0.4692692458629608,0.1391366571187973,0.9974071383476257,0.30226898193359375,0.4859759211540222,-0.07980851829051971,0.9991033673286438,0.38574478030204773,0.4954453408718109,0.08020879328250885,0.9982641935348511,0.22813086211681366,0.47045740485191345,-0.05128803104162216,0.809447705745697,0.34505999088287354,0.48026755452156067,0.2440895289182663,0.3332686722278595,0.25509411096572876,0.43161943554878235,0.041304562240839005,0.746781587600708,0.3234860897064209,0.44406601786613464,0.407691091299057,0.2528288960456848,0.2582322657108307,0.4229515492916107,0.04142582044005394,0.7336114048957825,0.3031473159790039,0.4292656481266022,0.42778632044792175,0.26344558596611023,0.2705259323120117,0.42567017674446106,0.021371565759181976,0.7307941317558289,0.2967619001865387,0.42897459864616394,0.4139001965522766,0.2631605267524719,0.27013710141181946,0.4286428689956665,0.03618324175477028,0.7195051908493042,0.2950545847415924,0.4338773190975189,0.40486079454421997,0.26837801933288574,0.2841067612171173,0.5887252688407898,-0.02594047412276268,0.9995086789131165,0.34135961532592773,0.590397298336029,0.025843888521194458,0.9993957877159119,0.2952645719051361,0.6585547924041748,0.025810550898313522,0.7890776991844177,0.34953343868255615,0.6591822504997253,0.10610076785087585,0.8296307921409607,0.3127214014530182,0.7307443618774414,0.025901811197400093,0.8794037699699402,0.34153464436531067,0.7272292375564575,0.13280043005943298,0.850510835647583,0.3132563829421997,0.7386361956596375,0.028871770948171616,0.8667342662811279,0.33736318349838257,0.7336679100990295,0.13522599637508392,0.8552507162094116,0.29434800148010254,0.7470296025276184,-0.004634799435734749,0.8438924551010132,0.3452520966529846,0.7335507273674011,0.1104109138250351,0.7611865401268005
69,0.3554115295410156,0.45913010835647583,0.12191734462976456,0.9988396167755127,0.35647234320640564,0.45519009232521057,0.0844654068350792,0.999034583568573,0.353527307510376,0.45503100752830505,0.08440814912319183,0.9989592432975769,0.34998446702957153,0.45491984486579895,0.08441182971000671,0.9990031123161316,0.36749449372291565,0.45688697695732117,0.10363972932100296,0.9986863732337952,0.37036484479904175,0.45739060640335083,0.10351912677288055,0.9984615445137024,0.3742178976535797,0.45814788341522217,0.10348770767450333,0.9985371232032776,0.34626504778862,0.45941779017448425,-0.04400049149990082,0.998569905757904,0.37610816955566406,0.4628247022628784,0.0414867177605629,0.9983956813812256,0.3478218615055084,0.46441370248794556,0.08096005767583847,0.9971219301223755,0.360567182302475,0.4658728837966919,0.10582282394170761,0.9974509477615356,0.30509138107299805,0.4858643412590027,-0.10798068344593048,0.9991163015365601,0.38650649785995483,0.4941491484642029,0.05545230582356453,0.9982112050056458,0.22460614144802094,0.47132909297943115,-0.08802223950624466,0.8274708390235901,0.34403789043426514,0.47422757744789124,0.19860801100730896,0.33127424120903015,0.2532894015312195,0.4328974485397339,-0.0005519235855899751,0.7671465873718262,0.3006068766117096,0.4379986822605133,0.3340257704257965,0.2511448264122009,0.2553302049636841,0.4247397482395172,-0.005150448065251112,0.7536523938179016,0.3000197410583496,0.4273648262023926,0.3499111831188202,0.26165682077407837,0.2680218815803528,0.4266219437122345,-0.02302575297653675,0.7507740259170532,0.29541781544685364,0.4280642569065094,0.3335842192173004,0.26142606139183044,0.27226126194000244,0.4304693639278412,-0.005678015295416117,0.7394406199455261,0.2946755588054657,0.4309023320674896,0.32902178168296814,0.26760947704315186,0.2842613160610199,0.5881253480911255,-0.030936039984226227,0.9995258450508118,0.3410886824131012,0.5903988480567932,0.030857093632221222,0.9993971586227417,0.29357996582984924,0.6582762598991394,0.011341107077896595,0.7994560599327087,0.34630414843559265,0.6585797667503357,0.10012098401784897,0.819776713848114,0.31289055943489075,0.7295724153518677,0.019075263291597366,0.8863986730575562,0.3412339985370636,0.7268710732460022,0.1382843554019928,0.8446983098983765,0.3155019283294678,0.7390817403793335,0.021864555776119232,0.8726432919502258,0.33733683824539185,0.7354719638824463,0.14117076992988586,0.8534451127052307,0.30197182297706604,0.7408410906791687,-0.01809476688504219,0.8483021855354309,0.3366907238960266,0.7330898642539978,0.10973233729600906,0.754525899887085
70,0.35679325461387634,0.4623561501502991,0.11389944702386856,0.9988647699356079,0.35777974128723145,0.45781975984573364,0.07765696197748184,0.9990507960319519,0.3549819886684418,0.45752379298210144,0.07761451601982117,0.9989803433418274,0.3515523374080658,0.4574068486690521,0.07762918621301651,0.999011218547821,0.3684970736503601,0.4595238268375397,0.09584462642669678,0.998704731464386,0.37097641825675964,0.45979219675064087,0.09572304785251617,0.9984827041625977,0.374715656042099,0.46033477783203125,0.09570001810789108,0.9985483288764954,0.34779828786849976,0.4612027406692505,-0.04735056310892105,0.9985865354537964,0.3758678436279297,0.46409472823143005,0.033672213554382324,0.9984296560287476,0.34937065839767456,0.4672189950942993,0.07395048439502716,0.9972010850906372,0.3618263900279999,0.46901658177375793,0.09756270796060562,0.9975192546844482,0.30569979548454285,0.4864340126514435,-0.11010754853487015,0.9991380572319031,0.38676968216896057,0.493706077337265,0.04563462361693382,0.9981869459152222,0.22351469099521637,0.47121837735176086,-0.10587963461875916,0.8437577486038208,0.3446761965751648,0.47319328784942627,0.17612728476524353,0.3400382697582245,0.25196588039398193,0.43433597683906555,-0.04538122937083244,0.7868421077728271,0.30392077565193176,0.4357764422893524,0.29797980189323425,0.260600209236145,0.2544930875301361,0.42549052834510803,-0.05493154376745224,0.7733988761901855,0.29518428444862366,0.4255513548851013,0.31021833419799805,0.2697213590145111,0.26700958609580994,0.42712464928627014,-0.07082749903202057,0.7705115079879761,0.2972055673599243,0.42702385783195496,0.2938145697116852,0.2694152295589447,0.2669643461704254,0.43011730909347534,-0.05063005909323692,0.7592837810516357,0.2964647710323334,0.43002617359161377,0.29252535104751587,0.27664414048194885,0.2840598523616791,0.5878117084503174,-0.0290607288479805,0.999546468257904,0.3411399722099304,0.5901763439178467,0.029019881039857864,0.999407172203064,0.2926023304462433,0.6597091555595398,0.002409887732937932,0.8094980120658875,0.3460821509361267,0.6586799025535583,0.09227610379457474,0.8132691383361816,0.3117625117301941,0.7305768132209778,0.010490001179277897,0.8930522203445435,0.3426208794116974,0.7268873453140259,0.13434410095214844,0.8401827812194824,0.3153891861438751,0.738795280456543,0.012731540948152542,0.8784157633781433,0.3481614589691162,0.7320922613143921,0.13701611757278442,0.8515058159828186,0.29123613238334656,0.7493582367897034,-0.032871752977371216,0.8530253171920776,0.33745935559272766,0.7343752980232239,0.10134949535131454,0.7490105628967285
71,0.35504791140556335,0.46251580119132996,0.11073646694421768,0.9988952875137329,0.3558388650417328,0.4581982493400574,0.07375475019216537,0.9990752935409546,0.3529607057571411,0.4579215943813324,0.07371049374341965,0.999010443687439,0.3494914472103119,0.45770660042762756,0.07372651249170303,0.9990304708480835,0.36692097783088684,0.459666907787323,0.0932055190205574,0.9987362027168274,0.3696253001689911,0.46001189947128296,0.09309273958206177,0.9985181093215942,0.37361568212509155,0.4606287181377411,0.09306458383798599,0.9985737204551697,0.3454020321369171,0.46164363622665405,-0.05260098725557327,0.9986209869384766,0.37494686245918274,0.46474942564964294,0.033984046429395676,0.9984778165817261,0.34760600328445435,0.46741005778312683,0.07026951760053635,0.9973010420799255,0.3600517511367798,0.4692261517047882,0.0954744890332222,0.9976058602333069,0.3006914556026459,0.48626646399497986,-0.11634936928749084,0.999157190322876,0.3854711949825287,0.4949703812599182,0.05005395784974098,0.9981342554092407,0.2235851287841797,0.47074422240257263,-0.09877832233905792,0.8585174083709717,0.352336049079895,0.47597044706344604,0.1862981915473938,0.3398841619491577,0.25402212142944336,0.4334167242050171,-0.01703537069261074,0.8042352795600891,0.3043583631515503,0.44021540880203247,0.312517911195755,0.26030534505844116,0.2553193271160126,0.4250496029853821,-0.023405803367495537,0.7908150553703308,0.3028871715068817,0.4269712269306183,0.32686153054237366,0.26934918761253357,0.2689789831638336,0.42685937881469727,-0.04093722626566887,0.7879303693771362,0.29961061477661133,0.42794859409332275,0.30989688634872437,0.26914092898368835,0.26906514167785645,0.4297249913215637,-0.022157132625579834,0.7768527865409851,0.29898953437805176,0.43252670764923096,0.3069334626197815,0.2772639989852905,0.2834557592868805,0.5911765694618225,-0.03179875761270523,0.9995647668838501,0.340242862701416,0.5927906036376953,0.03174968808889389,0.9994105696678162,0.29299604892730713,0.6599298119544983,0.0008585588075220585,0.8188012838363647,0.3450009822845459,0.6586551070213318,0.10157480090856552,0.8033820390701294,0.3134700357913971,0.7284934520721436,0.009573912248015404,0.8990572094917297,0.3392259478569031,0.7239927053451538,0.14524801075458527,0.8335354328155518,0.3173936903476715,0.7377978563308716,0.012392659671604633,0.883716881275177,0.3378311097621918,0.7333719730377197,0.1484888643026352,0.8484366536140442,0.29385730624198914,0.7478334903717041,-0.028084462508559227,0.8575087785720825,0.3313688635826111,0.7313441038131714,0.11922843009233475,0.7421453595161438
72,0.35202762484550476,0.4611711800098419,0.10666920244693756,0.9989892244338989,0.35321351885795593,0.4570680856704712,0.06786695122718811,0.9991543889045715,0.350526362657547,0.4568271040916443,0.06782934814691544,0.9990954995155334,0.347375750541687,0.45666757225990295,0.06788016855716705,0.9991118907928467,0.36335229873657227,0.45850151777267456,0.09322409331798553,0.9988434910774231,0.366506427526474,0.45891469717025757,0.09311693161725998,0.9986424446105957,0.36903828382492065,0.4592348039150238,0.09311435371637344,0.9986924529075623,0.34353524446487427,0.4605698585510254,-0.06619293242692947,0.9987379908561707,0.3725561797618866,0.46357956528663635,0.04688889905810356,0.9986110925674438,0.34512391686439514,0.46636855602264404,0.06299959868192673,0.9975335001945496,0.35491040349006653,0.46722182631492615,0.0959625169634819,0.9978148341178894,0.3009054362773895,0.4868195354938507,-0.14378304779529572,0.9992209672927856,0.38184669613838196,0.4954722821712494,0.07966961711645126,0.998234748840332,0.22495557367801666,0.4689469039440155,-0.14473673701286316,0.87227863073349,0.34140416979789734,0.47644248604774475,0.22472991049289703,0.3446601629257202,0.26125794649124146,0.43205925822257996,-0.06971437484025955,0.8215453624725342,0.3079665005207062,0.43983370065689087,0.33590373396873474,0.26790329813957214,0.2628217935562134,0.42378371953964233,-0.08391155302524567,0.8084869384765625,0.30895164608955383,0.42734959721565247,0.3503258228302002,0.27637219429016113,0.27622297406196594,0.42648881673812866,-0.09778615832328796,0.805646538734436,0.3102417290210724,0.42868030071258545,0.3298766314983368,0.2763168215751648,0.2758646309375763,0.43000859022140503,-0.07407785207033157,0.7949281930923462,0.30445894598960876,0.4328797459602356,0.32826268672943115,0.2851754426956177,0.28375333547592163,0.590558648109436,-0.05563672259449959,0.999596357345581,0.34015005826950073,0.5920839905738831,0.05565287917852402,0.9994411468505859,0.2923664152622223,0.6620345711708069,-0.005902517586946487,0.8319080471992493,0.3431888222694397,0.6593325734138489,0.13195426762104034,0.7872662544250488,0.30837389826774597,0.7323980927467346,-0.006456781178712845,0.9064661860466003,0.3377637267112732,0.7234140634536743,0.1786843240261078,0.8267672061920166,0.31607863306999207,0.742059051990509,-0.004696428310126066,0.8913789987564087,0.34301117062568665,0.7296397089958191,0.18253137171268463,0.8489835262298584,0.28435102105140686,0.7405428290367126,-0.04191651567816734,0.8656247854232788,0.3226688504219055,0.7279821634292603,0.1637035459280014,0.7398438453674316
73,0.3534027338027954,0.46372857689857483,0.12555286288261414,0.999068558216095,0.35452112555503845,0.4592893421649933,0.08539573103189468,0.99922114610672,0.3517465591430664,0.45883700251579285,0.08535294979810715,0.9991676807403564,0.3483057916164398,0.4584087133407593,0.08540438115596771,0.999180793762207,0.3647409677505493,0.4611080288887024,0.10926825553178787,0.9989345669746399,0.3673354983329773,0.46122363209724426,0.10916081815958023,0.9987472295761108,0.37076660990715027,0.4617196023464203,0.10916601866483688,0.9987918138504028,0.3434104323387146,0.4612395167350769,-0.05231792479753494,0.9988383054733276,0.37242671847343445,0.46533724665641785,0.053875669836997986,0.9987228512763977,0.3460691571235657,0.468127578496933,0.08093719184398651,0.9977297782897949,0.35735565423965454,0.4701838791370392,0.11182629317045212,0.9979912042617798,0.3001602590084076,0.4852185547351837,-0.12823309004306793,0.9992778301239014,0.3854281008243561,0.4959910809993744,0.08445603400468826,0.9983178377151489,0.22539231181144714,0.4697722792625427,-0.09632937610149384,0.8845757842063904,0.34758442640304565,0.4829985201358795,0.24224841594696045,0.34758350253105164,0.2619338035583496,0.4326167702674866,0.017185194417834282,0.8364734649658203,0.3157120943069458,0.44353243708610535,0.3700903058052063,0.27044153213500977,0.2697180211544037,0.4253978133201599,0.013300019316375256,0.8235443234443665,0.31490084528923035,0.4328457713127136,0.3892516791820526,0.2786024212837219,0.28342077136039734,0.4287089407444,-0.005395924206823111,0.820733904838562,0.31096264719963074,0.4328904449939728,0.36974653601646423,0.2787671983242035,0.2830849587917328,0.43136072158813477,0.0127628855407238,0.8103281259536743,0.3102186918258667,0.4356922209262848,0.3637208044528961,0.2879128158092499,0.2831912040710449,0.5904105305671692,-0.05058055371046066,0.9996212124824524,0.33964207768440247,0.5914808511734009,0.050568003207445145,0.9994634985923767,0.2929474115371704,0.6608520150184631,-0.011250882409512997,0.8419994115829468,0.34424376487731934,0.6566770076751709,0.11672326922416687,0.7734747529029846,0.3105911910533905,0.7323757410049438,-0.022263366729021072,0.912604033946991,0.3387513756752014,0.7239504456520081,0.14750058948993683,0.8206610083580017,0.3181498050689697,0.74027019739151,-0.020863132551312447,0.8974366188049316,0.34518301486968994,0.7299625277519226,0.14997147023677826,0.8480519652366638,0.2901623845100403,0.7481111288070679,-0.054343633353710175,0.8721996545791626,0.32682591676712036,0.7296628355979919,0.1313350349664688,0.7367033362388611
74,0.3517937660217285,0.46405550837516785,0.1310749053955078,0.9991391897201538,0.35333988070487976,0.4592878222465515,0.09073540568351746,0.9992809891700745,0.35079172253608704,0.4587983787059784,0.09068945050239563,0.9992321729660034,0.3476296663284302,0.45835044980049133,0.09073414653539658,0.9992430210113525,0.3628629446029663,0.4612709581851959,0.11480338126420975,0.999016284942627,0.36553964018821716,0.461760938167572,0.11470157653093338,0.9988402128219604,0.3686806857585907,0.46244218945503235,0.11471880227327347,0.9988807439804077,0.3437291085720062,0.4612072706222534,-0.04740433022379875,0.9989294409751892,0.3711075782775879,0.4660009443759918,0.05971385911107063,0.9988229870796204,0.34532877802848816,0.4684423804283142,0.08640971034765244,0.9979047775268555,0.3559224605560303,0.47058314085006714,0.117521271109581,0.9981469511985779,0.3007459044456482,0.48414257168769836,-0.12391279637813568,0.9993265271186829,0.3866822421550751,0.4965953528881073,0.09009836614131927,0.9983851909637451,0.22727958858013153,0.4666386842727661,-0.09496273100376129,0.8956575989723206,0.34754684567451477,0.4829685091972351,0.257520467042923,0.3458874523639679,0.2646714448928833,0.4317343533039093,0.018815819174051285,0.8499587178230286,0.31961557269096375,0.4431098699569702,0.39122089743614197,0.2685699462890625,0.272811621427536,0.4249480962753296,0.01581120304763317,0.8372300863265991,0.3178199529647827,0.43212446570396423,0.4117966294288635,0.27708303928375244,0.28611281514167786,0.42730027437210083,-0.002438933588564396,0.8344494104385376,0.31261780858039856,0.43187475204467773,0.3922386169433594,0.27745693922042847,0.28525230288505554,0.430618017911911,0.014716196805238724,0.8243860602378845,0.31204190850257874,0.4346846342086792,0.3851044178009033,0.2871316075325012,0.28170105814933777,0.5896531343460083,-0.04977445676922798,0.9996405839920044,0.3391406834125519,0.5913894176483154,0.04977916553616524,0.9994774460792542,0.29310891032218933,0.6606774926185608,-0.012769022025167942,0.8508545756340027,0.34355396032333374,0.6592918634414673,0.11208949238061905,0.7605448365211487,0.310218870639801,0.7327604293823242,-0.031334251165390015,0.91813725233078,0.33537593483924866,0.7276418209075928,0.1383340209722519,0.8141888380050659,0.31769970059394836,0.7403919696807861,-0.030799342319369316,0.9032723903656006,0.34411710500717163,0.7320905327796936,0.14035585522651672,0.8469470143318176,0.29516276717185974,0.7425376176834106,-0.06509052962064743,0.8781302571296692,0.32779040932655334,0.7322463989257812,0.121148020029068,0.7324607372283936
75,0.355950266122818,0.4651035964488983,0.14483506977558136,0.9991612434387207,0.35680532455444336,0.46030738949775696,0.10527761280536652,0.9992993474006653,0.3537556827068329,0.4596709609031677,0.1052330881357193,0.9992550015449524,0.3501511514186859,0.4590871036052704,0.1052640900015831,0.9992606043815613,0.3674396574497223,0.462592750787735,0.12825073301792145,0.9990376234054565,0.3701077997684479,0.4630175232887268,0.12814027070999146,0.9988605976104736,0.3734756410121918,0.4636012017726898,0.12813255190849304,0.9988983273506165,0.3450358211994171,0.46193405985832214,-0.03377868980169296,0.9989560842514038,0.37439098954200745,0.4664362072944641,0.06855575740337372,0.9988555908203125,0.3481645882129669,0.46927642822265625,0.09965173900127411,0.9979703426361084,0.36002978682518005,0.47156256437301636,0.12940847873687744,0.9982078671455383,0.3018621504306793,0.4850611686706543,-0.11092157661914825,0.9993544816970825,0.38694658875465393,0.4959031939506531,0.08973676711320877,0.9983924031257629,0.23050576448440552,0.46513792872428894,-0.07596683502197266,0.9053013920783997,0.3536657691001892,0.4777078926563263,0.24055808782577515,0.3461049199104309,0.2688710391521454,0.4321179687976837,0.04188167676329613,0.8608642220497131,0.3315926492214203,0.4408368766307831,0.36925214529037476,0.26867160201072693,0.2777126431465149,0.4246639907360077,0.04083167016506195,0.8480543494224548,0.3209225833415985,0.42888036370277405,0.3878636062145233,0.2771686017513275,0.2904466390609741,0.42807072401046753,0.02046731486916542,0.8452711701393127,0.3163088262081146,0.4291980564594269,0.36958253383636475,0.27775871753692627,0.2896808683872223,0.4304980933666229,0.037079475820064545,0.8353265523910522,0.3149634301662445,0.4333246052265167,0.36319321393966675,0.28779441118240356,0.2819402515888214,0.588038444519043,-0.04577649012207985,0.9996562004089355,0.3390814960002899,0.5907846093177795,0.045767102390527725,0.9994905591011047,0.28897765278816223,0.658267080783844,-0.01663896255195141,0.8579176664352417,0.3449128568172455,0.6550643444061279,0.10466204583644867,0.7489739656448364,0.31100553274154663,0.730228841304779,-0.0342400036752224,0.9224185943603516,0.33871814608573914,0.7237783074378967,0.12898443639278412,0.8069618940353394,0.31507396697998047,0.7373700737953186,-0.033715929836034775,0.9069843292236328,0.343256413936615,0.730897843837738,0.13043679296970367,0.842850387096405,0.3018539845943451,0.7421112656593323,-0.07145880907773972,0.8824316263198853,0.32858777046203613,0.7318776249885559,0.10711812973022461,0.7272913455963135
76,0.3512614071369171,0.46532168984413147,0.14469477534294128,0.9991649389266968,0.3521818220615387,0.46052834391593933,0.1063908040523529,0.9992967247962952,0.34937432408332825,0.45981186628341675,0.10635412484407425,0.9992561936378479,0.3461851477622986,0.4591061472892761,0.10638437420129776,0.9992571473121643,0.3620865046977997,0.4626825749874115,0.12860101461410522,0.9990306496620178,0.3650215268135071,0.46308815479278564,0.12851230800151825,0.9988474249839783,0.36832109093666077,0.46358782052993774,0.1285194605588913,0.9988828897476196,0.3423137664794922,0.4612244665622711,-0.028210816904902458,0.9989519119262695,0.3702191114425659,0.4659765660762787,0.0706523060798645,0.9988451600074768,0.3438244163990021,0.46910205483436584,0.10110066831111908,0.9979727268218994,0.3546558916568756,0.4710104167461395,0.12983983755111694,0.9982084035873413,0.3012400269508362,0.4836358428001404,-0.10242190957069397,0.9993588328361511,0.3871595561504364,0.4951290190219879,0.09120212495326996,0.9983240365982056,0.23069074749946594,0.4654070734977722,-0.06612144410610199,0.9139328002929688,0.36272746324539185,0.4887905716896057,0.23280036449432373,0.3462989330291748,0.27872440218925476,0.4321308434009552,0.053072020411491394,0.8708824515342712,0.3347643315792084,0.4438009262084961,0.3515668511390686,0.26843705773353577,0.2887674868106842,0.42492952942848206,0.053434569388628006,0.8580259680747986,0.3214905560016632,0.42895153164863586,0.3694838583469391,0.2769547402858734,0.2989386320114136,0.42787420749664307,0.033244919031858444,0.8552581071853638,0.3233606219291687,0.42996451258659363,0.35182827711105347,0.2777755558490753,0.29426056146621704,0.42991921305656433,0.0485401451587677,0.8454198837280273,0.3225848972797394,0.4342160224914551,0.34567880630493164,0.2879878580570221,0.28235748410224915,0.5862577557563782,-0.042753446847200394,0.9996619820594788,0.34003502130508423,0.5898332595825195,0.042760126292705536,0.9994913339614868,0.2930649518966675,0.6562070250511169,-0.03979049623012543,0.8631591796875,0.3423457741737366,0.6564828157424927,0.07955875992774963,0.7403765320777893,0.31218859553337097,0.7303158044815063,-0.058835964649915695,0.925731897354126,0.33881857991218567,0.7268442511558533,0.08781713992357254,0.8022948503494263,0.3157669007778168,0.7390477061271667,-0.058625608682632446,0.9097777605056763,0.34122928977012634,0.7352419495582581,0.08728832751512527,0.8387750387191772,0.3022996485233307,0.7444126605987549,-0.09830919653177261,0.8858073353767395,0.32734817266464233,0.7358518242835999,0.05563127249479294,0.7240368723869324
77,0.34924960136413574,0.4625391364097595,0.12963230907917023,0.9991675615310669,0.3501453101634979,0.4573363959789276,0.09095866233110428,0.9992949962615967,0.3473932445049286,0.45673662424087524,0.09090135991573334,0.9992572665214539,0.3443237245082855,0.4561771750450134,0.09092094004154205,0.9992557168006897,0.36065077781677246,0.4596848785877228,0.112242192029953,0.9990289211273193,0.36379876732826233,0.46025988459587097,0.11214615404605865,0.9988409876823425,0.36750873923301697,0.4609745442867279,0.11213371902704239,0.9988763928413391,0.3391590118408203,0.4589275121688843,-0.04160801321268082,0.998946487903595,0.36945009231567383,0.46424275636672974,0.053467363119125366,0.9988390207290649,0.3420897126197815,0.4670523405075073,0.08730112016201019,0.9979671835899353,0.3534732758998871,0.4692305326461792,0.11488566547632217,0.9982054233551025,0.30121415853500366,0.4831332564353943,-0.1068163514137268,0.9993503093719482,0.3863898813724518,0.4963398575782776,0.07432512938976288,0.9982641339302063,0.23305492103099823,0.46367594599723816,-0.05812055990099907,0.921347439289093,0.36309176683425903,0.49053794145584106,0.22908122837543488,0.34147146344184875,0.28050315380096436,0.4321538805961609,0.07002872973680496,0.8779001235961914,0.33671826124191284,0.44532710313796997,0.36683890223503113,0.2624346613883972,0.2897931933403015,0.4247005879878998,0.07164116948843002,0.864556074142456,0.3238634169101715,0.4311344027519226,0.3864247500896454,0.2714056074619293,0.3008388876914978,0.4269252419471741,0.04888303577899933,0.8618038892745972,0.32598790526390076,0.43231266736984253,0.3686261475086212,0.2724469006061554,0.29984021186828613,0.43072226643562317,0.06454087048768997,0.8518737554550171,0.3251359164714813,0.4350925087928772,0.3615458607673645,0.28256329894065857,0.28060755133628845,0.588490903377533,-0.0372503362596035,0.9996649026870728,0.33837684988975525,0.5913000106811523,0.03720828518271446,0.9994892477989197,0.29050689935684204,0.6583970189094543,-0.0022156185004860163,0.8645195364952087,0.34613606333732605,0.6579073667526245,0.10274602472782135,0.7322695255279541,0.31262490153312683,0.7309888005256653,-0.007667037192732096,0.9277330040931702,0.34169015288352966,0.7256858944892883,0.12777869403362274,0.7984468936920166,0.315239816904068,0.7388665080070496,-0.005868158303201199,0.9101278781890869,0.34749123454093933,0.733306348323822,0.1296215057373047,0.8353078365325928,0.3052569329738617,0.7418384552001953,-0.04024335741996765,0.8869507908821106,0.3366599977016449,0.7334535121917725,0.10356121510267258,0.7208676934242249
78,0.34945347905158997,0.4621744155883789,0.13492073118686676,0.9991814494132996,0.3517293930053711,0.45655855536460876,0.097053162753582,0.999302327632904,0.34938496351242065,0.45659902691841125,0.09700597077608109,0.9992668032646179,0.3464770019054413,0.4562011957168579,0.09703612327575684,0.9992628693580627,0.36152514815330505,0.45867490768432617,0.11817881464958191,0.9990383386611938,0.3643212914466858,0.45928213000297546,0.11808499693870544,0.9988470673561096,0.3683144152164459,0.46012580394744873,0.1180950254201889,0.998881995677948,0.34163081645965576,0.45914092659950256,-0.033787451684474945,0.9989548921585083,0.37016773223876953,0.46455249190330505,0.060439322143793106,0.9988462924957275,0.3429388105869293,0.46736589074134827,0.09301790595054626,0.9979825019836426,0.3537459969520569,0.4694744944572449,0.12035830318927765,0.9982253909111023,0.3009350597858429,0.48314762115478516,-0.10132335126399994,0.9993476867675781,0.38853326439857483,0.4950034022331238,0.08085517585277557,0.9982390999794006,0.232790008187294,0.4629262685775757,-0.05715024098753929,0.9279879331588745,0.36244192719459534,0.4891168475151062,0.23106344044208527,0.3416808843612671,0.28198495507240295,0.43183690309524536,0.06932935118675232,0.8840792775154114,0.33949869871139526,0.4464590847492218,0.36014848947525024,0.26047050952911377,0.2923046946525574,0.424771249294281,0.06974540650844574,0.8703789114952087,0.3398049771785736,0.43520957231521606,0.3787820041179657,0.26965412497520447,0.3030422031879425,0.42730456590652466,0.04722365364432335,0.8676213026046753,0.3292723298072815,0.43186715245246887,0.3611431121826172,0.270906537771225,0.30171623826026917,0.4311089813709259,0.06370263546705246,0.8575925230979919,0.32793405652046204,0.43588292598724365,0.35469791293144226,0.28087908029556274,0.28153151273727417,0.5865110158920288,-0.0396428257226944,0.9996692538261414,0.3393542468547821,0.5893019437789917,0.03963010385632515,0.9994949698448181,0.29355111718177795,0.6559037566184998,-0.020372789353132248,0.8663492202758789,0.34417539834976196,0.6564133763313293,0.09167255461215973,0.7249270081520081,0.3139609396457672,0.7285054922103882,-0.032721202820539474,0.9297839999198914,0.3404304087162018,0.7251735925674438,0.1092739999294281,0.7963310480117798,0.3169587254524231,0.737558901309967,-0.031904201954603195,0.9108919501304626,0.3389090895652771,0.7336482405662537,0.10989793390035629,0.8334876298904419,0.30512988567352295,0.7415470480918884,-0.06678551435470581,0.8887893557548523,0.3318634033203125,0.7331680059432983,0.08243691921234131,0.7203122973442078
79,0.34020429849624634,0.4615383744239807,0.12085019052028656,0.9991817474365234,0.341386079788208,0.45682647824287415,0.08214395493268967,0.9992951154708862,0.33690816164016724,0.45604851841926575,0.08209307491779327,0.9992642402648926,0.3342190384864807,0.45567724108695984,0.08212278038263321,0.9992567896842957,0.3496074080467224,0.45712676644325256,0.10685809701681137,0.9990249276161194,0.35504013299942017,0.4581525921821594,0.106767937541008,0.9988264441490173,0.35782334208488464,0.4585058093070984,0.10676606744527817,0.9988611340522766,0.3324381709098816,0.4584996998310089,-0.051140811294317245,0.998935341835022,0.36396175622940063,0.46404603123664856,0.05938310921192169,0.9988322854042053,0.3324473202228546,0.46678608655929565,0.07786982506513596,0.9979709982872009,0.34364238381385803,0.46846988797187805,0.11002255231142044,0.9982168078422546,0.3002406060695648,0.4824509024620056,-0.12408923357725143,0.9993419647216797,0.38577529788017273,0.49307915568351746,0.08931649476289749,0.9981570839881897,0.23511219024658203,0.4622911512851715,-0.08998740464448929,0.9342372417449951,0.35951751470565796,0.48966965079307556,0.2436760812997818,0.33567285537719727,0.2897322177886963,0.4320061504840851,0.03226861730217934,0.8906033039093018,0.3376881778240204,0.4470402002334595,0.3663673996925354,0.25546514987945557,0.293275386095047,0.4242143929004669,0.02867051400244236,0.8767930865287781,0.33576321601867676,0.4317927062511444,0.38374459743499756,0.2651938498020172,0.3074071705341339,0.4270797669887543,0.005881248973309994,0.874119222164154,0.3305612802505493,0.4322352409362793,0.3647659122943878,0.26670917868614197,0.30330565571784973,0.43067750334739685,0.0263445395976305,0.8641284108161926,0.3292039632797241,0.4349904954433441,0.35987594723701477,0.27666160464286804,0.28097963333129883,0.5865118503570557,-0.05114911496639252,0.9996746182441711,0.3398301303386688,0.5914343595504761,0.051130641251802444,0.9994946122169495,0.28972703218460083,0.6587664484977722,-0.020639238879084587,0.8696971535682678,0.3417598009109497,0.6579415202140808,0.11413039267063141,0.7151270508766174,0.3092884421348572,0.7307859659194946,-0.02961062826216221,0.9325335025787354,0.3359202444553375,0.7278398275375366,0.14108921587467194,0.7929837107658386,0.3161817789077759,0.7390670776367188,-0.02855348214507103,0.9121450185775757,0.3385036289691925,0.7370966672897339,0.14230859279632568,0.8308423757553101,0.29338911175727844,0.7389503717422485,-0.06779997795820236,0.8913635015487671,0.32265686988830566,0.7339576482772827,0.11388171464204788,0.71844881772995
80,0.344766765832901,0.46314743161201477,0.15092356503009796,0.9991341233253479,0.3471488952636719,0.4583742916584015,0.11407072097063065,0.9992461800575256,0.34443384408950806,0.4576883614063263,0.11402449756860733,0.9992193579673767,0.3412691652774811,0.4569616913795471,0.1140277087688446,0.9992089867591858,0.35843151807785034,0.46108168363571167,0.13634289801120758,0.9989543557167053,0.36137962341308594,0.4616072475910187,0.13626091182231903,0.9987367987632751,0.36567047238349915,0.4623956084251404,0.13627447187900543,0.9987723231315613,0.33784428238868713,0.4584754407405853,-0.015560256317257881,0.9988653063774109,0.3674662411212921,0.46486157178878784,0.08325719833374023,0.9987507462501526,0.3379970192909241,0.46784284710884094,0.10886521637439728,0.9978512525558472,0.3499615490436554,0.4703421890735626,0.13768450915813446,0.9981141686439514,0.2989947199821472,0.48228222131729126,-0.09088340401649475,0.999333918094635,0.3887232840061188,0.4942484498023987,0.10160525143146515,0.9980350732803345,0.23569154739379883,0.4606110155582428,-0.052619289606809616,0.9398545026779175,0.3615747094154358,0.4915176033973694,0.2523063123226166,0.32818007469177246,0.2901136577129364,0.43259185552597046,0.07347377389669418,0.8973461985588074,0.3379816710948944,0.44770076870918274,0.38230475783348083,0.24977369606494904,0.2958894968032837,0.4230262041091919,0.07410715520381927,0.8837636113166809,0.3321740925312042,0.43432706594467163,0.4015026390552521,0.26044920086860657,0.3116571009159088,0.42660218477249146,0.05275723710656166,0.8811275362968445,0.32958194613456726,0.43494558334350586,0.3837569057941437,0.26219063997268677,0.3058599531650543,0.4305232763290405,0.0686342790722847,0.8712838888168335,0.32803452014923096,0.4373489022254944,0.3766390383243561,0.2725028395652771,0.2803938388824463,0.5861088633537292,-0.04496229812502861,0.9996734261512756,0.3381953537464142,0.5899274349212646,0.04493234306573868,0.9994835257530212,0.29231342673301697,0.6567938923835754,-0.04313615709543228,0.8750234246253967,0.34122830629348755,0.6574346423149109,0.08308675140142441,0.7112531661987305,0.3097546398639679,0.7317308187484741,-0.0675799623131752,0.9355733394622803,0.3338734805583954,0.7285329103469849,0.090647853910923,0.7909680008888245,0.3155403137207031,0.7400029897689819,-0.06812102347612381,0.9156123995780945,0.33618810772895813,0.7354403138160706,0.08944813162088394,0.8288490176200867,0.2952812612056732,0.7406413555145264,-0.11288037896156311,0.8949350118637085,0.32174062728881836,0.7369760274887085,0.05358029901981354,0.7170259356498718
81,0.3410079777240753,0.4630461037158966,0.15064626932144165,0.9991034269332886,0.3427599370479584,0.45834559202194214,0.11292099207639694,0.9992110729217529,0.33777764439582825,0.45719003677368164,0.1128779947757721,0.9991898536682129,0.33542099595069885,0.4566114842891693,0.11289142817258835,0.999176561832428,0.3507120609283447,0.4597794711589813,0.13569705188274384,0.9989019632339478,0.3566822409629822,0.4608999490737915,0.1356053203344345,0.9986693263053894,0.35932570695877075,0.46116015315055847,0.13561107218265533,0.9987086653709412,0.33430635929107666,0.4581546485424042,-0.020145084708929062,0.9988086819648743,0.36448371410369873,0.4642282724380493,0.08128244429826736,0.9986891150474548,0.33262598514556885,0.46770888566970825,0.10760656744241714,0.9977651238441467,0.34364286065101624,0.46966034173965454,0.13717108964920044,0.9980375170707703,0.2997400760650635,0.4819944202899933,-0.09290258586406708,0.999338686466217,0.3920567035675049,0.492667555809021,0.09957978874444962,0.9980233907699585,0.23684966564178467,0.46101319789886475,-0.04219498857855797,0.9446713328361511,0.36127129197120667,0.4902888238430023,0.2516148090362549,0.32247331738471985,0.2940976619720459,0.4315200746059418,0.10241515189409256,0.9021613597869873,0.3411904573440552,0.4472416639328003,0.38268110156059265,0.244557723402977,0.3043519854545593,0.42285510897636414,0.10635342448949814,0.8885546922683716,0.335072785615921,0.4338935613632202,0.4027588367462158,0.2557344436645508,0.3149380385875702,0.42714163661003113,0.08244076371192932,0.8859575986862183,0.3369460701942444,0.43520084023475647,0.3862502872943878,0.2576346695423126,0.31409305334091187,0.43007758259773254,0.09693746268749237,0.8761050701141357,0.3349040448665619,0.437473326921463,0.37757691740989685,0.2680795192718506,0.28313151001930237,0.5849496722221375,-0.04551317170262337,0.9996787309646606,0.3390050232410431,0.5883319973945618,0.0455048568546772,0.9994908571243286,0.29085204005241394,0.6549694538116455,-0.044248733669519424,0.8787930607795715,0.34372252225875854,0.6557723879814148,0.08217532187700272,0.7071325778961182,0.312387615442276,0.728080153465271,-0.06571802496910095,0.9381046295166016,0.3408527374267578,0.7282537221908569,0.09207454323768616,0.7903313040733337,0.3199704587459564,0.7374182939529419,-0.06610564142465591,0.9180778861045837,0.3430566191673279,0.7356901168823242,0.09121304005384445,0.8279170989990234,0.30175694823265076,0.7406799793243408,-0.1093248575925827,0.8983593583106995,0.3249386250972748,0.7356902956962585,0.05617697536945343,0.7188400030136108
82,0.33200690150260925,0.4639795124530792,0.11880595982074738,0.9991147518157959,0.3340549170970917,0.4584943354129791,0.08093173801898956,0.9992141127586365,0.3323709964752197,0.4581599831581116,0.08091171830892563,0.9991950392723083,0.33044689893722534,0.4577322006225586,0.08094467222690582,0.9991781115531921,0.3438020646572113,0.45991072058677673,0.10712139308452606,0.998904287815094,0.34715256094932556,0.4602245092391968,0.10703857243061066,0.9986692070960999,0.3528231084346771,0.4608786702156067,0.1070534810423851,0.9987054467201233,0.3305348753929138,0.45986783504486084,-0.051706477999687195,0.9988048076629639,0.3599244952201843,0.46381473541259766,0.06549197435379028,0.9986963868141174,0.3285592794418335,0.468301385641098,0.07553552836179733,0.997794508934021,0.3388902246952057,0.4696556627750397,0.10971442610025406,0.9980598092079163,0.3043060898780823,0.48436683416366577,-0.1292170137166977,0.9993293881416321,0.38848161697387695,0.49412697553634644,0.0928216353058815,0.9979709386825562,0.2423010915517807,0.4610324501991272,-0.11511991918087006,0.9492769241333008,0.3619430363178253,0.4865153729915619,0.22476047277450562,0.3177788257598877,0.29749152064323425,0.43245479464530945,-0.006776720285415649,0.9079787731170654,0.34152448177337646,0.4460306465625763,0.3131599724292755,0.24229004979133606,0.3038356304168701,0.42447662353515625,-0.014971411786973476,0.8947536945343018,0.33687517046928406,0.433194100856781,0.3243996798992157,0.25404953956604004,0.31488656997680664,0.4272480905056,-0.03593520075082779,0.8922083973884583,0.338015079498291,0.4346120059490204,0.30672475695610046,0.25611042976379395,0.31305795907974243,0.4319891333580017,-0.012632406316697598,0.8825283646583557,0.3365100622177124,0.43698713183403015,0.3057578504085541,0.26721224188804626,0.2824346125125885,0.5877975821495056,-0.05449967458844185,0.9996864795684814,0.33966153860092163,0.591519296169281,0.054544176906347275,0.9994977116584778,0.291120320558548,0.6585953831672668,-0.03953801468014717,0.8835825324058533,0.33995679020881653,0.6592987775802612,0.10541737079620361,0.7011929750442505,0.3106015920639038,0.7314300537109375,-0.0462467297911644,0.9410746693611145,0.3356480002403259,0.7273638248443604,0.13282953202724457,0.788769543170929,0.31686797738075256,0.740792453289032,-0.04606090113520622,0.9214650988578796,0.3380020260810852,0.7363768815994263,0.13311973214149475,0.8275840282440186,0.28763753175735474,0.7481629252433777,-0.0926085039973259,0.9018576741218567,0.316385954618454,0.7362270355224609,0.09927269071340561,0.7182844877243042
83,0.34383636713027954,0.46419769525527954,0.1428176611661911,0.9990605711936951,0.34425002336502075,0.45905643701553345,0.10783611983060837,0.9991546869277954,0.34177038073539734,0.45863980054855347,0.10779285430908203,0.9991341233253479,0.3390182554721832,0.4582081735134125,0.10777744650840759,0.9991164207458496,0.35613346099853516,0.4609483480453491,0.1269015520811081,0.998830258846283,0.3593113422393799,0.461390882730484,0.1268302947282791,0.9985737800598145,0.36499619483947754,0.4622740149497986,0.12685152888298035,0.9986063838005066,0.3346371352672577,0.45983409881591797,-0.014251734130084515,0.9987199902534485,0.36596885323524475,0.465217262506485,0.07063397765159607,0.9985859394073486,0.3382584750652313,0.4701046049594879,0.1035824790596962,0.9976759552955627,0.3509633243083954,0.4720800817012787,0.12830013036727905,0.9979498386383057,0.2984029948711395,0.483938992023468,-0.0816451832652092,0.9993000030517578,0.3900224268436432,0.4962579309940338,0.07878997176885605,0.9978066682815552,0.24704234302043915,0.45875173807144165,-0.04326067119836807,0.9529128074645996,0.3688155710697174,0.4915500581264496,0.21108226478099823,0.312629759311676,0.29939571022987366,0.43160295486450195,0.07251040637493134,0.9121377468109131,0.34586143493652344,0.45063406229019165,0.32470598816871643,0.23788250982761383,0.3054368793964386,0.42339056730270386,0.07181429117918015,0.8992410898208618,0.33916574716567993,0.4370618760585785,0.33794403076171875,0.2506502866744995,0.31608012318611145,0.42679649591445923,0.050044286996126175,0.8966699242591858,0.3396010398864746,0.4385637640953064,0.32078295946121216,0.25283128023147583,0.31423309445381165,0.43176189064979553,0.0669521912932396,0.8871607780456543,0.33792844414711,0.44037163257598877,0.31848523020744324,0.26446157693862915,0.280458003282547,0.5878885388374329,-0.03405968099832535,0.9996840357780457,0.3397727906703949,0.5924204587936401,0.03407052531838417,0.9994916319847107,0.29172125458717346,0.6571752429008484,-0.024121426045894623,0.8872617483139038,0.34177207946777344,0.6591235995292664,0.07841083407402039,0.703120231628418,0.31199899315834045,0.7287295460700989,-0.02824431098997593,0.9427874684333801,0.33446621894836426,0.7271161675453186,0.09740791469812393,0.7898908257484436,0.31466278433799744,0.7361222505569458,-0.027251211926341057,0.9239262938499451,0.3329383134841919,0.7361424565315247,0.09720007330179214,0.8275277018547058,0.3062130808830261,0.7371886968612671,-0.07034703344106674,0.9034071564674377,0.32529160380363464,0.7372545003890991,0.06030258536338806,0.7181968092918396
84,0.33975863456726074,0.46176326274871826,0.17114600539207458,0.9989829063415527,0.3364694118499756,0.4569654166698456,0.13689455389976501,0.999059796333313,0.33438408374786377,0.45669275522232056,0.13685747981071472,0.9990410208702087,0.3320959210395813,0.45640137791633606,0.13684938848018646,0.9990231394767761,0.34656521677970886,0.45697376132011414,0.15790052711963654,0.9986867904663086,0.3548174500465393,0.458855539560318,0.15783177316188812,0.9984025955200195,0.3590254485607147,0.45932161808013916,0.15786151587963104,0.9984339475631714,0.3312384784221649,0.45845282077789307,0.011260135099291801,0.9985601305961609,0.3600614070892334,0.4632216691970825,0.10484686493873596,0.998367190361023,0.3314610421657562,0.4676722288131714,0.12996767461299896,0.9974097609519958,0.34307682514190674,0.46953731775283813,0.15732131898403168,0.9976906776428223,0.29793810844421387,0.4821873903274536,-0.06145686283707619,0.9992641806602478,0.3866766393184662,0.4933983087539673,0.10580705106258392,0.9976804256439209,0.24739888310432434,0.4592626392841339,-0.02353689633309841,0.9560950398445129,0.3651515245437622,0.4895278215408325,0.2345624417066574,0.3076959550380707,0.300997257232666,0.4323785603046417,0.10388445109128952,0.9157060980796814,0.34125015139579773,0.4472588300704956,0.3525541126728058,0.2341998666524887,0.3069000840187073,0.4240529239177704,0.10514631122350693,0.903110682964325,0.338833212852478,0.4364818334579468,0.36804190278053284,0.24753142893314362,0.317586213350296,0.42696210741996765,0.08245278149843216,0.900566041469574,0.3349420428276062,0.43686166405677795,0.3520735800266266,0.2497359961271286,0.3155663013458252,0.43203485012054443,0.09837345033884048,0.8909577131271362,0.33317968249320984,0.4389215111732483,0.3467673063278198,0.2617713510990143,0.2812616229057312,0.5863603949546814,-0.03733251616358757,0.9996888637542725,0.3396194577217102,0.5905272364616394,0.03729977458715439,0.9995014667510986,0.2897956371307373,0.6573220491409302,-0.06090337410569191,0.8906619548797607,0.342206209897995,0.6579174399375916,0.056202005594968796,0.7091298699378967,0.3139742314815521,0.7297967672348022,-0.09157583117485046,0.9448756575584412,0.3403446674346924,0.7295312881469727,0.051650270819664,0.7946876287460327,0.3168569505214691,0.7389407753944397,-0.09403742849826813,0.9266760349273682,0.3398233652114868,0.7378301024436951,0.04826466739177704,0.8305936455726624,0.3126167058944702,0.7460798025131226,-0.14903539419174194,0.9063861966133118,0.33352890610694885,0.7419239282608032,0.0033351629972457886,0.7242580056190491
85,0.3405795097351074,0.46590763330459595,0.149883434176445,0.9989815354347229,0.34099477529525757,0.46028628945350647,0.11392375826835632,0.9990551471710205,0.3385394215583801,0.45974642038345337,0.11389173567295074,0.9990387558937073,0.33594366908073425,0.45923471450805664,0.11389003694057465,0.9990199208259583,0.3523959517478943,0.46253448724746704,0.13644050061702728,0.9986862540245056,0.3560278117656708,0.46312907338142395,0.1363667994737625,0.9983996748924255,0.3590008020401001,0.4635292589664459,0.13639934360980988,0.9984291195869446,0.332428902387619,0.4613308608531952,-0.013530059717595577,0.998557448387146,0.3632986545562744,0.4673963189125061,0.08660378307104111,0.9983575344085693,0.334027498960495,0.4708840250968933,0.10826966911554337,0.9973888993263245,0.3465050160884857,0.47192758321762085,0.13743366301059723,0.9976746439933777,0.30447494983673096,0.4849119484424591,-0.09026861190795898,0.9992696046829224,0.38342952728271484,0.4972567856311798,0.10414823144674301,0.997651994228363,0.24740880727767944,0.46021169424057007,-0.04687804356217384,0.9594918489456177,0.3656063973903656,0.4925280809402466,0.2537651062011719,0.29977279901504517,0.3006572723388672,0.4336439073085785,0.08867818117141724,0.920104444026947,0.3426347076892853,0.450165718793869,0.3769380450248718,0.2286219447851181,0.3047057092189789,0.4250245690345764,0.09105457365512848,0.9078904986381531,0.33697888255119324,0.43683570623397827,0.3951115012168884,0.24296942353248596,0.3148193657398224,0.42836329340934753,0.06881679594516754,0.9053251147270203,0.33729150891304016,0.4383058249950409,0.37685465812683105,0.2452557533979416,0.3133646249771118,0.4335315525531769,0.08377490937709808,0.8959770798683167,0.33487460017204285,0.44279271364212036,0.37060508131980896,0.25784578919410706,0.28234246373176575,0.5874077081680298,-0.043988145887851715,0.9996950030326843,0.33720290660858154,0.5915703177452087,0.04400407522916794,0.9995098114013672,0.2910117506980896,0.6575667262077332,-0.04906157776713371,0.8958303332328796,0.34332919120788574,0.6587088108062744,0.07680337876081467,0.7106618285179138,0.31621989607810974,0.730013906955719,-0.06704923510551453,0.9475964903831482,0.3413640260696411,0.730175256729126,0.08077356964349747,0.7969697713851929,0.31846895813941956,0.7389675378799438,-0.06753960996866226,0.9306579232215881,0.34412139654159546,0.7386001348495483,0.07903960347175598,0.8331611156463623,0.30703097581863403,0.7425210475921631,-0.11564299464225769,0.9102445244789124,0.3317674398422241,0.739459216594696,0.03958260640501976,0.7275620698928833
86,0.3391543924808502,0.46622470021247864,0.1459427773952484,0.998988151550293,0.3398424983024597,0.4612326920032501,0.10787759721279144,0.9990647435188293,0.33582866191864014,0.4606161415576935,0.10783994197845459,0.9990524053573608,0.3338376581668854,0.4602099359035492,0.10783401131629944,0.9990314245223999,0.3468359708786011,0.4620426893234253,0.136844664812088,0.9986929893493652,0.3520395755767822,0.46265172958374023,0.13676778972148895,0.9984009861946106,0.3548285961151123,0.4628414511680603,0.13679879903793335,0.9984283447265625,0.33384689688682556,0.4621000587940216,-0.02695581130683422,0.9985815286636353,0.3600924611091614,0.4668823778629303,0.10256984829902649,0.9983701705932617,0.33156049251556396,0.47127512097358704,0.10134321451187134,0.997423529624939,0.3424348831176758,0.47127974033355713,0.13905899226665497,0.9977007508277893,0.30770954489707947,0.4846988618373871,-0.11800073832273483,0.9992960691452026,0.3827168941497803,0.49710097908973694,0.13133566081523895,0.9976581335067749,0.25090211629867554,0.4582914710044861,-0.09887447953224182,0.9627785086631775,0.36269763112068176,0.48831552267074585,0.26780444383621216,0.2909899950027466,0.3026905059814453,0.4329916536808014,0.02937045507133007,0.9246840476989746,0.34745824337005615,0.44753214716911316,0.36061668395996094,0.2240496426820755,0.3121056854724884,0.4259801506996155,0.027078887447714806,0.9129279255867004,0.3496221899986267,0.4372640550136566,0.37672939896583557,0.23938284814357758,0.322398841381073,0.4291669428348541,0.007193189579993486,0.9103780388832092,0.34063100814819336,0.437257319688797,0.3592146635055542,0.24170871078968048,0.3214309513568878,0.43200573325157166,0.025441458448767662,0.9012839198112488,0.33853796124458313,0.4392244219779968,0.353384792804718,0.2547368109226227,0.2813713252544403,0.5870587825775146,-0.06336268782615662,0.9997078776359558,0.33486106991767883,0.5908635258674622,0.06336785107851028,0.9995253682136536,0.29011937975883484,0.6589715480804443,-0.06726215034723282,0.9019060730934143,0.34241214394569397,0.6593251824378967,0.10176493972539902,0.7100611925125122,0.3149775564670563,0.7298383712768555,-0.08687946945428848,0.9507049322128296,0.34272950887680054,0.7300363183021545,0.1097521036863327,0.7992608547210693,0.3237544000148773,0.739544153213501,-0.08792959898710251,0.9347846508026123,0.3433208167552948,0.7366777062416077,0.10788848251104355,0.8365067839622498,0.30405816435813904,0.7429981827735901,-0.13996562361717224,0.9149087071418762,0.33760324120521545,0.7371962070465088,0.07041582465171814,0.7324510216712952
87,0.34603583812713623,0.46757030487060547,0.14504866302013397,0.9989922046661377,0.3459443747997284,0.4619812071323395,0.1073264479637146,0.9990713596343994,0.34345439076423645,0.46137353777885437,0.10728845000267029,0.9990600347518921,0.33903029561042786,0.4603554606437683,0.10727250576019287,0.9990386962890625,0.35563284158706665,0.4638935327529907,0.13095714151859283,0.9987096190452576,0.3588319718837738,0.4643588960170746,0.13088010251522064,0.9984179735183716,0.36176255345344543,0.4646596610546112,0.13091406226158142,0.9984446167945862,0.3369140326976776,0.46253764629364014,-0.025587711483240128,0.9985976219177246,0.3656063675880432,0.4683326482772827,0.07946491986513138,0.9983901977539062,0.3385840654373169,0.4723159372806549,0.10171738266944885,0.9974555373191833,0.3482118844985962,0.472802996635437,0.13227151334285736,0.997738778591156,0.3071678578853607,0.485586553812027,-0.10652289539575577,0.9993173480033875,0.3848743736743927,0.49818944931030273,0.10207251459360123,0.9976770877838135,0.2543449401855469,0.45834070444107056,-0.06723839789628983,0.9655894637107849,0.36921143531799316,0.4904612600803375,0.254361093044281,0.2832429111003876,0.3081059753894806,0.4326305389404297,0.06120510771870613,0.9289762377738953,0.35100647807121277,0.4477004110813141,0.3691787123680115,0.22034983336925507,0.3121209144592285,0.4246138036251068,0.061401981860399246,0.9178410768508911,0.35322606563568115,0.4368271231651306,0.38698849081993103,0.2371995896100998,0.32284116744995117,0.4282427430152893,0.03942180797457695,0.9152898192405701,0.3450401723384857,0.4386098086833954,0.36766064167022705,0.23962488770484924,0.32199612259864807,0.43122103810310364,0.05614457651972771,0.9065800905227661,0.3431497812271118,0.4403623938560486,0.3623093068599701,0.25339141488075256,0.28120797872543335,0.588546097278595,-0.04793662950396538,0.9997183680534363,0.33743801712989807,0.5927770137786865,0.04799322783946991,0.9995368123054504,0.2890991270542145,0.6585865616798401,-0.046090204268693924,0.9076857566833496,0.34154772758483887,0.6592089533805847,0.08941643685102463,0.7091166377067566,0.31325748562812805,0.7305160164833069,-0.060546763241291046,0.9536259174346924,0.3395683467388153,0.7275167107582092,0.1038999930024147,0.799467921257019,0.31796279549598694,0.7400742173194885,-0.06085992604494095,0.9389718770980835,0.34052062034606934,0.7365887761116028,0.10343199223279953,0.837857186794281,0.301372230052948,0.7449055314064026,-0.11014914512634277,0.9192488193511963,0.3377397358417511,0.734190046787262,0.0676899254322052,0.7341551184654236
88,0.344938725233078,0.4624735116958618,0.1755950152873993,0.9990152716636658,0.34522926807403564,0.4586200714111328,0.13998979330062866,0.9990962743759155,0.3428668975830078,0.4582813084125519,0.13991709053516388,0.999086320400238,0.33840593695640564,0.45759737491607666,0.13990937173366547,0.999066948890686,0.35243529081344604,0.4598914086818695,0.16701914370059967,0.9987419247627258,0.3577009439468384,0.46091780066490173,0.166922464966774,0.9984519481658936,0.36046236753463745,0.46138715744018555,0.16693651676177979,0.9984785914421082,0.33675119280815125,0.45991697907447815,0.01016511581838131,0.9986380338668823,0.3646898865699768,0.46522337198257446,0.1301853209733963,0.9984197020530701,0.33610236644744873,0.4679328501224518,0.13233643770217896,0.9974892735481262,0.34700334072113037,0.4700838327407837,0.1673377901315689,0.9977644085884094,0.3066810965538025,0.4844192862510681,-0.0806141048669815,0.9993507266044617,0.3852230906486511,0.4976230263710022,0.1513034552335739,0.9976435899734497,0.25491851568222046,0.45872068405151367,-0.04496505856513977,0.9682537317276001,0.36656689643859863,0.49823859333992004,0.3034564256668091,0.27039635181427,0.3072625994682312,0.43347322940826416,0.09371055662631989,0.9319973587989807,0.3445990979671478,0.45514193177223206,0.43850231170654297,0.21029609441757202,0.31738126277923584,0.4236093759536743,0.095502570271492,0.9204936027526855,0.3450116813182831,0.4446132779121399,0.46226778626441956,0.22737935185432434,0.3269850015640259,0.426695853471756,0.07635581493377686,0.9179717898368835,0.34314319491386414,0.4413009285926819,0.4424847662448883,0.22988393902778625,0.32542121410369873,0.4320945739746094,0.0905105322599411,0.9091906547546387,0.3407939374446869,0.4433784484863281,0.4318996071815491,0.2431926131248474,0.27993935346603394,0.5870575308799744,-0.05672165006399155,0.9997290968894958,0.3352454602718353,0.5901937484741211,0.05662577971816063,0.9995438456535339,0.2883169949054718,0.6576172113418579,-0.0717337355017662,0.9103282690048218,0.34182530641555786,0.6588409543037415,0.08706409484148026,0.7094340324401855,0.31144553422927856,0.7302884459495544,-0.11535683274269104,0.9552680850028992,0.34177088737487793,0.728670060634613,0.07365253567695618,0.8027428388595581,0.3162192404270172,0.7381435632705688,-0.1177566647529602,0.9401848316192627,0.34248843789100647,0.7366998791694641,0.06999000161886215,0.8401315212249756,0.3035278916358948,0.7415826916694641,-0.1668686717748642,0.9215003252029419,0.3311721980571747,0.7383823990821838,0.03162694349884987,0.7393110990524292
89,0.3473268151283264,0.46589919924736023,0.15442296862602234,0.9989901781082153,0.3491109609603882,0.46066051721572876,0.11803442984819412,0.9990725517272949,0.3468809127807617,0.4601016342639923,0.1179843470454216,0.9990659356117249,0.3417791426181793,0.458904892206192,0.11797754466533661,0.9990463256835938,0.3584892749786377,0.4626242518424988,0.14300745725631714,0.9987054467201233,0.36127549409866333,0.4630267024040222,0.1429111659526825,0.9984028339385986,0.3637412488460541,0.463265061378479,0.14292269945144653,0.9984332919120789,0.34024283289909363,0.46123871207237244,-0.012290331535041332,0.9985992312431335,0.3677408993244171,0.46717819571495056,0.0991642102599144,0.9983699321746826,0.3405909538269043,0.4691631495952606,0.11178532987833023,0.9974030256271362,0.3488413989543915,0.470814049243927,0.1442130208015442,0.9976857900619507,0.30968520045280457,0.4840461015701294,-0.09394281357526779,0.9993550777435303,0.3835011422634125,0.4977697432041168,0.11979265511035919,0.9976204037666321,0.2574772536754608,0.4595281779766083,-0.06359699368476868,0.9701007604598999,0.3665514588356018,0.4893604815006256,0.26581019163131714,0.26337453722953796,0.3100915551185608,0.4327859878540039,0.06370948255062103,0.933349072933197,0.3512619435787201,0.4445500075817108,0.3851047456264496,0.2053934931755066,0.31790390610694885,0.4257492125034332,0.06338626146316528,0.9218650460243225,0.3420686721801758,0.43339648842811584,0.4036037027835846,0.22312623262405396,0.3279842138290405,0.42868995666503906,0.041730813682079315,0.9193097949028015,0.3448990285396576,0.4347786605358124,0.3864805996417999,0.22570310533046722,0.32696932554244995,0.4334145188331604,0.05866674333810806,0.9105148315429688,0.3422536551952362,0.4390230178833008,0.37913328409194946,0.2390059232711792,0.28225377202033997,0.5873807072639465,-0.05016916245222092,0.9997372627258301,0.3375726640224457,0.5911481380462646,0.050153546035289764,0.9995554089546204,0.28673219680786133,0.6581414341926575,-0.05265629664063454,0.9128882884979248,0.33987414836883545,0.659527599811554,0.08928032964468002,0.7086209058761597,0.31142348051071167,0.7307221293449402,-0.07500063627958298,0.9568783640861511,0.3379020094871521,0.7283780574798584,0.0968814343214035,0.8037810325622559,0.31574729084968567,0.7411975264549255,-0.075938381254673,0.9417713284492493,0.3388304114341736,0.7375065684318542,0.09551205486059189,0.8403434157371521,0.30222851037979126,0.7442886233329773,-0.12437527626752853,0.9239422678947449,0.33621540665626526,0.7391197681427002,0.05811494588851929,0.7422899603843689
90,0.3489060699939728,0.4700613021850586,0.16431963443756104,0.9990121126174927,0.3484460115432739,0.4652996361255646,0.1276928037405014,0.9990934729576111,0.34572216868400574,0.46451589465141296,0.12764941155910492,0.9990872144699097,0.34090569615364075,0.46331337094306946,0.12765154242515564,0.9990683197975159,0.3585922420024872,0.46638426184654236,0.15119364857673645,0.9987386465072632,0.36168429255485535,0.46676406264305115,0.15110066533088684,0.9984405040740967,0.36441484093666077,0.46699127554893494,0.15113593637943268,0.9984714388847351,0.33921268582344055,0.46426481008529663,-0.003510622540488839,0.9986377954483032,0.3668748736381531,0.4701440632343292,0.10108707845211029,0.9984105825424194,0.34087687730789185,0.4745132327079773,0.12172944843769073,0.9974366426467896,0.3505391776561737,0.47601205110549927,0.1520676463842392,0.9977163672447205,0.3103501498699188,0.4854518473148346,-0.08437518775463104,0.9993693828582764,0.3876411020755768,0.499845415353775,0.12028719484806061,0.9976773858070374,0.2589336931705475,0.45978161692619324,-0.045798417180776596,0.9719116687774658,0.3702085316181183,0.4913558065891266,0.2670876979827881,0.259020060300827,0.3121042251586914,0.4336061477661133,0.08887528628110886,0.9350144267082214,0.3462071418762207,0.44598162174224854,0.38649630546569824,0.20149196684360504,0.31967079639434814,0.42618829011917114,0.09074494987726212,0.923568844795227,0.35077300667762756,0.43826422095298767,0.4055006206035614,0.21978512406349182,0.3295213282108307,0.4290432929992676,0.06922297179698944,0.9209789037704468,0.3468947410583496,0.4381207227706909,0.38874560594558716,0.22240397334098816,0.32891958951950073,0.43185165524482727,0.08414081484079361,0.9122793078422546,0.34475770592689514,0.4400322735309601,0.3809647560119629,0.23560009896755219,0.27798694372177124,0.5874121785163879,-0.04559837281703949,0.9997462034225464,0.335597425699234,0.5915935635566711,0.04561411961913109,0.9995720386505127,0.28826814889907837,0.6577742099761963,-0.06061580777168274,0.9148012399673462,0.3417641222476959,0.6585631966590881,0.07415742427110672,0.7100850343704224,0.31018152832984924,0.7310128808021545,-0.08024212718009949,0.9580463171005249,0.3418644368648529,0.7314788699150085,0.07163750380277634,0.8064693808555603,0.31737324595451355,0.7390009760856628,-0.08040354400873184,0.9433884024620056,0.34549203515052795,0.7385631203651428,0.06984318792819977,0.8422428369522095,0.30185672640800476,0.7454401850700378,-0.11990979313850403,0.9259320497512817,0.334414541721344,0.7409328818321228,0.03522524982690811,0.7465338110923767
91,0.3484361469745636,0.4696945250034332,0.1646125465631485,0.9990359544754028,0.3491625189781189,0.46405038237571716,0.129351407289505,0.999112069606781,0.3445630371570587,0.4627508521080017,0.1293332427740097,0.9991073608398438,0.3423551917076111,0.4621058404445648,0.12934567034244537,0.9990889430046082,0.3561926484107971,0.4656049907207489,0.15246808528900146,0.9987602829933167,0.36089882254600525,0.466528981924057,0.15240485966205597,0.9984660148620605,0.3634679317474365,0.46680596470832825,0.1524544209241867,0.9984977841377258,0.3410286605358124,0.46404173970222473,0.0005181426531635225,0.9986639022827148,0.36713916063308716,0.4702145755290985,0.10356318950653076,0.9984328150749207,0.3386914134025574,0.4739013612270355,0.12234336137771606,0.9974753260612488,0.34964752197265625,0.47578611969947815,0.15228477120399475,0.9977507591247559,0.3097006380558014,0.48568496108055115,-0.08107255399227142,0.9993757009506226,0.38682636618614197,0.4993414580821991,0.11823485791683197,0.9977115392684937,0.26089704036712646,0.4598044157028198,-0.05588747188448906,0.9735837578773499,0.3667876124382019,0.4888187646865845,0.24734342098236084,0.26027628779411316,0.31317439675331116,0.4345342218875885,0.061941880732774734,0.93741774559021,0.3391546308994293,0.4456367492675781,0.34847643971443176,0.20476791262626648,0.31672897934913635,0.4264218211174011,0.06225157901644707,0.9264277219772339,0.34527337551116943,0.43769216537475586,0.36372140049934387,0.22381456196308136,0.3309510350227356,0.43023592233657837,0.04002480208873749,0.923835039138794,0.3467840552330017,0.4388483464717865,0.3483716547489166,0.22637371718883514,0.32614120841026306,0.43428927659988403,0.0566277913749218,0.9153217673301697,0.34421661496162415,0.4408513605594635,0.34273096919059753,0.23980045318603516,0.2779817581176758,0.5870417952537537,-0.04691294953227043,0.9997577667236328,0.3316020667552948,0.5908138155937195,0.0469517782330513,0.9995934963226318,0.28071627020835876,0.6549662351608276,-0.09379926323890686,0.918323278427124,0.33939114212989807,0.6583919525146484,0.04673688858747482,0.7140489220619202,0.31624916195869446,0.728990375995636,-0.12127356231212616,0.9596037864685059,0.3393366038799286,0.7310453653335571,0.03202460706233978,0.8099957704544067,0.3183313012123108,0.737636923789978,-0.12280505150556564,0.9459189176559448,0.34358057379722595,0.7396820187568665,0.028083041310310364,0.8444296717643738,0.2961300015449524,0.7437114119529724,-0.1696956306695938,0.9286935925483704,0.33329591155052185,0.7423478960990906,-0.012958555482327938,0.7517002820968628
92,0.3487071394920349,0.4684023857116699,0.1595538705587387,0.9989970922470093,0.34938937425613403,0.4627739489078522,0.1237737163901329,0.9990689158439636,0.3470611274242401,0.46221643686294556,0.12373807281255722,0.9990680813789368,0.3415125906467438,0.46091896295547485,0.12373796850442886,0.9990485906600952,0.35881853103637695,0.46480828523635864,0.1461866945028305,0.9986968040466309,0.36128997802734375,0.46518614888191223,0.146112859249115,0.9983885288238525,0.36348408460617065,0.46540480852127075,0.146145299077034,0.9984239339828491,0.3402961492538452,0.4632159471511841,-0.0049714092165231705,0.9986045956611633,0.36705121397972107,0.4690121114253998,0.09514853358268738,0.9983496069908142,0.3417062759399414,0.4721410870552063,0.11775778979063034,0.9973515272140503,0.35006290674209595,0.47352010011672974,0.14681093394756317,0.9976338744163513,0.31034907698631287,0.4852628707885742,-0.08115830272436142,0.9993605613708496,0.38649845123291016,0.4975505769252777,0.10973925143480301,0.9976951479911804,0.258966863155365,0.46126365661621094,-0.04274315759539604,0.9747010469436646,0.36954545974731445,0.4890967905521393,0.24698975682258606,0.25769537687301636,0.31243589520454407,0.4327408969402313,0.09018577635288239,0.9378553628921509,0.3523433804512024,0.4459550976753235,0.3614472448825836,0.2022954672574997,0.31928515434265137,0.42610564827919006,0.09248031675815582,0.9270036220550537,0.34470903873443604,0.43415993452072144,0.3787620961666107,0.2218083292245865,0.32949405908584595,0.4290766417980194,0.06986260414123535,0.9243876338005066,0.34634125232696533,0.4355582296848297,0.36264553666114807,0.22437867522239685,0.32918766140937805,0.4316994249820709,0.08492304384708405,0.9159007668495178,0.3441781997680664,0.43938320875167847,0.3558819591999054,0.23790787160396576,0.28048861026763916,0.5866328477859497,-0.042849428951740265,0.9997625946998596,0.3348591923713684,0.5906161665916443,0.042857784777879715,0.9996057748794556,0.2874332368373871,0.6564273238182068,-0.06593460589647293,0.9192293286323547,0.34281909465789795,0.6595618724822998,0.06520874798297882,0.7161462306976318,0.3150051534175873,0.7280440926551819,-0.08001336455345154,0.9600113034248352,0.3393647074699402,0.7303469777107239,0.06114492192864418,0.8119597434997559,0.3205111622810364,0.737768292427063,-0.07998789846897125,0.94646817445755,0.34564751386642456,0.7396976351737976,0.05871773883700371,0.8448490500450134,0.30465778708457947,0.7445432543754578,-0.11931810528039932,0.929507851600647,0.33640846610069275,0.7425768375396729,0.022420717403292656,0.7542973160743713
93,0.3458561897277832,0.4693070352077484,0.14389443397521973,0.9990391731262207,0.3474195897579193,0.46424442529678345,0.10657887160778046,0.9991084933280945,0.3432513177394867,0.4631832540035248,0.10656208544969559,0.9991089105606079,0.3413808345794678,0.46261852979660034,0.1065802052617073,0.9990884065628052,0.353532075881958,0.46533888578414917,0.1343272626399994,0.9987474679946899,0.357719361782074,0.4660071134567261,0.134250670671463,0.9984486699104309,0.3599550724029541,0.4661480188369751,0.13428474962711334,0.9984826445579529,0.34110718965530396,0.46478524804115295,-0.026701441034674644,0.9986664056777954,0.3645123839378357,0.46981728076934814,0.0973803773522377,0.9984222650527954,0.33687087893486023,0.4737984240055084,0.09997522830963135,0.9974750280380249,0.3468341827392578,0.4751221239566803,0.13605158030986786,0.9977436661720276,0.31273406744003296,0.4857627749443054,-0.11593475192785263,0.9993842840194702,0.3845616579055786,0.4988143742084503,0.1263049840927124,0.9977693557739258,0.26185622811317444,0.4613945186138153,-0.11101923882961273,0.976451575756073,0.36615821719169617,0.48616689443588257,0.25202375650405884,0.25791358947753906,0.31481316685676575,0.43439510464668274,-0.004327172413468361,0.9408026337623596,0.3404332101345062,0.44436562061309814,0.3316536545753479,0.20656532049179077,0.32221025228500366,0.4272966980934143,-0.00992064829915762,0.9302974939346313,0.34613075852394104,0.43444743752479553,0.34351930022239685,0.22677205502986908,0.33278366923332214,0.4300593435764313,-0.030584823340177536,0.9277216792106628,0.3481873571872711,0.43576738238334656,0.32791656255722046,0.229355588555336,0.3318249583244324,0.43465402722358704,-0.009447566233575344,0.9194856882095337,0.3453585207462311,0.43999433517456055,0.32482537627220154,0.24322578310966492,0.28234708309173584,0.589426577091217,-0.0617796927690506,0.9997757077217102,0.33530181646347046,0.5927687287330627,0.061830416321754456,0.9996272921562195,0.2821020185947418,0.6574773192405701,-0.08358048647642136,0.9230947494506836,0.33925673365592957,0.6596189737319946,0.08508703857660294,0.7146656513214111,0.3139317035675049,0.7288411259651184,-0.10108256340026855,0.9617371559143066,0.3396986722946167,0.7310124039649963,0.08522762358188629,0.8133184313774109,0.3215630054473877,0.740014374256134,-0.10174886882305145,0.9488644003868103,0.34874072670936584,0.7394168972969055,0.08264705538749695,0.8469773530960083,0.29590803384780884,0.7424812912940979,-0.14667335152626038,0.9322969913482666,0.32949334383010864,0.7412773370742798,0.04826134070754051,0.7576529383659363
94,0.34322112798690796,0.46749746799468994,0.15357325971126556,0.9990870356559753,0.3442057967185974,0.46232545375823975,0.11584479361772537,0.9991527199745178,0.3422231078147888,0.46205514669418335,0.1158130094408989,0.9991551041603088,0.340019166469574,0.4616923928260803,0.11583387851715088,0.9991346597671509,0.3537558913230896,0.46371161937713623,0.14205841720104218,0.9988102912902832,0.3565758764743805,0.46400579810142517,0.14197416603565216,0.9985256195068359,0.36112675070762634,0.46465757489204407,0.14201059937477112,0.9985582232475281,0.3390370309352875,0.4642598032951355,-0.01786474883556366,0.9987381100654602,0.3663080930709839,0.46791964769363403,0.09925717860460281,0.9985095262527466,0.3383857309818268,0.47204408049583435,0.10978666692972183,0.9975979924201965,0.34872594475746155,0.47337356209754944,0.1437843143939972,0.9978581070899963,0.3121824264526367,0.4866030812263489,-0.10287957638502121,0.9994142651557922,0.38501811027526855,0.49698981642723083,0.1280594766139984,0.9978650808334351,0.26117706298828125,0.4618018865585327,-0.07192713767290115,0.9778883457183838,0.3699450194835663,0.48935574293136597,0.2865532636642456,0.2549522817134857,0.3138669431209564,0.43481239676475525,0.06441349536180496,0.9422796368598938,0.35199570655822754,0.447547972202301,0.4081306755542755,0.20495730638504028,0.32131704688072205,0.42769354581832886,0.06455029547214508,0.9317646026611328,0.3485068380832672,0.4374293088912964,0.42805784940719604,0.22602680325508118,0.3317282497882843,0.43057000637054443,0.04215140640735626,0.929206132888794,0.3498483896255493,0.4387569725513458,0.40910881757736206,0.2287711501121521,0.3312818706035614,0.43322715163230896,0.05934329703450203,0.9211210608482361,0.34798184037208557,0.44074052572250366,0.4015791416168213,0.2427046298980713,0.2792428433895111,0.5878337621688843,-0.05876505374908447,0.999787449836731,0.3363357186317444,0.5913528203964233,0.05879931151866913,0.9996464252471924,0.2784493565559387,0.658281683921814,-0.0710766389966011,0.9258978962898254,0.33940446376800537,0.659558117389679,0.094329334795475,0.7123003005981445,0.314106822013855,0.7310811877250671,-0.08741586655378342,0.9630768895149231,0.3397594094276428,0.7320773601531982,0.09287609159946442,0.8152324557304382,0.31799066066741943,0.7394807934761047,-0.0870547965168953,0.9503241181373596,0.3397526144981384,0.7392194271087646,0.09063373506069183,0.848385214805603,0.2974541485309601,0.7453842759132385,-0.12282488495111465,0.9344564080238342,0.3254433274269104,0.7416735291481018,0.05997700244188309,0.7612281441688538
95,0.3479480445384979,0.46922266483306885,0.17733313143253326,0.9990867376327515,0.3482111692428589,0.46385908126831055,0.14238379895687103,0.9991456866264343,0.343318372964859,0.46262332797050476,0.14235322177410126,0.9991489052772522,0.3411252796649933,0.46202966570854187,0.14236444234848022,0.999128520488739,0.35509616136550903,0.46528080105781555,0.163993701338768,0.9988003969192505,0.35971972346305847,0.46617668867111206,0.16391883790493011,0.9985128045082092,0.36210060119628906,0.4664035439491272,0.16396275162696838,0.9985461235046387,0.339924156665802,0.46396055817604065,0.014993837103247643,0.9987351298332214,0.36633092164993286,0.469952255487442,0.11129336804151535,0.998496949672699,0.3411391079425812,0.47402897477149963,0.13579942286014557,0.9975656867027283,0.3498761057853699,0.4741973578929901,0.16377094388008118,0.9978294372558594,0.3100440800189972,0.485181987285614,-0.06330307573080063,0.999413251876831,0.38573282957077026,0.49754011631011963,0.11994428187608719,0.9978903532028198,0.2613350450992584,0.4611660838127136,-0.027873748913407326,0.978729784488678,0.3691534399986267,0.48881831765174866,0.25463682413101196,0.2581263780593872,0.31332194805145264,0.43432173132896423,0.10404409468173981,0.9424571990966797,0.3499883711338043,0.44744056463241577,0.3690530061721802,0.20607495307922363,0.3205437660217285,0.4253966212272644,0.10655363649129868,0.9318413138389587,0.34661784768104553,0.4373004138469696,0.3857685625553131,0.22707872092723846,0.32976341247558594,0.42995595932006836,0.0837283581495285,0.9292599558830261,0.3480643630027771,0.43834787607192993,0.370228111743927,0.22981855273246765,0.32971373200416565,0.4325212240219116,0.09867613762617111,0.9211858510971069,0.34648388624191284,0.440163254737854,0.36372020840644836,0.2437320500612259,0.2779912054538727,0.5870199799537659,-0.04295090213418007,0.99979168176651,0.3347220718860626,0.5908333659172058,0.04293480142951012,0.9996572136878967,0.2725013792514801,0.6558939218521118,-0.07698183506727219,0.9263229370117188,0.3391151428222656,0.6601444482803345,0.057528212666511536,0.715495765209198,0.31180790066719055,0.7298869490623474,-0.09974054992198944,0.9629077911376953,0.3398834764957428,0.7318746447563171,0.04000265151262283,0.8173999190330505,0.31546032428741455,0.7383458018302917,-0.10007566213607788,0.9503500461578369,0.34412699937820435,0.740907609462738,0.03623175248503685,0.8492321372032166,0.2964480519294739,0.7430150508880615,-0.13382120430469513,0.9342083930969238,0.3344274163246155,0.7441368103027344,0.0021738680079579353,0.7629129886627197
96,0.3493100702762604,0.4686647951602936,0.1575661450624466,0.999108612537384,0.3503766655921936,0.46343299746513367,0.12021244317293167,0.9991709589958191,0.3455783426761627,0.462153822183609,0.12017891556024551,0.9991753101348877,0.343427836894989,0.4615820050239563,0.12018536031246185,0.999153733253479,0.35699599981307983,0.46475398540496826,0.1454317420721054,0.9988343715667725,0.36148732900619507,0.4656020998954773,0.1453418731689453,0.9985540509223938,0.3638869524002075,0.46580636501312256,0.14535614848136902,0.9985875487327576,0.34182944893836975,0.4638565182685852,-0.014345980249345303,0.9987752437591553,0.36740073561668396,0.46941515803337097,0.0981801301240921,0.9985531568527222,0.3397383987903595,0.47290274500846863,0.11342617869377136,0.9976440668106079,0.35065510869026184,0.47360095381736755,0.14611296355724335,0.9979065656661987,0.3122173249721527,0.4856117367744446,-0.09912849217653275,0.9994335174560547,0.38386857509613037,0.4986039996147156,0.11909282952547073,0.9979615211486816,0.26137998700141907,0.46153703331947327,-0.0799562931060791,0.979875385761261,0.3666406273841858,0.48698684573173523,0.25972315669059753,0.2565288841724396,0.3145909011363983,0.43448927998542786,0.03483578562736511,0.9440364837646484,0.3527993857860565,0.44464626908302307,0.3709239661693573,0.20659208297729492,0.321862131357193,0.4273301959037781,0.033314142376184464,0.9335105419158936,0.3452630341053009,0.4349551200866699,0.3877435624599457,0.22802793979644775,0.3321080207824707,0.4304027855396271,0.011008388362824917,0.9309481978416443,0.3477386236190796,0.4363170266151428,0.3719923198223114,0.23077718913555145,0.3308246433734894,0.43488115072250366,0.02922351285815239,0.9230131506919861,0.34454113245010376,0.44036781787872314,0.36531001329421997,0.24474450945854187,0.28241005539894104,0.5880681872367859,-0.05251939967274666,0.9998012185096741,0.333922803401947,0.5922282934188843,0.05252312123775482,0.9996725916862488,0.2799185514450073,0.6573734283447266,-0.06526613235473633,0.9287402033805847,0.3439568877220154,0.6606059670448303,0.08584749698638916,0.7147680521011353,0.31247636675834656,0.7285052537918091,-0.07947132736444473,0.9638645052909851,0.3417862057685852,0.7290703058242798,0.08469364047050476,0.8180700540542603,0.3186910152435303,0.7382328510284424,-0.07889937609434128,0.951583743095398,0.3534584939479828,0.7374632954597473,0.08279411494731903,0.8497812747955322,0.29294925928115845,0.7417871356010437,-0.1155155599117279,0.9355295896530151,0.3386788070201874,0.7399641275405884,0.05205720663070679,0.7640684843063354
97,0.34101513028144836,0.4670809209346771,0.15065929293632507,0.9991114139556885,0.34268689155578613,0.46177244186401367,0.11345963925123215,0.9991746544837952,0.3409101963043213,0.4614410102367401,0.11342782527208328,0.9991800785064697,0.3388620913028717,0.461000919342041,0.11343183368444443,0.9991592764854431,0.3520698547363281,0.4635058343410492,0.13942192494869232,0.9988374710083008,0.35689792037010193,0.4643804430961609,0.13935182988643646,0.9985559582710266,0.35947299003601074,0.46467316150665283,0.1393928974866867,0.9985910058021545,0.338577538728714,0.4633495509624481,-0.0185138788074255,0.9987844228744507,0.3648465573787689,0.46772992610931396,0.09756779670715332,0.9985602498054504,0.336434006690979,0.47169339656829834,0.10768073797225952,0.9976385235786438,0.34697186946868896,0.47324448823928833,0.14136730134487152,0.9979020953178406,0.3118959069252014,0.48553040623664856,-0.10164395719766617,0.9994340538978577,0.38491520285606384,0.49678435921669006,0.12245610356330872,0.9979747533798218,0.259371817111969,0.46137556433677673,-0.08165299147367477,0.9807699918746948,0.3669755756855011,0.4880111813545227,0.27046334743499756,0.251343697309494,0.3119201362133026,0.434414803981781,0.04086339473724365,0.9452346563339233,0.35150307416915894,0.44587481021881104,0.3813782334327698,0.20354753732681274,0.31860706210136414,0.42724359035491943,0.039239466190338135,0.9349005818367004,0.34683823585510254,0.43513524532318115,0.3992331326007843,0.22559502720832825,0.32934701442718506,0.43009909987449646,0.017768550664186478,0.9323614835739136,0.3488145172595978,0.43658438324928284,0.38231053948402405,0.22838827967643738,0.32912948727607727,0.4328465759754181,0.03580806031823158,0.9244937300682068,0.3462969660758972,0.4404328763484955,0.3753693699836731,0.2424195259809494,0.279997318983078,0.5873267650604248,-0.053074732422828674,0.9998048543930054,0.33546286821365356,0.5909539461135864,0.05309312790632248,0.999679446220398,0.2833262085914612,0.6566478610038757,-0.08072706311941147,0.9299294948577881,0.3407316505908966,0.659400999546051,0.07572317868471146,0.7142965793609619,0.31481391191482544,0.7290391325950623,-0.09434015303850174,0.9646040797233582,0.3421200215816498,0.7315062880516052,0.07270122319459915,0.8192662596702576,0.31954729557037354,0.7374687194824219,-0.09405004233121872,0.9526241421699524,0.3410560190677643,0.7380483746528625,0.0702720582485199,0.8502337336540222,0.3006789982318878,0.7436667084693909,-0.13446946442127228,0.9367569088935852,0.3445424735546112,0.7427968382835388,0.03361630439758301,0.7659959197044373
98,0.3487779498100281,0.4700046181678772,0.15163922309875488,0.9991251826286316,0.3495807647705078,0.46466729044914246,0.11438575387001038,0.9991891980171204,0.34737977385520935,0.46397751569747925,0.11435914039611816,0.9991952180862427,0.3427002727985382,0.46272993087768555,0.11436586081981659,0.9991739392280579,0.35782691836357117,0.46662062406539917,0.13906458020210266,0.9988582134246826,0.36034998297691345,0.46698886156082153,0.13899041712284088,0.9985812902450562,0.3626595139503479,0.4672076404094696,0.13902561366558075,0.9986159205436707,0.34154364466667175,0.4647219479084015,-0.018535872921347618,0.9988071322441101,0.36657801270484924,0.4703966975212097,0.09131795912981033,0.9985883235931396,0.3388065695762634,0.47394582629203796,0.10825684666633606,0.9976871609687805,0.34964174032211304,0.47578832507133484,0.1401633471250534,0.997952401638031,0.3064124286174774,0.4853445887565613,-0.10203509032726288,0.9994468688964844,0.3857874274253845,0.4992249608039856,0.11586617678403854,0.9980097413063049,0.26092830300331116,0.4616057276725769,-0.07240629196166992,0.9816620349884033,0.36665311455726624,0.4889270067214966,0.25548607110977173,0.2486148178577423,0.31349217891693115,0.43388286232948303,0.05032190680503845,0.9466987252235413,0.33895260095596313,0.4447343647480011,0.36035647988319397,0.20317834615707397,0.32028520107269287,0.4270900785923004,0.04941065236926079,0.9366248250007629,0.34432321786880493,0.43706825375556946,0.37676095962524414,0.2260037362575531,0.330928236246109,0.4302462935447693,0.02705153077840805,0.9340885281562805,0.3461366891860962,0.4383929371833801,0.3594261109828949,0.22884991765022278,0.3297274708747864,0.4347110092639923,0.04501721262931824,0.926384449005127,0.3440197706222534,0.44043004512786865,0.3539538085460663,0.24306683242321014,0.2795449197292328,0.5878413915634155,-0.05209566280245781,0.9998118877410889,0.33488062024116516,0.592547595500946,0.05212311074137688,0.9996911287307739,0.2828872799873352,0.6563406586647034,-0.06722419708967209,0.9323055148124695,0.3435881435871124,0.6607764959335327,0.08343273401260376,0.7148373126983643,0.31392189860343933,0.7280221581459045,-0.08039823919534683,0.9656827449798584,0.34227821230888367,0.7293221950531006,0.08186483383178711,0.8208648562431335,0.31934401392936707,0.7372983694076538,-0.08011604845523834,0.9542247653007507,0.3522811532020569,0.7381088733673096,0.07971004396677017,0.8516470193862915,0.2970084547996521,0.7423854470252991,-0.12019934505224228,0.9384558200836182,0.34238412976264954,0.7427901029586792,0.04642190784215927,0.7682600021362305
99,0.34734243154525757,0.46805980801582336,0.1588113158941269,0.9991041421890259,0.34869396686553955,0.4627552628517151,0.12115101516246796,0.9991706013679504,0.346625953912735,0.46224886178970337,0.12111275643110275,0.9991778135299683,0.34144681692123413,0.46104001998901367,0.12111221253871918,0.9991559982299805,0.3580445945262909,0.464667946100235,0.14680194854736328,0.9988306760787964,0.3606570065021515,0.46506088972091675,0.14671394228935242,0.9985451102256775,0.36291030049324036,0.4652833342552185,0.1467467099428177,0.9985833764076233,0.342917263507843,0.4636412262916565,-0.012443832121789455,0.9987837076187134,0.36714276671409607,0.4679233431816101,0.10198402404785156,0.9985643625259399,0.3410889506340027,0.4720097780227661,0.11550132930278778,0.9976309537887573,0.34918177127838135,0.4734025299549103,0.14872290194034576,0.9979112148284912,0.31096065044403076,0.4859534502029419,-0.09775961190462112,0.9994447827339172,0.3874853849411011,0.49685055017471313,0.12645891308784485,0.9980090260505676,0.25814884901046753,0.46152156591415405,-0.07542493939399719,0.9820666909217834,0.365634948015213,0.48688384890556335,0.27234187722206116,0.24282248318195343,0.31088027358055115,0.4335382580757141,0.049322277307510376,0.9463855624198914,0.34972548484802246,0.4442649781703949,0.38308337330818176,0.19951754808425903,0.3180317282676697,0.4266635775566101,0.04745719954371452,0.9363093972206116,0.34330669045448303,0.4344917833805084,0.40068528056144714,0.2229013890028,0.3287299573421478,0.4297775328159332,0.02600109949707985,0.933754563331604,0.34589824080467224,0.4360674321651459,0.38360628485679626,0.2258213311433792,0.3283981680870056,0.4326474964618683,0.044224973767995834,0.9259825348854065,0.3436952233314514,0.439925879240036,0.37693846225738525,0.23992010951042175,0.2792307436466217,0.5882614850997925,-0.054448701441287994,0.9998124241828918,0.3361738622188568,0.5918547511100769,0.054440874606370926,0.999692440032959,0.28566956520080566,0.6588535308837891,-0.06953498721122742,0.932701826095581,0.3402516841888428,0.6601331233978271,0.08693547546863556,0.7112391591072083,0.31337249279022217,0.7321601510047913,-0.08454538881778717,0.9660919904708862,0.3423938751220703,0.7326117157936096,0.08957839012145996,0.8205486536026001,0.3190966844558716,0.7420324087142944,-0.0843268483877182,0.9543733596801758,0.34242069721221924,0.7394728064537048,0.08778932690620422,0.8508754372596741,0.2996717393398285,0.7460218667984009,-0.12564167380332947,0.9389826655387878,0.3316650092601776,0.7427909970283508,0.052127767354249954,0.7684966921806335
100,0.3492930233478546,0.4686725437641144,0.1514604091644287,0.9991271495819092,0.35077014565467834,0.4633164703845978,0.11317316442728043,0.999193549156189,0.3486994206905365,0.4627652168273926,0.11314789950847626,0.999202311038971,0.34400638937950134,0.4615624248981476,0.1131553053855896,0.9991801977157593,0.358879953622818,0.4650968313217163,0.13941024243831635,0.9988618493080139,0.36144018173217773,0.46549761295318604,0.13934096693992615,0.9985831379890442,0.36371809244155884,0.46575629711151123,0.13938577473163605,0.9986202716827393,0.34316807985305786,0.4638281464576721,-0.021693743765354156,0.9988245964050293,0.36795952916145325,0.4696430265903473,0.09520967304706573,0.9986103773117065,0.33990806341171265,0.4729190468788147,0.10732333362102509,0.9977049827575684,0.3505600392818451,0.47357675433158875,0.14126147329807281,0.9979825615882874,0.3122294247150421,0.4861959218978882,-0.10876970738172531,0.9994606375694275,0.38524895906448364,0.49734607338905334,0.12593065202236176,0.9980489611625671,0.2588634788990021,0.46190911531448364,-0.07860863953828812,0.98294997215271,0.3683445453643799,0.48791977763175964,0.27790096402168274,0.24215540289878845,0.3121615946292877,0.43341508507728577,0.052310388535261154,0.9478161931037903,0.35310131311416626,0.4449000954627991,0.38867172598838806,0.20058539509773254,0.3192056715488434,0.4267038404941559,0.05233921483159065,0.9380509853363037,0.3458881080150604,0.43456709384918213,0.40738099813461304,0.22491659224033356,0.3298969864845276,0.42947620153427124,0.02990083396434784,0.9355006217956543,0.34762105345726013,0.43585604429244995,0.38893356919288635,0.22789926826953888,0.3289780020713806,0.4338613748550415,0.047366924583911896,0.9279235005378723,0.344592809677124,0.4398595094680786,0.3819844126701355,0.2423318475484848,0.2824160158634186,0.5879479050636292,-0.05950331687927246,0.9998176693916321,0.33693188428878784,0.5915883183479309,0.05955427512526512,0.9997020363807678,0.2854756712913513,0.6578018069267273,-0.07381876558065414,0.9356895089149475,0.3394242227077484,0.6601861119270325,0.09376224875450134,0.7113735675811768,0.31594040989875793,0.7295812964439392,-0.08508415520191193,0.9673041701316833,0.3388024866580963,0.7318211793899536,0.08926238864660263,0.8222610950469971,0.32253554463386536,0.738641619682312,-0.08432729542255402,0.9562535881996155,0.33848080039024353,0.7386991381645203,0.08657468855381012,0.8526140451431274,0.2977234423160553,0.7454031109809875,-0.12112852185964584,0.9409847855567932,0.3290121853351593,0.744132399559021,0.0548313744366169,0.7710957527160645
101,0.34568309783935547,0.4633202850818634,0.13717064261436462,0.999100387096405,0.3457440733909607,0.45915526151657104,0.09901665896177292,0.9991717338562012,0.3411778211593628,0.45831161737442017,0.09896815568208694,0.9991812705993652,0.3392057716846466,0.4581163823604584,0.09895636886358261,0.9991589784622192,0.3525862991809845,0.46016326546669006,0.12407270073890686,0.9988313913345337,0.3577207922935486,0.46127232909202576,0.12399355322122574,0.9985459446907043,0.36033111810684204,0.46168553829193115,0.12400738894939423,0.9985846281051636,0.3392032980918884,0.46054375171661377,-0.03499005362391472,0.9987900853157043,0.36611977219581604,0.46554380655288696,0.07717596739530563,0.9985722303390503,0.33697232604026794,0.4693094491958618,0.09369607269763947,0.9976432919502258,0.34766894578933716,0.4707877039909363,0.12626923620700836,0.9979242086410522,0.3109453320503235,0.4854138195514679,-0.11214491724967957,0.9994487762451172,0.3867550194263458,0.4961104094982147,0.10016427934169769,0.9980201125144958,0.257409006357193,0.46276187896728516,-0.0830584317445755,0.9833918213844299,0.3675140142440796,0.4892767667770386,0.25570884346961975,0.23584501445293427,0.30900344252586365,0.43459925055503845,0.03890496492385864,0.9482823610305786,0.34668323397636414,0.4455344080924988,0.3792322874069214,0.19564662873744965,0.31542208790779114,0.4272894561290741,0.03708876296877861,0.938566267490387,0.3476446270942688,0.43438854813575745,0.3976365625858307,0.22027261555194855,0.3259122371673584,0.42980024218559265,0.01525209192186594,0.9360401034355164,0.3398268222808838,0.43558189272880554,0.3790093958377838,0.22332380712032318,0.32559216022491455,0.43264272809028625,0.0336003303527832,0.928399920463562,0.3377196490764618,0.4397874176502228,0.3728145658969879,0.23789948225021362,0.27993354201316833,0.5885301232337952,-0.04711400344967842,0.9998182058334351,0.3376931846141815,0.5924952626228333,0.047124382108449936,0.9997004866600037,0.2903152406215668,0.6599307656288147,-0.03006984479725361,0.935040295124054,0.3418995440006256,0.6603417992591858,0.10674282163381577,0.7090185284614563,0.31596049666404724,0.7299544215202332,-0.03350621461868286,0.967553973197937,0.34336337447166443,0.7283975481987,0.13062021136283875,0.8202093839645386,0.31921783089637756,0.7400721907615662,-0.03258807212114334,0.956294596195221,0.3418867290019989,0.7376277446746826,0.1311720758676529,0.8508415222167969,0.3060149848461151,0.7449243068695068,-0.0779932513833046,0.9411306381225586,0.33677953481674194,0.7381149530410767,0.09659764915704727,0.7691497802734375
102,0.34945160150527954,0.4673766791820526,0.15868626534938812,0.9991030097007751,0.35056373476982117,0.4620676636695862,0.12084322422742844,0.999175488948822,0.3482923209667206,0.46157488226890564,0.1207994669675827,0.9991863965988159,0.3433394134044647,0.46042031049728394,0.1207989975810051,0.9991636872291565,0.3598208427429199,0.4640846252441406,0.14407752454280853,0.9988356828689575,0.3625481426715851,0.4645827114582062,0.14399181306362152,0.998550534248352,0.3649195432662964,0.4649246633052826,0.14401301741600037,0.9985897541046143,0.34188026189804077,0.46309930086135864,-0.012536566704511642,0.9987987875938416,0.36846914887428284,0.4678684175014496,0.09080323576927185,0.9985815286636353,0.34270086884498596,0.47117555141448975,0.11544237285852432,0.9976591467857361,0.35121849179267883,0.4728049635887146,0.14545950293540955,0.997944176197052,0.3052006661891937,0.48533374071121216,-0.092267245054245,0.999456524848938,0.3874041438102722,0.4964381754398346,0.11207380145788193,0.9980319142341614,0.2584298551082611,0.46157628297805786,-0.05706019327044487,0.9837883710861206,0.366004079580307,0.4882871210575104,0.26492372155189514,0.2355249971151352,0.31057339906692505,0.43300655484199524,0.06935387849807739,0.948255181312561,0.34883418679237366,0.44444704055786133,0.3939692974090576,0.19571292400360107,0.3133305013179779,0.42541632056236267,0.07117296010255814,0.938491940498352,0.343558669090271,0.4353654980659485,0.41431286931037903,0.22072570025920868,0.325131356716156,0.42857834696769714,0.04789363220334053,0.9359545707702637,0.34204673767089844,0.43599891662597656,0.3968156576156616,0.2238241285085678,0.324293315410614,0.43327105045318604,0.06381157785654068,0.9283227920532227,0.33959266543388367,0.4400371015071869,0.3884415030479431,0.2382773607969284,0.2788882851600647,0.5888864994049072,-0.04900944605469704,0.9998214840888977,0.3365195393562317,0.5924878716468811,0.04899483919143677,0.9997057914733887,0.285174697637558,0.6595130562782288,-0.05755986273288727,0.9357611536979675,0.3404509723186493,0.66162109375,0.08320851624011993,0.7083020210266113,0.3143651485443115,0.7306293249130249,-0.07768432050943375,0.9679087400436401,0.34051305055618286,0.7323244214057922,0.08254892379045486,0.8205085396766663,0.3180801272392273,0.7391283512115479,-0.0776977390050888,0.9564871788024902,0.3399350941181183,0.7393206357955933,0.08061619102954865,0.8505682945251465,0.29818716645240784,0.7451780438423157,-0.11760707944631577,0.9416618943214417,0.3312634825706482,0.7422959208488464,0.0466395765542984,0.7698459625244141
103,0.3392416834831238,0.4626029133796692,0.13736720383167267,0.9991263747215271,0.3404149115085602,0.4595555365085602,0.0980946272611618,0.9991994500160217,0.3386242389678955,0.45941635966300964,0.09804858267307281,0.9992132782936096,0.3365686237812042,0.45916250348091125,0.09805551171302795,0.9991891980171204,0.3505426347255707,0.4611355662345886,0.12548504769802094,0.9988671541213989,0.3561563491821289,0.46221596002578735,0.1253965049982071,0.9985895752906799,0.3586792051792145,0.4624970853328705,0.1254143863916397,0.998626708984375,0.336154580116272,0.4613233804702759,-0.039379268884658813,0.9988402724266052,0.3650459051132202,0.46606919169425964,0.08294748514890671,0.9986345171928406,0.3340669274330139,0.4695500135421753,0.09238265454769135,0.997735321521759,0.34546002745628357,0.4709582030773163,0.12797324359416962,0.9980120062828064,0.30954796075820923,0.4855886399745941,-0.12266458570957184,0.999476969242096,0.39051756262779236,0.4962466359138489,0.11611270159482956,0.99808669090271,0.2548067569732666,0.46379366517066956,-0.08767520636320114,0.9845335483551025,0.3632975220680237,0.4899406135082245,0.28524163365364075,0.23037217557430267,0.3068814277648926,0.43514376878738403,0.05379971116781235,0.948781430721283,0.3442104160785675,0.44728270173072815,0.41514432430267334,0.19086678326129913,0.3142458200454712,0.4282301664352417,0.05443801358342171,0.9390066862106323,0.33987337350845337,0.4376417398452759,0.43705224990844727,0.21608491241931915,0.32521167397499084,0.43109390139579773,0.030943909659981728,0.9365143775939941,0.34182441234588623,0.43901246786117554,0.41772130131721497,0.2192567139863968,0.32433024048805237,0.43579918146133423,0.04845992475748062,0.9289388060569763,0.33651384711265564,0.44042888283729553,0.4087281823158264,0.23384462296962738,0.27933332324028015,0.5885482430458069,-0.06161227822303772,0.9998270273208618,0.3375256359577179,0.5927459001541138,0.06164942681789398,0.9997125864028931,0.2868947684764862,0.6578097939491272,-0.055539339780807495,0.9372883439064026,0.33972570300102234,0.658798336982727,0.11233378946781158,0.7029443979263306,0.3158683180809021,0.7293730974197388,-0.06990110129117966,0.9687305092811584,0.338055282831192,0.7281814813613892,0.12448036670684814,0.8180533051490784,0.322307825088501,0.7371443510055542,-0.06929267942905426,0.9573145508766174,0.3460667133331299,0.7380430698394775,0.12367076426744461,0.8499165773391724,0.2955295145511627,0.7421347498893738,-0.10563169419765472,0.9429859519004822,0.3242121934890747,0.7393907904624939,0.09635983407497406,0.7691394686698914
104,0.3488730788230896,0.466665118932724,0.13485674560070038,0.9991416335105896,0.3499164283275604,0.4611707031726837,0.09532798826694489,0.999220073223114,0.34516316652297974,0.45996013283729553,0.09528297185897827,0.9992337822914124,0.3429913818836212,0.4596026837825775,0.09528086334466934,0.9992082715034485,0.3566220700740814,0.462567001581192,0.12239258736371994,0.9988962411880493,0.3611583709716797,0.4636847674846649,0.1223047599196434,0.9986239075660706,0.3634730875492096,0.46405503153800964,0.12231055647134781,0.9986587762832642,0.34174931049346924,0.46238866448402405,-0.04379582032561302,0.9988717436790466,0.36783573031425476,0.46740248799324036,0.0770663470029831,0.9986794590950012,0.33982232213020325,0.4703526496887207,0.08933377265930176,0.9978119730949402,0.3506071865558624,0.4723738729953766,0.1244826391339302,0.9980854988098145,0.3113047778606415,0.4865204393863678,-0.12915414571762085,0.9994935989379883,0.3862346112728119,0.49664875864982605,0.10606122016906738,0.998108983039856,0.257189005613327,0.4616963267326355,-0.11183913052082062,0.9852542877197266,0.3664563298225403,0.4867885410785675,0.2577528655529022,0.22818195819854736,0.3097253739833832,0.4334396719932556,-0.0013368173968046904,0.9503273963928223,0.33628055453300476,0.44477298855781555,0.36954769492149353,0.190757617354393,0.31247395277023315,0.42580005526542664,-0.005841440055519342,0.9406948685646057,0.34237852692604065,0.4346502125263214,0.3862570524215698,0.21629896759986877,0.32408833503723145,0.4287554621696472,-0.027615413069725037,0.9382203221321106,0.34085869789123535,0.4354880452156067,0.3675616681575775,0.2195655107498169,0.3232721984386444,0.4333297610282898,-0.0068538011983036995,0.9307911396026611,0.3385152220726013,0.439777672290802,0.362534761428833,0.23446328938007355,0.2803114354610443,0.5892117023468018,-0.05751672759652138,0.9998312592506409,0.33846715092658997,0.5931435823440552,0.05755703151226044,0.9997146725654602,0.29118672013282776,0.6603260636329651,-0.037647176533937454,0.9391682744026184,0.3424806296825409,0.6593629121780396,0.11811161041259766,0.6991192102432251,0.3135170638561249,0.7296186089515686,-0.046264126896858215,0.9696042537689209,0.3428719639778137,0.7278822064399719,0.14057330787181854,0.8154103755950928,0.31852471828460693,0.7373122572898865,-0.04531851410865784,0.9583234786987305,0.34281983971595764,0.7338829636573792,0.14099709689617157,0.8490437865257263,0.29530978202819824,0.7396999597549438,-0.08838898688554764,0.9439573287963867,0.3305259943008423,0.7353280782699585,0.11246898025274277,0.7666383981704712
105,0.3488684296607971,0.46366071701049805,0.14166218042373657,0.9991468787193298,0.34831830859184265,0.45921990275382996,0.10418427735567093,0.999223530292511,0.3432103991508484,0.4582478106021881,0.10413185507059097,0.999235212802887,0.3406725227832794,0.4579920172691345,0.10412735491991043,0.9992104768753052,0.35597339272499084,0.4603023827075958,0.12671813368797302,0.9989071488380432,0.3612263798713684,0.46141353249549866,0.1266321986913681,0.9986345767974854,0.3638804256916046,0.46176403760910034,0.12664422392845154,0.9986688494682312,0.33834564685821533,0.4602099359035492,-0.0276634618639946,0.9988775849342346,0.3685356676578522,0.46540367603302,0.07310128957033157,0.9986870884895325,0.339241623878479,0.4693441092967987,0.09909383207559586,0.997830331325531,0.3511544167995453,0.4709394872188568,0.1283368170261383,0.9980987310409546,0.30415576696395874,0.4851890206336975,-0.09966442734003067,0.9994913339614868,0.3896617293357849,0.4956861734390259,0.08826941251754761,0.9981122016906738,0.2562916576862335,0.4615796208381653,-0.06581713259220123,0.98542720079422,0.36816519498825073,0.48908454179763794,0.2368423193693161,0.22982852160930634,0.30786868929862976,0.4346538484096527,0.05655716732144356,0.9502460956573486,0.34559065103530884,0.44675981998443604,0.35888099670410156,0.1901765614748001,0.3155149221420288,0.42583245038986206,0.05627521499991417,0.9403551816940308,0.34210145473480225,0.4373933672904968,0.37602943181991577,0.21528027951717377,0.32547733187675476,0.43054333329200745,0.033871255815029144,0.9378507733345032,0.3392394185066223,0.43815189599990845,0.35811564326286316,0.21858565509319305,0.3217598497867584,0.4327174127101898,0.05084606632590294,0.9303923845291138,0.33802494406700134,0.4402032196521759,0.35280367732048035,0.23350074887275696,0.2789653539657593,0.5891035199165344,-0.03931967914104462,0.9998294711112976,0.33646032214164734,0.5926404595375061,0.03932703286409378,0.9997089505195618,0.28715085983276367,0.6589002013206482,-0.029097383841872215,0.9370253682136536,0.34291866421699524,0.6604592800140381,0.0873681977391243,0.6987242698669434,0.3136352300643921,0.7301927208900452,-0.04089175537228584,0.9691662192344666,0.3402891159057617,0.7294787168502808,0.1051708534359932,0.8141199946403503,0.31998464465141296,0.7378160357475281,-0.040626537054777145,0.9573012590408325,0.3413741886615753,0.7379101514816284,0.10537032037973404,0.847144365310669,0.3018525540828705,0.752447783946991,-0.08363302052021027,0.9429175853729248,0.3437778949737549,0.739148736000061,0.07044756412506104,0.7645609974861145
106,0.3473028540611267,0.46708211302757263,0.15588273108005524,0.9991432428359985,0.3481820821762085,0.4620145857334137,0.11796017736196518,0.9992207288742065,0.3436553180217743,0.46092307567596436,0.11792126297950745,0.9992343187332153,0.3415215313434601,0.46050354838371277,0.11792104691267014,0.9992091655731201,0.3550514876842499,0.4633524715900421,0.14160415530204773,0.9989015460014343,0.3599371910095215,0.46447187662124634,0.14152392745018005,0.9986275434494019,0.362477570772171,0.46482181549072266,0.14155037701129913,0.9986631870269775,0.34035447239875793,0.4632475674152374,-0.016123751178383827,0.9988766312599182,0.367404580116272,0.4679381549358368,0.08902603387832642,0.9986839890480042,0.3386462330818176,0.47054487466812134,0.11230921000242233,0.9978329539299011,0.34933140873908997,0.472562700510025,0.14287345111370087,0.9981042146682739,0.30487602949142456,0.4847535490989685,-0.09682215005159378,0.9994961023330688,0.38891640305519104,0.4963119328022003,0.11164195835590363,0.9981191158294678,0.2496202290058136,0.45987698435783386,-0.059346262365579605,0.9856753945350647,0.3657333552837372,0.4884275197982788,0.26685458421707153,0.22902029752731323,0.3109930455684662,0.43259790539741516,0.07139492779970169,0.9501764178276062,0.33771270513534546,0.44411391019821167,0.39602425694465637,0.18981918692588806,0.31373363733291626,0.4250199496746063,0.07327768951654434,0.9403584599494934,0.34339284896850586,0.43433573842048645,0.41678398847579956,0.2153695970773697,0.32545793056488037,0.4281676411628723,0.04999609291553497,0.9378449320793152,0.3417673707008362,0.43504074215888977,0.39846691489219666,0.21870654821395874,0.32509851455688477,0.4309302568435669,0.06591403484344482,0.930440366268158,0.3393922448158264,0.4392910599708557,0.39010635018348694,0.23372645676136017,0.27997130155563354,0.5882928967475891,-0.051171351224184036,0.9998327493667603,0.33630046248435974,0.592464804649353,0.0511777400970459,0.9997155070304871,0.28498804569244385,0.6591998338699341,-0.0610387958586216,0.9380125999450684,0.34036728739738464,0.6614606976509094,0.08298581093549728,0.6986044645309448,0.3156081736087799,0.7301409840583801,-0.08259083330631256,0.9695317149162292,0.3399965167045593,0.7322219610214233,0.08239497989416122,0.8145351409912109,0.32256650924682617,0.7388888597488403,-0.08299993723630905,0.9577659964561462,0.3391900360584259,0.7390449643135071,0.08030258119106293,0.8471209406852722,0.296093612909317,0.7524675130844116,-0.12487789988517761,0.9436584711074829,0.3342771828174591,0.7435457706451416,0.04595813900232315,0.765689492225647
107,0.34529173374176025,0.4665578007698059,0.14679302275180817,0.9991671442985535,0.3471080958843231,0.46108970046043396,0.10881321877241135,0.9992455244064331,0.34488746523857117,0.4606291949748993,0.10874242335557938,0.9992575645446777,0.3424113392829895,0.46014630794525146,0.10873700678348541,0.9992348551750183,0.35725516080856323,0.4633406400680542,0.1336730569601059,0.9989421963691711,0.36042964458465576,0.46396908164024353,0.13357296586036682,0.9986752867698669,0.363147109746933,0.46440327167510986,0.1335863620042801,0.9987115859985352,0.341007798910141,0.46271708607673645,-0.023905688896775246,0.9989178776741028,0.36904919147491455,0.4690419137477875,0.08683617413043976,0.9987335801124573,0.33903375267982483,0.47090816497802734,0.10377801209688187,0.9978927969932556,0.34814897179603577,0.4725693464279175,0.13589593768119812,0.998158872127533,0.30881011486053467,0.4862351715564728,-0.10323970019817352,0.9995090365409851,0.39195749163627625,0.4988705515861511,0.11331701278686523,0.998141348361969,0.254170686006546,0.46211960911750793,-0.05186403915286064,0.9861299991607666,0.3679907023906708,0.4951963424682617,0.2843022644519806,0.22406305372714996,0.3060343265533447,0.43404102325439453,0.09891550242900848,0.9498438239097595,0.3478351831436157,0.4512830078601837,0.4254566431045532,0.1837552934885025,0.3143669068813324,0.42675647139549255,0.10230506211519241,0.939599335193634,0.34900733828544617,0.44008252024650574,0.44877371191978455,0.2091529667377472,0.3254178762435913,0.43031734228134155,0.07983450591564178,0.937059223651886,0.3424930274486542,0.43962451815605164,0.4291178584098816,0.2125452160835266,0.32433390617370605,0.43507760763168335,0.094220370054245,0.9296507239341736,0.33952048420906067,0.4438313841819763,0.4194470942020416,0.2272850126028061,0.28023025393486023,0.5896088480949402,-0.05022941902279854,0.9998314380645752,0.33716124296188354,0.5937260389328003,0.05022577941417694,0.9997088313102722,0.28768986463546753,0.659504234790802,-0.034211378544569016,0.9375512599945068,0.3429223597049713,0.660234808921814,0.10607868432998657,0.6940826773643494,0.3142433762550354,0.7296649813652039,-0.05257738009095192,0.9695086479187012,0.3398208022117615,0.7287393808364868,0.117460697889328,0.8119547963142395,0.32020193338394165,0.7399545907974243,-0.052132733166217804,0.9573789834976196,0.3459480404853821,0.7373169660568237,0.11755769699811935,0.8457372188568115,0.30733275413513184,0.7472261786460876,-0.08904366940259933,0.9434791803359985,0.3313792049884796,0.7387713193893433,0.0896502286195755,0.7637525796890259
108,0.349301815032959,0.4645867347717285,0.1341267079114914,0.9991586804389954,0.34889864921569824,0.4605756103992462,0.0961589366197586,0.9992370009422302,0.3463379144668579,0.4600850045681,0.09611273556947708,0.9992481470108032,0.3411872386932373,0.4589950144290924,0.09610360115766525,0.9992250800132751,0.3586559295654297,0.46270930767059326,0.12070289999246597,0.9989336729049683,0.3615778684616089,0.4633291959762573,0.12062577158212662,0.9986623525619507,0.36418402194976807,0.4638012647628784,0.12064172327518463,0.9986991882324219,0.3385934829711914,0.4618048667907715,-0.03728644549846649,0.9989033341407776,0.36888694763183594,0.4673546254634857,0.07250142097473145,0.9987172484397888,0.33942684531211853,0.46999746561050415,0.09078426659107208,0.9978846311569214,0.35151565074920654,0.472148597240448,0.1226542592048645,0.998155951499939,0.30945950746536255,0.4863087832927704,-0.1181328073143959,0.9995068311691284,0.3912173807621002,0.4977971017360687,0.09577421844005585,0.9981166124343872,0.25668981671333313,0.46125367283821106,-0.09543872624635696,0.9863088130950928,0.36871200799942017,0.489529550075531,0.24414393305778503,0.22237904369831085,0.3087367117404938,0.43463510274887085,0.018268391489982605,0.9503347873687744,0.3467126488685608,0.4471684992313385,0.35651668906211853,0.18337060511112213,0.3126915991306305,0.42457515001296997,0.014266536571085453,0.9401952028274536,0.3436778783798218,0.43770405650138855,0.3727096617221832,0.20919100940227509,0.3236352503299713,0.42947694659233093,-0.006606092676520348,0.9376147389411926,0.34100258350372314,0.4383755624294281,0.35295987129211426,0.21265444159507751,0.32313281297683716,0.4324039816856384,0.013021457009017467,0.9302783012390137,0.3392694592475891,0.4404791593551636,0.3491869568824768,0.2277696281671524,0.279281884431839,0.5908593535423279,-0.04935584217309952,0.9998350143432617,0.3361663520336151,0.594834566116333,0.049383070319890976,0.9997127056121826,0.2870909869670868,0.6606418490409851,-0.03753822296857834,0.9382582902908325,0.3398038148880005,0.6618524789810181,0.1032901406288147,0.6928057074546814,0.3150920867919922,0.7303562164306641,-0.04196837544441223,0.9698672294616699,0.3382571339607239,0.7292740941047668,0.1271912008523941,0.8104932308197021,0.3185778856277466,0.738098680973053,-0.04113929718732834,0.9577649831771851,0.34527266025543213,0.7372132539749146,0.1275966763496399,0.8442314267158508,0.30646583437919617,0.7436100840568542,-0.08705628663301468,0.9438601136207581,0.3379485309123993,0.7391579747200012,0.09314987808465958,0.7621258497238159
109,0.34848013520240784,0.46338143944740295,0.15281718969345093,0.9991630911827087,0.3481910526752472,0.45909738540649414,0.11495116353034973,0.9992406964302063,0.34353283047676086,0.45800676941871643,0.11489862948656082,0.9992530345916748,0.34136369824409485,0.4576821029186249,0.11490590125322342,0.9992303252220154,0.35526683926582336,0.4606199562549591,0.13834452629089355,0.9989367127418518,0.3605114221572876,0.4604812264442444,0.1382599174976349,0.9986664056777954,0.363298624753952,0.4609180688858032,0.1382714807987213,0.9987034797668457,0.3403824269771576,0.46003347635269165,-0.019823729991912842,0.998904824256897,0.3693798780441284,0.4660872220993042,0.08443741500377655,0.9987152814865112,0.33999326825141907,0.46878549456596375,0.10885804891586304,0.9978883862495422,0.3514496684074402,0.4710921347141266,0.13917991518974304,0.9981540441513062,0.3047352433204651,0.4833327531814575,-0.09618698060512543,0.9995142221450806,0.39201799035072327,0.4962788224220276,0.10347989946603775,0.998117208480835,0.2473410665988922,0.46068280935287476,-0.04740285500884056,0.9864985942840576,0.36842069029808044,0.49315929412841797,0.2610430121421814,0.2213769555091858,0.30938273668289185,0.4337597191333771,0.09189070761203766,0.9502106308937073,0.34681981801986694,0.4485802948474884,0.4001685380935669,0.18081499636173248,0.31339097023010254,0.42438849806785583,0.0950583815574646,0.9398736357688904,0.34451013803482056,0.4386153221130371,0.42275211215019226,0.20630328357219696,0.32408878207206726,0.4269166588783264,0.07184804230928421,0.9373363256454468,0.34110185503959656,0.43900927901268005,0.40329843759536743,0.2097693234682083,0.3230322301387787,0.4319622814655304,0.08666454255580902,0.9298976063728333,0.33973634243011475,0.44084328413009644,0.39414501190185547,0.22471050918102264,0.2795809507369995,0.5884976983070374,-0.04534806311130524,0.9998388886451721,0.3378176987171173,0.5933071970939636,0.04533185437321663,0.9997186064720154,0.2888375222682953,0.6581211090087891,-0.04514290764927864,0.937242329120636,0.33908048272132874,0.6595807671546936,0.08834698796272278,0.693524956703186,0.3151061534881592,0.7285122275352478,-0.06537836790084839,0.9696659445762634,0.3385670483112335,0.7298916578292847,0.09431156516075134,0.8108313679695129,0.32068660855293274,0.7377910017967224,-0.06551738828420639,0.9568239450454712,0.3365274965763092,0.73563551902771,0.09304329007863998,0.843034029006958,0.3027722239494324,0.7441072463989258,-0.10513785481452942,0.9437177181243896,0.33743730187416077,0.742949366569519,0.06013660505414009,0.7629269957542419
110,0.3467458486557007,0.46424946188926697,0.15521861612796783,0.9991331100463867,0.3443758189678192,0.45955702662467957,0.11774685978889465,0.9992076754570007,0.34274300932884216,0.4593062102794647,0.11770959198474884,0.9992215037345886,0.3407808840274811,0.4589386582374573,0.11772169917821884,0.9991993308067322,0.35359424352645874,0.4610808789730072,0.14232979714870453,0.9988834261894226,0.35858049988746643,0.46199288964271545,0.14224585890769958,0.9985988140106201,0.3609987497329712,0.4622097313404083,0.14226657152175903,0.998641848564148,0.340289443731308,0.4604761302471161,-0.01657089963555336,0.9988499879837036,0.36677563190460205,0.46543195843696594,0.09356624633073807,0.9986452460289001,0.33845117688179016,0.4695684015750885,0.11148583143949509,0.9978110194206238,0.3491837978363037,0.4711122512817383,0.143488809466362,0.998073160648346,0.31039196252822876,0.4847954213619232,-0.09490226954221725,0.9995085597038269,0.39091095328330994,0.4952767491340637,0.11104374378919601,0.9981206655502319,0.256059855222702,0.4618419110774994,-0.06232200935482979,0.9865185618400574,0.3655237853527069,0.48899468779563904,0.25379493832588196,0.22340010106563568,0.3091300427913666,0.4329484701156616,0.06983400881290436,0.9498243927955627,0.34535327553749084,0.44520139694213867,0.368149071931839,0.181893989443779,0.3129616677761078,0.42571285367012024,0.07046625018119812,0.9392950534820557,0.342779278755188,0.4345517158508301,0.385932981967926,0.20677228271961212,0.32799285650253296,0.42969274520874023,0.04879441484808922,0.936751127243042,0.3409782350063324,0.4352615773677826,0.36898067593574524,0.2101731300354004,0.32401907444000244,0.4316517114639282,0.06484093517065048,0.9291597604751587,0.338720440864563,0.4394945502281189,0.3620792329311371,0.22507765889167786,0.28100720047950745,0.5879142880439758,-0.048144418746232986,0.9998375177383423,0.3366870582103729,0.59290611743927,0.04812931641936302,0.999718427658081,0.28524643182754517,0.659571647644043,-0.05830095335841179,0.9351900219917297,0.3386171758174896,0.6603355407714844,0.07879438251256943,0.6910010576248169,0.3159078359603882,0.7301841378211975,-0.07927365601062775,0.9689079523086548,0.3374985456466675,0.731399416923523,0.084881491959095,0.8083276152610779,0.31892257928848267,0.7379379868507385,-0.08014021068811417,0.9551918506622314,0.33882132172584534,0.7381532788276672,0.08333758264780045,0.8398164510726929,0.3022882044315338,0.7458986639976501,-0.12449312210083008,0.9426466822624207,0.33534836769104004,0.7432650923728943,0.04719212278723717,0.7607126235961914
111,0.3486388027667999,0.46271607279777527,0.16041070222854614,0.9991063475608826,0.34827250242233276,0.4589149057865143,0.12391175329685211,0.9991809129714966,0.3432437479496002,0.4577978551387787,0.12385718524456024,0.9991966485977173,0.3408016860485077,0.45741692185401917,0.12385357171297073,0.9991753697395325,0.3556956946849823,0.4603787660598755,0.1458211988210678,0.9988362193107605,0.36119773983955383,0.46176111698150635,0.14574526250362396,0.9985415935516357,0.36377570033073425,0.46221959590911865,0.14576391875743866,0.9985891580581665,0.33888277411460876,0.45927220582962036,-0.006278677843511105,0.9988095760345459,0.36905035376548767,0.4658234417438507,0.09142310172319412,0.9985834360122681,0.33961138129234314,0.46812352538108826,0.11827411502599716,0.9977167248725891,0.3512214720249176,0.47028061747550964,0.1466442346572876,0.9979861974716187,0.3042149245738983,0.48226961493492126,-0.08031003177165985,0.9994879364967346,0.39110103249549866,0.4951096773147583,0.10662785917520523,0.9980427026748657,0.2476223111152649,0.46104851365089417,-0.04554837942123413,0.9862909913063049,0.3630082607269287,0.4907766282558441,0.264111191034317,0.222169890999794,0.30534055829048157,0.4307848811149597,0.07534780353307724,0.9484218955039978,0.3428785800933838,0.4452274441719055,0.41142621636390686,0.18026043474674225,0.31350457668304443,0.4222015142440796,0.07769837975502014,0.9376668930053711,0.33811432123184204,0.43332475423812866,0.4339759051799774,0.20519563555717468,0.32377269864082336,0.4280420243740082,0.054741136729717255,0.9351508617401123,0.3408939838409424,0.4352976083755493,0.4167378842830658,0.20852972567081451,0.3235514461994171,0.43072015047073364,0.06964969635009766,0.9273661375045776,0.3389931321144104,0.4396173655986786,0.4066036343574524,0.2232741415500641,0.28041067719459534,0.5870739221572876,-0.042949892580509186,0.9998354315757751,0.3321807384490967,0.5916575193405151,0.04290814697742462,0.9997166991233826,0.2850053310394287,0.6586787104606628,-0.06085799261927605,0.9329991340637207,0.3386211693286896,0.660388708114624,0.06799738854169846,0.6912285089492798,0.3176708221435547,0.7300957441329956,-0.09021726250648499,0.9679543375968933,0.3394370377063751,0.7322873473167419,0.06291047483682632,0.8077326416969299,0.3232493996620178,0.7412854433059692,-0.09136070311069489,0.953134298324585,0.3415496349334717,0.7394465208053589,0.060308244079351425,0.8373446464538574,0.30806586146354675,0.7482261657714844,-0.13433292508125305,0.9414083957672119,0.3431225121021271,0.7477327585220337,0.023289363831281662,0.7601092457771301
112,0.34260836243629456,0.465299516916275,0.13379406929016113,0.9990991353988647,0.3438378870487213,0.46050113439559937,0.09702782332897186,0.9991703629493713,0.33902379870414734,0.45968520641326904,0.09698396921157837,0.9991840720176697,0.33693286776542664,0.4594331979751587,0.09699719399213791,0.9991628527641296,0.35079827904701233,0.46133068203926086,0.12172910571098328,0.9988261461257935,0.35632938146591187,0.4622732698917389,0.12163259834051132,0.9985260367393494,0.3585968315601349,0.4624554514884949,0.12163518369197845,0.9985762238502502,0.3361888527870178,0.46248772740364075,-0.03294432535767555,0.9987806677818298,0.36434656381607056,0.46687382459640503,0.07767848670482635,0.9985710978507996,0.3334861993789673,0.47091931104660034,0.09175773710012436,0.9976797103881836,0.3455428183078766,0.4705897569656372,0.12390337139368057,0.9979539513587952,0.30931925773620605,0.4857509732246399,-0.10734177380800247,0.9994646906852722,0.38950496912002563,0.4967425465583801,0.09884243458509445,0.9979941248893738,0.2534860670566559,0.4609621465206146,-0.08406642824411392,0.9863185286521912,0.3654114902019501,0.4887959659099579,0.24985381960868835,0.219796821475029,0.30685049295425415,0.4330676198005676,0.03665498271584511,0.9467390775680542,0.3462258577346802,0.44697245955467224,0.3719998300075531,0.1767023205757141,0.3160541355609894,0.4261607825756073,0.03257298842072487,0.9353677034378052,0.34129762649536133,0.4361500144004822,0.38842082023620605,0.20118190348148346,0.3264737129211426,0.42951229214668274,0.009990740567445755,0.9328358173370361,0.3425934314727783,0.4376589059829712,0.3708147406578064,0.2045198231935501,0.3253641128540039,0.43419939279556274,0.03028484247624874,0.9248185753822327,0.33981236815452576,0.44207099080085754,0.3658105731010437,0.21885216236114502,0.2842029631137848,0.5891577005386353,-0.04744545742869377,0.9998295903205872,0.3370865285396576,0.5938676595687866,0.04743862524628639,0.9997047185897827,0.2890169620513916,0.6595208644866943,-0.037220437079668045,0.93065345287323,0.3417510390281677,0.6606659293174744,0.09539488703012466,0.6874219179153442,0.3162275552749634,0.7307309508323669,-0.053573139011859894,0.9674102067947388,0.3407553434371948,0.7315521836280823,0.11282670497894287,0.806501567363739,0.3188829720020294,0.740449845790863,-0.05392944812774658,0.9517848491668701,0.34170636534690857,0.7387530207633972,0.11262091994285583,0.8367440104484558,0.30499452352523804,0.7453835010528564,-0.0967891588807106,0.9402386546134949,0.3277004659175873,0.7388837337493896,0.07909275591373444,0.7591322660446167
113,0.33933013677597046,0.46571603417396545,0.14578011631965637,0.9990694522857666,0.34010758996009827,0.46096184849739075,0.11061055958271027,0.9991344809532166,0.33818042278289795,0.4606412947177887,0.11056893318891525,0.999144434928894,0.3361465036869049,0.4602670967578888,0.11056197434663773,0.9991227388381958,0.3498912453651428,0.4626629948616028,0.1321375072002411,0.9987886548042297,0.35306501388549805,0.463138222694397,0.13204863667488098,0.9984776973724365,0.3582746982574463,0.4640933871269226,0.1320594847202301,0.998528003692627,0.33534470200538635,0.46306514739990234,-0.016077512875199318,0.9987155795097351,0.3644596040248871,0.46858280897140503,0.07999932765960693,0.9985089898109436,0.33448347449302673,0.47045156359672546,0.10457216203212738,0.9975841045379639,0.3459347188472748,0.47207367420196533,0.13251939415931702,0.997862696647644,0.3031954765319824,0.48594680428504944,-0.0891205444931984,0.9994436502456665,0.3901531398296356,0.4988741874694824,0.08996672183275223,0.9979220628738403,0.2558903396129608,0.4595475494861603,-0.05850319564342499,0.9864779114723206,0.3684553802013397,0.4893072247505188,0.2284335196018219,0.22311951220035553,0.30796632170677185,0.4336283802986145,0.05787802115082741,0.9476321339607239,0.34742605686187744,0.4468844532966614,0.34528666734695435,0.17813892662525177,0.3124392330646515,0.4239359200000763,0.0565059632062912,0.9363294839859009,0.3435323238372803,0.4383902847766876,0.36061492562294006,0.20199298858642578,0.3233388662338257,0.4272381663322449,0.03491884097456932,0.9337738156318665,0.34021225571632385,0.43929481506347656,0.3433983027935028,0.20529170334339142,0.3221905827522278,0.4323871433734894,0.05204938352108002,0.9258261322975159,0.3387182652950287,0.4412707984447479,0.3391735553741455,0.21981726586818695,0.2823047637939453,0.5891762971878052,-0.0360628217458725,0.9998265504837036,0.3347274959087372,0.5929343700408936,0.03607965633273125,0.9996975064277649,0.2944210171699524,0.660090446472168,-0.04377562180161476,0.9305450320243835,0.34296831488609314,0.6601384878158569,0.06498304009437561,0.6911411881446838,0.31341642141342163,0.7309256196022034,-0.06314141303300858,0.9677168726921082,0.3387316167354584,0.7312977313995361,0.0759851410984993,0.8075003027915955,0.3165265619754791,0.7402864098548889,-0.06418350338935852,0.9523676633834839,0.33928990364074707,0.7376835942268372,0.07509224861860275,0.8370283246040344,0.3094380497932434,0.7492873668670654,-0.11563148349523544,0.9405677318572998,0.3430211842060089,0.7448275685310364,0.03220757469534874,0.7597296237945557
114,0.3375924527645111,0.46328678727149963,0.13924075663089752,0.9988988637924194,0.3389137387275696,0.46044766902923584,0.10440801829099655,0.9989522099494934,0.3376769423484802,0.4603155851364136,0.10437233746051788,0.9989558458328247,0.3362736701965332,0.4601009786128998,0.1043747067451477,0.9989378452301025,0.34713616967201233,0.4617272913455963,0.1278773844242096,0.9984928965568542,0.3494848608970642,0.46199360489845276,0.12779368460178375,0.9980877041816711,0.35466670989990234,0.46290597319602966,0.12779532372951508,0.9981717467308044,0.3372993469238281,0.4617755115032196,-0.02122248336672783,0.9983680844306946,0.35796165466308594,0.4653855264186859,0.0845915675163269,0.998090386390686,0.3340866267681122,0.4698581099510193,0.09878920763731003,0.9971006512641907,0.34353211522102356,0.4709833562374115,0.1295703947544098,0.9973663091659546,0.3093836307525635,0.4853689968585968,-0.09394224733114243,0.9993664622306824,0.38758233189582825,0.49450498819351196,0.09251207113265991,0.9977484941482544,0.25223013758659363,0.4597044885158539,-0.0944858267903328,0.9854850769042969,0.3613446354866028,0.48376357555389404,0.2052081972360611,0.2290513813495636,0.3073282837867737,0.4337201416492462,-0.0012647520052269101,0.9450951218605042,0.34618496894836426,0.44419071078300476,0.2933517396450043,0.18242479860782623,0.3169155418872833,0.42698386311531067,-0.009063720703125,0.933265209197998,0.3389218747615814,0.43418899178504944,0.30303245782852173,0.20478546619415283,0.32700178027153015,0.43037426471710205,-0.028786329552531242,0.9306811690330505,0.34123432636260986,0.43592754006385803,0.28930583596229553,0.20794600248336792,0.32612431049346924,0.4330900311470032,-0.007302927318960428,0.922233521938324,0.3391243517398834,0.4401463568210602,0.28755998611450195,0.22214458882808685,0.28130266070365906,0.5871934294700623,-0.04190399497747421,0.9998155236244202,0.33262401819229126,0.5916032791137695,0.04186687245965004,0.9996819496154785,0.29165130853652954,0.6585816144943237,-0.06089676916599274,0.9249371290206909,0.34022122621536255,0.6606931686401367,0.060264892876148224,0.6893421411514282,0.31544768810272217,0.7304144501686096,-0.08144748210906982,0.9657232761383057,0.3369653820991516,0.7307233810424805,0.07849307358264923,0.804345965385437,0.31859153509140015,0.7402719259262085,-0.08344866335391998,0.9480828046798706,0.3355531096458435,0.7371217012405396,0.07750700414180756,0.8318164944648743,0.311028391122818,0.7493709921836853,-0.13945630192756653,0.9377221465110779,0.32743096351623535,0.7432668805122375,0.03168928250670433,0.756779134273529
115,0.3442804217338562,0.4641660153865814,0.14007897675037384,0.9988375306129456,0.34238824248313904,0.45860007405281067,0.10381148010492325,0.9988855719566345,0.34074994921684265,0.45845988392829895,0.10378021746873856,0.9988865852355957,0.3388931453227997,0.4582575857639313,0.10377286374568939,0.9988678693771362,0.35185742378234863,0.4602164328098297,0.12702582776546478,0.9983871579170227,0.3544369637966156,0.4605501592159271,0.12695306539535522,0.9979541301727295,0.3598991334438324,0.46159473061561584,0.1269664168357849,0.9980408549308777,0.3383452296257019,0.4615774154663086,-0.02609236165881157,0.998248815536499,0.3649277091026306,0.4647565186023712,0.07808823883533478,0.9979305863380432,0.33615928888320923,0.46802693605422974,0.09800437837839127,0.9969673156738281,0.34697774052619934,0.4697153866291046,0.12832219898700714,0.997223436832428,0.30848753452301025,0.4840937554836273,-0.09976357221603394,0.9993334412574768,0.38938403129577637,0.4944767355918884,0.08894483000040054,0.9976616501808167,0.2551073431968689,0.45994314551353455,-0.0943780392408371,0.9852463603019714,0.36230167746543884,0.48510244488716125,0.21085412800312042,0.2288396805524826,0.30792519450187683,0.4317740499973297,-0.004713443573564291,0.9455893635749817,0.3394538164138794,0.44284361600875854,0.3055731952190399,0.18391826748847961,0.31223371624946594,0.42469608783721924,-0.011429323814809322,0.9340586066246033,0.33513885736465454,0.4323686361312866,0.31706151366233826,0.2061990350484848,0.3235034644603729,0.42757537961006165,-0.031527698040008545,0.9314705729484558,0.3387675881385803,0.43401017785072327,0.3010283410549164,0.20926859974861145,0.32287538051605225,0.43011364340782166,-0.010592716746032238,0.9229455590248108,0.33681800961494446,0.43825265765190125,0.299081027507782,0.22391487658023834,0.28236836194992065,0.5887622237205505,-0.039964668452739716,0.9998140931129456,0.33704468607902527,0.5943616628646851,0.03993973881006241,0.9996787309646606,0.2982720732688904,0.6595051288604736,-0.04667561873793602,0.9233953952789307,0.3404275178909302,0.661109209060669,0.06965789198875427,0.690192461013794,0.31979987025260925,0.7299154996871948,-0.06470414251089096,0.9654654264450073,0.34077829122543335,0.7310877442359924,0.08947067707777023,0.8028340339660645,0.3212537169456482,0.7398826479911804,-0.06651439517736435,0.9477424025535583,0.34068822860717773,0.737789511680603,0.08878450095653534,0.8299639225006104,0.3035069704055786,0.7526551485061646,-0.12407147139310837,0.9371575713157654,0.3328566551208496,0.7419832944869995,0.04511340335011482,0.7546744346618652
116,0.34071189165115356,0.46512940526008606,0.06627111881971359,0.9987583160400391,0.34413978457450867,0.460771769285202,0.03749101981520653,0.9988097548484802,0.34039902687072754,0.4598488211631775,0.037475451827049255,0.9987878203392029,0.3397677540779114,0.4596725404262543,0.037509460002183914,0.9987976551055908,0.34727606177330017,0.46102914214134216,0.06152651831507683,0.998237669467926,0.34892743825912476,0.461119145154953,0.06143639236688614,0.9977121353149414,0.35366788506507874,0.46188172698020935,0.0614260770380497,0.997878909111023,0.3464842438697815,0.4625330865383148,-0.06146858260035515,0.9979968070983887,0.35735270380973816,0.4657059609889984,0.04789476469159126,0.9976372122764587,0.33463937044143677,0.4692000448703766,0.035183776170015335,0.9966906309127808,0.34200674295425415,0.4700819253921509,0.0670197531580925,0.9969223737716675,0.3184635043144226,0.4850563108921051,-0.12526646256446838,0.9992712736129761,0.3852680027484894,0.49453258514404297,0.06647834926843643,0.997450590133667,0.2580925524234772,0.46049171686172485,-0.1670060008764267,0.9834076166152954,0.35082414746284485,0.48183515667915344,0.1448463648557663,0.24050548672676086,0.3069978356361389,0.4317188858985901,-0.12572938203811646,0.9421846866607666,0.3395220935344696,0.44211718440055847,0.18560713529586792,0.19697614014148712,0.31646907329559326,0.42507821321487427,-0.14672639966011047,0.9292920827865601,0.33778610825538635,0.43193188309669495,0.18411119282245636,0.2160310596227646,0.326835036277771,0.42845237255096436,-0.15813933312892914,0.9264282584190369,0.33939218521118164,0.43364617228507996,0.17287787795066833,0.21869972348213196,0.3213704526424408,0.43024593591690063,-0.1305633783340454,0.9172266721725464,0.33325687050819397,0.43746063113212585,0.17877468466758728,0.23288607597351074,0.2892892062664032,0.588396430015564,-0.045781027525663376,0.9997991323471069,0.32802093029022217,0.5917118191719055,0.045761555433273315,0.9996554851531982,0.3033893406391144,0.6614116430282593,-0.058300189673900604,0.9162372350692749,0.33269166946411133,0.6611160039901733,0.06550832092761993,0.6853169202804565,0.319283127784729,0.7304306626319885,-0.056555815041065216,0.9625441431999207,0.3341008126735687,0.7306061387062073,0.11225367337465286,0.796407163143158,0.3202967345714569,0.7376545071601868,-0.05801708623766899,0.9411914348602295,0.3356702923774719,0.7369503378868103,0.11273687332868576,0.8184769153594971,0.3036980628967285,0.751378059387207,-0.12894023954868317,0.9338068962097168,0.32524940371513367,0.7453757524490356,0.05586635693907738,0.7503424882888794
117,0.3434610068798065,0.4659518897533417,0.1285388171672821,0.9987238645553589,0.3423154056072235,0.46018919348716736,0.09132084250450134,0.9987776279449463,0.34075894951820374,0.4598921835422516,0.091293565928936,0.9987548589706421,0.3389970064163208,0.4595302939414978,0.09128788858652115,0.9987627863883972,0.3517550528049469,0.4617079496383667,0.1155409887433052,0.9981948137283325,0.3545847535133362,0.46197113394737244,0.1154722049832344,0.9976610541343689,0.35981103777885437,0.4627387821674347,0.11548682302236557,0.9978219270706177,0.3390771746635437,0.46201008558273315,-0.03966046869754791,0.9979479312896729,0.3659937083721161,0.4668114483356476,0.06914772093296051,0.9975842833518982,0.3352663218975067,0.4711175262928009,0.08618712425231934,0.9966171383857727,0.3460273742675781,0.47238296270370483,0.11786036193370819,0.9968492388725281,0.31091636419296265,0.48511067032814026,-0.11266796290874481,0.9992402791976929,0.3924199342727661,0.4965117573738098,0.08417685329914093,0.9973782300949097,0.25411370396614075,0.4597083032131195,-0.10440396517515182,0.983641505241394,0.3677041232585907,0.486608624458313,0.21959960460662842,0.23761314153671265,0.3074999749660492,0.43069636821746826,-0.007686118595302105,0.9435551762580872,0.3466625213623047,0.4445951581001282,0.3203140199184418,0.1949700117111206,0.31193289160728455,0.42337995767593384,-0.01465393602848053,0.9311827421188354,0.34321990609169006,0.4330967664718628,0.3325468599796295,0.21437376737594604,0.3233102262020111,0.4264524281024933,-0.03507963567972183,0.9283545017242432,0.3410711884498596,0.43374279141426086,0.3158441185951233,0.21706148982048035,0.3225158751010895,0.42909717559814453,-0.013539944775402546,0.9192752838134766,0.3388626277446747,0.4380996823310852,0.31372931599617004,0.2318146526813507,0.2836347818374634,0.591373860836029,-0.041251543909311295,0.999795138835907,0.33888792991638184,0.5953260064125061,0.04126591980457306,0.9996463060379028,0.29571107029914856,0.6617939472198486,-0.029570648446679115,0.9167946577072144,0.3414601981639862,0.6620180010795593,0.09053293615579605,0.6861674189567566,0.3167262077331543,0.7299830913543701,-0.035928886383771896,0.963157057762146,0.33770206570625305,0.7306619882583618,0.12089891731739044,0.7949501276016235,0.3202497363090515,0.7397862672805786,-0.03646097332239151,0.9429083466529846,0.3392723500728607,0.7368465065956116,0.12137862294912338,0.8181310296058655,0.31359684467315674,0.74848473072052,-0.09168638288974762,0.9343571066856384,0.33253899216651917,0.7420332431793213,0.07967160642147064,0.7476071715354919
118,0.34336650371551514,0.46168455481529236,0.1533692330121994,0.9987030029296875,0.3443028926849365,0.45808058977127075,0.11623172461986542,0.9987607598304749,0.3423655033111572,0.4577743709087372,0.11617380380630493,0.998742938041687,0.3401845097541809,0.4573999047279358,0.11616045981645584,0.9987485408782959,0.3540593087673187,0.46010228991508484,0.1406850963830948,0.9981682896614075,0.35691341757774353,0.4605811536312103,0.14060458540916443,0.9976308345794678,0.362027108669281,0.4616914689540863,0.14061327278614044,0.9977870583534241,0.33931276202201843,0.45952898263931274,-0.017260896041989326,0.9979370832443237,0.36784765124320984,0.465268075466156,0.09201784431934357,0.9975561499595642,0.33807384967803955,0.46799808740615845,0.10975303500890732,0.9965771436691284,0.3490849435329437,0.4696089029312134,0.14158064126968384,0.9968161582946777,0.3053150475025177,0.4828196167945862,-0.09586009383201599,0.9992502927780151,0.39509472250938416,0.49443167448043823,0.10625884681940079,0.9973725080490112,0.24583633244037628,0.45845434069633484,-0.05550128594040871,0.9838155508041382,0.36486437916755676,0.4874093234539032,0.24832676351070404,0.23702608048915863,0.3082624077796936,0.4322781562805176,0.08180516958236694,0.9433208107948303,0.34673935174942017,0.44272658228874207,0.3727385103702545,0.19303615391254425,0.31340694427490234,0.4219515025615692,0.08327434211969376,0.9309941530227661,0.3431414067745209,0.4338974058628082,0.39195379614830017,0.2122785747051239,0.32460102438926697,0.42529135942459106,0.060667335987091064,0.9281858801841736,0.34126004576683044,0.4347974359989166,0.374586820602417,0.21497994661331177,0.32328876852989197,0.43076279759407043,0.0765245333313942,0.919087827205658,0.33876124024391174,0.43922632932662964,0.3666132092475891,0.2297477126121521,0.28199246525764465,0.5872370004653931,-0.0468287467956543,0.9997960925102234,0.335605263710022,0.5915221571922302,0.04680125415325165,0.9996487498283386,0.29220226407051086,0.6586342453956604,-0.0461704358458519,0.9178144931793213,0.34154051542282104,0.6608007550239563,0.08563143759965897,0.6897656321525574,0.3180989623069763,0.7299226522445679,-0.06693609803915024,0.963547945022583,0.3357873260974884,0.7306386828422546,0.09591775387525558,0.7975121736526489,0.31965556740760803,0.7389697432518005,-0.06808009743690491,0.9435041546821594,0.3377642333507538,0.7390892505645752,0.09461613744497299,0.8204054832458496,0.3111374080181122,0.7469328045845032,-0.12107913941144943,0.9350000619888306,0.327897310256958,0.7447418570518494,0.05269679054617882,0.7506090998649597
119,0.33892545104026794,0.4594388008117676,0.13143770396709442,0.9986408352851868,0.339627206325531,0.45648637413978577,0.0969468504190445,0.9986855983734131,0.338454931974411,0.45643511414527893,0.09691140055656433,0.9986647963523865,0.3371244966983795,0.45633047819137573,0.09691695868968964,0.9986802339553833,0.3478873670101166,0.4577755331993103,0.11900452524423599,0.9980302453041077,0.3503616154193878,0.45811182260513306,0.11893768608570099,0.9974483847618103,0.35234737396240234,0.45829471945762634,0.11894716322422028,0.9976267218589783,0.3382332921028137,0.4585436284542084,-0.025840723887085915,0.9977807998657227,0.359350323677063,0.4620584547519684,0.0739394798874855,0.9973210692405701,0.33575132489204407,0.4662971794605255,0.09220067411661148,0.9963985681533813,0.34513336420059204,0.46739423274993896,0.12121184915304184,0.9965894818305969,0.30982211232185364,0.4818868637084961,-0.09027156233787537,0.9992071986198425,0.39109304547309875,0.4920833706855774,0.08138145506381989,0.9972654581069946,0.25311195850372314,0.45868268609046936,-0.08157803863286972,0.9828217029571533,0.3631385862827301,0.48522254824638367,0.19592875242233276,0.24019895493984222,0.3076719343662262,0.43143653869628906,0.011649035848677158,0.9413226842880249,0.3417750597000122,0.4426446259021759,0.2907412350177765,0.19541285932064056,0.3120873272418976,0.42421215772628784,0.004968634806573391,0.9286930561065674,0.33554503321647644,0.43166017532348633,0.30142104625701904,0.21400874853134155,0.3231116831302643,0.42714908719062805,-0.01397029124200344,0.9259129762649536,0.33878883719444275,0.4335099756717682,0.2865990698337555,0.21662361919879913,0.32197311520576477,0.4319687485694885,0.0060721407644450665,0.9163430333137512,0.3368622362613678,0.43806296586990356,0.2847902476787567,0.2312486469745636,0.2843420207500458,0.5872694849967957,-0.03754299879074097,0.9997930526733398,0.3316543400287628,0.5919544696807861,0.03750493749976158,0.9996441006660461,0.29531362652778625,0.6606960892677307,-0.04473892226815224,0.9119538068771362,0.3394588530063629,0.6609249114990234,0.06198158860206604,0.6882506608963013,0.32020747661590576,0.730035662651062,-0.069002166390419,0.961912989616394,0.33589792251586914,0.730765700340271,0.08795596659183502,0.7950775623321533,0.3215230107307434,0.7399148941040039,-0.07219743728637695,0.9394370317459106,0.3381075859069824,0.7374875545501709,0.08744153380393982,0.8150970935821533,0.3078285753726959,0.7520576119422913,-0.13557299971580505,0.9330480694770813,0.3312794864177704,0.7450746297836304,0.03899814933538437,0.7488918304443359
120,0.34911155700683594,0.46496549248695374,0.14168080687522888,0.9986762404441833,0.3499254882335663,0.4594002664089203,0.10457919538021088,0.9987226724624634,0.3474133014678955,0.45893365144729614,0.10453014075756073,0.9987017512321472,0.3413219153881073,0.45779740810394287,0.10451977699995041,0.9987144470214844,0.36155611276626587,0.46202030777931213,0.12560443580150604,0.998100221157074,0.36445584893226624,0.46257761120796204,0.12551744282245636,0.9975408315658569,0.3666042685508728,0.46284112334251404,0.1255260854959488,0.9977080225944519,0.33918681740760803,0.46117231249809265,-0.02622140944004059,0.9978556632995605,0.37011680006980896,0.4671469032764435,0.06771910935640335,0.9974250793457031,0.3415825068950653,0.47077932953834534,0.09958495199680328,0.9964919090270996,0.3556097447872162,0.47143375873565674,0.12687164545059204,0.9966908693313599,0.3078652024269104,0.48462045192718506,-0.09500499069690704,0.9992170929908752,0.3961378037929535,0.4970029294490814,0.07899849116802216,0.9973146915435791,0.2505663335323334,0.45909568667411804,-0.051686011254787445,0.9828903675079346,0.3719615638256073,0.489865243434906,0.23817791044712067,0.23951204121112823,0.3056548237800598,0.43153855204582214,0.07502884417772293,0.9414187669754028,0.348715215921402,0.448568731546402,0.37740930914878845,0.19265116751194,0.31527554988861084,0.4250655770301819,0.07593570649623871,0.9291250109672546,0.3435051739215851,0.43673136830329895,0.3969067335128784,0.21155564486980438,0.324983686208725,0.4281435012817383,0.05216384679079056,0.9263487458229065,0.3432792127132416,0.4378127455711365,0.3776533007621765,0.21422918140888214,0.3236638903617859,0.43287718296051025,0.06879875808954239,0.9169458150863647,0.3404478430747986,0.44220489263534546,0.3713868260383606,0.22911517322063446,0.28510764241218567,0.5897098183631897,-0.03458070755004883,0.9997943043708801,0.33945566415786743,0.5943633317947388,0.034599706530570984,0.9996449947357178,0.29660019278526306,0.6604248285293579,-0.019767537713050842,0.9133992791175842,0.34289228916168213,0.6606942415237427,0.08493126183748245,0.6914750933647156,0.3171970248222351,0.7314056158065796,-0.03344324603676796,0.9627788662910461,0.3389735817909241,0.7292050719261169,0.10886014997959137,0.7966132164001465,0.3192211091518402,0.7384417057037354,-0.0337749607861042,0.9413595199584961,0.33912742137908936,0.7373982667922974,0.10962145030498505,0.8174324035644531,0.3137454390525818,0.7459723353385925,-0.08151038736104965,0.934287965297699,0.3394896984100342,0.7408794164657593,0.07292962074279785,0.7501882314682007
121,0.3496500253677368,0.4605439007282257,0.13774403929710388,0.9983920454978943,0.3460976779460907,0.45551183819770813,0.10179087519645691,0.9984042048454285,0.34464749693870544,0.45524725317955017,0.10172832757234573,0.9983782768249512,0.34287014603614807,0.45498812198638916,0.10169921815395355,0.9983871579170227,0.35692182183265686,0.45878928899765015,0.12356485426425934,0.9976503849029541,0.36198481917381287,0.4598456025123596,0.12348553538322449,0.996976912021637,0.3641352355480194,0.4601995348930359,0.12347342818975449,0.9971617460250854,0.3422669768333435,0.45743513107299805,-0.02651832439005375,0.9973301291465759,0.36842483282089233,0.4629688560962677,0.0713735967874527,0.9967665672302246,0.3408915102481842,0.46601346135139465,0.09662696719169617,0.9957447648048401,0.35269758105278015,0.468121737241745,0.1250828206539154,0.9959391355514526,0.30749017000198364,0.4830656945705414,-0.09869863092899323,0.9991039633750916,0.394644558429718,0.49496906995773315,0.07839112728834152,0.996933102607727,0.25261393189430237,0.45693159103393555,-0.07761640101671219,0.9820459485054016,0.37007278203964233,0.48712536692619324,0.2049354761838913,0.23370476067066193,0.30625879764556885,0.4307362735271454,0.030145250260829926,0.9382244348526001,0.34243541955947876,0.446818470954895,0.31869643926620483,0.18587970733642578,0.31149235367774963,0.42114055156707764,0.02428535185754299,0.925485372543335,0.34065109491348267,0.4369700849056244,0.33206501603126526,0.20460645854473114,0.32055744528770447,0.426334023475647,0.004452390596270561,0.9227207899093628,0.3363680839538574,0.43555495142936707,0.31310850381851196,0.20734186470508575,0.3200399577617645,0.42841923236846924,0.024579105898737907,0.912937343120575,0.33451318740844727,0.4409438669681549,0.31137359142303467,0.2221202552318573,0.2853618562221527,0.5897653698921204,-0.03525775298476219,0.9997887015342712,0.33562278747558594,0.5936189293861389,0.035219330340623856,0.9996364116668701,0.2954600155353546,0.659496545791626,-0.022192273288965225,0.9096674919128418,0.34253382682800293,0.6616211533546448,0.08322754502296448,0.6913710832595825,0.31731459498405457,0.7312037944793701,-0.030681030824780464,0.9613975882530212,0.3355211317539215,0.7320312261581421,0.11504242569208145,0.7953954339027405,0.31634408235549927,0.7390544414520264,-0.03134749084711075,0.938022255897522,0.34398242831230164,0.7416515350341797,0.11581561714410782,0.8150613903999329,0.3153848350048065,0.746616005897522,-0.08669159561395645,0.9321302175521851,0.3423348069190979,0.7486370205879211,0.07228570431470871,0.748404324054718
122,0.3426761329174042,0.45822134613990784,0.1260036826133728,0.9984855651855469,0.3428107798099518,0.45355498790740967,0.08787421882152557,0.9985024929046631,0.3408328890800476,0.45337608456611633,0.08781231939792633,0.9984773993492126,0.3386402726173401,0.4532441794872284,0.08781904727220535,0.9984840750694275,0.352673202753067,0.4560256600379944,0.10997308790683746,0.9978067874908447,0.35557684302330017,0.45680809020996094,0.10988448560237885,0.9971789717674255,0.3613382577896118,0.45856383442878723,0.1098804846405983,0.9973480105400085,0.33684006333351135,0.4560418426990509,-0.046084627509117126,0.9975048303604126,0.3674183189868927,0.46285468339920044,0.05293538048863411,0.996992290019989,0.33813387155532837,0.4651055634021759,0.08289651572704315,0.9960012435913086,0.34968239068984985,0.4673542380332947,0.11162272840738297,0.9961941242218018,0.301650732755661,0.48225557804107666,-0.1131172850728035,0.9991245865821838,0.3942703604698181,0.4940234124660492,0.06746178865432739,0.9970387816429138,0.24854660034179688,0.4570591151714325,-0.07069610804319382,0.9825054407119751,0.3726642429828644,0.4913580119609833,0.22562679648399353,0.234247624874115,0.30442455410957336,0.4301430881023407,0.05713273212313652,0.9375637173652649,0.34882059693336487,0.4501590132713318,0.36263376474380493,0.18239785730838776,0.3150087594985962,0.42330339550971985,0.05529356375336647,0.9243625402450562,0.34380626678466797,0.4370214641094208,0.38040661811828613,0.20105446875095367,0.3246765732765198,0.425969660282135,0.03142330050468445,0.9216094017028809,0.3440191447734833,0.4384458661079407,0.361038476228714,0.2038465142250061,0.3232558071613312,0.4314386546611786,0.050463028252124786,0.9118839502334595,0.34204769134521484,0.44258585572242737,0.3563300669193268,0.2184148132801056,0.2819434106349945,0.5901749134063721,-0.0374477319419384,0.9997904300689697,0.33877667784690857,0.5939289331436157,0.03747313469648361,0.9996399879455566,0.2916420102119446,0.6598614454269409,0.0025920725893229246,0.9083499908447266,0.3448937237262726,0.6605861186981201,0.11098264902830124,0.6901506781578064,0.3143717050552368,0.7296499609947205,0.005572861060500145,0.9604139924049377,0.33660614490509033,0.7295116782188416,0.14393211901187897,0.7942377328872681,0.3136572241783142,0.7375290989875793,0.0076294830068945885,0.9371901750564575,0.3331923484802246,0.7367919683456421,0.14615985751152039,0.815961480140686,0.3098408281803131,0.7405452132225037,-0.02729017473757267,0.9299790263175964,0.33833420276641846,0.7402945756912231,0.11959443241357803,0.7459962368011475
123,0.34625959396362305,0.4623461365699768,0.13818569481372833,0.9985980987548828,0.3453994691371918,0.4574069082736969,0.10036122053861618,0.9986162781715393,0.34051236510276794,0.45620012283325195,0.1003037765622139,0.9985917806625366,0.337956964969635,0.4557846188545227,0.10031614452600479,0.9985969662666321,0.3540710508823395,0.45958635210990906,0.12197963893413544,0.9979826211929321,0.3601483702659607,0.4611968696117401,0.12188372015953064,0.9974043369293213,0.3629821240901947,0.46175578236579895,0.12190110981464386,0.997557520866394,0.335908442735672,0.4588117003440857,-0.033150412142276764,0.9977037906646729,0.36829501390457153,0.4651517868041992,0.06331763416528702,0.99723881483078,0.3372538983821869,0.4677771329879761,0.09506084769964218,0.996300220489502,0.3497140109539032,0.470060795545578,0.12303784489631653,0.9964879155158997,0.30065327882766724,0.48322832584381104,-0.10242749005556107,0.9991670846939087,0.39676111936569214,0.49537768959999084,0.07547911256551743,0.9972074627876282,0.2485271841287613,0.45648062229156494,-0.05496721714735031,0.9830568432807922,0.3713025450706482,0.4906672537326813,0.22873811423778534,0.24002093076705933,0.30281883478164673,0.4314156770706177,0.08179707825183868,0.9375088810920715,0.3486369550228119,0.45079490542411804,0.3563888967037201,0.1826026439666748,0.3135545253753662,0.42260998487472534,0.08179626613855362,0.9239839315414429,0.34516441822052,0.43722400069236755,0.37438103556632996,0.20106342434883118,0.32285651564598083,0.4287676513195038,0.058460336178541183,0.9211600422859192,0.3449957072734833,0.4386550486087799,0.3552701771259308,0.20388293266296387,0.32194918394088745,0.43141117691993713,0.07556159049272537,0.9116101861000061,0.34245750308036804,0.4426887333393097,0.35010218620300293,0.2183605134487152,0.28050071001052856,0.5893313884735107,-0.037603605538606644,0.9997944831848145,0.33889761567115784,0.5925381779670715,0.03762352466583252,0.9996479749679565,0.2899284064769745,0.6589897871017456,-0.006953613366931677,0.9091321229934692,0.34433799982070923,0.6610309481620789,0.10036841034889221,0.6919992566108704,0.3128029704093933,0.7303988933563232,-0.014449137263000011,0.9605168700218201,0.3375387489795685,0.7304658889770508,0.11982651799917221,0.796713650226593,0.31258806586265564,0.7386947870254517,-0.013404148630797863,0.9382933974266052,0.34106144309043884,0.7402728796005249,0.12102852016687393,0.8204010128974915,0.3042902946472168,0.7441688179969788,-0.04687134176492691,0.9294936656951904,0.3358370065689087,0.739843487739563,0.09441711008548737,0.747439444065094
124,0.3476293981075287,0.45983028411865234,0.1422594040632248,0.9985972046852112,0.34802475571632385,0.4554811716079712,0.10559746623039246,0.9986180663108826,0.34568697214126587,0.45495477318763733,0.10553012043237686,0.9985963106155396,0.3403744101524353,0.45377644896507263,0.10552762448787689,0.9985987544059753,0.35922786593437195,0.4587312638759613,0.12518776953220367,0.997998833656311,0.36233487725257874,0.45959529280662537,0.12508685886859894,0.9974294900894165,0.36473599076271057,0.46012890338897705,0.12506751716136932,0.997580885887146,0.33854639530181885,0.45633190870285034,-0.02408589981496334,0.9977146983146667,0.3691912293434143,0.4632904827594757,0.0634068176150322,0.9972885251045227,0.34199562668800354,0.46574172377586365,0.10080748796463013,0.996289074420929,0.351339191198349,0.467887818813324,0.12621863186359406,0.9965019822120667,0.30045977234840393,0.4815506637096405,-0.08834522217512131,0.9991509914398193,0.39809268712997437,0.49566999077796936,0.07263198494911194,0.9971882700920105,0.23941698670387268,0.4571608901023865,-0.03812700882554054,0.9824697971343994,0.367228239774704,0.49157723784446716,0.22961178421974182,0.23896236717700958,0.30232706665992737,0.43232208490371704,0.09529271721839905,0.9336051344871521,0.34435680508613586,0.448955237865448,0.38285356760025024,0.1782231479883194,0.3130995035171509,0.4236585795879364,0.09807191044092178,0.9195075631141663,0.3393360674381256,0.4363477826118469,0.4039202630519867,0.19643634557724,0.32224661111831665,0.4293645918369293,0.07286805659532547,0.9167523980140686,0.3400346338748932,0.43805065751075745,0.38637787103652954,0.19928480684757233,0.32118019461631775,0.43196359276771545,0.08839494735002518,0.9070339798927307,0.33763277530670166,0.442280650138855,0.37800949811935425,0.21338452398777008,0.28267279267311096,0.5887842774391174,-0.03272530809044838,0.9997900128364563,0.3387461006641388,0.592330276966095,0.03270798921585083,0.9996413588523865,0.2916496694087982,0.659644365310669,-0.015997186303138733,0.9065458178520203,0.34266048669815063,0.6604289412498474,0.08186011761426926,0.6903213262557983,0.3147892951965332,0.7321912050247192,-0.03460768237709999,0.9597216248512268,0.3398192524909973,0.7319214940071106,0.10328125953674316,0.7953556776046753,0.320122629404068,0.7420099973678589,-0.034904807806015015,0.9359378814697266,0.3448750972747803,0.7402536869049072,0.10389775782823563,0.8180987238883972,0.3116084039211273,0.7509371638298035,-0.07652994990348816,0.9282421469688416,0.3334740102291107,0.7416385412216187,0.06954777985811234,0.7458223104476929
125,0.34404176473617554,0.45922526717185974,0.11356068402528763,0.9985107779502869,0.3412212133407593,0.45213159918785095,0.0798739418387413,0.9985171556472778,0.339695006608963,0.45198729634284973,0.0798284113407135,0.9984923601150513,0.3379087746143341,0.45193472504615784,0.0798315480351448,0.9984979629516602,0.35110926628112793,0.4552396535873413,0.09971875697374344,0.9978601932525635,0.3575196862220764,0.45750007033348083,0.0996326431632042,0.9972530007362366,0.3594266474246979,0.45806196331977844,0.09960747510194778,0.9974232316017151,0.3370293974876404,0.4550269544124603,-0.03902112692594528,0.9974899888038635,0.3641570508480072,0.46151283383369446,0.05050055682659149,0.9970870018005371,0.33659201860427856,0.4631684124469757,0.0757729560136795,0.9960193634033203,0.3482966423034668,0.46516650915145874,0.10181515663862228,0.9962464570999146,0.3003973662853241,0.4804537892341614,-0.10102000832557678,0.9990528225898743,0.39382627606391907,0.4931163489818573,0.05898113548755646,0.9969916939735413,0.2461797147989273,0.4563882052898407,-0.08130283653736115,0.9809897541999817,0.36572644114494324,0.487721711397171,0.18164627254009247,0.2397964596748352,0.3023426830768585,0.4320211410522461,0.01871563121676445,0.9282869696617126,0.34625446796417236,0.44640052318573,0.2924644947052002,0.17689906060695648,0.31361058354377747,0.42361611127853394,0.011639184318482876,0.9134182333946228,0.3385666012763977,0.435141384601593,0.3015557825565338,0.19460484385490417,0.3233644366264343,0.4289817810058594,-0.01173997949808836,0.9107229113578796,0.3397262990474701,0.4370217025279999,0.2865166962146759,0.19748751819133759,0.3223172128200531,0.4315004050731659,0.011036885902285576,0.9006813168525696,0.3379245698451996,0.43903377652168274,0.2865588366985321,0.21130971610546112,0.28471001982688904,0.5893632173538208,-0.03297312185168266,0.999785304069519,0.33834174275398254,0.5939745306968689,0.032979827374219894,0.9996380805969238,0.2944587171077728,0.6600610017776489,-0.008632462471723557,0.9010665416717529,0.34360894560813904,0.6606560945510864,0.08735247701406479,0.6867823004722595,0.3182307779788971,0.7307207584381104,-0.00754304276779294,0.9574708342552185,0.3394432067871094,0.7307577729225159,0.13126839697360992,0.7920786142349243,0.31908732652664185,0.7376930117607117,-0.007320718374103308,0.9307491779327393,0.3459126651287079,0.7407147288322449,0.1329462081193924,0.8130199313163757,0.31941261887550354,0.7466516494750977,-0.059500765055418015,0.9251630306243896,0.3338899612426758,0.7414914965629578,0.09106241166591644,0.7425993084907532
126,0.34236088395118713,0.459618479013443,0.1145717054605484,0.9984483122825623,0.34035301208496094,0.4528532922267914,0.0812009871006012,0.9984416961669922,0.33913150429725647,0.4527588188648224,0.0811445340514183,0.9984209537506104,0.33761903643608093,0.45271748304367065,0.08113802224397659,0.9984288215637207,0.35053011775016785,0.45611971616744995,0.10094114392995834,0.9977484941482544,0.3545789122581482,0.4566566050052643,0.10085657984018326,0.9971068501472473,0.35749709606170654,0.4580382704734802,0.10082723200321198,0.9972920417785645,0.3374551832675934,0.45570310950279236,-0.036589376628398895,0.9973356127738953,0.3583924472332001,0.46057432889938354,0.05261721834540367,0.9969423413276672,0.3363186717033386,0.46392667293548584,0.07716794312000275,0.9958493709564209,0.3470384180545807,0.46574681997299194,0.10309796780347824,0.9960678219795227,0.3058868646621704,0.4818025827407837,-0.09734707325696945,0.9989797472953796,0.39167049527168274,0.4925699830055237,0.06005372107028961,0.9967944622039795,0.24717268347740173,0.45679187774658203,-0.08162487298250198,0.9798761606216431,0.36399030685424805,0.48771601915359497,0.19197526574134827,0.24029529094696045,0.30145564675331116,0.4314527213573456,0.014445741660892963,0.9226881265640259,0.3438172936439514,0.44633033871650696,0.31634822487831116,0.17516745626926422,0.31256023049354553,0.42522528767585754,0.007842459715902805,0.9070406556129456,0.33576610684394836,0.43447762727737427,0.3277287483215332,0.192588210105896,0.3237021267414093,0.42841532826423645,-0.015218068845570087,0.9043853282928467,0.3371441662311554,0.43653830885887146,0.3124275207519531,0.19546668231487274,0.32205772399902344,0.43338802456855774,0.006770710460841656,0.8941307067871094,0.3349495232105255,0.44114989042282104,0.31085720658302307,0.20894216001033783,0.2842801809310913,0.5895207524299622,-0.03445114195346832,0.9997805953025818,0.332596093416214,0.5926942825317383,0.03443939983844757,0.999631941318512,0.29377928376197815,0.6609585881233215,-0.00972701981663704,0.8979184031486511,0.3434814214706421,0.6611953973770142,0.08491827547550201,0.6857733726501465,0.31685903668403625,0.7308064103126526,-0.011866173706948757,0.9559115171432495,0.3362700045108795,0.7314943671226501,0.12652550637722015,0.7907856106758118,0.3188856840133667,0.7378702163696289,-0.01182603184133768,0.9266706109046936,0.3399367332458496,0.740700900554657,0.12807145714759827,0.8095254302024841,0.3077436685562134,0.7432359457015991,-0.06437085568904877,0.9231182932853699,0.3366859555244446,0.744361937046051,0.08595545589923859,0.7418730854988098
127,0.3452998995780945,0.4600156545639038,0.13893765211105347,0.9983985424041748,0.34171709418296814,0.45516490936279297,0.10342731326818466,0.9983811378479004,0.33997994661331177,0.4549073874950409,0.10336823761463165,0.9983673691749573,0.33797121047973633,0.4546629786491394,0.10336429625749588,0.9983723759651184,0.35165485739707947,0.4578488767147064,0.1237073540687561,0.9976625442504883,0.3540937006473541,0.45840585231781006,0.123616524040699,0.9970018863677979,0.35982683300971985,0.46001142263412476,0.12360171228647232,0.9971891045570374,0.3370327949523926,0.45701345801353455,-0.02419416606426239,0.9972370862960815,0.36492449045181274,0.46305403113365173,0.06696674972772598,0.9968348145484924,0.33687591552734375,0.46558985114097595,0.09798429906368256,0.995744526386261,0.3485736846923828,0.46769943833351135,0.12451247870922089,0.9959520697593689,0.2997840344905853,0.4818055331707001,-0.08953376859426498,0.9989731311798096,0.3933575749397278,0.4943070709705353,0.072905533015728,0.9967581033706665,0.24704673886299133,0.45672300457954407,-0.04711603373289108,0.9793984889984131,0.36736685037612915,0.4907776415348053,0.20875443518161774,0.23950983583927155,0.30343684554100037,0.43129873275756836,0.08234202861785889,0.9204113483428955,0.34420257806777954,0.4489659070968628,0.3352157473564148,0.17267678678035736,0.31481292843818665,0.423461377620697,0.08186757564544678,0.904536783695221,0.3391391932964325,0.4356360137462616,0.35050302743911743,0.18988333642482758,0.32406085729599,0.42898041009902954,0.05827370285987854,0.9019050598144531,0.33981218934059143,0.43722161650657654,0.333059161901474,0.19279968738555908,0.32280561327934265,0.43117162585258484,0.07579999417066574,0.8915351629257202,0.33760589361190796,0.441474974155426,0.32913413643836975,0.2062453180551529,0.2833031713962555,0.5896775722503662,-0.03549085557460785,0.9997825622558594,0.33760324120521545,0.5948705673217773,0.03548093140125275,0.9996355175971985,0.2915232181549072,0.6595780849456787,-0.017673369497060776,0.8964518904685974,0.34179913997650146,0.6628913879394531,0.0807022675871849,0.6845905780792236,0.31688621640205383,0.7302038669586182,-0.03498081862926483,0.9554122686386108,0.33768001198768616,0.7313247323036194,0.11098060011863708,0.7888913154602051,0.32281965017318726,0.7378361821174622,-0.03627310320734978,0.9247915744781494,0.3432990610599518,0.7424215078353882,0.11187554150819778,0.8070585131645203,0.31406402587890625,0.7455305457115173,-0.08734415471553802,0.9225346446037292,0.3337935209274292,0.7435486912727356,0.07340873032808304,0.740523099899292
128,0.34377342462539673,0.4636169970035553,0.1485743522644043,0.9984538555145264,0.34046101570129395,0.45662009716033936,0.11161433160305023,0.9984381198883057,0.33848440647125244,0.456238716840744,0.11156930029392242,0.9984276294708252,0.33628782629966736,0.45588141679763794,0.11158709973096848,0.9984280467033386,0.3513874113559723,0.4595464766025543,0.1325671374797821,0.9977537393569946,0.35781407356262207,0.46130430698394775,0.13247381150722504,0.9971209764480591,0.3602331280708313,0.46170929074287415,0.132476344704628,0.9972930550575256,0.33533012866973877,0.45872464776039124,-0.020635047927498817,0.9973503351211548,0.36571159958839417,0.46451446413993835,0.07307971268892288,0.9969749450683594,0.33489736914634705,0.4673880934715271,0.10592524707317352,0.9959026575088501,0.34694910049438477,0.46962442994117737,0.1331874132156372,0.9961038827896118,0.300068199634552,0.48167869448661804,-0.08989204466342926,0.9990074634552002,0.3965710401535034,0.4949827790260315,0.08157695829868317,0.9968510866165161,0.24713847041130066,0.456932932138443,-0.047056928277015686,0.9800114631652832,0.37180930376052856,0.49011194705963135,0.22886967658996582,0.24126070737838745,0.3011793792247772,0.43178310990333557,0.08784189075231552,0.9214518070220947,0.3473718464374542,0.4486648142337799,0.36135292053222656,0.1716928482055664,0.31203123927116394,0.4234252870082855,0.08835786581039429,0.9054945707321167,0.339713454246521,0.43601417541503906,0.37869617342948914,0.1886645257472992,0.3220043480396271,0.42622342705726624,0.06504403054714203,0.9028605222702026,0.3400573134422302,0.4376674294471741,0.36078789830207825,0.19161781668663025,0.31647077202796936,0.4307105839252472,0.0816190168261528,0.8926077485084534,0.33801186084747314,0.4418359398841858,0.35545068979263306,0.20501238107681274,0.28137847781181335,0.5882309079170227,-0.03760848566889763,0.9997853636741638,0.3381584584712982,0.5923611521720886,0.037609029561281204,0.9996393918991089,0.2893660366535187,0.658568263053894,-0.027385318651795387,0.8971521258354187,0.34347954392433167,0.6603204607963562,0.07940977811813354,0.6848723888397217,0.3141910135746002,0.7300674319267273,-0.04180595651268959,0.955522358417511,0.33823543787002563,0.7292495369911194,0.09880225360393524,0.7893260717391968,0.3155509829521179,0.7375278472900391,-0.041830603033304214,0.9254124760627747,0.34200483560562134,0.7409487962722778,0.09906025230884552,0.8084069490432739,0.30375388264656067,0.7425480484962463,-0.08161528408527374,0.922434389591217,0.32646021246910095,0.7415667176246643,0.06613005697727203,0.7403541803359985
129,0.34714680910110474,0.4598049521446228,0.13484229147434235,0.9985461235046387,0.34392884373664856,0.45428916811943054,0.09667028486728668,0.9985363483428955,0.34177324175834656,0.4541625678539276,0.09662772715091705,0.9985260367393494,0.339274525642395,0.4540785551071167,0.0966373011469841,0.9985236525535583,0.35524025559425354,0.45713961124420166,0.11857742071151733,0.997904360294342,0.3616704046726227,0.45918336510658264,0.11848554015159607,0.9973161220550537,0.36451658606529236,0.4599851369857788,0.11849416792392731,0.9974725246429443,0.33692023158073425,0.45735135674476624,-0.03723234310746193,0.997527539730072,0.370166152715683,0.4642971158027649,0.060629695653915405,0.9971910119056702,0.3377555012702942,0.4657956063747406,0.0915984958410263,0.9961508512496948,0.3506994843482971,0.4682108759880066,0.12003621459007263,0.9963569641113281,0.30109918117523193,0.48286110162734985,-0.10808776319026947,0.9990466833114624,0.39432966709136963,0.4968704283237457,0.07637403160333633,0.9969809651374817,0.24123848974704742,0.4568520784378052,-0.06959555298089981,0.9809187650680542,0.3713533878326416,0.48932647705078125,0.23928432166576385,0.23929840326309204,0.3048693537712097,0.4284761846065521,0.05495356768369675,0.9240986108779907,0.3488679528236389,0.44938284158706665,0.3758907914161682,0.1700073629617691,0.3098127841949463,0.42063990235328674,0.053178466856479645,0.9086642861366272,0.34225600957870483,0.43553683161735535,0.39315423369407654,0.1876613050699234,0.31967777013778687,0.42319896817207336,0.028448006138205528,0.9060192108154297,0.3417084217071533,0.4369339942932129,0.373751163482666,0.19064830243587494,0.3185487389564514,0.4286681115627289,0.04800131171941757,0.8960914611816406,0.33969494700431824,0.441396564245224,0.3694644868373871,0.20429706573486328,0.2818518579006195,0.5922163128852844,-0.038910143077373505,0.9997913241386414,0.3397925794124603,0.5945513248443604,0.03894792124629021,0.999647855758667,0.29000988602638245,0.6602341532707214,-0.00483021792024374,0.9010288119316101,0.34716546535491943,0.6612111926078796,0.11025404930114746,0.6850489377975464,0.3187692165374756,0.7308966517448425,-0.007981440983712673,0.9571301937103271,0.34118330478668213,0.7292208075523376,0.13887479901313782,0.7901670336723328,0.3209179937839508,0.7407711744308472,-0.006796188652515411,0.929156482219696,0.3426961600780487,0.7377273440361023,0.140223890542984,0.812396228313446,0.3101920485496521,0.7491714358329773,-0.04508347809314728,0.9245168566703796,0.3383256196975708,0.7385417222976685,0.11259562522172928,0.7407329082489014
130,0.34523114562034607,0.4649945795536041,0.14608068764209747,0.9986259341239929,0.3443865478038788,0.45893213152885437,0.10999885946512222,0.9986180663108826,0.3415190279483795,0.4582843482494354,0.10994907468557358,0.9986062049865723,0.33860087394714355,0.45774421095848083,0.1099545881152153,0.9986023306846619,0.35683342814445496,0.46244004368782043,0.12943927943706512,0.9980323910713196,0.36026570200920105,0.46344172954559326,0.1293485164642334,0.9974787831306458,0.3629642724990845,0.46412935853004456,0.1293688714504242,0.9976218938827515,0.3335893154144287,0.46023276448249817,-0.018850838765501976,0.9976836442947388,0.3679381310939789,0.4690309166908264,0.06779360771179199,0.9973641037940979,0.3383934795856476,0.46950972080230713,0.10449763387441635,0.9963745474815369,0.34894436597824097,0.47189459204673767,0.129606232047081,0.9965798258781433,0.29878178238868713,0.4834606349468231,-0.08935217559337616,0.9990935325622559,0.39265528321266174,0.4983210861682892,0.07614587992429733,0.9971157908439636,0.246909499168396,0.4561847448348999,-0.03945925086736679,0.9812347888946533,0.3694515526294708,0.48960912227630615,0.20855611562728882,0.24971742928028107,0.3002515435218811,0.43301498889923096,0.09178394079208374,0.9248257875442505,0.3448617160320282,0.44985145330429077,0.3184308409690857,0.176055446267128,0.30545902252197266,0.4256121516227722,0.09199389070272446,0.909371554851532,0.33812054991722107,0.43691131472587585,0.33271872997283936,0.1936320960521698,0.31648463010787964,0.42924901843070984,0.06920702755451202,0.9065963625907898,0.3383499085903168,0.4386935234069824,0.31353846192359924,0.1966879516839981,0.315496563911438,0.43203696608543396,0.08588488399982452,0.8968999981880188,0.3362342119216919,0.44306957721710205,0.31142857670783997,0.21053574979305267,0.28095418214797974,0.5908180475234985,-0.03585405275225639,0.9997979998588562,0.33566951751708984,0.5938480496406555,0.03590061515569687,0.9996599555015564,0.291511595249176,0.6591690182685852,-0.024256495758891106,0.9034035205841064,0.34534546732902527,0.6600849032402039,0.08137959241867065,0.6875574588775635,0.3178463280200958,0.7292964458465576,-0.037656866014003754,0.9574559926986694,0.3384084105491638,0.7301568388938904,0.09590346366167068,0.7919230461120605,0.3231024444103241,0.735666811466217,-0.03746955841779709,0.9305285811424255,0.3371550142765045,0.7353391051292419,0.09608280658721924,0.8148430585861206,0.3154327869415283,0.7442082166671753,-0.07270342856645584,0.9249612092971802,0.33771881461143494,0.7431859374046326,0.06786108016967773,0.742120623588562
131,0.3461352586746216,0.46621468663215637,0.144414484500885,0.9987211227416992,0.34591203927993774,0.46103212237358093,0.10747301578521729,0.9987155199050903,0.34315964579582214,0.4604329466819763,0.10742633789777756,0.9987015724182129,0.3401539623737335,0.4598144292831421,0.1074465811252594,0.9986971616744995,0.35709303617477417,0.4637465476989746,0.12781788408756256,0.9981788992881775,0.35996565222740173,0.4643987715244293,0.12771478295326233,0.9976639747619629,0.3647279441356659,0.46539992094039917,0.12773802876472473,0.9977948069572449,0.3339669704437256,0.46194618940353394,-0.023956304416060448,0.9978578090667725,0.3666943311691284,0.46933451294898987,0.0667264461517334,0.9975636601448059,0.33914294838905334,0.4704535901546478,0.10216937214136124,0.9966310858726501,0.35186073184013367,0.47252628207206726,0.12843860685825348,0.9968314170837402,0.2993457615375519,0.4833405315876007,-0.09525055438280106,0.9991393685340881,0.3928321897983551,0.49765971302986145,0.0774330198764801,0.9972818493843079,0.24607272446155548,0.45675531029701233,-0.05149710923433304,0.9813328385353088,0.3697183430194855,0.48694726824760437,0.21238601207733154,0.2603192627429962,0.29998695850372314,0.43323808908462524,0.0780959278345108,0.9233928918838501,0.34604668617248535,0.44830578565597534,0.31903648376464844,0.1809573918581009,0.3121454119682312,0.42305687069892883,0.07562896609306335,0.9076090455055237,0.34024012088775635,0.4360981583595276,0.33223459124565125,0.198320671916008,0.32169365882873535,0.4292682409286499,0.052438270300626755,0.9046505689620972,0.34046047925949097,0.4379584491252899,0.313429594039917,0.20144210755825043,0.3204590082168579,0.4322949945926666,0.0715886652469635,0.895134449005127,0.3376988470554352,0.44279974699020386,0.3119872808456421,0.2154199331998825,0.2811571955680847,0.5901051163673401,-0.039303991943597794,0.9998032450675964,0.3373064696788788,0.5931293964385986,0.03936849161982536,0.9996711015701294,0.28924721479415894,0.6587035655975342,-0.01462014764547348,0.9049021601676941,0.3446945548057556,0.6592555642127991,0.09449036419391632,0.6879111528396606,0.3154515326023102,0.7289845943450928,-0.031508661806583405,0.9574857354164124,0.3374944031238556,0.7283804416656494,0.11189711093902588,0.7931817173957825,0.31674256920814514,0.7375333905220032,-0.03166276961565018,0.9315375089645386,0.3364340662956238,0.7341198325157166,0.11274063587188721,0.8185888528823853,0.30685287714004517,0.740390956401825,-0.06234326586127281,0.924716055393219,0.3312707245349884,0.7367976307868958,0.09213343262672424,0.7429679036140442
132,0.3437635004520416,0.4615462124347687,0.14866144955158234,0.9987033009529114,0.34408649802207947,0.4574151933193207,0.11315840482711792,0.9986888766288757,0.34184765815734863,0.4569428265094757,0.11310025304555893,0.9986748695373535,0.3364112377166748,0.45592108368873596,0.11310553550720215,0.9986713528633118,0.35126152634620667,0.45893388986587524,0.13341224193572998,0.9981544613838196,0.35788431763648987,0.4604005813598633,0.13332326710224152,0.9976357221603394,0.36024340987205505,0.46076348423957825,0.13333065807819366,0.9977689385414124,0.33511707186698914,0.45808663964271545,-0.013719676062464714,0.9978403449058533,0.3667304515838623,0.46444594860076904,0.07730786502361298,0.9975494742393494,0.3379594683647156,0.4677583575248718,0.10812033712863922,0.9965552687644958,0.34664562344551086,0.46927401423454285,0.13447391986846924,0.9967614412307739,0.30398494005203247,0.4828367829322815,-0.08053024113178253,0.9991099238395691,0.3950566053390503,0.4950447678565979,0.0856943428516388,0.9972558617591858,0.24682670831680298,0.4564353823661804,-0.03491472080349922,0.9810218811035156,0.37100815773010254,0.48992449045181274,0.2300179898738861,0.26144081354141235,0.3020521104335785,0.43165671825408936,0.10221992433071136,0.9202182292938232,0.3456374704837799,0.4497009217739105,0.3591257333755493,0.17875219881534576,0.3134860098361969,0.42422419786453247,0.10256190598011017,0.9037340879440308,0.33939123153686523,0.4358103573322296,0.37521421909332275,0.1958443969488144,0.323562890291214,0.42717376351356506,0.07924327254295349,0.9008268117904663,0.3401479721069336,0.4376370310783386,0.3572938144207001,0.19900521636009216,0.32144659757614136,0.4323897361755371,0.09599465876817703,0.8911786079406738,0.3376828730106354,0.44235119223594666,0.3530552089214325,0.2126879245042801,0.28018563985824585,0.5884889364242554,-0.03636026382446289,0.9997960329055786,0.33977171778678894,0.592549741268158,0.03639448061585426,0.9996654391288757,0.28699225187301636,0.6581551432609558,-0.026976067572832108,0.9016183614730835,0.3432433307170868,0.6605312824249268,0.08006653189659119,0.6865723133087158,0.3173789978027344,0.7302051186561584,-0.042978182435035706,0.9556558132171631,0.3388555943965912,0.7317633032798767,0.0942448228597641,0.791822612285614,0.31813904643058777,0.7374817132949829,-0.043237168341875076,0.9281445741653442,0.3409687876701355,0.743370771408081,0.09399303793907166,0.8163757920265198,0.31596824526786804,0.7444437742233276,-0.07887359708547592,0.9222732186317444,0.3302060663700104,0.7449072003364563,0.06311321258544922,0.7413436770439148
133,0.3531605005264282,0.46400609612464905,0.13743886351585388,0.9987217783927917,0.35264521837234497,0.46013763546943665,0.1010737270116806,0.9987112879753113,0.3496285080909729,0.45997947454452515,0.10101394355297089,0.9986971020698547,0.3463098406791687,0.4574436545372009,0.10101193934679031,0.9986903667449951,0.36389458179473877,0.46255192160606384,0.12020150572061539,0.9981958270072937,0.36637580394744873,0.4632489085197449,0.12010180205106735,0.9976894855499268,0.3713330924510956,0.4645691215991974,0.12008972465991974,0.9978172779083252,0.3429093658924103,0.4608714282512665,-0.026989931240677834,0.9978873133659363,0.3715862035751343,0.46800288558006287,0.058143388479948044,0.9976227283477783,0.3428608179092407,0.4682455062866211,0.09647113084793091,0.9966163635253906,0.3559160530567169,0.4693227708339691,0.12119040638208389,0.9968430995941162,0.30015501379966736,0.48301756381988525,-0.09297309070825577,0.9991114139556885,0.3955296277999878,0.49781331419944763,0.06842337548732758,0.9972619414329529,0.2402072697877884,0.4577691853046417,-0.04690587520599365,0.9809004068374634,0.36778104305267334,0.49105995893478394,0.22271651029586792,0.2600895166397095,0.30275991559028625,0.43217673897743225,0.07909803092479706,0.9184128642082214,0.3429986536502838,0.45081785321235657,0.3679875135421753,0.17634476721286774,0.31246647238731384,0.4255976974964142,0.0796184316277504,0.9017461538314819,0.34219834208488464,0.44064202904701233,0.3865945637226105,0.1935863494873047,0.31756457686424255,0.4308989644050598,0.05425520986318588,0.8988428115844727,0.3346545100212097,0.4405513107776642,0.3678334355354309,0.1967872530221939,0.3167445659637451,0.43367207050323486,0.07184666395187378,0.8891675472259521,0.33292850852012634,0.44285377860069275,0.3622601628303528,0.21029214560985565,0.28298449516296387,0.590802013874054,-0.034154634922742844,0.9997940063476562,0.33898410201072693,0.5955633521080017,0.03414825722575188,0.9996609091758728,0.2911711037158966,0.6596969366073608,-0.011398248374462128,0.9021737575531006,0.3443506956100464,0.6614151000976562,0.08668293058872223,0.6850646734237671,0.3158336579799652,0.7316348552703857,-0.02957082912325859,0.955955982208252,0.34073176980018616,0.7321997880935669,0.10902721434831619,0.7914777994155884,0.31688880920410156,0.7407929301261902,-0.02974908985197544,0.9285202622413635,0.33953094482421875,0.7382037043571472,0.10980906337499619,0.8164421916007996,0.3046634793281555,0.7418733239173889,-0.06939087063074112,0.9224662780761719,0.33120158314704895,0.7399833798408508,0.07845599204301834,0.7407751083374023
134,0.3443506360054016,0.46419793367385864,0.12765821814537048,0.9987807273864746,0.34102773666381836,0.458608478307724,0.09058894217014313,0.9987720251083374,0.3389093577861786,0.45825523138046265,0.09054224193096161,0.9987578392028809,0.3365517258644104,0.4579136073589325,0.09055449068546295,0.9987500905990601,0.3519783616065979,0.4598935544490814,0.11347062140703201,0.9982888698577881,0.3578096032142639,0.4610033333301544,0.11339017003774643,0.9978068470954895,0.36028170585632324,0.4613034129142761,0.1134028434753418,0.9979248046875,0.3354475796222687,0.4599396884441376,-0.03947161138057709,0.9979971647262573,0.36500489711761475,0.4658805727958679,0.06314560025930405,0.997752845287323,0.33526360988616943,0.46950674057006836,0.08565855026245117,0.996782124042511,0.3471762537956238,0.47116586565971375,0.1154407411813736,0.9970077276229858,0.30213621258735657,0.4840780794620514,-0.11162368953227997,0.9991316795349121,0.3955465257167816,0.4971545934677124,0.0789291113615036,0.9973129034042358,0.24684789776802063,0.457985520362854,-0.0816812738776207,0.9815698862075806,0.36891213059425354,0.4902428388595581,0.21611344814300537,0.2581249475479126,0.3025110363960266,0.43154796957969666,0.04287285357713699,0.9199923276901245,0.3493124544620514,0.4516679048538208,0.32591480016708374,0.17430076003074646,0.31517040729522705,0.4216296970844269,0.038923610001802444,0.9034442901611328,0.34904953837394714,0.43909984827041626,0.3395994007587433,0.1917319893836975,0.32461288571357727,0.4293622672557831,0.016489945352077484,0.9005269408226013,0.3426252007484436,0.4399069547653198,0.3219531178474426,0.19493351876735687,0.32325154542922974,0.4315279424190521,0.036510322242975235,0.8910595774650574,0.3399558365345001,0.4440350830554962,0.319232314825058,0.20836764574050903,0.2829374074935913,0.5912687182426453,-0.04312436655163765,0.9997968077659607,0.3397824466228485,0.5943886637687683,0.043151021003723145,0.9996658563613892,0.29258325695991516,0.658851683139801,-0.01933959499001503,0.9037997126579285,0.3461607098579407,0.6608325242996216,0.10374279320240021,0.6845320463180542,0.31850120425224304,0.7294303774833679,-0.012269522063434124,0.9561567306518555,0.33950644731521606,0.7318586111068726,0.12907718122005463,0.7927337884902954,0.319527804851532,0.7374784350395203,-0.010052666999399662,0.9296584129333496,0.3427515923976898,0.741226851940155,0.12986916303634644,0.818405270576477,0.30801305174827576,0.7421855926513672,-0.04269957169890404,0.922353982925415,0.3279018700122833,0.7411715388298035,0.10117833316326141,0.7411425113677979
135,0.3406205475330353,0.4614003300666809,0.12885893881320953,0.9988242983818054,0.34106314182281494,0.45586034655570984,0.0902184471487999,0.9988263845443726,0.33905526995658875,0.45562928915023804,0.09015669673681259,0.9988110065460205,0.33676424622535706,0.45538488030433655,0.09017311036586761,0.998805046081543,0.3512739837169647,0.4579688012599945,0.11285298317670822,0.9983721375465393,0.3541302978992462,0.45856186747550964,0.11275985836982727,0.9979172945022583,0.35976871848106384,0.45983850955963135,0.1127583310008049,0.998029887676239,0.3349510133266449,0.458685964345932,-0.04390636458992958,0.9980949759483337,0.363327294588089,0.46460971236228943,0.057703472673892975,0.9978752732276917,0.3357659578323364,0.46796876192092896,0.0860792025923729,0.9968926310539246,0.347243994474411,0.469541072845459,0.11552844941616058,0.9971185326576233,0.3023710548877716,0.4836631417274475,-0.10754837095737457,0.9991345405578613,0.3927091062068939,0.4962475001811981,0.076190285384655,0.997365415096283,0.2491263747215271,0.4576297402381897,-0.06505703181028366,0.9821861982345581,0.3750946521759033,0.49531489610671997,0.24874790012836456,0.2516215741634369,0.30531466007232666,0.4309719204902649,0.0626252144575119,0.9211004972457886,0.35063692927360535,0.4529023766517639,0.39880916476249695,0.16877257823944092,0.31241321563720703,0.4195028245449066,0.061246130615472794,0.9044159650802612,0.344674676656723,0.43761518597602844,0.4191651940345764,0.1864548623561859,0.3214162588119507,0.42717891931533813,0.03798096254467964,0.9016003608703613,0.34450414776802063,0.4393562376499176,0.40056824684143066,0.18961477279663086,0.3203558921813965,0.4298608899116516,0.056430697441101074,0.8919478058815002,0.34246787428855896,0.4436812400817871,0.39349842071533203,0.2027236968278885,0.2806816101074219,0.5927613377571106,-0.03762234002351761,0.999790370464325,0.3397131860256195,0.5947617888450623,0.03762131929397583,0.9996516108512878,0.2909941077232361,0.6617072224617004,0.0015224404633045197,0.9009709358215332,0.34606629610061646,0.661352276802063,0.11409616470336914,0.6803613305091858,0.3151809275150299,0.7317593097686768,-0.005516466218978167,0.9554635882377625,0.34275346994400024,0.7292633056640625,0.14263805747032166,0.7891698479652405,0.3205827474594116,0.7416074872016907,-0.0041883825324475765,0.9289577007293701,0.34265565872192383,0.7372555136680603,0.14466100931167603,0.8173447251319885,0.3114546835422516,0.7494307160377502,-0.03659067675471306,0.9205629825592041,0.3377050757408142,0.7373302578926086,0.12230034172534943,0.7365663051605225
136,0.3484145402908325,0.4658021926879883,0.14064306020736694,0.9988888502120972,0.3482266068458557,0.45980221033096313,0.10282053053379059,0.9988936185836792,0.34563255310058594,0.45921748876571655,0.10276531428098679,0.9988779425621033,0.34286370873451233,0.45870453119277954,0.10278471559286118,0.9988715052604675,0.35959234833717346,0.46259796619415283,0.12436516582965851,0.9984731078147888,0.362486869096756,0.46326491236686707,0.12426261603832245,0.998045027256012,0.36469563841819763,0.46371030807495117,0.12427298724651337,0.9981488585472107,0.33759570121765137,0.460931658744812,-0.02944963052868843,0.9982167482376099,0.36900919675827026,0.4670103192329407,0.06689530611038208,0.9980126023292542,0.34202390909194946,0.4702780544757843,0.09830407798290253,0.9970735311508179,0.3544590473175049,0.47264355421066284,0.1262126863002777,0.997292160987854,0.30213630199432373,0.48390594124794006,-0.0991736650466919,0.9991796016693115,0.3984423875808716,0.4976114332675934,0.08176439255475998,0.9975040555000305,0.24760499596595764,0.45779702067375183,-0.04976542294025421,0.9827696681022644,0.37433138489723206,0.4932055175304413,0.23155836760997772,0.2558624744415283,0.3016784191131592,0.43125420808792114,0.09095335006713867,0.9220748543739319,0.3516741693019867,0.45402050018310547,0.3531411588191986,0.16975528001785278,0.3132602572441101,0.4239746034145355,0.09120243787765503,0.9050746560096741,0.3494771122932434,0.4398593306541443,0.36959636211395264,0.1871964931488037,0.32323330640792847,0.4278244972229004,0.0679258331656456,0.9022248983383179,0.3425317108631134,0.4426601231098175,0.35132238268852234,0.1903848499059677,0.3208768963813782,0.43276846408843994,0.08501292765140533,0.892689049243927,0.3406587243080139,0.44458916783332825,0.34697043895721436,0.20324841141700745,0.28118765354156494,0.5905705094337463,-0.03975832834839821,0.9997937679290771,0.33793574571609497,0.5935943126678467,0.03977325186133385,0.9996581673622131,0.2845360040664673,0.65845787525177,-0.015266886912286282,0.9010396599769592,0.3451678156852722,0.6594887971878052,0.09978243708610535,0.6795838475227356,0.3143802583217621,0.728157639503479,-0.01556682400405407,0.9548078179359436,0.33691656589508057,0.728232204914093,0.1211276724934578,0.7893322110176086,0.31644919514656067,0.736194908618927,-0.013164268806576729,0.9286746978759766,0.3372952342033386,0.7352585196495056,0.12249314785003662,0.8188514113426208,0.3043917715549469,0.7435069680213928,-0.03688051179051399,0.9193550944328308,0.3272229731082916,0.7370613813400269,0.10133184492588043,0.7362887859344482
137,0.34553202986717224,0.4627867341041565,0.15142624080181122,0.9988652467727661,0.34242674708366394,0.45793670415878296,0.11532644927501678,0.9988675117492676,0.340648353099823,0.457512229681015,0.11528261005878448,0.9988566637039185,0.3386233150959015,0.45705991983413696,0.11528508365154266,0.9988477230072021,0.35268622636795044,0.4605935513973236,0.13429121673107147,0.9984365105628967,0.3586064279079437,0.46203452348709106,0.13420945405960083,0.9980068206787109,0.36135581135749817,0.46242478489875793,0.13421756029129028,0.9981088638305664,0.3374449610710144,0.45903417468070984,-0.014041814021766186,0.9981817007064819,0.36689555644989014,0.46550241112709045,0.07039834558963776,0.9979687929153442,0.3371983468532562,0.4678284227848053,0.10963544994592667,0.9970223903656006,0.3481980264186859,0.47019121050834656,0.13421447575092316,0.9972498416900635,0.3015742897987366,0.48219746351242065,-0.080352284014225,0.9991927146911621,0.3932741582393646,0.49544426798820496,0.07717037200927734,0.9975321292877197,0.2436021864414215,0.4587036073207855,-0.02475854754447937,0.9829273223876953,0.3661116063594818,0.49167200922966003,0.22380952537059784,0.2563537359237671,0.3001362681388855,0.43240034580230713,0.11304266005754471,0.9239498972892761,0.342734158039093,0.44921913743019104,0.3614963889122009,0.17077304422855377,0.3101584315299988,0.4239702820777893,0.11680562049150467,0.907476007938385,0.3428422808647156,0.43819087743759155,0.3808547854423523,0.18834374845027924,0.32084110379219055,0.42704927921295166,0.09247738867998123,0.9046761393547058,0.3370276987552643,0.438267320394516,0.36294296383857727,0.19152683019638062,0.3192741572856903,0.4322448670864105,0.10678303241729736,0.8952696323394775,0.3348619043827057,0.44280388951301575,0.3560487627983093,0.20470717549324036,0.2823968529701233,0.5887911319732666,-0.03208190202713013,0.9997992515563965,0.33819323778152466,0.5930382013320923,0.032086409628391266,0.9996694922447205,0.29091617465019226,0.6583253741264343,-0.033856071531772614,0.9025992155075073,0.34260016679763794,0.6603386402130127,0.06812030076980591,0.6838834285736084,0.3217427432537079,0.728594958782196,-0.046417348086833954,0.9553961157798767,0.3398229777812958,0.7310644388198853,0.07890313118696213,0.7911673188209534,0.32306045293807983,0.7374821901321411,-0.04639141634106636,0.9299629330635071,0.3393224775791168,0.7378976345062256,0.07801265269517899,0.8189697861671448,0.3164310157299042,0.7458169460296631,-0.08611200749874115,0.9207823872566223,0.3379802703857422,0.7463077306747437,0.04228945076465607,0.738446056842804
138,0.34664738178253174,0.46421754360198975,0.14160656929016113,0.9988831281661987,0.3472016453742981,0.4581558406352997,0.10481800138950348,0.9988876581192017,0.34486880898475647,0.45751580595970154,0.10476526618003845,0.9988758563995361,0.3423425555229187,0.45695194602012634,0.10476253926753998,0.9988660216331482,0.3586050271987915,0.4616527557373047,0.12429103255271912,0.9984714388847351,0.36152032017707825,0.46245235204696655,0.12420278787612915,0.9980514049530029,0.3637683391571045,0.46292656660079956,0.12421117722988129,0.9981477856636047,0.33697885274887085,0.45920827984809875,-0.02463558502495289,0.9982260465621948,0.36806720495224,0.46733391284942627,0.06223050504922867,0.9980162978172302,0.3405008912086487,0.46858182549476624,0.1001899242401123,0.9970846176147461,0.35334089398384094,0.47160804271698,0.1253933310508728,0.997314453125,0.2996889054775238,0.48366960883140564,-0.09170395135879517,0.9992132186889648,0.3952031433582306,0.4970875382423401,0.0722244381904602,0.9975736141204834,0.24807962775230408,0.4569227993488312,-0.04628520831465721,0.983147919178009,0.3706096112728119,0.491651713848114,0.22171467542648315,0.2561202347278595,0.3010099530220032,0.4322125017642975,0.07928328961133957,0.9256551265716553,0.3446091115474701,0.4503481090068817,0.35384154319763184,0.17112299799919128,0.3073499798774719,0.42252370715141296,0.0792904645204544,0.909448504447937,0.339070588350296,0.4369422197341919,0.3709774315357208,0.18888159096240997,0.3189789950847626,0.4258131980895996,0.05666211619973183,0.9066407084465027,0.33953657746315,0.4386473000049591,0.3518761992454529,0.19210341572761536,0.3170746862888336,0.43140143156051636,0.07328569144010544,0.8974009156227112,0.3373282253742218,0.4428529143333435,0.34761467576026917,0.20549628138542175,0.2823810577392578,0.5902529358863831,-0.03263652324676514,0.9998027682304382,0.33842116594314575,0.5949189066886902,0.032645296305418015,0.9996738433837891,0.2924763858318329,0.6594226956367493,-0.014953402802348137,0.9036170244216919,0.3450147807598114,0.6605898141860962,0.08564631640911102,0.6852515339851379,0.31786519289016724,0.7304612994194031,-0.022687792778015137,0.9558970332145691,0.34294193983078003,0.7295071482658386,0.10866985470056534,0.7914573550224304,0.3231850266456604,0.7380497455596924,-0.022015634924173355,0.9310298562049866,0.34944602847099304,0.7386819124221802,0.10951144248247147,0.8188950419425964,0.3127189874649048,0.7440418004989624,-0.06088167056441307,0.9215373396873474,0.3401001989841461,0.7414543628692627,0.07745124399662018,0.7383058071136475
139,0.3409269452095032,0.4648708701133728,0.13592536747455597,0.9989098310470581,0.34174349904060364,0.45943158864974976,0.09758833795785904,0.9989198446273804,0.3368149995803833,0.4583744704723358,0.0975562185049057,0.9989082217216492,0.33464378118515015,0.4579653739929199,0.09757379442453384,0.9988971948623657,0.3495160639286041,0.46117374300956726,0.12162087112665176,0.9985144138336182,0.3558695614337921,0.4624817967414856,0.1215464249253273,0.9981020092964172,0.3586174547672272,0.46289047598838806,0.12157291918992996,0.9981937408447266,0.33400508761405945,0.46056053042411804,-0.03837616369128227,0.9982866048812866,0.3653191030025482,0.4659172594547272,0.06914280354976654,0.9980843663215637,0.3327745199203491,0.4686497747898102,0.09179858863353729,0.9971907138824463,0.3443085551261902,0.4708506762981415,0.12308280169963837,0.9974169135093689,0.300469309091568,0.4832704961299896,-0.11452611535787582,0.9992404580116272,0.3954189121723175,0.4962526261806488,0.08633241802453995,0.9976189136505127,0.2483465075492859,0.4581890404224396,-0.08560419082641602,0.983912467956543,0.36841022968292236,0.48805955052375793,0.2278466671705246,0.25540047883987427,0.3012067377567291,0.43254032731056213,0.03877997025847435,0.9284854531288147,0.3454340100288391,0.4486354887485504,0.33205392956733704,0.17213724553585052,0.3063514828681946,0.4229958951473236,0.03546157106757164,0.9128345847129822,0.3397786319255829,0.4370167553424835,0.34590959548950195,0.19002826511859894,0.3179225027561188,0.42589348554611206,0.013768947683274746,0.9100057482719421,0.3404695987701416,0.43851885199546814,0.32769975066185,0.19320353865623474,0.31654927134513855,0.4313324987888336,0.03307018429040909,0.9010288715362549,0.33855295181274414,0.44269686937332153,0.3249635100364685,0.20704512298107147,0.28207695484161377,0.5897935032844543,-0.04844329133629799,0.9998027086257935,0.33956462144851685,0.5937844514846802,0.04849202185869217,0.9996694922447205,0.2936614751815796,0.6585780382156372,-0.03267251327633858,0.9070798754692078,0.3432447612285614,0.660015881061554,0.09642251580953598,0.6817620396614075,0.3221718370914459,0.7283765077590942,-0.04823307320475578,0.9571462869644165,0.34021493792533875,0.7289495468139648,0.11619085818529129,0.7887040376663208,0.3255157768726349,0.7367044687271118,-0.04870307818055153,0.9338578581809998,0.3423921763896942,0.7364852428436279,0.11623164266347885,0.8194889426231384,0.31347185373306274,0.745579719543457,-0.08844756335020065,0.9230743646621704,0.3319195508956909,0.7405365109443665,0.08843915909528732,0.7352749109268188
140,0.33836621046066284,0.46310892701148987,0.1329011172056198,0.9989346265792847,0.3402278423309326,0.45766809582710266,0.09520529210567474,0.9989486336708069,0.33841875195503235,0.45739251375198364,0.0951530858874321,0.9989408254623413,0.3363460898399353,0.45711198449134827,0.09515440464019775,0.9989271759986877,0.35106006264686584,0.4600556790828705,0.11926709115505219,0.9985577464103699,0.3539640009403229,0.4606364667415619,0.11918658763170242,0.9981579184532166,0.3599807322025299,0.4619697332382202,0.1191955953836441,0.9982421398162842,0.33620426058769226,0.4604038894176483,-0.03813427686691284,0.9983432292938232,0.36635318398475647,0.46548596024513245,0.06940742582082748,0.9981521964073181,0.33390185236930847,0.4682605564594269,0.08935345709323883,0.9972672462463379,0.34572634100914,0.47004473209381104,0.12062139064073563,0.9974941611289978,0.3021574020385742,0.48321402072906494,-0.11451640725135803,0.9992622137069702,0.3905576467514038,0.4963023066520691,0.0882592424750328,0.9976327419281006,0.24915051460266113,0.45684486627578735,-0.07422903925180435,0.9845860004425049,0.3695417046546936,0.4897850453853607,0.246647447347641,0.2500276565551758,0.3038257658481598,0.43112713098526,0.06493593007326126,0.9303292632102966,0.3488941192626953,0.44893115758895874,0.37906578183174133,0.1688065230846405,0.3142019808292389,0.4255021810531616,0.0649152547121048,0.9149660468101501,0.3414614498615265,0.4361583888530731,0.3981474041938782,0.18711213767528534,0.3237166106700897,0.4285353422164917,0.041302308440208435,0.9121495485305786,0.341422438621521,0.43760496377944946,0.3785748779773712,0.19029903411865234,0.3226597011089325,0.43085697293281555,0.058861684054136276,0.9033960103988647,0.3394606113433838,0.4418235719203949,0.3723835349082947,0.20415818691253662,0.2823961079120636,0.5895368456840515,-0.04789118468761444,0.9998073577880859,0.33839455246925354,0.5926660299301147,0.04790439456701279,0.9996743202209473,0.2926878333091736,0.6576747894287109,-0.03125622123479843,0.9105871319770813,0.34445643424987793,0.6591026186943054,0.10229004919528961,0.6812661290168762,0.31950148940086365,0.7277063131332397,-0.0357460081577301,0.9584648013114929,0.3414574861526489,0.7290993928909302,0.12138920277357101,0.7899771332740784,0.3246021568775177,0.7348011136054993,-0.03436579182744026,0.9363654851913452,0.34059280157089233,0.7363436818122864,0.12163142114877701,0.8217588067054749,0.3067992031574249,0.7391258478164673,-0.07075537741184235,0.9250179529190063,0.33501285314559937,0.7394037246704102,0.0916624367237091,0.7371912598609924
141,0.3456038236618042,0.4650035798549652,0.15305109322071075,0.9989566206932068,0.34582725167274475,0.45901793241500854,0.11566761881113052,0.9989737272262573,0.3431923985481262,0.4584231972694397,0.11560719460248947,0.998965859413147,0.338003545999527,0.4573759436607361,0.11560190469026566,0.9989514350891113,0.3580654263496399,0.4618864357471466,0.1361076831817627,0.9985998868942261,0.36164313554763794,0.46262434124946594,0.13601122796535492,0.9982126355171204,0.36457791924476624,0.4630986154079437,0.1360240876674652,0.9982907176017761,0.3359375596046448,0.4602757692337036,-0.01593557745218277,0.9983978271484375,0.3699324429035187,0.4677097201347351,0.07497161626815796,0.9982103109359741,0.33924394845962524,0.4696217179298401,0.11072739213705063,0.9973266124725342,0.34916532039642334,0.4716942012310028,0.1371098905801773,0.9975555539131165,0.3003615736961365,0.4830920994281769,-0.08683688193559647,0.9992847442626953,0.3951358497142792,0.49809858202934265,0.08716697990894318,0.9976833462715149,0.24881772696971893,0.4573674201965332,-0.02811477892100811,0.9848178029060364,0.3720945417881012,0.49272438883781433,0.24650703370571136,0.24941271543502808,0.3030310571193695,0.43229028582572937,0.11749058961868286,0.9312127232551575,0.34821709990501404,0.45236432552337646,0.3872285485267639,0.16790896654129028,0.3129776120185852,0.42604103684425354,0.12134753912687302,0.9159564971923828,0.34076154232025146,0.44011837244033813,0.407236784696579,0.1863728165626526,0.32271698117256165,0.4295976758003235,0.09688398987054825,0.9131390452384949,0.3407679796218872,0.44157490134239197,0.3875928223133087,0.18960332870483398,0.318037748336792,0.4315701425075531,0.1115906834602356,0.904505729675293,0.3394507169723511,0.4434417188167572,0.38113152980804443,0.20343057811260223,0.28084224462509155,0.5909149050712585,-0.036924660205841064,0.9998091459274292,0.33856266736984253,0.595174252986908,0.036922890692949295,0.9996767640113831,0.2908318340778351,0.6592811346054077,-0.019541654735803604,0.9117419719696045,0.3444279432296753,0.6600149273872375,0.09157451242208481,0.6822805404663086,0.3169868588447571,0.7307716012001038,-0.03243229165673256,0.9589220285415649,0.34276553988456726,0.7298251986503601,0.10569822788238525,0.7906094789505005,0.3225541114807129,0.7389801144599915,-0.03167613595724106,0.9374921917915344,0.3496546447277069,0.739292323589325,0.1059730127453804,0.8228614330291748,0.31350791454315186,0.7434718012809753,-0.06569620221853256,0.9256787896156311,0.3389914333820343,0.7414469122886658,0.07764958590269089,0.7376002073287964
142,0.34463074803352356,0.46553629636764526,0.1413177251815796,0.9990118145942688,0.34540292620658875,0.4595748782157898,0.10366301238536835,0.9990309476852417,0.34309259057044983,0.45889490842819214,0.10361005365848541,0.9990220069885254,0.3405393362045288,0.4582277536392212,0.10362754762172699,0.9990076422691345,0.35603463649749756,0.4624015688896179,0.1248197928071022,0.9986815452575684,0.35904648900032043,0.4630444645881653,0.12471342831850052,0.998314380645752,0.3614560663700104,0.46342211961746216,0.12472037971019745,0.9983863234519958,0.33655351400375366,0.4601424038410187,-0.029064565896987915,0.9984942078590393,0.3666175305843353,0.46758368611335754,0.06509824097156525,0.9983174800872803,0.3388286828994751,0.4697141945362091,0.09858852624893188,0.9974802732467651,0.347702294588089,0.47165828943252563,0.1259324550628662,0.997698187828064,0.3002135455608368,0.4835721552371979,-0.09980446100234985,0.9993202090263367,0.3961007595062256,0.49616777896881104,0.07839556783437729,0.9977930784225464,0.24790626764297485,0.4575102925300598,-0.05571145936846733,0.9850299954414368,0.3681510090827942,0.48987770080566406,0.2171795815229416,0.25682634115219116,0.30088716745376587,0.4321606457233429,0.07440164685249329,0.9312959909439087,0.3460090160369873,0.4480777680873871,0.3327041268348694,0.17174062132835388,0.3119547665119171,0.4229394197463989,0.07344421744346619,0.9157183170318604,0.3390430212020874,0.4363780617713928,0.3487343192100525,0.18956968188285828,0.3216584324836731,0.42892518639564514,0.05135094001889229,0.9128348231315613,0.3393900990486145,0.43815335631370544,0.3309198319911957,0.19272953271865845,0.3167010247707367,0.4312080144882202,0.06855764240026474,0.9042506814002991,0.33703020215034485,0.44268035888671875,0.32653146982192993,0.20648564398288727,0.28187981247901917,0.5898682475090027,-0.04022074118256569,0.9998139142990112,0.3382103145122528,0.593197762966156,0.04021448642015457,0.9996851086616516,0.28775447607040405,0.6577709317207336,-0.016086269170045853,0.9121110439300537,0.3432892858982086,0.6598091125488281,0.09474314004182816,0.6844682693481445,0.31560829281806946,0.7290067672729492,-0.02724887989461422,0.9587183594703674,0.3405384421348572,0.7309560179710388,0.11149169504642487,0.7925186157226562,0.3178829848766327,0.736325204372406,-0.02628587745130062,0.9374419450759888,0.33836787939071655,0.7363047003746033,0.11232835054397583,0.8253013491630554,0.3060806691646576,0.7400941252708435,-0.0548778660595417,0.9250473380088806,0.3359980583190918,0.7413484454154968,0.08903087675571442,0.7388917803764343
143,0.3440622389316559,0.4664188027381897,0.14872288703918457,0.9990416169166565,0.3455900549888611,0.4611692428588867,0.11032918840646744,0.9990624785423279,0.3430774211883545,0.4604904055595398,0.11027376353740692,0.9990559816360474,0.33779048919677734,0.4592134654521942,0.11028699576854706,0.9990382194519043,0.35668325424194336,0.4639175832271576,0.13364066183567047,0.9987268447875977,0.359737366437912,0.4645193815231323,0.13353270292282104,0.9983744025230408,0.36221933364868164,0.46483367681503296,0.13354048132896423,0.9984400868415833,0.3361789882183075,0.46163633465766907,-0.02567354217171669,0.998552143573761,0.36737334728240967,0.4689083397388458,0.07779473066329956,0.9983895421028137,0.3345543444156647,0.46975013613700867,0.10458503663539886,0.9975634217262268,0.3465576171875,0.47204267978668213,0.13466483354568481,0.9977871775627136,0.30217501521110535,0.4838787019252777,-0.10456415265798569,0.9993467330932617,0.3910040259361267,0.49797552824020386,0.10061872005462646,0.9978560209274292,0.24155570566654205,0.4568309783935547,-0.0525548942387104,0.9854843616485596,0.36465370655059814,0.49018383026123047,0.2562177777290344,0.2561534643173218,0.30363571643829346,0.4322162866592407,0.0948508009314537,0.9318995475769043,0.3461383879184723,0.44909757375717163,0.3845081031322479,0.17191728949546814,0.31382042169570923,0.42612865567207336,0.09584871679544449,0.9162933230400085,0.3414956331253052,0.4371227025985718,0.4034896492958069,0.19006836414337158,0.32396888732910156,0.4301420748233795,0.07092159241437912,0.913421094417572,0.3418881595134735,0.4388703405857086,0.38386106491088867,0.19330473244190216,0.31940463185310364,0.4320772588253021,0.08854765444993973,0.90493243932724,0.33976301550865173,0.44298774003982544,0.3779200613498688,0.20679061114788055,0.2805635929107666,0.5896358489990234,-0.05103249475359917,0.999817967414856,0.3391106426715851,0.5927103161811829,0.05104122683405876,0.9996916055679321,0.2865445017814636,0.6572521924972534,-0.03348452225327492,0.914631187915802,0.344333291053772,0.6592023372650146,0.10611901432275772,0.6823214888572693,0.314635306596756,0.7308219075202942,-0.048636212944984436,0.9595298767089844,0.3424205780029297,0.7298241853713989,0.11630129814147949,0.7934116721153259,0.3218908905982971,0.7393649220466614,-0.047672089189291,0.938715934753418,0.35215482115745544,0.7394984364509583,0.11620748043060303,0.8278226852416992,0.2986854612827301,0.7418842315673828,-0.07660317420959473,0.9261707663536072,0.3323744833469391,0.7398694157600403,0.09348747879266739,0.7404493093490601
144,0.34141838550567627,0.4606926739215851,0.1365080028772354,0.9990352392196655,0.3391358554363251,0.4558916389942169,0.09940517693758011,0.9990549683570862,0.33737796545028687,0.455637127161026,0.0993591919541359,0.9990513324737549,0.3353950083255768,0.45541146397590637,0.09937778115272522,0.9990343451499939,0.34963658452033997,0.45809563994407654,0.12313497811555862,0.9987131953239441,0.3523761034011841,0.45863229036331177,0.12304194271564484,0.998357355594635,0.3585965037345886,0.4599660336971283,0.12305358797311783,0.99842768907547,0.33509740233421326,0.45799827575683594,-0.031342968344688416,0.9985400438308716,0.36550652980804443,0.4638589322566986,0.07482174038887024,0.9983906745910645,0.3332810401916504,0.4664798974990845,0.09437765926122665,0.9975523948669434,0.3438819944858551,0.46820947527885437,0.12525388598442078,0.9977773427963257,0.30693647265434265,0.4824746549129486,-0.1051245927810669,0.9993458986282349,0.39466068148612976,0.4945054054260254,0.0967596173286438,0.9978412985801697,0.2475045919418335,0.45807892084121704,-0.06587792932987213,0.9856220483779907,0.36817944049835205,0.48902571201324463,0.2558186948299408,0.25100356340408325,0.3015325963497162,0.433186411857605,0.07092636078596115,0.9308188557624817,0.3448198735713959,0.4482857882976532,0.3849136531352997,0.1688026636838913,0.3136484920978546,0.4244276285171509,0.06897715479135513,0.9151799082756042,0.3405437767505646,0.4363921880722046,0.40190714597702026,0.18726368248462677,0.3241494596004486,0.4278540313243866,0.04485096037387848,0.912351131439209,0.3412194848060608,0.43810832500457764,0.3827304542064667,0.19048729538917542,0.3220386505126953,0.4329274892807007,0.06444202363491058,0.9038016200065613,0.3390527367591858,0.442621648311615,0.37821444869041443,0.20379631221294403,0.28235653042793274,0.5893173217773438,-0.0519840233027935,0.9998159408569336,0.34009960293769836,0.5938909649848938,0.05198853835463524,0.999686062335968,0.2927316725254059,0.6596466898918152,-0.03111967444419861,0.9152792096138,0.3429552912712097,0.6617103219032288,0.10475693643093109,0.6758664846420288,0.31739383935928345,0.7307369709014893,-0.05144622549414635,0.9598886370658875,0.3406229317188263,0.7313645482063293,0.12546049058437347,0.7905134558677673,0.32310885190963745,0.7407969832420349,-0.05208424851298332,0.938908576965332,0.3446192741394043,0.7428025603294373,0.12545038759708405,0.8264129161834717,0.305905282497406,0.7416236996650696,-0.09110849350690842,0.9265475869178772,0.3225311040878296,0.7424052953720093,0.09677008539438248,0.738478422164917
145,0.34439513087272644,0.4611676037311554,0.14782699942588806,0.9989298582077026,0.345333069562912,0.4573533833026886,0.11074833571910858,0.9989519119262695,0.3400138020515442,0.4559338688850403,0.11067542433738708,0.9989550113677979,0.3381893038749695,0.4556419551372528,0.1106620579957962,0.9989322423934937,0.35564059019088745,0.45890238881111145,0.132108673453331,0.9985662698745728,0.3594668507575989,0.4611608386039734,0.13200585544109344,0.9981734156608582,0.3618861138820648,0.46158263087272644,0.13198769092559814,0.9982520341873169,0.33809977769851685,0.4592043161392212,-0.022000370547175407,0.9983801245689392,0.3675713539123535,0.46474525332450867,0.0733323022723198,0.9982115030288696,0.33573678135871887,0.46657973527908325,0.10494913160800934,0.9973064661026001,0.34747999906539917,0.46885374188423157,0.13266116380691528,0.9975519776344299,0.30054742097854614,0.4820173680782318,-0.09631999582052231,0.9993259310722351,0.3912694454193115,0.49514898657798767,0.08527069538831711,0.9977367520332336,0.24103325605392456,0.4574437141418457,-0.0458139069378376,0.9850608706474304,0.36674007773399353,0.4876929521560669,0.2382591813802719,0.24819447100162506,0.30380892753601074,0.4321202337741852,0.09371408075094223,0.9283322095870972,0.3426351845264435,0.4476949870586395,0.3779227137565613,0.16693024337291718,0.30918312072753906,0.4253527522087097,0.09512802213430405,0.9124903678894043,0.33949345350265503,0.4351692497730255,0.39727795124053955,0.18548521399497986,0.3199063837528229,0.4283778965473175,0.07016249001026154,0.9096960425376892,0.3353874087333679,0.43618151545524597,0.37674784660339355,0.18881015479564667,0.318291038274765,0.4330802261829376,0.08721113950014114,0.901042640209198,0.3333255350589752,0.44067609310150146,0.37117937207221985,0.20197045803070068,0.2812720239162445,0.5895740389823914,-0.042322978377342224,0.9998176693916321,0.33489492535591125,0.5924639105796814,0.0423085018992424,0.9996888041496277,0.29395440220832825,0.6585032343864441,-0.02419200912117958,0.914686918258667,0.34202271699905396,0.6599305868148804,0.09355554729700089,0.6735246181488037,0.3200426697731018,0.728045642375946,-0.0396016426384449,0.9594767689704895,0.3406915068626404,0.728472113609314,0.11660069227218628,0.7881508469581604,0.3248591423034668,0.7364979386329651,-0.03943004459142685,0.9371767044067383,0.34038472175598145,0.7356755137443542,0.11738278716802597,0.823354959487915,0.3044252395629883,0.7420350909233093,-0.07994719594717026,0.926182210445404,0.32895606756210327,0.7402065992355347,0.08595854789018631,0.7372928857803345
146,0.3416713774204254,0.4636691212654114,0.14889903366565704,0.9989524483680725,0.3425159454345703,0.4583021104335785,0.11029631644487381,0.9989782571792603,0.337650865316391,0.45716848969459534,0.11025623977184296,0.9989833831787109,0.33553555607795715,0.4567561447620392,0.11026698350906372,0.9989593029022217,0.34972822666168213,0.459969162940979,0.13301271200180054,0.9985998272895813,0.35584667325019836,0.4613576829433441,0.13292129337787628,0.9982145428657532,0.3583119213581085,0.46171438694000244,0.13294288516044617,0.9982878565788269,0.3344249129295349,0.45964711904525757,-0.025881631299853325,0.9984303116798401,0.3645903468132019,0.46493008732795715,0.07502851635217667,0.9982671141624451,0.3362753093242645,0.4678899347782135,0.10488669574260712,0.997398316860199,0.34468674659729004,0.46964189410209656,0.13430184125900269,0.9976358413696289,0.29941898584365845,0.48230287432670593,-0.10221674293279648,0.9993551969528198,0.39421144127845764,0.4950445592403412,0.09464316815137863,0.997779369354248,0.24641913175582886,0.45801839232444763,-0.059491559863090515,0.9856977462768555,0.36798515915870667,0.4913589060306549,0.25204703211784363,0.2446010559797287,0.299638032913208,0.4330074191093445,0.0773206502199173,0.9308959245681763,0.3446456491947174,0.4494136869907379,0.37889179587364197,0.16595757007598877,0.3058196008205414,0.42299753427505493,0.07843411713838577,0.9155453443527222,0.3403741419315338,0.43635302782058716,0.3965541422367096,0.1848728060722351,0.3172314763069153,0.4288981258869171,0.05593119561672211,0.912731945514679,0.34096163511276245,0.43792426586151123,0.3778543174266815,0.18816544115543365,0.31613650918006897,0.43178606033325195,0.07195670902729034,0.9042909145355225,0.33825239539146423,0.44242334365844727,0.37241196632385254,0.20164074003696442,0.28342732787132263,0.5884471535682678,-0.0494537316262722,0.9998173713684082,0.3395306468009949,0.5919618606567383,0.049497488886117935,0.9996829032897949,0.2932172417640686,0.65755295753479,-0.03411571681499481,0.9181004762649536,0.3436417579650879,0.6583903431892395,0.09037350118160248,0.6710399985313416,0.3183607757091522,0.7302592992782593,-0.06504121422767639,0.9611062407493591,0.3398440182209015,0.7308706641197205,0.10545215755701065,0.7868175506591797,0.32440975308418274,0.7380224466323853,-0.06673849374055862,0.9400923252105713,0.34219348430633545,0.7376585006713867,0.10508525371551514,0.8247123956680298,0.30159932374954224,0.7430578470230103,-0.11093055456876755,0.928594708442688,0.331753671169281,0.7423433661460876,0.07476670295000076,0.7363263964653015
147,0.3441709578037262,0.46346980333328247,0.13398633897304535,0.9988685846328735,0.3461017608642578,0.4580959379673004,0.09727751463651657,0.9988889694213867,0.3407617211341858,0.4567949175834656,0.09722970426082611,0.9988951086997986,0.3388809263706207,0.4564582109451294,0.09722261130809784,0.9988665580749512,0.35394376516342163,0.4589220881462097,0.1189379096031189,0.9984644055366516,0.3597365915775299,0.46106722950935364,0.11885565519332886,0.9980436563491821,0.36201995611190796,0.4613364338874817,0.11884738504886627,0.9981188178062439,0.3383582830429077,0.4594734013080597,-0.03331834822893143,0.9982807636260986,0.3667983114719391,0.4653366506099701,0.0638943612575531,0.9980804324150085,0.33530139923095703,0.46724286675453186,0.09177139401435852,0.9972090125083923,0.346754252910614,0.4692382514476776,0.12006058543920517,0.9974494576454163,0.3009965717792511,0.48332512378692627,-0.10444454848766327,0.9993112683296204,0.39041438698768616,0.49458006024360657,0.07262977957725525,0.997635006904602,0.2402075082063675,0.4575154483318329,-0.08081414550542831,0.985091507434845,0.3646460473537445,0.4850150942802429,0.20058266818523407,0.24545323848724365,0.3010964095592499,0.4322836697101593,0.027439376339316368,0.9303058385848999,0.3401993215084076,0.44441038370132446,0.30817389488220215,0.1679205447435379,0.30644869804382324,0.4257486164569855,0.023432034999132156,0.9151779413223267,0.33874446153640747,0.43565860390663147,0.3206530809402466,0.1868019700050354,0.31864964962005615,0.42902401089668274,0.0005297647439874709,0.9123511910438538,0.3355490565299988,0.43655019998550415,0.3029527962207794,0.19010773301124573,0.31695565581321716,0.43346720933914185,0.02080107480287552,0.9038035273551941,0.33405864238739014,0.43858417868614197,0.30131474137306213,0.20390953123569489,0.283124178647995,0.5903211236000061,-0.03914305195212364,0.999816358089447,0.33528777956962585,0.5942584872245789,0.03913504630327225,0.9996815919876099,0.28854337334632874,0.660481333732605,-0.025505630299448967,0.9168562889099121,0.34377405047416687,0.65938401222229,0.08642150461673737,0.670407235622406,0.3183573782444,0.72931969165802,-0.03245248645544052,0.9604591727256775,0.3415873050689697,0.7292409539222717,0.11505065113306046,0.7840735912322998,0.32024475932121277,0.7366108298301697,-0.03228705748915672,0.9388280510902405,0.3409745693206787,0.7351284027099609,0.11575759947299957,0.8207849264144897,0.3067973554134369,0.7414138317108154,-0.07793231308460236,0.9274634122848511,0.330096036195755,0.7408321499824524,0.08013759553432465,0.7327655553817749
148,0.33720704913139343,0.45972633361816406,0.11577391624450684,0.9989258646965027,0.33839574456214905,0.4543159306049347,0.07745113968849182,0.99894779920578,0.3365571200847626,0.45411691069602966,0.0774126797914505,0.9989532828330994,0.33459708094596863,0.45392030477523804,0.07743898034095764,0.9989262819290161,0.3484451174736023,0.4561602771282196,0.10257668793201447,0.9985467791557312,0.3513733744621277,0.45670220255851746,0.10250678658485413,0.9981472492218018,0.3571684956550598,0.4578591287136078,0.10251881182193756,0.9982187151908875,0.33381497859954834,0.4572382867336273,-0.056329917162656784,0.9983733892440796,0.3608344793319702,0.4626156687736511,0.05616980791091919,0.99819415807724,0.3325752317905426,0.4663749635219574,0.07236766815185547,0.9973620772361755,0.3434997797012329,0.46816977858543396,0.10509929805994034,0.9975944757461548,0.30202656984329224,0.48270854353904724,-0.13037271797657013,0.9993213415145874,0.39417389035224915,0.49477633833885193,0.08103075623512268,0.9976599216461182,0.24645400047302246,0.4573063254356384,-0.10697371512651443,0.9858617186546326,0.3684854209423065,0.49097079038619995,0.23279812932014465,0.24219679832458496,0.3020080327987671,0.43109944462776184,0.010244404897093773,0.9325060844421387,0.3480982780456543,0.4512530565261841,0.3498910367488861,0.16586562991142273,0.31427547335624695,0.4246501326560974,0.0041413940489292145,0.9176218509674072,0.34426644444465637,0.4367513954639435,0.364408016204834,0.18503405153751373,0.32432445883750916,0.42861154675483704,-0.018994076177477837,0.9148588180541992,0.344879150390625,0.4385679364204407,0.34635019302368164,0.1883045881986618,0.32194218039512634,0.4330175518989563,0.003494824515655637,0.9064463376998901,0.342526376247406,0.44261884689331055,0.34319832921028137,0.2021043747663498,0.28522953391075134,0.5896548628807068,-0.052225444465875626,0.999815821647644,0.34110453724861145,0.5937554240226746,0.05226973071694374,0.9996791481971741,0.29517337679862976,0.6585263609886169,-0.022676756605505943,0.9186028838157654,0.3436870574951172,0.6595506072044373,0.11488979309797287,0.6671119332313538,0.3196185827255249,0.7273741960525513,-0.02223730832338333,0.9608737826347351,0.3392381966114044,0.7296261191368103,0.14188073575496674,0.7834501266479492,0.3248649835586548,0.7357974648475647,-0.020599378272891045,0.9401251077651978,0.338621586561203,0.7356690764427185,0.1425352841615677,0.8218238353729248,0.3059515655040741,0.7381590604782104,-0.054731886833906174,0.927592396736145,0.32224223017692566,0.7397720813751221,0.11617756634950638,0.7313566207885742
149,0.3381178379058838,0.45811086893081665,0.133085697889328,0.9988073706626892,0.3393169343471527,0.45244085788726807,0.09623078256845474,0.9988080263137817,0.33793994784355164,0.45235544443130493,0.0961841568350792,0.9988142848014832,0.3364036977291107,0.45224806666374207,0.09618619829416275,0.9987828731536865,0.3487696349620819,0.4544711410999298,0.11818991601467133,0.998335063457489,0.3513467609882355,0.4550398290157318,0.1181177869439125,0.997881293296814,0.35775941610336304,0.4564398229122162,0.11811613291501999,0.9979577660560608,0.3364836275577545,0.4559839963912964,-0.034329112619161606,0.9981332421302795,0.3607938885688782,0.4608859121799469,0.0647873505949974,0.9978854656219482,0.33479493856430054,0.46508094668388367,0.09123308211565018,0.9970722794532776,0.3450799286365509,0.4667957127094269,0.12004183977842331,0.9972752332687378,0.30133572220802307,0.48045188188552856,-0.1024046242237091,0.999250590801239,0.3917565643787384,0.49259620904922485,0.07177726179361343,0.9974963068962097,0.24075478315353394,0.4570493996143341,-0.07189498096704483,0.985155463218689,0.36987340450286865,0.485183984041214,0.18793918192386627,0.24810300767421722,0.30135011672973633,0.4310430586338043,0.04975780099630356,0.9313176870346069,0.34672144055366516,0.44731661677360535,0.28653964400291443,0.16944044828414917,0.3072429597377777,0.42406949400901794,0.04643804207444191,0.9162537455558777,0.3398161232471466,0.43600475788116455,0.2976062595844269,0.1875656545162201,0.3186604678630829,0.4274681806564331,0.024315577000379562,0.9135646820068359,0.3404347598552704,0.4377400577068329,0.280772864818573,0.19081124663352966,0.31649431586265564,0.43240371346473694,0.04375752434134483,0.9047672748565674,0.3390597105026245,0.439420223236084,0.2796984314918518,0.204451784491539,0.28476762771606445,0.5883170962333679,-0.03754805400967598,0.9998090267181396,0.33592018485069275,0.5916585326194763,0.037536073476076126,0.9996740818023682,0.29599153995513916,0.6583411693572998,-0.029394587501883507,0.9130988121032715,0.3455359637737274,0.6601967215538025,0.07780256122350693,0.6703417897224426,0.3219671845436096,0.7289605736732483,-0.028492268174886703,0.9587563276290894,0.3388453722000122,0.7302995324134827,0.10921017825603485,0.7849133610725403,0.3239654302597046,0.7370824217796326,-0.028005031868815422,0.9351933002471924,0.3411499559879303,0.7426409125328064,0.10991239547729492,0.8197706937789917,0.3123228847980499,0.7422224283218384,-0.07709840685129166,0.9248440265655518,0.32608848810195923,0.7434155941009521,0.06858233362436295,0.7325291633605957
150,0.3477805256843567,0.4617375135421753,0.13881395757198334,0.9988563656806946,0.349033921957016,0.4569806158542633,0.10147451609373093,0.998859703540802,0.34661877155303955,0.4562748074531555,0.10141398012638092,0.9988663196563721,0.3411451578140259,0.45483508706092834,0.10141552984714508,0.998835563659668,0.3606743812561035,0.4603809118270874,0.12167228758335114,0.9984123110771179,0.36393243074417114,0.4611610174179077,0.12156838178634644,0.9979805946350098,0.36653825640678406,0.46159985661506653,0.12156154215335846,0.9980529546737671,0.33960485458374023,0.45706164836883545,-0.02909092977643013,0.998217761516571,0.3711538314819336,0.4644477665424347,0.06067229434847832,0.9979908466339111,0.34142106771469116,0.46704187989234924,0.09683545678853989,0.9971871376037598,0.351319819688797,0.4694214463233948,0.12294085323810577,0.9973977208137512,0.301410049200058,0.48213595151901245,-0.09569434076547623,0.9992757439613342,0.3945567309856415,0.49550989270210266,0.07640867680311203,0.9975771903991699,0.24013477563858032,0.45754140615463257,-0.03949350118637085,0.9852641224861145,0.3650248348712921,0.49115103483200073,0.24113023281097412,0.2477894425392151,0.29879122972488403,0.43158915638923645,0.09782569110393524,0.9313808083534241,0.345590204000473,0.4485328495502472,0.3918026387691498,0.1688639372587204,0.3085242807865143,0.42527368664741516,0.10117568075656891,0.9164871573448181,0.34702572226524353,0.4376991093158722,0.41271287202835083,0.18728390336036682,0.3194524645805359,0.428812175989151,0.07411029189825058,0.9138155579566956,0.34071117639541626,0.4372279942035675,0.3948231637477875,0.19053032994270325,0.3180507719516754,0.4335152506828308,0.09043020755052567,0.9051234722137451,0.3346276581287384,0.4411488473415375,0.38678157329559326,0.20407383143901825,0.28381210565567017,0.589363157749176,-0.03739745914936066,0.9998124837875366,0.3415801525115967,0.593547523021698,0.037398576736450195,0.9996809363365173,0.29318851232528687,0.6582579016685486,-0.011840707622468472,0.9147986173629761,0.3442348837852478,0.6595031023025513,0.09681424498558044,0.6727627515792847,0.3207416832447052,0.7289057970046997,-0.021279415115714073,0.9596722722053528,0.34229776263237,0.7277819514274597,0.11684728413820267,0.7873929738998413,0.3244967758655548,0.7367118000984192,-0.020228564739227295,0.9367217421531677,0.34398001432418823,0.7362602353096008,0.11747869849205017,0.8219012022018433,0.3115631639957428,0.7415705919265747,-0.055734600871801376,0.9264509081840515,0.3362670838832855,0.7388041615486145,0.08851834386587143,0.735825777053833
151,0.3432813882827759,0.4617518186569214,0.13617581129074097,0.9987709522247314,0.3455691933631897,0.4569655954837799,0.09989143162965775,0.9987727403640747,0.34042277932167053,0.45561859011650085,0.09983567148447037,0.9987837672233582,0.33869707584381104,0.455295592546463,0.09983904659748077,0.998747706413269,0.35215333104133606,0.4585869610309601,0.12063580006361008,0.9982842206954956,0.3588261902332306,0.4602254033088684,0.12054526805877686,0.9978224635124207,0.3610435426235199,0.4605625569820404,0.12053132057189941,0.9978948831558228,0.3385882079601288,0.4574262201786041,-0.029100442305207253,0.9980669617652893,0.3665288984775543,0.46351709961891174,0.06394700706005096,0.9978055357933044,0.33467844128608704,0.4668637812137604,0.09466303884983063,0.996951162815094,0.3456641435623169,0.4688134491443634,0.12173439562320709,0.9971534013748169,0.3006961941719055,0.48220694065093994,-0.09638453274965286,0.9992354512214661,0.3920106887817383,0.49372896552085876,0.0730745866894722,0.9974290132522583,0.2387055903673172,0.4571862518787384,-0.048191800713539124,0.984514057636261,0.36971375346183777,0.4880776107311249,0.21045231819152832,0.24977263808250427,0.2993258833885193,0.4316871762275696,0.08908689022064209,0.9289699196815491,0.3459843397140503,0.44706493616104126,0.33705443143844604,0.16882507503032684,0.30552154779434204,0.4227553606033325,0.08993982523679733,0.9136441946029663,0.3383369743824005,0.43531715869903564,0.35364359617233276,0.18664519488811493,0.3159312903881073,0.42845070362091064,0.06657063215970993,0.9109963774681091,0.33921241760253906,0.43699565529823303,0.334807813167572,0.1899360567331314,0.31469738483428955,0.430868536233902,0.08310707658529282,0.9020267724990845,0.3379523456096649,0.4388963580131531,0.3304893672466278,0.20330801606178284,0.284221351146698,0.5886768698692322,-0.03697649762034416,0.9998080134391785,0.33734434843063354,0.5910218358039856,0.03696581348776817,0.9996758103370667,0.29436036944389343,0.6575097441673279,-0.02375439740717411,0.9109933972358704,0.3472484350204468,0.6587557196617126,0.08156415820121765,0.6737551093101501,0.3190532326698303,0.7274081110954285,-0.029765747487545013,0.9580991268157959,0.3402750492095947,0.7274568676948547,0.1086055189371109,0.7866414785385132,0.3205617070198059,0.7359021902084351,-0.029046647250652313,0.9331743121147156,0.34302854537963867,0.7369013428688049,0.10955916345119476,0.8190848231315613,0.3101600110530853,0.7364639639854431,-0.0714934915304184,0.9244149923324585,0.32842880487442017,0.7383225560188293,0.07411832362413406,0.7350419163703918
152,0.3459528684616089,0.4631626009941101,0.15261754393577576,0.9987685084342957,0.34759068489074707,0.4586838483810425,0.11564779281616211,0.9987759590148926,0.34496045112609863,0.45792505145072937,0.11560042947530746,0.9987879395484924,0.3421843945980072,0.45715761184692383,0.11560410261154175,0.9987505674362183,0.35973885655403137,0.46182969212532043,0.13518543541431427,0.9982951879501343,0.3631589114665985,0.4625219702720642,0.1350872963666916,0.9978404641151428,0.3684697151184082,0.46353164315223694,0.13509637117385864,0.9979130029678345,0.33723536133766174,0.458893746137619,-0.014932033605873585,0.998080849647522,0.3706646263599396,0.46558210253715515,0.07124971598386765,0.997838020324707,0.33922386169433594,0.468035489320755,0.11058855056762695,0.9969646334648132,0.34922900795936584,0.4702872633934021,0.13570670783519745,0.9971941113471985,0.2991563677787781,0.4816500246524811,-0.08712394535541534,0.9992557168006897,0.3927834928035736,0.49512016773223877,0.08770214021205902,0.9974478483200073,0.24066196382045746,0.4569844901561737,-0.023740287870168686,0.9847517609596252,0.3648422658443451,0.4916282594203949,0.24209380149841309,0.24788694083690643,0.29787155985832214,0.43181970715522766,0.1220100149512291,0.9301000237464905,0.3441564738750458,0.4498390555381775,0.3814161717891693,0.1683679074048996,0.3086579442024231,0.4229656159877777,0.12656326591968536,0.9150523543357849,0.34513553977012634,0.4390454590320587,0.40137743949890137,0.1866220384836197,0.31915032863616943,0.4287213981151581,0.10123444348573685,0.9124061465263367,0.3404425084590912,0.43846744298934937,0.3824126720428467,0.18997210264205933,0.3181619644165039,0.4316292703151703,0.11575555801391602,0.9036083817481995,0.3345881998538971,0.44228479266166687,0.37555843591690063,0.20339389145374298,0.28421497344970703,0.5888011455535889,-0.04093792289495468,0.9998077750205994,0.34090474247932434,0.5926430225372314,0.04095518961548805,0.9996748566627502,0.2949367165565491,0.658046305179596,-0.0355643592774868,0.9132300019264221,0.345402330160141,0.6591554284095764,0.08003454655408859,0.670444130897522,0.3240528106689453,0.7289360165596008,-0.060845036059617996,0.9589934945106506,0.3434141278266907,0.7293244004249573,0.08916796743869781,0.7844308614730835,0.32733848690986633,0.7387167811393738,-0.06145347282290459,0.9348458051681519,0.34561845660209656,0.735808253288269,0.08833987265825272,0.8176414966583252,0.31163302063941956,0.7461739778518677,-0.10024801641702652,0.9259117245674133,0.33470848202705383,0.7401741743087769,0.057254381477832794,0.7333044409751892
153,0.3426333963871002,0.4606626331806183,0.13708288967609406,0.9988094568252563,0.34328287839889526,0.4563295245170593,0.0998588427901268,0.9988176226615906,0.33768990635871887,0.4550953507423401,0.09979948401451111,0.9988273978233337,0.33531954884529114,0.4547657072544098,0.09980840235948563,0.9987910985946655,0.3511413633823395,0.4580230712890625,0.1202247366309166,0.9983595609664917,0.35783541202545166,0.45967158675193787,0.12012363225221634,0.9979214668273926,0.36011984944343567,0.4600564241409302,0.12011799216270447,0.9979904294013977,0.3339012563228607,0.4570271074771881,-0.030887557193636894,0.998150110244751,0.36527231335639954,0.4631821811199188,0.06025064364075661,0.9979207515716553,0.33621945977211,0.4665311276912689,0.09533373266458511,0.9970579743385315,0.3458690345287323,0.46814367175102234,0.12177027761936188,0.9972833395004272,0.2981936037540436,0.48161545395851135,-0.09515439718961716,0.9992603063583374,0.39545291662216187,0.4939538240432739,0.07160957157611847,0.997520923614502,0.2361898124217987,0.45641976594924927,-0.042135562747716904,0.9845010042190552,0.367601603269577,0.48897412419319153,0.2205609828233719,0.2526063024997711,0.2976647615432739,0.43170586228370667,0.0954638347029686,0.9281777739524841,0.3444170653820038,0.44862231612205505,0.3530133366584778,0.1698077768087387,0.3085256516933441,0.42468637228012085,0.09667826443910599,0.9125963449478149,0.33775612711906433,0.4354533553123474,0.369545042514801,0.18757683038711548,0.3188222050666809,0.42854419350624084,0.0711708515882492,0.9099575877189636,0.3389551341533661,0.437325656414032,0.3517378270626068,0.1909099519252777,0.31774234771728516,0.4314698874950409,0.08852338045835495,0.9010140299797058,0.33678460121154785,0.44161897897720337,0.34721848368644714,0.2040063738822937,0.28230783343315125,0.589039146900177,-0.03534013777971268,0.9998050928115845,0.3390304148197174,0.591709315776825,0.03534480184316635,0.9996753931045532,0.2941436171531677,0.6569254398345947,-0.0033159691374748945,0.9105005264282227,0.34800419211387634,0.657573401927948,0.09610874205827713,0.6741862893104553,0.32039573788642883,0.7270382046699524,-0.004858317319303751,0.9578335285186768,0.3437575101852417,0.727167010307312,0.12136900424957275,0.787645161151886,0.3226408362388611,0.735380232334137,-0.0031743966974318027,0.9329866766929626,0.3501459062099457,0.7379428148269653,0.12289480865001678,0.8203052282333374,0.30757156014442444,0.7379053831100464,-0.03624584525823593,0.9239808320999146,0.3368587791919708,0.737589418888092,0.09481915086507797,0.7359080910682678
154,0.3420265018939972,0.4633529484272003,0.16786617040634155,0.9985566139221191,0.3441152274608612,0.45793676376342773,0.1333397626876831,0.9985528588294983,0.3424013555049896,0.4574204087257385,0.13326705992221832,0.9985665082931519,0.33699896931648254,0.45619210600852966,0.13324648141860962,0.9985319375991821,0.35659268498420715,0.46047309041023254,0.15163366496562958,0.9979377388954163,0.35767021775245667,0.46090295910835266,0.15153366327285767,0.9973851442337036,0.3598984181880951,0.4611205756664276,0.1515156626701355,0.9974882006645203,0.33724015951156616,0.4579668939113617,0.007355638314038515,0.9977154731750488,0.3656229078769684,0.4639166295528412,0.08902697265148163,0.9973596930503845,0.3371228277683258,0.46696385741233826,0.12759022414684296,0.9964675307273865,0.3489481210708618,0.4692816734313965,0.15141424536705017,0.9966725707054138,0.3021959662437439,0.48126423358917236,-0.05864999070763588,0.9992147088050842,0.3975927531719208,0.4938546419143677,0.08673872798681259,0.9972978234291077,0.2380574494600296,0.4573343098163605,-0.008581068366765976,0.9833182096481323,0.3667519986629486,0.49013975262641907,0.2219986766576767,0.2528040409088135,0.29412105679512024,0.4311940371990204,0.12084618955850601,0.9245527386665344,0.33885592222213745,0.44815483689308167,0.3581211566925049,0.1687827706336975,0.30424535274505615,0.42246535420417786,0.12305939197540283,0.9085002541542053,0.33412492275238037,0.435359925031662,0.37440672516822815,0.18594639003276825,0.3152623474597931,0.4279049038887024,0.09922651201486588,0.9059343338012695,0.33095598220825195,0.43622052669525146,0.3574824035167694,0.1892835795879364,0.3144931495189667,0.43043631315231323,0.11455220729112625,0.8965699672698975,0.32914435863494873,0.44093647599220276,0.35261258482933044,0.20228557288646698,0.28256353735923767,0.587486982345581,-0.03215037286281586,0.9997913837432861,0.33851924538612366,0.5918328166007996,0.03212754800915718,0.9996510744094849,0.2948164939880371,0.6575945019721985,-0.03075527958571911,0.9064756631851196,0.3422291874885559,0.6583517789840698,0.06158790737390518,0.6754627227783203,0.31898319721221924,0.7288409471511841,-0.06699380278587341,0.9559515118598938,0.3402075171470642,0.7286269068717957,0.07615529745817184,0.7849023938179016,0.3248087167739868,0.7362831830978394,-0.06976063549518585,0.9282616376876831,0.34009236097335815,0.7345839142799377,0.0753365233540535,0.8154042959213257,0.31493452191352844,0.7431459426879883,-0.11897113919258118,0.9214842319488525,0.3335208296775818,0.7423074245452881,0.03814389556646347,0.7331794500350952
155,0.34250837564468384,0.4590328335762024,0.13308754563331604,0.9986336827278137,0.3403950035572052,0.4537326395511627,0.09644167870283127,0.9986312389373779,0.3385184407234192,0.45353636145591736,0.09638760983943939,0.9986453652381897,0.33637478947639465,0.4533490538597107,0.09640147536993027,0.9986112713813782,0.3511016070842743,0.4559164345264435,0.11624141782522202,0.9980537295341492,0.3576330840587616,0.4573942720890045,0.11614860594272614,0.9975342154502869,0.3608146607875824,0.45792296528816223,0.11614019423723221,0.9976292252540588,0.33547523617744446,0.4560125172138214,-0.032352689653635025,0.997837483882904,0.36700692772865295,0.4613178074359894,0.05604147911071777,0.9975124597549438,0.3343096375465393,0.46486198902130127,0.0914900004863739,0.9966428875923157,0.34628763794898987,0.46682098507881165,0.11721336096525192,0.9968465566635132,0.29851365089416504,0.481396347284317,-0.09486191719770432,0.9992347359657288,0.3955250680446625,0.49279308319091797,0.06800219416618347,0.9973586797714233,0.23629175126552582,0.4585627615451813,-0.04096498340368271,0.9837245941162109,0.36648720502853394,0.49076518416404724,0.22840933501720428,0.2550709545612335,0.29500192403793335,0.4313366115093231,0.09388868510723114,0.925856351852417,0.344783216714859,0.4491042196750641,0.38148561120033264,0.1697348952293396,0.3051456809043884,0.42378532886505127,0.09715710580348969,0.9099535942077637,0.34535929560661316,0.43837201595306396,0.4023357927799225,0.18685448169708252,0.31702539324760437,0.42773130536079407,0.07058118283748627,0.9074309468269348,0.3404628336429596,0.43719205260276794,0.38411468267440796,0.19016201794147491,0.3152672350406647,0.43275538086891174,0.08654648065567017,0.8981287479400635,0.33836469054222107,0.4419400095939636,0.37636882066726685,0.20302368700504303,0.28323495388031006,0.5890340805053711,-0.034491799771785736,0.9997961521148682,0.3405017554759979,0.5933829545974731,0.03448951244354248,0.9996574521064758,0.2933434247970581,0.6581432223320007,-0.018332798033952713,0.9076839089393616,0.34377220273017883,0.6586726903915405,0.08240444958209991,0.6784317493438721,0.32194602489471436,0.7297670841217041,-0.032463930547237396,0.956931471824646,0.3436465561389923,0.728545606136322,0.10259400308132172,0.7879781723022461,0.3242843449115753,0.739770233631134,-0.032339952886104584,0.9297689199447632,0.35039544105529785,0.7388120889663696,0.10292470455169678,0.81770259141922,0.31067171692848206,0.7433581948280334,-0.07326603680849075,0.9231064915657043,0.33606797456741333,0.7390971779823303,0.06963230669498444,0.7370002269744873
156,0.33444589376449585,0.4586535692214966,0.14823409914970398,0.9986491799354553,0.33475738763809204,0.4531470537185669,0.11153225600719452,0.9986386299133301,0.33279314637184143,0.4530428349971771,0.11148285865783691,0.9986544847488403,0.33080819249153137,0.4528922736644745,0.11150141060352325,0.9986187219619751,0.34607216715812683,0.4549279808998108,0.13155990839004517,0.9980735778808594,0.3493230640888214,0.4554678499698639,0.13146738708019257,0.9975665211677551,0.35613366961479187,0.4568198025226593,0.13146989047527313,0.997658371925354,0.3302161991596222,0.455888956785202,-0.01880187727510929,0.9978536367416382,0.3590072989463806,0.4613361954689026,0.07083728164434433,0.9975581765174866,0.3301905393600464,0.46546250581741333,0.10651155561208725,0.9966705441474915,0.34239813685417175,0.4669070839881897,0.13256210088729858,0.9968730807304382,0.29603517055511475,0.48049184679985046,-0.08407419174909592,0.999222993850708,0.39696770906448364,0.4922608733177185,0.08004298061132431,0.9973693490028381,0.23812764883041382,0.4568464159965515,-0.031527165323495865,0.9838719367980957,0.3718675673007965,0.48724493384361267,0.23121421039104462,0.2593327462673187,0.2979715168476105,0.43052491545677185,0.10854794830083847,0.9257540702819824,0.34409791231155396,0.44752636551856995,0.36830979585647583,0.17220629751682281,0.30359816551208496,0.42240482568740845,0.10990779101848602,0.9097299575805664,0.33813193440437317,0.4352693259716034,0.3846476674079895,0.18911953270435333,0.3141576647758484,0.4270095229148865,0.08466862887144089,0.9072704315185547,0.3386884033679962,0.4373094141483307,0.3660764694213867,0.19245965778827667,0.3123268187046051,0.4320497512817383,0.10177373886108398,0.8978813886642456,0.33757638931274414,0.4394066631793976,0.3621831238269806,0.20511017739772797,0.28421643376350403,0.5875657796859741,-0.03759573772549629,0.9997930526733398,0.34186649322509766,0.5910972356796265,0.037598468363285065,0.9996536374092102,0.293731153011322,0.6576350331306458,-0.01954982988536358,0.9068027138710022,0.34346193075180054,0.6586734652519226,0.0848851203918457,0.679506778717041,0.31837472319602966,0.7299460768699646,-0.03670402243733406,0.9569258689880371,0.3435680568218231,0.7299564480781555,0.10448861122131348,0.7898736000061035,0.32127150893211365,0.7390909194946289,-0.037113696336746216,0.9291718006134033,0.3443618714809418,0.7415168881416321,0.10460842400789261,0.8190332055091858,0.3059270977973938,0.7441263198852539,-0.0786515548825264,0.9228483438491821,0.32745370268821716,0.7407860159873962,0.0713522881269455,0.738693356513977
157,0.3407552242279053,0.4659443795681,0.13458546996116638,0.9986301064491272,0.3424534499645233,0.46035468578338623,0.09779254347085953,0.9986234307289124,0.33988386392593384,0.45963993668556213,0.09774540364742279,0.9986354112625122,0.334788054227829,0.4585350453853607,0.09774783998727798,0.9986005425453186,0.3546116054058075,0.462738573551178,0.11776736378669739,0.99806147813797,0.358113557100296,0.46319952607154846,0.1176830604672432,0.9975537061691284,0.3607969284057617,0.463418573141098,0.11768707633018494,0.9976451992988586,0.3338032066822052,0.46036943793296814,-0.029978737235069275,0.9978281259536743,0.36567389965057373,0.46660298109054565,0.05952633172273636,0.9975346922874451,0.33523640036582947,0.4695509076118469,0.09390441328287125,0.9965986013412476,0.3476395308971405,0.47153565287590027,0.11987356841564178,0.996816873550415,0.29651668667793274,0.48312318325042725,-0.09490260481834412,0.9991986751556396,0.3909754157066345,0.4967077970504761,0.07245565205812454,0.9973128437995911,0.2351009100675583,0.4587029814720154,-0.051163025200366974,0.9839572310447693,0.367689847946167,0.49084851145744324,0.22197771072387695,0.2596340775489807,0.29079627990722656,0.4316543638706207,0.07324286550283432,0.9270948767662048,0.3424794375896454,0.45070475339889526,0.353551983833313,0.1730874478816986,0.30078190565109253,0.4215243458747864,0.073400117456913,0.9112429618835449,0.33517318964004517,0.43741852045059204,0.37009894847869873,0.18992134928703308,0.31239762902259827,0.42941221594810486,0.050424911081790924,0.9087721109390259,0.3359394669532776,0.43929824233055115,0.3517809808254242,0.19327616691589355,0.3111349046230316,0.43243497610092163,0.06727177649736404,0.8993666768074036,0.33401134610176086,0.44352832436561584,0.34757041931152344,0.20588091015815735,0.2812005579471588,0.5925197005271912,-0.03321242332458496,0.9997837543487549,0.33664509654045105,0.5942580699920654,0.033214230090379715,0.9996387362480164,0.2958243489265442,0.6597954630851746,-0.010684973560273647,0.9050321578979492,0.3474472463130951,0.6583682894706726,0.08885972946882248,0.6783756017684937,0.32085081934928894,0.7299715280532837,-0.015344647690653801,0.9565132856369019,0.34455832839012146,0.7286288142204285,0.11838330328464508,0.7875145673751831,0.32346537709236145,0.7380101084709167,-0.014538445509970188,0.92891925573349,0.34883010387420654,0.736186146736145,0.11961648613214493,0.816533088684082,0.31331318616867065,0.7453842163085938,-0.05775132775306702,0.9221578240394592,0.3400164842605591,0.7377499938011169,0.08463746309280396,0.7355459332466125
158,0.34483984112739563,0.46442845463752747,0.1499776542186737,0.9986576437950134,0.34455356001853943,0.4567106366157532,0.11244038492441177,0.9986451864242554,0.3387819826602936,0.45608243346214294,0.11240062117576599,0.9986568689346313,0.3367173671722412,0.45569363236427307,0.1124127134680748,0.9986252188682556,0.35403215885162354,0.4603551924228668,0.13297751545906067,0.9980962872505188,0.3600172996520996,0.46058306097984314,0.1329038441181183,0.9975956678390503,0.3625401556491852,0.4609513282775879,0.132928267121315,0.997687578201294,0.33647415041923523,0.4578248858451843,-0.018825417384505272,0.9978770017623901,0.3672952353954315,0.4649530053138733,0.07282963395118713,0.9975894689559937,0.337147057056427,0.4677034318447113,0.1081259474158287,0.9966899156570435,0.3468914031982422,0.46986109018325806,0.13479232788085938,0.9969001412391663,0.298910915851593,0.4804895222187042,-0.08641762286424637,0.9992250800132751,0.40078410506248474,0.494349867105484,0.08551250398159027,0.9973857402801514,0.23525960743427277,0.4591701626777649,-0.03580600023269653,0.984651505947113,0.37300145626068115,0.4906419515609741,0.2351973056793213,0.2641684412956238,0.29273638129234314,0.43298211693763733,0.09979594498872757,0.9302477240562439,0.34755003452301025,0.4497933089733124,0.36222127079963684,0.1775204986333847,0.3036545217037201,0.42602935433387756,0.10113423317670822,0.9148200154304504,0.33771899342536926,0.43755042552948,0.3784129023551941,0.19425463676452637,0.31470343470573425,0.4303252100944519,0.077918641269207,0.9124098420143127,0.3378647267818451,0.4392537772655487,0.36081868410110474,0.19766339659690857,0.3122960031032562,0.4348304867744446,0.09405215829610825,0.9032254815101624,0.3359476923942566,0.44145336747169495,0.3564204275608063,0.21043036878108978,0.2853192090988159,0.5871320962905884,-0.03894243389368057,0.9997824430465698,0.3427491784095764,0.5919867157936096,0.0389532707631588,0.9996374249458313,0.2975148856639862,0.6563753485679626,-0.029169101268053055,0.9066539406776428,0.34290197491645813,0.6594783067703247,0.07778741419315338,0.6803430318832397,0.32118669152259827,0.7275258302688599,-0.04419484734535217,0.9572063088417053,0.337528258562088,0.7296149730682373,0.09369117021560669,0.7894156575202942,0.32237982749938965,0.7355307936668396,-0.04438205435872078,0.9302365183830261,0.34063777327537537,0.7427002787590027,0.09323465079069138,0.8172417283058167,0.307277113199234,0.7421894669532776,-0.08710827678442001,0.9233379364013672,0.3334601819515228,0.743129312992096,0.0563940554857254,0.7373253703117371
159,0.34706833958625793,0.46226489543914795,0.1340739130973816,0.9984821081161499,0.3458225429058075,0.4576684236526489,0.09821763634681702,0.998447835445404,0.34212490916252136,0.45547521114349365,0.09817192703485489,0.998458981513977,0.3399374186992645,0.4549972414970398,0.09817898273468018,0.9984316229820251,0.35518011450767517,0.4592529535293579,0.1168987825512886,0.997795045375824,0.3615729510784149,0.4608684778213501,0.11682861298322678,0.9972307085990906,0.36327847838401794,0.46103668212890625,0.11681726574897766,0.9973617196083069,0.3379085063934326,0.45656827092170715,-0.02701934240758419,0.9975118637084961,0.3669854402542114,0.4632129967212677,0.05723343417048454,0.9971875548362732,0.3408188819885254,0.4670018255710602,0.09462163597345352,0.9961774349212646,0.34856799244880676,0.4687311053276062,0.11904396861791611,0.9964174628257751,0.2980380654335022,0.4804297387599945,-0.08337072283029556,0.9990951418876648,0.3943707346916199,0.4935899078845978,0.06331934034824371,0.9972506761550903,0.22868332266807556,0.4611347019672394,-0.03470563888549805,0.9835624098777771,0.36159050464630127,0.4905135929584503,0.20179544389247894,0.26952072978019714,0.2898455560207367,0.43435022234916687,0.09390052407979965,0.9275854229927063,0.3363298773765564,0.4499884247779846,0.33405688405036926,0.18036168813705444,0.30034828186035156,0.4279943108558655,0.09633567184209824,0.9118239283561707,0.3286164402961731,0.4358502924442291,0.3494412899017334,0.1960386335849762,0.31188634037971497,0.4319096803665161,0.07072608172893524,0.9095482230186462,0.33111652731895447,0.4380870759487152,0.3345058262348175,0.19937776029109955,0.3098025619983673,0.4362344741821289,0.08690526336431503,0.8998885154724121,0.3288337290287018,0.4423794746398926,0.32938405871391296,0.21175487339496613,0.28435471653938293,0.5871294736862183,-0.026306340470910072,0.9997523427009583,0.33703282475471497,0.5918614864349365,0.02628958225250244,0.9996112585067749,0.29756811261177063,0.6570146083831787,-0.017600979655981064,0.8972261548042297,0.3471262753009796,0.6587299704551697,0.06807901710271835,0.6820577383041382,0.32434284687042236,0.7288906574249268,-0.016528122127056122,0.9534204602241516,0.3425777554512024,0.7306398153305054,0.09279196709394455,0.7888892889022827,0.32444462180137634,0.7373430132865906,-0.015420224517583847,0.9230828881263733,0.3423941731452942,0.7373294234275818,0.09305272996425629,0.8128039836883545,0.323100745677948,0.7393969297409058,-0.05829659476876259,0.918677568435669,0.34314313530921936,0.7435215711593628,0.05217394232749939,0.7358905076980591
160,0.349210649728775,0.465121328830719,0.1737639456987381,0.9984326958656311,0.34816253185272217,0.46055343747138977,0.13697466254234314,0.9983896613121033,0.34632161259651184,0.45798417925834656,0.13692748546600342,0.9984038472175598,0.33972522616386414,0.45631143450737,0.13693860173225403,0.9983763694763184,0.360838919878006,0.4622569978237152,0.15608561038970947,0.9977065324783325,0.36364030838012695,0.46279728412628174,0.1559981405735016,0.9971272945404053,0.36564889550209045,0.46296069025993347,0.15599647164344788,0.9972701072692871,0.3370293974876404,0.4587262272834778,0.005858579650521278,0.9974309802055359,0.37030017375946045,0.4652678370475769,0.09107307344675064,0.9971021413803101,0.34043702483177185,0.4683956205844879,0.13207833468914032,0.9960198998451233,0.3533777892589569,0.47097867727279663,0.1568523347377777,0.9962829351425171,0.29806676506996155,0.4800744652748108,-0.05796555057168007,0.9990884065628052,0.4005950391292572,0.49369457364082336,0.09511397033929825,0.9972922205924988,0.22772909700870514,0.4619218111038208,0.008499878458678722,0.9835540056228638,0.3656986653804779,0.4921002686023712,0.24919424951076508,0.27470719814300537,0.28966760635375977,0.43410924077033997,0.1622399240732193,0.927025556564331,0.33969056606292725,0.4511927664279938,0.3995420038700104,0.18236175179481506,0.2993197441101074,0.42759349942207336,0.17020322382450104,0.9108492732048035,0.3382546901702881,0.4402289092540741,0.41890379786491394,0.1972392350435257,0.31057581305503845,0.43125370144844055,0.14277395606040955,0.9086729884147644,0.3311658799648285,0.4388335943222046,0.4040677547454834,0.20058943331241608,0.3085910677909851,0.4358762800693512,0.15563273429870605,0.8987285494804382,0.3292032480239868,0.443143755197525,0.39555975794792175,0.21256747841835022,0.2833977937698364,0.5864971876144409,-0.030966030433773994,0.9997334480285645,0.34132441878318787,0.5907554030418396,0.030934054404497147,0.9995945692062378,0.2950572967529297,0.6567822694778442,-0.030768075957894325,0.8946599364280701,0.3453989624977112,0.6576496958732605,0.06487543880939484,0.6864271759986877,0.3177793025970459,0.7286400198936462,-0.053082045167684555,0.9522919654846191,0.34456849098205566,0.7303454875946045,0.06637188047170639,0.7917254567146301,0.3209596276283264,0.7373723983764648,-0.05346545949578285,0.9212154150009155,0.34706857800483704,0.7419607639312744,0.06463766098022461,0.8138071894645691,0.3065323233604431,0.7406880855560303,-0.09116419404745102,0.9172487258911133,0.33704671263694763,0.742948591709137,0.02830531820654869,0.737888514995575
161,0.35040464997291565,0.4667948782444,0.16244298219680786,0.9984549283981323,0.35113605856895447,0.4608839154243469,0.12489712983369827,0.9984201788902283,0.3483491539955139,0.4600003659725189,0.12484920769929886,0.9984267354011536,0.34519538283348083,0.4591057598590851,0.12486565113067627,0.9984004497528076,0.36274048686027527,0.4639039933681488,0.14226263761520386,0.9977555274963379,0.36538583040237427,0.4642786383628845,0.14216844737529755,0.9971907734870911,0.3700157105922699,0.46494510769844055,0.142171248793602,0.9973310828208923,0.3383411765098572,0.4599221646785736,-0.007423436269164085,0.997491180896759,0.3714050054550171,0.4665612280368805,0.07015398889780045,0.9971665143966675,0.3430843651294708,0.47075197100639343,0.12068546563386917,0.996029257774353,0.35541120171546936,0.4719640016555786,0.1431296020746231,0.9963026642799377,0.30020084977149963,0.48167574405670166,-0.06528440117835999,0.9990656971931458,0.4000605642795563,0.4943259656429291,0.07224525511264801,0.9973787665367126,0.23092983663082123,0.46293261647224426,-0.013704941608011723,0.9828789234161377,0.3667411208152771,0.487944632768631,0.22447645664215088,0.2875320613384247,0.2885725200176239,0.43677854537963867,0.11559861898422241,0.9252834320068359,0.3378967046737671,0.44701799750328064,0.3717261254787445,0.18989044427871704,0.2942637801170349,0.42827796936035156,0.12086034566164017,0.9086270928382874,0.32919076085090637,0.43449467420578003,0.3918944299221039,0.20342881977558136,0.30530738830566406,0.4331805408000946,0.09625031799077988,0.9064074754714966,0.33060842752456665,0.4366433918476105,0.37644538283348083,0.2067459225654602,0.3044419586658478,0.43583691120147705,0.10929062962532043,0.8959882259368896,0.32905593514442444,0.44128304719924927,0.36793893575668335,0.21847693622112274,0.28254154324531555,0.587073028087616,-0.022816041484475136,0.9997180104255676,0.34146058559417725,0.5903741717338562,0.02279411070048809,0.9995817542076111,0.2938796579837799,0.6570484638214111,-0.013283845968544483,0.888110339641571,0.3491663634777069,0.657650351524353,0.061525486409664154,0.6884533166885376,0.3161666691303253,0.731315016746521,-0.04444383829832077,0.9504626393318176,0.3439546823501587,0.726777195930481,0.06971411406993866,0.7906197905540466,0.3183942139148712,0.7394961714744568,-0.04608140513300896,0.9189227819442749,0.3466103971004486,0.7342779636383057,0.06979656219482422,0.8135790228843689,0.31254079937934875,0.7450505495071411,-0.08580472320318222,0.9147566556930542,0.34687337279319763,0.73597651720047,0.03913867101073265,0.7358453273773193
162,0.3518419563770294,0.4659348726272583,0.1656612753868103,0.9984797239303589,0.3515391945838928,0.4606090486049652,0.12812615931034088,0.9984487295150757,0.3485243022441864,0.45971307158470154,0.12809142470359802,0.9984530210494995,0.34519433975219727,0.45884379744529724,0.12811791896820068,0.9984241127967834,0.36354392766952515,0.46386444568634033,0.14666959643363953,0.9977973699569702,0.3662101626396179,0.4643227458000183,0.14657804369926453,0.9972484707832336,0.3704589009284973,0.4650219678878784,0.14658477902412415,0.9973864555358887,0.33782050013542175,0.46000760793685913,-0.00433359295129776,0.9975399971008301,0.3718876540660858,0.4675057828426361,0.07821377366781235,0.9972366094589233,0.343110054731369,0.46983802318573,0.12377368658781052,0.996063768863678,0.35637885332107544,0.47219589352607727,0.14772547781467438,0.9963546991348267,0.2984708249568939,0.48180314898490906,-0.0654214471578598,0.9990683794021606,0.4003959894180298,0.49418962001800537,0.08480941504240036,0.9974775314331055,0.2262536883354187,0.4632496237754822,-0.008199372328817844,0.9828703999519348,0.366123229265213,0.490058571100235,0.23848162591457367,0.29926007986068726,0.28799453377723694,0.4369383156299591,0.1297275722026825,0.9254193305969238,0.34030774235725403,0.4507514536380768,0.3819207549095154,0.19783064723014832,0.2943525016307831,0.4285127818584442,0.1357513815164566,0.9085527062416077,0.3347983956336975,0.4369085729122162,0.4019331932067871,0.2101350724697113,0.3055700659751892,0.43381011486053467,0.1093321442604065,0.9063735604286194,0.3311246633529663,0.4383915960788727,0.3866446018218994,0.2134253978729248,0.3043678402900696,0.4365459978580475,0.12300492823123932,0.8956339359283447,0.329475998878479,0.4431108236312866,0.3781343102455139,0.22465607523918152,0.2843027710914612,0.5869174599647522,-0.029553867876529694,0.9997065663337708,0.341835081577301,0.5907624959945679,0.029551250860095024,0.999574601650238,0.2947031855583191,0.6571869254112244,-0.038301143795251846,0.8854985237121582,0.3494669497013092,0.6574028730392456,0.05247819423675537,0.6915087699890137,0.31667542457580566,0.730734646320343,-0.06821666657924652,0.949691653251648,0.34491202235221863,0.7291674017906189,0.0532742477953434,0.7923197150230408,0.31921160221099854,0.7384428381919861,-0.0693434402346611,0.9179090857505798,0.3494034707546234,0.7389665842056274,0.05222078412771225,0.8147432804107666,0.30756568908691406,0.7420931458473206,-0.10801775753498077,0.9137416481971741,0.3425653874874115,0.7395104169845581,0.018046310171484947,0.7369667887687683
163,0.3497205674648285,0.46257421374320984,0.1581895500421524,0.9982395172119141,0.34762316942214966,0.45565077662467957,0.12108935415744781,0.998180627822876,0.34537771344184875,0.455030232667923,0.12104359269142151,0.9981904625892639,0.3387792110443115,0.4535512328147888,0.12104455381631851,0.998157799243927,0.3597484827041626,0.45922380685806274,0.13999542593955994,0.9973781704902649,0.3625848889350891,0.45990896224975586,0.13991206884384155,0.9967567324638367,0.3647313117980957,0.4602365791797638,0.13989807665348053,0.9969332814216614,0.33729472756385803,0.45602041482925415,-0.01014232262969017,0.9970777630805969,0.3697451651096344,0.4629747271537781,0.07459603995084763,0.9967513084411621,0.3405911326408386,0.46558457612991333,0.11681752651929855,0.9954250454902649,0.35438570380210876,0.46746718883514404,0.14146235585212708,0.995744526386261,0.2983240485191345,0.480438232421875,-0.06946060061454773,0.9989769458770752,0.4009287655353546,0.49206972122192383,0.07784000039100647,0.9973708987236023,0.22926844656467438,0.463884562253952,-0.021470921114087105,0.9821835160255432,0.36551931500434875,0.4885074198246002,0.22836513817310333,0.2994917035102844,0.2876666784286499,0.43616607785224915,0.10325457155704498,0.9235865473747253,0.3349563181400299,0.44843968749046326,0.37349727749824524,0.19754844903945923,0.2982352674007416,0.4285666048526764,0.10584579408168793,0.9065760970115662,0.32686471939086914,0.43437328934669495,0.39047083258628845,0.20953680574893951,0.30839166045188904,0.43358567357063293,0.07883148640394211,0.9045666456222534,0.32869768142700195,0.4368075728416443,0.3752666413784027,0.21283471584320068,0.30715832114219666,0.43610599637031555,0.09577838331460953,0.8933495283126831,0.3268815577030182,0.4414442479610443,0.36924436688423157,0.22392237186431885,0.28428366780281067,0.5864877700805664,-0.02820149064064026,0.9996792674064636,0.3432394564151764,0.5907345414161682,0.02819610759615898,0.9995448589324951,0.29614272713661194,0.6592575311660767,-0.023829299956560135,0.8804697394371033,0.3466833531856537,0.6585786938667297,0.06640809774398804,0.6930111646652222,0.32059967517852783,0.7291426062583923,-0.041374050080776215,0.9476313591003418,0.34469839930534363,0.7291728258132935,0.08221130073070526,0.7910729050636292,0.32219675183296204,0.737307608127594,-0.0418747141957283,0.9138376712799072,0.34350377321243286,0.7405650615692139,0.08159032464027405,0.8112528920173645,0.3119569420814514,0.7431310415267944,-0.0853770449757576,0.9108114242553711,0.3363972306251526,0.7421653270721436,0.043341752141714096,0.7345486879348755
164,0.355215847492218,0.4639683663845062,0.16503188014030457,0.9982147216796875,0.35380715131759644,0.4569350481033325,0.12839743494987488,0.9981374740600586,0.35113024711608887,0.45600417256355286,0.12834709882736206,0.9981465339660645,0.3483133614063263,0.4551297426223755,0.12835408747196198,0.998115599155426,0.3664569556713104,0.4608229696750641,0.1448570191860199,0.9973276853561401,0.36893728375434875,0.4612593948841095,0.14477545022964478,0.9966937303543091,0.3737078309059143,0.4621095061302185,0.1447698026895523,0.9968799352645874,0.34175756573677063,0.4562798738479614,-0.0004111300513613969,0.9970188140869141,0.3737400472164154,0.46398210525512695,0.0734356939792633,0.9966830015182495,0.3465375304222107,0.46589505672454834,0.12471041083335876,0.9953218102455139,0.35921400785446167,0.46891599893569946,0.14606043696403503,0.9956538677215576,0.2975907027721405,0.47931352257728577,-0.057295553386211395,0.9989550709724426,0.4035749137401581,0.4935538172721863,0.07302842289209366,0.9973889589309692,0.2286795675754547,0.4633166491985321,0.011880653910338879,0.9816879034042358,0.369961142539978,0.4897741973400116,0.2252771407365799,0.30864638090133667,0.28901395201683044,0.4347047805786133,0.15986420214176178,0.9214040637016296,0.34114620089530945,0.44994673132896423,0.3790638744831085,0.20153796672821045,0.2935221493244171,0.4268040359020233,0.16826310753822327,0.9038406014442444,0.3386583626270294,0.439431756734848,0.3977832496166229,0.21266937255859375,0.30852699279785156,0.43290266394615173,0.14018099009990692,0.9018913507461548,0.32855871319770813,0.4389396905899048,0.38253119587898254,0.21598774194717407,0.30321770906448364,0.4353460669517517,0.15272587537765503,0.8904775977134705,0.3269657492637634,0.44174110889434814,0.37516510486602783,0.22674071788787842,0.2854732275009155,0.5861268639564514,-0.022132232785224915,0.9996682405471802,0.34378740191459656,0.5905929803848267,0.022112760692834854,0.9995383024215698,0.29631319642066956,0.6576889157295227,-0.020017826929688454,0.8778709769248962,0.3469071388244629,0.6582356691360474,0.053337033838033676,0.697428822517395,0.3204902410507202,0.7289034724235535,-0.04207730293273926,0.9466223120689392,0.34579843282699585,0.7300119996070862,0.06151122972369194,0.7942154407501221,0.32278478145599365,0.7379538416862488,-0.04280354455113411,0.911350429058075,0.3440629243850708,0.7381819486618042,0.06070583313703537,0.811607301235199,0.3179219663143158,0.7414504289627075,-0.08564957976341248,0.9099729657173157,0.34015965461730957,0.7430486083030701,0.020503906533122063,0.7378355860710144
165,0.36281856894493103,0.46808579564094543,0.16477429866790771,0.9981449842453003,0.3577982187271118,0.46092870831489563,0.1290656179189682,0.998045027256012,0.35500067472457886,0.45996013283729553,0.12902508676052094,0.9980530142784119,0.3516860604286194,0.4588955044746399,0.12903717160224915,0.998012900352478,0.3694436550140381,0.4638024568557739,0.14490342140197754,0.9971809387207031,0.37370818853378296,0.46443498134613037,0.14480839669704437,0.9965139031410217,0.3753201365470886,0.4642798602581024,0.14479143917560577,0.9967106580734253,0.34772413969039917,0.4598633944988251,0.002661764621734619,0.9968609809875488,0.37610816955566406,0.46586552262306213,0.07333094626665115,0.9965082406997681,0.3502461612224579,0.47052201628685,0.12499584257602692,0.9951547384262085,0.3635816276073456,0.47188058495521545,0.1454952359199524,0.9955112338066101,0.29969319701194763,0.4819057881832123,-0.053869593888521194,0.9989150166511536,0.4014568328857422,0.49343156814575195,0.07052930444478989,0.9973535537719727,0.225307896733284,0.4644913375377655,3.520848986227065e-05,0.9805960059165955,0.36251917481422424,0.4866167902946472,0.19433030486106873,0.3204585611820221,0.2832580804824829,0.4365238547325134,0.12659688293933868,0.9177330732345581,0.3337218761444092,0.44646701216697693,0.31704866886138916,0.20944929122924805,0.2932438850402832,0.4299498498439789,0.13232041895389557,0.8997803926467896,0.32510215044021606,0.4333195686340332,0.33123135566711426,0.2195601761341095,0.30533236265182495,0.43328621983528137,0.10558801144361496,0.8977859616279602,0.323146790266037,0.43745529651641846,0.3175499141216278,0.22281189262866974,0.30334898829460144,0.4380638003349304,0.1193217784166336,0.8859007358551025,0.3221096992492676,0.4405003488063812,0.31289219856262207,0.23324371874332428,0.2846852242946625,0.5858481526374817,-0.023866714909672737,0.9996536374092102,0.3435716927051544,0.5901283025741577,0.023850757628679276,0.999521017074585,0.29696276783943176,0.6574431657791138,-0.028645021840929985,0.8758026361465454,0.3456646203994751,0.656978189945221,0.04285881668329239,0.6974223256111145,0.31822913885116577,0.7297168374061584,-0.06719087809324265,0.9456078410148621,0.3440028131008148,0.7299057841300964,0.049101635813713074,0.7927091121673584,0.32146817445755005,0.7386043071746826,-0.06996870040893555,0.9087199568748474,0.34478136897087097,0.7384599447250366,0.04795610532164574,0.8090288639068604,0.3134182095527649,0.7450222373008728,-0.11504318565130234,0.908519446849823,0.3367074131965637,0.7398852705955505,0.010840428061783314,0.7358744740486145
166,0.36339595913887024,0.4669139087200165,0.178844153881073,0.9980925917625427,0.3597588837146759,0.46030309796333313,0.14293086528778076,0.9979767203330994,0.3567921817302704,0.45940372347831726,0.14288769662380219,0.9979838728904724,0.3532639741897583,0.4584750235080719,0.14289997518062592,0.9979348182678223,0.3711853325366974,0.4632963538169861,0.15947873890399933,0.9970811605453491,0.37524259090423584,0.46398356556892395,0.15938110649585724,0.9964021444320679,0.3774825930595398,0.46407872438430786,0.15937009453773499,0.9966000318527222,0.34766870737075806,0.46001067757606506,0.013467665761709213,0.9967514872550964,0.37888744473457336,0.4662832021713257,0.08706863224506378,0.9963924884796143,0.351947158575058,0.46988752484321594,0.13775032758712769,0.9949848651885986,0.3653024733066559,0.47143980860710144,0.1591494381427765,0.9953799843788147,0.29987090826034546,0.48273766040802,-0.04708424583077431,0.9988895654678345,0.4041541516780853,0.4942508339881897,0.08226160705089569,0.9973359704017639,0.22541986405849457,0.4654431641101837,0.014885962009429932,0.979873538017273,0.3643794655799866,0.4889802634716034,0.21185365319252014,0.3262172043323517,0.2822124660015106,0.4378202259540558,0.15587738156318665,0.9150950312614441,0.3329404890537262,0.4485991299152374,0.34359288215637207,0.21258987486362457,0.2915757894515991,0.43203458189964294,0.16393251717090607,0.8967769145965576,0.32542529702186584,0.43750059604644775,0.36031851172447205,0.22209405899047852,0.3046025037765503,0.43520164489746094,0.13699668645858765,0.8947231769561768,0.32358089089393616,0.4393189549446106,0.3462745249271393,0.22530648112297058,0.30297696590423584,0.43941885232925415,0.14908777177333832,0.8823503851890564,0.32262423634529114,0.4419880211353302,0.3395279347896576,0.23549775779247284,0.2848556637763977,0.5857869982719421,-0.02385850064456463,0.9996393918991089,0.34484970569610596,0.5903494954109192,0.023813603445887566,0.999502956867218,0.2978149354457855,0.6571304202079773,-0.03664179891347885,0.8742812275886536,0.35107743740081787,0.6562702655792236,0.04141956940293312,0.6990407705307007,0.3178357779979706,0.7302029132843018,-0.07671170681715012,0.9450972676277161,0.34510308504104614,0.7285202145576477,0.03924036771059036,0.7930185198783875,0.32242676615715027,0.7379347085952759,-0.07935462146997452,0.9077919125556946,0.3479209244251251,0.7381967902183533,0.03731546923518181,0.8088377118110657,0.31058263778686523,0.7441288232803345,-0.12481273710727692,0.9076407551765442,0.34139424562454224,0.7391313314437866,-0.0015394084621220827,0.7356014847755432
167,0.35575249791145325,0.4628829061985016,0.1651950627565384,0.9979885816574097,0.35555708408355713,0.4589368402957916,0.12976045906543732,0.9978513717651367,0.3529798686504364,0.4584023356437683,0.129720538854599,0.997864305973053,0.3456910252571106,0.457118421792984,0.12973161041736603,0.9978072047233582,0.3669843375682831,0.46130239963531494,0.14702379703521729,0.9968851208686829,0.3695513606071472,0.46160027384757996,0.14693571627140045,0.996179461479187,0.3715497553348541,0.4616369903087616,0.14692288637161255,0.9963882565498352,0.341985821723938,0.4595548212528229,0.003260338678956032,0.9965291023254395,0.374592125415802,0.4634030759334564,0.08015275746583939,0.9961560368537903,0.3478991687297821,0.46798691153526306,0.12523800134658813,0.9946778416633606,0.3604843020439148,0.46961894631385803,0.14761357009410858,0.9950968027114868,0.30019843578338623,0.48323795199394226,-0.05390311777591705,0.9988342523574829,0.4023652672767639,0.49196097254753113,0.07958771288394928,0.997262716293335,0.2232208102941513,0.46694356203079224,0.008616815321147442,0.979161262512207,0.36799731850624084,0.4895014464855194,0.21955224871635437,0.3261188864707947,0.2821664810180664,0.4381626844406128,0.14970116317272186,0.9125146269798279,0.33700868487358093,0.449637770652771,0.35936832427978516,0.21180053055286407,0.29372739791870117,0.43205925822257996,0.15687717497348785,0.8940211534500122,0.3344847559928894,0.4388188123703003,0.376492440700531,0.22119885683059692,0.3068731427192688,0.4352888762950897,0.12897877395153046,0.8920260667800903,0.32682880759239197,0.4394153654575348,0.36174049973487854,0.2243935614824295,0.3042256236076355,0.4396759569644928,0.14240442216396332,0.879183828830719,0.3247588276863098,0.4423142075538635,0.3552016317844391,0.23447829484939575,0.2857033908367157,0.5855478644371033,-0.02572876401245594,0.9996204376220703,0.34476128220558167,0.5906850695610046,0.02570810168981552,0.9994814991950989,0.2989838123321533,0.657646119594574,-0.035385094583034515,0.8717064261436462,0.3476724624633789,0.6571967005729675,0.04626614600419998,0.7002053260803223,0.3182739317417145,0.7289830446243286,-0.06261423975229263,0.9440672993659973,0.34487560391426086,0.7289230823516846,0.052443478256464005,0.79282546043396,0.3204120993614197,0.737876832485199,-0.06407583504915237,0.9057409763336182,0.34354734420776367,0.7399503588676453,0.05108447000384331,0.8073261380195618,0.3131549060344696,0.7448257803916931,-0.10964837670326233,0.9061431288719177,0.3346766531467438,0.7402133941650391,0.010653374716639519,0.7347962260246277
168,0.36448419094085693,0.4665206968784332,0.1657925248146057,0.9979966878890991,0.36105966567993164,0.4600490629673004,0.12973855435848236,0.9978551864624023,0.358160138130188,0.4592745006084442,0.12969498336315155,0.9978602528572083,0.3546449840068817,0.45848944783210754,0.1297077238559723,0.9978086948394775,0.37267422676086426,0.46274662017822266,0.1449049562215805,0.9969017505645752,0.37711235880851746,0.4634162485599518,0.1448187530040741,0.9961994290351868,0.37892213463783264,0.4633735120296478,0.14481307566165924,0.9964156746864319,0.3487144708633423,0.4601168930530548,0.0026340612675994635,0.9965430498123169,0.3793155550956726,0.4653152823448181,0.07039608061313629,0.9961572289466858,0.35152843594551086,0.46875524520874023,0.12606923282146454,0.994670033454895,0.36527159810066223,0.47080203890800476,0.14563554525375366,0.9951065182685852,0.300680935382843,0.481693297624588,-0.05093977972865105,0.9988127946853638,0.40286508202552795,0.49359267950057983,0.06744992733001709,0.9973446130752563,0.2219846099615097,0.467830628156662,0.015966491773724556,0.9778870940208435,0.36765339970588684,0.49205106496810913,0.20875878632068634,0.33795449137687683,0.2772189974784851,0.44090932607650757,0.15678493678569794,0.909058690071106,0.33453696966171265,0.4530242681503296,0.35118600726127625,0.21843652427196503,0.28998011350631714,0.4336449205875397,0.16556301712989807,0.8901188373565674,0.33126649260520935,0.4423719346523285,0.36913159489631653,0.22657069563865662,0.3023604452610016,0.43823671340942383,0.13855646550655365,0.888094961643219,0.3242103159427643,0.4405234456062317,0.35502737760543823,0.22966362535953522,0.30150511860847473,0.4407861828804016,0.14995421469211578,0.8748294711112976,0.3229564428329468,0.4456407427787781,0.34761330485343933,0.23969988524913788,0.28550106287002563,0.5861921310424805,-0.017987119033932686,0.9995992183685303,0.34424713253974915,0.5902202725410461,0.017958560958504677,0.9994696378707886,0.29879194498062134,0.6578348278999329,-0.017536664381623268,0.8662446737289429,0.34996557235717773,0.6569488048553467,0.04562171921133995,0.703514814376831,0.32083505392074585,0.7288100123405457,-0.04188898950815201,0.9416567087173462,0.3459024131298065,0.7296091318130493,0.05253956466913223,0.7939422130584717,0.3233407437801361,0.737226128578186,-0.043120838701725006,0.9018376469612122,0.3473640978336334,0.7397387027740479,0.051826365292072296,0.8068434596061707,0.31586480140686035,0.7444406151771545,-0.08436219394207001,0.9029442667961121,0.34594568610191345,0.7407394647598267,0.014574076980352402,0.7346405386924744
169,0.3641395568847656,0.4679701626300812,0.17546524107456207,0.998052179813385,0.3594677746295929,0.4617031514644623,0.13913455605506897,0.9979247450828552,0.3564199209213257,0.46089333295822144,0.13909511268138885,0.9979270100593567,0.35314348340034485,0.46015506982803345,0.13911418616771698,0.9978762269020081,0.37081485986709595,0.4642767310142517,0.1559838354587555,0.9970061182975769,0.37533965706825256,0.46497997641563416,0.15589526295661926,0.9963362216949463,0.37761592864990234,0.46505868434906006,0.1559075117111206,0.9965399503707886,0.34348568320274353,0.4613264799118042,0.00992567092180252,0.9966796040534973,0.3794824182987213,0.4673536419868469,0.08472198992967606,0.9962970018386841,0.35192030668258667,0.4710347354412079,0.13466516137123108,0.9948236346244812,0.36503124237060547,0.4729140102863312,0.15639157593250275,0.9952507615089417,0.3020561933517456,0.4839288294315338,-0.049969300627708435,0.9988470077514648,0.4057098627090454,0.4960344433784485,0.08541027456521988,0.9974329471588135,0.22056841850280762,0.47111499309539795,0.011841910891234875,0.9782601594924927,0.37250328063964844,0.4960595369338989,0.23187154531478882,0.3417721092700958,0.26885923743247986,0.444238543510437,0.14936496317386627,0.9109458923339844,0.33469247817993164,0.45522159337997437,0.37258705496788025,0.2215227484703064,0.27367734909057617,0.43224379420280457,0.1566232591867447,0.8920772671699524,0.33112335205078125,0.4438916742801666,0.3920636773109436,0.2294817417860031,0.2934117019176483,0.44026848673820496,0.1324373185634613,0.8899843096733093,0.32186558842658997,0.4422343373298645,0.3766312897205353,0.2325294464826584,0.2919745445251465,0.442564994096756,0.1439000964164734,0.8764729499816895,0.32034024596214294,0.44753339886665344,0.3687054514884949,0.24275484681129456,0.28697729110717773,0.5887676477432251,-0.024060888215899467,0.9995914101600647,0.34594056010246277,0.5914589166641235,0.024010034278035164,0.9994543194770813,0.2982914447784424,0.6574724912643433,-0.04042850434780121,0.8651328086853027,0.3534998595714569,0.6569613814353943,0.041425615549087524,0.7055370211601257,0.32254403829574585,0.7308574914932251,-0.07358073443174362,0.9411900043487549,0.3474496603012085,0.7295474410057068,0.04213935136795044,0.7932639122009277,0.32719936966896057,0.7389127016067505,-0.07521487027406693,0.9022206664085388,0.3478963077068329,0.7383954524993896,0.04097410663962364,0.8068984150886536,0.3108072578907013,0.7437884211540222,-0.11863745003938675,0.9016842842102051,0.34592264890670776,0.7403830885887146,0.0042688483372330666,0.7322493195533752
170,0.36921781301498413,0.46867507696151733,0.14689092338085175,0.9981270432472229,0.3683062493801117,0.4634384214878082,0.10928133875131607,0.9980166554450989,0.3628334701061249,0.46212947368621826,0.10923155397176743,0.9980201721191406,0.3597317934036255,0.4613933265209198,0.1092519536614418,0.9979676008224487,0.37694400548934937,0.4652574956417084,0.12699900567531586,0.997136116027832,0.3791506290435791,0.4654390513896942,0.12689615786075592,0.996496319770813,0.38113948702812195,0.46549737453460693,0.12687063217163086,0.9966856837272644,0.3526748716831207,0.46250686049461365,-0.020262015983462334,0.9968291521072388,0.38116025924682617,0.46722468733787537,0.05817357823252678,0.9964544177055359,0.3577083945274353,0.4712221920490265,0.10602740198373795,0.99503493309021,0.36952710151672363,0.47301018238067627,0.12882685661315918,0.9954507946968079,0.30155423283576965,0.48527443408966064,-0.08096956461668015,0.9988903999328613,0.40361788868904114,0.4969639778137207,0.07175850123167038,0.997502863407135,0.21736499667167664,0.4757101833820343,-0.01954488828778267,0.9785945415496826,0.36327794194221497,0.4987858235836029,0.21969136595726013,0.3432700037956238,0.26712337136268616,0.4464949667453766,0.11253546178340912,0.9118570685386658,0.33129575848579407,0.45753544569015503,0.3606458008289337,0.22266429662704468,0.26968127489089966,0.43666818737983704,0.11910665780305862,0.8928844332695007,0.3292701542377472,0.44649630784988403,0.38051268458366394,0.230295792222023,0.2906848192214966,0.4425266981124878,0.09399030357599258,0.8907545804977417,0.318941205739975,0.4463955760002136,0.36473119258880615,0.23331040143966675,0.28822678327560425,0.44632628560066223,0.10660910606384277,0.877156138420105,0.318088561296463,0.44887953996658325,0.3565410077571869,0.24360281229019165,0.2870890200138092,0.5880438089370728,-0.02936805598437786,0.9995918273925781,0.34484416246414185,0.5913244485855103,0.02931911312043667,0.9994492530822754,0.29687392711639404,0.6584739089012146,-0.011283454485237598,0.8648287057876587,0.3518695831298828,0.6576520800590515,0.07170370221138,0.7045515179634094,0.3192380964756012,0.7287892699241638,-0.029162311926484108,0.9408599138259888,0.34772294759750366,0.7255608439445496,0.09089844673871994,0.7912020683288574,0.32229986786842346,0.7368894815444946,-0.028814047574996948,0.9012235403060913,0.3458316922187805,0.7331991791725159,0.09183663129806519,0.8058274388313293,0.30800142884254456,0.7416640520095825,-0.06723053008317947,0.9006273150444031,0.3403260111808777,0.7349326014518738,0.06075811758637428,0.729226291179657
171,0.37435126304626465,0.4697503447532654,0.19513311982154846,0.9981934428215027,0.37248075008392334,0.46430718898773193,0.1614101231098175,0.9981027245521545,0.369208961725235,0.46310463547706604,0.16136610507965088,0.9981045126914978,0.3631523549556732,0.4613664448261261,0.16138949990272522,0.9980560541152954,0.38039547204971313,0.4664281904697418,0.1779727339744568,0.9972487092018127,0.3822736144065857,0.4665713310241699,0.17787842452526093,0.9966375231742859,0.3840170204639435,0.4665946662425995,0.1778855323791504,0.9968170523643494,0.35563528537750244,0.46171247959136963,0.040509890764951706,0.9969758987426758,0.38390156626701355,0.4678359627723694,0.11280829459428787,0.996586263179779,0.36509406566619873,0.473464697599411,0.15648801624774933,0.9951912760734558,0.3734670877456665,0.47512683272361755,0.17764361202716827,0.9956031441688538,0.30408820509910583,0.4839935004711151,-0.024342169985175133,0.9989266395568848,0.40512415766716003,0.49685463309288025,0.11331851035356522,0.9975380897521973,0.21773023903369904,0.4797266721725464,0.05362652242183685,0.9790736436843872,0.3657684028148651,0.5057212114334106,0.24602650105953217,0.3439621925354004,0.2684207856655121,0.44954413175582886,0.20871153473854065,0.9126458764076233,0.3346235752105713,0.46285417675971985,0.3831024169921875,0.22257132828235626,0.27309805154800415,0.4423607587814331,0.22163651883602142,0.8934932351112366,0.32311487197875977,0.4503883719444275,0.4021269977092743,0.22992223501205444,0.2858428359031677,0.44552212953567505,0.19558435678482056,0.8913313150405884,0.3169757127761841,0.450884073972702,0.3904672861099243,0.23281057178974152,0.2835243344306946,0.44931790232658386,0.20375292003154755,0.8773292303085327,0.31615474820137024,0.4531833231449127,0.3803640902042389,0.2429686188697815,0.28825750946998596,0.5870095491409302,-0.028274284675717354,0.9995608925819397,0.34686797857284546,0.5902884006500244,0.02816774509847164,0.9994088411331177,0.299771249294281,0.6561442613601685,-0.04765825346112251,0.8646796941757202,0.3539083003997803,0.6566562056541443,0.038606904447078705,0.7077664136886597,0.3203238248825073,0.728603184223175,-0.09382440149784088,0.9395179152488708,0.34832316637039185,0.7291589379310608,0.01946284808218479,0.7919512987136841,0.3280756175518036,0.7378808856010437,-0.09605342149734497,0.9007683992385864,0.35209396481513977,0.7405220866203308,0.01590399444103241,0.8077717423439026,0.31098008155822754,0.7422760725021362,-0.13620659708976746,0.897594690322876,0.345531702041626,0.741016149520874,-0.019626561552286148,0.7269771099090576
172,0.3732057213783264,0.4672936201095581,0.20777186751365662,0.9982199668884277,0.37304145097732544,0.4624665677547455,0.174896702170372,0.9981521964073181,0.37018534541130066,0.4612285792827606,0.17484048008918762,0.998154878616333,0.3634369969367981,0.45918339490890503,0.17484897375106812,0.9981150031089783,0.3809768855571747,0.465231329202652,0.1910361498594284,0.9973059296607971,0.3826780319213867,0.46555694937705994,0.19094109535217285,0.9967172741889954,0.3841063380241394,0.46572503447532654,0.19095298647880554,0.9968916177749634,0.3557806611061096,0.4602791666984558,0.05635639652609825,0.9970638155937195,0.3846260905265808,0.46762731671333313,0.12681028246879578,0.9966343641281128,0.3609817326068878,0.47031837701797485,0.16975757479667664,0.9952502250671387,0.37289664149284363,0.47331592440605164,0.19045163691043854,0.9956525564193726,0.3019642233848572,0.4841502606868744,-0.013022727333009243,0.9989675283432007,0.4059109687805176,0.49635830521583557,0.12538254261016846,0.9975401163101196,0.2202054113149643,0.48293837904930115,0.07678782194852829,0.9793218374252319,0.3657310903072357,0.5125130414962769,0.2690005600452423,0.3364816904067993,0.2677084803581238,0.45358479022979736,0.2427215874195099,0.9119712710380554,0.3364325761795044,0.4677189886569977,0.4276260733604431,0.21612854301929474,0.27337417006492615,0.4449385404586792,0.2577822506427765,0.8924247026443481,0.3352268636226654,0.45605069398880005,0.44917890429496765,0.2238926738500595,0.2906901240348816,0.4480131268501282,0.23134218156337738,0.8902528285980225,0.3175373375415802,0.4531116187572479,0.437027245759964,0.22666117548942566,0.2833036482334137,0.45167914032936096,0.2382735013961792,0.8757608532905579,0.31653153896331787,0.45746803283691406,0.4251805543899536,0.23660314083099365,0.2901253402233124,0.5861467719078064,-0.02834579162299633,0.9995389580726624,0.34672826528549194,0.5906490087509155,0.028177598491311073,0.9993835687637329,0.3003433644771576,0.6572815179824829,-0.037875112146139145,0.8657808899879456,0.3504929840564728,0.6577703952789307,0.051526255905628204,0.7145982980728149,0.32127848267555237,0.7314730286598206,-0.07973331958055496,0.9386340379714966,0.3462522029876709,0.7318887710571289,0.03359699621796608,0.7952907681465149,0.3244682550430298,0.7383374571800232,-0.08134554326534271,0.9006691575050354,0.344682514667511,0.7376269698143005,0.02987801283597946,0.8111766576766968,0.3077303171157837,0.7407971620559692,-0.12281931936740875,0.8945118188858032,0.3478832244873047,0.7428475618362427,-0.007440259680151939,0.7259885668754578
173,0.3692806661128998,0.46432775259017944,0.20050065219402313,0.9983012080192566,0.36925509572029114,0.4591754674911499,0.16561934351921082,0.9982568621635437,0.3661442697048187,0.4579644799232483,0.1655554622411728,0.9982622265815735,0.3578537404537201,0.4559801518917084,0.1655750721693039,0.9982260465621948,0.37861689925193787,0.4626695513725281,0.18084843456745148,0.9974607229232788,0.38015496730804443,0.4631555378437042,0.18074491620063782,0.9969175457954407,0.3813612461090088,0.46350234746932983,0.18073341250419617,0.9970797896385193,0.3498986065387726,0.4580973982810974,0.044603243470191956,0.997243344783783,0.3816542625427246,0.4662839472293854,0.1122104749083519,0.9968248009681702,0.3602977991104126,0.46871721744537354,0.1619752198457718,0.9954732656478882,0.36878639459609985,0.4716189503669739,0.18183109164237976,0.9958513379096985,0.29872098565101624,0.4841015040874481,-0.027440086007118225,0.9989964962005615,0.4051494002342224,0.4982790946960449,0.10692070424556732,0.9976347088813782,0.22152571380138397,0.4863286018371582,0.08034377545118332,0.978405773639679,0.3715325891971588,0.5201627612113953,0.26604390144348145,0.3412569761276245,0.2629148066043854,0.45709338784217834,0.2756301462650299,0.8999888300895691,0.342824786901474,0.4801260530948639,0.44453808665275574,0.20850162208080292,0.27235522866249084,0.4501957893371582,0.29672664403915405,0.8787859678268433,0.34120890498161316,0.47027596831321716,0.47039657831192017,0.21625933051109314,0.28757143020629883,0.4526670575141907,0.26992493867874146,0.8765299320220947,0.32706621289253235,0.4637964367866516,0.4561639726161957,0.21891944110393524,0.2855442464351654,0.45618465542793274,0.27224200963974,0.8612241148948669,0.3267069160938263,0.46817150712013245,0.442031592130661,0.22858299314975739,0.29053017497062683,0.5876758694648743,-0.025162557139992714,0.9995386004447937,0.3472452461719513,0.5917465686798096,0.025067176669836044,0.999403178691864,0.3020075857639313,0.658162534236908,-0.015720777213573456,0.8706768155097961,0.3508596420288086,0.6570847034454346,0.06864669919013977,0.7321765422821045,0.32551309466362,0.7290963530540466,-0.05168205872178078,0.9393209218978882,0.34400999546051025,0.727052628993988,0.05705556645989418,0.8041793704032898,0.32864144444465637,0.736160159111023,-0.05217002332210541,0.9027533531188965,0.3457992672920227,0.7355833053588867,0.055281899869441986,0.8198614716529846,0.32287314534187317,0.7413368225097656,-0.07956582307815552,0.8906364440917969,0.34780365228652954,0.7386337518692017,0.03192337229847908,0.7251921892166138
174,0.37592771649360657,0.4666100740432739,0.18548671901226044,0.9983500242233276,0.37160882353782654,0.4607139825820923,0.15112917125225067,0.9983215928077698,0.3685165345668793,0.4595459997653961,0.15106189250946045,0.9983267784118652,0.36480414867401123,0.45844918489456177,0.15106306970119476,0.9982960224151611,0.37984251976013184,0.4634593725204468,0.1664823442697525,0.9975573420524597,0.381393164396286,0.46378639340400696,0.1663847416639328,0.9970435500144958,0.3841211199760437,0.4643304646015167,0.16638466715812683,0.9971985816955566,0.35303881764411926,0.459016889333725,0.03377056121826172,0.997373104095459,0.38348492980003357,0.46672818064689636,0.10184603929519653,0.996927797794342,0.36449968814849854,0.47025570273399353,0.14881260693073273,0.9955779910087585,0.37519192695617676,0.4729035496711731,0.1686786413192749,0.9959300756454468,0.30320045351982117,0.4835740327835083,-0.029967619106173515,0.9990127086639404,0.4069475829601288,0.4981275200843811,0.1037156954407692,0.9976969361305237,0.22401611506938934,0.49110478162765503,0.08309667557477951,0.9763753414154053,0.37216877937316895,0.5168135166168213,0.2462262511253357,0.33980026841163635,0.2660210430622101,0.46164101362228394,0.28436198830604553,0.8863680958747864,0.3400781452655792,0.47554031014442444,0.39821478724479675,0.20168384909629822,0.27168211340904236,0.4554567039012909,0.30568772554397583,0.8637962341308594,0.33729085326194763,0.4647855758666992,0.4202254116535187,0.2097308337688446,0.2865859568119049,0.4574509263038635,0.27985918521881104,0.8614610433578491,0.31830692291259766,0.46174484491348267,0.40794479846954346,0.21228986978530884,0.28494441509246826,0.46062910556793213,0.28136512637138367,0.84550940990448,0.31917718052864075,0.4657433331012726,0.3955734372138977,0.22183360159397125,0.29104405641555786,0.5877115726470947,-0.02729181945323944,0.9995194673538208,0.3475143313407898,0.5913692116737366,0.027234552428126335,0.9994039535522461,0.29919272661209106,0.6576259732246399,-0.015937596559524536,0.8712772727012634,0.3525899052619934,0.6601903438568115,0.06881200522184372,0.7422859072685242,0.3240918219089508,0.7269476652145386,-0.04238000512123108,0.9377167820930481,0.34247004985809326,0.728461503982544,0.06147168576717377,0.8092230558395386,0.32542404532432556,0.7350378036499023,-0.04227316379547119,0.9014419317245483,0.34008610248565674,0.7345553636550903,0.0599764846265316,0.8251680731773376,0.3169333040714264,0.7438942790031433,-0.07016736268997192,0.8860193490982056,0.3436356484889984,0.7392371892929077,0.035727038979530334,0.7251244783401489
175,0.38448867201805115,0.47087085247039795,0.26617303490638733,0.9984663724899292,0.38220295310020447,0.46506091952323914,0.23111623525619507,0.9984529614448547,0.37903866171836853,0.4637475907802582,0.23104408383369446,0.9984585046768188,0.3721263110637665,0.46159738302230835,0.23105311393737793,0.998431384563446,0.3904862701892853,0.4677654802799225,0.24306818842887878,0.9977477788925171,0.3923208713531494,0.46808645129203796,0.24293965101242065,0.9972768425941467,0.3952617645263672,0.4684891700744629,0.24292361736297607,0.997419536113739,0.36376020312309265,0.4630950689315796,0.10789358615875244,0.9975904226303101,0.3924454152584076,0.47103261947631836,0.16000305116176605,0.9971736073493958,0.37612074613571167,0.4726088345050812,0.22718185186386108,0.9959093928337097,0.38604339957237244,0.4754960834980011,0.2426752746105194,0.9962350726127625,0.3033008575439453,0.4849020838737488,0.02662310004234314,0.9990686178207397,0.4077911376953125,0.5010865330696106,0.1320265382528305,0.997850775718689,0.22148387134075165,0.4964905381202698,0.12475352734327316,0.9735846519470215,0.3719560503959656,0.5260068774223328,0.2908003330230713,0.3421483039855957,0.2684437930583954,0.46937263011932373,0.3136540353298187,0.860011100769043,0.339517742395401,0.48742300271987915,0.4994644820690155,0.19099369645118713,0.275581032037735,0.46026748418807983,0.34039607644081116,0.8359061479568481,0.33247610926628113,0.4717697501182556,0.5288691520690918,0.19914089143276215,0.2895357310771942,0.46374496817588806,0.31409361958503723,0.8333843350410461,0.321032851934433,0.4692012369632721,0.5199515223503113,0.20155426859855652,0.2884767949581146,0.4655698835849762,0.3108590841293335,0.8171467781066895,0.3219945728778839,0.4702163636684418,0.49999746680259705,0.21076160669326782,0.29145851731300354,0.5892323851585388,-0.017007308080792427,0.999526858329773,0.348899245262146,0.5933848023414612,0.016808217391371727,0.9994331002235413,0.3037356734275818,0.6591888666152954,0.0007012360729277134,0.878616213798523,0.3517184257507324,0.6604777574539185,0.06254962831735611,0.762872576713562,0.32124316692352295,0.7292146682739258,-0.06216127425432205,0.939933180809021,0.3470413088798523,0.7307983636856079,0.029877513647079468,0.8215599060058594,0.3232489228248596,0.736166775226593,-0.06491287052631378,0.9061687588691711,0.34525391459465027,0.7395041584968567,0.02629781886935234,0.8367044925689697,0.3150460720062256,0.7407122850418091,-0.08796998113393784,0.8828953504562378,0.35363489389419556,0.7433674335479736,0.006808829493820667,0.7265692353248596
176,0.39068490266799927,0.4764063060283661,0.267550528049469,0.9985513091087341,0.386285662651062,0.47032448649406433,0.23517245054244995,0.998551607131958,0.38335442543029785,0.4689508378505707,0.23509065806865692,0.9985570311546326,0.3796667456626892,0.4672898054122925,0.23507891595363617,0.9985342025756836,0.3933717906475067,0.47243645787239075,0.24238908290863037,0.9978864192962646,0.39559221267700195,0.47267770767211914,0.24225014448165894,0.9974464774131775,0.3973469138145447,0.47262585163116455,0.2422432005405426,0.9975805282592773,0.36747536063194275,0.4659574627876282,0.12001550197601318,0.9977607131004333,0.3936188817024231,0.4733112156391144,0.1501973271369934,0.9973463416099548,0.3802059590816498,0.47784027457237244,0.23181821405887604,0.9961707592010498,0.3888562321662903,0.48067548871040344,0.2409176081418991,0.9964748024940491,0.3049224019050598,0.484163761138916,0.047511279582977295,0.9991315603256226,0.4083731770515442,0.4988628625869751,0.11658765375614166,0.9979935884475708,0.2279065102338791,0.5022011399269104,0.15130439400672913,0.9661069512367249,0.364655077457428,0.5255504250526428,0.24882705509662628,0.3446248173713684,0.2617850601673126,0.477955162525177,0.3279479742050171,0.8269583582878113,0.31634920835494995,0.48098060488700867,0.4424302875995636,0.18285612761974335,0.27402520179748535,0.4692022204399109,0.3541882336139679,0.8030718564987183,0.3077523708343506,0.47387421131134033,0.4703981280326843,0.19114802777767181,0.28585171699523926,0.4701624810695648,0.3305836617946625,0.8001492619514465,0.3109150826931,0.4710727334022522,0.4619876444339752,0.19336050748825073,0.28254371881484985,0.4743426442146301,0.32547086477279663,0.7836201190948486,0.3107655942440033,0.47433632612228394,0.4430820047855377,0.2023981213569641,0.29199522733688354,0.5891904830932617,-0.009873589500784874,0.999539315700531,0.34937191009521484,0.5923160314559937,0.009658274240791798,0.9994589686393738,0.3048594295978546,0.6608086824417114,-0.0011313381837680936,0.8845726847648621,0.35345855355262756,0.6594182252883911,0.04101097211241722,0.7810122966766357,0.3278881311416626,0.7293004989624023,-0.07169484347105026,0.9418054223060608,0.34688425064086914,0.7290512323379517,0.015085805207490921,0.8327094912528992,0.3295542299747467,0.7379601001739502,-0.07645401358604431,0.909540593624115,0.3486545979976654,0.7398955225944519,0.01154148019850254,0.8465169668197632,0.3268525004386902,0.7481966018676758,-0.11188225448131561,0.8819546103477478,0.3547033667564392,0.7454321980476379,-0.016355253756046295,0.7319629192352295
177,0.3958946466445923,0.4785289466381073,0.2894744575023651,0.9986678957939148,0.39335039258003235,0.4730049669742584,0.2550634443759918,0.9986757636070251,0.38992518186569214,0.4714444875717163,0.2549704909324646,0.9986802935600281,0.38653483986854553,0.4697464406490326,0.25494715571403503,0.9986618161201477,0.3991624414920807,0.47488099336624146,0.2559654414653778,0.9980686902999878,0.4008106291294098,0.4749879837036133,0.2558266222476959,0.99766606092453,0.4024527668952942,0.4748983383178711,0.25585100054740906,0.9977895021438599,0.37231892347335815,0.4662553668022156,0.13568434119224548,0.9979648590087891,0.39797836542129517,0.4736262857913971,0.13767074048519135,0.9975774884223938,0.3860306143760681,0.47893860936164856,0.25405165553092957,0.996496319770813,0.3935520648956299,0.4814194142818451,0.2545184791088104,0.9967722296714783,0.3018900752067566,0.4836178123950958,0.08304497599601746,0.9992028474807739,0.40618953108787537,0.49798545241355896,0.09462759643793106,0.9981735348701477,0.2326795905828476,0.5059677958488464,0.19583123922348022,0.9515235424041748,0.3739417493343353,0.5277121663093567,0.24286143481731415,0.3495005965232849,0.25196486711502075,0.4875178039073944,0.3666585385799408,0.7864015102386475,0.3421001434326172,0.4950418770313263,0.4754106402397156,0.17658385634422302,0.26471996307373047,0.4847744405269623,0.4029957950115204,0.7641177773475647,0.3285295069217682,0.48303499817848206,0.5118190050125122,0.18528856337070465,0.2740580439567566,0.4857906699180603,0.3785724639892578,0.7609782814979553,0.32042381167411804,0.4782758057117462,0.5102638602256775,0.1871308833360672,0.27476027607917786,0.48683369159698486,0.36450132727622986,0.744356095790863,0.32057929039001465,0.48293405771255493,0.48163214325904846,0.19550418853759766,0.29106342792510986,0.5848977565765381,0.011341379024088383,0.9995514154434204,0.34898653626441956,0.5906715393066406,-0.011625313200056553,0.9994903802871704,0.30345776677131653,0.6597074270248413,0.02851375751197338,0.8846665024757385,0.3548870086669922,0.659960150718689,0.020094197243452072,0.7969390153884888,0.3243972659111023,0.731108546257019,-0.027887849137187004,0.9412856698036194,0.34627798199653625,0.7306475043296814,-0.0058636050671339035,0.8434232473373413,0.32183220982551575,0.7373683452606201,-0.030862154439091682,0.9097067713737488,0.34187939763069153,0.7395582795143127,-0.007774622179567814,0.8550736308097839,0.3321737051010132,0.7446766495704651,-0.06112398952245712,0.8807829022407532,0.35850825905799866,0.7461938261985779,-0.034198977053165436,0.7429099678993225
178,0.39480453729629517,0.47849294543266296,0.29616090655326843,0.9987583160400391,0.3922010660171509,0.4728076159954071,0.2617032527923584,0.998778223991394,0.38925880193710327,0.4713893234729767,0.26161471009254456,0.9987826347351074,0.38514193892478943,0.469503790140152,0.2616020739078522,0.9987679719924927,0.3980914354324341,0.4746459424495697,0.26265856623649597,0.9982201457023621,0.3995768129825592,0.47470566630363464,0.2625056505203247,0.9978508353233337,0.40096691250801086,0.4746001660823822,0.26250770688056946,0.9979654550552368,0.37156417965888977,0.46595409512519836,0.14210245013237,0.998138427734375,0.3949139416217804,0.47289717197418213,0.1436508446931839,0.9977715015411377,0.38371995091438293,0.4789019525051117,0.2603110373020172,0.9967712759971619,0.3918711245059967,0.48137998580932617,0.2608375549316406,0.9970259666442871,0.3002832233905792,0.4870254397392273,0.07605598866939545,0.9992606043815613,0.4044150114059448,0.5016371607780457,0.09895548969507217,0.9983317852020264,0.22234375774860382,0.5169463753700256,0.20778252184391022,0.9308692812919617,0.3691410422325134,0.5338479280471802,0.23756033182144165,0.3562332093715668,0.2452019900083542,0.4969691336154938,0.4148688316345215,0.7327311635017395,0.33488762378692627,0.5029289126396179,0.4604557454586029,0.1685401201248169,0.25233522057533264,0.493510365486145,0.4554101228713989,0.7126638889312744,0.331394761800766,0.4952164888381958,0.49659428000450134,0.1773388832807541,0.2673504650592804,0.4951981008052826,0.4312407970428467,0.7094470858573914,0.32377177476882935,0.4925454258918762,0.4924792945384979,0.178937166929245,0.26510435342788696,0.49436575174331665,0.4140031337738037,0.6939488053321838,0.3231472969055176,0.49461400508880615,0.4649534225463867,0.1867072880268097,0.2909630239009857,0.5898577570915222,0.005052490625530481,0.9995548129081726,0.34981581568717957,0.5931976437568665,-0.005323468707501888,0.999518096446991,0.3036804497241974,0.6625260710716248,0.018900541588664055,0.8882455229759216,0.35415560007095337,0.6601561307907104,0.02497982792556286,0.812395453453064,0.32503753900527954,0.7325043082237244,-0.042273834347724915,0.9409736394882202,0.34314143657684326,0.7312292456626892,-0.00798929575830698,0.8527771234512329,0.323413223028183,0.7393372058868408,-0.04512300714850426,0.9105510711669922,0.3419361412525177,0.7410553693771362,-0.010092769749462605,0.863044261932373,0.32957637310028076,0.7487841248512268,-0.06623797863721848,0.8757619261741638,0.35840675234794617,0.748387336730957,-0.027695298194885254,0.7463961839675903
179,0.3982744514942169,0.47872045636177063,0.269862562417984,0.9988692402839661,0.395029217004776,0.473014235496521,0.23070551455020905,0.9988918304443359,0.39226096868515015,0.4716370403766632,0.23061524331569672,0.9988958835601807,0.3890247046947479,0.4699810743331909,0.2306188941001892,0.9988833069801331,0.4011308252811432,0.4749104380607605,0.229047030210495,0.9983876347541809,0.4028477966785431,0.47503188252449036,0.22889214754104614,0.9980536103248596,0.4044358432292938,0.47496917843818665,0.22888995707035065,0.9981577396392822,0.37454190850257874,0.4659011960029602,0.10182254016399384,0.998317301273346,0.39914998412132263,0.47349417209625244,0.09268681704998016,0.9979842901229858,0.3880346417427063,0.47928154468536377,0.23226375877857208,0.9970758557319641,0.39538535475730896,0.48149123787879944,0.22950012981891632,0.997306227684021,0.2968449592590332,0.48597484827041626,0.04390385374426842,0.9993244409561157,0.40528562664985657,0.5011013150215149,0.05127441883087158,0.9984920620918274,0.22979828715324402,0.5165046453475952,0.18330936133861542,0.9093934893608093,0.37253597378730774,0.5412832498550415,0.2129250168800354,0.3749382197856903,0.2614765763282776,0.5001286268234253,0.395999014377594,0.6767894625663757,0.3441472351551056,0.5162557363510132,0.46833938360214233,0.16065405309200287,0.2709276080131531,0.4967637062072754,0.44079580903053284,0.6581287980079651,0.34255072474479675,0.5102872848510742,0.5108071565628052,0.168953999876976,0.28591108322143555,0.4980827271938324,0.4191487431526184,0.6550679206848145,0.33495786786079407,0.5068711042404175,0.5074046850204468,0.17033341526985168,0.2828492224216461,0.4992743730545044,0.3961805999279022,0.6411796808242798,0.3335142433643341,0.5082162618637085,0.47494783997535706,0.17733228206634521,0.29250577092170715,0.591867983341217,0.015043920837342739,0.999570369720459,0.35122644901275635,0.5943208932876587,-0.01519615575671196,0.9995543360710144,0.3031114637851715,0.662714421749115,0.061891231685876846,0.8924840092658997,0.35674673318862915,0.661187469959259,0.045771948993206024,0.8288835883140564,0.3220379948616028,0.7313410043716431,0.031130317598581314,0.9415610432624817,0.3424912691116333,0.7302481532096863,0.03661642223596573,0.8636372685432434,0.3201195001602173,0.7394776940345764,0.031565405428409576,0.912625789642334,0.3363706171512604,0.7395374178886414,0.03865134343504906,0.8724943995475769,0.32437026500701904,0.7453015446662903,0.025396455079317093,0.8712266683578491,0.3562101721763611,0.7471253275871277,0.03461737558245659,0.7530402541160583
180,0.4003390371799469,0.48414361476898193,0.25482580065727234,0.9989719390869141,0.3983038067817688,0.47813087701797485,0.21689437329769135,0.9989960193634033,0.3960612118244171,0.47691652178764343,0.21681535243988037,0.9989994168281555,0.39325863122940063,0.4753902554512024,0.21683403849601746,0.998988926410675,0.4029848575592041,0.4795736074447632,0.21219468116760254,0.9985412955284119,0.4042558968067169,0.47955140471458435,0.21202750504016876,0.9982391595840454,0.40535345673561096,0.4786021113395691,0.21204224228858948,0.998333752155304,0.37932509183883667,0.4704436659812927,0.09160631895065308,0.9984799027442932,0.3994870185852051,0.47658538818359375,0.06871969997882843,0.9981771111488342,0.39089637994766235,0.4857405722141266,0.21858638525009155,0.9973539113998413,0.3969637155532837,0.48720166087150574,0.21172550320625305,0.9975614547729492,0.2961333990097046,0.48750588297843933,0.038277409970760345,0.9993849396705627,0.4036736488342285,0.5052090287208557,0.025486020371317863,0.9986400604248047,0.23565876483917236,0.5215302109718323,0.19477106630802155,0.8760034441947937,0.38393381237983704,0.542285144329071,0.18198132514953613,0.410712331533432,0.2752632200717926,0.5117939710617065,0.4159955084323883,0.621347188949585,0.35891079902648926,0.5174944996833801,0.4310370087623596,0.15961679816246033,0.2862641215324402,0.5083482265472412,0.4625161290168762,0.6046801209449768,0.3583768308162689,0.5111339092254639,0.4754571318626404,0.16604876518249512,0.3013274669647217,0.5088046193122864,0.44183477759361267,0.601681649684906,0.3489040434360504,0.507548987865448,0.46998417377471924,0.16709263622760773,0.2978570759296417,0.5097001194953918,0.41681548953056335,0.5893914699554443,0.34716397523880005,0.5090773701667786,0.43705910444259644,0.1732066571712494,0.29356709122657776,0.5925115942955017,0.02314763516187668,0.9995906949043274,0.35180991888046265,0.5955311059951782,-0.023267369717359543,0.999591052532196,0.30702346563339233,0.6629083752632141,0.07079016417264938,0.8949348330497742,0.35855633020401,0.6620936989784241,0.028607480227947235,0.8440850377082825,0.3244214653968811,0.730617105960846,0.03967874497175217,0.9415552020072937,0.3420136272907257,0.7278892993927002,0.029333947226405144,0.8735417127609253,0.3233008086681366,0.7384653687477112,0.039347413927316666,0.9141371846199036,0.33821794390678406,0.736204981803894,0.03379750996828079,0.881426215171814,0.33465200662612915,0.7474480867385864,0.03798041120171547,0.867042064666748,0.3582964837551117,0.7459498047828674,0.039514027535915375,0.760381281375885
