frame,nose_x,nose_y,nose_z,nose_visibility,left_eye_inner_x,left_eye_inner_y,left_eye_inner_z,left_eye_inner_visibility,left_eye_x,left_eye_y,left_eye_z,left_eye_visibility,left_eye_outer_x,left_eye_outer_y,left_eye_outer_z,left_eye_outer_visibility,right_eye_inner_x,right_eye_inner_y,right_eye_inner_z,right_eye_inner_visibility,right_eye_x,right_eye_y,right_eye_z,right_eye_visibility,right_eye_outer_x,right_eye_outer_y,right_eye_outer_z,right_eye_outer_visibility,left_ear_x,left_ear_y,left_ear_z,left_ear_visibility,right_ear_x,right_ear_y,right_ear_z,right_ear_visibility,mouth_left_x,mouth_left_y,mouth_left_z,mouth_left_visibility,mouth_right_x,mouth_right_y,mouth_right_z,mouth_right_visibility,left_shoulder_x,left_shoulder_y,left_shoulder_z,left_shoulder_visibility,right_shoulder_x,right_shoulder_y,right_shoulder_z,right_shoulder_visibility,left_elbow_x,left_elbow_y,left_elbow_z,left_elbow_visibility,right_elbow_x,right_elbow_y,right_elbow_z,right_elbow_visibility,left_wrist_x,left_wrist_y,left_wrist_z,left_wrist_visibility,right_wrist_x,right_wrist_y,right_wrist_z,right_wrist_visibility,left_pinky_x,left_pinky_y,left_pinky_z,left_pinky_visibility,right_pinky_x,right_pinky_y,right_pinky_z,right_pinky_visibility,left_index_x,left_index_y,left_index_z,left_index_visibility,right_index_x,right_index_y,right_index_z,right_index_visibility,left_thumb_x,left_thumb_y,left_thumb_z,left_thumb_visibility,right_thumb_x,right_thumb_y,right_thumb_z,right_thumb_visibility,left_hip_x,left_hip_y,left_hip_z,left_hip_visibility,right_hip_x,right_hip_y,right_hip_z,right_hip_visibility,left_knee_x,left_knee_y,left_knee_z,left_knee_visibility,right_knee_x,right_knee_y,right_knee_z,right_knee_visibility,left_ankle_x,left_ankle_y,left_ankle_z,left_ankle_visibility,right_ankle_x,right_ankle_y,right_ankle_z,right_ankle_visibility,left_heel_x,left_heel_y,left_heel_z,left_heel_visibility,right_heel_x,right_heel_y,right_heel_z,right_heel_visibility,left_foot_index_x,left_foot_index_y,left_foot_index_z,left_foot_index_visibility,right_foot_index_x,right_foot_index_y,right_foot_index_z,right_foot_index_visibility
0,0.4689331650733948,0.507804274559021,0.0006644129753112793,0.999718964099884,0.470348984003067,0.4997413754463196,0.0057427785359323025,0.9996908903121948,0.4691894054412842,0.4990203082561493,0.005704271607100964,0.9996370077133179,0.46789759397506714,0.4982302486896515,0.005680705886334181,0.9997401833534241,0.4696410894393921,0.49976012110710144,-0.03892499953508377,0.9996649026870728,0.4681946039199829,0.4991445243358612,-0.03907341510057449,0.9995684027671814,0.4667006731033325,0.4984816312789917,-0.03907843306660652,0.9996664524078369,0.45038697123527527,0.4930686950683594,0.04582850635051727,0.9994390606880188,0.4509018063545227,0.4954123795032501,-0.15440969169139862,0.999523401260376,0.4584970474243164,0.511171817779541,0.0227703507989645,0.9995898604393005,0.4579887390136719,0.5115364789962769,-0.03583524003624916,0.9995924830436707,0.3849545121192932,0.5064501166343689,0.15242400765419006,0.9998311996459961,0.4109203517436981,0.520222008228302,-0.263588011264801,0.9999706745147705,0.36139869689941406,0.5591088533401489,0.23188838362693787,0.15705563127994537,0.4001062512397766,0.5764104127883911,-0.3138274550437927,0.9787160158157349,0.3935847282409668,0.613113284111023,0.1916811317205429,0.13070036470890045,0.4212394952774048,0.6280679702758789,-0.22704248130321503,0.8981585502624512,0.4021152853965759,0.6242406964302063,0.20568041503429413,0.12452775239944458,0.42595747113227844,0.639455258846283,-0.25904542207717896,0.8304389119148254,0.4078252613544464,0.6262863278388977,0.16615308821201324,0.1285160630941391,0.42788970470428467,0.6380894184112549,-0.23745572566986084,0.8230041265487671,0.4058343768119812,0.6235973238945007,0.1734938621520996,0.13383109867572784,0.4261954724788666,0.6352168321609497,-0.21680569648742676,0.7645297050476074,0.31985747814178467,0.6035173535346985,0.13386787474155426,0.9995695948600769,0.3229566216468811,0.6116527915000916,-0.1335827261209488,0.9998816251754761,0.3344390392303467,0.6777309775352478,0.21371600031852722,0.5075914859771729,0.33459150791168213,0.6901989579200745,-0.07368405908346176,0.9713637232780457,0.35410499572753906,0.7490131855010986,0.3304117023944855,0.6680571436882019,0.3317286968231201,0.7692189812660217,0.025549301877617836,0.9680431485176086,0.3425424098968506,0.7610477209091187,0.33660414814949036,0.7318276166915894,0.3233005702495575,0.7805714011192322,0.03174303472042084,0.9562512636184692,0.4026578366756439,0.7659214735031128,0.2847667932510376,0.7466039657592773,0.3859519958496094,0.7880699634552002,-0.04354042187333107,0.9510214924812317
1,0.4656749665737152,0.5073381662368774,0.027732642367482185,0.9997137188911438,0.46820440888404846,0.5005031824111938,0.032421909272670746,0.9996833205223083,0.46710139513015747,0.4998701810836792,0.032368965446949005,0.9996285438537598,0.46573904156684875,0.49910202622413635,0.03233892470598221,0.9997340440750122,0.46814271807670593,0.5004875063896179,-0.010052265599370003,0.9996551275253296,0.4671042561531067,0.49990925192832947,-0.010220128111541271,0.9995566010475159,0.46593350172042847,0.4992235004901886,-0.010227669030427933,0.9996575117111206,0.44934672117233276,0.49402549862861633,0.06442836672067642,0.9994258284568787,0.4503330886363983,0.495330274105072,-0.125427708029747,0.9995161890983582,0.45433127880096436,0.5108456015586853,0.04663427546620369,0.9995905160903931,0.4539972245693207,0.511442244052887,-0.00911574624478817,0.9995915293693542,0.38501009345054626,0.5098265409469604,0.1620042771100998,0.9998371005058289,0.4077926278114319,0.5192961096763611,-0.23110538721084595,0.9999710321426392,0.36685284972190857,0.5598253607749939,0.2348436415195465,0.1578473150730133,0.39824607968330383,0.5739623308181763,-0.2802372872829437,0.9775429368019104,0.40370842814445496,0.6108165383338928,0.19006836414337158,0.13344639539718628,0.42190176248550415,0.6270349621772766,-0.20691463351249695,0.8977042436599731,0.41399651765823364,0.6212016344070435,0.20289823412895203,0.12719285488128662,0.42577821016311646,0.6352208256721497,-0.240016371011734,0.8300591707229614,0.4187021851539612,0.6232532262802124,0.16488200426101685,0.13117237389087677,0.43073296546936035,0.6384066939353943,-0.2202376276254654,0.8225007653236389,0.4100153148174286,0.6216861605644226,0.17256726324558258,0.13659673929214478,0.4246574342250824,0.6343184113502502,-0.19768190383911133,0.7636538147926331,0.3224775791168213,0.6039832830429077,0.12277765572071075,0.9995735287666321,0.3231006860733032,0.6097209453582764,-0.12257601320743561,0.9998779296875,0.3311344385147095,0.6801466345787048,0.19069384038448334,0.49682852625846863,0.3314095437526703,0.6883542537689209,-0.07983987778425217,0.9681015014648438,0.33241334557533264,0.7539473176002502,0.2882096469402313,0.6612280607223511,0.33055034279823303,0.767363429069519,0.02242497354745865,0.9647855162620544,0.3203849494457245,0.7659235596656799,0.2919257581233978,0.7215436697006226,0.3178803324699402,0.7813429236412048,0.028764644637703896,0.9525761008262634,0.3754170536994934,0.7718315720558167,0.2297184318304062,0.7442640066146851,0.3685009181499481,0.7889270782470703,-0.041869521141052246,0.9491474032402039
2,0.46964141726493835,0.5066454410552979,0.004755228757858276,0.9996939897537231,0.47233039140701294,0.5002315640449524,0.012887605465948582,0.999660074710846,0.4713287651538849,0.49966058135032654,0.012830372899770737,0.9996013045310974,0.4700440466403961,0.49891433119773865,0.012789854779839516,0.9997153878211975,0.4719502627849579,0.5001288652420044,-0.03122478723526001,0.9996291399002075,0.47079846262931824,0.4995475113391876,-0.03138221800327301,0.9995258450508118,0.46948596835136414,0.4988771975040436,-0.031388621777296066,0.999635636806488,0.45290401577949524,0.4939022958278656,0.058798618614673615,0.999384880065918,0.4538598358631134,0.49498340487480164,-0.1379203200340271,0.9994930624961853,0.4589962661266327,0.5101940035820007,0.028233684599399567,0.9995774030685425,0.4584020972251892,0.5104860663414001,-0.029577001929283142,0.9995825290679932,0.39033257961273193,0.5121873021125793,0.16375106573104858,0.9998368620872498,0.4079686403274536,0.5202352404594421,-0.24293266236782074,0.9999706149101257,0.3741316795349121,0.56402188539505,0.22825263440608978,0.15478315949440002,0.39626795053482056,0.5731462836265564,-0.2976982593536377,0.97752845287323,0.4073088467121124,0.6135000586509705,0.17297112941741943,0.13373307883739471,0.41910186409950256,0.6234509348869324,-0.23331324756145477,0.9017268419265747,0.4116584360599518,0.6204818487167358,0.18310220539569855,0.12762044370174408,0.4241895377635956,0.636849582195282,-0.2697524428367615,0.8362991213798523,0.41826778650283813,0.6249008178710938,0.14533184468746185,0.13161316514015198,0.42986246943473816,0.6377444863319397,-0.24962033331394196,0.8288859724998474,0.41006097197532654,0.6208484172821045,0.15484067797660828,0.13724695146083832,0.4246874749660492,0.633357584476471,-0.22423499822616577,0.7706583738327026,0.32406243681907654,0.6044302582740784,0.12300125509500504,0.9995585680007935,0.3237645924091339,0.6101596355438232,-0.1228042021393776,0.9998677968978882,0.33434295654296875,0.6850296854972839,0.18202325701713562,0.479048490524292,0.3314644992351532,0.6918284296989441,-0.08613480627536774,0.9641633033752441,0.33915743231773376,0.7562255859375,0.2860001027584076,0.6433613896369934,0.3280923366546631,0.7715455293655396,0.014280436560511589,0.9599475860595703,0.327360063791275,0.7681905031204224,0.29055407643318176,0.7040550112724304,0.31686288118362427,0.7845600247383118,0.020132530480623245,0.9467302560806274,0.3839664161205292,0.7741144895553589,0.2310754656791687,0.7329789400100708,0.3724586069583893,0.7911478281021118,-0.051535677164793015,0.9452893733978271
3,0.47135061025619507,0.5076918601989746,0.014047869481146336,0.9996756911277771,0.47439563274383545,0.5014441013336182,0.0221438966691494,0.9996346831321716,0.47353529930114746,0.5008696913719177,0.022097120061516762,0.9995722770690918,0.47240981459617615,0.5000993013381958,0.02205997332930565,0.9996947646141052,0.47389304637908936,0.5013803243637085,-0.022789424285292625,0.9996008276939392,0.4727852940559387,0.5008100867271423,-0.022954557090997696,0.9994919896125793,0.4715355932712555,0.5001404285430908,-0.022973250597715378,0.9996119737625122,0.4551030397415161,0.49479934573173523,0.06608456373214722,0.9993321299552917,0.4559614658355713,0.49578234553337097,-0.1345166563987732,0.999466598033905,0.46090131998062134,0.5108107328414917,0.036879707127809525,0.9995641112327576,0.4604068696498871,0.5110535621643066,-0.022035814821720123,0.9995726943016052,0.3930051326751709,0.5102536082267761,0.17101545631885529,0.9998382329940796,0.4082706570625305,0.5191439390182495,-0.2418486773967743,0.9999702572822571,0.37673839926719666,0.5647091269493103,0.23735342919826508,0.1522417515516281,0.39820370078086853,0.5705106258392334,-0.2971040606498718,0.9771572351455688,0.40905097126960754,0.6119811534881592,0.17867408692836761,0.13407129049301147,0.4183245301246643,0.6225047707557678,-0.22896528244018555,0.904196560382843,0.41520005464553833,0.6227070689201355,0.1893797069787979,0.12795047461986542,0.4201000928878784,0.6318405270576477,-0.2651042342185974,0.8401872515678406,0.41952502727508545,0.6267595291137695,0.15222583711147308,0.1319243162870407,0.42570677399635315,0.6352338194847107,-0.24640432000160217,0.8328497409820557,0.41213294863700867,0.622620165348053,0.1607019007205963,0.13762064278125763,0.42050179839134216,0.6275613903999329,-0.22040314972400665,0.7747489213943481,0.32715824246406555,0.6040879487991333,0.12635058164596558,0.9995527863502502,0.3228321075439453,0.609730064868927,-0.12611302733421326,0.9998599290847778,0.3320002555847168,0.6842451095581055,0.19171899557113647,0.46496886014938354,0.3298851251602173,0.6925521492958069,-0.08522025495767593,0.9605031609535217,0.3449670374393463,0.7535298466682434,0.28473418951034546,0.6316454410552979,0.3326384425163269,0.7714630961418152,0.011806639842689037,0.9558756351470947,0.3338356614112854,0.7653162479400635,0.28754547238349915,0.6913918256759644,0.3208303451538086,0.7852649092674255,0.01666751317679882,0.9411171674728394,0.3914497196674347,0.769217312335968,0.2223312109708786,0.7265939712524414,0.37405872344970703,0.7896144390106201,-0.060781724750995636,0.9424477219581604
4,0.4723361134529114,0.5080300569534302,-0.03798535838723183,0.9996798634529114,0.4758071303367615,0.5018805861473083,-0.02935953624546528,0.999635636806488,0.4750644862651825,0.5013443231582642,-0.02942034602165222,0.999573290348053,0.4740576148033142,0.5006639957427979,-0.02946697548031807,0.9996960163116455,0.4750347137451172,0.5017850995063782,-0.07384873181581497,0.9996022582054138,0.4738698899745941,0.5011389255523682,-0.07401236146688461,0.9994950890541077,0.47254106402397156,0.5004211068153381,-0.07403294742107391,0.999616265296936,0.45701244473457336,0.4950633943080902,0.021357305347919464,0.9993302822113037,0.45694786310195923,0.49594244360923767,-0.1771891713142395,0.9994745850563049,0.4622056782245636,0.5113000273704529,-0.012558634392917156,0.9995729923248291,0.46124589443206787,0.5113179087638855,-0.0709262490272522,0.999584972858429,0.395035058259964,0.5117013454437256,0.13303227722644806,0.9998411536216736,0.4069291651248932,0.5195325016975403,-0.27280357480049133,0.9999702572822571,0.37876564264297485,0.5659118890762329,0.20203588902950287,0.14907215535640717,0.3973838984966278,0.573807954788208,-0.3215691149234772,0.9770899415016174,0.41028648614883423,0.6143115758895874,0.15038466453552246,0.1327134072780609,0.4178529977798462,0.6261668801307678,-0.2504446804523468,0.907272219657898,0.4192623794078827,0.6239250898361206,0.15967293083667755,0.1266523003578186,0.42358317971229553,0.6378623247146606,-0.28704553842544556,0.8450174331665039,0.4232545495033264,0.6256539821624756,0.12133844196796417,0.13052335381507874,0.42475616931915283,0.6391235589981079,-0.2695772051811218,0.8377845883369446,0.4169026017189026,0.6239833831787109,0.1319410502910614,0.13628213107585907,0.42412468791007996,0.6342722773551941,-0.24246035516262054,0.7801658511161804,0.3268783986568451,0.6037048697471619,0.12249179184436798,0.9995553493499756,0.3187508285045624,0.6083218455314636,-0.12223910540342331,0.9998551607131958,0.33736443519592285,0.6816476583480835,0.1849474161863327,0.4594651460647583,0.3305487036705017,0.6905365586280823,-0.08145502954721451,0.9589356184005737,0.34032902121543884,0.7500848770141602,0.2857111096382141,0.6298048496246338,0.33279117941856384,0.7715483903884888,0.03194922208786011,0.9543944597244263,0.3291492164134979,0.7688920497894287,0.28905025124549866,0.6856153011322021,0.31859180331230164,0.7849515676498413,0.0383717305958271,0.938109815120697,0.38720542192459106,0.7745974659919739,0.21589577198028564,0.7276790142059326,0.37611764669418335,0.7910782098770142,-0.04209333658218384,0.9419801235198975
5,0.473011314868927,0.5065341591835022,-0.036396197974681854,0.9996671080589294,0.47550660371780396,0.5008007287979126,-0.027484189718961716,0.9996178150177002,0.4747512936592102,0.5002915859222412,-0.027567436918616295,0.9995523691177368,0.47368124127388,0.49964821338653564,-0.02763259969651699,0.999682605266571,0.47474002838134766,0.5007323026657104,-0.07068981975317001,0.9995819926261902,0.47355228662490845,0.5002065300941467,-0.07084599882364273,0.9994728565216064,0.4722326993942261,0.4995734989643097,-0.07087171077728271,0.9996023178100586,0.45808935165405273,0.4951198399066925,0.026693813502788544,0.9992972612380981,0.457440584897995,0.49559104442596436,-0.16604943573474884,0.999454915523529,0.4633296728134155,0.5098373293876648,-0.010067148134112358,0.999565064907074,0.46252113580703735,0.5099219083786011,-0.06663843244314194,0.9995809197425842,0.4006299078464508,0.5152531266212463,0.13929930329322815,0.9998379349708557,0.40952497720718384,0.5201091170310974,-0.26200050115585327,0.999968409538269,0.38220977783203125,0.568041980266571,0.2060498744249344,0.148376002907753,0.3982703685760498,0.5735911130905151,-0.30927857756614685,0.976983368396759,0.41371962428092957,0.6150171160697937,0.15189673006534576,0.1336679756641388,0.4212082028388977,0.6250842213630676,-0.24252445995807648,0.9103090763092041,0.4199095666408539,0.626153290271759,0.1593017578125,0.12747180461883545,0.4221429228782654,0.6375373601913452,-0.27784115076065063,0.8498738408088684,0.4185539484024048,0.6269940137863159,0.12174253165721893,0.13132794201374054,0.42810189723968506,0.6386920809745789,-0.26008862257003784,0.842799723148346,0.417001336812973,0.6259461641311646,0.1333717703819275,0.1371574103832245,0.42309629917144775,0.6340556740760803,-0.23433902859687805,0.7860223650932312,0.3251186013221741,0.605178952217102,0.11890702694654465,0.9995352029800415,0.3223553001880646,0.6091515421867371,-0.11867927014827728,0.9998404383659363,0.3350774049758911,0.6842391490936279,0.17834322154521942,0.45308202505111694,0.33098769187927246,0.6891793012619019,-0.08020304143428802,0.9572503566741943,0.3391447961330414,0.7535627484321594,0.2810346484184265,0.6237513422966003,0.32716038823127747,0.768911600112915,0.033529408276081085,0.952140748500824,0.3235127627849579,0.7678163647651672,0.28528013825416565,0.6769886016845703,0.32032886147499084,0.7837292551994324,0.0406196303665638,0.9344624280929565,0.3809606432914734,0.7751986980438232,0.2176600694656372,0.7244951725006104,0.3706638216972351,0.7895187735557556,-0.03449046611785889,0.9402411580085754
6,0.47238391637802124,0.5065294504165649,-0.06513810157775879,0.9996659755706787,0.47597911953926086,0.50140780210495,-0.05509650334715843,0.9996113777160645,0.47538232803344727,0.5010499954223633,-0.05517655238509178,0.9995443820953369,0.4744565188884735,0.5005412697792053,-0.055231329053640366,0.9996780157089233,0.47500452399253845,0.5010629892349243,-0.10060331225395203,0.9995766878128052,0.4738115966320038,0.5004734396934509,-0.10076184570789337,0.9994688034057617,0.4725128710269928,0.49975988268852234,-0.10079029947519302,0.9996013045310974,0.45911139249801636,0.49579527974128723,0.004854502622038126,0.9992788434028625,0.45793184638023376,0.49521753191947937,-0.19764159619808197,0.9994536638259888,0.4621240794658661,0.5097944140434265,-0.03625873476266861,0.9995663166046143,0.4614982008934021,0.509364664554596,-0.095726877450943,0.9995863437652588,0.40419334173202515,0.5138376355171204,0.1265016496181488,0.9998385310173035,0.4101688265800476,0.5174510478973389,-0.293774276971817,0.9999675154685974,0.38535475730895996,0.5664235949516296,0.19834093749523163,0.14811787009239197,0.39854422211647034,0.5734948515892029,-0.34472984075546265,0.9770239591598511,0.40711769461631775,0.6110972166061401,0.1381853073835373,0.13584153354167938,0.4170064628124237,0.6271193623542786,-0.27943286299705505,0.9136972427368164,0.4178062081336975,0.6221125721931458,0.1438964605331421,0.12910053133964539,0.4217040240764618,0.6387596726417542,-0.3199327886104584,0.8552689552307129,0.4212958812713623,0.6232006549835205,0.10532290488481522,0.13301751017570496,0.4262232184410095,0.6420737504959106,-0.30246227979660034,0.8483701944351196,0.41126593947410583,0.6224060654640198,0.11897619813680649,0.1389016956090927,0.42128786444664,0.6370989680290222,-0.2715544104576111,0.7921754121780396,0.3278222680091858,0.6034082174301147,0.12613935768604279,0.9995324611663818,0.32104119658470154,0.6081396341323853,-0.12589974701404572,0.999832808971405,0.3384447395801544,0.6803271174430847,0.20573937892913818,0.44632863998413086,0.3332645893096924,0.6878125667572021,-0.066520556807518,0.9558652639389038,0.3395681381225586,0.7495826482772827,0.3280310332775116,0.6195676922798157,0.3328717052936554,0.7631889581680298,0.06445815414190292,0.9503078460693359,0.3197585642337799,0.765493631362915,0.3339569568634033,0.6700670123100281,0.3210415244102478,0.7767282724380493,0.0728643387556076,0.9308443069458008,0.3783979117870331,0.7737056612968445,0.26476967334747314,0.7233695387840271,0.36956483125686646,0.7877289056777954,-0.004834052175283432,0.9392017126083374
7,0.475917786359787,0.5067094564437866,-0.01787673681974411,0.999656617641449,0.4789354205131531,0.5017029643058777,-0.009479851461946964,0.9995983242988586,0.4781745672225952,0.5013329386711121,-0.009551511146128178,0.999530017375946,0.4771704077720642,0.5008457899093628,-0.00960591807961464,0.9996686577796936,0.4783068001270294,0.5014762282371521,-0.0517498143017292,0.9995611310005188,0.47718408703804016,0.5009665489196777,-0.05188998207449913,0.9994518160820007,0.47594162821769714,0.5003491044044495,-0.051899489015340805,0.9995899200439453,0.46114471554756165,0.4961400628089905,0.039494939148426056,0.9992619752883911,0.46140196919441223,0.49626973271369934,-0.14909957349300385,0.9994421601295471,0.46560946106910706,0.5100225806236267,0.006530245766043663,0.999565601348877,0.4651072323322296,0.5095970630645752,-0.04891112074255943,0.9995883107185364,0.40156611800193787,0.5160187482833862,0.14404863119125366,0.9998410940170288,0.4134629964828491,0.5176531672477722,-0.24379487335681915,0.9999673366546631,0.38253191113471985,0.5683879852294922,0.20678038895130157,0.15042899549007416,0.3991132080554962,0.5727290511131287,-0.2909530699253082,0.9772511124610901,0.40596845746040344,0.6166068315505981,0.15295124053955078,0.1393728107213974,0.4160502851009369,0.6267030835151672,-0.2301400750875473,0.9172990918159485,0.4159652292728424,0.627680242061615,0.1610962450504303,0.13197770714759827,0.4213349223136902,0.6375967264175415,-0.2667163014411926,0.8608905076980591,0.41957974433898926,0.6287153363227844,0.12342200428247452,0.1359446942806244,0.4265440106391907,0.6410027146339417,-0.2481546401977539,0.8541943430900574,0.41472652554512024,0.6286555528640747,0.13488803803920746,0.1419738233089447,0.4213695228099823,0.6337419152259827,-0.22181211411952972,0.7990954518318176,0.3259350061416626,0.6044222116470337,0.11452668160200119,0.999516487121582,0.3227599859237671,0.607299268245697,-0.11433590948581696,0.9998189806938171,0.3357097804546356,0.6834645867347717,0.169777974486351,0.43576234579086304,0.332567423582077,0.6899089217185974,-0.07815588265657425,0.952768862247467,0.33570924401283264,0.7550330758094788,0.2711314558982849,0.6067335605621338,0.3322848081588745,0.7657156586647034,0.028722915798425674,0.9457557797431946,0.3245687186717987,0.7663875818252563,0.27553147077560425,0.6557955741882324,0.3213770091533661,0.7761654257774353,0.035079266875982285,0.9246869087219238,0.3767460286617279,0.7725570201873779,0.21056316792964935,0.7136450409889221,0.36770710349082947,0.78445965051651,-0.03748995438218117,0.9350337982177734
8,0.47700896859169006,0.5067447423934937,-0.04351754114031792,0.9996480345726013,0.4800433814525604,0.5010427832603455,-0.03481362760066986,0.9995874762535095,0.47933343052864075,0.5005611181259155,-0.0348973274230957,0.9995168447494507,0.47846901416778564,0.49985843896865845,-0.034955356270074844,0.9996592998504639,0.47897961735725403,0.500848114490509,-0.07854368537664413,0.9995505213737488,0.47768542170524597,0.5002472996711731,-0.07870125770568848,0.9994402527809143,0.4761933982372284,0.49950313568115234,-0.0787302777171135,0.9995830059051514,0.4622046947479248,0.4950215518474579,0.018828269094228745,0.9992436170578003,0.46162477135658264,0.4949682950973511,-0.1758652627468109,0.9994363784790039,0.4671615660190582,0.5098573565483093,-0.01695101335644722,0.9995603561401367,0.4663343131542206,0.5097230076789856,-0.07417991012334824,0.999589204788208,0.3989642560482025,0.513490617275238,0.1324668824672699,0.9998404383659363,0.4137623608112335,0.5203821063041687,-0.2715030014514923,0.9999672174453735,0.38142016530036926,0.5671942234039307,0.19783756136894226,0.14803992211818695,0.3999181091785431,0.5746811032295227,-0.32076120376586914,0.9771308302879333,0.40649160742759705,0.6149550676345825,0.14566925168037415,0.1384141743183136,0.41861292719841003,0.6286939978599548,-0.2590138018131256,0.9197667241096497,0.41381803154945374,0.6238957047462463,0.1531369686126709,0.13095420598983765,0.4197791814804077,0.6402542591094971,-0.2978966534137726,0.8648979067802429,0.41797876358032227,0.6254469752311707,0.11474022269248962,0.1348809003829956,0.42460864782333374,0.6420748233795166,-0.2787898778915405,0.858293354511261,0.41579851508140564,0.6233541369438171,0.12696772813796997,0.1410214751958847,0.4200020730495453,0.6370547413825989,-0.25069060921669006,0.8035745620727539,0.3248171806335449,0.6046857237815857,0.12002803385257721,0.9995099306106567,0.3251916766166687,0.6089380979537964,-0.11982079595327377,0.9998142719268799,0.3342474102973938,0.682998776435852,0.19741113483905792,0.4264522194862366,0.3312070965766907,0.689423143863678,-0.06378161907196045,0.9503280520439148,0.33746615052223206,0.7530995011329651,0.31498342752456665,0.5988103747367859,0.3316645920276642,0.7678890228271484,0.05802684649825096,0.9431358575820923,0.3219185471534729,0.7671524882316589,0.3209601640701294,0.6474669575691223,0.3204740285873413,0.7815589308738708,0.06568256765604019,0.9213557243347168,0.3785935342311859,0.7741321921348572,0.2568010687828064,0.7092569470405579,0.36905956268310547,0.7883689999580383,-0.009006018750369549,0.9329147934913635
9,0.4785393178462982,0.50580894947052,-0.11124199628829956,0.9996397495269775,0.48151537775993347,0.5002520680427551,-0.10162963718175888,0.999575138092041,0.4807378649711609,0.4998333752155304,-0.10171214491128922,0.9995023012161255,0.4797474145889282,0.49936139583587646,-0.10178542882204056,0.999649167060852,0.4803612530231476,0.5000577569007874,-0.1450776755809784,0.9995371699333191,0.47898241877555847,0.49953022599220276,-0.14522480964660645,0.9994246959686279,0.4773772656917572,0.498871773481369,-0.14525668323040009,0.9995723366737366,0.4637379050254822,0.4951772689819336,-0.03675233945250511,0.9992188811302185,0.4624491035938263,0.49507537484169006,-0.2299320548772812,0.9994238018989563,0.4690445065498352,0.5090054273605347,-0.08018983900547028,0.9995508790016174,0.4680287539958954,0.5087428689002991,-0.13694781064987183,0.9995851516723633,0.40570932626724243,0.515387773513794,0.09457745403051376,0.9998367428779602,0.41334208846092224,0.5208092927932739,-0.31253498792648315,0.9999656081199646,0.384506493806839,0.5694292783737183,0.16783390939235687,0.147643581032753,0.39915186166763306,0.5754478573799133,-0.356192022562027,0.9767154455184937,0.4038819670677185,0.6167070269584656,0.11646758019924164,0.13969206809997559,0.4170776307582855,0.6302193999290466,-0.28785642981529236,0.921485424041748,0.40935155749320984,0.6269700527191162,0.12245521694421768,0.1319107860326767,0.42218902707099915,0.6433472037315369,-0.3267113268375397,0.8681482672691345,0.41495558619499207,0.6309800744056702,0.08323047310113907,0.1358589380979538,0.42390063405036926,0.6445525288581848,-0.3105453848838806,0.86168372631073,0.40731480717658997,0.6262784600257874,0.09731047600507736,0.14223311841487885,0.4218728244304657,0.6397310495376587,-0.2803874909877777,0.8074064254760742,0.32843056321144104,0.6014472246170044,0.12099089473485947,0.9995058178901672,0.32298439741134644,0.6072311997413635,-0.12079273164272308,0.9998078942298889,0.33812063932418823,0.6784242391586304,0.20285090804100037,0.4203590750694275,0.3339076638221741,0.6866298913955688,-0.05917638912796974,0.9485174417495728,0.3428148329257965,0.7476096749305725,0.3256570100784302,0.5946195721626282,0.33530130982398987,0.7633081078529358,0.0673561543226242,0.9416450262069702,0.3297676146030426,0.7636843919754028,0.33188483119010925,0.6418451070785522,0.32442736625671387,0.777489423751831,0.0750000849366188,0.9183386564254761,0.3890954256057739,0.7708931565284729,0.263041228055954,0.7077639698982239,0.37317734956741333,0.7877971529960632,-0.008803998120129108,0.9318354725837708
10,0.4784909784793854,0.5077871084213257,-0.13195809721946716,0.9996552467346191,0.4819182753562927,0.5024274587631226,-0.11996806412935257,0.9995906949043274,0.4813441038131714,0.5020334720611572,-0.12002924829721451,0.999520480632782,0.4804169833660126,0.5015007257461548,-0.12008033692836761,0.9996621012687683,0.4808594882488251,0.5021420121192932,-0.16722412407398224,0.9995561838150024,0.4796360731124878,0.501548707485199,-0.16740258038043976,0.9994490742683411,0.47829577326774597,0.5008362531661987,-0.16746015846729279,0.9995912909507751,0.46541765332221985,0.4967328608036041,-0.046590205281972885,0.9992391467094421,0.4639362692832947,0.49653998017311096,-0.2568092346191406,0.9994520545005798,0.4686084985733032,0.5110087990760803,-0.09776423871517181,0.9995710253715515,0.46780064702033997,0.5107042789459229,-0.15946070849895477,0.9996069073677063,0.4061042368412018,0.5168665647506714,0.09844978153705597,0.999842643737793,0.4139552712440491,0.5206962823867798,-0.3431020677089691,0.9999665021896362,0.38055118918418884,0.5675885677337646,0.18317236006259918,0.14690391719341278,0.3967605531215668,0.5762909054756165,-0.39195311069488525,0.9772449135780334,0.40602338314056396,0.6170681118965149,0.13167329132556915,0.14258559048175812,0.41858726739883423,0.6320664882659912,-0.31883594393730164,0.9251368045806885,0.4172370731830597,0.6301451325416565,0.13972891867160797,0.13492192327976227,0.42300912737846375,0.6432141065597534,-0.3611466586589813,0.8739635944366455,0.41624337434768677,0.6302661299705505,0.09730619192123413,0.1389516443014145,0.42475801706314087,0.6444953083992004,-0.34249839186668396,0.8677224516868591,0.41682013869285583,0.6253191828727722,0.11106064915657043,0.14554709196090698,0.42342472076416016,0.6400430202484131,-0.3103506863117218,0.8147122859954834,0.3290814757347107,0.603979229927063,0.13335931301116943,0.9995272159576416,0.3227074146270752,0.6079948544502258,-0.13308928906917572,0.9998123645782471,0.34122735261917114,0.6850665211677551,0.2220207303762436,0.41740402579307556,0.3353463113307953,0.6914727687835693,-0.06724255532026291,0.9483394026756287,0.34042295813560486,0.7515466213226318,0.3442760109901428,0.5957386493682861,0.32499590516090393,0.7734203934669495,0.06542398780584335,0.9414771199226379,0.32418933510780334,0.7710551023483276,0.3500445783138275,0.6409812569618225,0.3144418001174927,0.7865228652954102,0.07346072047948837,0.9164482355117798,0.38668984174728394,0.7787749767303467,0.27377548813819885,0.7105985283851624,0.37112754583358765,0.796382486820221,-0.014486264437437057,0.9323614239692688
11,0.479417085647583,0.50653475522995,-0.0397808663547039,0.9996145367622375,0.4821169674396515,0.5011901259422302,-0.031244002282619476,0.9995391368865967,0.4813345968723297,0.5005106329917908,-0.03131382539868355,0.9994637966156006,0.4802725911140442,0.4999912679195404,-0.031366512179374695,0.9996193051338196,0.481427401304245,0.5011438727378845,-0.07535140961408615,0.9994983673095703,0.4802541136741638,0.5006730556488037,-0.07551302760839462,0.9993802309036255,0.47895365953445435,0.4998191297054291,-0.07556037604808807,0.9995420575141907,0.46420276165008545,0.49584195017814636,0.021935563534498215,0.9991376996040344,0.4648003578186035,0.49622759222984314,-0.1748034805059433,0.9993996620178223,0.4694015681743622,0.5098749399185181,-0.013204335235059261,0.9995335340499878,0.46898266673088074,0.5097376108169556,-0.07092186063528061,0.9995784759521484,0.39974111318588257,0.515485942363739,0.13829843699932098,0.9998385906219482,0.41763484477996826,0.52049320936203,-0.2727603614330292,0.9999649524688721,0.379044771194458,0.5677882432937622,0.20072676241397858,0.14843399822711945,0.39819473028182983,0.5737703442573547,-0.32561472058296204,0.9767048358917236,0.40237364172935486,0.6168359518051147,0.14643244445323944,0.14439690113067627,0.4181666970252991,0.629829466342926,-0.26292213797569275,0.9258078336715698,0.4081615209579468,0.6276168823242188,0.1552003175020218,0.13612447679042816,0.4199504554271698,0.6403430104255676,-0.3028053641319275,0.8751619458198547,0.4147641360759735,0.6268648505210876,0.1164928525686264,0.14006486535072327,0.4262810945510864,0.6424795985221863,-0.2823539674282074,0.8689281344413757,0.40638089179992676,0.6264498829841614,0.12759456038475037,0.14676345884799957,0.4204653799533844,0.6374102234840393,-0.25399813055992126,0.8159432411193848,0.3271777927875519,0.6041486859321594,0.122338205575943,0.9995033144950867,0.3280969262123108,0.6087186336517334,-0.12213454395532608,0.9997962117195129,0.3345063328742981,0.6841338276863098,0.18901559710502625,0.40853631496429443,0.333653062582016,0.6912243962287903,-0.08317069709300995,0.9438362717628479,0.34242844581604004,0.7561451196670532,0.2858826518058777,0.5874764323234558,0.33419424295425415,0.7681835889816284,0.026424817740917206,0.9365493059158325,0.3306674659252167,0.7681685090065002,0.28972479701042175,0.6324983835220337,0.3217184245586395,0.7815592885017395,0.03237570822238922,0.9104583859443665,0.3875725567340851,0.7726870775222778,0.22113831341266632,0.7029359936714172,0.3733327388763428,0.7882753610610962,-0.04932751879096031,0.9272788763046265
12,0.48060014843940735,0.5074154138565063,-0.07738328725099564,0.9995864629745483,0.4835442006587982,0.5021070241928101,-0.06787525117397308,0.9995028972625732,0.48278355598449707,0.5016652345657349,-0.06794898957014084,0.9994227290153503,0.4818894565105438,0.501180112361908,-0.06800901144742966,0.999589741230011,0.4825670123100281,0.5019084215164185,-0.11197344213724136,0.9994603991508484,0.48134493827819824,0.5013782978057861,-0.1121358647942543,0.9993370175361633,0.48001229763031006,0.5007408261299133,-0.11217567324638367,0.9995115399360657,0.46699416637420654,0.496940940618515,-0.007238973397761583,0.9990604519844055,0.466101735830307,0.49660032987594604,-0.2035479098558426,0.9993601441383362,0.4709201455116272,0.5107290744781494,-0.04806194081902504,0.9995043873786926,0.4702166020870209,0.5104926824569702,-0.10566545277833939,0.9995570778846741,0.40625056624412537,0.5170742273330688,0.11586905270814896,0.9998331665992737,0.4170176088809967,0.5210967063903809,-0.292896032333374,0.9999630451202393,0.3842482268810272,0.5668193697929382,0.18515615165233612,0.14753283560276031,0.3991740942001343,0.5748609900474548,-0.3412795960903168,0.9762821197509766,0.40701693296432495,0.6160780787467957,0.13116145133972168,0.14425857365131378,0.4157640039920807,0.6283662915229797,-0.276189923286438,0.9269331097602844,0.4132075905799866,0.6255149841308594,0.13723117113113403,0.13589541614055634,0.4202127158641815,0.6400554180145264,-0.31588226556777954,0.877226710319519,0.40693214535713196,0.6275292634963989,0.09856736660003662,0.1398211121559143,0.42542895674705505,0.6421287655830383,-0.2984926700592041,0.871082603931427,0.40731197595596313,0.6223852038383484,0.11209802329540253,0.14665672183036804,0.42023351788520813,0.6374558806419373,-0.2684352695941925,0.8181517124176025,0.32827723026275635,0.604253351688385,0.12082553654909134,0.999492347240448,0.3254770040512085,0.6085134744644165,-0.12062086910009384,0.9997866749763489,0.33575430512428284,0.6832372546195984,0.20002521574497223,0.40095293521881104,0.33241379261016846,0.6896625757217407,-0.06533904373645782,0.9409830570220947,0.3365372121334076,0.7517699599266052,0.3095809519290924,0.5804975032806396,0.33277520537376404,0.7673109769821167,0.056313563138246536,0.9330687522888184,0.32227638363838196,0.7668197154998779,0.3144684135913849,0.6252819895744324,0.31670141220092773,0.7789563536643982,0.06356687098741531,0.9059789180755615,0.37866801023483276,0.7724745273590088,0.24448665976524353,0.6977486610412598,0.3694135546684265,0.786204993724823,-0.016904234886169434,0.9240280985832214
13,0.48106786608695984,0.5082198977470398,-0.09584856033325195,0.9995750188827515,0.48383450508117676,0.502811074256897,-0.08637939393520355,0.9994885921478271,0.48302340507507324,0.5023726224899292,-0.08645447343587875,0.9994059801101685,0.4822550415992737,0.5016756653785706,-0.08652448654174805,0.9995778799057007,0.4829118549823761,0.5026004910469055,-0.1310761570930481,0.999445378780365,0.4816608428955078,0.5020550489425659,-0.13124345242977142,0.9993184804916382,0.4802951514720917,0.5013877749443054,-0.1312853991985321,0.9994990229606628,0.46757596731185913,0.49775028228759766,-0.023584648966789246,0.9990320801734924,0.4663003385066986,0.49722984433174133,-0.22285284101963043,0.9993472695350647,0.47149762511253357,0.5114668011665344,-0.06540194898843765,0.9994936585426331,0.47072961926460266,0.5113433599472046,-0.12387800216674805,0.9995512366294861,0.4072478413581848,0.5175438523292542,0.10687721520662308,0.9998306035995483,0.41797828674316406,0.5219280123710632,-0.31134432554244995,0.9999623894691467,0.3808639943599701,0.5683653354644775,0.18416284024715424,0.1446617692708969,0.3991682827472687,0.575350821018219,-0.35574600100517273,0.9760062098503113,0.40074262022972107,0.6198853850364685,0.1376696228981018,0.14269289374351501,0.4165402352809906,0.6302631497383118,-0.2837405800819397,0.9280590415000916,0.40580111742019653,0.630154550075531,0.14492323994636536,0.13482148945331573,0.4233023226261139,0.6416876316070557,-0.32381385564804077,0.8793624639511108,0.40511879324913025,0.6311463713645935,0.1044018492102623,0.13871778547763824,0.4248223602771759,0.6428817510604858,-0.3065052926540375,0.8733425736427307,0.4050351083278656,0.6268487572669983,0.11813317984342575,0.14567016065120697,0.4198978543281555,0.6365228891372681,-0.27600857615470886,0.8207213282585144,0.329368531703949,0.6042980551719666,0.1261705756187439,0.9994986653327942,0.3240364193916321,0.6097784042358398,-0.12594041228294373,0.9997879862785339,0.341573566198349,0.6825010776519775,0.21020065248012543,0.39506012201309204,0.334066778421402,0.6924353241920471,-0.06628478318452835,0.9399038553237915,0.34760791063308716,0.757093071937561,0.3228816092014313,0.5776609778404236,0.32765474915504456,0.7748361825942993,0.05555043742060661,0.9323678016662598,0.33430254459381104,0.7693653702735901,0.32797685265541077,0.6229150891304016,0.3185049891471863,0.7861981987953186,0.06274349987506866,0.9044975638389587,0.3958452343940735,0.7753819823265076,0.256149560213089,0.6966496109962463,0.3749893605709076,0.7957143783569336,-0.023248951882123947,0.9235225915908813
14,0.4819916784763336,0.5088390111923218,-0.1115422248840332,0.9995645880699158,0.48469120264053345,0.5033131837844849,-0.10194924473762512,0.9994708299636841,0.4838644564151764,0.5028125643730164,-0.10202977806329727,0.9993850588798523,0.48307061195373535,0.502059280872345,-0.10209870338439941,0.9995632767677307,0.48385539650917053,0.5031923651695251,-0.1466558426618576,0.9994242191314697,0.4826186001300812,0.5026388764381409,-0.1468173861503601,0.9992910027503967,0.4812597632408142,0.5019634962081909,-0.1468571424484253,0.9994797110557556,0.4688626825809479,0.4981919825077057,-0.037710513919591904,0.9989854693412781,0.4672071039676666,0.49799996614456177,-0.23682503402233124,0.9993196129798889,0.47225695848464966,0.5118532180786133,-0.08055520802736282,0.9994785189628601,0.471523642539978,0.5118423700332642,-0.1389860063791275,0.9995405673980713,0.4090191423892975,0.5172622203826904,0.09352094680070877,0.9998288750648499,0.41832858324050903,0.5216480493545532,-0.32211586833000183,0.9999611377716064,0.38228750228881836,0.5681414008140564,0.16314697265625,0.14366254210472107,0.399483859539032,0.5755336284637451,-0.37044551968574524,0.9757018685340881,0.4032749831676483,0.6190948486328125,0.10265956073999405,0.14359287917613983,0.4135080873966217,0.6282277703285217,-0.3044072985649109,0.92934250831604,0.4084710478782654,0.6283800601959229,0.10662208497524261,0.135666161775589,0.41960129141807556,0.6394087076187134,-0.34616729617118835,0.8815904259681702,0.4075482487678528,0.6283537745475769,0.06706545501947403,0.1395946741104126,0.4207223951816559,0.6403774619102478,-0.33018240332603455,0.875681459903717,0.4057352840900421,0.6263992786407471,0.08297301828861237,0.1465788036584854,0.41893261671066284,0.6373015642166138,-0.2974158823490143,0.8231748938560486,0.33150845766067505,0.6022288203239441,0.1250803917646408,0.999504566192627,0.32495954632759094,0.6084916591644287,-0.12486891448497772,0.9997883439064026,0.3404151201248169,0.6800102591514587,0.22049300372600555,0.3913697600364685,0.33447083830833435,0.6911770701408386,-0.05376430228352547,0.9387791752815247,0.34666913747787476,0.7521082162857056,0.34768280386924744,0.5771153569221497,0.33261558413505554,0.767804741859436,0.08181193470954895,0.9318033456802368,0.3337004482746124,0.764080822467804,0.35406872630119324,0.6213712096214294,0.3217983543872833,0.7810765504837036,0.08995707333087921,0.9028732776641846,0.3945108950138092,0.7600247263908386,0.28257688879966736,0.6978036761283875,0.3727443218231201,0.7903969883918762,0.0027060245629400015,0.923371434211731
15,0.48316287994384766,0.5091058611869812,-0.057304318994283676,0.9995460510253906,0.48540785908699036,0.5035971999168396,-0.04826459288597107,0.9994401335716248,0.48435521125793457,0.5030505657196045,-0.04830997437238693,0.999353289604187,0.4832473695278168,0.502505898475647,-0.04835694283246994,0.9995385408401489,0.484946072101593,0.5036346316337585,-0.09255794435739517,0.9993856549263,0.48376786708831787,0.503164529800415,-0.09271802008152008,0.9992421865463257,0.4824678301811218,0.5025967955589294,-0.09275874495506287,0.9994444251060486,0.46772435307502747,0.4979366958141327,0.007374214474111795,0.9988991618156433,0.46836379170417786,0.49837538599967957,-0.19068543612957,0.999272882938385,0.4729417562484741,0.5121561288833618,-0.02985977940261364,0.9994522929191589,0.4725358486175537,0.5123797655105591,-0.08787713944911957,0.999518096446991,0.4046618938446045,0.5160126090049744,0.12518173456192017,0.9998272061347961,0.4200785756111145,0.5224493145942688,-0.28490403294563293,0.9999593496322632,0.37851470708847046,0.5684186816215515,0.18400555849075317,0.14441350102424622,0.3998163342475891,0.5755926966667175,-0.3412097990512848,0.9750972390174866,0.3974587023258209,0.6209823489189148,0.12672936916351318,0.14397138357162476,0.4136826694011688,0.6281534433364868,-0.2757132649421692,0.9291414022445679,0.4023982286453247,0.632438600063324,0.13460402190685272,0.1357535868883133,0.41943302750587463,0.6386896967887878,-0.3159448206424713,0.8813691735267639,0.40527424216270447,0.6305055618286133,0.09514422714710236,0.1395745873451233,0.4245636761188507,0.6416987776756287,-0.29638534784317017,0.8754792809486389,0.4039249122142792,0.6287261247634888,0.10756254196166992,0.14647561311721802,0.4187869727611542,0.6371739506721497,-0.2673642933368683,0.8226305246353149,0.3286452889442444,0.6028465032577515,0.12256168574094772,0.9995025992393494,0.3250713050365448,0.6072394847869873,-0.12234943360090256,0.9997809529304504,0.33575695753097534,0.6817852258682251,0.17937737703323364,0.39165449142456055,0.3301692306995392,0.6882162690162659,-0.09396372735500336,0.9362503886222839,0.3473573625087738,0.7518371939659119,0.26428037881851196,0.5806909799575806,0.34004074335098267,0.7631276249885559,0.017063474282622337,0.9299130439758301,0.3364719748497009,0.7638496160507202,0.2660089135169983,0.6223188042640686,0.3291884660720825,0.7774830460548401,0.02226249687373638,0.8996363282203674,0.3939661383628845,0.7656450271606445,0.1850966513156891,0.6998524069786072,0.3791515529155731,0.7818509340286255,-0.07042193412780762,0.9216381907463074
16,0.48437681794166565,0.5095062851905823,-0.1057908907532692,0.9995380640029907,0.4869776964187622,0.5042135119438171,-0.0943017527461052,0.9994283318519592,0.4859701097011566,0.5037140250205994,-0.09437070786952972,0.999340295791626,0.4849289059638977,0.5032103061676025,-0.09443861246109009,0.9995302557945251,0.486451655626297,0.5040600895881653,-0.14037390053272247,0.9993748068809509,0.4852485954761505,0.503492534160614,-0.14053235948085785,0.9992306232452393,0.4837568402290344,0.5027433633804321,-0.1405755579471588,0.9994364380836487,0.47070741653442383,0.49888017773628235,-0.024938970804214478,0.9988651871681213,0.4695766568183899,0.4981965720653534,-0.23062504827976227,0.9992636442184448,0.47389185428619385,0.5123616456985474,-0.07341672480106354,0.9994450807571411,0.47355976700782776,0.5122508406639099,-0.13367240130901337,0.999514639377594,0.4099830389022827,0.5173100829124451,0.10732519626617432,0.9998223185539246,0.4206443130970001,0.5223010182380676,-0.3213721215724945,0.9999571442604065,0.37783151865005493,0.5681217908859253,0.1826198697090149,0.14250929653644562,0.39892852306365967,0.5758615732192993,-0.3725326955318451,0.9751474857330322,0.3992140293121338,0.6173996329307556,0.1283474564552307,0.14336414635181427,0.41630616784095764,0.6291850209236145,-0.29978978633880615,0.9300787448883057,0.40623077750205994,0.6278760433197021,0.13314247131347656,0.13561369478702545,0.42226025462150574,0.6403415203094482,-0.34117257595062256,0.8828644752502441,0.4054636061191559,0.6281895041465759,0.09321659058332443,0.13943064212799072,0.42376455664634705,0.6411358118057251,-0.3233804404735565,0.8771419525146484,0.40396803617477417,0.6263017654418945,0.10850415378808975,0.14641906321048737,0.4223182499408722,0.636864423751831,-0.2918711006641388,0.824698269367218,0.32912227511405945,0.6032693982124329,0.13058994710445404,0.9994999766349792,0.325504869222641,0.608795166015625,-0.13032813370227814,0.9997759461402893,0.3432052731513977,0.6819705367088318,0.2106536626815796,0.3899821937084198,0.3380080759525299,0.690898060798645,-0.07159630209207535,0.9364943504333496,0.34193816781044006,0.7585572600364685,0.33018970489501953,0.5784485340118408,0.33482497930526733,0.7695529460906982,0.059961553663015366,0.9297406077384949,0.32688939571380615,0.7705395221710205,0.33589011430740356,0.6197808384895325,0.32181715965270996,0.7828706502914429,0.06836791336536407,0.897983729839325,0.3895069658756256,0.7787573337554932,0.2609362304210663,0.697737991809845,0.3755739629268646,0.795232892036438,-0.017494363710284233,0.9213138818740845
17,0.48349276185035706,0.509056806564331,-0.12511353194713593,0.9995424151420593,0.48619577288627625,0.5037882924079895,-0.11412817984819412,0.9994293451309204,0.4852982759475708,0.5032921433448792,-0.11418597400188446,0.9993413090705872,0.4845101237297058,0.5025372505187988,-0.11423562467098236,0.9995307922363281,0.4855709969997406,0.5036857724189758,-0.16100293397903442,0.999377429485321,0.4844304323196411,0.5031678080558777,-0.1611732840538025,0.9992339611053467,0.48301514983177185,0.5024687647819519,-0.16122572124004364,0.9994391798973083,0.4690108597278595,0.49808457493782043,-0.044223353266716,0.9988473653793335,0.46915891766548157,0.49856552481651306,-0.2530556917190552,0.9992676973342896,0.47342854738235474,0.5118739604949951,-0.09195058047771454,0.9994485974311829,0.47295600175857544,0.5118674039840698,-0.15314750373363495,0.9995211958885193,0.4042566418647766,0.516382098197937,0.09564541280269623,0.9998247027397156,0.420917809009552,0.5226923823356628,-0.3425290584564209,0.9999573230743408,0.3789272606372833,0.5694423317909241,0.17057746648788452,0.14190839231014252,0.3993591070175171,0.5767418742179871,-0.3956395387649536,0.9754865765571594,0.4002331793308258,0.6204814314842224,0.11043310165405273,0.1456512212753296,0.4148273468017578,0.6300407648086548,-0.32865670323371887,0.9323446750640869,0.4058595299720764,0.6311814188957214,0.11477094888687134,0.138222336769104,0.421751469373703,0.6418025493621826,-0.37427735328674316,0.886396050453186,0.40600985288619995,0.6314694285392761,0.07166638225317001,0.1421246975660324,0.4242490530014038,0.6420621871948242,-0.35556134581565857,0.8808321952819824,0.4053625166416168,0.6273205280303955,0.08915774524211884,0.14929071068763733,0.42166009545326233,0.6388663649559021,-0.3207706809043884,0.8291343450546265,0.3285216987133026,0.6041087508201599,0.13349075615406036,0.9995167255401611,0.32790258526802063,0.6105400919914246,-0.13324838876724243,0.9997811317443848,0.3420168459415436,0.6854900121688843,0.22781695425510406,0.38669994473457336,0.33689266443252563,0.6923158168792725,-0.06360994279384613,0.9358609914779663,0.34033557772636414,0.7538374662399292,0.355142205953598,0.5786111950874329,0.32688480615615845,0.7734984159469604,0.07516488432884216,0.9293117523193359,0.32460951805114746,0.7713371515274048,0.36150994896888733,0.6193540692329407,0.3169471323490143,0.7833512425422668,0.08361122757196426,0.8963894248008728,0.3869968056678772,0.7783167958259583,0.2852562367916107,0.6986197233200073,0.374432235956192,0.795063316822052,-0.005946220830082893,0.9211434721946716
18,0.4837401211261749,0.5091793537139893,-0.07258555293083191,0.9995006918907166,0.48656198382377625,0.5039990544319153,-0.06400925666093826,0.9993715286254883,0.4857293665409088,0.5035330653190613,-0.06406821310520172,0.9992778301239014,0.48487016558647156,0.5030725002288818,-0.06412411481142044,0.9994853734970093,0.4859572947025299,0.5039210915565491,-0.10828640311956406,0.9993110299110413,0.484895259141922,0.5034447312355042,-0.10845404118299484,0.9991528391838074,0.4837322533130646,0.5028718709945679,-0.10850333422422409,0.9993798732757568,0.46964338421821594,0.49850621819496155,-0.007452527526766062,0.9986938238143921,0.4700750708580017,0.4990783929824829,-0.20494070649147034,0.9991798996925354,0.47390684485435486,0.5121062994003296,-0.04447857290506363,0.9993966817855835,0.47346124053001404,0.5121516585350037,-0.10231391340494156,0.9994735717773438,0.4057070016860962,0.5149666666984558,0.11509368568658829,0.9998220801353455,0.421284556388855,0.5225655436515808,-0.29721853137016296,0.999954104423523,0.37672263383865356,0.5660704374313354,0.18369559943675995,0.14386974275112152,0.4003942012786865,0.5753942131996155,-0.3478279709815979,0.9739218950271606,0.39602893590927124,0.6133559942245483,0.12402255088090897,0.14825481176376343,0.4125359356403351,0.6256002187728882,-0.2778756320476532,0.9292582273483276,0.3975231945514679,0.6233944296836853,0.1293099969625473,0.14083153009414673,0.4188975393772125,0.6374581456184387,-0.31755831837654114,0.8822829127311707,0.39732611179351807,0.6240535378456116,0.09123371541500092,0.14470210671424866,0.4206993579864502,0.6369279026985168,-0.3004521131515503,0.8766498565673828,0.39821857213974,0.6196706295013428,0.10518119484186172,0.1516803652048111,0.41830959916114807,0.6346588134765625,-0.27025601267814636,0.8237065076828003,0.3302145004272461,0.6024020314216614,0.12796497344970703,0.9995164275169373,0.32972031831741333,0.6096147298812866,-0.12772628664970398,0.9997751116752625,0.3375324308872223,0.6842267513275146,0.20427602529525757,0.38733330368995667,0.33657482266426086,0.6928954720497131,-0.07651428133249283,0.9346252083778381,0.34278514981269836,0.7511020302772522,0.3097030222415924,0.5822006464004517,0.3324681222438812,0.7680176496505737,0.04716556519269943,0.9282156825065613,0.32340919971466064,0.7674728035926819,0.31377163529396057,0.6206085085868835,0.3183792233467102,0.7821905016899109,0.05430126190185547,0.8940560817718506,0.3838266134262085,0.7739055156707764,0.23703302443027496,0.7009591460227966,0.3721764087677002,0.7902557849884033,-0.033807627856731415,0.9202299118041992
19,0.4846857190132141,0.5089429616928101,-0.11489422619342804,0.999451756477356,0.4872334897518158,0.5037304162979126,-0.10419094562530518,0.9993003010749817,0.48642098903656006,0.5033246278762817,-0.10425549745559692,0.9991984963417053,0.48567432165145874,0.5027783513069153,-0.10432225465774536,0.9994280338287354,0.4864508807659149,0.5035076141357422,-0.15012311935424805,0.9992292523384094,0.4852851629257202,0.5029770731925964,-0.1502884328365326,0.9990531802177429,0.48397600650787354,0.5023439526557922,-0.15034161508083344,0.9993078708648682,0.4715075194835663,0.49915751814842224,-0.0351681187748909,0.9984982013702393,0.4697752594947815,0.49852100014686584,-0.23986488580703735,0.9990786910057068,0.4749627709388733,0.5121103525161743,-0.08213399350643158,0.9993321299552917,0.47432979941368103,0.512069582939148,-0.14206762611865997,0.9994216561317444,0.41026636958122253,0.5174849629402161,0.0998869240283966,0.9998114705085754,0.4207056760787964,0.522379457950592,-0.32846498489379883,0.999949038028717,0.38396281003952026,0.5679715275764465,0.1667851060628891,0.1417667120695114,0.3981776237487793,0.5755599141120911,-0.3840179145336151,0.9731496572494507,0.3994567096233368,0.6170622706413269,0.09902200847864151,0.14714060723781586,0.41039928793907166,0.6270393133163452,-0.31518256664276123,0.9284222722053528,0.40805307030677795,0.6281547546386719,0.1018461361527443,0.14009177684783936,0.4183117151260376,0.6371181607246399,-0.3573712408542633,0.8814067244529724,0.4081752598285675,0.6287151575088501,0.06274773180484772,0.14392167329788208,0.4230208694934845,0.6386061906814575,-0.34129735827445984,0.8758285641670227,0.40560615062713623,0.6264656186103821,0.07903769612312317,0.15087652206420898,0.41876739263534546,0.6341973543167114,-0.3081027865409851,0.8223713040351868,0.3311217725276947,0.6033836603164673,0.12960942089557648,0.9995049834251404,0.3261704444885254,0.6092344522476196,-0.12935955822467804,0.9997636675834656,0.3439311385154724,0.6814022064208984,0.20829546451568604,0.38559985160827637,0.33592069149017334,0.690635621547699,-0.0756164938211441,0.9328733682632446,0.34740757942199707,0.7492027282714844,0.31984657049179077,0.5817341208457947,0.3312607705593109,0.7713223695755005,0.053484898060560226,0.9269058108329773,0.3306162655353546,0.7686833739280701,0.3242671489715576,0.6199486255645752,0.325668066740036,0.7832447290420532,0.06073186546564102,0.8915054202079773,0.39367586374282837,0.7749646902084351,0.24517932534217834,0.7005404233932495,0.3788430690765381,0.7921019196510315,-0.032638490200042725,0.9190939664840698
20,0.48704347014427185,0.5102599263191223,-0.06221392750740051,0.9994277358055115,0.4896046817302704,0.5044105052947998,-0.05497928336262703,0.9992662072181702,0.48850974440574646,0.5037959814071655,-0.05504745990037918,0.9991617202758789,0.48748937249183655,0.5030544400215149,-0.05510161444544792,0.9993996620178223,0.4890834093093872,0.504443347454071,-0.09949614852666855,0.9991867542266846,0.4879217743873596,0.5039408206939697,-0.09966208040714264,0.9990001320838928,0.48659175634384155,0.5033342838287354,-0.0997190997004509,0.9992696046829224,0.47024181485176086,0.4981003999710083,-0.0052294484339654446,0.9984073042869568,0.47160786390304565,0.4990631341934204,-0.2042175680398941,0.9990266561508179,0.4766533076763153,0.5133473873138428,-0.03647276386618614,0.9993053078651428,0.47646963596343994,0.513546884059906,-0.09475173056125641,0.9993984699249268,0.40441733598709106,0.5157241225242615,0.11462412029504776,0.9998111724853516,0.42330801486968994,0.5246344804763794,-0.3012285530567169,0.9999480843544006,0.3763471841812134,0.5678228139877319,0.18146686255931854,0.14238020777702332,0.4013254642486572,0.5779880881309509,-0.34989458322525024,0.9718007445335388,0.3969622254371643,0.6170073747634888,0.12294246256351471,0.1473245620727539,0.4103887677192688,0.6274944543838501,-0.27729532122612,0.9252928495407104,0.3975936770439148,0.6235325336456299,0.1286240816116333,0.14024390280246735,0.4191006124019623,0.6374958157539368,-0.3181266784667969,0.8768113851547241,0.40776753425598145,0.6279674768447876,0.08906958252191544,0.14402927458286285,0.42471233010292053,0.638835072517395,-0.3002184331417084,0.8711060881614685,0.4051738977432251,0.6259812116622925,0.1034528911113739,0.15063636004924774,0.4199833869934082,0.6345238089561462,-0.2697492837905884,0.8162496089935303,0.3288191854953766,0.6037004590034485,0.13000449538230896,0.999504804611206,0.327930212020874,0.6106832027435303,-0.12971852719783783,0.9997614026069641,0.33911868929862976,0.6824714541435242,0.2155417799949646,0.38240060210227966,0.33567899465560913,0.6907625198364258,-0.07352980226278305,0.9311702847480774,0.3491459786891937,0.7541166543960571,0.3206377625465393,0.5840372443199158,0.3386659622192383,0.7691857814788818,0.0559128075838089,0.925527811050415,0.33662277460098267,0.7663424015045166,0.324563592672348,0.6220089197158813,0.32630959153175354,0.7831838130950928,0.06347004324197769,0.8896690607070923,0.3985723555088043,0.7694786190986633,0.24834394454956055,0.7022748589515686,0.38301441073417664,0.7882729768753052,-0.023036714643239975,0.917875349521637
21,0.48657193779945374,0.5104464888572693,-0.09682687371969223,0.9994251728057861,0.48943114280700684,0.5054957270622253,-0.08740996569395065,0.9992570877075195,0.4888209104537964,0.5049585103988647,-0.08749139308929443,0.999150812625885,0.4877171814441681,0.5044124126434326,-0.08755390346050262,0.9993922710418701,0.4888108968734741,0.5052735209465027,-0.13294143974781036,0.9991722106933594,0.4877190589904785,0.5047296285629272,-0.13310180604457855,0.9989800453186035,0.48651689291000366,0.5040789246559143,-0.13314931094646454,0.9992560744285583,0.47329166531562805,0.5003702640533447,-0.026175210252404213,0.9983654618263245,0.47246861457824707,0.49968335032463074,-0.22918881475925446,0.9989990592002869,0.4763084650039673,0.5133869647979736,-0.06706397235393524,0.9993005394935608,0.4760841131210327,0.5132257342338562,-0.12652896344661713,0.9993951916694641,0.4081202745437622,0.5159336924552917,0.10309391468763351,0.999812126159668,0.421594500541687,0.5231276154518127,-0.32611194252967834,0.9999476671218872,0.374157577753067,0.5643006563186646,0.16563858091831207,0.14235900342464447,0.40066489577293396,0.5776646137237549,-0.37992358207702637,0.9714706540107727,0.401576429605484,0.6191172003746033,0.08962284028530121,0.14934059977531433,0.415765643119812,0.6283057928085327,-0.3163353204727173,0.9253597855567932,0.40727970004081726,0.6297633051872253,0.09010950475931168,0.14240936934947968,0.4208071529865265,0.6375843286514282,-0.36084821820259094,0.8767759203910828,0.40805596113204956,0.6282891631126404,0.04965018853545189,0.14627771079540253,0.42804083228111267,0.6382927298545837,-0.3440432548522949,0.8710802793502808,0.4058115780353546,0.6265952587127686,0.06878302991390228,0.1525954306125641,0.4216035008430481,0.6348585486412048,-0.30949342250823975,0.8156447410583496,0.3296630382537842,0.603676974773407,0.13552530109882355,0.9995089173316956,0.3248470723628998,0.609476625919342,-0.13525785505771637,0.9997637271881104,0.34608694911003113,0.6786850690841675,0.22804169356822968,0.38004523515701294,0.33768367767333984,0.6892755031585693,-0.0673970878124237,0.9321334362030029,0.35327503085136414,0.7459023594856262,0.3627307713031769,0.5869587659835815,0.3316459357738495,0.7699264287948608,0.07640550285577774,0.927100419998169,0.33536604046821594,0.7626405954360962,0.3696439862251282,0.6253662705421448,0.32374516129493713,0.7831202745437622,0.08540751039981842,0.8909302949905396,0.399761438369751,0.7622509598731995,0.29640477895736694,0.7060759663581848,0.38037630915641785,0.791563868522644,-0.003353077918291092,0.9196483492851257
22,0.4871515929698944,0.5097966194152832,-0.0579347088932991,0.9994243383407593,0.48925644159317017,0.5048157572746277,-0.049448419362306595,0.9992573261260986,0.4880835711956024,0.5043302774429321,-0.04952537640929222,0.9991514086723328,0.48700961470603943,0.5038797855377197,-0.049576692283153534,0.9993923902511597,0.48894861340522766,0.5048741698265076,-0.0945555567741394,0.9991702437400818,0.48792076110839844,0.5044277310371399,-0.0947195440530777,0.9989773631095886,0.4868348240852356,0.5037229657173157,-0.09476549923419952,0.9992541074752808,0.4723881185054779,0.5002700090408325,0.004450795706361532,0.998369038105011,0.47259703278541565,0.5001165270805359,-0.19691674411296844,0.9990010857582092,0.47714316844940186,0.512507975101471,-0.030962951481342316,0.9993051886558533,0.4770132005214691,0.51270991563797,-0.0899706557393074,0.9993997812271118,0.40451523661613464,0.5169278383255005,0.12538665533065796,0.999813973903656,0.4235773980617523,0.5236614942550659,-0.29803720116615295,0.9999483227729797,0.3778270184993744,0.5684364438056946,0.1895088106393814,0.1422598659992218,0.40137019753456116,0.5767008066177368,-0.3518855571746826,0.9714884757995605,0.3998238146305084,0.6182012557983398,0.12579049170017242,0.14982116222381592,0.4174310266971588,0.6280742287635803,-0.28734439611434937,0.9257352352142334,0.4052705466747284,0.6283494234085083,0.13040822744369507,0.1429929882287979,0.42693203687667847,0.6371875405311584,-0.3306712508201599,0.8770632147789001,0.4083325266838074,0.6273520588874817,0.09018980711698532,0.1468731164932251,0.4289567768573761,0.6372940540313721,-0.3106035888195038,0.871353268623352,0.4065811336040497,0.6260254979133606,0.10573980212211609,0.15310482680797577,0.4254906475543976,0.6352068781852722,-0.2791263461112976,0.8157275915145874,0.32738882303237915,0.6040219664573669,0.13189305365085602,0.9995079636573792,0.3293737471103668,0.6106389760971069,-0.13162927329540253,0.9997636675834656,0.34009087085723877,0.6851122379302979,0.22298400104045868,0.37420138716697693,0.3363499641418457,0.6924164891242981,-0.06836896389722824,0.9314711093902588,0.3429854214191437,0.755043625831604,0.33998286724090576,0.5845794081687927,0.3359465003013611,0.7700121998786926,0.06302952766418457,0.9263005256652832,0.327619731426239,0.770243763923645,0.3453885018825531,0.6241105794906616,0.3234103322029114,0.7828912138938904,0.07127190381288528,0.8903545141220093,0.38977116346359253,0.7767745852470398,0.274057000875473,0.7042617201805115,0.37575408816337585,0.7940561771392822,-0.010453294962644577,0.9188170433044434
23,0.4882272183895111,0.5113303065299988,-0.02086511440575123,0.9994390606880188,0.4901837408542633,0.5059493184089661,-0.015240239910781384,0.9992754459381104,0.4891037046909332,0.5052732825279236,-0.015297075733542442,0.9991719722747803,0.4875578284263611,0.504526674747467,-0.015330568887293339,0.9994064569473267,0.4905148446559906,0.506179690361023,-0.057239383459091187,0.9991859197616577,0.48973557353019714,0.5056498646736145,-0.05738157033920288,0.9989936351776123,0.4887564778327942,0.5051050186157227,-0.05740507319569588,0.9992647767066956,0.47230851650238037,0.5005924105644226,0.02333017811179161,0.9984085559844971,0.4744373559951782,0.5013089776039124,-0.16472020745277405,0.9990160465240479,0.47815465927124023,0.5136964321136475,3.0968272767495364e-05,0.9993247389793396,0.4788249135017395,0.5140696167945862,-0.05503617972135544,0.999414324760437,0.40499159693717957,0.5158575773239136,0.12894821166992188,0.9998196363449097,0.42768484354019165,0.5242875218391418,-0.26972392201423645,0.9999505281448364,0.37085646390914917,0.5645133852958679,0.18053686618804932,0.1495802253484726,0.4012005031108856,0.5772899985313416,-0.32598984241485596,0.9717989563941956,0.396496057510376,0.6177889108657837,0.11579125374555588,0.15780913829803467,0.42120444774627686,0.6296098232269287,-0.2704821825027466,0.9261181354522705,0.40291327238082886,0.6289007067680359,0.11952989548444748,0.14997753500938416,0.4303360879421234,0.6377580165863037,-0.31220540404319763,0.8768366575241089,0.4080715477466583,0.6305369138717651,0.08056489378213882,0.15388862788677216,0.4326425790786743,0.6376281976699829,-0.29126179218292236,0.8711080551147461,0.40663427114486694,0.6276228427886963,0.09650656580924988,0.15957103669643402,0.4303326904773712,0.6346979737281799,-0.26220566034317017,0.8155933022499084,0.3253607153892517,0.6038480401039124,0.12869422137737274,0.9995147585868835,0.33097195625305176,0.6112565994262695,-0.12845677137374878,0.9997696876525879,0.33833780884742737,0.6797243356704712,0.2111014574766159,0.3719342052936554,0.3366883099079132,0.6907595992088318,-0.073466457426548,0.931791365146637,0.3457026183605194,0.7509289383888245,0.3232242166996002,0.5874974131584167,0.3392021656036377,0.7647184729576111,0.05440813675522804,0.926938533782959,0.3325851261615753,0.7628816366195679,0.32815253734588623,0.6270721554756165,0.328116238117218,0.7780466079711914,0.06242959946393967,0.8916955590248108,0.38963425159454346,0.7588488459587097,0.26080936193466187,0.7062612771987915,0.380793958902359,0.786637544631958,-0.016032733023166656,0.9191580414772034
24,0.48924148082733154,0.511806309223175,-0.05237022414803505,0.9994476437568665,0.49148982763290405,0.5063146948814392,-0.044248905032873154,0.9992859363555908,0.49046167731285095,0.5057596564292908,-0.044289540499448776,0.9991865158081055,0.4889465272426605,0.5049907565116882,-0.0443173386156559,0.9994154572486877,0.4914807975292206,0.5063645243644714,-0.08858659118413925,0.9991971254348755,0.49049896001815796,0.5058543682098389,-0.0887366309762001,0.9990074038505554,0.4893624782562256,0.5052139759063721,-0.08876868337392807,0.999274730682373,0.47385603189468384,0.5005907416343689,0.007264311425387859,0.9984244108200073,0.4747419059276581,0.5009055733680725,-0.19090303778648376,0.9990295171737671,0.47899356484413147,0.5140358209609985,-0.02627907134592533,0.9993323087692261,0.4793257415294647,0.5142489075660706,-0.08432747423648834,0.9994227886199951,0.4085567891597748,0.515712320804596,0.12341637909412384,0.9998229742050171,0.42728954553604126,0.5234488248825073,-0.2906043827533722,0.9999518394470215,0.370408296585083,0.5615836977958679,0.1853744387626648,0.149733304977417,0.4010867774486542,0.5760976672172546,-0.34450414776802063,0.9715819954872131,0.3872370719909668,0.6119791865348816,0.1269957274198532,0.15654219686985016,0.4206376075744629,0.6271223425865173,-0.28010323643684387,0.9246397018432617,0.39024999737739563,0.622809112071991,0.1313995122909546,0.1487010270357132,0.42963510751724243,0.636319100856781,-0.3233288824558258,0.8746190667152405,0.39541327953338623,0.6245123147964478,0.09157788008451462,0.15246687829494476,0.43228739500045776,0.6361246109008789,-0.30376505851745605,0.8689011931419373,0.39535200595855713,0.6216893792152405,0.10739585757255554,0.15800729393959045,0.4299638867378235,0.6334292888641357,-0.27228665351867676,0.8129172325134277,0.32520946860313416,0.5998356938362122,0.1325288861989975,0.9995267987251282,0.3278912901878357,0.6070022583007812,-0.13222403824329376,0.9997768998146057,0.33995139598846436,0.6783588528633118,0.2030845433473587,0.3687364459037781,0.33821946382522583,0.6876574158668518,-0.0876699835062027,0.9312194585800171,0.35143521428108215,0.7471727132797241,0.30984169244766235,0.5886476635932922,0.34042006731033325,0.7658291459083557,0.03176344931125641,0.9275924563407898,0.33733826875686646,0.7627116441726685,0.313692569732666,0.6292807459831238,0.3280941843986511,0.7791370749473572,0.03823500871658325,0.8922153115272522,0.40486207604408264,0.7558116912841797,0.2379283756017685,0.7077099680900574,0.38325801491737366,0.7869535684585571,-0.05086459591984749,0.9199503660202026
25,0.48937806487083435,0.5117194056510925,-0.0627334862947464,0.9994056224822998,0.49168112874031067,0.5063011050224304,-0.052293580025434494,0.9992281794548035,0.49071604013442993,0.5057529807090759,-0.052390117198228836,0.9991211891174316,0.489274263381958,0.5049861669540405,-0.052459247410297394,0.9993722438812256,0.4915652871131897,0.5063245892524719,-0.0988239273428917,0.999131441116333,0.49056893587112427,0.505794882774353,-0.09898845851421356,0.9989275336265564,0.48942407965660095,0.5051290392875671,-0.099055215716362,0.9992234110832214,0.47465085983276367,0.5005694627761841,0.00826728343963623,0.9982784986495972,0.47506633400917053,0.5006323456764221,-0.19986049830913544,0.9989625811576843,0.47921544313430786,0.51380854845047,-0.03379127010703087,0.9992976188659668,0.4794940650463104,0.5139463543891907,-0.094663605093956,0.9993955492973328,0.41053155064582825,0.5162140130996704,0.12991401553153992,0.9998148083686829,0.42451027035713196,0.5237183570861816,-0.306435763835907,0.9999478459358215,0.38362473249435425,0.5666945576667786,0.18806004524230957,0.14897367358207703,0.4009471535682678,0.5767606496810913,-0.36765462160110474,0.9713466763496399,0.40242353081703186,0.6121881604194641,0.11402521282434464,0.15679962933063507,0.4202577769756317,0.6277078986167908,-0.3062050938606262,0.924723744392395,0.41067999601364136,0.6220993399620056,0.1154203712940216,0.14896585047245026,0.42969974875450134,0.6358591318130493,-0.3513602614402771,0.8744425177574158,0.419019490480423,0.6269789338111877,0.07663553208112717,0.15272124111652374,0.4352869987487793,0.6364067792892456,-0.33068034052848816,0.8687339425086975,0.4085427224636078,0.6223394274711609,0.09365113824605942,0.1581764668226242,0.42946261167526245,0.6329925656318665,-0.2978816628456116,0.8124078512191772,0.3299389183521271,0.6033408045768738,0.13518638908863068,0.9995005130767822,0.32846972346305847,0.6101226210594177,-0.13490404188632965,0.9997612833976746,0.3453567922115326,0.6818920373916626,0.2167227417230606,0.36778929829597473,0.3334095776081085,0.6894952058792114,-0.08086410909891129,0.9315364956855774,0.34574854373931885,0.7551718354225159,0.3396163880825043,0.5871525406837463,0.33158987760543823,0.7674439549446106,0.06023453548550606,0.9271585941314697,0.3296290934085846,0.7667827010154724,0.34588152170181274,0.6280620098114014,0.3160153925418854,0.7835628986358643,0.06957218050956726,0.89016193151474,0.39524927735328674,0.7756891846656799,0.2730156183242798,0.7052794694900513,0.373031884431839,0.7956903576850891,-0.015264724381268024,0.9188607931137085
26,0.49024850130081177,0.5112599730491638,-0.06136457622051239,0.9993443489074707,0.49245476722717285,0.5058397054672241,-0.05339084565639496,0.9991601705551147,0.4914422035217285,0.5053115487098694,-0.053477272391319275,0.9990451335906982,0.4900023341178894,0.5045918822288513,-0.053533826023340225,0.9993209838867188,0.49229317903518677,0.505806565284729,-0.09739168733358383,0.9990476965904236,0.4912254512310028,0.5052563548088074,-0.09754899144172668,0.9988213181495667,0.4899964928627014,0.5045648217201233,-0.09760086238384247,0.9991511702537537,0.4746122658252716,0.5000096559524536,0.00011715768778230995,0.9981138706207275,0.4752989113330841,0.5001331567764282,-0.19615353643894196,0.9988596439361572,0.4799943268299103,0.5138383507728577,-0.03447505459189415,0.9992356896400452,0.4802449643611908,0.5138980746269226,-0.09192527085542679,0.9993407726287842,0.41050952672958374,0.5158656239509583,0.1194414347410202,0.999811053276062,0.42709872126579285,0.5228357911109924,-0.2967294454574585,0.9999460577964783,0.3779104948043823,0.5636309385299683,0.18093109130859375,0.14965829253196716,0.40330004692077637,0.5760154724121094,-0.34633198380470276,0.97030109167099,0.40044423937797546,0.6096693873405457,0.11212779581546783,0.15790709853172302,0.42380934953689575,0.6263628005981445,-0.28372710943222046,0.9221022129058838,0.405254065990448,0.6191348433494568,0.11317761242389679,0.15007133781909943,0.43382102251052856,0.6354053020477295,-0.3267754018306732,0.8707096576690674,0.4114220142364502,0.6201639175415039,0.07538935542106628,0.1538287252187729,0.4398457705974579,0.6350440382957458,-0.3082111179828644,0.8649426698684692,0.4024638831615448,0.6175237894058228,0.09273629635572433,0.1591154783964157,0.43328920006752014,0.6320813298225403,-0.2760998010635376,0.8074651956558228,0.3295825123786926,0.6031728386878967,0.13249193131923676,0.9994890689849854,0.3281048834323883,0.6091398596763611,-0.13222306966781616,0.9997566342353821,0.3423174321651459,0.6771915555000305,0.2285338193178177,0.36165112257003784,0.33759334683418274,0.6888511776924133,-0.06495005637407303,0.9300413131713867,0.3452956974506378,0.7492126822471619,0.351797491312027,0.583786129951477,0.33217641711235046,0.765668511390686,0.07369468361139297,0.9253642559051514,0.32997560501098633,0.7609925866127014,0.35806748270988464,0.626511812210083,0.31998369097709656,0.7782301306724548,0.08291316777467728,0.8878553509712219,0.3896718919277191,0.758499026298523,0.2903989255428314,0.7029448747634888,0.375149667263031,0.7902830243110657,0.0020892343018203974,0.9170359373092651
27,0.4909227192401886,0.5122578740119934,-0.05838418006896973,0.9993247389793396,0.4937272369861603,0.5065995454788208,-0.04964355751872063,0.99913489818573,0.4927753508090973,0.5060428977012634,-0.04971719905734062,0.9990171790122986,0.49137070775032043,0.5052784085273743,-0.04976201057434082,0.9993038773536682,0.4936032295227051,0.5065528154373169,-0.09410670399665833,0.9990155696868896,0.4926168918609619,0.5059630870819092,-0.09425486624240875,0.9987791180610657,0.49146756529808044,0.5052174925804138,-0.09429913014173508,0.99912428855896,0.47609415650367737,0.5002453923225403,0.0046317195519804955,0.9980357885360718,0.4769727289676666,0.5002891421318054,-0.193931445479393,0.9988150596618652,0.48049983382225037,0.5145049095153809,-0.03159116208553314,0.9992132186889648,0.48092859983444214,0.5145781636238098,-0.0897107794880867,0.9993218779563904,0.41131436824798584,0.5153970122337341,0.12288790196180344,0.999810516834259,0.42720916867256165,0.5221999883651733,-0.2966025173664093,0.9999457597732544,0.37897276878356934,0.5643814206123352,0.17804327607154846,0.15094122290611267,0.40235552191734314,0.5758885145187378,-0.35135889053344727,0.9703102707862854,0.40684840083122253,0.6114356517791748,0.10391948372125626,0.1602185070514679,0.42572924494743347,0.6252648234367371,-0.29216137528419495,0.9222205877304077,0.4132741391658783,0.6207993030548096,0.10458806902170181,0.15204395353794098,0.4387388825416565,0.6358909606933594,-0.33635345101356506,0.8704948425292969,0.41339126229286194,0.6208807229995728,0.06627175956964493,0.15578998625278473,0.44192805886268616,0.634475827217102,-0.3163001239299774,0.8647420406341553,0.41200941801071167,0.6204574108123779,0.08404861390590668,0.16086283326148987,0.4348965287208557,0.631365954875946,-0.2841970920562744,0.8069153428077698,0.3295198976993561,0.6004926562309265,0.13340795040130615,0.9994767904281616,0.3282264173030853,0.6066722869873047,-0.1331324577331543,0.9997521042823792,0.3422442376613617,0.6752297878265381,0.22280685603618622,0.35767340660095215,0.33801814913749695,0.6867884993553162,-0.07101830840110779,0.9294918775558472,0.3458970785140991,0.7471812963485718,0.3486482501029968,0.581992506980896,0.3283301889896393,0.7654845714569092,0.06825383007526398,0.9247637391090393,0.3305913507938385,0.7590028047561646,0.3550397455692291,0.6262310147285461,0.32108768820762634,0.7746681571006775,0.07733282446861267,0.8863959908485413,0.40422141551971436,0.7546285390853882,0.28621041774749756,0.7017508149147034,0.37702488899230957,0.7869859337806702,-0.00494874082505703,0.9162666201591492
28,0.49022048711776733,0.5117065906524658,-0.06881197541952133,0.9992800354957581,0.49310630559921265,0.5060903429985046,-0.05980720371007919,0.9990782737731934,0.4920264780521393,0.5054506659507751,-0.05988386645913124,0.9989535212516785,0.49096590280532837,0.5047829151153564,-0.059933826327323914,0.9992613196372986,0.49283504486083984,0.5060388445854187,-0.10461914539337158,0.9989554286003113,0.491825133562088,0.5054554343223572,-0.10477783530950546,0.9987062215805054,0.49067598581314087,0.5047243237495422,-0.10483922809362411,0.9990748763084412,0.47603166103363037,0.49989187717437744,-0.003575012320652604,0.9978882670402527,0.47651559114456177,0.5000569224357605,-0.20372405648231506,0.9987475872039795,0.48006924986839294,0.5139347314834595,-0.041136667132377625,0.9991635084152222,0.4801193177700043,0.5139240026473999,-0.09971699118614197,0.9992820024490356,0.411830872297287,0.5150614976882935,0.11698843538761139,0.9998036623001099,0.4279806613922119,0.5241748690605164,-0.30304867029190063,0.9999430775642395,0.3810124695301056,0.5649243593215942,0.1779145747423172,0.15158984065055847,0.401571661233902,0.5764268040657043,-0.3597474694252014,0.9699790477752686,0.40568697452545166,0.6104591488838196,0.11208439618349075,0.16159731149673462,0.42673158645629883,0.6280478239059448,-0.2987537980079651,0.9218323230743408,0.4182477295398712,0.6179176568984985,0.11493053287267685,0.1532716453075409,0.4388980269432068,0.6361696720123291,-0.3431563079357147,0.8697030544281006,0.42571821808815,0.6212419271469116,0.07600689679384232,0.1570141464471817,0.4428423345088959,0.6346579194068909,-0.3215458393096924,0.8639128804206848,0.4149060845375061,0.6170671582221985,0.09222957491874695,0.1620945781469345,0.43754148483276367,0.6322387456893921,-0.2901083528995514,0.805591344833374,0.3299790918827057,0.6007722616195679,0.1317412108182907,0.999450147151947,0.3316344618797302,0.6089641451835632,-0.13147340714931488,0.9997377991676331,0.3428988754749298,0.6783468127250671,0.22003133594989777,0.35425838828086853,0.339444637298584,0.6858404278755188,-0.06991328299045563,0.9280731678009033,0.3389744162559509,0.7515230178833008,0.3468223512172699,0.5775174498558044,0.3257729411125183,0.7671124339103699,0.06866361945867538,0.9225578308105469,0.3235660791397095,0.7632396817207336,0.3537820875644684,0.6227207183837891,0.3199213743209839,0.7782164216041565,0.07788953930139542,0.8829778432846069,0.3864535391330719,0.7708219885826111,0.28488805890083313,0.6969483494758606,0.3719719648361206,0.7886722683906555,-0.003528089029714465,0.9135217070579529
29,0.49078312516212463,0.5125352740287781,-0.06226611137390137,0.9992681741714478,0.494174599647522,0.5069314241409302,-0.05257202684879303,0.9990646839141846,0.4934629797935486,0.5062688589096069,-0.05266432836651802,0.9989383816719055,0.4922533929347992,0.5055047273635864,-0.05272867903113365,0.9992548227310181,0.493740439414978,0.5067645907402039,-0.09769206494092941,0.998938262462616,0.49268782138824463,0.5060703754425049,-0.09784967452287674,0.9986843466758728,0.49154379963874817,0.5050979256629944,-0.0978991836309433,0.9990625977516174,0.4774961769580841,0.5004128813743591,0.0051194666884839535,0.9978587627410889,0.47736573219299316,0.4999088943004608,-0.1968688815832138,0.9987332224845886,0.4801991879940033,0.514629602432251,-0.03436082974076271,0.9991592168807983,0.4800795912742615,0.5145570039749146,-0.09345227479934692,0.9992753863334656,0.4134039580821991,0.5150766968727112,0.12093610316514969,0.9998032450675964,0.4272324740886688,0.5212361812591553,-0.29673969745635986,0.9999406337738037,0.38104623556137085,0.5651565194129944,0.18383531272411346,0.1529178023338318,0.4033567011356354,0.5759004950523376,-0.3492656648159027,0.9700907468795776,0.39714500308036804,0.6080147624015808,0.11793243139982224,0.16301214694976807,0.4237625300884247,0.6262295246124268,-0.28353556990623474,0.9222089648246765,0.41302746534347534,0.6213210821151733,0.11987259238958359,0.1547183245420456,0.4364095628261566,0.635638952255249,-0.3265458345413208,0.869844913482666,0.4133671820163727,0.6215288639068604,0.08213349431753159,0.15847332775592804,0.4392981231212616,0.6350873708724976,-0.30655521154403687,0.8640995621681213,0.41168031096458435,0.6210258603096008,0.09869735687971115,0.16346831619739532,0.4335557520389557,0.6317246556282043,-0.2752252519130707,0.8055993318557739,0.33284005522727966,0.6016026735305786,0.13046087324619293,0.999436616897583,0.3306303024291992,0.6071760058403015,-0.13018424808979034,0.9997249841690063,0.343951553106308,0.680416464805603,0.21048834919929504,0.35756954550743103,0.3251310884952545,0.6889289617538452,-0.07815174013376236,0.9291760921478271,0.33632174134254456,0.7550970315933228,0.33208999037742615,0.5791133046150208,0.33151161670684814,0.7679752707481384,0.06942753493785858,0.9220696091651917,0.3198029398918152,0.7663035988807678,0.33846405148506165,0.6228561997413635,0.31562480330467224,0.7811325788497925,0.08009367436170578,0.8812476992607117,0.38257965445518494,0.7759517431259155,0.26594626903533936,0.6965888738632202,0.3679181635379791,0.7929881811141968,0.0015891921939328313,0.9125292897224426
30,0.49190640449523926,0.5115035772323608,-0.055528368800878525,0.999222993850708,0.49521946907043457,0.5058444738388062,-0.045881085097789764,0.9990134239196777,0.49438944458961487,0.5052892565727234,-0.04598021134734154,0.9988794922828674,0.49302318692207336,0.504467785358429,-0.04604470729827881,0.9992184638977051,0.49487462639808655,0.5057325959205627,-0.09143265336751938,0.9988818764686584,0.4938387870788574,0.5050844550132751,-0.09159907698631287,0.9986147284507751,0.49266788363456726,0.5042504072189331,-0.09166181087493896,0.9990190863609314,0.47754228115081787,0.49920690059661865,0.011375158093869686,0.9977338314056396,0.47769781947135925,0.4989267885684967,-0.19245313107967377,0.9986780881881714,0.48134782910346985,0.5136350989341736,-0.027628032490611076,0.9991178512573242,0.4812735617160797,0.513635516166687,-0.08728019148111343,0.9992421269416809,0.41172656416893005,0.5149943828582764,0.12646842002868652,0.9997977614402771,0.4273125231266022,0.5232101082801819,-0.2937227785587311,0.9999377727508545,0.37995290756225586,0.566211998462677,0.18881447613239288,0.15155430138111115,0.40310439467430115,0.5769631266593933,-0.34512707591056824,0.9701026678085327,0.40459468960762024,0.6126355528831482,0.1249094232916832,0.1621195673942566,0.42377203702926636,0.6277016401290894,-0.27976691722869873,0.9224982261657715,0.4137965142726898,0.6216457486152649,0.12767529487609863,0.1540525108575821,0.4360100328922272,0.6358176469802856,-0.3233661651611328,0.8699000477790833,0.4143741726875305,0.6216577887535095,0.08935440331697464,0.15780143439769745,0.439108282327652,0.6350787281990051,-0.3018631935119629,0.8641406893730164,0.41245242953300476,0.621453583240509,0.105418361723423,0.1627488136291504,0.4350319802761078,0.6323009729385376,-0.2708951532840729,0.8052747249603271,0.3317717909812927,0.6030024290084839,0.12974752485752106,0.9993990063667297,0.33531102538108826,0.6103456616401672,-0.1294679492712021,0.9997035264968872,0.341211199760437,0.6858015656471252,0.21759381890296936,0.35589149594306946,0.33725082874298096,0.692435085773468,-0.06959531456232071,0.9281817078590393,0.33701378107070923,0.7547698616981506,0.3487515151500702,0.5744518041610718,0.32990843057632446,0.7692195177078247,0.08152259141206741,0.9190552234649658,0.31744253635406494,0.7696290612220764,0.3564397394657135,0.6186830997467041,0.3141733407974243,0.7821943163871765,0.09240046888589859,0.8766994476318359,0.37951144576072693,0.7780462503433228,0.2870209217071533,0.6914718747138977,0.3670543432235718,0.794092059135437,0.014224691316485405,0.9089993238449097
31,0.49321866035461426,0.5117228031158447,-0.05242275074124336,0.9991945028305054,0.4962124228477478,0.5059344172477722,-0.04366859421133995,0.9989755749702454,0.49531644582748413,0.5051921010017395,-0.043750159442424774,0.9988394379615784,0.49380409717559814,0.504294753074646,-0.04380215331912041,0.9991909861564636,0.4961760342121124,0.5059954524040222,-0.08880827575922012,0.9988354444503784,0.4952438771724701,0.5053755640983582,-0.08895860612392426,0.9985578060150146,0.4942111670970917,0.5044762492179871,-0.08900482952594757,0.9989784359931946,0.4778042137622833,0.4989811182022095,0.008839488960802555,0.9976425170898438,0.4786772131919861,0.4991220533847809,-0.19310931861400604,0.9986211061477661,0.48238441348075867,0.5137312412261963,-0.026241568848490715,0.9990923404693604,0.48286300897598267,0.5139515399932861,-0.08530554920434952,0.9992155432701111,0.4117412567138672,0.5140970945358276,0.1231493353843689,0.9997962117195129,0.42848092317581177,0.5214706659317017,-0.2973906397819519,0.9999362826347351,0.377878338098526,0.5628684163093567,0.1832253485918045,0.15377403795719147,0.4038941264152527,0.5761822462081909,-0.3504864573478699,0.9698241353034973,0.3981834650039673,0.6127022504806519,0.11146029084920883,0.16372749209403992,0.4235599935054779,0.6268850564956665,-0.2865575850009918,0.9213212132453918,0.40263405442237854,0.6233814358711243,0.11244948208332062,0.15522705018520355,0.4353872835636139,0.6358574032783508,-0.33022788166999817,0.8677505850791931,0.40356680750846863,0.6209666132926941,0.07413312047719955,0.1590358018875122,0.43822622299194336,0.6353669762611389,-0.3115599453449249,0.8620204329490662,0.4030844271183014,0.6203963756561279,0.09186645597219467,0.16388599574565887,0.4349462389945984,0.6326530575752258,-0.27883604168891907,0.8024129271507263,0.33167949318885803,0.6009511351585388,0.13348355889320374,0.9993912577629089,0.33185261487960815,0.6077238321304321,-0.1332266628742218,0.9996982216835022,0.34357744455337524,0.6786812543869019,0.2256602942943573,0.3529488444328308,0.336825430393219,0.6892239451408386,-0.06768586486577988,0.9280576109886169,0.34640803933143616,0.7474897503852844,0.3506712317466736,0.5715737342834473,0.3366326093673706,0.7607365250587463,0.0743233785033226,0.917629063129425,0.3321901559829712,0.7587343454360962,0.35712236166000366,0.6153061389923096,0.32215598225593567,0.7721869945526123,0.08391254395246506,0.8736868500709534,0.39546558260917664,0.7655618786811829,0.28714296221733093,0.6884858012199402,0.37621256709098816,0.7857521772384644,0.002932024886831641,0.9072421193122864
32,0.49308809638023376,0.5117996335029602,-0.03369561582803726,0.9992334842681885,0.4956013858318329,0.5063575506210327,-0.024616042152047157,0.9990254044532776,0.49437373876571655,0.5056725740432739,-0.02468358352780342,0.998894214630127,0.493068665266037,0.5047275424003601,-0.024714350700378418,0.9992293119430542,0.49632173776626587,0.5066349506378174,-0.07067996263504028,0.9988951683044434,0.495620459318161,0.5061392188072205,-0.07084103673696518,0.9986322522163391,0.4947783946990967,0.5054931640625,-0.07088363915681839,0.9990310072898865,0.4775525629520416,0.4995819330215454,0.026314562186598778,0.9977614283561707,0.4800122380256653,0.5003731846809387,-0.17954105138778687,0.9986957907676697,0.4813663065433502,0.5136693716049194,-0.008250011131167412,0.9991356730461121,0.4826742708683014,0.5141774415969849,-0.06860068440437317,0.9992551803588867,0.4104616940021515,0.5143079161643982,0.1406404972076416,0.9998036026954651,0.43191713094711304,0.5217272639274597,-0.2880134880542755,0.999940037727356,0.37649092078208923,0.5642880201339722,0.2012026309967041,0.15408118069171906,0.40347352623939514,0.5775503516197205,-0.344277024269104,0.971101701259613,0.4021054804325104,0.6157078146934509,0.1371535062789917,0.16561250388622284,0.4233291447162628,0.6292569041252136,-0.2845836281776428,0.9246348738670349,0.4117233157157898,0.625275731086731,0.14216743409633636,0.15681612491607666,0.4323524236679077,0.6373239755630493,-0.32981234788894653,0.8723136186599731,0.4204024076461792,0.6285926699638367,0.10183777660131454,0.16067193448543549,0.43795454502105713,0.6371379494667053,-0.3063080608844757,0.8666778802871704,0.4129706919193268,0.622948408126831,0.11709540337324142,0.1654515117406845,0.4315008223056793,0.634499192237854,-0.27516496181488037,0.8082874417304993,0.3273923099040985,0.6033591032028198,0.13460566103458405,0.9994043707847595,0.33663296699523926,0.6106388568878174,-0.13431315124034882,0.9997081160545349,0.3381817936897278,0.6829432845115662,0.22859743237495422,0.3484629690647125,0.3411295711994171,0.6912168264389038,-0.06458912789821625,0.9283347129821777,0.3356306254863739,0.7546930909156799,0.360529363155365,0.5673152804374695,0.32475391030311584,0.7710480093955994,0.07652752101421356,0.9172202348709106,0.32129842042922974,0.7685189843177795,0.3678756058216095,0.6128008365631104,0.31293627619743347,0.784539520740509,0.08622284978628159,0.873914897441864,0.3796389400959015,0.7772940397262573,0.300957590341568,0.6859536170959473,0.37215501070022583,0.7923611402511597,0.010779008269309998,0.9071393013000488
33,0.49623990058898926,0.5124350190162659,-0.05073532834649086,0.999241292476654,0.49870142340660095,0.5067605972290039,-0.041628848761320114,0.999031662940979,0.49753275513648987,0.5059755444526672,-0.041699670255184174,0.9989013075828552,0.4960843026638031,0.5051339864730835,-0.04174143821001053,0.9992350935935974,0.49910780787467957,0.5070087909698486,-0.08671635389328003,0.9989005327224731,0.49829208850860596,0.506388783454895,-0.08686497807502747,0.9986389875411987,0.4972608685493469,0.5056959986686707,-0.08690330386161804,0.9990357160568237,0.47893378138542175,0.4997006356716156,0.011076775379478931,0.9977660775184631,0.4812139570713043,0.5006598234176636,-0.1906154900789261,0.9986969828605652,0.4850095510482788,0.5144087076187134,-0.024782368913292885,0.9991441965103149,0.48576298356056213,0.5147358179092407,-0.0838083028793335,0.9992603659629822,0.4124186336994171,0.514599084854126,0.12453705072402954,0.9998067617416382,0.4299324154853821,0.5220521688461304,-0.2935087978839874,0.9999410510063171,0.38019466400146484,0.5656282901763916,0.18090009689331055,0.1577051877975464,0.40317419171333313,0.5770148634910583,-0.3479617238044739,0.9717822670936584,0.39349809288978577,0.6119908094406128,0.10678922384977341,0.16992148756980896,0.4242105185985565,0.6281246542930603,-0.28920862078666687,0.9264652132987976,0.4133464992046356,0.6261357069015503,0.10788847506046295,0.16031183302402496,0.43358543515205383,0.6367077231407166,-0.3334694802761078,0.874493420124054,0.41414037346839905,0.6262108683586121,0.06919682770967484,0.16426415741443634,0.4363880455493927,0.6364259719848633,-0.3137192130088806,0.8689559698104858,0.4123324751853943,0.6248928904533386,0.0870475098490715,0.16881591081619263,0.43379703164100647,0.633478581905365,-0.28125160932540894,0.8109529614448547,0.3290802240371704,0.6027895212173462,0.13190467655658722,0.9994024038314819,0.3314252495765686,0.608340322971344,-0.1316457986831665,0.999705970287323,0.341057151556015,0.6795806288719177,0.22716909646987915,0.3474718928337097,0.33774909377098083,0.6871549487113953,-0.062363963574171066,0.9285919666290283,0.3377956449985504,0.7505340576171875,0.3540365993976593,0.5670516490936279,0.3359387516975403,0.7615939974784851,0.08544040471315384,0.916279137134552,0.32361680269241333,0.7618592381477356,0.36055514216423035,0.6116786003112793,0.32443177700042725,0.7749059200286865,0.09557276964187622,0.8721579909324646,0.3859146535396576,0.7684587240219116,0.2895258665084839,0.6857367157936096,0.37583503127098083,0.7841644883155823,0.016780925914645195,0.9062068462371826
34,0.49636325240135193,0.5124920606613159,-0.08060802519321442,0.9992721676826477,0.49876725673675537,0.5068804621696472,-0.07043662667274475,0.9990651607513428,0.4976744055747986,0.5062430500984192,-0.07050821185112,0.9989396929740906,0.4963556230068207,0.5054718852043152,-0.07054565846920013,0.999260425567627,0.49889883399009705,0.5070405006408691,-0.11704373359680176,0.9989416599273682,0.49794378876686096,0.5065123438835144,-0.11720302700996399,0.9986919164657593,0.49681881070137024,0.5058113932609558,-0.11725127696990967,0.9990730285644531,0.47948265075683594,0.5001555681228638,-0.010370760224759579,0.9978424906730652,0.48081886768341064,0.500794529914856,-0.21852222084999084,0.998751163482666,0.48564910888671875,0.5144470930099487,-0.051621146500110626,0.9991798400878906,0.4860152006149292,0.5148524641990662,-0.11257823556661606,0.9992939233779907,0.4127606451511383,0.5153335332870483,0.11305318772792816,0.999811589717865,0.42894482612609863,0.5248141288757324,-0.31906864047050476,0.9999433159828186,0.3821267783641815,0.5699850916862488,0.16997477412223816,0.15854088962078094,0.40366825461387634,0.5791493058204651,-0.3797025978565216,0.9727009534835815,0.4038700759410858,0.6170090436935425,0.09679359942674637,0.17068792879581451,0.42258355021476746,0.6309337615966797,-0.3252404034137726,0.9293141961097717,0.41388067603111267,0.6270392537117004,0.09781964868307114,0.16039207577705383,0.43092525005340576,0.6395037174224854,-0.37369728088378906,0.8786291480064392,0.4216148257255554,0.6303802132606506,0.05695502460002899,0.164336696267128,0.43557208776474,0.6397716999053955,-0.35301822423934937,0.8732157349586487,0.4128056466579437,0.6265352368354797,0.0758606567978859,0.16894884407520294,0.43057015538215637,0.6359559297561646,-0.31733444333076477,0.8162218928337097,0.32817110419273376,0.6020272374153137,0.1327851116657257,0.9994128346443176,0.33225804567337036,0.6096642017364502,-0.13252080976963043,0.9997112154960632,0.33955082297325134,0.6788743734359741,0.2321760058403015,0.3457165062427521,0.3387361466884613,0.6898539662361145,-0.06094111129641533,0.928339958190918,0.34087881445884705,0.7550913095474243,0.3618723452091217,0.5663193464279175,0.3362756371498108,0.7675554156303406,0.08848647028207779,0.915999174118042,0.3272210359573364,0.7671603560447693,0.3683876693248749,0.6105714440345764,0.32337477803230286,0.7805694937705994,0.09820114076137543,0.8717021346092224,0.3885611891746521,0.7727038860321045,0.2934845983982086,0.6852097511291504,0.3774760663509369,0.7881090641021729,0.014670074917376041,0.9059340953826904
35,0.4958947002887726,0.5122967958450317,-0.057752575725317,0.999304473400116,0.49877047538757324,0.506369411945343,-0.047311294823884964,0.9991055727005005,0.497543066740036,0.5056576132774353,-0.04737875610589981,0.9989854693412781,0.49627673625946045,0.5049113035202026,-0.04741787537932396,0.9992924332618713,0.49863749742507935,0.50645911693573,-0.09381524473428726,0.9989897012710571,0.49757593870162964,0.5058935880661011,-0.09397067874670029,0.9987523555755615,0.4963555932044983,0.5051774382591248,-0.09401339292526245,0.9991158843040466,0.4801969826221466,0.5000473856925964,0.012346774339675903,0.9979351162910461,0.4811970889568329,0.5006034970283508,-0.19549810886383057,0.9988094568252563,0.48506680130958557,0.5146824717521667,-0.02912546694278717,0.9992152452468872,0.48529481887817383,0.514907956123352,-0.08999455720186234,0.999326765537262,0.4138129651546478,0.5153348445892334,0.13284917175769806,0.9998161792755127,0.43046608567237854,0.5232587456703186,-0.3000591993331909,0.9999452233314514,0.3822116255760193,0.5672844648361206,0.19529417157173157,0.15722450613975525,0.4049963057041168,0.5793192982673645,-0.3562231659889221,0.9734999537467957,0.4047495424747467,0.6183914542198181,0.1316407024860382,0.16988505423069,0.425700843334198,0.6307429671287537,-0.29453137516975403,0.9315784573554993,0.409834086894989,0.6285730004310608,0.13528548181056976,0.15987883508205414,0.4337485730648041,0.6403496265411377,-0.3409962058067322,0.8819220066070557,0.4184848368167877,0.6298755407333374,0.09349548071622849,0.16379551589488983,0.43633902072906494,0.6395464539527893,-0.31805405020713806,0.8765985369682312,0.4102473855018616,0.625982940196991,0.11071393638849258,0.16849565505981445,0.4323441982269287,0.6367083787918091,-0.28552359342575073,0.8205755949020386,0.3274773061275482,0.601924479007721,0.13437539339065552,0.9994228482246399,0.3328823745250702,0.6104978919029236,-0.13407285511493683,0.9997175931930542,0.33915573358535767,0.6835324168205261,0.216805562376976,0.3455745279788971,0.33977481722831726,0.6889615654945374,-0.0772605761885643,0.9291051030158997,0.33865416049957275,0.7545973062515259,0.34363046288490295,0.5665149092674255,0.3334401547908783,0.7703083753585815,0.06414031982421875,0.9171010255813599,0.3261372745037079,0.7677939534187317,0.35024958848953247,0.610992431640625,0.31721004843711853,0.7837099432945251,0.0735439583659172,0.8728954195976257,0.3803670108318329,0.779192328453064,0.27670225501060486,0.6852670311927795,0.3720792829990387,0.7934833765029907,-0.007856056094169617,0.9069101810455322
36,0.49822914600372314,0.5133249759674072,-0.05105724558234215,0.9993223547935486,0.500547468662262,0.5074645280838013,-0.041965238749980927,0.9991238713264465,0.4992798864841461,0.5067883729934692,-0.042036011815071106,0.9990065693855286,0.49775663018226624,0.5059705972671509,-0.04207604378461838,0.9993047714233398,0.5007278323173523,0.5076962113380432,-0.08833131939172745,0.9990125298500061,0.4996533989906311,0.5071977376937866,-0.0884869322180748,0.998782217502594,0.4983970820903778,0.5065376162528992,-0.08853095024824142,0.9991353750228882,0.4805787205696106,0.5007177591323853,0.010434732772409916,0.9979756474494934,0.48223623633384705,0.5018328428268433,-0.19686740636825562,0.9988402128219604,0.48692214488983154,0.5152954459190369,-0.025042282417416573,0.9992387294769287,0.4877335727214813,0.5157510042190552,-0.08574864268302917,0.9993489980697632,0.4150620698928833,0.5152592062950134,0.12747231125831604,0.9998186230659485,0.43264397978782654,0.5246250629425049,-0.3063157796859741,0.9999470114707947,0.38219204545021057,0.565586507320404,0.18603964149951935,0.15593881905078888,0.40471336245536804,0.578657329082489,-0.3675517141819,0.9737733602523804,0.4023994207382202,0.6175180673599243,0.11574006825685501,0.1688072681427002,0.42203348875045776,0.6293190121650696,-0.30805376172065735,0.9322140216827393,0.40717998147010803,0.6281378865242004,0.11728305369615555,0.15894566476345062,0.42982223629951477,0.63840651512146,-0.35554537177085876,0.8825540542602539,0.4120393395423889,0.6296296715736389,0.07630189508199692,0.1628577709197998,0.43195629119873047,0.6383312940597534,-0.335025817155838,0.8772444725036621,0.4103075861930847,0.6254652142524719,0.09479288756847382,0.16752146184444427,0.42868855595588684,0.6356601715087891,-0.30029863119125366,0.8212220072746277,0.32826581597328186,0.6015463471412659,0.1382470577955246,0.999434769153595,0.3316962718963623,0.6098219156265259,-0.13795070350170135,0.9997257590293884,0.3439326584339142,0.6791682839393616,0.2301034927368164,0.342408150434494,0.34047242999076843,0.6875039339065552,-0.07342857867479324,0.9297361969947815,0.339569628238678,0.7560548782348633,0.3559114336967468,0.5664334297180176,0.3347982168197632,0.7694240808486938,0.06801588833332062,0.9182795286178589,0.3240094482898712,0.7683078050613403,0.3619784414768219,0.6122446060180664,0.32151320576667786,0.7819894552230835,0.07733698934316635,0.8748666048049927,0.3888227939605713,0.7760626077651978,0.28978562355041504,0.6853387951850891,0.37640270590782166,0.7933298349380493,-0.0031430507078766823,0.9079822301864624
37,0.49804770946502686,0.5140672326087952,-0.05234737694263458,0.9993444681167603,0.5009130835533142,0.508156418800354,-0.042487483471632004,0.9991494417190552,0.4996822774410248,0.5075072646141052,-0.0425487756729126,0.9990366101264954,0.49776408076286316,0.5065125823020935,-0.04257887974381447,0.9993236064910889,0.5011700391769409,0.5082665681838989,-0.0895361602306366,0.999043881893158,0.5001758337020874,0.5077012777328491,-0.08969567716121674,0.9988232851028442,0.49901315569877625,0.5069628953933716,-0.08974910527467728,0.9991638660430908,0.4811400771141052,0.5012527704238892,0.013621693477034569,0.9980292916297913,0.4826701283454895,0.5017988681793213,-0.19672968983650208,0.998881459236145,0.4866291284561157,0.5160869359970093,-0.024935288354754448,0.9992659091949463,0.487624853849411,0.5164609551429749,-0.08651755005121231,0.9993757605552673,0.4138261675834656,0.5161535143852234,0.1343248039484024,0.9998232126235962,0.430981308221817,0.5253153443336487,-0.3065217435359955,0.9999493360519409,0.383154958486557,0.5684072971343994,0.19372475147247314,0.15487195551395416,0.40536966919898987,0.5791389346122742,-0.36768218874931335,0.9742414355278015,0.4033746123313904,0.6193583607673645,0.12359321117401123,0.16765204071998596,0.4225575029850006,0.6304275393486023,-0.30889371037483215,0.9333176612854004,0.40978333353996277,0.627543568611145,0.12565124034881592,0.15781128406524658,0.42937493324279785,0.6407431364059448,-0.35782650113105774,0.8840384483337402,0.41666704416275024,0.6311900615692139,0.08351971209049225,0.16166174411773682,0.4318108856678009,0.6397249698638916,-0.3355097472667694,0.8787783980369568,0.40942656993865967,0.6272785067558289,0.10210969299077988,0.16626843810081482,0.42639508843421936,0.6365578770637512,-0.3005177676677704,0.8233065009117126,0.3281504511833191,0.6029037833213806,0.13927513360977173,0.9994505047798157,0.33235692977905273,0.6105435490608215,-0.13893546164035797,0.9997357726097107,0.3432201147079468,0.680378258228302,0.23344501852989197,0.3376251757144928,0.3429253101348877,0.6893618106842041,-0.07314933091402054,0.928726851940155,0.343656986951828,0.7598832845687866,0.3600532114505768,0.563022792339325,0.3361985683441162,0.7718345522880554,0.0680016279220581,0.9181802868843079,0.32919013500213623,0.7722120881080627,0.3661497235298157,0.6113068461418152,0.3222140371799469,0.7844027876853943,0.07704270631074905,0.8754380941390991,0.39347130060195923,0.7783022522926331,0.29310494661331177,0.6830446124076843,0.3825121223926544,0.7942806482315063,-0.004012612160295248,0.9081007838249207
38,0.4961778521537781,0.513465940952301,-0.04001424461603165,0.9993342757225037,0.4988451898097992,0.5080721974372864,-0.032553739845752716,0.9991308450698853,0.4977445900440216,0.5074461698532104,-0.03263681381940842,0.999015748500824,0.49605414271354675,0.506663978099823,-0.03269471600651741,0.9993065595626831,0.4989864230155945,0.508137047290802,-0.07722703367471695,0.999021053314209,0.49804404377937317,0.5075396299362183,-0.07737316936254501,0.998798131942749,0.4968956410884857,0.5069145560264587,-0.07741590589284897,0.9991415143013,0.480270117521286,0.5020209550857544,0.013683268800377846,0.9980041980743408,0.4818646013736725,0.5025327205657959,-0.18618619441986084,0.998856246471405,0.4851439893245697,0.5157395005226135,-0.016214098781347275,0.999259352684021,0.4858715534210205,0.5160410404205322,-0.07471839338541031,0.9993661642074585,0.41528406739234924,0.5155931711196899,0.12471180409193039,0.999820351600647,0.43280479311943054,0.5245641469955444,-0.2940974235534668,0.9999479651451111,0.38279232382774353,0.565832257270813,0.18249385058879852,0.15735754370689392,0.4062633514404297,0.5782306790351868,-0.3538556396961212,0.9736106991767883,0.3992915153503418,0.6176273226737976,0.11352969706058502,0.16927602887153625,0.4203200340270996,0.6287615299224854,-0.29214173555374146,0.9315434694290161,0.3996177017688751,0.6231023073196411,0.1153145283460617,0.15912078320980072,0.4273763597011566,0.6390270590782166,-0.33647236227989197,0.88113933801651,0.41007986664772034,0.6281083226203918,0.0769394263625145,0.1629936844110489,0.4291439950466156,0.6393586993217468,-0.31723594665527344,0.8758314251899719,0.4087723195552826,0.6263704299926758,0.09396909922361374,0.16752898693084717,0.42603933811187744,0.636309027671814,-0.2845607399940491,0.8196345567703247,0.32903337478637695,0.6013925075531006,0.1337420642375946,0.9994481205940247,0.3335752487182617,0.6087756752967834,-0.1334836184978485,0.9997314810752869,0.34242695569992065,0.6792173981666565,0.2229483276605606,0.33962374925613403,0.34105363488197327,0.6869856119155884,-0.07190942764282227,0.9297026991844177,0.33222344517707825,0.7549813985824585,0.34128639101982117,0.5663399696350098,0.336151123046875,0.764201819896698,0.07123982161283493,0.9186540246009827,0.3163893222808838,0.7662827372550964,0.3469795286655426,0.6128868460655212,0.32363441586494446,0.777180016040802,0.08142758905887604,0.8762298226356506,0.37774136662483215,0.775794267654419,0.2766616940498352,0.6842269897460938,0.3718089163303375,0.7897267937660217,0.007153177168220282,0.9081501960754395
39,0.4985180199146271,0.5135585069656372,-0.043320182710886,0.9993374347686768,0.5012676119804382,0.5078453421592712,-0.034524425864219666,0.9991346597671509,0.500068724155426,0.5072503685951233,-0.03460203856229782,0.9990208148956299,0.49827274680137634,0.5063498020172119,-0.03465398773550987,0.9993070363998413,0.5014863610267639,0.5079534649848938,-0.080223947763443,0.9990262985229492,0.500495433807373,0.5074350833892822,-0.08037056773900986,0.9988082647323608,0.49933743476867676,0.5067570805549622,-0.08041410893201828,0.9991446733474731,0.4819467067718506,0.5014140605926514,0.016542518511414528,0.9980263710021973,0.48327454924583435,0.5019785761833191,-0.187798410654068,0.9988670349121094,0.4873347580432892,0.5157619118690491,-0.017876341938972473,0.9992706179618835,0.48812076449394226,0.5160956978797913,-0.07770472764968872,0.9993751645088196,0.41566964983940125,0.5161842107772827,0.13229741156101227,0.9998189210891724,0.4328833520412445,0.5246423482894897,-0.2982431948184967,0.9999482035636902,0.38281771540641785,0.5663171410560608,0.19352976977825165,0.15672127902507782,0.4065064787864685,0.5794733762741089,-0.35564616322517395,0.9733580946922302,0.397106796503067,0.6185190081596375,0.12682166695594788,0.1682645082473755,0.42136505246162415,0.6291437149047852,-0.2916853725910187,0.9304413199424744,0.4001208245754242,0.6296153664588928,0.12915439903736115,0.15837042033672333,0.42636290192604065,0.639873743057251,-0.33706966042518616,0.8793383836746216,0.4092598855495453,0.6302898526191711,0.0891631618142128,0.1622488796710968,0.4284186065196991,0.6392168402671814,-0.3175103962421417,0.8740085959434509,0.4093961715698242,0.626657247543335,0.10652175545692444,0.16686351597309113,0.42543357610702515,0.6365005970001221,-0.2840575873851776,0.817496120929718,0.32735902070999146,0.6013512015342712,0.13803017139434814,0.9994522333145142,0.3317636549472809,0.6093760132789612,-0.13773773610591888,0.9997342824935913,0.3428453207015991,0.6788519620895386,0.22616268694400787,0.33674949407577515,0.3408636152744293,0.6868027448654175,-0.07598700374364853,0.9305765628814697,0.33400586247444153,0.7560247182846069,0.3462411165237427,0.5652410387992859,0.3333236277103424,0.767992377281189,0.060189347714185715,0.9194889664649963,0.31791841983795166,0.7678347826004028,0.3520466089248657,0.6125864386558533,0.31926435232162476,0.7805497646331787,0.06954709440469742,0.8778678178787231,0.3821234405040741,0.7774065732955933,0.2815760672092438,0.6829639077186584,0.3748934268951416,0.7922624349594116,-0.006957668345421553,0.9086999297142029
40,0.4983680546283722,0.5152152180671692,-0.031106963753700256,0.999356746673584,0.5019960999488831,0.5093591809272766,-0.022075966000556946,0.9991574883460999,0.5009602904319763,0.5086871981620789,-0.022143106907606125,0.9990472793579102,0.49919986724853516,0.5076029896736145,-0.022185515612363815,0.9993231892585754,0.5021193027496338,0.509604811668396,-0.06842025369405746,0.9990547895431519,0.5013003349304199,0.5089341998100281,-0.06856701523065567,0.9988462328910828,0.5002872943878174,0.5081667304039001,-0.0686107948422432,0.9991698265075684,0.48389023542404175,0.5019784569740295,0.026983708143234253,0.9980841875076294,0.4855364263057709,0.5028935074806213,-0.1805032342672348,0.998906135559082,0.48670265078544617,0.5167058110237122,-0.006574052851647139,0.9992968440055847,0.4873066544532776,0.5172659158706665,-0.06732149422168732,0.9993988871574402,0.41601815819740295,0.5156972408294678,0.1395188868045807,0.9998206496238708,0.43397629261016846,0.5255420207977295,-0.29397517442703247,0.9999493360519409,0.38537493348121643,0.5664082765579224,0.1994498372077942,0.15603289008140564,0.4075588881969452,0.5797191858291626,-0.3544466495513916,0.9734017848968506,0.40206366777420044,0.617739737033844,0.13200533390045166,0.1668076515197754,0.41812992095947266,0.629564642906189,-0.2897402048110962,0.9299173355102539,0.40879514813423157,0.6280934810638428,0.13474136590957642,0.1569768339395523,0.42334720492362976,0.6405555605888367,-0.33496230840682983,0.8782331943511963,0.4085674285888672,0.6290463209152222,0.09490311145782471,0.16082166135311127,0.42529869079589844,0.640072762966156,-0.3151561915874481,0.872904360294342,0.40690964460372925,0.6274780035018921,0.11164970695972443,0.16539441049098969,0.42181792855262756,0.6371859312057495,-0.282029926776886,0.8164006471633911,0.32825520634651184,0.6016300916671753,0.13821764290332794,0.9994614124298096,0.3322106599807739,0.6099355816841125,-0.13788336515426636,0.9997394680976868,0.34296366572380066,0.6784699559211731,0.22050626575946808,0.3356980085372925,0.34282901883125305,0.6880237460136414,-0.07974497228860855,0.9312549829483032,0.3416169583797455,0.756339430809021,0.3360886573791504,0.5636600852012634,0.33567339181900024,0.7703096270561218,0.05310996621847153,0.9202308654785156,0.32648494839668274,0.76814866065979,0.3412475287914276,0.611695408821106,0.3228837549686432,0.7825191020965576,0.06193115934729576,0.8789498209953308,0.38999202847480774,0.7762480974197388,0.26952823996543884,0.6809683442115784,0.38059890270233154,0.7915754914283752,-0.014726102352142334,0.9092358350753784
41,0.4989016056060791,0.514802098274231,-0.04272030293941498,0.9993773102760315,0.5019105672836304,0.5089393854141235,-0.03320486471056938,0.999181866645813,0.5007542371749878,0.5082381963729858,-0.033268339931964874,0.9990747570991516,0.4989553391933441,0.5071985721588135,-0.033306315541267395,0.9993401765823364,0.5021834969520569,0.5091321468353271,-0.07989569008350372,0.999085545539856,0.5012648701667786,0.5085728168487549,-0.08004312217235565,0.9988863468170166,0.5001832246780396,0.5078384280204773,-0.08008772134780884,0.9991964101791382,0.48309004306793213,0.5018799304962158,0.01928372122347355,0.998146653175354,0.48432600498199463,0.5025544166564941,-0.18936441838741302,0.998947024345398,0.4874095916748047,0.5166414976119995,-0.016850654035806656,0.9993231296539307,0.48816415667533875,0.5170681476593018,-0.07799113541841507,0.9994233250617981,0.4168189465999603,0.5164954662322998,0.13667644560337067,0.9998231530189514,0.4344862997531891,0.5256008505821228,-0.30223923921585083,0.9999514222145081,0.38641977310180664,0.568180501461029,0.19299079477787018,0.15503531694412231,0.40764617919921875,0.5796796083450317,-0.3663354814052582,0.9739504456520081,0.40077468752861023,0.617662250995636,0.12186684459447861,0.16620564460754395,0.41783562302589417,0.6311687231063843,-0.30919909477233887,0.931257963180542,0.40742841362953186,0.6312028765678406,0.12410706281661987,0.15633070468902588,0.42402100563049316,0.6415449976921082,-0.3572000563144684,0.8800565004348755,0.40801212191581726,0.6314994096755981,0.08314677327871323,0.16016769409179688,0.4253804087638855,0.6422246098518372,-0.3361944556236267,0.8747755289077759,0.40792685747146606,0.6275140047073364,0.10094206780195236,0.16477254033088684,0.42344117164611816,0.6380588412284851,-0.30132949352264404,0.8188543319702148,0.3286662697792053,0.6018659472465515,0.14008434116840363,0.9994734525680542,0.3321148455142975,0.6095011234283447,-0.13977785408496857,0.9997479319572449,0.3438747227191925,0.6785314679145813,0.2315395325422287,0.3308643698692322,0.3439006805419922,0.6878436803817749,-0.0740492045879364,0.9315829277038574,0.3381863534450531,0.7530747056007385,0.3577898442745209,0.559390664100647,0.3343302309513092,0.7714450359344482,0.06215287744998932,0.9208317399024963,0.32130128145217896,0.7690576314926147,0.36405637860298157,0.6097300052642822,0.31682685017585754,0.7826137542724609,0.07117043435573578,0.8803513050079346,0.385359525680542,0.7774077653884888,0.2945033311843872,0.6781017184257507,0.3765298128128052,0.792669415473938,-0.005701628513634205,0.909831166267395
42,0.49985724687576294,0.5147045850753784,-0.03730309009552002,0.9993922710418701,0.5027198791503906,0.5090543627738953,-0.027277451008558273,0.9991992712020874,0.5016916990280151,0.5084446668624878,-0.027316350489854813,0.9990962743759155,0.5004361867904663,0.5076888203620911,-0.02734384872019291,0.9993519186973572,0.5027322173118591,0.5091264843940735,-0.07414048165082932,0.9991074204444885,0.5017543435096741,0.5085697174072266,-0.07428513467311859,0.9989157915115356,0.5006191730499268,0.5078422427177429,-0.0743299052119255,0.9992154240608215,0.48399221897125244,0.5022432208061218,0.02650315873324871,0.9981887340545654,0.48481184244155884,0.5027592182159424,-0.1833891123533249,0.9989776611328125,0.4891812801361084,0.5168500542640686,-0.011052689515054226,0.9993408918380737,0.4892755150794983,0.5171069502830505,-0.07249463349580765,0.9994403123855591,0.41782405972480774,0.5165475606918335,0.14299914240837097,0.9998232126235962,0.4356177747249603,0.5262576341629028,-0.2952810227870941,0.9999526143074036,0.38200703263282776,0.5668249726295471,0.1989447921514511,0.15438975393772125,0.40858981013298035,0.5795907378196716,-0.35800307989120483,0.9742860198020935,0.3928412199020386,0.6197012066841125,0.13287587463855743,0.16424410045146942,0.41749274730682373,0.6310716867446899,-0.2951001822948456,0.9314277768135071,0.3941476047039032,0.6311250925064087,0.1372227966785431,0.15440399944782257,0.4233381450176239,0.6413012742996216,-0.3410179316997528,0.8800843358039856,0.4077059328556061,0.6319908499717712,0.09656636416912079,0.1580980271100998,0.4256862699985504,0.6404945850372314,-0.32013222575187683,0.8748437166213989,0.39755550026893616,0.6264239549636841,0.11241712421178818,0.16271387040615082,0.4225270450115204,0.6378008127212524,-0.28707659244537354,0.8193976879119873,0.32956263422966003,0.6015232801437378,0.14034800231456757,0.9994805455207825,0.3319396674633026,0.6087814569473267,-0.14001154899597168,0.9997529983520508,0.34401506185531616,0.6787512898445129,0.20210963487625122,0.3287491500377655,0.34252336621284485,0.6875824332237244,-0.10600637644529343,0.9317882657051086,0.34543731808662415,0.7556996941566467,0.30162540078163147,0.558082640171051,0.33689621090888977,0.768314778804779,0.009350642561912537,0.9216312766075134,0.3307048976421356,0.7679250240325928,0.30495503544807434,0.6098911762237549,0.3191404938697815,0.7835291028022766,0.015947431325912476,0.8815385699272156,0.39600828289985657,0.7741050720214844,0.22882629930973053,0.6766416430473328,0.3828766942024231,0.7910268306732178,-0.06841573864221573,0.9104174375534058
43,0.49872779846191406,0.5141803026199341,-0.02382158301770687,0.9993897080421448,0.5014374256134033,0.5089122653007507,-0.014414486475288868,0.9991931915283203,0.5003634691238403,0.5083601474761963,-0.014477339573204517,0.9990900158882141,0.4988988935947418,0.50761878490448,-0.014523189514875412,0.9993447065353394,0.501554012298584,0.5089994668960571,-0.060888249427080154,0.9990990161895752,0.5006185173988342,0.5085101127624512,-0.061027903109788895,0.998906672000885,0.499553382396698,0.5078920125961304,-0.06107547879219055,0.9992063045501709,0.48393067717552185,0.5032579302787781,0.03593530133366585,0.9981802105903625,0.4850676953792572,0.5035766363143921,-0.17220452427864075,0.9989715814590454,0.487883061170578,0.5161654949188232,0.001053576939739287,0.9993423223495483,0.48850464820861816,0.5164160132408142,-0.05989307165145874,0.9994416236877441,0.4178366959095001,0.5172953605651855,0.14815402030944824,0.9998212456703186,0.43524426221847534,0.5252066850662231,-0.2868996262550354,0.999952495098114,0.3831915557384491,0.567630410194397,0.20220790803432465,0.15508782863616943,0.40823349356651306,0.5788551568984985,-0.35125401616096497,0.9744554162025452,0.3956538736820221,0.6211221218109131,0.13260279595851898,0.1650490015745163,0.4172261655330658,0.6313862204551697,-0.2911840081214905,0.9319579601287842,0.3982335925102234,0.6325653195381165,0.13694719970226288,0.15492329001426697,0.4198439121246338,0.639943540096283,-0.3373437523841858,0.8806277513504028,0.4022890031337738,0.6338187456130981,0.09647016227245331,0.1586221605539322,0.4236542880535126,0.6424540877342224,-0.315431147813797,0.8753972053527832,0.4039415717124939,0.6302992105484009,0.11214868724346161,0.163212388753891,0.4196828007698059,0.6374229788780212,-0.28275397419929504,0.8202635645866394,0.32928067445755005,0.6022217869758606,0.13793255388736725,0.9994729161262512,0.33326849341392517,0.6099600195884705,-0.1376408040523529,0.9997496008872986,0.3431326448917389,0.6787542104721069,0.21433058381080627,0.3272012174129486,0.34302031993865967,0.688083291053772,-0.08821851015090942,0.9316102266311646,0.34271135926246643,0.7559241652488708,0.3296380341053009,0.5552005171775818,0.3371790647506714,0.7663962244987488,0.04202159866690636,0.9212859869003296,0.32801559567451477,0.7676165699958801,0.3350140154361725,0.607511043548584,0.3220035433769226,0.7818927764892578,0.05027530714869499,0.881186842918396,0.391491562128067,0.7751597166061401,0.2650896906852722,0.6733718514442444,0.3792321979999542,0.7903388738632202,-0.028650034219026566,0.909652829170227
44,0.5000630617141724,0.5161475539207458,-0.0435255765914917,0.9993987679481506,0.5029345750808716,0.5106958150863647,-0.03307051211595535,0.9992029070854187,0.501874566078186,0.5099912285804749,-0.03312089666724205,0.9991019368171692,0.5001909732818604,0.5090980529785156,-0.03315405175089836,0.9993505477905273,0.5030787587165833,0.510820746421814,-0.07996843010187149,0.9991103410720825,0.5021646022796631,0.5101924538612366,-0.08010421693325043,0.9989214539527893,0.5010355114936829,0.5095153450965881,-0.08014432340860367,0.9992160201072693,0.48446959257125854,0.5040731430053711,0.02274293825030327,0.9982038736343384,0.4853922426700592,0.5045613646507263,-0.1870996206998825,0.9989879727363586,0.48860377073287964,0.5182581543922424,-0.016544735059142113,0.9993506073951721,0.4893091917037964,0.5186842679977417,-0.07803236693143845,0.9994524717330933,0.4172924757003784,0.518208920955658,0.1402001529932022,0.9998195171356201,0.4351034164428711,0.5261455178260803,-0.2994890511035919,0.99995356798172,0.3841690719127655,0.5697920918464661,0.18939006328582764,0.15242601931095123,0.4088544249534607,0.5800468325614929,-0.36311858892440796,0.9748767018318176,0.396791934967041,0.6237385272979736,0.11525458097457886,0.16188916563987732,0.4166537821292877,0.6324299573898315,-0.30317050218582153,0.9327672719955444,0.40570640563964844,0.631794273853302,0.11816860735416412,0.15180091559886932,0.42218106985092163,0.6426125168800354,-0.34988370537757874,0.8817174434661865,0.40648704767227173,0.631959855556488,0.07758770138025284,0.15538029372692108,0.4236290454864502,0.6432874798774719,-0.3288915157318115,0.8765196204185486,0.40538719296455383,0.6301581859588623,0.0944426953792572,0.15996116399765015,0.422191858291626,0.6390770673751831,-0.2951606512069702,0.8218429088592529,0.3300137519836426,0.6017017960548401,0.13952316343784332,0.999466598033905,0.3295331299304962,0.6081085801124573,-0.13920597732067108,0.9997508525848389,0.3466992676258087,0.675456166267395,0.20607851445674896,0.3226814866065979,0.3428765535354614,0.6869323253631592,-0.09744707494974136,0.9311007261276245,0.3517436683177948,0.7527329921722412,0.32283979654312134,0.5497565865516663,0.33811840415000916,0.7676740288734436,0.02394164726138115,0.9217267632484436,0.33738434314727783,0.7645906209945679,0.3280050456523895,0.6052618026733398,0.32472312450408936,0.7805143594741821,0.03091292828321457,0.8818913102149963,0.4030607342720032,0.7715265154838562,0.25686368346214294,0.6695390939712524,0.38468533754348755,0.7892554402351379,-0.05357935279607773,0.9100857377052307
45,0.5007108449935913,0.5155119895935059,-0.03089887462556362,0.9993987679481506,0.5033913254737854,0.5101343393325806,-0.021327514201402664,0.9992024302482605,0.502250611782074,0.5095276236534119,-0.021397318691015244,0.9991010427474976,0.5005845427513123,0.5086562037467957,-0.021449875086545944,0.9993488192558289,0.5035418272018433,0.5102781653404236,-0.06760681420564651,0.9991082549095154,0.5025609731674194,0.5097746253013611,-0.06774719059467316,0.9989195466041565,0.5014238357543945,0.509120762348175,-0.06779397279024124,0.9992125630378723,0.48502853512763977,0.5039513111114502,0.030827494338154793,0.9982128143310547,0.48613449931144714,0.5044142007827759,-0.17634402215480804,0.9989884495735168,0.48979514837265015,0.5173590779304504,-0.0053521981462836266,0.9993541836738586,0.49046850204467773,0.51772540807724,-0.06602198630571365,0.9994552135467529,0.4188288748264313,0.5179986357688904,0.14554937183856964,0.9998180270195007,0.43579140305519104,0.5256323218345642,-0.2907160222530365,0.9999536275863647,0.38392743468284607,0.5681182146072388,0.20141571760177612,0.15182505548000336,0.4083603024482727,0.5794841647148132,-0.354204386472702,0.9749656319618225,0.39495450258255005,0.6216551661491394,0.13211391866207123,0.1618354171514511,0.4180222749710083,0.6304845809936523,-0.29402127861976624,0.932883083820343,0.40466150641441345,0.6320427060127258,0.1356201022863388,0.15193769335746765,0.42198771238327026,0.6419353485107422,-0.34014567732810974,0.881737470626831,0.4049225449562073,0.6323996186256409,0.095248743891716,0.15553730726242065,0.4242914319038391,0.6416785717010498,-0.3184601664543152,0.8765546679496765,0.40375012159347534,0.630238950252533,0.11164260655641556,0.1600562036037445,0.4215882420539856,0.6389148235321045,-0.2856583595275879,0.8221042156219482,0.32970279455184937,0.6028181910514832,0.13964664936065674,0.999464750289917,0.3331092596054077,0.6103461980819702,-0.1393459141254425,0.9997509717941284,0.3447922468185425,0.6790676712989807,0.22013871371746063,0.3215722441673279,0.3438873291015625,0.6883231401443481,-0.08531525731086731,0.9317835569381714,0.34066513180732727,0.7565319538116455,0.3406299650669098,0.5489856004714966,0.3333405554294586,0.7700071930885315,0.04816926643252373,0.9224367141723633,0.3243735134601593,0.7681639194488525,0.3465253710746765,0.6050950884819031,0.3206222653388977,0.7814627289772034,0.05705398693680763,0.8829168081283569,0.38929328322410583,0.7778818011283875,0.277525395154953,0.6688042283058167,0.37523162364959717,0.7940782904624939,-0.02029193565249443,0.9106912612915039
46,0.5009875893592834,0.5170339941978455,-0.029513532295823097,0.9994116425514221,0.5039523839950562,0.511487603187561,-0.019487425684928894,0.9992178678512573,0.502962589263916,0.5107380151748657,-0.01954914629459381,0.999119222164154,0.5012972354888916,0.5097271203994751,-0.019593069329857826,0.9993603229522705,0.5039544105529785,0.5116498470306396,-0.06614802032709122,0.9991257786750793,0.5029742121696472,0.5110810995101929,-0.06629088521003723,0.9989422559738159,0.5018705725669861,0.5102632641792297,-0.06633152067661285,0.9992272853851318,0.48591309785842896,0.5043941140174866,0.03332618996500969,0.9982525110244751,0.4865548014640808,0.5049694776535034,-0.17544031143188477,0.9990111589431763,0.49021363258361816,0.5187480449676514,-0.00377294747158885,0.9993711113929749,0.49060696363449097,0.5192345380783081,-0.06492283940315247,0.9994688034057617,0.4191744923591614,0.5183343291282654,0.14616601169109344,0.999819278717041,0.43552446365356445,0.5265532732009888,-0.28887906670570374,0.9999540448188782,0.3883887827396393,0.5687724351882935,0.19965557754039764,0.15132737159729004,0.4105707108974457,0.5797504782676697,-0.35351166129112244,0.975034773349762,0.4019990861415863,0.6213352680206299,0.12725830078125,0.16072377562522888,0.41818052530288696,0.6319074034690857,-0.29260826110839844,0.9327890276908875,0.4067438542842865,0.6326721906661987,0.13050022721290588,0.150795117020607,0.42032504081726074,0.6412937045097351,-0.3383273780345917,0.8814153671264648,0.4068751335144043,0.6331708431243896,0.09115950763225555,0.15433840453624725,0.42370110750198364,0.643558919429779,-0.31806865334510803,0.8762277960777283,0.4070964455604553,0.6292051076889038,0.10711005330085754,0.15893514454364777,0.4204181432723999,0.6384814977645874,-0.28474950790405273,0.8219070434570312,0.3299935460090637,0.6017377376556396,0.13747307658195496,0.9994710683822632,0.3313591480255127,0.6072456240653992,-0.13716313242912292,0.9997530579566956,0.34315556287765503,0.6795565485954285,0.21207545697689056,0.32307061553001404,0.3413718044757843,0.6846905946731567,-0.08840765058994293,0.932426929473877,0.3389374017715454,0.756653368473053,0.32247084379196167,0.550020158290863,0.33787667751312256,0.7678583860397339,0.040760185569524765,0.9231745004653931,0.3235318660736084,0.7683151364326477,0.3269088864326477,0.6050992012023926,0.325149267911911,0.78049635887146,0.04899947717785835,0.8840605616569519,0.38661181926727295,0.7774187922477722,0.25277069211006165,0.6692842245101929,0.377720445394516,0.7914478182792664,-0.03016420267522335,0.9115065336227417
47,0.5011177062988281,0.5165629982948303,-0.0388290211558342,0.9994065761566162,0.5040969848632812,0.5109531879425049,-0.0293562151491642,0.9992090463638306,0.5030978918075562,0.5103257894515991,-0.029434777796268463,0.9991098642349243,0.5016189813613892,0.5094290971755981,-0.029491398483514786,0.9993525147438049,0.504002571105957,0.5110439658164978,-0.07595529407262802,0.9991159439086914,0.5029816627502441,0.5104745626449585,-0.07610373198986053,0.9989323019981384,0.5018153190612793,0.5097349286079407,-0.07615729421377182,0.9992185235023499,0.4860967993736267,0.5041971802711487,0.023291567340493202,0.9982351660728455,0.48673638701438904,0.5046485066413879,-0.18513190746307373,0.9990037083625793,0.4907293915748596,0.5183271765708923,-0.012888871133327484,0.9993689656257629,0.4909431040287018,0.5187966227531433,-0.07390899956226349,0.9994669556617737,0.4201086461544037,0.5179765820503235,0.13814857602119446,0.9998177886009216,0.43630650639533997,0.5266932249069214,-0.29812878370285034,0.9999532699584961,0.38590559363365173,0.5681158304214478,0.19706743955612183,0.15071240067481995,0.408749520778656,0.5806905031204224,-0.36379972100257874,0.9747881293296814,0.3970421254634857,0.6211239099502563,0.12936440110206604,0.1601739227771759,0.4166340231895447,0.6322488188743591,-0.3045574724674225,0.9324738383293152,0.4053514003753662,0.6322706341743469,0.1326982080936432,0.15032517910003662,0.42217645049095154,0.6428492665290833,-0.35231009125709534,0.8809093236923218,0.4057435691356659,0.632693886756897,0.09174294024705887,0.15390850603580475,0.42335736751556396,0.6438130140304565,-0.33018648624420166,0.8757060766220093,0.405776709318161,0.6289319396018982,0.10865096002817154,0.15856797993183136,0.42169189453125,0.6395722031593323,-0.2960967719554901,0.8211149573326111,0.3301949203014374,0.601687490940094,0.13756194710731506,0.9994686841964722,0.3340906500816345,0.6101364493370056,-0.13726869225502014,0.9997497200965881,0.3426763117313385,0.6789551973342896,0.2251112461090088,0.32333803176879883,0.34459757804870605,0.68813556432724,-0.07708460837602615,0.9322344660758972,0.3362573981285095,0.7526697516441345,0.3499317169189453,0.5493301153182983,0.3348003625869751,0.7674862742424011,0.06811641156673431,0.9224802255630493,0.3176213800907135,0.769749641418457,0.35632291436195374,0.6035712957382202,0.32074904441833496,0.7803676128387451,0.07818391174077988,0.8831005692481995,0.3789462447166443,0.7793659567832947,0.2858620285987854,0.66777503490448,0.3735162615776062,0.7915938496589661,0.0025770487263798714,0.9106401801109314
48,0.5002351403236389,0.5167836546897888,-0.01290305145084858,0.9994082450866699,0.5032215714454651,0.5114930272102356,-0.00335095077753067,0.9992139339447021,0.5022297501564026,0.5107787847518921,-0.0034083642531186342,0.999116063117981,0.5007046461105347,0.5099027156829834,-0.0034482297487556934,0.9993553757667542,0.5032559037208557,0.5116336941719055,-0.0495765283703804,0.9991248846054077,0.5022611618041992,0.5110995173454285,-0.04972488805651665,0.9989461302757263,0.5011956095695496,0.5102851390838623,-0.049763333052396774,0.9992268681526184,0.485545814037323,0.5046898722648621,0.04656493291258812,0.9982560276985168,0.4862503111362457,0.5051008462905884,-0.1601480096578598,0.9990196824073792,0.48931747674942017,0.5183865427970886,0.011774265207350254,0.9993738532066345,0.4894411861896515,0.5189211368560791,-0.04875976964831352,0.9994713068008423,0.4199180006980896,0.517699658870697,0.15643052756786346,0.9998157620429993,0.43647170066833496,0.5267010927200317,-0.2759852707386017,0.9999534487724304,0.3855479955673218,0.5660628080368042,0.21720167994499207,0.1483675241470337,0.4110561013221741,0.579983115196228,-0.33750465512275696,0.9746221303939819,0.3972298204898834,0.6170846819877625,0.15609344840049744,0.15706579387187958,0.42000705003738403,0.6298483610153198,-0.27166780829429626,0.9313448667526245,0.39941883087158203,0.6283227801322937,0.16124959290027618,0.14763496816158295,0.42095327377319336,0.6404292583465576,-0.31544816493988037,0.8791927099227905,0.4073695242404938,0.6284039616584778,0.12242868542671204,0.15114791691303253,0.4255830645561218,0.6410483717918396,-0.2947332262992859,0.8739532828330994,0.39887863397598267,0.6232032775878906,0.1365385353565216,0.15595877170562744,0.4209468364715576,0.6373023986816406,-0.26333504915237427,0.819119930267334,0.3307049572467804,0.6012427806854248,0.13746337592601776,0.9994684457778931,0.3353305459022522,0.6087269186973572,-0.1371580958366394,0.9997501969337463,0.3435561954975128,0.6789716482162476,0.20864394307136536,0.3223835229873657,0.3419877290725708,0.686903178691864,-0.09135573357343674,0.9326089024543762,0.33633488416671753,0.7533321380615234,0.3132983446121216,0.5476177930831909,0.3315078318119049,0.7678572535514832,0.02916066348552704,0.9226640462875366,0.314534991979599,0.7683413028717041,0.3174743354320526,0.6024384498596191,0.31473907828330994,0.7812088131904602,0.03709810972213745,0.8839801549911499,0.37635067105293274,0.7784045338630676,0.24781468510627747,0.6654463410377502,0.3715152144432068,0.7913964986801147,-0.03706084564328194,0.9106507301330566
49,0.5017665028572083,0.5163758397102356,-0.03455421328544617,0.9993946552276611,0.5048080682754517,0.5108524560928345,-0.024929961189627647,0.9992008805274963,0.5037802457809448,0.5102732181549072,-0.025005197152495384,0.9991015791893005,0.5022163391113281,0.509412407875061,-0.02505970560014248,0.9993442296981812,0.5047733187675476,0.5109086632728577,-0.07083997130393982,0.9991127252578735,0.5037564039230347,0.5103535056114197,-0.0709841325879097,0.9989339113235474,0.5025836229324341,0.5096337199211121,-0.0710316002368927,0.9992179274559021,0.4865739643573761,0.5042718052864075,0.028085121884942055,0.9982407689094543,0.4872561991214752,0.5046197175979614,-0.1771484911441803,0.9990127682685852,0.49108394980430603,0.5181521773338318,-0.008556327782571316,0.9993646144866943,0.4913538098335266,0.518665075302124,-0.06869018077850342,0.999465823173523,0.4201892912387848,0.5177165865898132,0.14160309731960297,0.999810516834259,0.4368703365325928,0.5268833041191101,-0.2883785665035248,0.9999527931213379,0.3853583335876465,0.5668777823448181,0.20098400115966797,0.1455836147069931,0.4100837707519531,0.5794556736946106,-0.3472456932067871,0.9742977619171143,0.3969600200653076,0.6165738701820374,0.138677179813385,0.1537676602602005,0.41949719190597534,0.6297591328620911,-0.2840801775455475,0.930316686630249,0.39895886182785034,0.6271308064460754,0.1423940807580948,0.144720196723938,0.4237503111362457,0.6417009234428406,-0.32884925603866577,0.8777878880500793,0.40359002351760864,0.6284511685371399,0.1034480631351471,0.14815886318683624,0.4259776175022125,0.6410306096076965,-0.30826663970947266,0.8725242614746094,0.39836984872817993,0.6230507493019104,0.11890579760074615,0.15306328237056732,0.4229806661605835,0.6380833983421326,-0.27599525451660156,0.8174360990524292,0.33097368478775024,0.6012349724769592,0.13640491664409637,0.9994589686393738,0.3331966698169708,0.6090887784957886,-0.1360974758863449,0.9997472763061523,0.34502530097961426,0.6779839396476746,0.2153850644826889,0.31951162219047546,0.3415141701698303,0.6857908368110657,-0.08090031892061234,0.9324315786361694,0.33794862031936646,0.7553558349609375,0.3334292471408844,0.5432643294334412,0.3330988883972168,0.7688996195793152,0.04897536709904671,0.9223060011863708,0.3218652307987213,0.7669175267219543,0.33919885754585266,0.5994098782539368,0.32198700308799744,0.7807015776634216,0.057719405740499496,0.8836478590965271,0.38573572039604187,0.7771087288856506,0.2705530524253845,0.661512553691864,0.37507492303848267,0.7919607758522034,-0.018527762964367867,0.9100216031074524
50,0.5025352239608765,0.5167848467826843,-0.03407995030283928,0.999387800693512,0.5059529542922974,0.5111426115036011,-0.02530917525291443,0.9991980195045471,0.5048991441726685,0.5104855895042419,-0.025398503988981247,0.9990984201431274,0.5032600164413452,0.5094977021217346,-0.025466259568929672,0.9993427395820618,0.5059877038002014,0.5113072395324707,-0.07026761025190353,0.9991083145141602,0.5049961805343628,0.5107598900794983,-0.07040853053331375,0.9989303350448608,0.5038654208183289,0.5100310444831848,-0.07045530527830124,0.9992151856422424,0.4875989556312561,0.5041185021400452,0.024561408907175064,0.9982559084892273,0.48822009563446045,0.5047833919525146,-0.1766270250082016,0.9990122318267822,0.49144038558006287,0.5184093713760376,-0.00937842857092619,0.999365508556366,0.4918060898780823,0.5189348459243774,-0.06828034669160843,0.9994643926620483,0.4206911325454712,0.5175483822822571,0.13474634289741516,0.9998077154159546,0.43668514490127563,0.5271106958389282,-0.28668609261512756,0.9999514818191528,0.3832721710205078,0.5664311647415161,0.19789879024028778,0.14526352286338806,0.40969711542129517,0.5804564952850342,-0.3438706398010254,0.9738484025001526,0.39154914021492004,0.616973876953125,0.14010410010814667,0.15221379697322845,0.41815534234046936,0.6303860545158386,-0.2801223397254944,0.9288508892059326,0.3926506042480469,0.6279357671737671,0.14375345408916473,0.1433856189250946,0.4231533408164978,0.6420135498046875,-0.32378336787223816,0.8756264448165894,0.397138386964798,0.6291472315788269,0.10524012893438339,0.14680373668670654,0.42528045177459717,0.6416431069374084,-0.3035900890827179,0.8703764081001282,0.39722251892089844,0.6232370138168335,0.12084435671567917,0.1517876535654068,0.42210355401039124,0.638860821723938,-0.2720811665058136,0.8149749636650085,0.33019840717315674,0.600997269153595,0.13407891988754272,0.99945467710495,0.3322382867336273,0.6094784140586853,-0.13378387689590454,0.9997422099113464,0.34385985136032104,0.677946925163269,0.2138533592224121,0.32150107622146606,0.34563779830932617,0.6856043338775635,-0.08073411881923676,0.9333096742630005,0.33685874938964844,0.751831591129303,0.32632869482040405,0.5442707538604736,0.33616000413894653,0.7639942169189453,0.05979407951235771,0.922067403793335,0.316243052482605,0.7668988704681396,0.33177852630615234,0.5988007187843323,0.3185862600803375,0.7744163274765015,0.07039815932512283,0.8833037614822388,0.3779606819152832,0.7785593271255493,0.2637694776058197,0.661116361618042,0.3734623193740845,0.7908686995506287,0.002021909924224019,0.9094117283821106
51,0.5034019351005554,0.5163777470588684,-0.032912760972976685,0.9993704557418823,0.5061865448951721,0.5106037259101868,-0.023080673068761826,0.9991793632507324,0.5051039457321167,0.5099729299545288,-0.02316594310104847,0.9990774989128113,0.5035144686698914,0.509063184261322,-0.023230351507663727,0.9993273019790649,0.5061011910438538,0.5107277035713196,-0.06975807249546051,0.9990880489349365,0.5050098299980164,0.5101796984672546,-0.06991160660982132,0.9989071488380432,0.503756582736969,0.5094637274742126,-0.06996931880712509,0.9991987347602844,0.48737436532974243,0.5040033459663391,0.030291065573692322,0.9982186555862427,0.4880545735359192,0.504768967628479,-0.1787349432706833,0.9989950060844421,0.49252212047576904,0.5183663368225098,-0.0068164304830133915,0.9993531107902527,0.4926756024360657,0.5189495086669922,-0.06801385432481766,0.9994553327560425,0.4196332097053528,0.518160343170166,0.14267975091934204,0.9998010993003845,0.436432421207428,0.5276152491569519,-0.29136472940444946,0.9999499320983887,0.38503018021583557,0.5693129897117615,0.2015797644853592,0.14147931337356567,0.40902572870254517,0.5806514620780945,-0.35490015149116516,0.9735034704208374,0.3963380753993988,0.6208133101463318,0.13890089094638824,0.14810803532600403,0.4192431569099426,0.6314136981964111,-0.29267969727516174,0.9281258583068848,0.3982042968273163,0.6318349242210388,0.14293703436851501,0.1398041844367981,0.4224320948123932,0.6429639458656311,-0.3389192223548889,0.8746036291122437,0.4029369056224823,0.6332080364227295,0.10294302552938461,0.14316339790821075,0.42479076981544495,0.642327070236206,-0.3167090117931366,0.8693172335624695,0.4028044044971466,0.6302891969680786,0.11865407973527908,0.1482200175523758,0.42215782403945923,0.6395914554595947,-0.2841086685657501,0.8136692643165588,0.3298802673816681,0.6025155782699585,0.1352589726448059,0.9994428753852844,0.33316782116889954,0.6113836765289307,-0.13494205474853516,0.9997369050979614,0.34227824211120605,0.6801039576530457,0.21995823085308075,0.3196738660335541,0.3442544639110565,0.6893681287765503,-0.07779388874769211,0.9321634769439697,0.3385884761810303,0.7557099461555481,0.3388231694698334,0.5397435426712036,0.33431118726730347,0.7695088982582092,0.062240175902843475,0.9203436970710754,0.31845495104789734,0.7726297378540039,0.3446701467037201,0.5947361588478088,0.3181346356868744,0.7825108170509338,0.07189995050430298,0.8813031315803528,0.3804120719432831,0.7816060781478882,0.2734626829624176,0.656463086605072,0.37256115674972534,0.7948881387710571,-0.003919851966202259,0.907374382019043
52,0.5033178925514221,0.517366886138916,-0.045965526252985,0.9993685483932495,0.506575882434845,0.5113639235496521,-0.03543781489133835,0.9991797804832458,0.5055831670761108,0.5107221603393555,-0.03552217781543732,0.9990774989128113,0.5043667554855347,0.5099326372146606,-0.03558741882443428,0.99932861328125,0.5063859820365906,0.511428952217102,-0.081493079662323,0.9990861415863037,0.5052841901779175,0.510814905166626,-0.08163314312696457,0.998904824256897,0.5040066838264465,0.510016679763794,-0.08166630566120148,0.9991967678070068,0.48822230100631714,0.5045343041419983,0.021796835586428642,0.9982254505157471,0.48824959993362427,0.5050047039985657,-0.18410533666610718,0.998988687992096,0.49242904782295227,0.5191746950149536,-0.01863471046090126,0.9993530511856079,0.4923681616783142,0.5196699500083923,-0.07895602285861969,0.9994540214538574,0.42184528708457947,0.5185067057609558,0.13653181493282318,0.9997983574867249,0.435811847448349,0.527786374092102,-0.291297972202301,0.9999487400054932,0.3871120810508728,0.5704612135887146,0.19520486891269684,0.13881815969944,0.4114448130130768,0.5796663761138916,-0.3482401669025421,0.973547101020813,0.3980867266654968,0.6218960881233215,0.1251930296421051,0.14583095908164978,0.4185495376586914,0.6291426420211792,-0.2838894724845886,0.9285756349563599,0.3987258970737457,0.628413200378418,0.1271626353263855,0.13799235224723816,0.42352214455604553,0.6394511461257935,-0.32765644788742065,0.8753722310066223,0.4079858362674713,0.6330752968788147,0.08890870958566666,0.1413564532995224,0.4263859987258911,0.6411791443824768,-0.3091546595096588,0.8701291680335999,0.4075673818588257,0.6288694739341736,0.10549437999725342,0.1465158462524414,0.4237302541732788,0.6359540224075317,-0.276458203792572,0.8145681023597717,0.3322928845882416,0.6017166376113892,0.1338968575000763,0.9994345903396606,0.3306179642677307,0.6083980798721313,-0.1336023509502411,0.9997321963310242,0.3431366980075836,0.6802470684051514,0.21463418006896973,0.3188713788986206,0.34073418378829956,0.6883066892623901,-0.07646679878234863,0.9327216744422913,0.3399651050567627,0.7506317496299744,0.33459457755088806,0.537501335144043,0.33384475111961365,0.7660454511642456,0.05936514586210251,0.9205370545387268,0.317674845457077,0.7673778533935547,0.3403850495815277,0.5925552845001221,0.3166538178920746,0.7821061015129089,0.0687185600399971,0.8814647197723389,0.3803784251213074,0.7785050868988037,0.2700130343437195,0.6550345420837402,0.37113240361213684,0.7920852303504944,-0.007461369503289461,0.9076003432273865
53,0.5033550262451172,0.516855776309967,-0.051391541957855225,0.9993523955345154,0.5059710741043091,0.5110702514648438,-0.04001878201961517,0.9991596937179565,0.5048757195472717,0.5104432702064514,-0.04009774699807167,0.9990559816360474,0.5033387541770935,0.5095769166946411,-0.0401616133749485,0.9993122816085815,0.5058422088623047,0.5112006664276123,-0.08786637336015701,0.9990665912628174,0.5047100782394409,0.5106623768806458,-0.08801956474781036,0.9988840818405151,0.5034092664718628,0.5099589228630066,-0.08807817101478577,0.9991827011108398,0.48700737953186035,0.5046643614768982,0.02110576443374157,0.9981822371482849,0.48757901787757874,0.5053631067276001,-0.1929975003004074,0.9989754557609558,0.4925890266895294,0.5189383029937744,-0.022404149174690247,0.9993391633033752,0.49272727966308594,0.5194672346115112,-0.08509736508131027,0.9994465112686157,0.42109808325767517,0.5189407467842102,0.14041584730148315,0.99979168176651,0.4365580677986145,0.5281223654747009,-0.30343097448349,0.999947190284729,0.3881928324699402,0.5710857510566711,0.20178623497486115,0.1349330097436905,0.4100707471370697,0.5814592838287354,-0.3670164942741394,0.9735283851623535,0.3997851014137268,0.6225315928459167,0.13867852091789246,0.14173376560211182,0.41945239901542664,0.6321420669555664,-0.3029687702655792,0.929101824760437,0.40176838636398315,0.6334444880485535,0.14290446043014526,0.13439801335334778,0.4229297637939453,0.6433249711990356,-0.35037627816200256,0.8763784766197205,0.4063476622104645,0.6348057985305786,0.10183536261320114,0.13768668472766876,0.42755672335624695,0.6439676284790039,-0.3281680941581726,0.871158242225647,0.4051419496536255,0.6288068294525146,0.11783211678266525,0.14302916824817657,0.4226844310760498,0.640392005443573,-0.2944069504737854,0.8157581090927124,0.33031895756721497,0.6016281247138977,0.13670065999031067,0.999422550201416,0.3297268748283386,0.6085441708564758,-0.1363821029663086,0.999725341796875,0.3433372378349304,0.6795194149017334,0.2154521346092224,0.317267507314682,0.3409861624240875,0.6877548098564148,-0.08436506986618042,0.9317514300346375,0.33849361538887024,0.7565604448318481,0.3351297974586487,0.5329761505126953,0.33375802636146545,0.77022784948349,0.05353463441133499,0.9193543791770935,0.3178522288799286,0.7722269296646118,0.3410596251487732,0.5890306234359741,0.3176193833351135,0.7831681966781616,0.06273400038480759,0.879747211933136,0.38010114431381226,0.7816395163536072,0.2682623267173767,0.6504688858985901,0.37209346890449524,0.7944214344024658,-0.016788719221949577,0.9060948491096497
54,0.5041700005531311,0.5172039866447449,-0.0724945068359375,0.9993447661399841,0.5070182681083679,0.5114923119544983,-0.06100911647081375,0.999151349067688,0.5059531927108765,0.5108965635299683,-0.061087608337402344,0.9990481734275818,0.5043854117393494,0.5100328326225281,-0.06114785373210907,0.9993056058883667,0.5068841576576233,0.5115630626678467,-0.10860950499773026,0.9990581274032593,0.5057658553123474,0.5110089182853699,-0.10876171290874481,0.9988746643066406,0.5044670104980469,0.5102936029434204,-0.10882098227739334,0.9991766214370728,0.4884580373764038,0.5049495100975037,0.0032424035016447306,0.9981645345687866,0.4887629747390747,0.5054662227630615,-0.20941317081451416,0.9989681839942932,0.49314427375793457,0.5192851424217224,-0.042112406343221664,0.9993281960487366,0.49333152174949646,0.519754946231842,-0.10444088280200958,0.999441921710968,0.42187610268592834,0.5193730592727661,0.12794795632362366,0.9997875094413757,0.435553640127182,0.5294228196144104,-0.31513938307762146,0.9999465346336365,0.39041051268577576,0.5722041726112366,0.18666115403175354,0.13125550746917725,0.4099547863006592,0.581673264503479,-0.3783852159976959,0.9732847213745117,0.399080753326416,0.6225429177284241,0.12126019597053528,0.1376570761203766,0.42064234614372253,0.6332469582557678,-0.3179875612258911,0.9292153716087341,0.4004078805446625,0.6326534152030945,0.12534134089946747,0.13067197799682617,0.4231775999069214,0.6435509920120239,-0.36694902181625366,0.8769294023513794,0.4047774076461792,0.6340504288673401,0.0836169570684433,0.13388080894947052,0.42757317423820496,0.6440057754516602,-0.34415262937545776,0.8716819286346436,0.40598589181900024,0.6293618679046631,0.1001783013343811,0.13925273716449738,0.4229235351085663,0.6406186819076538,-0.30947479605674744,0.8160614967346191,0.33121511340141296,0.6024178862571716,0.13728493452072144,0.9994161128997803,0.33145445585250854,0.6104477047920227,-0.13695836067199707,0.9997246861457825,0.3456408381462097,0.6809586882591248,0.22016748785972595,0.3134004771709442,0.3424232006072998,0.688891589641571,-0.08184486627578735,0.9304273724555969,0.3456081748008728,0.7565839290618896,0.34778887033462524,0.5287572741508484,0.33605536818504333,0.7685478925704956,0.056984297931194305,0.9188814759254456,0.33091503381729126,0.7685009837150574,0.35432910919189453,0.5865987539291382,0.31750524044036865,0.7835240960121155,0.06572523713111877,0.8791335821151733,0.3943488597869873,0.7762858271598816,0.2813659608364105,0.6480324268341064,0.3777507245540619,0.7921944856643677,-0.01771426759660244,0.905841588973999
55,0.5021039843559265,0.5178301930427551,-0.05485938861966133,0.9993680119514465,0.5053132176399231,0.5121869444847107,-0.04424244537949562,0.9991827011108398,0.5040053725242615,0.5114542841911316,-0.04432808607816696,0.9990836977958679,0.5027159452438354,0.5107166767120361,-0.04438769444823265,0.999332070350647,0.505283772945404,0.5122683048248291,-0.09088408201932907,0.9990903735160828,0.5042226910591125,0.5116881132125854,-0.0910266637802124,0.9989120960235596,0.5029894113540649,0.5109390020370483,-0.09107008576393127,0.9992038011550903,0.48711079359054565,0.5053926706314087,0.013997291214764118,0.9982388615608215,0.4877336323261261,0.5056889653205872,-0.1945791244506836,0.9990017414093018,0.49072712659835815,0.5195590853691101,-0.02707449346780777,0.9993531703948975,0.4909534454345703,0.519889771938324,-0.08821094036102295,0.9994619488716125,0.4215180277824402,0.5195084810256958,0.13225331902503967,0.9997937083244324,0.4356544017791748,0.5274111032485962,-0.3035944998264313,0.9999478459358215,0.38821181654930115,0.5706580281257629,0.18646135926246643,0.1315910667181015,0.41147875785827637,0.5797271132469177,-0.36673057079315186,0.9735715389251709,0.3971647620201111,0.6233413219451904,0.11661248654127121,0.13771581649780273,0.4193475842475891,0.6326339840888977,-0.3083069622516632,0.9302447438240051,0.3988993465900421,0.6342979669570923,0.1197918951511383,0.13057371973991394,0.42327243089675903,0.6444171667098999,-0.355934739112854,0.8784825801849365,0.4026428461074829,0.6355297565460205,0.0791827142238617,0.13377249240875244,0.42817121744155884,0.6454094648361206,-0.3332423269748688,0.8732721209526062,0.40510308742523193,0.6299363374710083,0.09606192260980606,0.13907815515995026,0.42306095361709595,0.6416711211204529,-0.29972174763679504,0.8180424571037292,0.3298107385635376,0.602733850479126,0.13637548685073853,0.9994300603866577,0.3288057744503021,0.6088593006134033,-0.13606895506381989,0.9997309446334839,0.3437984883785248,0.6796890497207642,0.22337156534194946,0.31440797448158264,0.3434425890445709,0.6883313655853271,-0.07484891265630722,0.9310399889945984,0.3446843922138214,0.7574847936630249,0.351164311170578,0.5305241346359253,0.33731523156166077,0.76836097240448,0.07231906056404114,0.9196963310241699,0.3297519385814667,0.7690893411636353,0.35759207606315613,0.5871725678443909,0.3251524865627289,0.7809591293334961,0.08244691044092178,0.8802949786186218,0.39270031452178955,0.7785781025886536,0.2849791944026947,0.6504554748535156,0.38202041387557983,0.7920359373092651,0.005763375200331211,0.9070867896080017
56,0.503747284412384,0.5174014568328857,-0.03865860402584076,0.9993723630905151,0.506585955619812,0.5116432309150696,-0.02867305837571621,0.9991898536682129,0.5054734945297241,0.5109938383102417,-0.02874801494181156,0.9990923404693604,0.5038939118385315,0.5100989937782288,-0.02880392037332058,0.9993378520011902,0.5065668821334839,0.5117989778518677,-0.07476496696472168,0.9990978837013245,0.5055121183395386,0.5112669467926025,-0.07490339875221252,0.998921811580658,0.5042856931686401,0.5105761885643005,-0.07495234906673431,0.9992100596427917,0.4878759980201721,0.5049890279769897,0.026269087567925453,0.9982598423957825,0.48889923095703125,0.5058767199516296,-0.17985452711582184,0.9990087151527405,0.49262484908103943,0.5194913148880005,-0.01203762274235487,0.9993583559989929,0.4928281307220459,0.5198782682418823,-0.07243852317333221,0.9994670152664185,0.420259028673172,0.5194928646087646,0.14116171002388,0.9997938275337219,0.4364643394947052,0.5284724831581116,-0.2897648513317108,0.9999479651451111,0.3865969181060791,0.5690992474555969,0.1980801671743393,0.1311982423067093,0.4094895124435425,0.5813283324241638,-0.3504156172275543,0.9735485315322876,0.39915943145751953,0.6205803751945496,0.1326623409986496,0.13696618378162384,0.4202519953250885,0.6325492262840271,-0.289775013923645,0.9300030469894409,0.40143007040023804,0.6311938762664795,0.13669775426387787,0.12993402779102325,0.4246520698070526,0.6426476240158081,-0.3355758488178253,0.8780991435050964,0.4059978127479553,0.6327171325683594,0.0960526168346405,0.1331051141023636,0.4276385009288788,0.6446453332901001,-0.3134227991104126,0.8728779554367065,0.4057020843029022,0.629947304725647,0.11217904835939407,0.13842760026454926,0.4232363700866699,0.6410496234893799,-0.2813006639480591,0.8177957534790039,0.32921522855758667,0.6025949120521545,0.13574443757534027,0.999428927898407,0.33159542083740234,0.6110617518424988,-0.13541702926158905,0.9997319579124451,0.34103924036026,0.6803387999534607,0.2152356058359146,0.3134947121143341,0.3416563868522644,0.6899932622909546,-0.08047787845134735,0.9307853579521179,0.3398642838001251,0.7580927610397339,0.338553249835968,0.5279746651649475,0.3366764485836029,0.7696824669837952,0.054808609187603,0.9196049571037292,0.32488441467285156,0.7696609497070312,0.34488818049430847,0.5846930742263794,0.3191297948360443,0.7798003554344177,0.06386251002550125,0.8800659775733948,0.3874494135379791,0.7790666222572327,0.2756544053554535,0.6484388709068298,0.37715083360671997,0.7929166555404663,-0.012096288613975048,0.9069724082946777
57,0.5035994648933411,0.5177025198936462,-0.051403313875198364,0.999383270740509,0.506621241569519,0.5119682550430298,-0.041879571974277496,0.999204158782959,0.5055230855941772,0.5113253593444824,-0.04196479916572571,0.9991089105606079,0.5038946866989136,0.5104109644889832,-0.0420234389603138,0.9993492364883423,0.5066483616828918,0.5121506452560425,-0.08795037865638733,0.9991129040718079,0.505636990070343,0.5116404294967651,-0.08809711784124374,0.9989397525787354,0.5044487714767456,0.5109705328941345,-0.08814623951911926,0.9992221593856812,0.487947016954422,0.5053456425666809,0.0121155995875597,0.9982969164848328,0.488995760679245,0.5062083601951599,-0.19393861293792725,0.9990255236625671,0.49237269163131714,0.5197446346282959,-0.024980586022138596,0.9993718862533569,0.4928118586540222,0.5202875733375549,-0.08536509424448013,0.9994779229164124,0.4200691878795624,0.5196954607963562,0.12772594392299652,0.9997972846031189,0.43631497025489807,0.5286467671394348,-0.3022276759147644,0.9999489784240723,0.38566553592681885,0.570573091506958,0.18546131253242493,0.13126394152641296,0.40909165143966675,0.5822955965995789,-0.3639371395111084,0.9735618829727173,0.39623183012008667,0.624247670173645,0.12164431065320969,0.1366392821073532,0.4192546606063843,0.6353588104248047,-0.3056539297103882,0.9302864074707031,0.39853745698928833,0.635219156742096,0.12511976063251495,0.12958019971847534,0.42353159189224243,0.6458908319473267,-0.3534652590751648,0.8784739375114441,0.40233105421066284,0.6369073390960693,0.08355678617954254,0.13275453448295593,0.42909520864486694,0.6467962265014648,-0.3312459886074066,0.8732346296310425,0.40205320715904236,0.6340205669403076,0.10084804892539978,0.13814722001552582,0.4237755835056305,0.642927348613739,-0.29737794399261475,0.8181464076042175,0.32783934473991394,0.6025394797325134,0.1347953826189041,0.9994402527809143,0.33172109723091125,0.6108230352401733,-0.134498730301857,0.9997378587722778,0.34185442328453064,0.6801636815071106,0.22435009479522705,0.31351691484451294,0.3428044617176056,0.6896573901176453,-0.07226947695016861,0.9308738112449646,0.33715465664863586,0.7570824027061462,0.3517577052116394,0.5290395021438599,0.3346416652202606,0.7680083513259888,0.07396537065505981,0.9198294878005981,0.3194355368614197,0.7711440920829773,0.3583565652370453,0.5848693251609802,0.31687843799591064,0.7834844589233398,0.08407872915267944,0.8807482123374939,0.3808745741844177,0.7804045081138611,0.28699183464050293,0.6496279835700989,0.3733547329902649,0.7935779690742493,0.008215723559260368,0.9072845578193665
58,0.5018497109413147,0.517434298992157,-0.05559719726443291,0.9993926286697388,0.5050610899925232,0.511663019657135,-0.045470479875802994,0.99921715259552,0.5039365291595459,0.5110384225845337,-0.04555051773786545,0.9991250038146973,0.5027801394462585,0.5103863477706909,-0.045605964958667755,0.9993608593940735,0.5047122240066528,0.5115979909896851,-0.09170900285243988,0.9991264343261719,0.503589391708374,0.5109973549842834,-0.09184730052947998,0.9989565014839172,0.502314567565918,0.5102398991584778,-0.0918884128332138,0.999234139919281,0.4860287010669708,0.5048850774765015,0.012681686319410801,0.9983291625976562,0.48744675517082214,0.505582332611084,-0.19373831152915955,0.9990379810333252,0.4911480247974396,0.5197934508323669,-0.02752845361828804,0.9993810057640076,0.49104467034339905,0.520032525062561,-0.08805445581674576,0.9994860887527466,0.4200868308544159,0.5196807384490967,0.1323709487915039,0.9998009204864502,0.43512076139450073,0.5287784934043884,-0.2992260456085205,0.9999496936798096,0.38688230514526367,0.5703222751617432,0.19247668981552124,0.13179506361484528,0.4089132845401764,0.5818454027175903,-0.35735276341438293,0.9735071063041687,0.39881762862205505,0.6198408603668213,0.12729915976524353,0.13657070696353912,0.4192855954170227,0.6326513886451721,-0.2965562343597412,0.9305258989334106,0.40110155940055847,0.629788339138031,0.13091178238391876,0.12922988831996918,0.4239954650402069,0.6429064869880676,-0.3436375558376312,0.8790974617004395,0.4056389331817627,0.6311510801315308,0.09032145142555237,0.1323765516281128,0.42679423093795776,0.6446676850318909,-0.32219329476356506,0.8738803863525391,0.40541183948516846,0.6286742687225342,0.10682670027017593,0.13781839609146118,0.42229342460632324,0.641041100025177,-0.2884421646595001,0.818857729434967,0.32686710357666016,0.601887583732605,0.13451999425888062,0.999445915222168,0.32739773392677307,0.6093246936798096,-0.13419316709041595,0.9997405409812927,0.3410808742046356,0.6806862950325012,0.2190142422914505,0.3120602071285248,0.34294945001602173,0.6882198452949524,-0.07526179403066635,0.9299394488334656,0.3407578766345978,0.757547914981842,0.3435508608818054,0.527316689491272,0.3366207778453827,0.7680890560150146,0.06403790414333344,0.9195335507392883,0.3265317380428314,0.7696331739425659,0.3497467041015625,0.5836253762245178,0.3193850517272949,0.7788662314414978,0.07315846532583237,0.8805991411209106,0.3889360725879669,0.7779905796051025,0.278703510761261,0.6490623950958252,0.380029559135437,0.7910400032997131,-0.0052503058686852455,0.9072792530059814
59,0.502460241317749,0.5177960991859436,-0.07732197642326355,0.9993965029716492,0.5053248405456543,0.5119935274124146,-0.06445831060409546,0.9992219805717468,0.5040364861488342,0.5113522410392761,-0.06452374160289764,0.9991322755813599,0.5027636885643005,0.5107116103172302,-0.06457565724849701,0.9993643760681152,0.5048690438270569,0.511936366558075,-0.11273322999477386,0.9991368055343628,0.5035451650619507,0.5113398432731628,-0.11287347227334976,0.9989722967147827,0.5018265843391418,0.5104972720146179,-0.11293429136276245,0.9992462396621704,0.485954225063324,0.5058335661888123,0.005773698445409536,0.9983459711074829,0.48559659719467163,0.5059122443199158,-0.20945128798484802,0.9990544319152832,0.49173596501350403,0.5203395485877991,-0.044835805892944336,0.999378502368927,0.4913121461868286,0.5205451846122742,-0.10799714922904968,0.9994915723800659,0.42304399609565735,0.523154079914093,0.13782738149166107,0.999795138835907,0.43212127685546875,0.5306937098503113,-0.3147471249103546,0.9999496936798096,0.3974388837814331,0.5733852386474609,0.1960279941558838,0.12838466465473175,0.4098108410835266,0.5831900238990784,-0.3777972459793091,0.973764955997467,0.4096595346927643,0.6216719746589661,0.13060598075389862,0.1325017511844635,0.42114371061325073,0.6357366442680359,-0.3162227272987366,0.9313628077507019,0.4144420921802521,0.634854257106781,0.13676707446575165,0.1252475529909134,0.42557230591773987,0.6465404629707336,-0.36413782835006714,0.8807732462882996,0.41611170768737793,0.6324722170829773,0.09475459903478622,0.12825942039489746,0.42844158411026,0.646314799785614,-0.34053853154182434,0.8755649924278259,0.4141583740711212,0.6322430372238159,0.10928516834974289,0.13375043869018555,0.42564812302589417,0.6441735029220581,-0.3072362542152405,0.821035623550415,0.33004117012023926,0.6030867695808411,0.13882634043693542,0.9994298219680786,0.324978768825531,0.609381914138794,-0.1384524554014206,0.999737560749054,0.34681540727615356,0.6787023544311523,0.20359507203102112,0.30759096145629883,0.3432922065258026,0.6882840991020203,-0.09675069898366928,0.9284889101982117,0.3524055480957031,0.7570942044258118,0.32627519965171814,0.5200446844100952,0.3346303403377533,0.7696060538291931,0.02433610148727894,0.9196171164512634,0.33844253420829773,0.7692252993583679,0.33231812715530396,0.579624593257904,0.31911712884902954,0.7827739119529724,0.03099360689520836,0.8803324103355408,0.40321269631385803,0.7768036127090454,0.26036643981933594,0.6444740891456604,0.3843304216861725,0.792405366897583,-0.055642399936914444,0.9076610803604126
60,0.4988596737384796,0.5182024836540222,-0.06904099136590958,0.9994086623191833,0.5025748014450073,0.5129023194313049,-0.05610014870762825,0.9992369413375854,0.501823902130127,0.5125576257705688,-0.05617246404290199,0.9991507530212402,0.5008682608604431,0.512113630771637,-0.056236352771520615,0.9993792772293091,0.5019610524177551,0.5124291181564331,-0.10311964154243469,0.999151349067688,0.5008072257041931,0.5116940140724182,-0.10324547439813614,0.9989903569221497,0.49948668479919434,0.5107966661453247,-0.10328134894371033,0.9992600083351135,0.48590704798698425,0.5069509744644165,0.015206443145871162,0.9983842372894287,0.4859425723552704,0.5059088468551636,-0.19487310945987701,0.9990704655647278,0.48809361457824707,0.5205188393592834,-0.03658236935734749,0.9993881583213806,0.48781710863113403,0.5203416347503662,-0.09810153394937515,0.9994992017745972,0.4212144613265991,0.5218566656112671,0.1429397314786911,0.9997937083244324,0.43319663405418396,0.5275059938430786,-0.29911136627197266,0.9999476671218872,0.3900710642337799,0.5706632137298584,0.2015223205089569,0.12941399216651917,0.40866151452064514,0.5817285776138306,-0.3611786961555481,0.9742834568023682,0.40407729148864746,0.6226438879966736,0.13365492224693298,0.13250382244586945,0.4186389744281769,0.6335309147834778,-0.2975371778011322,0.932513952255249,0.40632227063179016,0.6339097619056702,0.13765645027160645,0.12500831484794617,0.42594581842422485,0.644322395324707,-0.3423229455947876,0.882854163646698,0.4105791747570038,0.6350895166397095,0.09754691272974014,0.12795035541057587,0.42670539021492004,0.645496666431427,-0.3206377923488617,0.8777942061424255,0.40485531091690063,0.6315876245498657,0.1130799949169159,0.13361583650112152,0.42318618297576904,0.642721951007843,-0.2887125611305237,0.82439786195755,0.32638606429100037,0.6018845438957214,0.13302485644817352,0.9994155764579773,0.32683736085891724,0.6075093746185303,-0.1326979398727417,0.9997244477272034,0.34033656120300293,0.6788271069526672,0.18140506744384766,0.31397154927253723,0.34152093529701233,0.6875665783882141,-0.10772489011287689,0.9288567900657654,0.3379756808280945,0.7601651549339294,0.28331342339515686,0.5227880477905273,0.33561673760414124,0.7698782682418823,0.014518271200358868,0.9204837083816528,0.3219883143901825,0.7719844579696655,0.2870963215827942,0.580718457698822,0.3223055303096771,0.7823758721351624,0.02189241722226143,0.8804060816764832,0.3853704631328583,0.7824745774269104,0.209646537899971,0.6459810137748718,0.374467670917511,0.794068455696106,-0.06326958537101746,0.9085143208503723
61,0.5003711581230164,0.5178741812705994,-0.07077733427286148,0.999426007270813,0.5037579536437988,0.5127241611480713,-0.058597382158041,0.9992623925209045,0.5026968717575073,0.5122334957122803,-0.05867309868335724,0.9991798400878906,0.501571774482727,0.5117250680923462,-0.05873897299170494,0.9994016289710999,0.5033541917800903,0.5124506950378418,-0.10369781404733658,0.999180018901825,0.5020288825035095,0.511719286441803,-0.1038212776184082,0.9990253448486328,0.5007058382034302,0.5109445452690125,-0.10385138541460037,0.9992856979370117,0.48643192648887634,0.5069475173950195,0.009315934963524342,0.9984498620033264,0.48629188537597656,0.5063608288764954,-0.1919545829296112,0.9991025328636169,0.48939311504364014,0.5202935338020325,-0.03973742574453354,0.9994059801101685,0.4893264174461365,0.5201069116592407,-0.09873391687870026,0.9995143413543701,0.4211134910583496,0.5205684304237366,0.1336892992258072,0.9997928142547607,0.4330924451351166,0.5285586714744568,-0.29225388169288635,0.9999476075172424,0.3885060250759125,0.570667564868927,0.1956566572189331,0.12865954637527466,0.40628719329833984,0.5825406908988953,-0.3480507731437683,0.9747744798660278,0.40155360102653503,0.6209233403205872,0.13853876292705536,0.13072803616523743,0.41849780082702637,0.6348361968994141,-0.2844632565975189,0.9332440495491028,0.4042038917541504,0.6318279504776001,0.14327962696552277,0.12330922484397888,0.42370086908340454,0.6462255120277405,-0.32673385739326477,0.8842498660087585,0.40868720412254333,0.6334971785545349,0.10340270400047302,0.12619683146476746,0.4265955686569214,0.646320104598999,-0.30586251616477966,0.8793123960494995,0.40773311257362366,0.6303853392601013,0.11850249022245407,0.13202764093875885,0.42331668734550476,0.6433038115501404,-0.27583086490631104,0.8269038200378418,0.32576748728752136,0.6011062860488892,0.12906630337238312,0.9994038939476013,0.3258180022239685,0.607366681098938,-0.12875588238239288,0.9997187256813049,0.34324538707733154,0.6774291396141052,0.18337076902389526,0.31754007935523987,0.34068360924720764,0.6861500144004822,-0.09335905313491821,0.9294542670249939,0.3368719220161438,0.7580074667930603,0.2911754846572876,0.5222244262695312,0.3277739882469177,0.7683553695678711,0.027653254568576813,0.9213445782661438,0.3210352063179016,0.7698920965194702,0.29575520753860474,0.5791967511177063,0.3209436237812042,0.7815817594528198,0.035382840782403946,0.8810523748397827,0.3833800256252289,0.7811921834945679,0.22313091158866882,0.6453125476837158,0.37454330921173096,0.7922524213790894,-0.04410521686077118,0.9093798398971558
62,0.4974460303783417,0.5185067653656006,-0.10118718445301056,0.9994458556175232,0.5021026134490967,0.5129147171974182,-0.08852284401655197,0.9992885589599609,0.5014658570289612,0.512511134147644,-0.08860000222921371,0.9992096424102783,0.5005722045898438,0.5119637250900269,-0.08866503089666367,0.9994244575500488,0.5011431574821472,0.5123674273490906,-0.1350586861371994,0.9992110133171082,0.49985471367836,0.5115106105804443,-0.13519257307052612,0.9990634918212891,0.49835205078125,0.5104391574859619,-0.1352308839559555,0.9993138909339905,0.48503705859184265,0.5062144994735718,-0.014706247486174107,0.9985089302062988,0.4842921495437622,0.5050592422485352,-0.22235792875289917,0.9991350769996643,0.4866362512111664,0.5207926034927368,-0.06739643216133118,0.9994239807128906,0.4858260452747345,0.5205101370811462,-0.12823478877544403,0.9995301961898804,0.420760840177536,0.5205927491188049,0.11802980303764343,0.9997942447662354,0.4297560453414917,0.5283837914466858,-0.3184950649738312,0.9999468326568604,0.3923952281475067,0.5700457096099854,0.18662799894809723,0.1284845918416977,0.40756717324256897,0.5828859806060791,-0.37261253595352173,0.9750116467475891,0.4024367332458496,0.6196908950805664,0.1265173703432083,0.12955226004123688,0.4180075526237488,0.6343004107475281,-0.30548524856567383,0.9337217807769775,0.4036690890789032,0.6304054260253906,0.12959766387939453,0.12225645780563354,0.423528790473938,0.6455099582672119,-0.35067081451416016,0.8855017423629761,0.40781986713409424,0.6316514611244202,0.08806058019399643,0.12512975931167603,0.427322655916214,0.6465688943862915,-0.33048874139785767,0.8806986808776855,0.401611328125,0.6293602585792542,0.105574831366539,0.13109178841114044,0.42237988114356995,0.6430202126502991,-0.29729774594306946,0.8289816379547119,0.3265928626060486,0.6018276810646057,0.1322479546070099,0.999411404132843,0.32231035828590393,0.6083320379257202,-0.13189660012722015,0.9997205138206482,0.3401252329349518,0.6810718178749084,0.1977178454399109,0.3211706280708313,0.3386198580265045,0.6870019435882568,-0.08590269088745117,0.929812490940094,0.3363642692565918,0.7584760785102844,0.3158789575099945,0.5223047733306885,0.33423104882240295,0.7685161232948303,0.04463571310043335,0.9221315979957581,0.32121536135673523,0.7700315117835999,0.32143914699554443,0.5782045722007751,0.3193938136100769,0.7813743352890015,0.0529763400554657,0.8810663223266602,0.3830525279045105,0.7801773548126221,0.244465634226799,0.6456353664398193,0.3733694553375244,0.7923998236656189,-0.03075464442372322,0.9103805422782898
63,0.4965963363647461,0.5169112086296082,-0.11379525065422058,0.9994656443595886,0.5004328489303589,0.5119250416755676,-0.09967555850744247,0.9993114471435547,0.499692440032959,0.5116149187088013,-0.0997467041015625,0.9992357492446899,0.4987027645111084,0.5111920237541199,-0.09981273859739304,0.9994432926177979,0.4996892213821411,0.5114280581474304,-0.14781686663627625,0.9992386102676392,0.4984666109085083,0.5107236504554749,-0.14794015884399414,0.9990987181663513,0.49703341722488403,0.5098632574081421,-0.14797480404376984,0.9993385672569275,0.4838041663169861,0.5061773657798767,-0.019716776907444,0.998561441898346,0.48257970809936523,0.5047453045845032,-0.2341683954000473,0.9991636872291565,0.48582860827445984,0.519562840461731,-0.07780780643224716,0.99944007396698,0.4854413568973541,0.5190284252166748,-0.1406727433204651,0.9995452761650085,0.4224143922328949,0.5240841507911682,0.12354890257120132,0.9997931718826294,0.42619553208351135,0.5268911123275757,-0.33490028977394104,0.9999464154243469,0.3955945074558258,0.5735167860984802,0.19074995815753937,0.12933571636676788,0.4064260721206665,0.580424964427948,-0.395879864692688,0.9755752682685852,0.40470972657203674,0.6234420537948608,0.12074696272611618,0.13078120350837708,0.41482624411582947,0.633095383644104,-0.3306331932544708,0.9354358911514282,0.4121450185775757,0.6343908309936523,0.1238999143242836,0.12327911704778671,0.42245811223983765,0.6437811255455017,-0.3777974843978882,0.888590931892395,0.4111781120300293,0.6353133916854858,0.08088241517543793,0.1262306272983551,0.4238497018814087,0.645143449306488,-0.3571704030036926,0.8839282393455505,0.4085867702960968,0.6333797574043274,0.09869582951068878,0.13241222500801086,0.4195649325847626,0.6418087482452393,-0.3223312795162201,0.8332217931747437,0.3263659179210663,0.6019216179847717,0.1401049792766571,0.999414324760437,0.31934502720832825,0.6069207787513733,-0.13976742327213287,0.9997215867042542,0.3426872491836548,0.6779556274414062,0.1973618119955063,0.32223859429359436,0.3384171426296234,0.6855928301811218,-0.10001857578754425,0.9314504861831665,0.3392486572265625,0.7527473568916321,0.3237095773220062,0.521293044090271,0.33449873328208923,0.7682329416275024,0.021027961745858192,0.9246244430541992,0.3199773132801056,0.7664166688919067,0.33012935519218445,0.5785999894142151,0.3176455795764923,0.7812365889549255,0.028169682249426842,0.8835369944572449,0.38434091210365295,0.7777097225189209,0.25689172744750977,0.6458507776260376,0.37771016359329224,0.7937149405479431,-0.059958867728710175,0.9129202365875244
64,0.49416425824165344,0.5173650979995728,-0.15776824951171875,0.9994519352912903,0.4981212615966797,0.5125413537025452,-0.14332203567028046,0.9992890357971191,0.4977475702762604,0.5123280882835388,-0.14340128004550934,0.9992119073867798,0.49712681770324707,0.5119876265525818,-0.14351119101047516,0.9994237422943115,0.49641719460487366,0.5117210149765015,-0.18984653055667877,0.999216616153717,0.4948922097682953,0.5108686089515686,-0.18996238708496094,0.9990783929824829,0.4931885302066803,0.5098325610160828,-0.19000715017318726,0.9993188381195068,0.4822935461997986,0.5070105791091919,-0.054632239043712616,0.9985320568084717,0.47891077399253845,0.5047529935836792,-0.26155993342399597,0.99913489818573,0.484311580657959,0.5202150940895081,-0.11825007200241089,0.9994111657142639,0.4827500581741333,0.5194229483604431,-0.1788967102766037,0.9995232820510864,0.42684289813041687,0.5249507427215576,0.09955980628728867,0.9997692108154297,0.42099225521087646,0.5283846259117126,-0.34688347578048706,0.9999338388442993,0.40435591340065,0.5748366117477417,0.17600445449352264,0.13266153633594513,0.40287506580352783,0.5801464319229126,-0.40419936180114746,0.974299967288971,0.4100082814693451,0.6207398176193237,0.1121266707777977,0.13416515290737152,0.41173166036605835,0.6316697001457214,-0.3281499147415161,0.933449387550354,0.415766179561615,0.6317158341407776,0.11638930439949036,0.12620988488197327,0.41606605052948,0.6431839466094971,-0.36932069063186646,0.8873198628425598,0.4146522283554077,0.6333559155464172,0.07698889821767807,0.129248708486557,0.41851523518562317,0.6432722210884094,-0.3532795011997223,0.8827516436576843,0.41481319069862366,0.6283589005470276,0.09172113984823227,0.13588160276412964,0.415574848651886,0.6404675841331482,-0.3206985890865326,0.8322628140449524,0.33357909321784973,0.5998137593269348,0.13442373275756836,0.999389111995697,0.31564804911613464,0.6049107313156128,-0.13411469757556915,0.9996966123580933,0.349692702293396,0.6749367117881775,0.16907012462615967,0.3299255967140198,0.33883336186408997,0.6825627088546753,-0.11463648080825806,0.9329575896263123,0.3421230912208557,0.7489270567893982,0.28079742193222046,0.5219417214393616,0.33737170696258545,0.7649125456809998,-0.008056780323386192,0.9270052909851074,0.3264244794845581,0.7603690028190613,0.286210834980011,0.5790321230888367,0.32387030124664307,0.7773517370223999,-0.002189125632867217,0.8854069113731384,0.3887207806110382,0.7737568020820618,0.212959885597229,0.6460050344467163,0.37830474972724915,0.7911677956581116,-0.09609205275774002,0.9151439070701599
65,0.4914897084236145,0.5163143277168274,-0.16326399147510529,0.9994309544563293,0.49538251757621765,0.511828601360321,-0.1470758020877838,0.9992499947547913,0.4951399564743042,0.5118348598480225,-0.1471346765756607,0.9991734623908997,0.4946898818016052,0.5117471218109131,-0.14723950624465942,0.9993896484375,0.49349263310432434,0.5105835199356079,-0.19299128651618958,0.9991773962974548,0.4917294681072235,0.5095019340515137,-0.1931162178516388,0.9990383386611938,0.4901534914970398,0.5084839463233948,-0.19318604469299316,0.9992842674255371,0.4813649356365204,0.5079822540283203,-0.05331232026219368,0.9984269738197327,0.476847380399704,0.5041969418525696,-0.2571377158164978,0.9990792870521545,0.4813910722732544,0.5197500586509705,-0.12227229028940201,0.9993647933006287,0.47963544726371765,0.5184012055397034,-0.18204566836357117,0.9994951486587524,0.42988207936286926,0.5290205478668213,0.10683790594339371,0.999751627445221,0.4167652428150177,0.5259521007537842,-0.33852896094322205,0.9999246597290039,0.4032936990261078,0.5780807137489319,0.17746761441230774,0.1347694844007492,0.38949012756347656,0.5771801471710205,-0.3982156217098236,0.9725167155265808,0.41537269949913025,0.6247771978378296,0.10856514424085617,0.13830097019672394,0.40316903591156006,0.6311845779418945,-0.33004897832870483,0.9310106039047241,0.423873633146286,0.6367213129997253,0.11652054637670517,0.13001902401447296,0.4085780084133148,0.6410940289497375,-0.3694540858268738,0.8853360414505005,0.4232097566127777,0.6381511688232422,0.07407765835523605,0.13322168588638306,0.40902385115623474,0.6419410109519958,-0.35256803035736084,0.8807263374328613,0.41956713795661926,0.6363122463226318,0.08688213676214218,0.14006930589675903,0.40854838490486145,0.6390420198440552,-0.32240030169487,0.8301246762275696,0.33919596672058105,0.6018672585487366,0.1347043365240097,0.9993581175804138,0.3140905797481537,0.6040276288986206,-0.13439203798770905,0.9996727108955383,0.35199251770973206,0.6761281490325928,0.14938022196292877,0.33837535977363586,0.33651572465896606,0.6839625239372253,-0.13443493843078613,0.933531641960144,0.3563186228275299,0.7461497783660889,0.24613378942012787,0.527771532535553,0.3386278450489044,0.7659673094749451,-0.050691090524196625,0.9296132326126099,0.3419063687324524,0.7570345997810364,0.24958869814872742,0.582711935043335,0.3271387815475464,0.7772238254547119,-0.048573270440101624,0.8868435621261597,0.40709492564201355,0.7675495743751526,0.1696614772081375,0.651641309261322,0.39100879430770874,0.7889735102653503,-0.1567348688840866,0.9179987907409668
66,0.48720240592956543,0.5164501667022705,-0.11435618996620178,0.999427080154419,0.4909548759460449,0.5115736722946167,-0.09954742342233658,0.9992414116859436,0.49043217301368713,0.511395275592804,-0.0996132344007492,0.9991669058799744,0.48991501331329346,0.5112015008926392,-0.0997237041592598,0.9993821978569031,0.4891834855079651,0.5103102326393127,-0.14424872398376465,0.999168336391449,0.48757311701774597,0.5092746615409851,-0.14437569677829742,0.9990313649177551,0.48592665791511536,0.5081589221954346,-0.14441807568073273,0.9992736577987671,0.47741836309432983,0.5075513124465942,-0.013738611713051796,0.9984243512153625,0.4723275303840637,0.503808319568634,-0.2125525027513504,0.9990646243095398,0.4767918884754181,0.5193716287612915,-0.07640451937913895,0.9993536472320557,0.47493427991867065,0.5182538628578186,-0.13472610712051392,0.9994847178459167,0.42595723271369934,0.5286539793014526,0.1321011483669281,0.9997466802597046,0.41588717699050903,0.5258196592330933,-0.29705336689949036,0.9999187588691711,0.4063311517238617,0.5777035355567932,0.20312172174453735,0.13879592716693878,0.3957241177558899,0.5761393904685974,-0.3556797206401825,0.9713022708892822,0.41385242342948914,0.6251465678215027,0.14047928154468536,0.14302700757980347,0.40384453535079956,0.6302592158317566,-0.28706714510917664,0.9291479587554932,0.42063233256340027,0.6354192495346069,0.14923882484436035,0.1343618929386139,0.40868404507637024,0.6423918604850769,-0.32389307022094727,0.8841106295585632,0.4196591079235077,0.6371204257011414,0.10966971516609192,0.1376885026693344,0.4110656678676605,0.6422016024589539,-0.30752402544021606,0.879538357257843,0.41562411189079285,0.6353113651275635,0.12052223831415176,0.14479126036167145,0.40888750553131104,0.6401182413101196,-0.2793046236038208,0.8294246196746826,0.3376238942146301,0.6030393838882446,0.12710098922252655,0.9993504285812378,0.31331825256347656,0.6042293310165405,-0.1268100142478943,0.9996583461761475,0.34361135959625244,0.6779060959815979,0.13274908065795898,0.350000262260437,0.3349264860153198,0.6851089596748352,-0.13569366931915283,0.9339331388473511,0.3443620502948761,0.7547762989997864,0.20684807002544403,0.534506618976593,0.33433592319488525,0.7697551846504211,-0.061036527156829834,0.9315774440765381,0.33002355694770813,0.7660344839096069,0.20795001089572906,0.5859946608543396,0.3195996582508087,0.7820789813995361,-0.05919184535741806,0.8886299729347229,0.39041224122047424,0.7774046063423157,0.12543538212776184,0.6573731899261475,0.37855294346809387,0.792106568813324,-0.1610058844089508,0.9204167127609253
67,0.4821213185787201,0.5156117677688599,-0.14850491285324097,0.9994389414787292,0.4867647588253021,0.5107945203781128,-0.1329149752855301,0.9992609024047852,0.4866955876350403,0.5108264684677124,-0.13296358287334442,0.9991879463195801,0.4864403009414673,0.5107426643371582,-0.13307905197143555,0.9993977546691895,0.4845689535140991,0.5093715190887451,-0.17433656752109528,0.9991886615753174,0.4830889105796814,0.5082268118858337,-0.17445877194404602,0.9990520477294922,0.4813709259033203,0.5069766640663147,-0.17448708415031433,0.999286949634552,0.474679172039032,0.5069178342819214,-0.04068179428577423,0.9984676837921143,0.46808457374572754,0.502480149269104,-0.22532516717910767,0.9990690350532532,0.4714917838573456,0.5187179446220398,-0.10814323276281357,0.9993448853492737,0.4685308635234833,0.5176595449447632,-0.16230759024620056,0.9994739294052124,0.4273105561733246,0.5289493799209595,0.10400907695293427,0.9997394680976868,0.41158241033554077,0.524067223072052,-0.29495131969451904,0.9999122023582458,0.40539655089378357,0.5774953961372375,0.16675318777561188,0.14302141964435577,0.3960362374782562,0.5762456655502319,-0.34880882501602173,0.9686412215232849,0.4127899408340454,0.6254718899726868,0.10561241209506989,0.14857830107212067,0.4026440382003784,0.6304139494895935,-0.2837097644805908,0.9248822927474976,0.41894274950027466,0.6364048719406128,0.11273244023323059,0.13971464335918427,0.4066670835018158,0.6434474587440491,-0.31733059883117676,0.8805118799209595,0.4179365038871765,0.6379916071891785,0.07564923912286758,0.14313189685344696,0.41371890902519226,0.6452924609184265,-0.3027057647705078,0.8760036826133728,0.41428467631340027,0.6356233358383179,0.08719082921743393,0.1503545492887497,0.4105130732059479,0.6421173214912415,-0.27637583017349243,0.8262239694595337,0.33867347240448,0.6027956604957581,0.11940620094537735,0.9993641376495361,0.3128151297569275,0.6029208898544312,-0.11914171278476715,0.9996621012687683,0.3516734540462494,0.6752852201461792,0.08649279922246933,0.3657793402671814,0.3294990658760071,0.6813949346542358,-0.16194115579128265,0.9350027441978455,0.36422407627105713,0.7418612837791443,0.15536196529865265,0.5433648228645325,0.3445587456226349,0.765527069568634,-0.10682684928178787,0.934583306312561,0.351056843996048,0.7516558170318604,0.15638099610805511,0.5926284193992615,0.3325353264808655,0.7752848267555237,-0.10676241666078568,0.8919333219528198,0.4113273024559021,0.7620962262153625,0.0699332058429718,0.6662857532501221,0.389943391084671,0.7872791886329651,-0.22184428572654724,0.9241095185279846
68,0.481241911649704,0.5157836675643921,-0.26682326197624207,0.9994426965713501,0.4856397807598114,0.5107502341270447,-0.24738463759422302,0.999264121055603,0.4856972098350525,0.5107792615890503,-0.24742937088012695,0.999200701713562,0.485579252243042,0.510654628276825,-0.2475510835647583,0.999401330947876,0.4831041693687439,0.5090029239654541,-0.28579702973365784,0.9991909861564636,0.4814627766609192,0.5078471302986145,-0.28591251373291016,0.9990593194961548,0.47966286540031433,0.5065213441848755,-0.2859450876712799,0.9992809295654297,0.47326594591140747,0.5066468119621277,-0.1308635175228119,0.9984588027000427,0.465415358543396,0.5019719004631042,-0.301763653755188,0.9990412592887878,0.4719969630241394,0.5192491412162781,-0.21791237592697144,0.9993064999580383,0.46862077713012695,0.5176898241043091,-0.26804691553115845,0.9994376301765442,0.43632611632347107,0.5321159958839417,0.032346028834581375,0.999730110168457,0.4012365937232971,0.5236709117889404,-0.34205660223960876,0.9998959898948669,0.41484370827674866,0.5809507966041565,0.08977711200714111,0.16540665924549103,0.38376519083976746,0.5757013559341431,-0.3948681652545929,0.9655283689498901,0.41740918159484863,0.6289821863174438,0.011478753760457039,0.17302925884723663,0.39804279804229736,0.6314653158187866,-0.3488290309906006,0.9214411377906799,0.42168906331062317,0.6409552693367004,0.01106090098619461,0.16173969209194183,0.40162989497184753,0.6454232335090637,-0.38664236664772034,0.8785660862922668,0.42050203680992126,0.6418508291244507,-0.026572691276669502,0.16546839475631714,0.40908753871917725,0.6478079557418823,-0.37760886549949646,0.8743314146995544,0.41593989729881287,0.637292206287384,-0.007615664042532444,0.17284755408763885,0.40806955099105835,0.6432710289955139,-0.34405967593193054,0.8249071836471558,0.34489038586616516,0.6020609736442566,0.11166274547576904,0.9993965029716492,0.3080577552318573,0.5983923673629761,-0.11144489794969559,0.9996688365936279,0.3563537299633026,0.6733876466751099,0.06313280016183853,0.3862720727920532,0.32744351029396057,0.6790611147880554,-0.17076927423477173,0.9348106980323792,0.3712975084781647,0.7377821803092957,0.11903241276741028,0.5569158792495728,0.3427404761314392,0.7614542245864868,-0.12089399993419647,0.9361914992332458,0.3604208827018738,0.7478893399238586,0.11885419487953186,0.6015293002128601,0.3305044174194336,0.7694872617721558,-0.12184735387563705,0.8919904232025146,0.41673263907432556,0.7566904425621033,0.02125498466193676,0.6788892149925232,0.3862619698047638,0.784959614276886,-0.2513105869293213,0.926827073097229
69,0.4778681993484497,0.5136069655418396,-0.3560819625854492,0.9994223713874817,0.481807678937912,0.5087137222290039,-0.3322860896587372,0.9992321133613586,0.48209086060523987,0.5088862776756287,-0.33238881826400757,0.9991728663444519,0.4822372496128082,0.5089721083641052,-0.3325217366218567,0.9993705153465271,0.4783879518508911,0.5066495537757874,-0.3634743094444275,0.9991557598114014,0.47653841972351074,0.5055299997329712,-0.3635469079017639,0.9990250468254089,0.4745554029941559,0.5043269395828247,-0.36355626583099365,0.9992376565933228,0.4708038866519928,0.5062229633331299,-0.18791063129901886,0.9983587265014648,0.45821714401245117,0.500370979309082,-0.3270104229450226,0.9989557862281799,0.46894371509552,0.5176559090614319,-0.2974925637245178,0.9992609024047852,0.4640968143939972,0.5158220529556274,-0.33824074268341064,0.9993944764137268,0.44300377368927,0.5356589555740356,-0.024601101875305176,0.9997056722640991,0.3844031095504761,0.5201845765113831,-0.3400404751300812,0.9998654127120972,0.419870525598526,0.5824202299118042,0.024431787431240082,0.21515177190303802,0.368819922208786,0.5747957825660706,-0.3894411027431488,0.966365396976471,0.4161866009235382,0.6297444701194763,-0.07504194974899292,0.22190287709236145,0.39396074414253235,0.6326443552970886,-0.38256537914276123,0.9241538643836975,0.4207836389541626,0.6409164667129517,-0.09017213433980942,0.20546692609786987,0.40155306458473206,0.6483355164527893,-0.4230499863624573,0.882541298866272,0.4202956557273865,0.6422255039215088,-0.12613604962825775,0.2095986008644104,0.40749284625053406,0.6479143500328064,-0.4234853684902191,0.8787102699279785,0.4156643748283386,0.6381403207778931,-0.09345520287752151,0.21592466533184052,0.4059195816516876,0.6433371305465698,-0.38119757175445557,0.8313989043235779,0.35201072692871094,0.6026660799980164,0.0904882475733757,0.9993983507156372,0.30433008074760437,0.5940989255905151,-0.09022241830825806,0.9996381402015686,0.37117451429367065,0.6694051623344421,-0.04170152172446251,0.4339336156845093,0.32202765345573425,0.6756572127342224,-0.2206595242023468,0.9384331107139587,0.34081169962882996,0.7450880408287048,0.01198938675224781,0.5850174427032471,0.33041277527809143,0.7644566297531128,-0.1659807711839676,0.939460277557373,0.3234047293663025,0.7546802163124084,0.01171017438173294,0.6148905158042908,0.32076147198677063,0.7759086489677429,-0.16543155908584595,0.8915974497795105,0.3747451603412628,0.773033082485199,-0.10958555340766907,0.6978275775909424,0.36758553981781006,0.7945480942726135,-0.3129599094390869,0.9302931427955627
70,0.47244611382484436,0.5114979147911072,-0.3695102334022522,0.9994497299194336,0.4770604372024536,0.5063488483428955,-0.34573569893836975,0.9992639422416687,0.47758767008781433,0.5065829753875732,-0.3458750545978546,0.9992082715034485,0.4779602587223053,0.5067043900489807,-0.3459795117378235,0.9993916153907776,0.4731805920600891,0.5041471123695374,-0.37424007058143616,0.9991909265518188,0.4711182415485382,0.5029544234275818,-0.37427231669425964,0.9990682005882263,0.46843063831329346,0.5015510320663452,-0.3742679953575134,0.9992648959159851,0.4667157232761383,0.5043736100196838,-0.20255453884601593,0.9984167814254761,0.45234835147857666,0.4987279772758484,-0.3282950520515442,0.9989852905273438,0.4630327820777893,0.5159415006637573,-0.3112347424030304,0.9992880821228027,0.45651111006736755,0.5144405961036682,-0.34808841347694397,0.9994144439697266,0.4468187093734741,0.5334177017211914,-0.04749952256679535,0.9997050762176514,0.3763190805912018,0.5197957158088684,-0.3478747308254242,0.9998583197593689,0.43012872338294983,0.57937091588974,-0.0051225596107542515,0.27505823969841003,0.3601994514465332,0.5752927660942078,-0.39989161491394043,0.9687559008598328,0.4150587022304535,0.6245051622390747,-0.09919184446334839,0.27874135971069336,0.3896656334400177,0.6274394392967224,-0.3871971368789673,0.9297174215316772,0.41819220781326294,0.6398999094963074,-0.1170998364686966,0.25554344058036804,0.39674273133277893,0.6439023613929749,-0.4264651834964752,0.8902944922447205,0.4153861403465271,0.6398429274559021,-0.1508810818195343,0.2599858045578003,0.4038497507572174,0.644614040851593,-0.42808979749679565,0.8867995738983154,0.4139659106731415,0.6340872645378113,-0.11645130068063736,0.26568251848220825,0.40164270997047424,0.6394738554954529,-0.38602185249328613,0.8426011800765991,0.3557891547679901,0.5987611413002014,0.08550335466861725,0.9994202256202698,0.3034908175468445,0.5931650996208191,-0.08513730019330978,0.9996417760848999,0.38425683975219727,0.6584018468856812,-0.12505383789539337,0.4823654294013977,0.3242299258708954,0.6656209826469421,-0.28192073106765747,0.9432218074798584,0.35810980200767517,0.7264649868011475,-0.05925649031996727,0.6133397817611694,0.33559444546699524,0.7563445568084717,-0.2440665066242218,0.9438194036483765,0.3359620273113251,0.7377545237541199,-0.05715005472302437,0.6307686567306519,0.33010509610176086,0.7696123719215393,-0.24432814121246338,0.8941242694854736,0.38533923029899597,0.759596049785614,-0.1746944785118103,0.7177121639251709,0.37039467692375183,0.7879900336265564,-0.39887434244155884,0.934951901435852
71,0.4672035872936249,0.5100482702255249,-0.39191460609436035,0.9994897842407227,0.4730997383594513,0.504651665687561,-0.36873626708984375,0.9993168115615845,0.47409960627555847,0.5049678683280945,-0.36886295676231384,0.9992673993110657,0.47486719489097595,0.5052294135093689,-0.3689562678337097,0.9994325041770935,0.4688284695148468,0.5024045705795288,-0.3957008421421051,0.9992484450340271,0.46642592549324036,0.501080334186554,-0.3957403600215912,0.9991361498832703,0.4636397063732147,0.4996269643306732,-0.3957192301750183,0.9993130564689636,0.46500715613365173,0.5033800005912781,-0.22603733837604523,0.9985291957855225,0.4469607472419739,0.49651241302490234,-0.34443604946136475,0.9990523457527161,0.45890557765960693,0.5149086117744446,-0.3336604833602905,0.9993337988853455,0.4514911472797394,0.5133097767829895,-0.3684362471103668,0.9994503855705261,0.44777941703796387,0.5336025953292847,-0.07107270509004593,0.999714195728302,0.37076783180236816,0.5174371600151062,-0.3612746298313141,0.9998569488525391,0.43434709310531616,0.5781117081642151,-0.0375247448682785,0.3296322822570801,0.35898885130882263,0.5763605833053589,-0.4125864803791046,0.9710715413093567,0.41053810715675354,0.6248741149902344,-0.12458869069814682,0.32735109329223633,0.387967586517334,0.6264746189117432,-0.39076364040374756,0.9346914887428284,0.4101771116256714,0.6408188939094543,-0.14163415133953094,0.29720449447631836,0.39115598797798157,0.6408958435058594,-0.4285844564437866,0.8970537781715393,0.4095597267150879,0.6405817270278931,-0.17311425507068634,0.3016799986362457,0.4002869725227356,0.6411368250846863,-0.4301934838294983,0.8938336372375488,0.40787968039512634,0.6350659728050232,-0.14057853817939758,0.3070284128189087,0.3980948030948639,0.6376405358314514,-0.3898420035839081,0.8524343371391296,0.3550800085067749,0.5975330471992493,0.08238771557807922,0.9994524717330933,0.30184346437454224,0.5912562012672424,-0.08195792883634567,0.9996548891067505,0.38426634669303894,0.6579986214637756,-0.10933350026607513,0.5247286558151245,0.3214172124862671,0.6660880446434021,-0.26421797275543213,0.9469097256660461,0.3777983784675598,0.7317331433296204,-0.06808827817440033,0.6398149132728577,0.3463078737258911,0.7569119930267334,-0.23675256967544556,0.9472724795341492,0.36319005489349365,0.7412481904029846,-0.06873559951782227,0.6475613713264465,0.34108832478523254,0.7695172429084778,-0.23822230100631714,0.8958637714385986,0.413285493850708,0.7591127157211304,-0.19164308905601501,0.7366899847984314,0.3840782940387726,0.78700852394104,-0.39506441354751587,0.9389075636863708
72,0.46646595001220703,0.5083168745040894,-0.39543670415878296,0.9995217323303223,0.4721560478210449,0.5029718279838562,-0.37041741609573364,0.9993594288825989,0.4730382561683655,0.5033425092697144,-0.37054726481437683,0.9993137717247009,0.4737289547920227,0.503557562828064,-0.3706468343734741,0.999464213848114,0.46768322587013245,0.5006681084632874,-0.3990417718887329,0.9992943406105042,0.465006947517395,0.49927130341529846,-0.3990795612335205,0.9991893172264099,0.46192771196365356,0.49774327874183655,-0.39905375242233276,0.9993500113487244,0.4624961316585541,0.5014992952346802,-0.2207602858543396,0.9986202716827393,0.4438539445400238,0.4944957494735718,-0.347004234790802,0.999103844165802,0.4583130478858948,0.5128964781761169,-0.335032194852829,0.9993708729743958,0.45044293999671936,0.5112875699996948,-0.3720850944519043,0.9994792938232422,0.44641274213790894,0.5332714319229126,-0.06485611200332642,0.9997128844261169,0.3640020489692688,0.51286780834198,-0.3627437353134155,0.9998482465744019,0.4338458478450775,0.5781041383743286,-0.03695924952626228,0.3736559748649597,0.34289002418518066,0.568894624710083,-0.4186828136444092,0.9730432033538818,0.40450146794319153,0.617995023727417,-0.1376286894083023,0.3651251494884491,0.37803569436073303,0.6196156144142151,-0.39672601222991943,0.9387910962104797,0.4016142189502716,0.6339235305786133,-0.15707847476005554,0.3278020918369293,0.3806065618991852,0.6318482756614685,-0.43269532918930054,0.9024813771247864,0.40153878927230835,0.6337104439735413,-0.18601717054843903,0.3322276473045349,0.3901638388633728,0.6336187720298767,-0.43611404299736023,0.8995229601860046,0.3988696336746216,0.6275345087051392,-0.1533368080854416,0.3373945355415344,0.38834646344184875,0.6279484033584595,-0.3963627815246582,0.8606041073799133,0.3518945276737213,0.598932683467865,0.08448880910873413,0.999478816986084,0.29962846636772156,0.5923097729682922,-0.08411809802055359,0.9996674656867981,0.3877105712890625,0.6608332395553589,-0.10555451363325119,0.5635291337966919,0.3190854787826538,0.6664025783538818,-0.2675463855266571,0.9506753087043762,0.3688064217567444,0.7296412587165833,-0.027598988264799118,0.6612425446510315,0.34300461411476135,0.7594178318977356,-0.21027439832687378,0.9505308270454407,0.35332542657852173,0.7395035028457642,-0.024575745686888695,0.6585412621498108,0.3376156687736511,0.7722914218902588,-0.20822912454605103,0.8976951241493225,0.40845787525177,0.7516858577728271,-0.14011140167713165,0.751492977142334,0.3800473213195801,0.7914941906929016,-0.3557378947734833,0.9423089623451233
73,0.46092909574508667,0.505667507648468,-0.3139650821685791,0.9995602369308472,0.46812161803245544,0.501323401927948,-0.2896559238433838,0.9994115829467773,0.46956127882003784,0.5019505023956299,-0.28976085782051086,0.9993695616722107,0.4708822965621948,0.5024845600128174,-0.2898188531398773,0.9995062351226807,0.4611959755420685,0.4979693591594696,-0.3158303201198578,0.9993508458137512,0.4577087163925171,0.4962185025215149,-0.3158353567123413,0.9992542862892151,0.4538397192955017,0.4944128394126892,-0.3158009350299835,0.99940025806427,0.4622253179550171,0.501294732093811,-0.1471579223871231,0.9987322688102722,0.43763190507888794,0.49128878116607666,-0.262959748506546,0.9991734027862549,0.4541451334953308,0.5109480023384094,-0.25674426555633545,0.9994179606437683,0.44466596841812134,0.5084258913993835,-0.2907167673110962,0.9995172619819641,0.4469586908817291,0.5327337384223938,-0.008439185097813606,0.9997202157974243,0.36373284459114075,0.5081864595413208,-0.28637659549713135,0.9998529553413391,0.4351833164691925,0.5763787627220154,0.02077186107635498,0.4199330508708954,0.33583664894104004,0.5614251494407654,-0.3317297399044037,0.9752207398414612,0.4021137058734894,0.616776704788208,-0.07110660523176193,0.4088670611381531,0.3729621171951294,0.6125843524932861,-0.3143107295036316,0.9435930848121643,0.39391493797302246,0.6326316595077515,-0.09105626493692398,0.3657624125480652,0.37291696667671204,0.6260796189308167,-0.34813132882118225,0.9093493819236755,0.3914055824279785,0.6303368210792542,-0.11786393076181412,0.3702540099620819,0.3796292841434479,0.6269190907478333,-0.35180744528770447,0.9067036509513855,0.39196839928627014,0.6229858994483948,-0.08578900247812271,0.37545573711395264,0.38015490770339966,0.6218476891517639,-0.31414347887039185,0.8708949089050293,0.3506864607334137,0.6004829406738281,0.08129959553480148,0.9995058178901672,0.300091415643692,0.5931971669197083,-0.08096688985824585,0.9996820688247681,0.3808310329914093,0.6604875922203064,-0.07106287032365799,0.5983343124389648,0.31967586278915405,0.6657326817512512,-0.2345893681049347,0.9542609453201294,0.3607637882232666,0.7308470606803894,-0.03208845108747482,0.6831547021865845,0.33885934948921204,0.7545638680458069,-0.2046770453453064,0.9538188576698303,0.34565469622612,0.7424451112747192,-0.03354437276721001,0.6690290570259094,0.3355202376842499,0.7730545401573181,-0.20502935349941254,0.8988004326820374,0.4001269042491913,0.7518303394317627,-0.14950993657112122,0.7669410109519958,0.3792719841003418,0.7932779788970947,-0.3474343419075012,0.9457648992538452
74,0.4622924029827118,0.5038453340530396,-0.2564791440963745,0.999576210975647,0.46864640712738037,0.4998655617237091,-0.23207296431064606,0.9994350671768188,0.46999117732048035,0.5005808472633362,-0.2322133630514145,0.9993913769721985,0.4712238013744354,0.5011985898017883,-0.2322932779788971,0.999519407749176,0.46239617466926575,0.49631598591804504,-0.2578158676624298,0.9993759989738464,0.45923036336898804,0.4945988953113556,-0.25782525539398193,0.9992823004722595,0.4552898406982422,0.49264469742774963,-0.25781089067459106,0.9994215369224548,0.4624592959880829,0.5000543594360352,-0.09353534877300262,0.998788595199585,0.43793079257011414,0.48952963948249817,-0.20859861373901367,0.9992071986198425,0.45471423864364624,0.5091906785964966,-0.20084571838378906,0.9994439482688904,0.4461204409599304,0.5064857006072998,-0.23457786440849304,0.9995402693748474,0.44670262932777405,0.5315468907356262,0.02659684047102928,0.9997085332870483,0.36200785636901855,0.5062903165817261,-0.23535163700580597,0.9998539686203003,0.43466758728027344,0.5718554258346558,0.05550505965948105,0.4579961597919464,0.3317253887653351,0.5557385683059692,-0.28533512353897095,0.9769977927207947,0.3916950225830078,0.6054717898368835,-0.04263223707675934,0.44103574752807617,0.360400915145874,0.6009098887443542,-0.29583990573883057,0.947263777256012,0.38382038474082947,0.6185122728347778,-0.06633379310369492,0.39026644825935364,0.36393463611602783,0.6146789193153381,-0.3324834108352661,0.9143275022506714,0.38084912300109863,0.615592360496521,-0.08976197242736816,0.3948014974594116,0.3715847432613373,0.6140057444572449,-0.3359066843986511,0.9119693636894226,0.38270631432533264,0.6106430888175964,-0.05589772388339043,0.3999274671077728,0.3717857301235199,0.6096860766410828,-0.29587528109550476,0.8786787986755371,0.35510629415512085,0.6020838022232056,0.07822459191083908,0.9995254278182983,0.29936930537223816,0.5941503047943115,-0.07794630527496338,0.9996965527534485,0.390298455953598,0.6619055867195129,-0.11301489174365997,0.6306313276290894,0.3150279223918915,0.6698176264762878,-0.26848673820495605,0.9575844407081604,0.3656223714351654,0.7303394079208374,-0.05261342599987984,0.6996501684188843,0.33407121896743774,0.7563696503639221,-0.22231082618236542,0.956518292427063,0.34451568126678467,0.7388016581535339,-0.05117085203528404,0.6743743419647217,0.3298049569129944,0.7747992277145386,-0.22049759328365326,0.8988333940505981,0.39710813760757446,0.7543885111808777,-0.1591670662164688,0.7782139182090759,0.3706563115119934,0.7966567277908325,-0.35677891969680786,0.948306143283844
75,0.4635694622993469,0.5033549070358276,-0.26415207982063293,0.9994781017303467,0.4691426455974579,0.4991934597492218,-0.24015748500823975,0.9993330240249634,0.47023963928222656,0.49976202845573425,-0.24029609560966492,0.999272346496582,0.4712415039539337,0.5002397894859314,-0.24040241539478302,0.9994145631790161,0.4636096954345703,0.4960435926914215,-0.2637205719947815,0.9992594718933105,0.460465669631958,0.49428415298461914,-0.26375526189804077,0.9991433024406433,0.4572064280509949,0.4924749433994293,-0.26375308632850647,0.9993100762367249,0.46253156661987305,0.49886903166770935,-0.10032804310321808,0.9986339211463928,0.43893876671791077,0.4886334538459778,-0.2052888721227646,0.9990745782852173,0.4555395841598511,0.5084519982337952,-0.2074938416481018,0.9993565678596497,0.4469761252403259,0.5062811970710754,-0.23841984570026398,0.9994695782661438,0.4501510262489319,0.5283340215682983,0.019711509346961975,0.9996743202209473,0.3603137731552124,0.504963755607605,-0.21822160482406616,0.9998363852500916,0.4320545792579651,0.565705418586731,0.06324796378612518,0.48618584871292114,0.3287176489830017,0.5528011918067932,-0.24952669441699982,0.9777736067771912,0.38057833909988403,0.5999177098274231,-0.022461825981736183,0.45856308937072754,0.3586496114730835,0.5960924625396729,-0.25938183069229126,0.9482067227363586,0.3689233362674713,0.6086989045143127,-0.04287596046924591,0.401774138212204,0.357736200094223,0.605256974697113,-0.2942456603050232,0.9155115485191345,0.36966070532798767,0.604293942451477,-0.06513439118862152,0.40615352988243103,0.3641817271709442,0.603158712387085,-0.3011189103126526,0.9134349226951599,0.3691543638706207,0.6009962558746338,-0.033815715461969376,0.4111579954624176,0.3658764660358429,0.6002928018569946,-0.26039913296699524,0.8816254734992981,0.3595706820487976,0.5983337759971619,0.07218629866838455,0.9995376467704773,0.3013135492801666,0.5911557674407959,-0.07197031378746033,0.9997006058692932,0.3902120292186737,0.6614966988563538,-0.11401838809251785,0.6590027809143066,0.31233352422714233,0.6715307235717773,-0.2560339868068695,0.959685206413269,0.3721683621406555,0.7261636853218079,-0.04686005786061287,0.711383044719696,0.3293113112449646,0.7589731216430664,-0.19335536658763885,0.956527829170227,0.35222914814949036,0.7356536984443665,-0.044502682983875275,0.6755275726318359,0.33290722966194153,0.7654526829719543,-0.19016578793525696,0.8904210329055786,0.41251519322395325,0.7479264736175537,-0.15218621492385864,0.7856058478355408,0.3627988398075104,0.7925987839698792,-0.3252200782299042,0.947759747505188
76,0.46129360795021057,0.5025863647460938,-0.14874793589115143,0.9994627237319946,0.467920184135437,0.49825504422187805,-0.1262802630662918,0.9993234276771545,0.46924805641174316,0.4988728165626526,-0.12641601264476776,0.9992533922195435,0.47043803334236145,0.49935588240623474,-0.12648139894008636,0.9993913173675537,0.4616955816745758,0.49494028091430664,-0.14792390167713165,0.999247670173645,0.45841073989868164,0.4931221604347229,-0.14795798063278198,0.999125599861145,0.4549362063407898,0.4913122355937958,-0.14794199168682098,0.9992985725402832,0.4627871513366699,0.49795833230018616,-0.0015347086591646075,0.9986388087272644,0.43856221437454224,0.4876953363418579,-0.09860792011022568,0.9990804195404053,0.45348989963531494,0.507516086101532,-0.09809816628694534,0.9993486404418945,0.44554004073143005,0.5045233368873596,-0.1268254667520523,0.999472975730896,0.44830605387687683,0.5284620523452759,0.08365166187286377,0.9996677041053772,0.36102399230003357,0.5027754902839661,-0.13235162198543549,0.9998419284820557,0.4302632808685303,0.5618947744369507,0.05442104861140251,0.5200510621070862,0.3192978501319885,0.5425024032592773,-0.21193118393421173,0.9790600538253784,0.37319645285606384,0.5817056894302368,-0.08292550593614578,0.49061790108680725,0.35001182556152344,0.5807267427444458,-0.27867239713668823,0.9514327645301819,0.35305872559547424,0.5879905819892883,-0.11485686898231506,0.42796051502227783,0.35089218616485596,0.5895439386367798,-0.32180678844451904,0.9202458262443542,0.35680633783340454,0.5835875868797302,-0.11934787780046463,0.43133530020713806,0.3581960201263428,0.5873090028762817,-0.32063019275665283,0.9183161854743958,0.35891130566596985,0.581784188747406,-0.08904001861810684,0.43545427918434143,0.35894453525543213,0.5841220617294312,-0.2784813344478607,0.8886724710464478,0.359011173248291,0.5960218906402588,0.07285615056753159,0.9995409250259399,0.3011727035045624,0.5874917507171631,-0.07268698513507843,0.9997032880783081,0.3892820477485657,0.6614403128623962,-0.06273414939641953,0.6820147037506104,0.3111749589443207,0.6681833267211914,-0.21225912868976593,0.9610688090324402,0.36809512972831726,0.7292253375053406,-0.028389984741806984,0.7229898571968079,0.32639217376708984,0.7582008838653564,-0.1888192594051361,0.9574218988418579,0.34417030215263367,0.7351623773574829,-0.02989882417023182,0.6778765916824341,0.32236310839653015,0.7697223424911499,-0.18991774320602417,0.8850052952766418,0.4004104435443878,0.7523185014724731,-0.13808085024356842,0.792384922504425,0.35766324400901794,0.7919906377792358,-0.3280588388442993,0.9479621052742004
77,0.4617171287536621,0.5010953545570374,-0.13503815233707428,0.9989514946937561,0.46880051493644714,0.49690449237823486,-0.10925586521625519,0.9988523721694946,0.4703410267829895,0.4975875914096832,-0.10933280736207962,0.9986932873725891,0.4718239903450012,0.49817126989364624,-0.10941784083843231,0.9988700747489929,0.4621202349662781,0.493409126996994,-0.12861637771129608,0.998721718788147,0.4590698480606079,0.4917640686035156,-0.12869465351104736,0.99848473072052,0.4554412066936493,0.48993179202079773,-0.12867124378681183,0.9987708330154419,0.46482980251312256,0.49704208970069885,0.0322440005838871,0.9978640079498291,0.4398774802684784,0.48652738332748413,-0.05655187368392944,0.9984676837921143,0.45486336946487427,0.5062497854232788,-0.07860306650400162,0.998875617980957,0.446052223443985,0.5034631490707397,-0.10491200536489487,0.9991739988327026,0.44927525520324707,0.5292007923126221,0.10862091928720474,0.9995675683021545,0.3604331910610199,0.5015407800674438,-0.06244239956140518,0.9997965693473816,0.41633522510528564,0.559607744216919,0.0359174869954586,0.5370414853096008,0.32229477167129517,0.5342130661010742,-0.1665419191122055,0.9754036068916321,0.3591545820236206,0.5658143162727356,-0.1669687181711197,0.5031046867370605,0.3278336822986603,0.5549825429916382,-0.30695027112960815,0.9457112550735474,0.33473798632621765,0.5680363774299622,-0.20887061953544617,0.43815144896507263,0.3236245810985565,0.5607911944389343,-0.35436680912971497,0.91391521692276,0.33599695563316345,0.5600494742393494,-0.2053067833185196,0.44053465127944946,0.33258068561553955,0.5570629835128784,-0.3605540096759796,0.9123475551605225,0.34432753920555115,0.5587513446807861,-0.1710200160741806,0.4425331950187683,0.3369579315185547,0.556822657585144,-0.31192347407341003,0.8830536007881165,0.3617750406265259,0.596120297908783,0.06803242862224579,0.9995014667510986,0.30448102951049805,0.5869798064231873,-0.06801020354032516,0.9996680617332458,0.39264822006225586,0.6616085171699524,-0.06933706253767014,0.701035737991333,0.311830997467041,0.6676419377326965,-0.20844444632530212,0.9593635201454163,0.3654598295688629,0.7257093191146851,-0.015688611194491386,0.7290915250778198,0.3369854986667633,0.7605149149894714,-0.17088651657104492,0.9553113579750061,0.34543317556381226,0.7340957522392273,-0.016010530292987823,0.6806753277778625,0.33381637930870056,0.7724863886833191,-0.17150022089481354,0.8777051568031311,0.3966894745826721,0.757571816444397,-0.133853018283844,0.794044554233551,0.3666516840457916,0.7919002175331116,-0.3202063739299774,0.9442168474197388
78,0.46010908484458923,0.50096195936203,-0.11038895696401596,0.9987504482269287,0.46724992990493774,0.49670925736427307,-0.08561669290065765,0.9986890554428101,0.4690495431423187,0.4974014461040497,-0.08567655831575394,0.9984900951385498,0.4707535207271576,0.4979548454284668,-0.08573459833860397,0.9986559748649597,0.46012118458747864,0.49325576424598694,-0.10174605250358582,0.9985597729682922,0.4569258987903595,0.4914902150630951,-0.10182719677686691,0.9982947111129761,0.45345333218574524,0.4896221160888672,-0.10181356966495514,0.9986143112182617,0.4649910032749176,0.4971342980861664,0.04987815394997597,0.9976349472999573,0.4390414357185364,0.4861547350883484,-0.023069221526384354,0.9983317852020264,0.45486801862716675,0.50615394115448,-0.05621258169412613,0.9986526370048523,0.4457508325576782,0.5032287240028381,-0.07804250717163086,0.9990729093551636,0.4530011713504791,0.5302771329879761,0.10980745404958725,0.9995216727256775,0.36028751730918884,0.5015696287155151,-0.026555193588137627,0.9997947216033936,0.4184979498386383,0.5610541701316833,0.004635786172002554,0.5617711544036865,0.3153764009475708,0.5347017645835876,-0.15991458296775818,0.9732454419136047,0.3458181917667389,0.5466368794441223,-0.2006397396326065,0.5271315574645996,0.3158501088619232,0.5396425724029541,-0.3409577012062073,0.9450222253799438,0.32579731941223145,0.544713020324707,-0.2444535195827484,0.45853787660598755,0.310842901468277,0.5407015681266785,-0.3928198218345642,0.9138219952583313,0.32721954584121704,0.5384894013404846,-0.233146071434021,0.45951947569847107,0.31997042894363403,0.5371949672698975,-0.39446067810058594,0.9124822616577148,0.33519911766052246,0.5366854071617126,-0.20170263946056366,0.45897603034973145,0.3234240710735321,0.5367281436920166,-0.3457716405391693,0.8843424320220947,0.35981062054634094,0.5973693132400513,0.06185866519808769,0.9994947910308838,0.3024393618106842,0.5857980251312256,-0.06181121990084648,0.9996650815010071,0.38666412234306335,0.6663411855697632,-0.024061931297183037,0.7198397517204285,0.3172750473022461,0.6691474318504333,-0.16614653170108795,0.9591995477676392,0.36126819252967834,0.7277064919471741,0.058220360428094864,0.738228976726532,0.33736371994018555,0.7583335041999817,-0.12244409322738647,0.9557716250419617,0.33816948533058167,0.7340984344482422,0.060172319412231445,0.6833112239837646,0.3343980014324188,0.7703481912612915,-0.12312164157629013,0.8738610148429871,0.39294740557670593,0.7493759989738464,-0.05731099843978882,0.7988821268081665,0.3673635423183441,0.787872314453125,-0.27562814950942993,0.9439931511878967
79,0.4616912603378296,0.5006162524223328,-0.06059853732585907,0.9986974596977234,0.46760836243629456,0.49574264883995056,-0.037201303988695145,0.9986389875411987,0.468940407037735,0.4962250888347626,-0.037241630256175995,0.9984086155891418,0.47017329931259155,0.4965650141239166,-0.037275880575180054,0.9985721111297607,0.4615561068058014,0.49262532591819763,-0.051627714186906815,0.9985243678092957,0.45860815048217773,0.49097007513046265,-0.05168495699763298,0.9982452392578125,0.45500972867012024,0.4891257882118225,-0.05166758969426155,0.9985833764076233,0.46380409598350525,0.4952288269996643,0.08613980561494827,0.9975664019584656,0.4389688968658447,0.4852345585823059,0.020892536267638206,0.998306155204773,0.45509499311447144,0.5055081248283386,-0.011398309841752052,0.9985626935958862,0.4470404386520386,0.5027895569801331,-0.031034434214234352,0.9990633726119995,0.45426326990127563,0.5260953307151794,0.12310358881950378,0.9995279908180237,0.36185595393180847,0.49904778599739075,0.012116559781134129,0.9998086094856262,0.4093073010444641,0.5511105060577393,0.023603230714797974,0.5926283001899719,0.313138484954834,0.5233365297317505,-0.12623733282089233,0.9736542701721191,0.33455005288124084,0.5311160683631897,-0.14128068089485168,0.5617724061012268,0.3054310977458954,0.5274561047554016,-0.31262439489364624,0.9483839273452759,0.313742995262146,0.5273880362510681,-0.18025906383991241,0.4915570914745331,0.29958221316337585,0.5253294706344604,-0.36441200971603394,0.9190387725830078,0.3189673125743866,0.5208017826080322,-0.16846439242362976,0.49134302139282227,0.3123463988304138,0.5203225612640381,-0.3609715700149536,0.9178584814071655,0.3223336935043335,0.5196266770362854,-0.14085273444652557,0.4882078766822815,0.3154469132423401,0.5203953981399536,-0.31596580147743225,0.891674816608429,0.3625662922859192,0.599811315536499,0.05729301646351814,0.9995279312133789,0.3038122057914734,0.5875630974769592,-0.057305216789245605,0.9996905326843262,0.3921336531639099,0.6668885946273804,-0.022374117746949196,0.7369681596755981,0.3118578791618347,0.6695331931114197,-0.18952693045139313,0.9591296911239624,0.3734762370586395,0.7240040302276611,0.10309546440839767,0.7416184544563293,0.3400256633758545,0.758717954158783,-0.12891605496406555,0.9559754133224487,0.3560745418071747,0.7307943105697632,0.11114156991243362,0.678538978099823,0.33899661898612976,0.7697437405586243,-0.12698906660079956,0.8666706681251526,0.40481218695640564,0.7454803586006165,0.018681561574339867,0.8012988567352295,0.36824172735214233,0.7885118722915649,-0.2645569145679474,0.944068193435669
80,0.4592781662940979,0.5004507303237915,-0.043207794427871704,0.9987592101097107,0.4659346044063568,0.4958828091621399,-0.02131161279976368,0.9987080693244934,0.4674561023712158,0.4964624345302582,-0.021317586302757263,0.9984803199768066,0.4688810110092163,0.49691155552864075,-0.02131292037665844,0.9986330270767212,0.45933669805526733,0.49241742491722107,-0.027951769530773163,0.9986085295677185,0.4564043879508972,0.49060124158859253,-0.02802061103284359,0.9983457326889038,0.4527626931667328,0.4885551631450653,-0.0279844980686903,0.9986687302589417,0.4637582302093506,0.4959043264389038,0.09336861222982407,0.9976966977119446,0.43787357211112976,0.4847230017185211,0.06475097686052322,0.9984029531478882,0.45353418588638306,0.5052159428596497,0.0015511640813201666,0.9985852241516113,0.4452700614929199,0.5020605325698853,-0.007500632666051388,0.9990994930267334,0.45355600118637085,0.5267359018325806,0.11436041444540024,0.9995245933532715,0.35963717103004456,0.5001742243766785,0.07175736874341965,0.9998214244842529,0.4039798378944397,0.5383259057998657,0.005577091593295336,0.6229560375213623,0.29584842920303345,0.5316428542137146,-0.06362348049879074,0.9742113351821899,0.3279156982898712,0.5107289552688599,-0.13521091639995575,0.5941574573516846,0.3071446716785431,0.5071637034416199,-0.26485350728034973,0.951755940914154,0.3117917478084564,0.5009533762931824,-0.17393024265766144,0.5229565501213074,0.30215105414390564,0.49825066328048706,-0.30870288610458374,0.9241142868995667,0.31602585315704346,0.49639615416526794,-0.1569616049528122,0.5212262272834778,0.31008273363113403,0.4950658977031708,-0.3057635724544525,0.9229871034622192,0.31885385513305664,0.4984494149684906,-0.1319420337677002,0.51545250415802,0.3136758804321289,0.4977783262729645,-0.26835528016090393,0.8986176252365112,0.3620840609073639,0.6020915508270264,0.03979096561670303,0.9995508193969727,0.30263179540634155,0.5893500447273254,-0.039846040308475494,0.9997084140777588,0.3871409595012665,0.6693356037139893,-0.06562256813049316,0.7570196986198425,0.3135305345058441,0.671146810054779,-0.13811631500720978,0.9603884220123291,0.3591610789299011,0.736818253993988,0.019744664430618286,0.7568507790565491,0.34734046459198,0.7612913250923157,-0.090796560049057,0.9574876427650452,0.341124951839447,0.744441568851471,0.022480003535747528,0.6862718462944031,0.34514978528022766,0.7730376124382019,-0.090690016746521,0.8641563653945923,0.388272762298584,0.7692220211029053,-0.08836699277162552,0.8119068741798401,0.3748193383216858,0.7907997965812683,-0.23176108300685883,0.9455114603042603
81,0.452775239944458,0.4987856149673462,-0.14110620319843292,0.9988599419593811,0.4602493643760681,0.4942430853843689,-0.11978495866060257,0.9988119602203369,0.4619765281677246,0.4949812591075897,-0.11977779120206833,0.998598575592041,0.4637209177017212,0.4956763982772827,-0.11970444023609161,0.9987356066703796,0.45344603061676025,0.49065545201301575,-0.12466676533222198,0.9987246990203857,0.4503737986087799,0.48889458179473877,-0.12474411725997925,0.9984843134880066,0.44635364413261414,0.486831396818161,-0.12471257150173187,0.9987813830375671,0.4588105082511902,0.4952521026134491,0.0013101128861308098,0.9978730082511902,0.43146610260009766,0.48380520939826965,-0.018308209255337715,0.9985330104827881,0.4471055567264557,0.5038892030715942,-0.09340928494930267,0.9986677169799805,0.43840736150741577,0.5006554126739502,-0.0997314602136612,0.9991600513458252,0.45214274525642395,0.5267882943153381,0.027949882671236992,0.9995046854019165,0.3493674099445343,0.4991890490055084,1.2713661817542743e-05,0.9998272657394409,0.3930480182170868,0.526767909526825,-0.10456439107656479,0.6561107635498047,0.2872498631477356,0.5307179093360901,-0.17567089200019836,0.9754438400268555,0.32678404450416565,0.4920496940612793,-0.23930853605270386,0.628038763999939,0.3033410608768463,0.4925176203250885,-0.37660446763038635,0.9554548859596252,0.30942660570144653,0.48091256618499756,-0.2792447507381439,0.5569122433662415,0.2965574562549591,0.47960808873176575,-0.41779202222824097,0.9293165802955627,0.3136645257472992,0.47653430700302124,-0.25742077827453613,0.55375075340271,0.30312445759773254,0.4757899343967438,-0.40925073623657227,0.9280816912651062,0.3189969062805176,0.4802459180355072,-0.23437762260437012,0.5456677079200745,0.30737799406051636,0.4810803532600403,-0.3777165710926056,0.9052320718765259,0.3644268214702606,0.6029943823814392,0.02761734649538994,0.9995600581169128,0.30084818601608276,0.5904749035835266,-0.027553590014576912,0.9997158050537109,0.383664608001709,0.6662703156471252,-0.15868213772773743,0.7742949724197388,0.31469598412513733,0.67021244764328,-0.18492010235786438,0.9604132175445557,0.3636710047721863,0.7366631031036377,-0.10567502677440643,0.7679118514060974,0.3527143895626068,0.760974109172821,-0.1561007797718048,0.9565889835357666,0.3484306335449219,0.7450287938117981,-0.1052362471818924,0.6889795064926147,0.3508841097354889,0.7729541063308716,-0.15715762972831726,0.8561141490936279,0.3861391544342041,0.7665674686431885,-0.2263784408569336,0.8184540271759033,0.3601202070713043,0.7816211581230164,-0.30340665578842163,0.9436747431755066
82,0.45610058307647705,0.4995204508304596,-0.16858290135860443,0.9989231824874878,0.46302860975265503,0.4945584833621979,-0.1454939991235733,0.998883843421936,0.46458443999290466,0.4951508343219757,-0.14550931751728058,0.9986653327941895,0.466039776802063,0.495624840259552,-0.14547525346279144,0.9987919926643372,0.45667460560798645,0.49142131209373474,-0.1591782122850418,0.9988082647323608,0.45369672775268555,0.4897485077381134,-0.1592438519001007,0.9985801577568054,0.4498070180416107,0.4876992106437683,-0.15922439098358154,0.9988634586334229,0.45909231901168823,0.4944598972797394,-0.011667556129395962,0.9979761838912964,0.43253952264785767,0.48389431834220886,-0.07154226303100586,0.9986239671707153,0.44970232248306274,0.504413366317749,-0.11494837701320648,0.998682975769043,0.4417937397956848,0.5016452074050903,-0.13297662138938904,0.9991872906684875,0.4427661895751953,0.5211367011070251,0.03101210482418537,0.9994021654129028,0.3462173342704773,0.49800583720207214,-0.06381577253341675,0.9998086094856262,0.38947296142578125,0.5170571804046631,-0.09221512079238892,0.6827296018600464,0.2905617952346802,0.5254740118980408,-0.24616852402687073,0.9766510725021362,0.32329997420310974,0.47788533568382263,-0.2327045202255249,0.6556684970855713,0.3101603090763092,0.47926026582717896,-0.4055735170841217,0.9587286114692688,0.3118067979812622,0.4641325771808624,-0.27083897590637207,0.5825700759887695,0.30696025490760803,0.4645191431045532,-0.44443970918655396,0.9337983131408691,0.3160054385662079,0.4606480002403259,-0.24694259464740753,0.5777634978294373,0.31098946928977966,0.46116554737091064,-0.43403828144073486,0.932396650314331,0.32049351930618286,0.46429717540740967,-0.2275366187095642,0.5676697492599487,0.3153347074985504,0.46588134765625,-0.4044828414916992,0.9106957912445068,0.36302000284194946,0.6044928431510925,0.048369232565164566,0.999533474445343,0.30131959915161133,0.5943470001220703,-0.048291608691215515,0.9996955990791321,0.3874756991863251,0.6659022569656372,-0.13693034648895264,0.7924553155899048,0.313265323638916,0.6699955463409424,-0.195551797747612,0.9626595377922058,0.3539540469646454,0.7350853681564331,-0.041234228760004044,0.7823514938354492,0.3516935110092163,0.7559635043144226,-0.13796210289001465,0.9586191773414612,0.333092600107193,0.7423335909843445,-0.036187514662742615,0.698884904384613,0.36465343832969666,0.7735103964805603,-0.13679707050323486,0.8563762307167053,0.3838427662849426,0.7675293684005737,-0.15456320345401764,0.8282858729362488,0.3944026231765747,0.790183424949646,-0.2919312119483948,0.9453061819076538
83,0.4547162353992462,0.4983460307121277,-0.22380079329013824,0.9988396167755127,0.46200042963027954,0.4934326708316803,-0.20406877994537354,0.9988193511962891,0.4640182852745056,0.4940524101257324,-0.20411920547485352,0.9985628724098206,0.46586981415748596,0.49457064270973206,-0.20413708686828613,0.9986845850944519,0.4548504650592804,0.4904581904411316,-0.2111247181892395,0.9987226724624634,0.451660692691803,0.4888831079006195,-0.2111879289150238,0.9984596967697144,0.4480685293674469,0.4871051609516144,-0.2112099975347519,0.9987735152244568,0.460675448179245,0.4938056766986847,-0.07653530687093735,0.997728168964386,0.43582552671432495,0.48424214124679565,-0.10697939246892929,0.9984799027442932,0.4505747854709625,0.5039297938346863,-0.17211373150348663,0.9981979131698608,0.44170957803726196,0.5010491609573364,-0.18163371086120605,0.9989055395126343,0.44901660084724426,0.5233820676803589,-0.04356241226196289,0.9988099336624146,0.3547399938106537,0.49666255712509155,-0.07840435206890106,0.999614417552948,0.39403507113456726,0.51004558801651,-0.19525973498821259,0.7102957963943481,0.29838913679122925,0.510371744632721,-0.2297878861427307,0.9760075807571411,0.33554401993751526,0.4681318402290344,-0.35810330510139465,0.6849684119224548,0.3079443871974945,0.473197877407074,-0.409808486700058,0.959247350692749,0.3228265941143036,0.45246970653533936,-0.4084393382072449,0.6147897839546204,0.3119073212146759,0.45627084374427795,-0.4580792486667633,0.9336299896240234,0.3295580744743347,0.44953086972236633,-0.38704657554626465,0.6095702648162842,0.316594660282135,0.4544939398765564,-0.4561459720134735,0.9321851134300232,0.33021482825279236,0.4552062451839447,-0.35512247681617737,0.5981692671775818,0.3174097239971161,0.45877283811569214,-0.41468361020088196,0.9112821817398071,0.3650068938732147,0.6047708988189697,0.04149332642555237,0.9993879795074463,0.3033126890659332,0.5944618582725525,-0.04145146161317825,0.9995549321174622,0.3896625339984894,0.6653348207473755,-0.09302430599927902,0.8060796856880188,0.3122056722640991,0.6741825342178345,-0.15174934267997742,0.962679922580719,0.35735923051834106,0.7344745397567749,0.019258346408605576,0.7935290336608887,0.35041913390159607,0.7580872178077698,-0.05185897648334503,0.9575214982032776,0.33777281641960144,0.7421952486038208,0.026195703074336052,0.7055363655090332,0.3534548878669739,0.7687641978263855,-0.04686800390481949,0.8461855053901672,0.388626366853714,0.7647574543952942,-0.09594406932592392,0.8349433541297913,0.3651932179927826,0.7808648943901062,-0.2029779851436615,0.9423859715461731
84,0.4545723497867584,0.4967809319496155,-0.19584891200065613,0.9989234209060669,0.4618939757347107,0.4918989837169647,-0.17146368324756622,0.9989088773727417,0.46411603689193726,0.49265986680984497,-0.1714889258146286,0.9986661076545715,0.46611487865448,0.4932589828968048,-0.17146846652030945,0.9987775683403015,0.4537988305091858,0.4885346293449402,-0.18248434364795685,0.9988164901733398,0.4498823583126068,0.48686301708221436,-0.1825302541255951,0.9985679388046265,0.4458868205547333,0.485237717628479,-0.18251290917396545,0.9988606572151184,0.4605526924133301,0.4927041232585907,-0.029908889904618263,0.9978801012039185,0.4293956756591797,0.48254939913749695,-0.07885602116584778,0.9985842108726501,0.4500168263912201,0.5022814273834229,-0.13992078602313995,0.9982718825340271,0.44010624289512634,0.4990899860858917,-0.1547532081604004,0.9989534616470337,0.4494170546531677,0.5221333503723145,0.008973016403615475,0.99858558177948,0.35829511284828186,0.496180921792984,-0.0624835342168808,0.9995377659797668,0.3994162976741791,0.5064036846160889,-0.12424840778112411,0.7343190908432007,0.29215386509895325,0.5004571676254272,-0.21010452508926392,0.9772083759307861,0.33866214752197266,0.462581992149353,-0.27384239435195923,0.7101904153823853,0.31984999775886536,0.4583189785480499,-0.36254024505615234,0.9614372253417969,0.3292643427848816,0.44850102066993713,-0.31961727142333984,0.6417546272277832,0.3181666135787964,0.4444660544395447,-0.4068666398525238,0.9361143112182617,0.33358466625213623,0.4449682831764221,-0.298002690076828,0.6358976364135742,0.3228558897972107,0.44384831190109253,-0.39930054545402527,0.9346289038658142,0.33722034096717834,0.45143741369247437,-0.27049174904823303,0.6233429312705994,0.32492390275001526,0.44952237606048584,-0.36397844552993774,0.9149860143661499,0.3624918758869171,0.6061796545982361,0.04740641266107559,0.9993336796760559,0.3017348349094391,0.5962353944778442,-0.047326330095529556,0.9995113611221313,0.3869730532169342,0.671505868434906,-0.10374026745557785,0.8202627301216125,0.3117436170578003,0.6774571537971497,-0.1830773949623108,0.964282751083374,0.35638561844825745,0.7362849116325378,0.014825197868049145,0.8052165508270264,0.34781092405319214,0.7597194910049438,-0.0829954668879509,0.9588110446929932,0.33584916591644287,0.7428825497627258,0.022596580907702446,0.714187502861023,0.36437925696372986,0.7733411192893982,-0.07728778570890427,0.8453918099403381,0.3862564265727997,0.7687286734580994,-0.09717970341444016,0.8421631455421448,0.3697138726711273,0.7867031097412109,-0.23086799681186676,0.9427027702331543
85,0.45235708355903625,0.49431169033050537,-0.19521774351596832,0.9989930987358093,0.4589480757713318,0.48926275968551636,-0.17136941850185394,0.9989862442016602,0.4611951410770416,0.4898937940597534,-0.1713935285806656,0.9987531304359436,0.46329155564308167,0.49041256308555603,-0.17137376964092255,0.9988600015640259,0.45014405250549316,0.4862651824951172,-0.17743214964866638,0.9988934993743896,0.44688087701797485,0.4850468337535858,-0.1774834394454956,0.9986503720283508,0.4429623782634735,0.48357534408569336,-0.17747387290000916,0.9989299178123474,0.4583047330379486,0.4902378022670746,-0.03379233554005623,0.9979987144470215,0.4261219799518585,0.4812847375869751,-0.060652025043964386,0.9986578226089478,0.4480170011520386,0.5004607439041138,-0.14151163399219513,0.9983105063438416,0.43814805150032043,0.49715858697891235,-0.1498582810163498,0.9989692568778992,0.4495900571346283,0.5213645696640015,-0.004096002317965031,0.998223602771759,0.35685306787490845,0.49614769220352173,-0.0348452627658844,0.999386727809906,0.4037734568119049,0.5075945258140564,-0.1406203955411911,0.753471314907074,0.29208970069885254,0.4959920346736908,-0.17057392001152039,0.9780402183532715,0.3468737006187439,0.45802223682403564,-0.2836504280567169,0.7296242713928223,0.32790398597717285,0.45019271969795227,-0.32599973678588867,0.9629285335540771,0.3421540856361389,0.4467797875404358,-0.33049625158309937,0.6613776683807373,0.32928386330604553,0.43813836574554443,-0.36859703063964844,0.9376744031906128,0.34591004252433777,0.44469770789146423,-0.30927765369415283,0.6547989845275879,0.332326740026474,0.43882811069488525,-0.3611561954021454,0.9361410737037659,0.34552690386772156,0.449273020029068,-0.28029587864875793,0.641422688961029,0.3330041468143463,0.4411775767803192,-0.3279845714569092,0.917633056640625,0.3651905059814453,0.6067966222763062,0.03454120457172394,0.9992826581001282,0.3028610050678253,0.5973742604255676,-0.034556400030851364,0.9994585514068604,0.38639912009239197,0.6700628399848938,-0.10773023217916489,0.8323748707771301,0.3105332553386688,0.6738793849945068,-0.1652919352054596,0.964773952960968,0.36129507422447205,0.7334873080253601,0.010036340914666653,0.8147290945053101,0.34789058566093445,0.7539703249931335,-0.03719864413142204,0.9570786952972412,0.3379080295562744,0.7454860806465149,0.017795046791434288,0.7187866568565369,0.3628047704696655,0.7677411437034607,-0.028062162920832634,0.8354874849319458,0.38450321555137634,0.770104169845581,-0.10280498117208481,0.8475199937820435,0.3613247573375702,0.7816805243492126,-0.16860276460647583,0.9392135739326477
86,0.4538014531135559,0.49348264932632446,-0.20813299715518951,0.9990648031234741,0.45995792746543884,0.48837995529174805,-0.18265488743782043,0.9990574717521667,0.46190345287323,0.4889976382255554,-0.18268419802188873,0.9988309144973755,0.463666170835495,0.48949524760246277,-0.18264634907245636,0.9989349246025085,0.45244085788726807,0.48545798659324646,-0.19199471175670624,0.9989714622497559,0.448439359664917,0.48376187682151794,-0.19205452501773834,0.9987392425537109,0.4449353814125061,0.48235023021698,-0.19206573069095612,0.9990055561065674,0.4577566385269165,0.4889815151691437,-0.03833361715078354,0.998106062412262,0.42848047614097595,0.4802730977535248,-0.0810365229845047,0.9987500309944153,0.4488111138343811,0.49966704845428467,-0.15223927795886993,0.9983752369880676,0.43955838680267334,0.4964681565761566,-0.1651400625705719,0.9990198612213135,0.45014822483062744,0.5206413865089417,0.007175377104431391,0.9978930354118347,0.3613227605819702,0.49454182386398315,-0.06544079631567001,0.999372661113739,0.40462881326675415,0.5158898830413818,-0.13347744941711426,0.7715544700622559,0.28985682129859924,0.4911326467990875,-0.23094457387924194,0.9796673059463501,0.3533592224121094,0.4595211148262024,-0.29820334911346436,0.7496265172958374,0.3333025574684143,0.4520595371723175,-0.4082241654396057,0.9655694961547852,0.34697097539901733,0.44828513264656067,-0.3465763330459595,0.6824215650558472,0.3342359662055969,0.4399653971195221,-0.45933523774147034,0.941285252571106,0.3523094058036804,0.4462861716747284,-0.32906728982925415,0.6755462884902954,0.33874350786209106,0.4412366449832916,-0.4456973969936371,0.9397562146186829,0.35190415382385254,0.4515445828437805,-0.29751381278038025,0.6621142625808716,0.3394005596637726,0.4441715180873871,-0.40862220525741577,0.9225755929946899,0.3641987144947052,0.606658399105072,0.0518951453268528,0.9992151856422424,0.30234983563423157,0.5973497033119202,-0.05190449208021164,0.9994156956672668,0.39120104908943176,0.6691062450408936,-0.06385765224695206,0.8433840274810791,0.30970844626426697,0.6793596744537354,-0.15095020830631256,0.9661895632743835,0.36009013652801514,0.7348726391792297,0.04479808732867241,0.8252585530281067,0.3407071530818939,0.7643353343009949,-0.0487278588116169,0.9580284357070923,0.3346487879753113,0.745677649974823,0.050574615597724915,0.7261508703231812,0.3427848219871521,0.774868905544281,-0.044029880315065384,0.8297664523124695,0.3945489227771759,0.7703985571861267,-0.07278577983379364,0.8545296788215637,0.3596123456954956,0.7836571931838989,-0.20319917798042297,0.9395122528076172
87,0.4534733295440674,0.4926122725009918,-0.31403908133506775,0.9991242289543152,0.4600051939487457,0.4879649579524994,-0.2885958254337311,0.9991087913513184,0.46196237206459045,0.48864609003067017,-0.28865230083465576,0.998884916305542,0.4636674225330353,0.48916590213775635,-0.28862959146499634,0.9989908337593079,0.4528033137321472,0.48471224308013916,-0.29835501313209534,0.9990279674530029,0.4499388039112091,0.4832324981689453,-0.29843980073928833,0.9988006949424744,0.44669508934020996,0.481541246175766,-0.29846251010894775,0.9990622997283936,0.45804864168167114,0.4882390797138214,-0.13193324208259583,0.9981637001037598,0.43082594871520996,0.4790070950984955,-0.17582610249519348,0.9988166689872742,0.44775518774986267,0.4982016682624817,-0.25224748253822327,0.998423159122467,0.43967369198799133,0.49480167031288147,-0.26536130905151367,0.9990653395652771,0.45172691345214844,0.5172064900398254,-0.06955721229314804,0.9977096915245056,0.3620954155921936,0.4919504225254059,-0.14094573259353638,0.999374508857727,0.3999132513999939,0.512535035610199,-0.20646022260189056,0.7889484763145447,0.28895050287246704,0.48735278844833374,-0.31373926997184753,0.9811744093894958,0.35116252303123474,0.4566405713558197,-0.3724193572998047,0.7666767835617065,0.3391607999801636,0.44916149973869324,-0.4887077510356903,0.967443585395813,0.345291405916214,0.4469091594219208,-0.42582619190216064,0.6986550092697144,0.34004855155944824,0.4400341212749481,-0.5437414646148682,0.942965567111969,0.35061654448509216,0.4455144703388214,-0.41087040305137634,0.6911425590515137,0.34764593839645386,0.4427731931209564,-0.5269895792007446,0.9413084387779236,0.34976431727409363,0.4503592550754547,-0.3727503716945648,0.676380455493927,0.3464028835296631,0.4478004574775696,-0.48813092708587646,0.9248647689819336,0.3650684058666229,0.6051701903343201,0.05293701961636543,0.9991253018379211,0.30195701122283936,0.5951483845710754,-0.05294693633913994,0.9993590712547302,0.3908824920654297,0.6670719981193542,-0.12513065338134766,0.8543451428413391,0.3106304407119751,0.6754449009895325,-0.21168434619903564,0.9675936102867126,0.35872676968574524,0.7342073321342468,0.014435641467571259,0.8351330161094666,0.3638205826282501,0.7621108889579773,-0.07517250627279282,0.9589043855667114,0.3360421359539032,0.741736650466919,0.023554036393761635,0.7341805100440979,0.36876052618026733,0.7733023166656494,-0.06653275340795517,0.8267564177513123,0.3947778642177582,0.7655323147773743,-0.10693717747926712,0.8612753748893738,0.3937761187553406,0.790934681892395,-0.23310717940330505,0.9398569464683533
88,0.45538580417633057,0.4936111271381378,-0.20244422554969788,0.9991521835327148,0.4592079818248749,0.48807859420776367,-0.17599144577980042,0.9991357922554016,0.4607616364955902,0.48818841576576233,-0.17603477835655212,0.9988935589790344,0.4621237516403198,0.48817986249923706,-0.17603760957717896,0.999006986618042,0.45240241289138794,0.4861503541469574,-0.196782648563385,0.9990696310997009,0.4491296410560608,0.4848523437976837,-0.196912482380867,0.9988449811935425,0.44499674439430237,0.4832051694393158,-0.19698861241340637,0.9991090297698975,0.45449697971343994,0.48697003722190857,-0.031610943377017975,0.9981642365455627,0.4289383590221405,0.47957757115364075,-0.12634676694869995,0.9988777041435242,0.45025771856307983,0.4981667697429657,-0.144938126206398,0.9983758926391602,0.44160884618759155,0.4965377748012543,-0.1729646623134613,0.9990777969360352,0.4504465162754059,0.5135427117347717,0.03903404623270035,0.9971588253974915,0.36786597967147827,0.4904678761959076,-0.13928548991680145,0.9993802905082703,0.3923656940460205,0.49851512908935547,-0.014356745406985283,0.7761684060096741,0.3004339635372162,0.4773101508617401,-0.3021894693374634,0.9822995066642761,0.3595355749130249,0.4553479552268982,-0.10846539586782455,0.7543871402740479,0.3465864062309265,0.4492059350013733,-0.42211729288101196,0.9681873321533203,0.35183185338974,0.4451057016849518,-0.13757362961769104,0.6825558543205261,0.34594783186912537,0.4412451982498169,-0.47083359956741333,0.9429070353507996,0.3553726077079773,0.44647759199142456,-0.13829749822616577,0.6744561791419983,0.35326653718948364,0.44436877965927124,-0.4467906653881073,0.9409260749816895,0.3552582859992981,0.45129862427711487,-0.11345183849334717,0.6604018211364746,0.35273194313049316,0.4488201439380646,-0.4159080386161804,0.9247428774833679,0.36500728130340576,0.605522096157074,0.07609082013368607,0.9990909099578857,0.303557813167572,0.5959672331809998,-0.07612323760986328,0.9993702173233032,0.3905121982097626,0.6668556928634644,-0.039654966443777084,0.8569658994674683,0.309620201587677,0.678955078125,-0.17882488667964935,0.9683716893196106,0.36296746134757996,0.7320938110351562,0.10854337364435196,0.8372262716293335,0.33865857124328613,0.7577184438705444,-0.07315200567245483,0.95963054895401,0.3327867090702057,0.7378308773040771,0.11932358890771866,0.7372255325317383,0.3417031466960907,0.7707715630531311,-0.06812342256307602,0.8261921405792236,0.39536190032958984,0.7636759877204895,0.015091768465936184,0.8631452918052673,0.3641764223575592,0.7846402525901794,-0.224699005484581,0.9407365918159485
89,0.4551815986633301,0.49248430132865906,-0.230372354388237,0.9991851449012756,0.4606125056743622,0.4874385595321655,-0.2047874480485916,0.9991621971130371,0.4626274108886719,0.4882853329181671,-0.20483998954296112,0.9989061951637268,0.4650268256664276,0.4887021481990814,-0.20485974848270416,0.9990212321281433,0.4523623585700989,0.4849887788295746,-0.22202837467193604,0.999108076095581,0.4488638937473297,0.4836861789226532,-0.22215040028095245,0.9988856315612793,0.4444316327571869,0.48207104206085205,-0.2222355306148529,0.9991501569747925,0.4569506347179413,0.48746195435523987,-0.06017971783876419,0.9981673955917358,0.42902156710624695,0.47911861538887024,-0.14067809283733368,0.9989299774169922,0.4505223333835602,0.49752140045166016,-0.1730186492204666,0.9983645677566528,0.4411117136478424,0.49507713317871094,-0.19689108431339264,0.9991154670715332,0.4528692364692688,0.5154383182525635,0.007940351031720638,0.9968246221542358,0.3676404654979706,0.48993268609046936,-0.14278972148895264,0.9994072914123535,0.39423519372940063,0.50668865442276,-0.0711250975728035,0.7691087126731873,0.301284521818161,0.47739842534065247,-0.29860320687294006,0.9832459688186646,0.3569338619709015,0.46195265650749207,-0.18189354240894318,0.7459383010864258,0.3489120602607727,0.4580792784690857,-0.41093266010284424,0.9678385257720947,0.33586108684539795,0.4587508738040924,-0.21381385624408722,0.6701807975769043,0.3477095663547516,0.45393821597099304,-0.45594310760498047,0.940032958984375,0.34028172492980957,0.45789197087287903,-0.20753373205661774,0.6610646843910217,0.35331836342811584,0.4592202603816986,-0.4318242073059082,0.9373975992202759,0.35146886110305786,0.45896825194358826,-0.1835324466228485,0.646037757396698,0.35723450779914856,0.4596607983112335,-0.4045519530773163,0.9208956956863403,0.367107093334198,0.6055697798728943,0.07593166083097458,0.9990121722221375,0.3036043643951416,0.5967015027999878,-0.07593264430761337,0.9993774890899658,0.39481163024902344,0.6679617166519165,0.01757209748029709,0.8603873252868652,0.31059250235557556,0.680264413356781,-0.2023235410451889,0.9703006148338318,0.3695893883705139,0.7273799777030945,0.23286564648151398,0.840002715587616,0.34231868386268616,0.7624427676200867,-0.08202230930328369,0.9621111154556274,0.3420495092868805,0.7293291687965393,0.25012925267219543,0.7420545220375061,0.34265944361686707,0.772010862827301,-0.07609499245882034,0.8319578170776367,0.41309529542922974,0.7527357935905457,0.15074791014194489,0.8656851649284363,0.3618197739124298,0.7857995629310608,-0.24810479581356049,0.9440338611602783
90,0.4445975124835968,0.49083784222602844,-0.2674466669559479,0.9991835355758667,0.453198105096817,0.4876873791217804,-0.24443534016609192,0.999136209487915,0.45612913370132446,0.4884893000125885,-0.24449801445007324,0.9988568425178528,0.45881369709968567,0.4891519844532013,-0.2445012927055359,0.9989948272705078,0.4441359043121338,0.48395106196403503,-0.2459108978509903,0.9990767240524292,0.4397517144680023,0.48223403096199036,-0.24596843123435974,0.9988256096839905,0.43607982993125916,0.48063477873802185,-0.2460026741027832,0.9991191625595093,0.45685234665870667,0.4892253875732422,-0.10543324798345566,0.9980159997940063,0.4246470332145691,0.4788704812526703,-0.11332019418478012,0.9988498687744141,0.44053950905799866,0.4969698488712311,-0.21315637230873108,0.9981844425201416,0.42955508828163147,0.493140310049057,-0.21599772572517395,0.9990463852882385,0.4582889676094055,0.5185701847076416,-0.07172583788633347,0.9963005185127258,0.36800193786621094,0.49146705865859985,-0.07602304965257645,0.9993125796318054,0.4131523668766022,0.51539546251297,-0.23447638750076294,0.7835159301757812,0.3058699369430542,0.47666704654693604,-0.23622499406337738,0.9830979108810425,0.3692602813243866,0.4635031521320343,-0.39836540818214417,0.7583889365196228,0.35566258430480957,0.45810621976852417,-0.3985932767391205,0.9651516079902649,0.35697782039642334,0.45229437947273254,-0.45159855484962463,0.6811411380767822,0.3565056324005127,0.45815765857696533,-0.44838136434555054,0.9322821497917175,0.36388322710990906,0.45529964566230774,-0.4319303035736084,0.6712259650230408,0.3675643503665924,0.45559388399124146,-0.42976096272468567,0.9289825558662415,0.3649830222129822,0.457459419965744,-0.39590004086494446,0.6546223163604736,0.36531949043273926,0.4595092236995697,-0.3979541063308716,0.9124174118041992,0.36769700050354004,0.6072600483894348,0.03621460869908333,0.998890221118927,0.3029491603374481,0.5970438718795776,-0.0363302119076252,0.9993153214454651,0.39147648215293884,0.6691845059394836,-0.05462309345602989,0.867271900177002,0.30935221910476685,0.6803389191627502,-0.13637763261795044,0.9708399772644043,0.3716655969619751,0.7305021286010742,0.1420818567276001,0.844895601272583,0.3407875597476959,0.7594844698905945,0.01700480282306671,0.9621548652648926,0.34943968057632446,0.7377399206161499,0.1568998098373413,0.7410751581192017,0.34378841519355774,0.7686984539031982,0.026552636176347733,0.8230746388435364,0.39915984869003296,0.7668542861938477,0.03321552276611328,0.8681380748748779,0.3541432321071625,0.7857092022895813,-0.1391727179288864,0.9433687329292297
91,0.4517578184604645,0.4917380213737488,-0.22820432484149933,0.9992151260375977,0.45744404196739197,0.48687800765037537,-0.2021697610616684,0.9991483092308044,0.46023714542388916,0.48741957545280457,-0.20219673216342926,0.9988605380058289,0.4623250365257263,0.4876909852027893,-0.20216059684753418,0.9990059733390808,0.4485709071159363,0.4843018352985382,-0.20513463020324707,0.9990946054458618,0.44560056924819946,0.48319995403289795,-0.205166757106781,0.9988425970077515,0.441954642534256,0.4819048047065735,-0.20517541468143463,0.9991366267204285,0.45750364661216736,0.4876718819141388,-0.058950796723365784,0.9979587197303772,0.4278583824634552,0.4798266291618347,-0.07394806295633316,0.9988484382629395,0.44752636551856995,0.4969623386859894,-0.17355526983737946,0.9981479644775391,0.4364471435546875,0.49424421787261963,-0.1783275008201599,0.9990346431732178,0.45800089836120605,0.5167182087898254,-0.02976015955209732,0.9958475828170776,0.3680797517299652,0.4912854731082916,-0.048604100942611694,0.9991849064826965,0.4167233407497406,0.5081201195716858,-0.19970819354057312,0.7992100119590759,0.3089749813079834,0.48197823762893677,-0.23349308967590332,0.9835891127586365,0.37512657046318054,0.4615844190120697,-0.3688616454601288,0.7729230523109436,0.36019665002822876,0.4583281874656677,-0.40234971046447754,0.9643036723136902,0.37054070830345154,0.4522361159324646,-0.41928860545158386,0.6958321332931519,0.3696218430995941,0.45344480872154236,-0.45161089301109314,0.9283642172813416,0.3713225722312927,0.45304569602012634,-0.40027564764022827,0.6855708360671997,0.37116795778274536,0.45521268248558044,-0.4305829107761383,0.9245643019676208,0.3721778690814972,0.4552796483039856,-0.36679887771606445,0.6683743596076965,0.3707466125488281,0.45724743604660034,-0.4008064270019531,0.9081766605377197,0.36694881319999695,0.605878472328186,0.039870843291282654,0.9988998174667358,0.3031017780303955,0.5954635739326477,-0.03998539596796036,0.9992982745170593,0.39292052388191223,0.6648579239845276,-0.19551415741443634,0.8758626580238342,0.3075302541255951,0.6748548746109009,-0.24534675478935242,0.9717699885368347,0.3660507798194885,0.735510528087616,-0.06895606219768524,0.8522869348526001,0.3399631381034851,0.7549551725387573,-0.12538494169712067,0.9614853262901306,0.34169360995292664,0.7424810528755188,-0.060523442924022675,0.7480056285858154,0.3415290415287018,0.7653825283050537,-0.11864479631185532,0.8166079521179199,0.39345860481262207,0.7632848620414734,-0.1936040073633194,0.8733423352241516,0.3512631058692932,0.7832696437835693,-0.28295350074768066,0.9423360824584961
92,0.4496450424194336,0.49336495995521545,-0.19782359898090363,0.9992329478263855,0.4565405249595642,0.4894079566001892,-0.17533934116363525,0.9991481900215149,0.45901599526405334,0.48982471227645874,-0.17535586655139923,0.9988508820533752,0.46130311489105225,0.49011313915252686,-0.1753310263156891,0.9990079998970032,0.4487984776496887,0.48608675599098206,-0.1750728040933609,0.9990941882133484,0.44424518942832947,0.4844977557659149,-0.17511337995529175,0.9988320469856262,0.44099822640419006,0.4831641912460327,-0.17511536180973053,0.9991363286972046,0.45937293767929077,0.4897046387195587,-0.0444321483373642,0.9978892207145691,0.4286380410194397,0.4806285798549652,-0.04552914574742317,0.9988126158714294,0.4451406002044678,0.49899232387542725,-0.1471959501504898,0.9980719685554504,0.4342096745967865,0.49603745341300964,-0.14802241325378418,0.9990002512931824,0.4602821469306946,0.5176523923873901,-0.028070559725165367,0.995635986328125,0.3723341226577759,0.4905397295951843,-0.008049254305660725,0.9991355538368225,0.42110881209373474,0.5037672519683838,-0.20027104020118713,0.8130043148994446,0.3113858699798584,0.48238182067871094,-0.17627359926700592,0.9832760095596313,0.3739793598651886,0.4643554389476776,-0.36732497811317444,0.7863968014717102,0.361438125371933,0.4600071609020233,-0.36136192083358765,0.9630348086357117,0.36580753326416016,0.4538674056529999,-0.42010653018951416,0.7100852131843567,0.35534098744392395,0.45805034041404724,-0.41183069348335266,0.9247002601623535,0.3730209171772003,0.4537367820739746,-0.40024635195732117,0.69966721534729,0.3736408054828644,0.4560575485229492,-0.3948379456996918,0.9206705093383789,0.3720040023326874,0.45801976323127747,-0.36465591192245483,0.6819256544113159,0.3706319034099579,0.4604209065437317,-0.36219358444213867,0.9047336578369141,0.36915600299835205,0.606596052646637,0.02648540772497654,0.9989128112792969,0.30518996715545654,0.5954207181930542,-0.026627618819475174,0.9993013143539429,0.39559945464134216,0.6658874750137329,-0.1444360464811325,0.881770670413971,0.31285881996154785,0.6803011298179626,-0.17716892063617706,0.9715137481689453,0.3709045648574829,0.7347361445426941,-0.030040917918086052,0.8574556112289429,0.34129372239112854,0.7625303268432617,-0.0702703669667244,0.960709273815155,0.35260459780693054,0.7418218851089478,-0.023533707484602928,0.7507076859474182,0.3613561689853668,0.7753990888595581,-0.06525979191064835,0.8113973736763,0.3966188430786133,0.7666532397270203,-0.15917758643627167,0.876646876335144,0.3623581528663635,0.78591388463974,-0.22946655750274658,0.9411721229553223
93,0.4519958794116974,0.49316921830177307,-0.2533942759037018,0.9991464018821716,0.45846399664878845,0.48996609449386597,-0.229568213224411,0.9990019798278809,0.4606010317802429,0.4906371235847473,-0.22961470484733582,0.9986367225646973,0.46258705854415894,0.49118295311927795,-0.22964242100715637,0.9988693594932556,0.450757771730423,0.48673534393310547,-0.23342257738113403,0.9989331960678101,0.4470705986022949,0.48463431000709534,-0.23348593711853027,0.9985947012901306,0.443592369556427,0.48314741253852844,-0.23352831602096558,0.9989913702011108,0.45854273438453674,0.4912886619567871,-0.0910414382815361,0.9974101781845093,0.4295993745326996,0.48179101943969727,-0.11095059663057327,0.9985185265541077,0.44688835740089417,0.49900123476982117,-0.19973070919513702,0.9975691437721252,0.4353012442588806,0.49482718110084534,-0.20592963695526123,0.9987749457359314,0.4583701193332672,0.5207244157791138,-0.05724121257662773,0.9945561289787292,0.36997535824775696,0.4930894672870636,-0.07082080096006393,0.9988908171653748,0.4120835065841675,0.5144451856613159,-0.1926051527261734,0.8185699582099915,0.32380974292755127,0.47189632058143616,-0.21485525369644165,0.9826461672782898,0.3735717535018921,0.4682331383228302,-0.345964252948761,0.7869617342948914,0.3595246970653534,0.46266454458236694,-0.34461718797683716,0.9565579295158386,0.36686182022094727,0.46438953280448914,-0.3979475796222687,0.7078089118003845,0.36102861166000366,0.46598923206329346,-0.3876477777957916,0.9105472564697266,0.3667100667953491,0.45932960510253906,-0.3819754123687744,0.6965976357460022,0.3725011348724365,0.4699785113334656,-0.3714716136455536,0.9058727025985718,0.3678419589996338,0.4610742926597595,-0.3452177345752716,0.6774330139160156,0.37056946754455566,0.47138360142707825,-0.344338983297348,0.8903420567512512,0.3705954849720001,0.608001708984375,0.03908481448888779,0.9986986517906189,0.3072170317173004,0.5971662998199463,-0.03925337269902229,0.9991884231567383,0.40218284726142883,0.667052149772644,-0.1048232838511467,0.8864421248435974,0.31550776958465576,0.6777509450912476,-0.15834073722362518,0.9715852737426758,0.3699030876159668,0.7312915921211243,0.041549038141965866,0.8605473637580872,0.3386518657207489,0.7614441514015198,-0.041729677468538284,0.9609910249710083,0.35027220845222473,0.7407471537590027,0.05136997625231743,0.7499797344207764,0.3419421911239624,0.7727899551391602,-0.03590339049696922,0.8064112067222595,0.39704596996307373,0.7695112824440002,-0.07820795476436615,0.8783913254737854,0.3564605712890625,0.7890729308128357,-0.20363318920135498,0.9408039450645447
94,0.4677388072013855,0.4961436092853546,-0.16043739020824432,0.9989849328994751,0.46957677602767944,0.4927314221858978,-0.13459964096546173,0.9988147616386414,0.4705798625946045,0.49305403232574463,-0.13459563255310059,0.9983364939689636,0.4723690152168274,0.4934943914413452,-0.13461343944072723,0.9986572265625,0.46442630887031555,0.48965397477149963,-0.1466626673936844,0.9987214207649231,0.4618423283100128,0.4884386956691742,-0.14674155414104462,0.998274564743042,0.45755958557128906,0.4866155982017517,-0.14680367708206177,0.9987950921058655,0.4631974995136261,0.4921356737613678,0.004252896644175053,0.9967816472053528,0.4417552947998047,0.484072208404541,-0.05093102157115936,0.9981894493103027,0.4622109532356262,0.5006217360496521,-0.10610175877809525,0.9967340230941772,0.45185041427612305,0.4968569874763489,-0.12263912707567215,0.9984145760536194,0.45600101351737976,0.5196219086647034,0.0530502125620842,0.9935358166694641,0.37613216042518616,0.4925808012485504,-0.04606431722640991,0.9987618923187256,0.41780886054039,0.5104629993438721,-0.07381436973810196,0.8109872341156006,0.3055455982685089,0.47143256664276123,-0.18951958417892456,0.9821773767471313,0.3676610589027405,0.469340056180954,-0.24024780094623566,0.7808619737625122,0.35356175899505615,0.46344852447509766,-0.30406033992767334,0.95265793800354,0.35581791400909424,0.46392789483070374,-0.28628820180892944,0.6993974447250366,0.35674184560775757,0.46625053882598877,-0.3434359133243561,0.9030768871307373,0.35386112332344055,0.45785287022590637,-0.26648643612861633,0.6869726777076721,0.3677775263786316,0.4684600830078125,-0.32633519172668457,0.8978488445281982,0.36182576417922974,0.4617828130722046,-0.23833635449409485,0.6670597791671753,0.3613691031932831,0.4651170074939728,-0.3008982837200165,0.8817340731620789,0.37020164728164673,0.6057990193367004,0.0723109096288681,0.9984492063522339,0.3090299963951111,0.5948618054389954,-0.07252231985330582,0.9990119338035583,0.4078374207019806,0.6672167181968689,-0.05863044783473015,0.8840571045875549,0.323985755443573,0.6764020919799805,-0.18182016909122467,0.9707099795341492,0.3532574772834778,0.7312909364700317,0.04269944876432419,0.859626054763794,0.33233875036239624,0.7599344253540039,-0.11354892700910568,0.9601742029190063,0.32109081745147705,0.7358381748199463,0.048063039779663086,0.7493079900741577,0.32985419034957886,0.7704185843467712,-0.11162655800580978,0.8003661036491394,0.3863365650177002,0.7668806314468384,-0.06406927108764648,0.8770753741264343,0.3683222830295563,0.7942989468574524,-0.26979339122772217,0.9391865730285645
95,0.47158676385879517,0.502855122089386,-0.1370617151260376,0.9988975524902344,0.4749411642551422,0.4982961416244507,-0.1139112338423729,0.9987587332725525,0.4761320948600769,0.49861952662467957,-0.11389972269535065,0.9982321262359619,0.4769635796546936,0.49873846769332886,-0.11388761550188065,0.9985644817352295,0.47045978903770447,0.49631041288375854,-0.12933999300003052,0.9986432790756226,0.46768972277641296,0.49496889114379883,-0.1294219195842743,0.9981476068496704,0.4653480052947998,0.49291306734085083,-0.1294570416212082,0.9987176656723022,0.46946096420288086,0.497016966342926,0.018120577558875084,0.9965522289276123,0.44935402274131775,0.48883920907974243,-0.05155129358172417,0.998075008392334,0.4656561017036438,0.5074691772460938,-0.0837511345744133,0.9963889122009277,0.4601317048072815,0.5047268867492676,-0.10453364253044128,0.9982455968856812,0.4562593400478363,0.520317018032074,0.07109702378511429,0.9932082891464233,0.37935465574264526,0.4943254292011261,-0.056153956800699234,0.9987484216690063,0.4031853973865509,0.5157719254493713,-0.039421677589416504,0.8035348057746887,0.3070085644721985,0.49156779050827026,-0.18648308515548706,0.9825260043144226,0.3569548428058624,0.46200132369995117,-0.1977105289697647,0.777383029460907,0.33550742268562317,0.4627569615840912,-0.31237855553627014,0.9541481137275696,0.3386736214160919,0.4564240872859955,-0.24191053211688995,0.694800615310669,0.3402838110923767,0.45805731415748596,-0.353153258562088,0.9064577221870422,0.34704217314720154,0.44991013407707214,-0.22308231890201569,0.6813181042671204,0.3506045341491699,0.45746558904647827,-0.34163087606430054,0.9014123678207397,0.34716054797172546,0.45446309447288513,-0.1958947330713272,0.6606817841529846,0.3493218719959259,0.4604814350605011,-0.31022170186042786,0.8854926228523254,0.37109947204589844,0.6049748659133911,0.07622076570987701,0.9982729554176331,0.312849223613739,0.5938742160797119,-0.0763295516371727,0.9989070296287537,0.41103479266166687,0.6681591272354126,-0.06985418498516083,0.8805226683616638,0.3314015567302704,0.6711308360099792,-0.20276464521884918,0.9698693752288818,0.36781737208366394,0.734782338142395,0.005976474843919277,0.8563874363899231,0.3371955454349518,0.7597078680992126,-0.1546890288591385,0.9594990611076355,0.33319783210754395,0.7414643168449402,0.009281765669584274,0.748835027217865,0.3431552052497864,0.7729284167289734,-0.15408968925476074,0.7990007996559143,0.3987266719341278,0.7719382643699646,-0.09906869381666183,0.874129056930542,0.3601367473602295,0.785169243812561,-0.3063168525695801,0.937839686870575
96,0.473251074552536,0.5074386596679688,-0.051805686205625534,0.9986972808837891,0.4766113758087158,0.5026237368583679,-0.026701437309384346,0.9985896944999695,0.4774087369441986,0.5029280781745911,-0.02668577805161476,0.9979375600814819,0.47804996371269226,0.5031573176383972,-0.02670545130968094,0.9983158111572266,0.47201380133628845,0.500848650932312,-0.04952942579984665,0.9984644055366516,0.4697268307209015,0.49952688813209534,-0.04961465299129486,0.9978887438774109,0.4669589102268219,0.4983903765678406,-0.04966239258646965,0.9985530376434326,0.46853601932525635,0.5022557377815247,0.09874110668897629,0.9961294531822205,0.45010730624198914,0.49516427516937256,-0.005712165031582117,0.9978851079940796,0.46510031819343567,0.5119808912277222,-0.0016446502413600683,0.9957168102264404,0.4602854251861572,0.5099182724952698,-0.03254130110144615,0.9979497790336609,0.44722869992256165,0.5249396562576294,0.150601327419281,0.9926823377609253,0.3791006803512573,0.49772515892982483,-0.035459138453006744,0.998720109462738,0.4020666480064392,0.5176108479499817,0.07683606445789337,0.7802817821502686,0.3327474892139435,0.4825630486011505,-0.16639728844165802,0.9828141927719116,0.3617158830165863,0.4707515835762024,-0.05494155362248421,0.7630882859230042,0.3483803868293762,0.46441566944122314,-0.25799229741096497,0.9553513526916504,0.3497697114944458,0.4667012095451355,-0.08632832765579224,0.6798049211502075,0.34064915776252747,0.4660729467868805,-0.29277101159095764,0.9094973802566528,0.3536118268966675,0.4587743878364563,-0.07352526485919952,0.6656898856163025,0.34966742992401123,0.46678444743156433,-0.2785024344921112,0.9046401977539062,0.352588027715683,0.46440282464027405,-0.055139146745204926,0.6459335684776306,0.3497897684574127,0.463322252035141,-0.25345805287361145,0.8889164924621582,0.3705291748046875,0.6050340533256531,0.08815686404705048,0.9981899857521057,0.31702667474746704,0.5965461134910583,-0.08834508061408997,0.9988533854484558,0.41159939765930176,0.6684607863426208,-0.05160697549581528,0.8762726783752441,0.33653366565704346,0.6739133596420288,-0.20618540048599243,0.969548761844635,0.3704153299331665,0.738494336605072,0.0007078918279148638,0.8544425368309021,0.3445681631565094,0.7590153217315674,-0.1824871003627777,0.9595943093299866,0.3370930850505829,0.7434155941009521,0.0018954314291477203,0.7502312064170837,0.32613620162010193,0.7682622671127319,-0.18455514311790466,0.8002009391784668,0.40224069356918335,0.7738897204399109,-0.09641940146684647,0.8735094666481018,0.35898545384407043,0.7844566106796265,-0.32861578464508057,0.9381129741668701
97,0.471875935792923,0.511056661605835,-0.03168535605072975,0.9987372756004333,0.4775685667991638,0.5072932839393616,-0.005178448278456926,0.9986598491668701,0.4783850312232971,0.507769763469696,-0.005161592736840248,0.9980368614196777,0.4789041578769684,0.5080963373184204,-0.005143230780959129,0.9983903765678406,0.47425931692123413,0.5050248503684998,-0.03267182409763336,0.9985445141792297,0.4722830653190613,0.5036813616752625,-0.032746728509664536,0.9980068206787109,0.47011202573776245,0.5022053122520447,-0.032728031277656555,0.9986281394958496,0.4690205752849579,0.5057893991470337,0.12325744330883026,0.9963746070861816,0.45433172583580017,0.49681201577186584,0.0005859330995008349,0.9980292916297913,0.46320611238479614,0.5154540538787842,0.019966039806604385,0.9960098266601562,0.45832058787345886,0.5124527215957642,-0.016228755936026573,0.9980762004852295,0.4456343352794647,0.5195724368095398,0.17223474383354187,0.9933174848556519,0.3702358305454254,0.499904066324234,-0.04397156462073326,0.9988107681274414,0.43365758657455444,0.5274537205696106,0.0568317249417305,0.7790273427963257,0.31215423345565796,0.5227276086807251,-0.22360460460186005,0.9832492470741272,0.3745853900909424,0.4851098954677582,-0.11924776434898376,0.7643560171127319,0.3246883749961853,0.48414722084999084,-0.32934021949768066,0.9575430154800415,0.36018484830856323,0.47534075379371643,-0.1535394787788391,0.6772070527076721,0.3363260328769684,0.46980810165405273,-0.36531105637550354,0.9140138030052185,0.3633041977882385,0.4721238911151886,-0.12879949808120728,0.6626880764961243,0.34011489152908325,0.4690183699131012,-0.35545822978019714,0.9094595313072205,0.36507314443588257,0.47716137766838074,-0.1158115416765213,0.6437092423439026,0.342343270778656,0.4719524085521698,-0.3271873891353607,0.8940162658691406,0.37437915802001953,0.6044119596481323,0.0874311551451683,0.9982841610908508,0.32195091247558594,0.597387969493866,-0.08742620795965195,0.998884916305542,0.41310998797416687,0.6648004055023193,-0.08269746601581573,0.8746135830879211,0.34301331639289856,0.6710970997810364,-0.23660005629062653,0.9693591594696045,0.36748069524765015,0.7435919642448425,-0.04641042277216911,0.8497229814529419,0.34581461548805237,0.7566331028938293,-0.23000648617744446,0.9590796828269958,0.3384508490562439,0.7486985325813293,-0.04723639786243439,0.7486091256141663,0.3369813561439514,0.7683082818984985,-0.2326623946428299,0.801620602607727,0.4006979167461395,0.7776046991348267,-0.15419736504554749,0.8712533116340637,0.37630510330200195,0.7873241901397705,-0.3720895051956177,0.9383429884910583
98,0.4756840467453003,0.5176949501037598,0.049933671951293945,0.9988408088684082,0.48136183619499207,0.5140119194984436,0.07679306715726852,0.9987756609916687,0.4814836382865906,0.514136016368866,0.07691497355699539,0.9982055425643921,0.48154425621032715,0.5141699314117432,0.07701276987791061,0.9985271096229553,0.47841089963912964,0.511662483215332,0.04710918292403221,0.9986733794212341,0.47692176699638367,0.5102271437644958,0.046927083283662796,0.9981858730316162,0.4741569757461548,0.5081111788749695,0.04693125560879707,0.9987504482269287,0.4711160361766815,0.5109010934829712,0.19455194473266602,0.9966951012611389,0.4600629508495331,0.5017039179801941,0.062349848449230194,0.9982118010520935,0.4635644555091858,0.5204010009765625,0.09722134470939636,0.9963682293891907,0.45946642756462097,0.5175628066062927,0.05822409316897392,0.9982483386993408,0.4411660432815552,0.527719259262085,0.25754114985466003,0.9939623475074768,0.37560921907424927,0.5090901851654053,-0.0055972314439713955,0.9989269375801086,0.4304286539554596,0.5441611409187317,0.18101488053798676,0.7535504102706909,0.3179551661014557,0.5422956943511963,-0.16378992795944214,0.98363196849823,0.3904808461666107,0.505760908126831,0.03510433807969093,0.7501316070556641,0.3516921401023865,0.5066075921058655,-0.2419215738773346,0.958954393863678,0.3723925054073334,0.4940985143184662,0.015097882598638535,0.6619361042976379,0.35585981607437134,0.49476826190948486,-0.2716088891029358,0.9171628355979919,0.3738662004470825,0.49312689900398254,0.03322567790746689,0.6466615200042725,0.3618033826351166,0.4928174614906311,-0.2532404959201813,0.9125629663467407,0.3751981854438782,0.49616703391075134,0.03728298097848892,0.6273003816604614,0.36166682839393616,0.4969545304775238,-0.2340139001607895,0.89652419090271,0.3723149001598358,0.606580376625061,0.10081106424331665,0.9984234571456909,0.33100271224975586,0.6010581254959106,-0.10085505247116089,0.9989791512489319,0.40999162197113037,0.6643217206001282,-0.042712047696113586,0.8542090654373169,0.3543694317340851,0.6748735308647156,-0.26002922654151917,0.9674845337867737,0.3621651530265808,0.7447454333305359,-0.058872029185295105,0.8356456756591797,0.3382291793823242,0.7598200440406799,-0.3257756233215332,0.9569765329360962,0.338273286819458,0.7478926181793213,-0.0654500350356102,0.7439887523651123,0.3237616717815399,0.7680482268333435,-0.33565419912338257,0.802837610244751,0.40427646040916443,0.77243971824646,-0.16247327625751495,0.8663219213485718,0.3733160197734833,0.7853544354438782,-0.47011029720306396,0.9386956691741943
99,0.4770776927471161,0.5173160433769226,0.030784551054239273,0.9989238977432251,0.4830673635005951,0.5117008090019226,0.05320126563310623,0.9988721609115601,0.48319900035858154,0.5117295384407043,0.05324707552790642,0.9983527660369873,0.4832323491573334,0.5116188526153564,0.053286194801330566,0.9986467361450195,0.4807860851287842,0.509414792060852,0.016624515876173973,0.9987788796424866,0.47917962074279785,0.5079757571220398,0.016459058970212936,0.9983351230621338,0.4774778485298157,0.5063782930374146,0.01642696000635624,0.9988502860069275,0.4720090329647064,0.5066014528274536,0.1562001258134842,0.9969666004180908,0.4635382890701294,0.5001643896102905,-0.007395109627395868,0.998367965221405,0.4665021002292633,0.5198939442634583,0.07318532466888428,0.996673047542572,0.4636087417602539,0.5170862674713135,0.024986783042550087,0.9983893632888794,0.43470558524131775,0.5268626809120178,0.24333688616752625,0.9945347309112549,0.38185200095176697,0.5088197588920593,-0.08946739137172699,0.9990297555923462,0.4142568111419678,0.5641639828681946,0.1532018631696701,0.7021133899688721,0.3473135828971863,0.5536274313926697,-0.17473553121089935,0.9831613302230835,0.4372536540031433,0.5368049144744873,-0.0414486788213253,0.7108163833618164,0.3910333812236786,0.5461721420288086,-0.12526251375675201,0.9577125310897827,0.44170457124710083,0.5297057032585144,-0.058761727064847946,0.6281752586364746,0.40562981367111206,0.541405439376831,-0.14130818843841553,0.9161292910575867,0.4470280706882477,0.5312411189079285,-0.05386784300208092,0.6137917041778564,0.40497973561286926,0.5372778177261353,-0.12446776777505875,0.9112501740455627,0.4380963146686554,0.5304874777793884,-0.046848393976688385,0.5954107642173767,0.40311506390571594,0.539201021194458,-0.11385353654623032,0.8931230306625366,0.3673245906829834,0.6066232323646545,0.10670825093984604,0.9985469579696655,0.3322186768054962,0.6012378334999084,-0.10655505210161209,0.9990596771240234,0.3991762697696686,0.6757568120956421,0.0032524859998375177,0.8159805536270142,0.3629944920539856,0.6789969801902771,-0.22444573044776917,0.9632390737533569,0.36170047521591187,0.7540775537490845,-0.02589239552617073,0.8161718845367432,0.3380966782569885,0.7627719640731812,-0.2669353187084198,0.9527747631072998,0.34185662865638733,0.7648071050643921,-0.03451661020517349,0.7371754050254822,0.31897616386413574,0.7742006778717041,-0.2744808495044708,0.8068961501121521,0.3894399106502533,0.7792876362800598,-0.13233111798763275,0.8571284413337708,0.373329758644104,0.7893214821815491,-0.39027148485183716,0.9378007650375366
100,0.47428831458091736,0.5169361233711243,-0.0004678905534092337,0.9988327026367188,0.48091673851013184,0.5109851360321045,0.013297272846102715,0.9987863898277283,0.48085179924964905,0.5109905004501343,0.013280827552080154,0.9982897639274597,0.480734646320343,0.5108743906021118,0.013236691243946552,0.9986056685447693,0.47954413294792175,0.5091580748558044,-0.01712775230407715,0.9986461997032166,0.4784528315067291,0.5078521370887756,-0.01726028509438038,0.9981948137283325,0.47717052698135376,0.5063701868057251,-0.017274873331189156,0.9987286925315857,0.47057268023490906,0.5057388544082642,0.08984820544719696,0.9968447089195251,0.46523332595825195,0.5007504224777222,-0.04692882299423218,0.9982293844223022,0.4640028178691864,0.5191267728805542,0.03283952921628952,0.9966870546340942,0.4620497524738312,0.5168946385383606,-0.00739728007465601,0.9983069896697998,0.4305447041988373,0.5244293808937073,0.17362286150455475,0.9950237274169922,0.3953418433666229,0.5115727782249451,-0.10977239161729813,0.9991129636764526,0.4108821153640747,0.5665931701660156,0.11419504880905151,0.6570465564727783,0.35410815477371216,0.5562018752098083,-0.15333104133605957,0.9816199541091919,0.4282636344432831,0.5710288286209106,-0.05342002585530281,0.6734668016433716,0.420857310295105,0.576093316078186,-0.09905630350112915,0.9536110162734985,0.44389861822128296,0.5741108655929565,-0.0728151798248291,0.5970386862754822,0.4294028580188751,0.5819368958473206,-0.11274685710668564,0.9111589789390564,0.4450497627258301,0.5683101415634155,-0.07498220354318619,0.5836405754089355,0.4341645836830139,0.5771886706352234,-0.10416673123836517,0.9061358571052551,0.4391258955001831,0.5699055194854736,-0.06059420481324196,0.5654810667037964,0.4319765567779541,0.5762317180633545,-0.09164898842573166,0.8856719136238098,0.36430197954177856,0.6044782400131226,0.08860626071691513,0.9986234903335571,0.336582750082016,0.6004635691642761,-0.08848881721496582,0.9991104602813721,0.3843768835067749,0.6734631061553955,-0.0009061362943612039,0.7812038064002991,0.3621276915073395,0.674770712852478,-0.1938130110502243,0.9588915109634399,0.3675338625907898,0.7499224543571472,-0.026701316237449646,0.8002884387969971,0.34841853380203247,0.7584774494171143,-0.20724764466285706,0.9491742849349976,0.3518679738044739,0.7590249180793762,-0.03529360145330429,0.7312527894973755,0.3365289270877838,0.7665049433708191,-0.21169349551200867,0.8132719993591309,0.4048123359680176,0.7748115062713623,-0.1326352208852768,0.8497475385665894,0.3783307373523712,0.7861291170120239,-0.3163273334503174,0.9368822574615479
101,0.47423622012138367,0.5141261219978333,-0.05489300936460495,0.9988952875137329,0.4804888665676117,0.5087918043136597,-0.04047444090247154,0.9988275766372681,0.48021674156188965,0.5088788270950317,-0.04043789580464363,0.9983683824539185,0.48019036650657654,0.5083498358726501,-0.04046023264527321,0.998677670955658,0.47968506813049316,0.5070345401763916,-0.08127493411302567,0.9987048506736755,0.4790233373641968,0.5055893659591675,-0.08143135160207748,0.9982874989509583,0.47807520627975464,0.5044232606887817,-0.08143562078475952,0.9987865686416626,0.4699955880641937,0.5042040944099426,0.038706306368112564,0.9969847798347473,0.46663618087768555,0.5001608729362488,-0.14434033632278442,0.9983130693435669,0.46366676688194275,0.5159919261932373,-0.01967594586312771,0.9969127774238586,0.46221160888671875,0.5137766599655151,-0.07341396063566208,0.9983884692192078,0.4255780577659607,0.517347514629364,0.16187621653079987,0.9954842925071716,0.4097086787223816,0.5100030899047852,-0.22280259430408478,0.9991958141326904,0.4120675325393677,0.5634976029396057,0.2195531576871872,0.6074157953262329,0.3964991569519043,0.5611960887908936,-0.2856893837451935,0.9811599254608154,0.444517582654953,0.6055507063865662,0.15008647739887238,0.6286428570747375,0.4358208477497101,0.6068093180656433,-0.240765780210495,0.9521464705467224,0.455075740814209,0.6180738210678101,0.1551600843667984,0.5601202845573425,0.44372180104255676,0.6198920607566833,-0.274355947971344,0.9105485677719116,0.4542224407196045,0.6182329654693604,0.12000928819179535,0.5487368106842041,0.45015451312065125,0.620377242565155,-0.26241469383239746,0.9057599306106567,0.45106372237205505,0.614854633808136,0.13224200904369354,0.5331464409828186,0.4450027644634247,0.6160773038864136,-0.23421354591846466,0.8837538361549377,0.36334511637687683,0.5966271162033081,0.11907552182674408,0.998705267906189,0.3441713750362396,0.5975408554077148,-0.11889044940471649,0.9991704225540161,0.37416502833366394,0.6698976159095764,0.07789502292871475,0.7443161010742188,0.37079688906669617,0.6767827868461609,-0.1755586564540863,0.9569301605224609,0.365229070186615,0.7482730746269226,0.0916193425655365,0.7827541828155518,0.3461826741695404,0.7627014517784119,-0.16579076647758484,0.9491196870803833,0.34620270133018494,0.762584924697876,0.08579578995704651,0.7245156168937683,0.3264712989330292,0.7729521989822388,-0.16969840228557587,0.823081374168396,0.40284109115600586,0.7731143236160278,-0.0049134790897369385,0.8395016193389893,0.37775108218193054,0.7873232960700989,-0.2750602662563324,0.9381973147392273
102,0.46886467933654785,0.5096028447151184,-0.10561468452215195,0.9989751577377319,0.47542956471443176,0.5053237080574036,-0.09085534512996674,0.998903751373291,0.4752183258533478,0.5054742097854614,-0.09078844636678696,0.9984855055809021,0.4749026298522949,0.5055029392242432,-0.09080150723457336,0.9987770318984985,0.47474753856658936,0.5039127469062805,-0.13125717639923096,0.9987978935241699,0.47408080101013184,0.5030972361564636,-0.1313886195421219,0.9984171986579895,0.4733584523200989,0.5021801590919495,-0.1313755363225937,0.9988734126091003,0.4659980833530426,0.5004631876945496,-0.005088167730718851,0.9972094893455505,0.46362534165382385,0.497314989566803,-0.18623684346675873,0.9984350204467773,0.4578421115875244,0.5111279487609863,-0.06712103635072708,0.9971590638160706,0.45585551857948303,0.5090588927268982,-0.12041798233985901,0.9984957575798035,0.4228290319442749,0.5124452710151672,0.1295790672302246,0.9959179162979126,0.41674742102622986,0.505774199962616,-0.24602660536766052,0.9992713332176208,0.419903039932251,0.5598567128181458,0.19745565950870514,0.5685689449310303,0.4179036021232605,0.5650928616523743,-0.2902936637401581,0.9803518652915955,0.44280269742012024,0.6037996411323547,0.14308030903339386,0.5931720733642578,0.4436946213245392,0.6151670813560486,-0.22385969758033752,0.9499620795249939,0.4517083764076233,0.6129311919212341,0.150675967335701,0.5310008525848389,0.4493091106414795,0.6240010857582092,-0.2535090744495392,0.9093648791313171,0.44993364810943604,0.613834023475647,0.11695115268230438,0.5212929844856262,0.45356759428977966,0.6262444853782654,-0.24380043148994446,0.9049153327941895,0.44720447063446045,0.6127249598503113,0.12708976864814758,0.5082635879516602,0.449943482875824,0.6237781643867493,-0.21761666238307953,0.8817200064659119,0.36311134696006775,0.5884827971458435,0.11598949879407883,0.9988163113594055,0.3481224477291107,0.5912707448005676,-0.11580812186002731,0.9992403984069824,0.3840220272541046,0.6587796807289124,0.06306886672973633,0.7177244424819946,0.37620067596435547,0.6664454340934753,-0.1738814115524292,0.9548305869102478,0.3785143494606018,0.7386094331741333,0.07562334090471268,0.7688302993774414,0.3603864312171936,0.7486742734909058,-0.17253610491752625,0.9489911794662476,0.3612912595272064,0.7553159594535828,0.07029135525226593,0.7183070182800293,0.3465035557746887,0.7623680233955383,-0.17688928544521332,0.8309473395347595,0.41444358229637146,0.7654379606246948,-0.02679264545440674,0.832223653793335,0.4030110239982605,0.7779611349105835,-0.28657621145248413,0.9395853877067566
103,0.4758082628250122,0.5108043551445007,0.027608126401901245,0.9990549683570862,0.4811164438724518,0.5053647756576538,0.032846830785274506,0.9989883899688721,0.4801948368549347,0.5046461820602417,0.03285408392548561,0.9986082911491394,0.479148805141449,0.5037977695465088,0.032858531922101974,0.998879075050354,0.4821469783782959,0.5056042075157166,-0.005166381597518921,0.9988954067230225,0.48202332854270935,0.5050784945487976,-0.005320848897099495,0.9985485672950745,0.48184463381767273,0.5043912529945374,-0.005307748913764954,0.9989645481109619,0.46708035469055176,0.49697840213775635,0.06126461550593376,0.9974521398544312,0.4721623659133911,0.49836963415145874,-0.10927882045507431,0.9985684752464294,0.46378496289253235,0.5108015537261963,0.044239483773708344,0.997412919998169,0.46518099308013916,0.5112519860267639,-0.005948979407548904,0.9986183643341064,0.4021681249141693,0.502960741519928,0.1504599004983902,0.9963131546974182,0.4309934675693512,0.5144321918487549,-0.20412921905517578,0.9993427395820618,0.375108927488327,0.5486994385719299,0.23540322482585907,0.5254130959510803,0.41556188464164734,0.5658446550369263,-0.2358115166425705,0.9800690412521362,0.40965110063552856,0.5955604314804077,0.23239435255527496,0.5461277961730957,0.44420549273490906,0.6062890291213989,-0.14649170637130737,0.9429885745048523,0.4117816388607025,0.6009004712104797,0.2511898875236511,0.49043065309524536,0.4492088854312897,0.61632239818573,-0.16966594755649567,0.898693859577179,0.42315348982810974,0.6031847596168518,0.2150212973356247,0.4819849133491516,0.45124492049217224,0.6142602562904358,-0.14931422472000122,0.8939434885978699,0.4228009581565857,0.6049503684043884,0.21747711300849915,0.47074374556541443,0.44987544417381287,0.6129441857337952,-0.1359126716852188,0.8677119612693787,0.34380656480789185,0.5886314511299133,0.12031847983598709,0.9988880753517151,0.36387690901756287,0.6001303195953369,-0.12010536342859268,0.9993027448654175,0.3705967664718628,0.6648508310317993,0.14306959509849548,0.685997724533081,0.37548211216926575,0.6798301935195923,-0.10002581030130386,0.9559410810470581,0.3618471920490265,0.7421171069145203,0.22926200926303864,0.750677764415741,0.35042205452919006,0.7590296864509583,-0.04801737144589424,0.9502029418945312,0.3461630046367645,0.7549663186073303,0.23242248594760895,0.709943413734436,0.3320387899875641,0.7694520950317383,-0.04527844861149788,0.8419559001922607,0.3931749761104584,0.7640510201454163,0.1746203601360321,0.819448709487915,0.38393688201904297,0.7819294333457947,-0.11256828159093857,0.9411635398864746
104,0.47955605387687683,0.5044969916343689,0.17938382923603058,0.9991190433502197,0.4831714332103729,0.4988149404525757,0.17421133816242218,0.9990715384483337,0.4818381369113922,0.49850359559059143,0.17418286204338074,0.9987282156944275,0.4805860221385956,0.4977717101573944,0.17418421804904938,0.9989760518074036,0.4847571551799774,0.4987157881259918,0.14021413028240204,0.9989889860153198,0.48426565527915955,0.4983551800251007,0.1400291621685028,0.9986745119094849,0.48365065455436707,0.49801331758499146,0.1400183141231537,0.9990524053573608,0.4671632647514343,0.4929012060165405,0.15662874281406403,0.9976912140846252,0.47167548537254333,0.49498578906059265,0.0036716610193252563,0.9987013339996338,0.46826547384262085,0.5065866112709045,0.18037763237953186,0.9976359605789185,0.4703065752983093,0.5068826079368591,0.13496069610118866,0.9987225532531738,0.3952735364437103,0.48585784435272217,0.21438275277614594,0.9966594576835632,0.44624975323677063,0.5075032114982605,-0.09603289514780045,0.9994062781333923,0.3788209557533264,0.5244994759559631,0.3054928779602051,0.48803409934043884,0.44465622305870056,0.5467694997787476,0.0210123248398304,0.9603903293609619,0.4000287652015686,0.5312948822975159,0.33321136236190796,0.49930959939956665,0.4416303336620331,0.5351036787033081,0.3117198944091797,0.8843640089035034,0.4033414125442505,0.5319570302963257,0.37046030163764954,0.4496845602989197,0.44370782375335693,0.5322597622871399,0.3290127217769623,0.8407960534095764,0.4101950526237488,0.5324555039405823,0.34185564517974854,0.4423958957195282,0.4368433952331543,0.5289881229400635,0.3395901322364807,0.8357851505279541,0.4105795919895172,0.5323613882064819,0.3233434855937958,0.4326932728290558,0.4338005483150482,0.5295928716659546,0.3252585530281067,0.8088378310203552,0.3494013845920563,0.5894386768341064,0.12029748409986496,0.998932421207428,0.3653780519962311,0.5992228984832764,-0.12012936919927597,0.9993531703948975,0.3649952709674835,0.6627769470214844,0.14878371357917786,0.6380378007888794,0.3764600157737732,0.6791988015174866,-0.10178757458925247,0.9537333250045776,0.3721230626106262,0.7345049381256104,0.14476174116134644,0.7240180969238281,0.35399356484413147,0.761376142501831,-0.13310757279396057,0.9473153352737427,0.3556651771068573,0.7504631876945496,0.14135237038135529,0.7015926837921143,0.336054265499115,0.7700514197349548,-0.1367083340883255,0.8496860265731812,0.41047796607017517,0.749901533126831,0.09714871644973755,0.7989169359207153,0.3926173448562622,0.7834252715110779,-0.18877485394477844,0.9384351372718811
105,0.48357415199279785,0.504342794418335,0.16638582944869995,0.9991335868835449,0.48693108558654785,0.4976687431335449,0.15122896432876587,0.999116063117981,0.4852396547794342,0.49683207273483276,0.1511872112751007,0.9988022446632385,0.48381245136260986,0.49594050645828247,0.1511746048927307,0.9990352392196655,0.48917508125305176,0.4980948269367218,0.12266489863395691,0.9990456104278564,0.48956847190856934,0.49775826930999756,0.12251122295856476,0.9987573623657227,0.48977524042129517,0.497308611869812,0.12248125672340393,0.9991042017936707,0.4684146046638489,0.48919862508773804,0.09823111444711685,0.9978764653205872,0.4805273115634918,0.4936992824077606,-0.031137604266405106,0.9987955093383789,0.47105661034584045,0.5056461691856384,0.15564082562923431,0.9977869987487793,0.47467413544654846,0.5066325664520264,0.1171409860253334,0.9987685084342957,0.38286086916923523,0.4816051721572876,0.13841749727725983,0.9969518780708313,0.4521043002605438,0.5181625485420227,-0.11621563881635666,0.9994597434997559,0.35286402702331543,0.5183946490287781,0.2633970379829407,0.4634435772895813,0.4466496706008911,0.5521692037582397,-0.01427067443728447,0.9230114221572876,0.3908798396587372,0.5214560031890869,0.3356650769710541,0.46260330080986023,0.43468016386032104,0.536976158618927,0.2374642789363861,0.8153865337371826,0.39725247025489807,0.5200785994529724,0.3746599853038788,0.41838526725769043,0.43560507893562317,0.5336447358131409,0.25266537070274353,0.7749064564704895,0.40738195180892944,0.5217214822769165,0.3440384268760681,0.41223472356796265,0.4289448857307434,0.5302503705024719,0.25924214720726013,0.7700693011283875,0.40685930848121643,0.5227054953575134,0.3270723521709442,0.40370556712150574,0.42585355043411255,0.5308030843734741,0.24760471284389496,0.7443467974662781,0.3339977264404297,0.5907093286514282,0.11085865646600723,0.9989581108093262,0.37611791491508484,0.6013028621673584,-0.1107904314994812,0.9993917346000671,0.3573188781738281,0.660643994808197,0.17528745532035828,0.5975326299667358,0.3813478946685791,0.6801681518554688,-0.04909920692443848,0.9498303532600403,0.3584914803504944,0.7328222393989563,0.21256978809833527,0.698935329914093,0.35649794340133667,0.7563537359237671,-0.04716955125331879,0.9414716958999634,0.34565412998199463,0.7432895302772522,0.21518521010875702,0.6890903115272522,0.34110116958618164,0.7670514583587646,-0.04611629992723465,0.8529862761497498,0.3868825435638428,0.7479643225669861,0.18487514555454254,0.7745179533958435,0.3960683047771454,0.7759630084037781,-0.08524742722511292,0.930173933506012
106,0.4863692820072174,0.502643883228302,0.21869876980781555,0.9991550445556641,0.48903796076774597,0.4956643879413605,0.19981072843074799,0.9991621375083923,0.4870985746383667,0.49459949135780334,0.19978171586990356,0.9988754391670227,0.48579707741737366,0.4931926131248474,0.19979099929332733,0.999095618724823,0.4915112555027008,0.49633148312568665,0.1755436211824417,0.9991025328636169,0.49170616269111633,0.49601584672927856,0.17538785934448242,0.9988381266593933,0.49188798666000366,0.4956122040748596,0.17540186643600464,0.9991570711135864,0.47232651710510254,0.486979216337204,0.12921112775802612,0.998055100440979,0.4832134246826172,0.49239808320999146,0.018908698111772537,0.9988847970962524,0.4739910960197449,0.503807783126831,0.2019619643688202,0.9979302883148193,0.4781096875667572,0.5051622986793518,0.16893109679222107,0.9988139271736145,0.3814380466938019,0.48050656914711,0.15599802136421204,0.997231125831604,0.4633316993713379,0.516421914100647,-0.06554023921489716,0.9995105862617493,0.34810295701026917,0.5154597163200378,0.29713934659957886,0.4498717188835144,0.46167561411857605,0.5470777750015259,0.06376051157712936,0.8882859945297241,0.38300567865371704,0.5171580910682678,0.40127086639404297,0.4329543709754944,0.444365531206131,0.5262396931648254,0.3363575041294098,0.7505943775177002,0.3879323899745941,0.515332818031311,0.44558748602867126,0.39340949058532715,0.44525301456451416,0.5208989381790161,0.35984382033348083,0.7132949829101562,0.39831724762916565,0.5163350701332092,0.4153822958469391,0.38823822140693665,0.43592751026153564,0.5171605348587036,0.3648374378681183,0.7086442708969116,0.39878877997398376,0.5172582268714905,0.3946082890033722,0.3803871273994446,0.4329613745212555,0.5185428857803345,0.3466428220272064,0.6845583915710449,0.3337898850440979,0.5898334980010986,0.10479658842086792,0.9989809989929199,0.38387542963027954,0.5991479754447937,-0.10479413717985153,0.9994279742240906,0.3587828278541565,0.6620572209358215,0.14438652992248535,0.5595682859420776,0.3839646577835083,0.6778604984283447,-0.0665205866098404,0.9457659125328064,0.35592421889305115,0.7409785985946655,0.1411987543106079,0.6802703738212585,0.36178451776504517,0.7596073150634766,-0.10597983002662659,0.9366025328636169,0.3427135944366455,0.753046452999115,0.13949941098690033,0.6819133162498474,0.3434339463710785,0.7695818543434143,-0.10841238498687744,0.8569186925888062,0.38355281949043274,0.7536144256591797,0.10712320357561111,0.7558749318122864,0.39637646079063416,0.7803924083709717,-0.1457294374704361,0.9231861233711243
107,0.482756108045578,0.4965468645095825,0.2573433220386505,0.9992049336433411,0.4837067723274231,0.4900030493736267,0.22301054000854492,0.999222993850708,0.4813094437122345,0.4883155822753906,0.22296305000782013,0.9989632964134216,0.4790535271167755,0.486564964056015,0.22299562394618988,0.9991660118103027,0.48785218596458435,0.4919908940792084,0.21279357373714447,0.9991647005081177,0.4888018071651459,0.4921046197414398,0.21268494427204132,0.9989209771156311,0.48976773023605347,0.4921864867210388,0.21273647248744965,0.9992124438285828,0.4661105275154114,0.4815942347049713,0.11072691529989243,0.9982321858406067,0.4831126034259796,0.49092260003089905,0.06443271040916443,0.9989646673202515,0.4722706377506256,0.4967631995677948,0.22751134634017944,0.9980934262275696,0.47740688920021057,0.49957409501075745,0.21333354711532593,0.9988836050033569,0.3777037262916565,0.4808329641819,0.08797546476125717,0.997489869594574,0.4717516601085663,0.5188202261924744,0.005991214886307716,0.9995551109313965,0.31950241327285767,0.5052307844161987,0.23783719539642334,0.46067771315574646,0.4524177312850952,0.552158772945404,0.14288513362407684,0.8592413663864136,0.3439702093601227,0.5071805715560913,0.41577115654945374,0.4051733613014221,0.4304577708244324,0.5243954062461853,0.37948542833328247,0.6879621148109436,0.35409775376319885,0.5119773745536804,0.46161898970603943,0.36863458156585693,0.43094754219055176,0.517505943775177,0.407625675201416,0.6540687680244446,0.3657902777194977,0.5143502950668335,0.4377540349960327,0.3638433814048767,0.4222017824649811,0.5131919384002686,0.4074823260307312,0.6497095823287964,0.3649006187915802,0.5149064660072327,0.41465839743614197,0.35692042112350464,0.4196831285953522,0.5148373246192932,0.3858530521392822,0.6277965307235718,0.3310621380805969,0.5898213982582092,0.05912364646792412,0.9990251064300537,0.3864305317401886,0.6006944179534912,-0.05918027088046074,0.9994699358940125,0.35600951313972473,0.6638201475143433,0.1033613532781601,0.5580253005027771,0.38273102045059204,0.6760872602462769,-0.015727974474430084,0.9456456303596497,0.35767319798469543,0.745963990688324,0.07461751252412796,0.6859132051467896,0.3678534924983978,0.7556914687156677,-0.05415845662355423,0.9350244998931885,0.3471287786960602,0.7547300457954407,0.07223570346832275,0.6909259557723999,0.3551415205001831,0.7663357853889465,-0.05518994852900505,0.863803505897522,0.38337334990501404,0.7624067068099976,0.056524842977523804,0.741988480091095,0.40011316537857056,0.7800878882408142,-0.07335015386343002,0.9082901477813721
108,0.47098061442375183,0.48627641797065735,0.31988224387168884,0.9991782307624817,0.47186902165412903,0.48080185055732727,0.29195132851600647,0.9992253184318542,0.46802037954330444,0.4784656763076782,0.29190677404403687,0.9989883899688721,0.46538689732551575,0.4766782820224762,0.2919078469276428,0.9991779923439026,0.4783300459384918,0.484316885471344,0.29346489906311035,0.9991381168365479,0.4801219701766968,0.48484718799591064,0.29335054755210876,0.9988979697227478,0.48193851113319397,0.4852931797504425,0.29337599873542786,0.9991716146469116,0.45647111535072327,0.47526583075523376,0.1902700960636139,0.9983242750167847,0.47769132256507874,0.4853663444519043,0.19589298963546753,0.9989293813705444,0.4584263861179352,0.48612910509109497,0.29021772742271423,0.9979872703552246,0.4670352041721344,0.4906891882419586,0.29156285524368286,0.998724639415741,0.38556429743766785,0.4851744771003723,0.1560855507850647,0.9976921081542969,0.47369956970214844,0.5157368779182434,0.14025110006332397,0.9995547533035278,0.31599944829940796,0.49543681740760803,0.24814072251319885,0.504555881023407,0.4351166784763336,0.5422402620315552,0.2810610830783844,0.7922207713127136,0.34537458419799805,0.47211700677871704,0.3764420449733734,0.4333842098712921,0.410366028547287,0.5006181001663208,0.5085806846618652,0.6275739669799805,0.3434472680091858,0.46670398116111755,0.4096686542034149,0.3982827663421631,0.40922608971595764,0.48978671431541443,0.5357421040534973,0.5988429188728333,0.35127246379852295,0.46729448437690735,0.38197004795074463,0.3935112953186035,0.40210968255996704,0.4867647886276245,0.5380622148513794,0.5947700142860413,0.3533170223236084,0.46936067938804626,0.37187445163726807,0.3841606378555298,0.3886643052101135,0.48340556025505066,0.5150750279426575,0.5754154324531555,0.33336150646209717,0.5841642022132874,0.034348588436841965,0.9990259408950806,0.3875667154788971,0.596684992313385,-0.034649066627025604,0.9994704723358154,0.356768935918808,0.6586944460868835,0.02413266710937023,0.552574098110199,0.38714805245399475,0.6698624491691589,-0.02646475099027157,0.9349882006645203,0.3602399528026581,0.7387961149215698,-0.032676633447408676,0.6887051463127136,0.37217673659324646,0.750118613243103,-0.11661268025636673,0.9291999936103821,0.3516920804977417,0.7513600587844849,-0.0360422283411026,0.7008621096611023,0.3597044050693512,0.7590992450714111,-0.12695740163326263,0.8669501543045044,0.37524181604385376,0.7517245411872864,-0.07033014297485352,0.735419750213623,0.39719846844673157,0.7705214619636536,-0.17773519456386566,0.8962424993515015
109,0.46186885237693787,0.480943500995636,0.27724599838256836,0.9991236329078674,0.45994648337364197,0.47411760687828064,0.25169530510902405,0.9991833567619324,0.45671546459198,0.4725913107395172,0.25168660283088684,0.9989540576934814,0.4531249701976776,0.47114554047584534,0.2517063021659851,0.9991340041160583,0.46870067715644836,0.47796452045440674,0.2614530920982361,0.9990293383598328,0.4706043004989624,0.47862863540649414,0.26135921478271484,0.9987787008285522,0.47357428073883057,0.479520708322525,0.26139816641807556,0.9990293383598328,0.4446432888507843,0.47210586071014404,0.15134623646736145,0.9983053803443909,0.4694101810455322,0.48126643896102905,0.19381524622440338,0.9986822009086609,0.4485343396663666,0.48162171244621277,0.24589219689369202,0.9976357221603394,0.45929861068725586,0.4863249957561493,0.2582052946090698,0.9983140230178833,0.3851054310798645,0.4871896505355835,0.09635912626981735,0.9977893233299255,0.4698159098625183,0.5121521353721619,0.1526329219341278,0.9994314908981323,0.3198239505290985,0.49313461780548096,0.08925926685333252,0.5481981039047241,0.4162653088569641,0.5259645581245422,0.2240142971277237,0.7286645770072937,0.34036242961883545,0.46416375041007996,0.12199454009532928,0.4772080183029175,0.3691753149032593,0.4746478497982025,0.3400293290615082,0.5757126212120056,0.338409960269928,0.45107001066207886,0.12694796919822693,0.4434933662414551,0.3668711483478546,0.4617968201637268,0.35052207112312317,0.551169753074646,0.34430524706840515,0.4515790045261383,0.11356515437364578,0.4384510815143585,0.35910484194755554,0.458477646112442,0.35009610652923584,0.5472781658172607,0.34765422344207764,0.45781153440475464,0.11919907480478287,0.4263640344142914,0.3574761748313904,0.46373313665390015,0.34089502692222595,0.5310927033424377,0.3312572240829468,0.5857089161872864,0.017219798639416695,0.9990008473396301,0.3877653479576111,0.5954246520996094,-0.017464982345700264,0.9994298815727234,0.35486918687820435,0.6622235178947449,-0.01782863959670067,0.5511649250984192,0.3904699683189392,0.6697324514389038,-0.02027287520468235,0.9278057813644409,0.36164140701293945,0.7404793500900269,-0.06564577668905258,0.6954682469367981,0.3742314279079437,0.7468752264976501,-0.08813221007585526,0.9227917194366455,0.354087769985199,0.7517037987709045,-0.07062694430351257,0.7117737531661987,0.36352765560150146,0.7574984431266785,-0.09809461981058121,0.8690672516822815,0.3814600706100464,0.7524864077568054,-0.12662597000598907,0.7274336218833923,0.40141358971595764,0.7676790952682495,-0.1581512689590454,0.8799525499343872
110,0.4552346467971802,0.4759429395198822,0.2824189066886902,0.9990422129631042,0.4545547664165497,0.4702993929386139,0.2550413906574249,0.9991081953048706,0.44906720519065857,0.46807631850242615,0.2550066411495209,0.998890221118927,0.44579100608825684,0.4668896794319153,0.25500455498695374,0.9990630149841309,0.4642026424407959,0.47426190972328186,0.26938921213150024,0.9988665580749512,0.4665694832801819,0.47505101561546326,0.2692943513393402,0.9986032843589783,0.46869131922721863,0.4757433831691742,0.2693300247192383,0.9988335371017456,0.44058528542518616,0.4687780439853668,0.14561593532562256,0.9982403516769409,0.4662003517150879,0.47745752334594727,0.20848684012889862,0.9983924627304077,0.44139066338539124,0.47756025195121765,0.2466333508491516,0.9972361326217651,0.453780859708786,0.4821114242076874,0.2650338113307953,0.9978524446487427,0.3847055733203888,0.4872710406780243,0.07236722111701965,0.9979041814804077,0.4647253155708313,0.5079411268234253,0.17806006968021393,0.9992222189903259,0.3154997229576111,0.4894251525402069,0.06131589040160179,0.5915544629096985,0.4108140766620636,0.5263046622276306,0.27625495195388794,0.6662261486053467,0.3296220302581787,0.45108169317245483,0.11395543068647385,0.5240048766136169,0.3531675934791565,0.47085925936698914,0.406929075717926,0.526984691619873,0.3266414701938629,0.4415988624095917,0.11791158467531204,0.4917539954185486,0.34635278582572937,0.4537401497364044,0.4207899868488312,0.5062345266342163,0.3318457007408142,0.4411011338233948,0.10716555267572403,0.48667916655540466,0.3490890562534332,0.45338174700737,0.4167715609073639,0.5026584267616272,0.3341882824897766,0.4441317617893219,0.11289344727993011,0.47332149744033813,0.34879666566848755,0.45999085903167725,0.40635818243026733,0.48938819766044617,0.33283090591430664,0.5860941410064697,-0.0011029655579477549,0.9989697337150574,0.39000827074050903,0.5947657823562622,0.0008335433667525649,0.9993367791175842,0.3571816086769104,0.6626183986663818,-0.021193470805883408,0.568799614906311,0.39419758319854736,0.6695048213005066,0.018373478204011917,0.9197992086410522,0.36404815316200256,0.7422032952308655,-0.06789480894804001,0.7125179171562195,0.38054805994033813,0.7462659478187561,-0.02327544614672661,0.9143666625022888,0.3584388792514801,0.7523028254508972,-0.07257803529500961,0.7285684943199158,0.37319105863571167,0.7563098073005676,-0.031147388741374016,0.8693955540657043,0.382193386554718,0.7549373507499695,-0.13333295285701752,0.7302981019020081,0.39824455976486206,0.762309193611145,-0.08706174045801163,0.8607439994812012
111,0.44283121824264526,0.47265395522117615,0.2353500872850418,0.9989603757858276,0.4441300630569458,0.46758756041526794,0.20599353313446045,0.9990366697311401,0.441177099943161,0.46648988127708435,0.2059728354215622,0.9988310933113098,0.4356512427330017,0.46479102969169617,0.2059773951768875,0.9989880323410034,0.4541664719581604,0.4710669219493866,0.22201555967330933,0.9987289309501648,0.4564838409423828,0.4717649519443512,0.22193586826324463,0.9984627962112427,0.4583479166030884,0.47237202525138855,0.2219592034816742,0.9986709952354431,0.4315437972545624,0.46714457869529724,0.09157073497772217,0.9981635212898254,0.4569655954837799,0.4747920036315918,0.1619921326637268,0.9981993436813354,0.43240684270858765,0.47547808289527893,0.19769923388957977,0.9969186186790466,0.4413241744041443,0.47856342792510986,0.2182968258857727,0.9975210428237915,0.3799216151237488,0.4862758219242096,0.017544273287057877,0.9980020523071289,0.4598449766635895,0.5050069689750671,0.1452430635690689,0.9990230202674866,0.31618404388427734,0.48425981402397156,-0.020070036873221397,0.6311558485031128,0.407339483499527,0.5207289457321167,0.2529521882534027,0.610692024230957,0.332202285528183,0.4425760805606842,-0.0011491376208141446,0.5683428645133972,0.35226911306381226,0.4777211844921112,0.38246849179267883,0.48463043570518494,0.3286841809749603,0.4336068332195282,-0.007365310098975897,0.5380175113677979,0.34372368454933167,0.454691082239151,0.3983058035373688,0.4674542248249054,0.33336248993873596,0.4338850677013397,-0.014547588303685188,0.5331061482429504,0.3391859829425812,0.4517994225025177,0.38865527510643005,0.4642036259174347,0.33544498682022095,0.43663957715034485,-0.002606770256534219,0.5194275975227356,0.3393118381500244,0.45848241448402405,0.3800833821296692,0.45383942127227783,0.33682045340538025,0.5865547060966492,-0.007001334801316261,0.9989977478981018,0.3929252028465271,0.5946561694145203,0.006785180885344744,0.9993035793304443,0.34978803992271423,0.6635239124298096,-0.016879349946975708,0.589874804019928,0.39567825198173523,0.6674153208732605,0.04003218933939934,0.9136971235275269,0.36568334698677063,0.7394639849662781,-0.04064175859093666,0.7311704754829407,0.38413941860198975,0.7428152561187744,0.01860910654067993,0.9082375168800354,0.3603173494338989,0.7499586939811707,-0.04298791289329529,0.7460249662399292,0.3743269145488739,0.7522760033607483,0.01275648269802332,0.8698232173919678,0.36788618564605713,0.7557522058486938,-0.09897827357053757,0.737189769744873,0.3902778625488281,0.758215069770813,-0.04039938002824783,0.8452776670455933
112,0.44274285435676575,0.4715106189250946,0.26047202944755554,0.9988996982574463,0.44199180603027344,0.4655720293521881,0.23296424746513367,0.9989767670631409,0.43640732765197754,0.46393296122550964,0.23293869197368622,0.9987803101539612,0.43312180042266846,0.46322888135910034,0.23293553292751312,0.9989316463470459,0.4502037763595581,0.4682939648628235,0.24742577970027924,0.9986106157302856,0.454172819852829,0.4695519208908081,0.24734081327915192,0.9983378648757935,0.4561122953891754,0.47019511461257935,0.24736735224723816,0.9985340237617493,0.42791667580604553,0.4661071002483368,0.12301336228847504,0.9980946183204651,0.4531787931919098,0.47257980704307556,0.18682368099689484,0.9980231523513794,0.42833325266838074,0.47380581498146057,0.22405220568180084,0.9966334104537964,0.44184401631355286,0.47734054923057556,0.24275560677051544,0.9972103238105774,0.37790647149086,0.48617473244667053,0.05199992284178734,0.998084306716919,0.4519045948982239,0.5037663578987122,0.15499474108219147,0.9988181591033936,0.31303706765174866,0.48184558749198914,0.018686443567276,0.6669458150863647,0.41085734963417053,0.5159177780151367,0.26876431703567505,0.5625045895576477,0.32839396595954895,0.442414790391922,0.04073786735534668,0.6087411046028137,0.3556862473487854,0.4579486548900604,0.4159386157989502,0.44834232330322266,0.33002281188964844,0.42859137058258057,0.037735410034656525,0.5803554058074951,0.3410438597202301,0.44727054238319397,0.43030014634132385,0.43463730812072754,0.3335217535495758,0.4309324324131012,0.026488948613405228,0.5756487846374512,0.3402706980705261,0.4546675682067871,0.424053430557251,0.4316527545452118,0.3350714445114136,0.43423938751220703,0.038059499114751816,0.5619544386863708,0.3400523066520691,0.45858874917030334,0.41515105962753296,0.4238876402378082,0.33626142144203186,0.5876530408859253,0.0016172219766303897,0.9990242123603821,0.3944002091884613,0.5956676006317139,-0.0019172679167240858,0.9992663264274597,0.35482826828956604,0.6602485775947571,-0.013846632093191147,0.6102703213691711,0.3987986445426941,0.6681728959083557,0.02623460441827774,0.9099105000495911,0.36951783299446106,0.7426272630691528,-0.055156487971544266,0.7496451139450073,0.3893522322177887,0.7429609298706055,-0.0026653900276869535,0.9039480686187744,0.36176058650016785,0.7513641715049744,-0.05941629782319069,0.7632613182067871,0.39039576053619385,0.7543731927871704,-0.009688511490821838,0.8706595301628113,0.38015371561050415,0.7594239711761475,-0.12359026819467545,0.7460131049156189,0.4123142659664154,0.7596598267555237,-0.06879495829343796,0.8328396677970886
113,0.4305972456932068,0.4664093852043152,0.22886566817760468,0.998865008354187,0.4331592917442322,0.4607459306716919,0.19761709868907928,0.9989527463912964,0.4307137131690979,0.4604080021381378,0.19758431613445282,0.9987688660621643,0.4280906021595001,0.4601460099220276,0.19760346412658691,0.9989063143730164,0.4425588548183441,0.46295401453971863,0.21530401706695557,0.9985559582710266,0.4454873204231262,0.46379202604293823,0.21521009504795074,0.9982860088348389,0.4491331875324249,0.4648754894733429,0.21520689129829407,0.9984666109085083,0.42230793833732605,0.4637891352176666,0.0766783282160759,0.9980798363685608,0.44972652196884155,0.4694901704788208,0.15521974861621857,0.99796462059021,0.4220340847969055,0.4711662530899048,0.18896439671516418,0.9965072870254517,0.4339370131492615,0.4740155339241028,0.21193496882915497,0.9970549941062927,0.375081330537796,0.48590517044067383,0.005209820810705423,0.9981787800788879,0.45074814558029175,0.5017077922821045,0.13763859868049622,0.9986748695373535,0.30813872814178467,0.47518429160118103,-0.02527575194835663,0.6994056105613708,0.4125717580318451,0.51783686876297,0.2629365026950836,0.5196200013160706,0.32857179641723633,0.4359557330608368,0.005211054813116789,0.64527827501297,0.35585248470306396,0.47316887974739075,0.4124392569065094,0.41458022594451904,0.3290599584579468,0.4253275990486145,8.139267447404563e-05,0.618353009223938,0.349678099155426,0.4502750337123871,0.430418461561203,0.40332865715026855,0.3359701633453369,0.42582768201828003,-0.009597648866474628,0.6138677597045898,0.34748727083206177,0.4498003125190735,0.42040878534317017,0.4006549119949341,0.33725112676620483,0.42863696813583374,0.0030733016319572926,0.6001279354095459,0.34006327390670776,0.46308013796806335,0.41050854325294495,0.3950157165527344,0.33645108342170715,0.5885429978370667,-0.007007668260484934,0.9990551471710205,0.39510995149612427,0.5944591164588928,0.006752784829586744,0.9992296695709229,0.3461226224899292,0.6630394458770752,-0.0116285290569067,0.6233834624290466,0.40380623936653137,0.6666472554206848,0.04596972092986107,0.9027363657951355,0.368374228477478,0.7408379912376404,-0.04353702440857887,0.764305591583252,0.3913171887397766,0.7416012287139893,0.029367640614509583,0.8965047597885132,0.3642023205757141,0.7511313557624817,-0.046178530901670456,0.774843692779541,0.38928642868995667,0.749639630317688,0.02444998174905777,0.8683304190635681,0.3725796043872833,0.7585487365722656,-0.10065466910600662,0.7502482533454895,0.4124962091445923,0.7546393275260925,-0.02512435056269169,0.8168582916259766
114,0.4248838424682617,0.4660901427268982,0.21759121119976044,0.9989129900932312,0.42774009704589844,0.4609385132789612,0.1825428456068039,0.9990047812461853,0.4253375232219696,0.4605144262313843,0.18250486254692078,0.9988377690315247,0.4210216701030731,0.45982789993286133,0.1825200766324997,0.9989621043205261,0.4372667968273163,0.462938517332077,0.20371246337890625,0.9986183643341064,0.44057855010032654,0.4637675881385803,0.20363041758537292,0.9983609318733215,0.4434473514556885,0.4645177721977234,0.20365533232688904,0.9985254406929016,0.41714251041412354,0.4637323319911957,0.05222177878022194,0.9981945157051086,0.4457019567489624,0.46923828125,0.14567309617996216,0.9980696439743042,0.4162745475769043,0.47045934200286865,0.17449404299259186,0.9966532588005066,0.42598143219947815,0.4729742407798767,0.20184442400932312,0.9971641302108765,0.37222906947135925,0.4858247637748718,-0.025533931329846382,0.9982954859733582,0.44958069920539856,0.501458466053009,0.1434241086244583,0.9986104965209961,0.29891595244407654,0.4741609990596771,-0.02193334326148033,0.7290028929710388,0.41708090901374817,0.5125232934951782,0.30545687675476074,0.48009371757507324,0.33262279629707336,0.4353539049625397,0.058636441826820374,0.6786742806434631,0.3778457045555115,0.4639502167701721,0.47590941190719604,0.3836664855480194,0.33481913805007935,0.42438313364982605,0.059912215918302536,0.6535322070121765,0.36743754148483276,0.4399585723876953,0.4977473020553589,0.37531915307044983,0.34221309423446655,0.4267122447490692,0.042017944157123566,0.649320125579834,0.3613789677619934,0.4392455816268921,0.48728105425834656,0.37297138571739197,0.34216567873954773,0.43211549520492554,0.05479869619011879,0.6360691785812378,0.3592003881931305,0.44600895047187805,0.47428086400032043,0.36932796239852905,0.3367064595222473,0.5906233191490173,-0.023884320631623268,0.9991028308868408,0.396731972694397,0.5955220460891724,0.023699436336755753,0.9992348551750183,0.3476009964942932,0.6638862490653992,-0.012295723892748356,0.6474553346633911,0.4056171476840973,0.6685503125190735,0.0758962333202362,0.891904890537262,0.37100493907928467,0.7421662211418152,-0.042112965136766434,0.7820543050765991,0.3962745666503906,0.7441654801368713,0.05935482308268547,0.8890231251716614,0.36816269159317017,0.7502793073654175,-0.04353243485093117,0.791807234287262,0.4031694233417511,0.7561895847320557,0.055038079619407654,0.8685106635093689,0.3626421391963959,0.7583356499671936,-0.09029123932123184,0.7626454830169678,0.40897658467292786,0.7590345144271851,0.01389189250767231,0.804431140422821
115,0.4168524444103241,0.4651673436164856,0.21059037744998932,0.9989652633666992,0.42045021057128906,0.46046578884124756,0.17431779205799103,0.9990570545196533,0.4172169864177704,0.460018128156662,0.17427369952201843,0.9989070296287537,0.41526275873184204,0.45993703603744507,0.17428642511367798,0.9990174770355225,0.428707480430603,0.46162092685699463,0.1974787414073944,0.9986827969551086,0.43224573135375977,0.46234747767448425,0.19739001989364624,0.9984380602836609,0.43559664487838745,0.4630798399448395,0.1974049210548401,0.9985862374305725,0.41306179761886597,0.4639670252799988,0.0401948019862175,0.9983065128326416,0.4400673806667328,0.4684080481529236,0.14292746782302856,0.9981729388237,0.40884917974472046,0.46971359848976135,0.16608840227127075,0.9968109130859375,0.41913437843322754,0.4720759391784668,0.19609639048576355,0.9972850680351257,0.36932602524757385,0.4856232702732086,-0.0416773222386837,0.998414933681488,0.4466022849082947,0.5010205507278442,0.1475818157196045,0.9985942840576172,0.295850545167923,0.47424396872520447,-0.03045179881155491,0.7556974291801453,0.415718674659729,0.5093461871147156,0.3138761818408966,0.44767317175865173,0.33054211735725403,0.43538421392440796,0.06400026381015778,0.7088854312896729,0.3806068003177643,0.46288248896598816,0.4830898642539978,0.3584389090538025,0.33345094323158264,0.42410513758659363,0.06662827730178833,0.685414731502533,0.36509039998054504,0.4398447573184967,0.5063769221305847,0.3526541590690613,0.34253984689712524,0.42728960514068604,0.046643950045108795,0.68147873878479,0.36598101258277893,0.4418591558933258,0.4944166839122772,0.3506101071834564,0.3416573107242584,0.4327624440193176,0.05991660803556442,0.6687619090080261,0.3632703125476837,0.44895121455192566,0.4809364080429077,0.34874704480171204,0.33800795674324036,0.5893394947052002,-0.03104386106133461,0.9991647601127625,0.3971882164478302,0.5951507091522217,0.030864108353853226,0.9992730617523193,0.34386059641838074,0.6637800931930542,-0.020554201677441597,0.6713642477989197,0.4045666754245758,0.6679039001464844,0.08337488770484924,0.8848332762718201,0.37072885036468506,0.7383981347084045,-0.03900834545493126,0.7986821532249451,0.40085092186927795,0.744246244430542,0.0670996829867363,0.8857792615890503,0.37067708373069763,0.7488540410995483,-0.03871358931064606,0.8071585297584534,0.398942232131958,0.7516669631004333,0.06325939297676086,0.871001124382019,0.3703041970729828,0.7463290691375732,-0.08094876259565353,0.7757941484451294,0.4116780757904053,0.7602110505104065,0.02371690608561039,0.7994445562362671
116,0.42568010091781616,0.467673659324646,0.20651225745677948,0.9989762306213379,0.42451968789100647,0.4618692696094513,0.17089104652404785,0.9990688562393188,0.4217990040779114,0.46124446392059326,0.17084579169750214,0.9989320039749146,0.41864120960235596,0.4606677293777466,0.17084279656410217,0.9990305304527283,0.43476027250289917,0.4639851152896881,0.18871401250362396,0.9986936450004578,0.43846794962882996,0.4645756483078003,0.18862225115299225,0.9984526634216309,0.4413876533508301,0.4650314152240753,0.18863126635551453,0.9985879063606262,0.41279929876327515,0.4630957841873169,0.04169382527470589,0.9983550310134888,0.44240909814834595,0.46801280975341797,0.12018819898366928,0.9982060194015503,0.41493919491767883,0.4712006449699402,0.16452743113040924,0.9968529939651489,0.4267861247062683,0.4732102155685425,0.18745283782482147,0.9973095059394836,0.36763811111450195,0.48565131425857544,-0.025281740352511406,0.9984967112541199,0.45004644989967346,0.500485360622406,0.11471337080001831,0.998569905757904,0.29722002148628235,0.4755801856517792,0.017864378169178963,0.7792073488235474,0.41923633217811584,0.5067989826202393,0.27208101749420166,0.4244038164615631,0.33320972323417664,0.4419096112251282,0.13332216441631317,0.7344830632209778,0.3867126405239105,0.4607658088207245,0.4409984350204468,0.33883392810821533,0.33998170495033264,0.42958852648735046,0.1428542584180832,0.7122677564620972,0.38543665409088135,0.44861331582069397,0.46257099509239197,0.33508172631263733,0.3506797254085541,0.4346361756324768,0.11785998940467834,0.7085247039794922,0.37441813945770264,0.4438928961753845,0.45231467485427856,0.3332647979259491,0.350039541721344,0.4388788342475891,0.12768666446208954,0.6960331201553345,0.36621519923210144,0.44661957025527954,0.43961620330810547,0.3330044448375702,0.3392793536186218,0.5900720953941345,-0.017270689830183983,0.9992015361785889,0.3989854156970978,0.594704270362854,0.017122521996498108,0.99928879737854,0.35264477133750916,0.6643754839897156,-0.006223483942449093,0.6920142769813538,0.40950947999954224,0.6662599444389343,0.0654703676700592,0.8780171275138855,0.3745982348918915,0.7382027506828308,-0.030112728476524353,0.8135603070259094,0.40232646465301514,0.7427387237548828,0.050855208188295364,0.8824193477630615,0.3750641942024231,0.7486889958381653,-0.030685456469655037,0.821049153804779,0.4132402837276459,0.753710150718689,0.04735146090388298,0.8723967671394348,0.37135636806488037,0.7565614581108093,-0.07420280575752258,0.7877868413925171,0.4159736633300781,0.7605250477790833,0.005737564992159605,0.7944914698600769
117,0.42098405957221985,0.46587052941322327,0.16686344146728516,0.9989758133888245,0.4210572838783264,0.4599333703517914,0.12989608943462372,0.9990745186805725,0.41815516352653503,0.4592936635017395,0.12985257804393768,0.9989514350891113,0.4149444103240967,0.45872437953948975,0.12984147667884827,0.9990394711494446,0.4315902888774872,0.4618309438228607,0.1488063931465149,0.9986914396286011,0.43480369448661804,0.46238020062446594,0.1487320214509964,0.9984516501426697,0.4385254681110382,0.4629925787448883,0.1487479954957962,0.9985743165016174,0.4081609845161438,0.461077481508255,0.0018298742361366749,0.9983909130096436,0.439954549074173,0.466722697019577,0.08547024428844452,0.9982123374938965,0.4132227897644043,0.47026297450065613,0.12573717534542084,0.9968780279159546,0.42495501041412354,0.4723071753978729,0.15014348924160004,0.9973141551017761,0.3680221736431122,0.48584359884262085,-0.061661459505558014,0.9985544085502625,0.45126691460609436,0.5000019073486328,0.09377668797969818,0.9984955787658691,0.29545241594314575,0.4781418442726135,-0.009773178026080132,0.8000558614730835,0.4248441755771637,0.5032711625099182,0.25923728942871094,0.40284889936447144,0.3385573923587799,0.4427168071269989,0.11479490250349045,0.7566401958465576,0.3835241496562958,0.4498383402824402,0.42389482259750366,0.3216330409049988,0.3419099450111389,0.4309816360473633,0.12324635684490204,0.7357550263404846,0.3853520452976227,0.43717533349990845,0.44513848423957825,0.32037776708602905,0.35497739911079407,0.4350873827934265,0.09712988138198853,0.7321662306785583,0.38013985753059387,0.437500536441803,0.4325565695762634,0.31879541277885437,0.3544255793094635,0.43912622332572937,0.10891693830490112,0.7198930382728577,0.37813374400138855,0.4432417154312134,0.421295702457428,0.32022908329963684,0.3430621325969696,0.5911357998847961,-0.025708770379424095,0.9992356896400452,0.39957764744758606,0.5959593653678894,0.025635551661252975,0.9993063807487488,0.3494265377521515,0.6632919311523438,-0.005175968166440725,0.7124298810958862,0.40701961517333984,0.6667196750640869,0.08267015963792801,0.8703367114067078,0.37652701139450073,0.7378959655761719,-0.005306080915033817,0.8273698687553406,0.4025382101535797,0.7422914505004883,0.08753293752670288,0.8791008591651917,0.3770781457424164,0.7475794553756714,-0.003418829059228301,0.834079384803772,0.40036308765411377,0.7527136206626892,0.08600722998380661,0.8733846545219421,0.3685777485370636,0.7548264265060425,-0.04625312611460686,0.7995766997337341,0.4142475128173828,0.7573809027671814,0.045386433601379395,0.790480375289917
118,0.4090709686279297,0.4672277271747589,0.16257283091545105,0.9990283250808716,0.40810126066207886,0.4618983566761017,0.12408047169446945,0.9991243481636047,0.40438464283943176,0.4612528383731842,0.12402582168579102,0.9990147948265076,0.40188857913017273,0.4608215391635895,0.12403929233551025,0.9990935325622559,0.41619056463241577,0.4631493389606476,0.14980727434158325,0.9987568259239197,0.42123255133628845,0.4637609124183655,0.1497291922569275,0.9985271692276001,0.4249613583087921,0.4641985297203064,0.1497500091791153,0.998638391494751,0.3994612693786621,0.4631071984767914,-0.010639626532793045,0.9984886050224304,0.4315020442008972,0.46778762340545654,0.10359713435173035,0.9983040690422058,0.4022069275379181,0.47167274355888367,0.11839831620454788,0.997031033039093,0.4130488634109497,0.4731910526752472,0.15175248682498932,0.9974387288093567,0.3658725321292877,0.4880896508693695,-0.08866488933563232,0.9986462593078613,0.44725653529167175,0.5020023584365845,0.1287202388048172,0.9984791278839111,0.2910403609275818,0.47532352805137634,-0.02596893720328808,0.8192604184150696,0.42040112614631653,0.5079887509346008,0.30589330196380615,0.38184937834739685,0.34285441040992737,0.44166305661201477,0.13290686905384064,0.77699875831604,0.4001167118549347,0.45892030000686646,0.46362125873565674,0.30419889092445374,0.35054245591163635,0.4317284822463989,0.14169655740261078,0.7571306228637695,0.4021623134613037,0.4459877610206604,0.4874712824821472,0.3049241602420807,0.363967627286911,0.4344552755355835,0.11420144885778427,0.7537369728088379,0.39109647274017334,0.4422648847103119,0.47199851274490356,0.30369633436203003,0.36330172419548035,0.43930771946907043,0.1276267021894455,0.7417451739311218,0.38864415884017944,0.44515618681907654,0.4593791961669922,0.3063935935497284,0.3418847918510437,0.5920025110244751,-0.047363657504320145,0.9992819428443909,0.3996228575706482,0.5977826714515686,0.04729275405406952,0.99933922290802,0.3441798686981201,0.6634870171546936,-0.02132650464773178,0.7316067218780518,0.4040161371231079,0.6674164533615112,0.10454314202070236,0.8592479825019836,0.3735552430152893,0.738201379776001,-0.021759681403636932,0.8400406241416931,0.4034345746040344,0.7442055940628052,0.10526124387979507,0.8751498460769653,0.3727923333644867,0.748175323009491,-0.019065316766500473,0.8452332615852356,0.40715381503105164,0.7561813592910767,0.10366515070199966,0.8739397525787354,0.36512863636016846,0.7474910616874695,-0.05624810978770256,0.8107624053955078,0.4049464464187622,0.7542915940284729,0.06819354742765427,0.7874928712844849
119,0.4200468063354492,0.47098997235298157,0.2113618552684784,0.998995840549469,0.41669419407844543,0.464266300201416,0.17720751464366913,0.9990825057029724,0.4140063226222992,0.46355465054512024,0.17716073989868164,0.9989811778068542,0.4108859896659851,0.4627903997898102,0.17715604603290558,0.9990499019622803,0.4271809756755829,0.4663330912590027,0.19376108050346375,0.9986822605133057,0.43116703629493713,0.46679991483688354,0.1936614066362381,0.9984390139579773,0.43413594365119934,0.4670090675354004,0.1936635971069336,0.9985420107841492,0.4029046893119812,0.4643078148365021,0.05105547606945038,0.9984188079833984,0.4352436661720276,0.4696321189403534,0.12361198663711548,0.9982082843780518,0.4108724594116211,0.4745052456855774,0.17026537656784058,0.9969151020050049,0.4220874309539795,0.4765506684780121,0.19159939885139465,0.997326135635376,0.3635970652103424,0.48783814907073975,-0.014199122786521912,0.998678982257843,0.4478498697280884,0.502314567565918,0.11116093397140503,0.9983947277069092,0.2890624701976776,0.474982887506485,0.049063894897699356,0.8355214595794678,0.4194684624671936,0.5056746602058411,0.24753037095069885,0.3717327117919922,0.34950631856918335,0.44221529364585876,0.1841268539428711,0.792791485786438,0.39596354961395264,0.46106499433517456,0.4035663604736328,0.2936495542526245,0.3515565097332001,0.43356311321258545,0.195006862282753,0.773594319820404,0.39621204137802124,0.44968611001968384,0.4212127923965454,0.29508063197135925,0.36962953209877014,0.4370584189891815,0.1657176911830902,0.770365834236145,0.39172425866127014,0.44382843375205994,0.41128796339035034,0.2939602732658386,0.3643700182437897,0.44116082787513733,0.17696939408779144,0.7581211924552917,0.38913244009017944,0.44668713212013245,0.4013511538505554,0.2974069118499756,0.34103384613990784,0.5920188426971436,-0.020900366827845573,0.9993079304695129,0.3989805579185486,0.5973132252693176,0.020789997652173042,0.9993562698364258,0.35041114687919617,0.6646918058395386,-0.010920651257038116,0.7475258708000183,0.40510499477386475,0.6675840020179749,0.06553275883197784,0.8565092086791992,0.37344518303871155,0.7384827136993408,-0.0415949784219265,0.8512060642242432,0.40356147289276123,0.7440961599349976,0.051504138857126236,0.8756905198097229,0.37394919991493225,0.7487490773200989,-0.043303247541189194,0.8548721671104431,0.405580997467041,0.7565927505493164,0.04715855047106743,0.8764267563819885,0.37017911672592163,0.7490817308425903,-0.09145410358905792,0.8204739093780518,0.40968695282936096,0.7551432847976685,0.002493238775059581,0.7887436151504517
120,0.4111955463886261,0.46626749634742737,0.21617180109024048,0.9989859461784363,0.410250723361969,0.46021586656570435,0.18472670018672943,0.9990577101707458,0.40752118825912476,0.4596835970878601,0.18467141687870026,0.9989647269248962,0.4044530391693115,0.4591085612773895,0.18467289209365845,0.9990273118019104,0.4209122657775879,0.4625510573387146,0.20379576086997986,0.9986346364021301,0.4241357445716858,0.46313852071762085,0.20370586216449738,0.9983865022659302,0.4288700222969055,0.46384376287460327,0.20371362566947937,0.9984835982322693,0.39584842324256897,0.46186161041259766,0.06443720310926437,0.9983716607093811,0.43012893199920654,0.46778345108032227,0.14792895317077637,0.9981235861778259,0.4052024185657501,0.47065120935440063,0.17614440619945526,0.9968364834785461,0.4172225892543793,0.4734354019165039,0.20074160397052765,0.9972524046897888,0.35597482323646545,0.4842115044593811,-0.009392165578901768,0.9987423419952393,0.44730257987976074,0.501710832118988,0.1417183130979538,0.9983217716217041,0.29362213611602783,0.47446462512016296,0.06708969175815582,0.850360631942749,0.41061919927597046,0.5138018131256104,0.2697289288043976,0.3602122664451599,0.34942328929901123,0.44462504982948303,0.22485393285751343,0.8067212104797363,0.3856900930404663,0.4703315794467926,0.4165025055408478,0.28098416328430176,0.3576006293296814,0.43641507625579834,0.23634514212608337,0.7875396013259888,0.3854571580886841,0.45939669013023376,0.4367983341217041,0.28277724981307983,0.36872726678848267,0.43968138098716736,0.20962460339069366,0.7844475507736206,0.3852406144142151,0.4474412500858307,0.42449378967285156,0.28179916739463806,0.3674003779888153,0.4441211521625519,0.21965062618255615,0.771607518196106,0.3805677890777588,0.452883243560791,0.41306987404823303,0.285697877407074,0.337782084941864,0.591210126876831,-0.033019375056028366,0.999342679977417,0.4000864028930664,0.5971960425376892,0.03287988901138306,0.9993780851364136,0.3422021269798279,0.6635419130325317,-0.058354731649160385,0.7626484632492065,0.4029218554496765,0.6660453677177429,0.05407584458589554,0.8511908054351807,0.37474632263183594,0.7407039999961853,-0.10755415260791779,0.8609458804130554,0.39964503049850464,0.7430696487426758,0.02111327089369297,0.8742778897285461,0.37501293420791626,0.7495034337043762,-0.1110999658703804,0.8621569871902466,0.40281906723976135,0.7548123598098755,0.014280025847256184,0.8762114644050598,0.3712601661682129,0.7498955130577087,-0.161213219165802,0.829638659954071,0.4013894200325012,0.7520318627357483,-0.03152614086866379,0.789513349533081
121,0.41420701146125793,0.46914178133010864,0.210049107670784,0.998948872089386,0.4122507870197296,0.46402594447135925,0.17730867862701416,0.999010443687439,0.4069538116455078,0.462572306394577,0.1772531270980835,0.9989224672317505,0.4034229815006256,0.4615868031978607,0.17724664509296417,0.998977541923523,0.4211500883102417,0.4663757383823395,0.1930166333913803,0.9985782504081726,0.42573124170303345,0.4671659469604492,0.19291020929813385,0.998319149017334,0.42869359254837036,0.4674891233444214,0.19291093945503235,0.9984095096588135,0.3975362777709961,0.4627774655818939,0.05466840788722038,0.9983023405075073,0.4298667013645172,0.4691813886165619,0.12285643815994263,0.9980456233024597,0.4043995141983032,0.4725707471370697,0.1701006293296814,0.9967470169067383,0.41622841358184814,0.47515392303466797,0.19011621177196503,0.9971691966056824,0.3546691834926605,0.4852447509765625,-0.014655922539532185,0.9987918138504028,0.4477202594280243,0.5011618137359619,0.11523902416229248,0.9982391595840454,0.2929714024066925,0.47492843866348267,0.05739501491189003,0.8631328344345093,0.4198440909385681,0.5145564079284668,0.24985049664974213,0.3463902771472931,0.35571345686912537,0.443781316280365,0.20306386053562164,0.8176131248474121,0.3891085982322693,0.47318753600120544,0.40938258171081543,0.26652607321739197,0.3579694330692291,0.43572527170181274,0.21420694887638092,0.798119068145752,0.3950200378894806,0.4506058096885681,0.4312564432621002,0.2689804434776306,0.371020644903183,0.43953844904899597,0.18933026492595673,0.7950977087020874,0.38959720730781555,0.45051315426826477,0.417035847902298,0.2681698501110077,0.36996975541114807,0.4440622329711914,0.1976582407951355,0.7818990349769592,0.3843787908554077,0.4567767381668091,0.40588390827178955,0.27253273129463196,0.33983832597732544,0.5919163227081299,-0.023790521547198296,0.9993639588356018,0.4003450274467468,0.5972049832344055,0.023668117821216583,0.9993842244148254,0.34268897771835327,0.6639680862426758,-0.03693537041544914,0.7740194797515869,0.4029455780982971,0.6666367053985596,0.04683598503470421,0.8457484245300293,0.37046363949775696,0.7383127212524414,-0.07503268122673035,0.868775486946106,0.40086793899536133,0.7437988519668579,0.024154899641871452,0.8728591799736023,0.3751811981201172,0.7493165731430054,-0.07709429413080215,0.8674657344818115,0.40482714772224426,0.7546955347061157,0.01924015022814274,0.8753163814544678,0.3639194071292877,0.7479106187820435,-0.12126651406288147,0.835612416267395,0.40598931908607483,0.7523522973060608,-0.024768412113189697,0.7880480885505676
122,0.40413200855255127,0.46674996614456177,0.2109338492155075,0.9989252090454102,0.4025031626224518,0.4622245728969574,0.17644424736499786,0.9989766478538513,0.39960071444511414,0.46166518330574036,0.1763918548822403,0.9988988041877747,0.3963668644428253,0.46110212802886963,0.17638228833675385,0.9989488124847412,0.4133673906326294,0.4641779959201813,0.19711485505104065,0.9985253810882568,0.41667601466178894,0.46465301513671875,0.19702289998531342,0.9982548952102661,0.42145925760269165,0.46532201766967773,0.19704300165176392,0.9983379244804382,0.3904816508293152,0.4626900553703308,0.04996316134929657,0.998265266418457,0.424385130405426,0.46852558851242065,0.14092379808425903,0.9979701042175293,0.3987133502960205,0.4719794988632202,0.1693088859319687,0.9966588020324707,0.4109744727611542,0.4738839566707611,0.19598644971847534,0.9970760941505432,0.35431256890296936,0.4843108057975769,-0.026031363755464554,0.9988287687301636,0.44573724269866943,0.5002464652061462,0.14061802625656128,0.9981152415275574,0.29022467136383057,0.47356078028678894,0.04914524406194687,0.8752895593643188,0.4204375445842743,0.5061384439468384,0.2851088047027588,0.3340473771095276,0.35421377420425415,0.4435294270515442,0.21740195155143738,0.8284152150154114,0.3985539674758911,0.46259450912475586,0.43521595001220703,0.25492316484451294,0.36071258783340454,0.43591228127479553,0.23022790253162384,0.8093155026435852,0.3930642008781433,0.447176992893219,0.45497050881385803,0.25882330536842346,0.3728416860103607,0.4399273991584778,0.20050355792045593,0.8063890337944031,0.3935912549495697,0.44644591212272644,0.44195449352264404,0.25828447937965393,0.37207087874412537,0.4443921446800232,0.21125584840774536,0.7931116223335266,0.3895719051361084,0.45061641931533813,0.43136849999427795,0.263043612241745,0.3401820957660675,0.592927098274231,-0.03783927485346794,0.9993811845779419,0.4010414183139801,0.5988219380378723,0.037735942751169205,0.9993895888328552,0.34816408157348633,0.665168821811676,-0.04680170863866806,0.7882193922996521,0.4012054204940796,0.6690434813499451,0.06843144446611404,0.8403142094612122,0.37904059886932373,0.7418402433395386,-0.0836445763707161,0.8775326609611511,0.3999233543872833,0.7461677193641663,0.04338371381163597,0.872374415397644,0.3834169805049896,0.7500940561294556,-0.08529927581548691,0.8753045797348022,0.40407904982566833,0.7575376629829407,0.03792869299650192,0.8768469095230103,0.37539350986480713,0.7499217987060547,-0.13297675549983978,0.8438472747802734,0.3961104154586792,0.7571213245391846,-0.006589773576706648,0.7890468239784241
123,0.3997551500797272,0.46439942717552185,0.1951073706150055,0.9988856315612793,0.39778628945350647,0.46007949113845825,0.1605251282453537,0.9989272356033325,0.39530137181282043,0.4596058130264282,0.1604567915201187,0.9988621473312378,0.39054518938064575,0.45891621708869934,0.16043631732463837,0.9989057183265686,0.4080791473388672,0.46163758635520935,0.1837448626756668,0.9984535574913025,0.4114515483379364,0.4620591104030609,0.1836492419242859,0.9981692433357239,0.41440579295158386,0.4623315930366516,0.1836528778076172,0.9982494711875916,0.3893832862377167,0.46085402369499207,0.03205453231930733,0.9982093572616577,0.4206699728965759,0.4655226171016693,0.13462381064891815,0.9978905916213989,0.39498940110206604,0.4695022404193878,0.15268725156784058,0.9965562224388123,0.4045858085155487,0.47096434235572815,0.18269795179367065,0.9969739317893982,0.3577643930912018,0.48320919275283813,-0.047099851071834564,0.9988793134689331,0.4442404508590698,0.5001571178436279,0.14276579022407532,0.9980294108390808,0.3059673309326172,0.4724976122379303,0.01323005836457014,0.8855560421943665,0.41807880997657776,0.5109418034553528,0.2960077226161957,0.31468644738197327,0.3637895882129669,0.44580408930778503,0.17391809821128845,0.8346599340438843,0.388725221157074,0.47087299823760986,0.4563584327697754,0.23834452033042908,0.3733663856983185,0.43663570284843445,0.1832883358001709,0.8150935173034668,0.3869846761226654,0.46060115098953247,0.481815367937088,0.24343833327293396,0.38316550850868225,0.44212087988853455,0.15856800973415375,0.8122931718826294,0.3836665451526642,0.45204785466194153,0.46471214294433594,0.24317876994609833,0.38176965713500977,0.44456660747528076,0.16894175112247467,0.7985331416130066,0.38164108991622925,0.45364394783973694,0.4513961374759674,0.24838368594646454,0.3415152430534363,0.5925778746604919,-0.046852219849824905,0.9994103908538818,0.4012150466442108,0.5979061126708984,0.046758342534303665,0.999403715133667,0.35610708594322205,0.6668550968170166,-0.061469241976737976,0.8007002472877502,0.4008086621761322,0.6687400937080383,0.07401815056800842,0.8320090174674988,0.3804730176925659,0.7425470352172852,-0.10521779209375381,0.885696291923523,0.39912763237953186,0.7445896863937378,0.055098723620176315,0.8707884550094604,0.38578006625175476,0.7500532269477844,-0.10813611000776291,0.8810396790504456,0.40474435687065125,0.7550731301307678,0.05007912218570709,0.8760384917259216,0.37230560183525085,0.7528092861175537,-0.1623086929321289,0.8520862460136414,0.40168994665145874,0.7559069395065308,0.003568826476112008,0.7904022932052612
124,0.4046638309955597,0.4669708013534546,0.23930805921554565,0.9988850355148315,0.40348535776138306,0.46188563108444214,0.20650526881217957,0.9989143013954163,0.40097928047180176,0.4612082540988922,0.20644110441207886,0.9988592863082886,0.39812609553337097,0.4604829251766205,0.20641730725765228,0.9988943934440613,0.4138526916503906,0.46392297744750977,0.2297424077987671,0.9984564781188965,0.4167950451374054,0.464353084564209,0.22961871325969696,0.998174250125885,0.42165088653564453,0.4649888873100281,0.22961606085300446,0.9982478618621826,0.3958882689476013,0.4620271623134613,0.07878254354000092,0.9982054233551025,0.42353615164756775,0.4684796929359436,0.18099431693553925,0.9979197978973389,0.3995877206325531,0.47020435333251953,0.1963985711336136,0.9965299367904663,0.4123287498950958,0.4723793566226959,0.22639583051204681,0.9969714283943176,0.36080747842788696,0.4805959165096283,-0.01014486514031887,0.9989461898803711,0.4459229111671448,0.50173020362854,0.17927014827728271,0.9980429410934448,0.30942094326019287,0.4681991636753082,0.05372403934597969,0.8953946232795715,0.42259281873703003,0.5199069976806641,0.34345901012420654,0.29408419132232666,0.3730836808681488,0.44621244072914124,0.22504465281963348,0.8418305516242981,0.39266902208328247,0.48961538076400757,0.5187143683433533,0.22073955833911896,0.38447147607803345,0.43852055072784424,0.237308531999588,0.8217368125915527,0.3899650275707245,0.4821634590625763,0.5457044839859009,0.22656597197055817,0.39169591665267944,0.44380462169647217,0.20993545651435852,0.8190260529518127,0.3843417167663574,0.4808236360549927,0.5285482406616211,0.22653338313102722,0.388477623462677,0.4459938108921051,0.21945969760417938,0.8049877285957336,0.3825368285179138,0.48298460245132446,0.5140843391418457,0.23193448781967163,0.34251341223716736,0.5885107517242432,-0.044997505843639374,0.9994359016418457,0.4001063108444214,0.596907377243042,0.044885747134685516,0.9994189739227295,0.34740495681762695,0.6621648669242859,-0.06451600044965744,0.8143227100372314,0.401058554649353,0.6675140261650085,0.07230723649263382,0.8303070664405823,0.3756968379020691,0.740741491317749,-0.11256531625986099,0.893864095211029,0.39909976720809937,0.7434840798377991,0.03412625938653946,0.8732237219810486,0.3785436749458313,0.7504971623420715,-0.11527927964925766,0.8882631063461304,0.4006962180137634,0.753887414932251,0.026959901675581932,0.8792480230331421,0.3623877465724945,0.7567134499549866,-0.16297844052314758,0.8603744506835938,0.402671217918396,0.7541919946670532,-0.02002032846212387,0.7950323224067688
125,0.4083445370197296,0.4663701057434082,0.20330879092216492,0.9988595843315125,0.40698522329330444,0.46297237277030945,0.1695440113544464,0.9988836050033569,0.4042164385318756,0.462254136800766,0.1694757044315338,0.9988378882408142,0.40113869309425354,0.46147212386131287,0.1694602370262146,0.9988691806793213,0.4181298017501831,0.4650897979736328,0.19309750199317932,0.998415470123291,0.4210101366043091,0.4654207229614258,0.19299273192882538,0.9981241822242737,0.42571526765823364,0.46590813994407654,0.19300268590450287,0.9981942772865295,0.3981931209564209,0.46345415711402893,0.04308829829096794,0.9981741309165955,0.4260862171649933,0.4686371684074402,0.14694266021251678,0.9978641867637634,0.40195104479789734,0.4708416163921356,0.16119970381259918,0.9964305758476257,0.4154914319515228,0.4732445478439331,0.19156824052333832,0.9968824982643127,0.3641502857208252,0.48190996050834656,-0.04133743420243263,0.9989941716194153,0.4466598331928253,0.5002186298370361,0.15622863173484802,0.9979873895645142,0.31321045756340027,0.4707249402999878,0.02048374153673649,0.9040462374687195,0.4203387200832367,0.5126152038574219,0.3103159964084625,0.27709054946899414,0.3696695864200592,0.44542282819747925,0.18457481265068054,0.8485395908355713,0.3946492373943329,0.4721757173538208,0.46930575370788574,0.20681020617485046,0.37937596440315247,0.4369325041770935,0.19434814155101776,0.828153669834137,0.3940228223800659,0.4621378481388092,0.4952082335948944,0.21358177065849304,0.3882703483104706,0.4426165521144867,0.16971822082996368,0.8254975080490112,0.3882805109024048,0.4603467285633087,0.47794386744499207,0.21374505758285522,0.38620516657829285,0.44492700695991516,0.1799994558095932,0.8112682700157166,0.385761559009552,0.4635065495967865,0.4642724096775055,0.2193973809480667,0.34134629368782043,0.5914624333381653,-0.046619366854429245,0.9994654059410095,0.39984825253486633,0.5976583361625671,0.046473581343889236,0.9994397759437561,0.3469838500022888,0.6638447642326355,-0.06201069429516792,0.824173092842102,0.40078023076057434,0.6673306822776794,0.0807470828294754,0.8232172131538391,0.38044312596321106,0.7398757934570312,-0.10042037814855576,0.9001755118370056,0.4027840793132782,0.7446866631507874,0.05380892753601074,0.8714976906776428,0.38361987471580505,0.7493403553962708,-0.10217010974884033,0.8929221034049988,0.40268591046333313,0.7539511919021606,0.04812919721007347,0.8784151077270508,0.37227508425712585,0.7593355178833008,-0.14748387038707733,0.8665363788604736,0.4077625274658203,0.7556679248809814,0.004896479658782482,0.7951390743255615
126,0.40629422664642334,0.4650996923446655,0.2018739879131317,0.9987965226173401,0.40440109372138977,0.4619288146495819,0.16785812377929688,0.9988065958023071,0.4018060863018036,0.46134811639785767,0.16779088973999023,0.9987756013870239,0.39663606882095337,0.4604143500328064,0.16777430474758148,0.9988018274307251,0.4122053384780884,0.4632546305656433,0.19248917698860168,0.9982996582984924,0.418048620223999,0.4640117585659027,0.19238662719726562,0.9979840517044067,0.42067521810531616,0.4641304910182953,0.19239145517349243,0.9980574250221252,0.39531877636909485,0.46201926469802856,0.038704387843608856,0.9980689287185669,0.42420294880867004,0.4662610590457916,0.14787691831588745,0.9977374076843262,0.40000447630882263,0.46987372636795044,0.1587076336145401,0.9962130784988403,0.41026291251182556,0.47157174348831177,0.19062799215316772,0.9966734647750854,0.364663690328598,0.48191195726394653,-0.04296661913394928,0.9990202784538269,0.44660046696662903,0.49902212619781494,0.15328431129455566,0.9979192614555359,0.3167177140712738,0.46987980604171753,0.010439866222441196,0.9117439389228821,0.41757723689079285,0.506199836730957,0.3036288917064667,0.2645820379257202,0.37796756625175476,0.4464722275733948,0.17316505312919617,0.8539783358573914,0.3981497287750244,0.4661311209201813,0.4570216238498688,0.19560210406780243,0.39082908630371094,0.4381522536277771,0.18313594162464142,0.83331298828125,0.39866384863853455,0.4560658633708954,0.4826788008213043,0.20309926569461823,0.39696675539016724,0.4434422552585602,0.15758971869945526,0.8307685256004333,0.3993052542209625,0.44819021224975586,0.46774938702583313,0.20343472063541412,0.3900424540042877,0.4453205466270447,0.16788581013679504,0.8163458704948425,0.3936746418476105,0.4523734152317047,0.452960342168808,0.20930874347686768,0.33900704979896545,0.5890076756477356,-0.047941695898771286,0.9994885325431824,0.3960067629814148,0.5941447615623474,0.047834593802690506,0.9994527101516724,0.3433298170566559,0.6630618572235107,-0.08347688615322113,0.83306884765625,0.4015035331249237,0.6659566164016724,0.05950617790222168,0.8161723017692566,0.3765922784805298,0.7408344745635986,-0.13919450342655182,0.9063063263893127,0.4003218114376068,0.745438277721405,0.02531004138290882,0.8694058060646057,0.378716379404068,0.7506279349327087,-0.14322468638420105,0.8972864747047424,0.40223097801208496,0.7562207579612732,0.01874534972012043,0.8766027092933655,0.36473482847213745,0.7514968514442444,-0.19395580887794495,0.8730825185775757,0.39852917194366455,0.7550117373466492,-0.028199445456266403,0.7958499193191528
127,0.41216591000556946,0.4670073091983795,0.1898038685321808,0.998680055141449,0.41083982586860657,0.46207836270332336,0.15749011933803558,0.9986642003059387,0.4079638123512268,0.461430162191391,0.15742038190364838,0.9986401200294495,0.40495172142982483,0.46072259545326233,0.15739557147026062,0.9986673593521118,0.4211217164993286,0.46413591504096985,0.1789068579673767,0.9981178045272827,0.4240255355834961,0.464579701423645,0.1788007766008377,0.9977709054946899,0.4266066551208496,0.46478015184402466,0.1788005828857422,0.9978535771369934,0.3985622227191925,0.4626114070415497,0.0349845252931118,0.9978330135345459,0.4286860525608063,0.4681364595890045,0.1298428475856781,0.9974585175514221,0.40527766942977905,0.4694924056529999,0.14934062957763672,0.9958313703536987,0.4179184138774872,0.4720984995365143,0.17703032493591309,0.996342658996582,0.3669673204421997,0.4819522202014923,-0.0402505099773407,0.9990372657775879,0.4485478699207306,0.5014787316322327,0.13260282576084137,0.9978488683700562,0.31929290294647217,0.46967431902885437,0.022332383319735527,0.9178146719932556,0.42274150252342224,0.5102719664573669,0.2710072994232178,0.25238093733787537,0.3818152844905853,0.4454425275325775,0.18068844079971313,0.8575148582458496,0.4019589424133301,0.46924832463264465,0.4153977036476135,0.18534448742866516,0.395348459482193,0.4380539059638977,0.18942226469516754,0.8363662362098694,0.40279993414878845,0.4593302309513092,0.4382190704345703,0.19351030886173248,0.4020383059978485,0.4429995119571686,0.16579584777355194,0.8337798118591309,0.39736005663871765,0.4573621153831482,0.4223746359348297,0.19396959245204926,0.3951164782047272,0.44443580508232117,0.17587122321128845,0.8190120458602905,0.40037772059440613,0.4558010995388031,0.41066843271255493,0.20008498430252075,0.340497225522995,0.5900628566741943,-0.03788143768906593,0.9995118379592896,0.3981497287750244,0.596321702003479,0.03774755075573921,0.999467134475708,0.3474186360836029,0.6647026538848877,-0.05405415967106819,0.8393838405609131,0.4029879868030548,0.66630619764328,0.06738079339265823,0.8086614608764648,0.3757637143135071,0.7418758869171143,-0.09756013005971909,0.9113305807113647,0.40131863951683044,0.7436529994010925,0.05065719783306122,0.8663997650146484,0.37886980175971985,0.7499340772628784,-0.10111618787050247,0.9000019431114197,0.3988337516784668,0.749680757522583,0.04603671282529831,0.8735222220420837,0.3769552707672119,0.7538564205169678,-0.1573692113161087,0.8780614137649536,0.4073793888092041,0.7557798624038696,-0.00234295055270195,0.7949405312538147
128,0.40922433137893677,0.46708443760871887,0.19442708790302277,0.9984802007675171,0.4075407385826111,0.4621867537498474,0.16191628575325012,0.9984508156776428,0.401980996131897,0.46111297607421875,0.16184084117412567,0.9984428882598877,0.3995102643966675,0.46048468351364136,0.16180753707885742,0.9984719157218933,0.41479650139808655,0.4634426236152649,0.18505093455314636,0.9977992177009583,0.42025986313819885,0.4642516076564789,0.18495720624923706,0.9974002242088318,0.42269864678382874,0.4643619954586029,0.18496637046337128,0.9974949359893799,0.3975664973258972,0.46290990710258484,0.03827514499425888,0.9974956512451172,0.4258752167224884,0.467792809009552,0.14092645049095154,0.9970070123672485,0.39887943863868713,0.46955451369285583,0.15325887501239777,0.9951143860816956,0.41230446100234985,0.47168031334877014,0.18323078751564026,0.9956722855567932,0.3676827847957611,0.4825509190559387,-0.038952846080064774,0.9990026950836182,0.44551321864128113,0.5009318590164185,0.14307880401611328,0.9976311922073364,0.32297033071517944,0.47021421790122986,0.021046007052063942,0.9231011867523193,0.42285120487213135,0.5080997943878174,0.29080435633659363,0.24018225073814392,0.38488268852233887,0.4457325339317322,0.18613110482692719,0.8592755794525146,0.4052446782588959,0.4662269055843353,0.45012691617012024,0.1753331869840622,0.39621272683143616,0.43780890107154846,0.19622360169887543,0.8378891944885254,0.40653520822525024,0.45593637228012085,0.47596922516822815,0.1842098832130432,0.40252336859703064,0.4427127540111542,0.17146365344524384,0.8354065418243408,0.40165430307388306,0.45409467816352844,0.4597577154636383,0.1847998946905136,0.3961503207683563,0.44463464617729187,0.18103797733783722,0.8201391696929932,0.4005569517612457,0.45239007472991943,0.4455510377883911,0.1910916566848755,0.34008315205574036,0.5892817974090576,-0.04191823676228523,0.9995208978652954,0.3946918547153473,0.5949317812919617,0.041757579892873764,0.999467134475708,0.34808793663978577,0.6654433012008667,-0.06288240104913712,0.844192385673523,0.4017094373703003,0.6673401594161987,0.06790711730718613,0.8027166724205017,0.3782236874103546,0.7422159910202026,-0.11084946990013123,0.9155710935592651,0.4004230797290802,0.7453828454017639,0.04489639028906822,0.86445552110672,0.38129809498786926,0.7513056993484497,-0.11487291753292084,0.9023277759552002,0.40159428119659424,0.7563583850860596,0.03943869099020958,0.871832013130188,0.37029191851615906,0.7523655295372009,-0.17409011721611023,0.8823153376579285,0.4044131636619568,0.7570417523384094,-0.011516227386891842,0.7952433228492737
129,0.4091493785381317,0.4680018126964569,0.1803915947675705,0.9984400272369385,0.40819254517555237,0.4631820321083069,0.14666573703289032,0.9984073638916016,0.4055282175540924,0.46251586079597473,0.14658546447753906,0.9984032511711121,0.40018799901008606,0.46140971779823303,0.14655102789402008,0.9984328150749207,0.4183979034423828,0.4651697874069214,0.1717742383480072,0.9977569580078125,0.421257883310318,0.4655453562736511,0.17166629433631897,0.9973447918891907,0.42364776134490967,0.46568840742111206,0.17166702449321747,0.997443675994873,0.398558646440506,0.4640859365463257,0.020441126078367233,0.9974347949028015,0.4252976179122925,0.4691193401813507,0.13188090920448303,0.9969391822814941,0.4020070731639862,0.47082966566085815,0.1384376585483551,0.9949919581413269,0.41271576285362244,0.4728623330593109,0.17092300951480865,0.9955799579620361,0.3678358197212219,0.48501715064048767,-0.06189006567001343,0.9990289807319641,0.44400593638420105,0.501157820224762,0.1439373642206192,0.9975771307945251,0.33106252551078796,0.4703276455402374,-0.0025364658795297146,0.9280952215194702,0.4272356629371643,0.5073167085647583,0.29202932119369507,0.2270834594964981,0.3876991271972656,0.4459715485572815,0.1639406681060791,0.8618353009223938,0.40719321370124817,0.46591269969940186,0.4376973509788513,0.165480837225914,0.3987479507923126,0.43822523951530457,0.1710948795080185,0.8402314782142639,0.40820133686065674,0.45589274168014526,0.4621371924877167,0.1752161830663681,0.40602606534957886,0.44373205304145813,0.14765869081020355,0.8377401828765869,0.4022824466228485,0.45411914587020874,0.44359350204467773,0.17599646747112274,0.40274685621261597,0.44590848684310913,0.15923063457012177,0.8223717212677002,0.39908352494239807,0.45738670229911804,0.43164071440696716,0.18250210583209991,0.33935847878456116,0.5905846357345581,-0.048590824007987976,0.9995446801185608,0.3962844908237457,0.5970131158828735,0.048473428934812546,0.9994825124740601,0.3443687856197357,0.6638270616531372,-0.04955359548330307,0.851270854473114,0.40405192971229553,0.6657121181488037,0.09601716697216034,0.7957342863082886,0.37668877840042114,0.7388423681259155,-0.08419672399759293,0.920596182346344,0.40345320105552673,0.7407782077789307,0.08772560209035873,0.8634983897209167,0.3799329996109009,0.7488678097724915,-0.08692093938589096,0.9061111807823181,0.4002305865287781,0.749415934085846,0.0839780643582344,0.8712430000305176,0.3671327233314514,0.7496671676635742,-0.1450054943561554,0.8878148198127747,0.3977879285812378,0.7514464855194092,0.036433055996894836,0.7969081401824951
130,0.397776335477829,0.4676345884799957,0.18870364129543304,0.9984524846076965,0.3974277675151825,0.46269309520721436,0.1523085981607437,0.9984323978424072,0.3952500522136688,0.46230146288871765,0.1522541344165802,0.9984338283538818,0.3912757337093353,0.46164634823799133,0.15222685039043427,0.9984637498855591,0.40688246488571167,0.4642009139060974,0.18105609714984894,0.9977847337722778,0.40971437096595764,0.4646013081073761,0.1809895932674408,0.9973766803741455,0.41215091943740845,0.464863657951355,0.18102598190307617,0.9974765777587891,0.3925393521785736,0.46414098143577576,0.018090134486556053,0.9974989891052246,0.4172404110431671,0.46816104650497437,0.14643877744674683,0.9970101118087769,0.39203137159347534,0.4722312390804291,0.14393506944179535,0.9950374960899353,0.4019049108028412,0.47373348474502563,0.1813116818666458,0.9956256747245789,0.36864227056503296,0.486728698015213,-0.06641548871994019,0.9990441203117371,0.44323626160621643,0.5012304186820984,0.16225463151931763,0.997564435005188,0.32819485664367676,0.46739569306373596,-0.03020445443689823,0.9339982271194458,0.4268675148487091,0.5035915970802307,0.3365757167339325,0.21432854235172272,0.38864925503730774,0.44462454319000244,0.12391319125890732,0.8694984912872314,0.4103824496269226,0.463591068983078,0.4959617853164673,0.157101571559906,0.39870941638946533,0.4396023452281952,0.13064564764499664,0.8488269448280334,0.41418465971946716,0.4502931237220764,0.5229160189628601,0.16818071901798248,0.40642887353897095,0.443169504404068,0.10606073588132858,0.8464149832725525,0.4090482294559479,0.4489124119281769,0.5063202381134033,0.16913177073001862,0.4031989574432373,0.4464508593082428,0.1188526302576065,0.8313447833061218,0.4043002724647522,0.4528154134750366,0.4912492632865906,0.17605090141296387,0.33891651034355164,0.5908795595169067,-0.05483977496623993,0.9995580911636353,0.3963526785373688,0.596417248249054,0.054769888520240784,0.9994892477989197,0.35721397399902344,0.6631963849067688,-0.07012033462524414,0.8599455952644348,0.4027172029018402,0.6678274869918823,0.0933760553598404,0.7914047241210938,0.3772752583026886,0.7415759563446045,-0.10760720074176788,0.9259058833122253,0.4021158516407013,0.7448499202728271,0.0693611428141594,0.8636632561683655,0.37977418303489685,0.7503448724746704,-0.11050748825073242,0.9121611714363098,0.39829227328300476,0.754253625869751,0.0636570081114769,0.8729490637779236,0.3710457682609558,0.7599695324897766,-0.16714587807655334,0.894028902053833,0.407634437084198,0.7560871243476868,0.016820283606648445,0.7991105914115906
131,0.38509833812713623,0.46179237961769104,0.146868497133255,0.9984329342842102,0.3875894248485565,0.4585939347743988,0.10811343044042587,0.9984360933303833,0.3865620791912079,0.4584125280380249,0.10805170983076096,0.9984448552131653,0.385524719953537,0.4581719934940338,0.1080239862203598,0.9984720349311829,0.39605340361595154,0.4595297873020172,0.13696971535682678,0.9977760314941406,0.3986625373363495,0.4597707688808441,0.1368860900402069,0.9973673820495605,0.40411466360092163,0.4603513479232788,0.136890709400177,0.9974741339683533,0.3878447115421295,0.46113190054893494,-0.030227646231651306,0.9975294470787048,0.41117656230926514,0.4643966257572174,0.09918643534183502,0.9970648288726807,0.38113048672676086,0.4683612585067749,0.10163962095975876,0.9950425624847412,0.39255866408348083,0.46974247694015503,0.13924020528793335,0.9956086874008179,0.36799439787864685,0.48509806394577026,-0.10823440551757812,0.9990549683570862,0.4381030797958374,0.49689432978630066,0.1277017444372177,0.9975927472114563,0.3360583186149597,0.4702037274837494,-0.09431937336921692,0.9378695487976074,0.4269465208053589,0.49946174025535583,0.3145042955875397,0.20227545499801636,0.39371299743652344,0.4449000358581543,0.027031779289245605,0.8726882338523865,0.40597569942474365,0.4610261023044586,0.4847637116909027,0.14922621846199036,0.40027502179145813,0.439162939786911,0.026807082816958427,0.8527406454086304,0.40654027462005615,0.4511633515357971,0.5162826776504517,0.16138458251953125,0.41297441720962524,0.4429931342601776,0.006612636148929596,0.8505368232727051,0.4015524685382843,0.4499416947364807,0.49603480100631714,0.16242259740829468,0.4046105742454529,0.44621697068214417,0.022096754983067513,0.8353095054626465,0.3985682725906372,0.45370447635650635,0.4796653985977173,0.16980701684951782,0.3414132297039032,0.5903447866439819,-0.06028288975358009,0.9995831847190857,0.3982148766517639,0.5956522226333618,0.06024187430739403,0.9995123147964478,0.34409359097480774,0.6646621823310852,-0.06095583736896515,0.8655437231063843,0.39770349860191345,0.6671344041824341,0.1161031424999237,0.7817115187644958,0.3770865797996521,0.739650547504425,-0.08032536506652832,0.9300711154937744,0.4022460877895355,0.7402012944221497,0.12133404612541199,0.859769880771637,0.38019630312919617,0.748750627040863,-0.08145541697740555,0.9156664609909058,0.399947851896286,0.7489476799964905,0.1188754066824913,0.8695724010467529,0.36388275027275085,0.7492097020149231,-0.13145744800567627,0.8991254568099976,0.3997363746166229,0.7510263323783875,0.07891330868005753,0.7984868884086609
132,0.37920358777046204,0.4610278904438019,0.12829209864139557,0.9983124732971191,0.38344278931617737,0.4582059979438782,0.09454631060361862,0.9983307123184204,0.3834322690963745,0.45817330479621887,0.09448711574077606,0.9983422160148621,0.3834221661090851,0.45803946256637573,0.09445279091596603,0.9983896613121033,0.3903418183326721,0.4589115083217621,0.12123166024684906,0.9975999593734741,0.39241406321525574,0.4590965807437897,0.12116803973913193,0.9971431493759155,0.39414048194885254,0.45915549993515015,0.12118075042963028,0.9973059296607971,0.38780203461647034,0.46066179871559143,-0.024832407012581825,0.9973816871643066,0.4021032750606537,0.46296146512031555,0.09605252742767334,0.9968874454498291,0.3768370449542999,0.46825364232063293,0.09010878950357437,0.9946544766426086,0.39217162132263184,0.4673537611961365,0.12502719461917877,0.9951962828636169,0.3665369749069214,0.4828936457633972,-0.09429184347391129,0.9990038275718689,0.4326692223548889,0.4956973195075989,0.12104462832212448,0.9975075721740723,0.34307846426963806,0.4710886776447296,-0.12091981619596481,0.9393218755722046,0.42936694622039795,0.49980008602142334,0.297512024641037,0.1944914013147354,0.39451372623443604,0.44517752528190613,-0.04680250212550163,0.8711835145950317,0.4100800156593323,0.46543729305267334,0.46205225586891174,0.1452288031578064,0.4067617654800415,0.4395815432071686,-0.054734330624341965,0.8506017327308655,0.41053158044815063,0.4566137194633484,0.4900442659854889,0.15849438309669495,0.4128932058811188,0.44201982021331787,-0.0680813118815422,0.8485451936721802,0.4059596061706543,0.45537975430488586,0.4711913466453552,0.15955433249473572,0.4083472192287445,0.44615548849105835,-0.05091883987188339,0.8325937986373901,0.40335381031036377,0.4585534632205963,0.45737606287002563,0.16708357632160187,0.34193605184555054,0.5897796154022217,-0.05528108403086662,0.9995953440666199,0.39202073216438293,0.5938132405281067,0.05521807074546814,0.9995211958885193,0.348465234041214,0.6668512225151062,-0.08240272104740143,0.8663231730461121,0.39634862542152405,0.6680387854576111,0.08605948090553284,0.7743211388587952,0.38534027338027954,0.7435534596443176,-0.09395741671323776,0.9321274161338806,0.4031861126422882,0.7446369528770447,0.0945611521601677,0.857577383518219,0.3886253535747528,0.7516215443611145,-0.09544617682695389,0.9146152138710022,0.41136878728866577,0.7565270662307739,0.09141150116920471,0.862829864025116,0.38469645380973816,0.7619474530220032,-0.15784776210784912,0.9020700454711914,0.4058070480823517,0.7620877027511597,0.03450090065598488,0.8000297546386719
133,0.38645675778388977,0.46142494678497314,0.1502091884613037,0.9982765316963196,0.38490667939186096,0.4575343728065491,0.11353416740894318,0.9983083605766296,0.3842748701572418,0.45770561695098877,0.11345577985048294,0.9983261227607727,0.38362953066825867,0.4578351676464081,0.11341401189565659,0.9983705282211304,0.3931750953197479,0.45825400948524475,0.14088793098926544,0.9975792765617371,0.3956085741519928,0.4586575925350189,0.1408075988292694,0.9971266388893127,0.4012335240840912,0.4596749544143677,0.14080363512039185,0.9972959160804749,0.3894783556461334,0.4615197479724884,-0.019696854054927826,0.997381865978241,0.407670259475708,0.46427562832832336,0.10343000292778015,0.9969279170036316,0.37908971309661865,0.46811169385910034,0.10663669556379318,0.994524359703064,0.3929916024208069,0.46753445267677307,0.14224128425121307,0.9950659275054932,0.36351874470710754,0.48325175046920776,-0.09847156703472137,0.9989638328552246,0.4390610456466675,0.49699756503105164,0.12822341918945312,0.9974656701087952,0.3410990536212921,0.47351863980293274,-0.11554800719022751,0.9422053694725037,0.4318641424179077,0.506597638130188,0.3307482898235321,0.1833939403295517,0.39059311151504517,0.447738915681839,-0.03154243901371956,0.8726357221603394,0.4010991156101227,0.47228118777275085,0.532228410243988,0.13736777007579803,0.40471354126930237,0.4398377239704132,-0.03638121485710144,0.85173100233078,0.4043637216091156,0.45859670639038086,0.5687035918235779,0.1512671262025833,0.41070419549942017,0.4422619938850403,-0.05054015293717384,0.8498853445053101,0.39540499448776245,0.4580499827861786,0.5458409190177917,0.15237832069396973,0.40649160742759705,0.4462851583957672,-0.035420190542936325,0.8335307240486145,0.39101314544677734,0.4660598039627075,0.5273680686950684,0.16013474762439728,0.3404140770435333,0.5935588479042053,-0.05525797978043556,0.9996142983436584,0.39894405007362366,0.5971429347991943,0.05519095063209534,0.9995383620262146,0.3447197377681732,0.6687601804733276,-0.06580603867769241,0.8674939274787903,0.39980700612068176,0.6683533787727356,0.10169677436351776,0.7684966325759888,0.38023924827575684,0.7409132122993469,-0.08583814650774002,0.9342620968818665,0.4020676016807556,0.7449692487716675,0.10149762034416199,0.8550580739974976,0.3834877014160156,0.7507683634757996,-0.08700066804885864,0.9144842624664307,0.40278080105781555,0.7515872120857239,0.09859228879213333,0.8585566282272339,0.37161892652511597,0.7532945871353149,-0.14004215598106384,0.9042584896087646,0.4036974012851715,0.756275475025177,0.051113102585077286,0.7991148233413696
134,0.38908305764198303,0.45982298254966736,0.15814237296581268,0.9983682632446289,0.39086684584617615,0.45654696226119995,0.12238021939992905,0.9984069466590881,0.38952863216400146,0.45661264657974243,0.12229733169078827,0.9984254240989685,0.38544684648513794,0.45637601613998413,0.12225785106420517,0.9984668493270874,0.39681869745254517,0.4569646418094635,0.14989516139030457,0.9977318048477173,0.4028429388999939,0.45792219042778015,0.14981186389923096,0.9973056316375732,0.4049398899078369,0.45833620429039,0.14982183277606964,0.9974653124809265,0.3907271921634674,0.4599905014038086,-0.00662573566660285,0.9975488185882568,0.4114912450313568,0.46300312876701355,0.11641465127468109,0.9971400499343872,0.3834369480609894,0.46716058254241943,0.1157209724187851,0.9948009848594666,0.39152446389198303,0.46792179346084595,0.15134574472904205,0.995327889919281,0.3654530644416809,0.4830089509487152,-0.0888267308473587,0.9990033507347107,0.43961843848228455,0.49684855341911316,0.14560513198375702,0.9975131750106812,0.34206339716911316,0.47162875533103943,-0.08583520352840424,0.9457661509513855,0.431560754776001,0.5098299384117126,0.3541158437728882,0.17337055504322052,0.3976532220840454,0.4441206753253937,0.025946009904146194,0.8749144673347473,0.4065174162387848,0.47431713342666626,0.559499979019165,0.12987349927425385,0.4053463339805603,0.4374765455722809,0.026330767199397087,0.8532207012176514,0.40564098954200745,0.46526992321014404,0.5965524315834045,0.14426225423812866,0.41311925649642944,0.44065147638320923,0.009744501672685146,0.8514453172683716,0.3997567892074585,0.4638277590274811,0.5744447708129883,0.14548525214195251,0.40884995460510254,0.44501030445098877,0.02193823829293251,0.8351622819900513,0.3971605896949768,0.467106431722641,0.5549262762069702,0.15323632955551147,0.3407735228538513,0.5903542637825012,-0.05922669917345047,0.9996294975280762,0.3958352506160736,0.5943931341171265,0.059208691120147705,0.9995482563972473,0.34591737389564514,0.664241373538971,-0.06840796768665314,0.8723925948143005,0.401204377412796,0.6658052802085876,0.10173723846673965,0.7647729516029358,0.37746742367744446,0.7411057949066162,-0.09292829781770706,0.9373837113380432,0.4029923975467682,0.7453204393386841,0.09301161766052246,0.8561398386955261,0.38152632117271423,0.7512757778167725,-0.0938127189874649,0.9172035455703735,0.41115278005599976,0.7572980523109436,0.08938240259885788,0.8588164448738098,0.3666168749332428,0.7526944279670715,-0.14636176824569702,0.9076728224754333,0.40133967995643616,0.755517303943634,0.03925579786300659,0.801547646522522
135,0.3925643265247345,0.4611477851867676,0.1554078310728073,0.998083233833313,0.38930878043174744,0.45850858092308044,0.12135206162929535,0.9980625510215759,0.38445141911506653,0.45841190218925476,0.12126214802265167,0.9980942010879517,0.3836996257305145,0.45844948291778564,0.1212017610669136,0.998147189617157,0.40086060762405396,0.4575273096561432,0.1437828093767166,0.9973238706588745,0.405251145362854,0.4579782485961914,0.1437051147222519,0.9968491196632385,0.40938469767570496,0.4584132432937622,0.14371488988399506,0.9970390200614929,0.38576117157936096,0.46278116106987,-0.0037569133564829826,0.9970548152923584,0.4116151034832001,0.464309960603714,0.09709003567695618,0.9965759515762329,0.38454383611679077,0.46733182668685913,0.11486759781837463,0.9937302470207214,0.3984278738498688,0.46736806631088257,0.1439606249332428,0.9943473935127258,0.36280587315559387,0.4839431941509247,-0.0710478127002716,0.9988830089569092,0.43887361884117126,0.4995826482772827,0.10630461573600769,0.9973815083503723,0.34525996446609497,0.4709305167198181,-0.029687684029340744,0.9447053074836731,0.4335801601409912,0.5033836960792542,0.27437230944633484,0.16813798248767853,0.3989369571208954,0.4479139745235443,0.11547652631998062,0.8685685992240906,0.41085782647132874,0.4661318063735962,0.446071594953537,0.12530265748500824,0.4142914414405823,0.44045427441596985,0.12059336155653,0.8466826677322388,0.41049328446388245,0.45707643032073975,0.47586697340011597,0.14026358723640442,0.41407743096351624,0.4441089928150177,0.10060526430606842,0.845043957233429,0.4049200117588043,0.45607054233551025,0.45457538962364197,0.14157401025295258,0.4103981554508209,0.44607219099998474,0.11067615449428558,0.8284478187561035,0.40215882658958435,0.45931676030158997,0.4406317174434662,0.14943087100982666,0.33648863434791565,0.5921433568000793,-0.038456548005342484,0.9996368885040283,0.39412182569503784,0.5958892107009888,0.038371216505765915,0.9995577931404114,0.34599605202674866,0.6664916276931763,-0.053062718361616135,0.869938313961029,0.40034398436546326,0.6682411432266235,0.07107950001955032,0.7621482610702515,0.3822367787361145,0.7419881224632263,-0.06694082170724869,0.9380792379379272,0.4037189483642578,0.7445778250694275,0.0710257738828659,0.8556919097900391,0.38548776507377625,0.7501989603042603,-0.06807549297809601,0.9150207042694092,0.40999528765678406,0.7566851377487183,0.06867896020412445,0.8557816743850708,0.3845213055610657,0.7533466815948486,-0.12441305816173553,0.908270001411438,0.41110995411872864,0.7544437050819397,0.014047147706151009,0.802568256855011
136,0.405563086271286,0.46604788303375244,0.18686480820178986,0.9981261491775513,0.40426182746887207,0.46179646253585815,0.15454106032848358,0.9980974793434143,0.40162333846092224,0.4614579379558563,0.15445971488952637,0.9981253147125244,0.39639800786972046,0.46063730120658875,0.1544148176908493,0.998176634311676,0.4158184826374054,0.4635481536388397,0.17384609580039978,0.9973935484886169,0.4188634157180786,0.4640282094478607,0.173751562833786,0.9969269633293152,0.4212063252925873,0.4642748236656189,0.17377234995365143,0.9971039295196533,0.39594408869743347,0.4637511670589447,0.033769987523555756,0.9971251487731934,0.42290183901786804,0.4686049818992615,0.11966151744127274,0.9966369271278381,0.3977513313293457,0.4705875515937805,0.14745846390724182,0.9938200116157532,0.4135711193084717,0.4724518954753876,0.17228950560092926,0.9944274425506592,0.36620640754699707,0.48393046855926514,-0.037142761051654816,0.9988862872123718,0.4433790445327759,0.5003206729888916,0.11814883351325989,0.9973375797271729,0.3430662453174591,0.472577840089798,0.007722409442067146,0.9458597302436829,0.4347003102302551,0.5015576481819153,0.26552748680114746,0.1669657826423645,0.3921939432621002,0.44620534777641296,0.1422887146472931,0.8679956793785095,0.4086451828479767,0.4597882926464081,0.4267624318599701,0.12366899102926254,0.4036042094230652,0.43844830989837646,0.14975270628929138,0.8461536169052124,0.41275474429130554,0.447380006313324,0.4523501396179199,0.1393115222454071,0.41043269634246826,0.44078096747398376,0.12773823738098145,0.8443350791931152,0.4058695435523987,0.447925865650177,0.4345279335975647,0.1406511664390564,0.40634849667549133,0.4448849856853485,0.13716411590576172,0.8278459906578064,0.40313205122947693,0.4501265585422516,0.42208990454673767,0.1486334651708603,0.3361365795135498,0.5909887552261353,-0.031644321978092194,0.9996492862701416,0.3939756751060486,0.5957677364349365,0.031528979539871216,0.9995659589767456,0.34242182970046997,0.6651608943939209,-0.06178518384695053,0.8716756701469421,0.4025164544582367,0.6662300825119019,0.04901077225804329,0.7646706104278564,0.37838590145111084,0.7422253489494324,-0.10338534414768219,0.940048336982727,0.4066472351551056,0.7459223866462708,0.027034949511289597,0.8582144975662231,0.38498905301094055,0.7519246935844421,-0.10660098493099213,0.9163820743560791,0.4121367931365967,0.7554138898849487,0.022485055029392242,0.8574293851852417,0.38292452692985535,0.7563161253929138,-0.1614357829093933,0.9100261926651001,0.41377514600753784,0.7575184106826782,-0.030693791806697845,0.8051631450653076
137,0.40527039766311646,0.46584415435791016,0.2048361748456955,0.99809730052948,0.39918434619903564,0.46151936054229736,0.17452004551887512,0.9980592131614685,0.3972648084163666,0.46140727400779724,0.17444469034671783,0.9980860352516174,0.39542198181152344,0.4612027108669281,0.17438696324825287,0.9981414675712585,0.41053691506385803,0.4631521999835968,0.1915975660085678,0.9973593354225159,0.41360190510749817,0.463678777217865,0.19151267409324646,0.9968876838684082,0.41862210631370544,0.4645785093307495,0.19155508279800415,0.9970543384552002,0.394896924495697,0.4649323523044586,0.057184334844350815,0.997078537940979,0.41906416416168213,0.46879464387893677,0.13218587636947632,0.996528148651123,0.3913656175136566,0.47252529859542847,0.16632767021656036,0.9936838746070862,0.40874388813972473,0.47155359387397766,0.18814168870449066,0.9942999482154846,0.36577916145324707,0.4868618845939636,-0.013087225146591663,0.9988918304443359,0.44255954027175903,0.5000221729278564,0.12290000915527344,0.9972551465034485,0.3390480577945709,0.47274062037467957,0.04971432313323021,0.9465673565864563,0.4354495108127594,0.5018202662467957,0.2661905884742737,0.1643127202987671,0.3982905149459839,0.4451943635940552,0.19664767384529114,0.8686548471450806,0.4133138060569763,0.4591642916202545,0.4318959414958954,0.12173862010240555,0.4039895534515381,0.4384649395942688,0.2076055407524109,0.8479325175285339,0.4133100211620331,0.44860216975212097,0.45851248502731323,0.13822899758815765,0.41073858737945557,0.4413212835788727,0.1846245676279068,0.8459153175354004,0.40641289949417114,0.4475342333316803,0.4412362575531006,0.13955777883529663,0.40701934695243835,0.4456639587879181,0.1916162669658661,0.8295651078224182,0.40360227227211,0.45130300521850586,0.4276365041732788,0.14784495532512665,0.3392888009548187,0.5904676914215088,-0.02790740318596363,0.9996621608734131,0.39371755719184875,0.5947072505950928,0.027785059064626694,0.9995769262313843,0.3503572940826416,0.6643512845039368,-0.06731957197189331,0.8760644197463989,0.4026423692703247,0.6657331585884094,0.027971753850579262,0.769698441028595,0.37746140360832214,0.7397394180297852,-0.11560500413179398,0.9427547454833984,0.4027407169342041,0.7431501150131226,-0.0015058722347021103,0.8613958358764648,0.3805775046348572,0.7506687641143799,-0.12013255804777145,0.9200016856193542,0.4091215133666992,0.7539032697677612,-0.007214737124741077,0.8601417541503906,0.3762429356575012,0.7627342343330383,-0.18346372246742249,0.9134312868118286,0.4067961275577545,0.7567620873451233,-0.06516501307487488,0.8094984292984009
138,0.4025611877441406,0.46360069513320923,0.1609136164188385,0.9979810118675232,0.39687657356262207,0.46059247851371765,0.12913252413272858,0.9979139566421509,0.39524009823799133,0.46037229895591736,0.12904317677021027,0.9979387521743774,0.3935873210430145,0.4600912630558014,0.12898504734039307,0.9980003237724304,0.4083833694458008,0.4626938998699188,0.1463499367237091,0.9972022175788879,0.41104623675346375,0.4632816016674042,0.14625969529151917,0.9967073202133179,0.4170295298099518,0.4643521010875702,0.14626795053482056,0.9968816041946411,0.39425358176231384,0.464021235704422,0.01251184195280075,0.9968661665916443,0.416903018951416,0.46815910935401917,0.08966235816478729,0.9962709546089172,0.39737361669540405,0.4688604474067688,0.12364737689495087,0.9931875467300415,0.4069984555244446,0.469627320766449,0.14585235714912415,0.9938333034515381,0.36395207047462463,0.48635417222976685,-0.04694395884871483,0.9987965226173401,0.43982234597206116,0.5004746317863464,0.08785999566316605,0.9971674680709839,0.3360133767127991,0.47426900267601013,0.004496164154261351,0.9439340233802795,0.433205783367157,0.5011031031608582,0.24145366251468658,0.16318972408771515,0.39557358622550964,0.4479296803474426,0.14138303697109222,0.8618513941764832,0.41108426451683044,0.46049606800079346,0.4119564890861511,0.1200919970870018,0.4082278609275818,0.43955737352371216,0.14836493134498596,0.8413878083229065,0.4108055531978607,0.45070353150367737,0.43818017840385437,0.13705429434776306,0.41438427567481995,0.44184771180152893,0.12598483264446259,0.8394150733947754,0.4054478704929352,0.44987452030181885,0.4198726415634155,0.13840661942958832,0.4100165069103241,0.44644638895988464,0.13549810647964478,0.8230607509613037,0.40251871943473816,0.45332953333854675,0.40766650438308716,0.14681904017925262,0.33775684237480164,0.5927537083625793,-0.024186257272958755,0.9996699094772339,0.39340606331825256,0.595668613910675,0.02408367022871971,0.9995886087417603,0.34395459294319153,0.6659342050552368,-0.04017779231071472,0.8725852966308594,0.40049079060554504,0.6676750779151917,0.0544259287416935,0.7705832123756409,0.37860989570617676,0.7406426668167114,-0.05435233935713768,0.9426329731941223,0.4046156406402588,0.7449368834495544,0.053781718015670776,0.8622124195098877,0.38169065117836,0.7501237988471985,-0.05521668866276741,0.9174483418464661,0.4010311961174011,0.7508772015571594,0.05176416411995888,0.8587923049926758,0.3775217831134796,0.7537805438041687,-0.10826051980257034,0.9130955934524536,0.4105766713619232,0.7569714784622192,-0.0018255393952131271,0.8109284043312073
139,0.40216147899627686,0.4626723825931549,0.16655592620372772,0.9979385733604431,0.3982280194759369,0.45883846282958984,0.13337267935276031,0.9978734254837036,0.39679691195487976,0.45882731676101685,0.13328909873962402,0.9979025721549988,0.3953443169593811,0.45874106884002686,0.13323470950126648,0.9979650974273682,0.4090024530887604,0.4602903425693512,0.15614475309848785,0.997151255607605,0.41164398193359375,0.4607480466365814,0.1560535579919815,0.9966466426849365,0.41774946451187134,0.4618264138698578,0.15606190264225006,0.9968221187591553,0.3966147005558014,0.4626157581806183,0.01096219103783369,0.996824324131012,0.4211190640926361,0.4655225872993469,0.11248516291379929,0.9962043166160583,0.3975472152233124,0.4679099917411804,0.12649641931056976,0.9930427074432373,0.4067179262638092,0.4685686528682709,0.15591710805892944,0.9936882257461548,0.3687056601047516,0.4831397235393524,-0.06258073449134827,0.9988002777099609,0.44062474370002747,0.49894410371780396,0.12403251975774765,0.9971293807029724,0.34446364641189575,0.47421911358833313,-0.027039356529712677,0.9458103179931641,0.4318777918815613,0.5025767087936401,0.29264986515045166,0.15892493724822998,0.3933866322040558,0.44741564989089966,0.10477755218744278,0.8631322383880615,0.4083464741706848,0.4583838880062103,0.4648897349834442,0.11705391854047775,0.40513795614242554,0.43890705704689026,0.10875766724348068,0.8424841165542603,0.41511398553848267,0.4449792206287384,0.49375221133232117,0.13445591926574707,0.4116399884223938,0.4413266181945801,0.08836586028337479,0.8405352830886841,0.4093940556049347,0.4456256330013275,0.474265992641449,0.13587845861911774,0.40400639176368713,0.445396363735199,0.09996220469474792,0.8241308331489563,0.3992299437522888,0.44960638880729675,0.45998436212539673,0.1444283425807953,0.33965346217155457,0.5905908942222595,-0.04195110499858856,0.9996778964996338,0.39380037784576416,0.5947908759117126,0.04186065122485161,0.99959397315979,0.34523558616638184,0.6656023263931274,-0.06584740430116653,0.8744787573814392,0.4004164934158325,0.6667506694793701,0.07060901075601578,0.7695621252059937,0.3780980408191681,0.7404019236564636,-0.09199690073728561,0.9439634084701538,0.405685156583786,0.7455588579177856,0.058660514652729034,0.8624365329742432,0.3825799822807312,0.7517171502113342,-0.09349982440471649,0.9180908203125,0.40345287322998047,0.7533957362174988,0.055016908794641495,0.8582980036735535,0.3662951588630676,0.7526066303253174,-0.14513835310935974,0.9144730567932129,0.41111108660697937,0.7591063380241394,0.004854294471442699,0.8118309378623962
140,0.40286773443222046,0.464364230632782,0.15282632410526276,0.9979260563850403,0.3983652591705322,0.46154043078422546,0.11943981051445007,0.9978669285774231,0.39650461077690125,0.46138039231300354,0.11935056000947952,0.9978954792022705,0.3947053849697113,0.4611472189426422,0.11929932981729507,0.9979553818702698,0.409858763217926,0.463003009557724,0.14049576222896576,0.9971672892570496,0.412875235080719,0.46344640851020813,0.14040319621562958,0.9966661930084229,0.4184781014919281,0.46430379152297974,0.1404050588607788,0.9968369603157043,0.3942529559135437,0.46485576033592224,-0.0038424504455178976,0.9968221783638,0.419034868478775,0.4683053195476532,0.0899629294872284,0.9962170720100403,0.3908568322658539,0.47300535440444946,0.1127295047044754,0.9930011034011841,0.4069693088531494,0.47036677598953247,0.13982568681240082,0.9936654567718506,0.3659026324748993,0.48790961503982544,-0.0729612484574318,0.9987871050834656,0.44210952520370483,0.5014980435371399,0.10155002772808075,0.9970849752426147,0.3370053470134735,0.476473331451416,-0.029088342562317848,0.947142481803894,0.43391451239585876,0.5049780011177063,0.2689969539642334,0.1538449376821518,0.3977394104003906,0.44690847396850586,0.10159558057785034,0.8645129799842834,0.40917903184890747,0.4623555839061737,0.44475966691970825,0.11320623755455017,0.4101089835166931,0.4396909773349762,0.1060047522187233,0.8438836336135864,0.40894410014152527,0.45190954208374023,0.4744710922241211,0.1308237761259079,0.4153522551059723,0.4418746829032898,0.08524423837661743,0.8419029712677002,0.40246981382369995,0.4508739411830902,0.45366567373275757,0.13227616250514984,0.40816211700439453,0.44539037346839905,0.09640330076217651,0.8256291151046753,0.3996696472167969,0.45455202460289,0.43967172503471375,0.14090943336486816,0.33731314539909363,0.5932320356369019,-0.033868201076984406,0.9996879696846008,0.3937247395515442,0.5969284176826477,0.03377888351678848,0.9996024966239929,0.3442385196685791,0.6656880974769592,-0.04451660439372063,0.8739953637123108,0.40126338601112366,0.6680067181587219,0.07159075886011124,0.7680125832557678,0.3781844675540924,0.7395782470703125,-0.05878504365682602,0.9447565078735352,0.40482696890830994,0.7423985004425049,0.06860848516225815,0.8617618680000305,0.3801066279411316,0.7505490183830261,-0.05922259762883186,0.9179219007492065,0.41256392002105713,0.753011167049408,0.06637298315763474,0.8566543459892273,0.3757679760456085,0.7544596195220947,-0.10840331763029099,0.9151024222373962,0.4094238877296448,0.7556149363517761,0.017026212066411972,0.8114558458328247
141,0.3976609408855438,0.46421176195144653,0.1769355684518814,0.997890055179596,0.3983437418937683,0.46047669649124146,0.14379209280014038,0.9978407025337219,0.39645707607269287,0.46040722727775574,0.1437155306339264,0.9978664517402649,0.3944114148616791,0.46023762226104736,0.14366857707500458,0.9979296922683716,0.40858227014541626,0.46185728907585144,0.16321112215518951,0.9971306920051575,0.4113111197948456,0.46236833930015564,0.16312456130981445,0.9966180920600891,0.41694995760917664,0.46340128779411316,0.16314727067947388,0.9967897534370422,0.3933400511741638,0.4636770188808441,0.022153805941343307,0.9967955350875854,0.41921091079711914,0.4675610363483429,0.10825316607952118,0.9961507320404053,0.39069852232933044,0.4710076153278351,0.13772183656692505,0.9929184317588806,0.40533867478370667,0.47265979647636414,0.1626281440258026,0.9935858249664307,0.36467602849006653,0.4843738377094269,-0.05016425624489784,0.9987906813621521,0.4384518265724182,0.49913063645362854,0.11487676203250885,0.9970464706420898,0.33658567070961,0.4746144115924835,-0.021192802116274834,0.946948230266571,0.42998963594436646,0.5022778511047363,0.26771280169487,0.15061530470848083,0.39688172936439514,0.44624704122543335,0.08975197374820709,0.8632651567459106,0.40609249472618103,0.4625259041786194,0.4347565174102783,0.11135254800319672,0.40164318680763245,0.43883126974105835,0.09285245835781097,0.8428638577461243,0.4044418931007385,0.4499596059322357,0.4627409875392914,0.1294419914484024,0.4097859561443329,0.4423206150531769,0.07338333129882812,0.8408636450767517,0.4048191010951996,0.4517024755477905,0.4443126916885376,0.13086257874965668,0.4068091809749603,0.4466632902622223,0.08488611876964569,0.8244132995605469,0.4028918743133545,0.45350417494773865,0.43039584159851074,0.13954675197601318,0.3405463695526123,0.5907310843467712,-0.0362219512462616,0.9996980428695679,0.3936942219734192,0.5946677327156067,0.036080677062273026,0.9996134042739868,0.34339287877082825,0.6642183661460876,-0.07255591452121735,0.8734786510467529,0.39995303750038147,0.6656286120414734,0.051969099789857864,0.7658281922340393,0.37943753600120544,0.7394091486930847,-0.10348227620124817,0.944923460483551,0.40384572744369507,0.74406898021698,0.035254914313554764,0.8610050082206726,0.38247165083885193,0.7497726678848267,-0.10555897653102875,0.9169463515281677,0.40095558762550354,0.751193106174469,0.03093673288822174,0.8546839952468872,0.377102792263031,0.7622058987617493,-0.1561577469110489,0.9149338006973267,0.40871745347976685,0.7567642331123352,-0.019586054608225822,0.810498058795929
142,0.4003123342990875,0.4622576832771301,0.15321221947669983,0.9978448152542114,0.3955729305744171,0.45894625782966614,0.11966957151889801,0.9977909326553345,0.39391109347343445,0.45884010195732117,0.1195959597826004,0.9978154897689819,0.3922962248325348,0.4586315155029297,0.11955463141202927,0.9978814125061035,0.4070653021335602,0.46040329337120056,0.1422611027956009,0.9970622062683105,0.41396695375442505,0.46159762144088745,0.1421765834093094,0.9965416789054871,0.4165686368942261,0.4619731307029724,0.14218011498451233,0.9967191815376282,0.3939370810985565,0.46146947145462036,-0.0013800724409520626,0.9967150688171387,0.42151665687561035,0.4658556580543518,0.09984792023897171,0.9960662722587585,0.38808777928352356,0.4683373272418976,0.11390134692192078,0.9927550554275513,0.4049808979034424,0.4682601988315582,0.143220916390419,0.9934171438217163,0.3651930093765259,0.4833580553531647,-0.06921326369047165,0.9987379908561707,0.4433174133300781,0.49964645504951477,0.11216811835765839,0.9969226121902466,0.34300535917282104,0.47448810935020447,-0.041539255529642105,0.9487107396125793,0.4300992488861084,0.5030754804611206,0.2706480324268341,0.14754363894462585,0.3925435543060303,0.4431363642215729,0.08032085001468658,0.8651067018508911,0.40580013394355774,0.459965318441391,0.42917007207870483,0.1093263179063797,0.4035584628582001,0.435351699590683,0.08211897313594818,0.8445044159889221,0.4132450819015503,0.4444884955883026,0.4536232650279999,0.12779539823532104,0.4110693335533142,0.4381946325302124,0.06253296136856079,0.8425840735435486,0.40725237131118774,0.44533929228782654,0.43537548184394836,0.12929174304008484,0.40411829948425293,0.44171401858329773,0.07549411058425903,0.8260108828544617,0.4017576277256012,0.45050424337387085,0.4241483807563782,0.13804315030574799,0.3403123915195465,0.5922381281852722,-0.03884444385766983,0.9996973276138306,0.3979601562023163,0.5964632630348206,0.03877837955951691,0.9996088147163391,0.34720396995544434,0.666337788105011,-0.05181937664747238,0.8725335001945496,0.4012858271598816,0.667564332485199,0.07537633925676346,0.7629308104515076,0.3797106146812439,0.7409549355506897,-0.07534053176641464,0.9453496336936951,0.40329909324645996,0.7430137991905212,0.07250145822763443,0.8593013286590576,0.3826080560684204,0.7517614960670471,-0.07698284834623337,0.9163861870765686,0.407760351896286,0.7544323801994324,0.0694580227136612,0.8528245091438293,0.37990885972976685,0.7571510672569275,-0.13225118815898895,0.914982795715332,0.4050041139125824,0.7510858178138733,0.01841050386428833,0.8087611794471741
143,0.3964969515800476,0.46386173367500305,0.1733829528093338,0.9978191256523132,0.3942714333534241,0.4595123529434204,0.1392570286989212,0.9977623224258423,0.3902227580547333,0.45926162600517273,0.13917385041713715,0.9977912306785583,0.38906988501548767,0.4592862129211426,0.13912323117256165,0.9978596568107605,0.4014860689640045,0.4599851965904236,0.1599731296300888,0.9970235228538513,0.4077496826648712,0.46094992756843567,0.15988950431346893,0.9964976906776428,0.4102288484573364,0.461345374584198,0.15990303456783295,0.9966791272163391,0.3902185559272766,0.46301060914993286,0.014610305428504944,0.9966908693313599,0.41475310921669006,0.46545371413230896,0.10760955512523651,0.9960330724716187,0.3888082206249237,0.46969690918922424,0.13323479890823364,0.9926415681838989,0.40211912989616394,0.46975433826446533,0.16009457409381866,0.9932852387428284,0.3667425513267517,0.48430588841438293,-0.049994055181741714,0.9987114071846008,0.4428125023841858,0.4983988106250763,0.10947947204113007,0.9969212412834167,0.3387010395526886,0.47361376881599426,-0.012445940636098385,0.9483451247215271,0.43895187973976135,0.4979592263698578,0.28019312024116516,0.1466386467218399,0.3981015086174011,0.4453490674495697,0.12172765284776688,0.861963152885437,0.41504472494125366,0.4567602872848511,0.46355777978897095,0.10861104726791382,0.40898752212524414,0.439480721950531,0.12780170142650604,0.8411710858345032,0.4170511066913605,0.44569721817970276,0.49201473593711853,0.12761928141117096,0.4147540330886841,0.4418470561504364,0.10586940497159958,0.8393709063529968,0.4114147126674652,0.44619429111480713,0.47364503145217896,0.12918636202812195,0.40779516100883484,0.4452582001686096,0.11615857481956482,0.8225533366203308,0.406358927488327,0.4511108696460724,0.45947265625,0.1379736065864563,0.3370547592639923,0.5909327268600464,-0.03516458719968796,0.9997028112411499,0.3933221697807312,0.5959174036979675,0.03505909815430641,0.9996147155761719,0.34431225061416626,0.6664190888404846,-0.04713461548089981,0.8719297647476196,0.4016992449760437,0.6676793694496155,0.07112541049718857,0.7626736760139465,0.37573114037513733,0.7408778071403503,-0.07663123309612274,0.9461469054222107,0.40711575746536255,0.7455676794052124,0.06729132682085037,0.8602897524833679,0.38021770119667053,0.7506024241447449,-0.07911673188209534,0.9163591265678406,0.4049522578716278,0.7558705806732178,0.06439013034105301,0.853081226348877,0.3675989508628845,0.7527246475219727,-0.13721099495887756,0.9158018231391907,0.4128681719303131,0.7588866949081421,0.010797756724059582,0.8103646039962769
144,0.4037548899650574,0.4614194929599762,0.14466986060142517,0.9976634979248047,0.39699286222457886,0.4587189555168152,0.11407896876335144,0.9975776672363281,0.3956441879272461,0.45866119861602783,0.11400516331195831,0.9975987076759338,0.39429783821105957,0.4584951102733612,0.1139535903930664,0.9976969361305237,0.4070006310939789,0.45971810817718506,0.13163580000400543,0.9967476725578308,0.40970730781555176,0.45999619364738464,0.13156087696552277,0.9961632490158081,0.41179972887039185,0.46011823415756226,0.1315760612487793,0.9963878393173218,0.3950939178466797,0.4611679017543793,0.0038672282826155424,0.9963787794113159,0.4158693552017212,0.4637335240840912,0.08289022743701935,0.9955331087112427,0.3911792039871216,0.46856120228767395,0.10989648103713989,0.9922508001327515,0.40751221776008606,0.46748924255371094,0.13266123831272125,0.9928244352340698,0.3647260069847107,0.4828309416770935,-0.05555789917707443,0.9986808896064758,0.43850263953208923,0.4974433481693268,0.08677021414041519,0.9967965483665466,0.3435244560241699,0.4777715802192688,-0.03403468802571297,0.9445311427116394,0.43260979652404785,0.5009137988090515,0.210124209523201,0.1487879604101181,0.3977607786655426,0.4445047676563263,0.060432787984609604,0.8570737838745117,0.41176000237464905,0.4595501720905304,0.3444754183292389,0.11190610378980637,0.4024166464805603,0.4378179609775543,0.05889058858156204,0.8362893462181091,0.4122544229030609,0.44980618357658386,0.364521861076355,0.13163551688194275,0.40978747606277466,0.44066131114959717,0.043434906750917435,0.8344025015830994,0.40641820430755615,0.4482559859752655,0.3469417691230774,0.13309934735298157,0.40625032782554626,0.4447771906852722,0.05633709952235222,0.8170866966247559,0.40367305278778076,0.4515587091445923,0.3392479419708252,0.1419740617275238,0.3408619165420532,0.5897409319877625,-0.03156164661049843,0.9997131824493408,0.3908664882183075,0.5944591760635376,0.03142810985445976,0.9996261596679688,0.34498199820518494,0.6642205715179443,-0.058379966765642166,0.8695906400680542,0.3959798514842987,0.6671317219734192,0.05027633532881737,0.7607777714729309,0.3810095489025116,0.7397743463516235,-0.08064091205596924,0.9457464218139648,0.4023570120334625,0.7436683177947998,0.05855751410126686,0.8591278195381165,0.3824372887611389,0.7505742907524109,-0.08360899984836578,0.91243976354599,0.3990333378314972,0.7516545653343201,0.05613306537270546,0.847926139831543,0.3820577561855316,0.7583755254745483,-0.15124469995498657,0.9158310294151306,0.40563488006591797,0.7582131028175354,-0.0035222412552684546,0.8107205629348755
145,0.4056835472583771,0.46368005871772766,0.16261707246303558,0.997744619846344,0.4041416645050049,0.4614006280899048,0.12899380922317505,0.9976637363433838,0.4017925560474396,0.4610219895839691,0.12892039120197296,0.9976824522018433,0.3967451751232147,0.46019288897514343,0.12888938188552856,0.9977755546569824,0.41619303822517395,0.46333977580070496,0.15084953606128693,0.9968730807304382,0.41951024532318115,0.46384721994400024,0.15075238049030304,0.9963103532791138,0.4221383035182953,0.46410781145095825,0.15075477957725525,0.9965242147445679,0.39722681045532227,0.46368294954299927,0.006615323945879936,0.9964985251426697,0.4250167906284332,0.4682266116142273,0.10408412665128708,0.9957029223442078,0.3991827666759491,0.47021400928497314,0.1227228119969368,0.9924817681312561,0.411146342754364,0.4717645049095154,0.15096448361873627,0.9930616021156311,0.3658292889595032,0.48539140820503235,-0.0662490501999855,0.9987018704414368,0.44313421845436096,0.5001324415206909,0.11734821647405624,0.9968160390853882,0.34180641174316406,0.477286159992218,-0.03514224290847778,0.9464734792709351,0.43151840567588806,0.5057992935180664,0.27738136053085327,0.14631979167461395,0.3942807912826538,0.4454817771911621,0.0847235843539238,0.8597551584243774,0.40410327911376953,0.45489493012428284,0.44258174300193787,0.11028414964675903,0.4049889147281647,0.437885582447052,0.0873803123831749,0.8389384746551514,0.40648284554481506,0.45262038707733154,0.4694552719593048,0.1301788091659546,0.41163507103919983,0.44039732217788696,0.06716474145650864,0.8370010256767273,0.40045642852783203,0.4511285722255707,0.4507368206977844,0.1316773146390915,0.4045131504535675,0.4440177381038666,0.07982098311185837,0.8197294473648071,0.39756184816360474,0.45471447706222534,0.4377017617225647,0.1406187117099762,0.34071084856987,0.5937484502792358,-0.03968844935297966,0.9997202157974243,0.3987785279750824,0.5977244973182678,0.039588429033756256,0.9996322989463806,0.34606754779815674,0.6665575504302979,-0.04886600375175476,0.8710213303565979,0.3998544216156006,0.6674138903617859,0.07861467450857162,0.7593506574630737,0.3753416836261749,0.7408493757247925,-0.0747101828455925,0.9468050003051758,0.40447258949279785,0.7422330379486084,0.07387220114469528,0.8587455153465271,0.37952250242233276,0.7496469616889954,-0.07635795325040817,0.913496732711792,0.4018266797065735,0.7522580027580261,0.07086789608001709,0.848200798034668,0.37355974316596985,0.7512494921684265,-0.13053400814533234,0.9166719317436218,0.4091593027114868,0.752991259098053,0.02133600041270256,0.8099844455718994
146,0.3932633399963379,0.46533554792404175,0.16739562153816223,0.9975693821907043,0.39064934849739075,0.46128642559051514,0.13424251973628998,0.9974982142448425,0.389525443315506,0.461196631193161,0.13415677845478058,0.9975324869155884,0.38829725980758667,0.4609963297843933,0.1340949684381485,0.9976287484169006,0.3999019265174866,0.4621835947036743,0.15679463744163513,0.9966071844100952,0.402438223361969,0.4624365270137787,0.1567268967628479,0.9960151314735413,0.40829387307167053,0.46317294239997864,0.15675026178359985,0.9962297081947327,0.38947629928588867,0.4637249708175659,0.012271907180547714,0.9963078498840332,0.41433030366897583,0.46721693873405457,0.11340358853340149,0.995355486869812,0.38734865188598633,0.4718705415725708,0.12773099541664124,0.9918715357780457,0.39573371410369873,0.472883015871048,0.1569773405790329,0.9924013614654541,0.3682801425457001,0.4854656457901001,-0.05680512636899948,0.9986427426338196,0.4369741380214691,0.4980732202529907,0.12106126546859741,0.9966835975646973,0.33845409750938416,0.4756724536418915,-0.029841206967830658,0.9468948841094971,0.4338340759277344,0.5004013776779175,0.29188379645347595,0.14268288016319275,0.39076223969459534,0.4456970989704132,0.09355675429105759,0.8591575622558594,0.40484777092933655,0.4586959481239319,0.47372981905937195,0.10773593932390213,0.40062007308006287,0.4399925768375397,0.09686410427093506,0.8384149074554443,0.4027179181575775,0.4481514096260071,0.5043631196022034,0.12785454094409943,0.40810203552246094,0.44293031096458435,0.07844597846269608,0.8365867733955383,0.3964950442314148,0.44732141494750977,0.4837694466114044,0.12937234342098236,0.4043390154838562,0.4472920298576355,0.08943662792444229,0.8188241124153137,0.39453864097595215,0.45108312368392944,0.46871864795684814,0.1384180784225464,0.33767133951187134,0.5906273126602173,-0.03964075818657875,0.9997186064720154,0.39377138018608093,0.5954040884971619,0.03949226438999176,0.9996294975280762,0.34844207763671875,0.6634998917579651,-0.06477463990449905,0.8694791197776794,0.40173691511154175,0.6663815379142761,0.07001921534538269,0.7612089514732361,0.38340744376182556,0.7392488121986389,-0.08981534093618393,0.9466589689254761,0.40500304102897644,0.74372798204422,0.05865159630775452,0.8598347306251526,0.3863171339035034,0.7496942281723022,-0.09177945554256439,0.9127628207206726,0.40455785393714905,0.751125156879425,0.054715994745492935,0.8488921523094177,0.3815058469772339,0.7540212273597717,-0.1474490761756897,0.9163671731948853,0.4113469421863556,0.7575393915176392,0.0020520263351500034,0.8113064169883728
147,0.3941018581390381,0.46428316831588745,0.16003139317035675,0.9975562691688538,0.3949170410633087,0.46083852648735046,0.12559399008750916,0.9974912405014038,0.3934575319290161,0.46072325110435486,0.1255161017179489,0.9975256323814392,0.3920266330242157,0.46049073338508606,0.12546995282173157,0.9976189136505127,0.40602821111679077,0.4619196653366089,0.14706693589687347,0.996606707572937,0.4091714322566986,0.46227118372917175,0.14697733521461487,0.9960164427757263,0.4115407466888428,0.4624699354171753,0.14697854220867157,0.9962330460548401,0.394027441740036,0.46323952078819275,0.0008128869230858982,0.9963039755821228,0.4178186058998108,0.4665817618370056,0.0971592590212822,0.995396614074707,0.3891483247280121,0.470892995595932,0.11981276422739029,0.9917757511138916,0.40391114354133606,0.4722079336643219,0.14765286445617676,0.9923298358917236,0.36838293075561523,0.48389244079589844,-0.06756379455327988,0.9986022114753723,0.4419340491294861,0.4981168806552887,0.10675111413002014,0.9966592192649841,0.34542566537857056,0.47448092699050903,-0.051730863749980927,0.9473556876182556,0.43503788113594055,0.500594973564148,0.28584980964660645,0.13965438306331635,0.39534056186676025,0.4452578127384186,0.05381274223327637,0.8589085936546326,0.40265440940856934,0.4564420282840729,0.4739207923412323,0.10547112673521042,0.4002649784088135,0.43834713101387024,0.054441891610622406,0.8382413983345032,0.4050409495830536,0.4509541690349579,0.50434809923172,0.12576761841773987,0.40831175446510315,0.4415185749530792,0.0354386642575264,0.8364920020103455,0.3993489146232605,0.45019686222076416,0.48444992303848267,0.127303346991539,0.40457671880722046,0.44580090045928955,0.04863511398434639,0.8185378909111023,0.39698511362075806,0.4537696838378906,0.46957963705062866,0.13642854988574982,0.3416258990764618,0.5930227041244507,-0.03690101206302643,0.9997224807739258,0.398419588804245,0.5970327854156494,0.03680830076336861,0.9996342062950134,0.3464667499065399,0.66695636510849,-0.050574902445077896,0.8687870502471924,0.39948052167892456,0.6675968170166016,0.07640436291694641,0.7597162127494812,0.3768792450428009,0.740402340888977,-0.06860913336277008,0.9469811320304871,0.40196195244789124,0.7429395318031311,0.07616012543439865,0.8589962124824524,0.3800848424434662,0.7494357824325562,-0.06949228793382645,0.9126121997833252,0.40032678842544556,0.7502103447914124,0.07360001653432846,0.8475574254989624,0.3755318224430084,0.7510767579078674,-0.12042217701673508,0.9166231751441956,0.40926265716552734,0.754266619682312,0.023930322378873825,0.810563325881958
148,0.393297404050827,0.46528181433677673,0.1419292688369751,0.9976719617843628,0.3942703604698181,0.4618207812309265,0.10614819824695587,0.9976216554641724,0.3930984437465668,0.46161991357803345,0.10607461631298065,0.9976564049720764,0.3919690251350403,0.4613054394721985,0.10604701936244965,0.9977419972419739,0.40416163206100464,0.46280258893966675,0.13292773067951202,0.9967808723449707,0.40717613697052,0.46306511759757996,0.13284742832183838,0.9962146878242493,0.40952178835868835,0.46318361163139343,0.1328536868095398,0.9964216947555542,0.3942384719848633,0.4645116627216339,-0.022389402613043785,0.9965022206306458,0.41574618220329285,0.46671250462532043,0.09778919816017151,0.9956565499305725,0.3886873126029968,0.4718133807182312,0.09979373216629028,0.9921817779541016,0.39720776677131653,0.4726272225379944,0.13456736505031586,0.9927168488502502,0.3692997097969055,0.4852668046951294,-0.10142891854047775,0.9986545443534851,0.4396159052848816,0.500155508518219,0.12375686317682266,0.9967393279075623,0.33618441224098206,0.4737704396247864,-0.08882059901952744,0.950115442276001,0.4305887520313263,0.5023759603500366,0.3051489293575287,0.13583609461784363,0.39010605216026306,0.44385725259780884,0.028405161574482918,0.8632502555847168,0.40401047468185425,0.4632411301136017,0.4795463979244232,0.10288257896900177,0.39981237053871155,0.43773117661476135,0.027372583746910095,0.8425089716911316,0.4028235077857971,0.45342668890953064,0.5106706619262695,0.12324364483356476,0.4079895615577698,0.44053465127944946,0.009622828103601933,0.840793788433075,0.39747005701065063,0.4526900351047516,0.48866626620292664,0.12484212964773178,0.40414565801620483,0.4446585774421692,0.024237550795078278,0.8230957388877869,0.395212322473526,0.4563073515892029,0.47371840476989746,0.13403292000293732,0.34165850281715393,0.592032253742218,-0.05305449292063713,0.9997350573539734,0.39392879605293274,0.596855878829956,0.05297655984759331,0.9996475577354431,0.3483012020587921,0.6648225784301758,-0.06258473545312881,0.87192302942276,0.4019315838813782,0.667473554611206,0.09918587654829025,0.7561183571815491,0.38323110342025757,0.7395095229148865,-0.07701444625854492,0.9484593272209167,0.4058547914028168,0.7438682317733765,0.10036534816026688,0.8584421873092651,0.3861493468284607,0.7502071857452393,-0.07746301591396332,0.914351761341095,0.4046750068664551,0.7512431740760803,0.09773951023817062,0.8474525213241577,0.37387385964393616,0.7514799237251282,-0.12676361203193665,0.9187418818473816,0.4069202244281769,0.7549874186515808,0.051983777433633804,0.8113521337509155
149,0.3989512026309967,0.46466463804244995,0.15832729637622833,0.9976743459701538,0.398555189371109,0.46073707938194275,0.12440664321184158,0.9976295828819275,0.39670053124427795,0.4606139063835144,0.12432213872671127,0.997665524482727,0.3948275148868561,0.4603937268257141,0.12427184730768204,0.997746467590332,0.409633070230484,0.4619540870189667,0.144979789853096,0.996798574924469,0.41256585717201233,0.4623320400714874,0.14489306509494781,0.9962407946586609,0.41855287551879883,0.4631701111793518,0.1448972374200821,0.9964379668235779,0.39482033252716064,0.46346256136894226,0.0015907402848824859,0.9965170621871948,0.42009276151657104,0.46697482466697693,0.09355271607637405,0.9956806898117065,0.39258575439453125,0.4717160761356354,0.11870704591274261,0.9921272993087769,0.4076301157474518,0.4728357493877411,0.14531812071800232,0.9926908016204834,0.3670929968357086,0.48567867279052734,-0.06294705718755722,0.9986277222633362,0.44173845648765564,0.4986504316329956,0.10058523714542389,0.9967272281646729,0.3365289568901062,0.47405681014060974,-0.021568257361650467,0.9506110548973083,0.43388447165489197,0.5014492869377136,0.2741003930568695,0.13339246809482574,0.38980814814567566,0.4442620277404785,0.10936146229505539,0.8633638620376587,0.4084049463272095,0.4572593867778778,0.4580170512199402,0.10067229717969894,0.3991856575012207,0.4380066990852356,0.11429160088300705,0.8427979946136475,0.40769410133361816,0.4461565613746643,0.4864634871482849,0.12109587341547012,0.40703079104423523,0.4412113130092621,0.09203148633241653,0.8411306738853455,0.406491219997406,0.4471777677536011,0.46752241253852844,0.1227191761136055,0.4046519100666046,0.4434117078781128,0.10379596054553986,0.8234190344810486,0.4039921164512634,0.4492039382457733,0.45371678471565247,0.13195770978927612,0.3373694121837616,0.5920000076293945,-0.0310103390365839,0.999736487865448,0.3932512402534485,0.5971311330795288,0.03090285137295723,0.9996505975723267,0.34600088000297546,0.666070818901062,-0.030217774212360382,0.8704909086227417,0.4012356102466583,0.6664569973945618,0.07606823742389679,0.7585683465003967,0.37821483612060547,0.7386042475700378,-0.03507130593061447,0.9483087062835693,0.40721774101257324,0.7421123385429382,0.07770037651062012,0.859656035900116,0.38235095143318176,0.7495729327201843,-0.0342513732612133,0.914250910282135,0.4130070209503174,0.7529499530792236,0.07585480809211731,0.8486934900283813,0.37739917635917664,0.7525731921195984,-0.08005053550004959,0.9180350303649902,0.4133516252040863,0.756333589553833,0.027713468298316002,0.8117351531982422
150,0.3975607752799988,0.4630466401576996,0.14291998744010925,0.9975438714027405,0.39421263337135315,0.46092554926872253,0.10915857553482056,0.9975138902664185,0.39320701360702515,0.4607878029346466,0.10907494276762009,0.9975588321685791,0.3923051357269287,0.4605443775653839,0.10902495682239532,0.997649073600769,0.40500280261039734,0.46203964948654175,0.13142476975917816,0.9965967535972595,0.40774717926979065,0.4623000919818878,0.13134713470935822,0.9959975481033325,0.40995049476623535,0.4624059796333313,0.13135243952274323,0.9962220191955566,0.3947921693325043,0.4632771909236908,-0.012291711755096912,0.996354341506958,0.41577616333961487,0.46618497371673584,0.08791862428188324,0.9954251050949097,0.38835760951042175,0.470798522233963,0.10392756760120392,0.9918231964111328,0.4026777446269989,0.4721817672252655,0.13289421796798706,0.992316484451294,0.3673613369464874,0.48412907123565674,-0.07825174182653427,0.9986054301261902,0.44063854217529297,0.49742287397384644,0.1006694808602333,0.9966146349906921,0.34269243478775024,0.4769684076309204,-0.053088705986738205,0.9492282271385193,0.43644434213638306,0.4995235204696655,0.26571425795555115,0.1327107548713684,0.39439839124679565,0.4477628767490387,0.06389906257390976,0.8586806654930115,0.4121161103248596,0.45881882309913635,0.43660059571266174,0.10018040984869003,0.40052396059036255,0.43960994482040405,0.06462842971086502,0.8380631804466248,0.4115603566169739,0.44871804118156433,0.46510109305381775,0.1208902895450592,0.40814515948295593,0.44217193126678467,0.04718757048249245,0.8364960551261902,0.40558478236198425,0.44774410128593445,0.4440688192844391,0.1225380152463913,0.4042881429195404,0.44631341099739075,0.059713561087846756,0.8183900713920593,0.4032033383846283,0.4513901174068451,0.4311063587665558,0.1318824738264084,0.3398607671260834,0.591086208820343,-0.043758343905210495,0.9997410178184509,0.39127904176712036,0.5958125591278076,0.043654896318912506,0.9996531009674072,0.3454974591732025,0.6649624705314636,-0.05572790652513504,0.8700664639472961,0.3931320607662201,0.6662167310714722,0.08081088960170746,0.753997802734375,0.38068222999572754,0.7377194166183472,-0.07631464302539825,0.9483085870742798,0.39958521723747253,0.7417252659797668,0.09239145368337631,0.8563602566719055,0.3843294382095337,0.7492824792861938,-0.07827532291412354,0.9124911427497864,0.4029904901981354,0.7527949810028076,0.09067592024803162,0.8440074920654297,0.3751925826072693,0.7547050714492798,-0.13838405907154083,0.9184983968734741,0.39796310663223267,0.7547292113304138,0.039685774594545364,0.8102290630340576
151,0.3971065878868103,0.4611077308654785,0.13033254444599152,0.9976603984832764,0.39567869901657104,0.45911484956741333,0.09311394393444061,0.9976429343223572,0.3943454623222351,0.459013432264328,0.09305653721094131,0.9976861476898193,0.3930016756057739,0.4588280916213989,0.09304534643888474,0.9977704286575317,0.40662139654159546,0.4602371156215668,0.12340906262397766,0.9967707395553589,0.4095418155193329,0.4605638384819031,0.1233246698975563,0.996195912361145,0.4116753339767456,0.46073779463768005,0.12332547456026077,0.9964169263839722,0.3955061733722687,0.46199336647987366,-0.03887945041060448,0.9965468049049377,0.4193440079689026,0.4650598168373108,0.09700148552656174,0.9956953525543213,0.3899287283420563,0.46852025389671326,0.0871100053191185,0.9922724962234497,0.40229225158691406,0.46715155243873596,0.12645280361175537,0.992752730846405,0.3740420341491699,0.48404258489608765,-0.12379846721887589,0.9986778497695923,0.444301575422287,0.49755117297172546,0.13912786543369293,0.996752142906189,0.34251636266708374,0.47402113676071167,-0.1255270391702652,0.9526048302650452,0.42603906989097595,0.5059594511985779,0.318074107170105,0.12878909707069397,0.39282751083374023,0.446353942155838,-0.016542475670576096,0.8652269244194031,0.4004034996032715,0.4663190245628357,0.4708685278892517,0.09805662930011749,0.398328959941864,0.4379401206970215,-0.021192777901887894,0.8443689942359924,0.39992770552635193,0.4561457931995392,0.5001932382583618,0.11865454912185669,0.4068364202976227,0.44090813398361206,-0.035984840244054794,0.8428139686584473,0.3942389488220215,0.4547235071659088,0.47880294919013977,0.12035950273275375,0.4033423662185669,0.4448242485523224,-0.019715087488293648,0.8250192403793335,0.39201831817626953,0.4584013521671295,0.4646326005458832,0.12970003485679626,0.34334200620651245,0.5900166034698486,-0.0644574910402298,0.999748706817627,0.3984968960285187,0.5960795879364014,0.06443654745817184,0.9996599555015564,0.3559827208518982,0.664968729019165,-0.07669319957494736,0.8733396530151367,0.398479700088501,0.6669929027557373,0.10899396240711212,0.7431954741477966,0.3853985071182251,0.7403284907341003,-0.0920528694987297,0.9495054483413696,0.40418872237205505,0.7433499693870544,0.11006592214107513,0.8513816595077515,0.38859257102012634,0.7491575479507446,-0.0927574634552002,0.9139755368232727,0.4117303788661957,0.7534717321395874,0.1070428341627121,0.8403891921043396,0.3778496980667114,0.7531270980834961,-0.1418788731098175,0.9204427003860474,0.40168970823287964,0.7534680962562561,0.06389230489730835,0.8075003623962402
152,0.4081140458583832,0.46949291229248047,0.09252891689538956,0.9974324703216553,0.4082973003387451,0.46364858746528625,0.0681714341044426,0.99740070104599,0.4077026844024658,0.4632454812526703,0.06811802834272385,0.9973962306976318,0.4017845690250397,0.4618249833583832,0.068079374730587,0.9975720643997192,0.41164857149124146,0.4642888605594635,0.08647309243679047,0.9963788986206055,0.41318780183792114,0.4642781615257263,0.08638869225978851,0.9956525564193726,0.41796690225601196,0.4647761583328247,0.08639436960220337,0.9960380792617798,0.408015638589859,0.4649367034435272,-0.012927623465657234,0.9959921836853027,0.4189847707748413,0.4670284688472748,0.07017900049686432,0.9947882294654846,0.40529605746269226,0.47490447759628296,0.06840241700410843,0.9914966821670532,0.4097232520580292,0.47547826170921326,0.09234587103128433,0.9918932914733887,0.3819531202316284,0.49048808217048645,-0.06302211433649063,0.9985665082931519,0.43373334407806396,0.49572208523750305,0.08194595575332642,0.996450662612915,0.3477996289730072,0.48088204860687256,-0.06386048346757889,0.946319580078125,0.4232390224933624,0.49658724665641785,0.16334868967533112,0.1377367377281189,0.38754206895828247,0.44606226682662964,0.005922257900238037,0.8593826293945312,0.41064685583114624,0.45837104320526123,0.2274724394083023,0.11100657284259796,0.3991667628288269,0.43889477849006653,-0.0022873496636748314,0.8380081653594971,0.412374347448349,0.448743999004364,0.2335568517446518,0.13194715976715088,0.401253342628479,0.44039061665534973,-0.013542082160711288,0.8360404372215271,0.40943849086761475,0.4470859169960022,0.22149626910686493,0.13331520557403564,0.3978012502193451,0.4448152184486389,0.00264633703045547,0.8175913095474243,0.4071599841117859,0.4503149092197418,0.22206199169158936,0.1423201858997345,0.34728994965553284,0.5904079079627991,-0.03584017977118492,0.9997262358665466,0.381971150636673,0.5935137867927551,0.03570744767785072,0.9996263980865479,0.3581511080265045,0.6663363575935364,-0.06804320961236954,0.8676387667655945,0.3942839503288269,0.6668803095817566,0.042580366134643555,0.7389094829559326,0.38551902770996094,0.7415689826011658,-0.07544650882482529,0.946619987487793,0.4013998508453369,0.743145227432251,0.06971103698015213,0.8461834192276001,0.38756391406059265,0.7502058148384094,-0.07833787798881531,0.9062971472740173,0.40233394503593445,0.75019371509552,0.06818100810050964,0.8285370469093323,0.38413575291633606,0.7561594843864441,-0.16257183253765106,0.9179980754852295,0.40329229831695557,0.7626383900642395,-0.005239961668848991,0.8048362731933594
153,0.3984978199005127,0.4662557542324066,0.15993766486644745,0.9974924921989441,0.4006801247596741,0.4613381326198578,0.12520962953567505,0.9974865913391113,0.39983221888542175,0.46104076504707336,0.12515461444854736,0.997489869594574,0.39892885088920593,0.46065422892570496,0.12514477968215942,0.997658908367157,0.40988555550575256,0.4627137780189514,0.1524064540863037,0.9964612722396851,0.4124159812927246,0.4629248082637787,0.15232448279857635,0.9957478642463684,0.41457170248031616,0.46296951174736023,0.15234056115150452,0.9961384534835815,0.4009297490119934,0.4639661908149719,-0.002150187734514475,0.9961323738098145,0.4217248857021332,0.46586093306541443,0.11991275101900101,0.9949831366539001,0.3963278830051422,0.47039350867271423,0.11829637736082077,0.9917648434638977,0.4084855914115906,0.4721207320690155,0.15366441011428833,0.992149829864502,0.3703612685203552,0.4861040711402893,-0.08230575174093246,0.9986430406570435,0.4458250105381012,0.4971265196800232,0.1457991749048233,0.9965595602989197,0.33668598532676697,0.4752076268196106,-0.0776984840631485,0.9486269354820251,0.4311782419681549,0.5063413977622986,0.3174888789653778,0.13450852036476135,0.3904152512550354,0.4460091292858124,0.03098876401782036,0.8619194030761719,0.4090507924556732,0.46686187386512756,0.4799630641937256,0.10868024826049805,0.4012404978275299,0.4410398602485657,0.030043743550777435,0.8402416110038757,0.40961602330207825,0.456684947013855,0.5117358565330505,0.12970931828022003,0.4072851240634918,0.4436632990837097,0.016245977953076363,0.8382709622383118,0.40415719151496887,0.4550417363643646,0.49165236949920654,0.1310674548149109,0.4010896682739258,0.4448818564414978,0.028557540848851204,0.8194891810417175,0.40171921253204346,0.4585961699485779,0.47483277320861816,0.14007462561130524,0.3447778820991516,0.5877284407615662,-0.05962800607085228,0.9997357130050659,0.3900677561759949,0.5931452512741089,0.05953734368085861,0.9996336102485657,0.35551756620407104,0.663650393486023,-0.10411005467176437,0.8717802166938782,0.39778265357017517,0.6667004227638245,0.0717092975974083,0.7321146130561829,0.3859682083129883,0.7415700554847717,-0.15444032847881317,0.9484399557113647,0.402956485748291,0.7445898056030273,0.0573308989405632,0.8428432941436768,0.3918505609035492,0.7518280148506165,-0.1592746526002884,0.908560037612915,0.40099501609802246,0.7524243593215942,0.0523536279797554,0.8250867128372192,0.37983304262161255,0.7640124559402466,-0.21843688189983368,0.9208891987800598,0.4031314551830292,0.7571232318878174,0.004710165783762932,0.8041535019874573
154,0.409974068403244,0.46815940737724304,0.1575833410024643,0.9974738359451294,0.4092341363430023,0.4638771712779999,0.12383689731359482,0.9974705576896667,0.4072299003601074,0.4632592797279358,0.12376165390014648,0.997474730014801,0.40172433853149414,0.46193987131118774,0.12372398376464844,0.9976378679275513,0.41604313254356384,0.4641388952732086,0.14724767208099365,0.9964310526847839,0.42131996154785156,0.4651252329349518,0.14716598391532898,0.995703399181366,0.4235750436782837,0.4653177559375763,0.14717353880405426,0.9960889220237732,0.4012846052646637,0.46406251192092896,0.000592768716160208,0.9961140155792236,0.4269746243953705,0.4689813256263733,0.10526394844055176,0.9949561953544617,0.40398064255714417,0.47370827198028564,0.11760685592889786,0.991712212562561,0.41336238384246826,0.4753296673297882,0.1478995829820633,0.9921094179153442,0.36965468525886536,0.48469430208206177,-0.07407096773386002,0.9986476898193359,0.44544485211372375,0.4997639060020447,0.1195022463798523,0.9965213537216187,0.33637920022010803,0.47467032074928284,-0.042843036353588104,0.9506421685218811,0.429066926240921,0.5024473071098328,0.27624475955963135,0.13297441601753235,0.38946399092674255,0.44475874304771423,0.08160974085330963,0.8648931980133057,0.4065347909927368,0.45927706360816956,0.42989227175712585,0.1070055216550827,0.39955276250839233,0.4386010766029358,0.08340362459421158,0.8432879447937012,0.4064171016216278,0.4486368000507355,0.45432350039482117,0.12791109085083008,0.4051356017589569,0.44127434492111206,0.06330572813749313,0.8413142561912537,0.40168583393096924,0.4473244547843933,0.43604785203933716,0.12932276725769043,0.3981989622116089,0.4451977610588074,0.07699108868837357,0.822793185710907,0.3989315927028656,0.45101526379585266,0.42461615800857544,0.13837771117687225,0.3403719365596771,0.5903633236885071,-0.04101016744971275,0.9997355937957764,0.39502257108688354,0.5946467518806458,0.040922194719314575,0.9996320009231567,0.34838390350341797,0.6665154695510864,-0.05852321535348892,0.8724035620689392,0.3996528387069702,0.6671056747436523,0.07432303577661514,0.7315649390220642,0.37888914346694946,0.7402377724647522,-0.0826854407787323,0.9487378597259521,0.40443935990333557,0.742726743221283,0.069792240858078,0.8419688940048218,0.38021308183670044,0.7488860487937927,-0.08425735682249069,0.909162700176239,0.3998120129108429,0.74923175573349,0.0667610615491867,0.8250918984413147,0.3777158558368683,0.7524451613426208,-0.1366615742444992,0.9211556315422058,0.408746600151062,0.7554622888565063,0.018727745860815048,0.8030456304550171
155,0.40000784397125244,0.46233701705932617,0.17696736752986908,0.9975868463516235,0.40000221133232117,0.45893803238868713,0.14002323150634766,0.9976022839546204,0.3982042372226715,0.4587841033935547,0.13996513187885284,0.997612714767456,0.39642396569252014,0.4585809111595154,0.1399390995502472,0.9977607131004333,0.41079384088516235,0.46059560775756836,0.16679389774799347,0.9966042041778564,0.41390570998191833,0.4611615240573883,0.16670843958854675,0.9959191083908081,0.41648632287979126,0.46154624223709106,0.16672946512699127,0.9962748885154724,0.3964073359966278,0.4618052840232849,0.006337960250675678,0.996335506439209,0.42373067140579224,0.46593475341796875,0.125772625207901,0.9952446222305298,0.39442160725593567,0.4688106179237366,0.13306933641433716,0.9921285510063171,0.40949100255966187,0.47120100259780884,0.1677694320678711,0.9925199151039124,0.37103956937789917,0.48239773511886597,-0.0762714222073555,0.998711347579956,0.4461517035961151,0.4976596236228943,0.14815916121006012,0.9966491460800171,0.3382892906665802,0.47238340973854065,-0.05561335012316704,0.9529260396957397,0.4322032928466797,0.49994903802871704,0.3234189450740814,0.12924674153327942,0.39054667949676514,0.44580554962158203,0.06830383092164993,0.8683558106422424,0.41007041931152344,0.4565529525279999,0.49033740162849426,0.10473958402872086,0.4018573462963104,0.4384983777999878,0.07114513218402863,0.8474217653274536,0.41061776876449585,0.44560033082962036,0.5196827054023743,0.12612506747245789,0.4079303443431854,0.44116756319999695,0.05000602826476097,0.8454763293266296,0.4094724953174591,0.445844829082489,0.5011138319969177,0.12758566439151764,0.4007788896560669,0.44457733631134033,0.06382396072149277,0.827090322971344,0.4014860987663269,0.4480372667312622,0.48546266555786133,0.1368345320224762,0.3410378694534302,0.5886061191558838,-0.05626358091831207,0.9997440576553345,0.397891640663147,0.5955209136009216,0.05616474524140358,0.9996424913406372,0.3454921245574951,0.6646680235862732,-0.0761088952422142,0.8769901394844055,0.4030330181121826,0.6665302515029907,0.09183882176876068,0.7303194999694824,0.3771219849586487,0.7405231595039368,-0.11044863611459732,0.9504092931747437,0.40533629059791565,0.7437528371810913,0.07602855563163757,0.842367947101593,0.38228675723075867,0.7508164048194885,-0.11262166500091553,0.9129758477210999,0.41644927859306335,0.7527148127555847,0.07160684466362,0.8287746906280518,0.36844927072525024,0.7564590573310852,-0.16265814006328583,0.9229313731193542,0.4116104543209076,0.7564651370048523,0.030605627223849297,0.8028540015220642
156,0.39821314811706543,0.4664779305458069,0.15889203548431396,0.997528076171875,0.399413526058197,0.46125373244285583,0.1233336552977562,0.9975546002388,0.3976362645626068,0.4608966112136841,0.12325084954500198,0.9975721836090088,0.39584964513778687,0.46047037839889526,0.12320122867822647,0.9977148771286011,0.41002941131591797,0.462877094745636,0.15097005665302277,0.9965329170227051,0.41268351674079895,0.46321040391921997,0.15089701116085052,0.9958404898643494,0.41468048095703125,0.463329017162323,0.15090741217136383,0.9961931109428406,0.3967842757701874,0.46348538994789124,-0.0068402718752622604,0.9962994456291199,0.4197337031364441,0.46731147170066833,0.11703535914421082,0.9951901435852051,0.39301201701164246,0.47072160243988037,0.11616974323987961,0.9919947981834412,0.4071030914783478,0.4725417494773865,0.15202182531356812,0.9923924803733826,0.3680935800075531,0.48375967144966125,-0.08889319002628326,0.9987217783927917,0.44342926144599915,0.49984011054039,0.13944047689437866,0.9966377019882202,0.34339192509651184,0.472268283367157,-0.06997077167034149,0.9552010297775269,0.4310077726840973,0.5063652992248535,0.3143068850040436,0.12422136217355728,0.39036470651626587,0.4449935853481293,0.05680546537041664,0.8716740012168884,0.40535107254981995,0.4670712649822235,0.48259565234184265,0.10058143734931946,0.4012145400047302,0.43732085824012756,0.057444196194410324,0.8504234552383423,0.4045049548149109,0.45741674304008484,0.5128887295722961,0.12169080972671509,0.4083147943019867,0.440138041973114,0.040660563856363297,0.8485392332077026,0.39872413873672485,0.45605841279029846,0.4916820526123047,0.12319581210613251,0.40502747893333435,0.44423097372055054,0.05352507159113884,0.8302061557769775,0.3963923156261444,0.45943111181259155,0.4767135679721832,0.13239054381847382,0.3416249454021454,0.5894963145256042,-0.05245783179998398,0.9997461438179016,0.39334097504615784,0.5946747064590454,0.05236170068383217,0.9996444582939148,0.35570281744003296,0.666854739189148,-0.07281626760959625,0.8775557279586792,0.3998320400714874,0.6663464903831482,0.08954820781946182,0.7294207811355591,0.38147181272506714,0.7390544414520264,-0.0953081026673317,0.9505512714385986,0.4057999551296234,0.7423847913742065,0.0816020518541336,0.8420006632804871,0.38656753301620483,0.7484995126724243,-0.0969201996922493,0.9132278561592102,0.41240960359573364,0.753587543964386,0.07796784490346909,0.8294121026992798,0.37710458040237427,0.7511641383171082,-0.15225715935230255,0.923075258731842,0.4085428714752197,0.7543819546699524,0.02949479967355728,0.8028409481048584
157,0.4080372452735901,0.4670339524745941,0.1703481674194336,0.9976301193237305,0.4060027301311493,0.46177682280540466,0.13505807518959045,0.9976585507392883,0.40082210302352905,0.4609406292438507,0.13497845828533173,0.9976754188537598,0.39855435490608215,0.4604535400867462,0.1349465548992157,0.997805655002594,0.41449350118637085,0.46317511796951294,0.16190652549266815,0.9966916441917419,0.420226126909256,0.46405836939811707,0.16180922091007233,0.99603271484375,0.4230746924877167,0.4643339514732361,0.16181176900863647,0.9963623285293579,0.39800408482551575,0.46371716260910034,0.0035512836184352636,0.9964563250541687,0.4269700050354004,0.46856579184532166,0.12348548322916031,0.9954199194908142,0.3983461260795593,0.4707210958003998,0.12678249180316925,0.9923236966133118,0.4134538173675537,0.4725782573223114,0.16157327592372894,0.9927464723587036,0.368331640958786,0.4841966927051544,-0.08265231549739838,0.998783528804779,0.44737303256988525,0.5013228058815002,0.14391730725765228,0.9967471957206726,0.3349778950214386,0.47466257214546204,-0.06061125174164772,0.9574981927871704,0.42996278405189514,0.511850118637085,0.3123978078365326,0.1200331598520279,0.39063897728919983,0.443481981754303,0.06254532188177109,0.8764063119888306,0.4005298912525177,0.4718795716762543,0.4755377173423767,0.09715409576892853,0.400600790977478,0.4362114369869232,0.06329546868801117,0.8553199172019958,0.3994622826576233,0.4621296525001526,0.5060294270515442,0.11795665323734283,0.4073036015033722,0.4387986958026886,0.04618167504668236,0.8533831834793091,0.39921295642852783,0.4508429169654846,0.4846579134464264,0.11946351826190948,0.40434005856513977,0.44273218512535095,0.059231534600257874,0.8352250456809998,0.39504483342170715,0.4572327733039856,0.46951696276664734,0.128662571310997,0.33910199999809265,0.5922572612762451,-0.050231173634529114,0.9997545480728149,0.3975226879119873,0.5966235399246216,0.05012490600347519,0.9996520280838013,0.35375675559043884,0.6667517423629761,-0.06754747778177261,0.8799770474433899,0.3988148868083954,0.6679772734642029,0.08618727326393127,0.7306573987007141,0.38376542925834656,0.7408179044723511,-0.09310039132833481,0.9516810178756714,0.4050138294696808,0.7417784929275513,0.07800426334142685,0.8431975841522217,0.3860418200492859,0.7498223781585693,-0.09483695775270462,0.9150589108467102,0.40359920263290405,0.7507840991020203,0.0743381679058075,0.8319207429885864,0.38571837544441223,0.7569971680641174,-0.14993175864219666,0.9241978526115417,0.4061834514141083,0.7537192106246948,0.026575487107038498,0.8039736151695251
158,0.4016459286212921,0.4651910960674286,0.15935541689395905,0.9976108074188232,0.401043176651001,0.46205732226371765,0.12277716398239136,0.9976553916931152,0.39934107661247253,0.4619324803352356,0.1227136105298996,0.9976774454116821,0.39451494812965393,0.4613932967185974,0.12268183380365372,0.9977996349334717,0.41137540340423584,0.46313926577568054,0.14863353967666626,0.9966575503349304,0.41418081521987915,0.46340611577033997,0.1485520601272583,0.9959903955459595,0.41657257080078125,0.4635353684425354,0.1485668271780014,0.9963161945343018,0.39776352047920227,0.46438953280448914,-0.009222475811839104,0.9964644908905029,0.42215967178344727,0.4670460820198059,0.10668148100376129,0.9954352378845215,0.3965316414833069,0.4718113839626312,0.11654599756002426,0.9923776388168335,0.4055032432079315,0.472867876291275,0.1501484364271164,0.9927884936332703,0.3722327649593353,0.48441794514656067,-0.08475935459136963,0.9987951517105103,0.4473719000816345,0.49856072664260864,0.1238476112484932,0.9967654943466187,0.34101325273513794,0.47215983271598816,-0.06259451061487198,0.9581524729728699,0.4330483675003052,0.4982246458530426,0.2843606472015381,0.11870284378528595,0.3930114209651947,0.4434398412704468,0.06251247972249985,0.8768680691719055,0.41362378001213074,0.45768916606903076,0.4353862404823303,0.0961858481168747,0.4042662978172302,0.4390201270580292,0.06357401609420776,0.8563984036445618,0.4146270751953125,0.44751250743865967,0.4610486626625061,0.11717180907726288,0.41141125559806824,0.4420144855976105,0.043205633759498596,0.8545321822166443,0.4111504852771759,0.44654300808906555,0.4423409700393677,0.11870501190423965,0.40839964151382446,0.44537633657455444,0.057718176394701004,0.8364496827125549,0.40636321902275085,0.45014113187789917,0.429891437292099,0.1280066967010498,0.33686089515686035,0.5920194983482361,-0.04970146715641022,0.9997560381889343,0.3920520544052124,0.5967637896537781,0.04961104691028595,0.9996521472930908,0.34588152170181274,0.666688084602356,-0.0684296041727066,0.881232738494873,0.3979816436767578,0.6681967377662659,0.08513915538787842,0.7273234724998474,0.3812723755836487,0.7402028441429138,-0.09253263473510742,0.9524229168891907,0.4030574858188629,0.7436647415161133,0.08525534719228745,0.8417365550994873,0.3856438398361206,0.7504207491874695,-0.09443425387144089,0.9165476560592651,0.402556449174881,0.7517408132553101,0.0823301300406456,0.8318912386894226,0.36997005343437195,0.7662399411201477,-0.1477484554052353,0.9251250624656677,0.40669429302215576,0.7577593326568604,0.03761151805520058,0.80290687084198
159,0.40680378675460815,0.46430671215057373,0.18468977510929108,0.997437059879303,0.4014061391353607,0.460778146982193,0.15225869417190552,0.9974814653396606,0.3996727168560028,0.46059900522232056,0.15218287706375122,0.997513473033905,0.39786720275878906,0.46029457449913025,0.15212857723236084,0.9976419806480408,0.4124065637588501,0.46221238374710083,0.17157500982284546,0.9963979125022888,0.415252149105072,0.46252524852752686,0.1714855432510376,0.9957030415534973,0.42162013053894043,0.4634048640727997,0.1715049147605896,0.996025562286377,0.3970711827278137,0.46279963850975037,0.031813833862543106,0.9962118268013,0.4235389530658722,0.4659437835216522,0.11754230409860611,0.9950336813926697,0.39656487107276917,0.47002074122428894,0.14585694670677185,0.9918549060821533,0.4103921353816986,0.46984660625457764,0.17073631286621094,0.9922552704811096,0.36856815218925476,0.48283007740974426,-0.03498994931578636,0.9987841844558716,0.4403200149536133,0.4962899386882782,0.11881402879953384,0.9967180490493774,0.33698341250419617,0.47311267256736755,0.016253454610705376,0.9565989971160889,0.4323122203350067,0.5014141201972961,0.2661857604980469,0.11956825107336044,0.39055296778678894,0.4457274079322815,0.15104669332504272,0.8733224868774414,0.4132280647754669,0.4576452374458313,0.4294629395008087,0.0959460511803627,0.40223583579063416,0.4384322464466095,0.15819469094276428,0.8531177639961243,0.41064029932022095,0.44435983896255493,0.45574215054512024,0.11690612137317657,0.40882301330566406,0.441203236579895,0.13600832223892212,0.8512966632843018,0.4104904234409332,0.4461841881275177,0.43915921449661255,0.11839541792869568,0.4015662670135498,0.444724440574646,0.1459960639476776,0.8328342437744141,0.4075060784816742,0.44807562232017517,0.42552119493484497,0.1275932788848877,0.33977141976356506,0.5876218676567078,-0.03290180861949921,0.9997517466545105,0.3927137851715088,0.5934680700302124,0.032752059400081635,0.9996496438980103,0.34577566385269165,0.6627737283706665,-0.06471087783575058,0.8797679543495178,0.3968963027000427,0.6648015379905701,0.052184343338012695,0.7320857644081116,0.3779587149620056,0.7378174662590027,-0.09698300808668137,0.9517638683319092,0.4007848799228668,0.7412930727005005,0.03577473759651184,0.8440974354743958,0.3820907771587372,0.7483726739883423,-0.09956305474042892,0.9158360958099365,0.4103606045246124,0.753391444683075,0.03139413520693779,0.8336629271507263,0.37153613567352295,0.7529239654541016,-0.15271355211734772,0.9240921139717102,0.41161635518074036,0.7606478333473206,-0.019229358062148094,0.8043774962425232
160,0.4089025855064392,0.46647757291793823,0.1724967509508133,0.997543454170227,0.40690329670906067,0.46084293723106384,0.137578547000885,0.9975913763046265,0.40407249331474304,0.46032366156578064,0.13750801980495453,0.9976207613945007,0.39802315831184387,0.4592989683151245,0.13747557997703552,0.997742235660553,0.41565266251564026,0.4624163508415222,0.1624605357646942,0.9965627789497375,0.42208313941955566,0.4635830521583557,0.1623743176460266,0.9958997964859009,0.4245736598968506,0.46382197737693787,0.1623871624469757,0.9962016344070435,0.3998297154903412,0.46292153000831604,0.0110899917781353,0.9963876605033875,0.42779937386512756,0.4678390622138977,0.12241823971271515,0.9952719807624817,0.4026409089565277,0.4704408645629883,0.13123531639575958,0.9921828508377075,0.4141121506690979,0.4723133146762848,0.16345073282718658,0.9925845861434937,0.3686433732509613,0.4832582473754883,-0.06829370558261871,0.9987981915473938,0.4467526078224182,0.4993359446525574,0.13932538032531738,0.996721625328064,0.3442659080028534,0.4731549620628357,-0.054627515375614166,0.9585347771644592,0.4365205764770508,0.5025569200515747,0.3041025400161743,0.11781074106693268,0.3903537690639496,0.4435652792453766,0.053780410438776016,0.8771801590919495,0.4118778109550476,0.45814743638038635,0.4642028510570526,0.09514526277780533,0.39962881803512573,0.43626803159713745,0.054023828357458115,0.8569962978363037,0.41499197483062744,0.4429393410682678,0.48911166191101074,0.11641907691955566,0.40681254863739014,0.43895673751831055,0.03441568836569786,0.8551351428031921,0.4089452922344208,0.44358426332473755,0.4711912274360657,0.11797212064266205,0.40412232279777527,0.44262346625328064,0.049377650022506714,0.8369154930114746,0.40493354201316833,0.4484434425830841,0.45915690064430237,0.1271578073501587,0.3380378782749176,0.5922915935516357,-0.045290686190128326,0.9997512698173523,0.3976760506629944,0.5959665179252625,0.04517652839422226,0.999646008014679,0.35149532556533813,0.6683648228645325,-0.06038147956132889,0.8806383609771729,0.40406256914138794,0.6676933169364929,0.08135201781988144,0.7317163944244385,0.3777276575565338,0.7414734959602356,-0.08987370878458023,0.9521550536155701,0.4061630368232727,0.7435786724090576,0.06892240792512894,0.8445643186569214,0.3804006576538086,0.7518085837364197,-0.09160023927688599,0.9167594313621521,0.40411388874053955,0.7534329891204834,0.06517886370420456,0.8353884816169739,0.37116825580596924,0.7637336850166321,-0.14426209032535553,0.9236748218536377,0.41103753447532654,0.7556559443473816,0.01862109638750553,0.8028843998908997
161,0.3964000642299652,0.4682041108608246,0.1737576276063919,0.9975160956382751,0.396519273519516,0.46344560384750366,0.13839402794837952,0.9975718259811401,0.39156702160835266,0.46292388439178467,0.1383369117975235,0.9976078271865845,0.39010944962501526,0.46265849471092224,0.13829165697097778,0.9977227449417114,0.4033685028553009,0.4641839563846588,0.16110549867153168,0.9965183138847351,0.4100053012371063,0.4649735391139984,0.16102923452854156,0.9958527088165283,0.41252580285072327,0.46513479948043823,0.16106204688549042,0.996145486831665,0.3898426294326782,0.4658609926700592,0.00950224231928587,0.9963825941085815,0.4176979959011078,0.4683564603328705,0.11112990230321884,0.9952626824378967,0.3907073140144348,0.4743906557559967,0.1320684850215912,0.9921471476554871,0.39952850341796875,0.4754425883293152,0.1615312397480011,0.9925451874732971,0.36854287981987,0.4844522476196289,-0.06148266792297363,0.9987919926643372,0.4432643949985504,0.4991718828678131,0.11896822601556778,0.9967687726020813,0.3296082019805908,0.47338250279426575,-0.031012210994958878,0.9584929347038269,0.4303545355796814,0.4975203275680542,0.2833405137062073,0.11743205040693283,0.38883352279663086,0.44706079363822937,0.09534575045108795,0.8779690861701965,0.4082300662994385,0.4568582773208618,0.44262048602104187,0.09513449668884277,0.40098318457603455,0.44013431668281555,0.09966527670621872,0.8591107726097107,0.40808555483818054,0.4451351761817932,0.46866926550865173,0.11678282916545868,0.4076972007751465,0.4427526593208313,0.0770207941532135,0.85721755027771,0.402081161737442,0.4463842213153839,0.4512408673763275,0.11829180270433426,0.40032902359962463,0.44609278440475464,0.08982643485069275,0.8392152786254883,0.3997262716293335,0.4483400881290436,0.4380559027194977,0.12784382700920105,0.33798569440841675,0.5930052995681763,-0.04008583351969719,0.999750018119812,0.3924250602722168,0.5974305272102356,0.04000844806432724,0.9996465444564819,0.34676599502563477,0.6661583781242371,-0.06935848295688629,0.8826414942741394,0.39980676770210266,0.6680163741111755,0.06510905176401138,0.7331677675247192,0.38549378514289856,0.7417408227920532,-0.09479808062314987,0.9531405568122864,0.4062016010284424,0.7444317936897278,0.05660863220691681,0.8447319865226746,0.38640958070755005,0.7506142258644104,-0.09691014140844345,0.9198113083839417,0.4162313938140869,0.7547542452812195,0.05291593074798584,0.8370720744132996,0.38543280959129333,0.764762282371521,-0.14881418645381927,0.9250165820121765,0.41497281193733215,0.7592208385467529,0.0061532133258879185,0.8028199672698975
162,0.3943520784378052,0.4676627814769745,0.18316759169101715,0.9974832534790039,0.3963766098022461,0.46238383650779724,0.1486257165670395,0.9975537657737732,0.39482221007347107,0.46206414699554443,0.14854846894741058,0.9975959062576294,0.39319300651550293,0.46165305376052856,0.14850430190563202,0.9977062344551086,0.40596649050712585,0.4637782871723175,0.17456069588661194,0.9964733123779297,0.40869560837745667,0.46406057476997375,0.1744716912508011,0.9958022832870483,0.4109307825565338,0.4641818106174469,0.17449000477790833,0.9960892200469971,0.3937734365463257,0.4647364318370819,0.019897159188985825,0.9963734149932861,0.4168940782546997,0.4676453173160553,0.13559797406196594,0.995232343673706,0.38921070098876953,0.47240373492240906,0.14076438546180725,0.992003858089447,0.40268343687057495,0.473783403635025,0.17436189949512482,0.9924038648605347,0.3685694932937622,0.4852353036403656,-0.062059033662080765,0.9988046884536743,0.44152501225471497,0.49855753779411316,0.14981625974178314,0.9967290163040161,0.33555781841278076,0.4740659296512604,-0.037482183426618576,0.9592064023017883,0.4299957752227783,0.5007768273353577,0.31946590542793274,0.11507764458656311,0.389473021030426,0.4441002905368805,0.09098225831985474,0.877861738204956,0.40541326999664307,0.45921412110328674,0.49232572317123413,0.09299299120903015,0.3989466428756714,0.4384727478027344,0.09399420768022537,0.8589610457420349,0.4050174057483673,0.44365355372428894,0.5234692096710205,0.1144765242934227,0.40573012828826904,0.44110870361328125,0.0749596655368805,0.857109010219574,0.40555500984191895,0.4451960027217865,0.5037226676940918,0.11599189043045044,0.40242481231689453,0.445212185382843,0.08707661181688309,0.8388540744781494,0.4012576937675476,0.45056426525115967,0.4872300326824188,0.12547113001346588,0.3387172222137451,0.5891690850257874,-0.0514243058860302,0.999750018119812,0.3921138644218445,0.594109296798706,0.051279619336128235,0.999643087387085,0.3447955250740051,0.664422869682312,-0.08042419701814651,0.8839667439460754,0.3993057906627655,0.6652094125747681,0.08076351135969162,0.7341316938400269,0.38201868534088135,0.7388896346092224,-0.11921737343072891,0.953737735748291,0.40440237522125244,0.7425338625907898,0.062490906566381454,0.8455597162246704,0.38729777932167053,0.7511577010154724,-0.12228020280599594,0.9209684729576111,0.41238221526145935,0.7524513602256775,0.05759372189640999,0.8387447595596313,0.3755553960800171,0.7551079988479614,-0.17733289301395416,0.9257838129997253,0.40241292119026184,0.7564701437950134,0.009780331514775753,0.8040167093276978
163,0.40497174859046936,0.4666553735733032,0.16786541044712067,0.997471034526825,0.39911916851997375,0.4609638452529907,0.13362140953540802,0.9975339770317078,0.3969706892967224,0.46064212918281555,0.133553147315979,0.9975733757019043,0.3946989178657532,0.460195928812027,0.13351508975028992,0.9976821541786194,0.4108985364437103,0.4626677930355072,0.15685898065567017,0.9964593052864075,0.41688695549964905,0.46350643038749695,0.15677492320537567,0.9957897067070007,0.41957762837409973,0.4636266827583313,0.15678660571575165,0.9960750937461853,0.3938714563846588,0.4632926285266876,0.007929708808660507,0.9963396787643433,0.42325136065483093,0.4672181010246277,0.11189616471529007,0.9952172636985779,0.394677996635437,0.46990469098091125,0.12707458436489105,0.991945743560791,0.4103342890739441,0.4719478189945221,0.15713320672512054,0.9923791885375977,0.3648976683616638,0.48259785771369934,-0.06891359388828278,0.9987823367118835,0.44354283809661865,0.5004525780677795,0.12533271312713623,0.9967037439346313,0.33394089341163635,0.47599905729293823,-0.05575169250369072,0.9593676924705505,0.4297769367694855,0.5029674768447876,0.2828509211540222,0.11451278626918793,0.3868292272090912,0.4451344311237335,0.047947756946086884,0.8782236576080322,0.40365472435951233,0.4614659547805786,0.4402534067630768,0.09276554733514786,0.39700499176979065,0.437350869178772,0.047080617398023605,0.8591725826263428,0.4030623733997345,0.451368123292923,0.465950071811676,0.11431937664747238,0.40347805619239807,0.4418782591819763,0.028588542714715004,0.8572810292243958,0.4037514626979828,0.44704437255859375,0.44698789715766907,0.11583875864744186,0.40117183327674866,0.4440426826477051,0.043411992490291595,0.8389443755149841,0.3944234848022461,0.45355531573295593,0.43495965003967285,0.12532906234264374,0.3374801278114319,0.5922977328300476,-0.04151422530412674,0.999750018119812,0.3959965407848358,0.5964671969413757,0.04139209911227226,0.9996436238288879,0.352754145860672,0.6689299941062927,-0.06915871798992157,0.882802426815033,0.4023028016090393,0.6686370372772217,0.06754251569509506,0.7331963181495667,0.38105669617652893,0.7415589690208435,-0.09711967408657074,0.953416645526886,0.40754619240760803,0.7442830204963684,0.05765094235539436,0.8452073931694031,0.38503962755203247,0.7531747221946716,-0.09926243871450424,0.9200066328048706,0.4177725613117218,0.7545159459114075,0.05397147685289383,0.8379059433937073,0.3858724534511566,0.762947142124176,-0.1538553684949875,0.9249893426895142,0.41442278027534485,0.7577258348464966,0.004266484174877405,0.8027424216270447
164,0.39861154556274414,0.46631762385368347,0.20519579946994781,0.9974462985992432,0.3984953761100769,0.46138396859169006,0.1725560873746872,0.9974966645240784,0.3962780833244324,0.4609929621219635,0.17245687544345856,0.9975314140319824,0.3938920199871063,0.4605388641357422,0.1723928451538086,0.9976403117179871,0.4094238877296448,0.4633367955684662,0.19380174577236176,0.9964420199394226,0.41214901208877563,0.46380048990249634,0.1937023103237152,0.9957746863365173,0.41698136925697327,0.46458619832992554,0.19371487200260162,0.9960528016090393,0.39240962266921997,0.4637819230556488,0.0479772612452507,0.9962906241416931,0.4188135266304016,0.4685126543045044,0.14234328269958496,0.995190441608429,0.39271336793899536,0.4708153307437897,0.16426809132099152,0.9917030334472656,0.4074333906173706,0.4728133976459503,0.191646546125412,0.9922231435775757,0.3634331226348877,0.4832267463207245,-0.031065354123711586,0.9987801313400269,0.44113442301750183,0.5000085234642029,0.14156678318977356,0.9966602325439453,0.33516883850097656,0.4726416766643524,0.0037023748736828566,0.9601691961288452,0.429912805557251,0.506784975528717,0.3163037896156311,0.11179699748754501,0.39266204833984375,0.44308406114578247,0.12927280366420746,0.8792729377746582,0.4011889398097992,0.467373788356781,0.5098168253898621,0.09022434055805206,0.3983241319656372,0.4372454881668091,0.13426920771598816,0.8600651025772095,0.3991701006889343,0.4579692482948303,0.5409089922904968,0.11153499037027359,0.4058421552181244,0.440094918012619,0.1130608394742012,0.858172595500946,0.39305007457733154,0.4569147229194641,0.5213819742202759,0.11306182295084,0.40235692262649536,0.44428107142448425,0.1242528110742569,0.8399325609207153,0.39082738757133484,0.46006113290786743,0.5055572390556335,0.12241420894861221,0.3373071849346161,0.5918289422988892,-0.03566012158989906,0.9997498393058777,0.3932395577430725,0.5965908169746399,0.03548511490225792,0.999640703201294,0.3527299761772156,0.6688058972358704,-0.0557934045791626,0.8831735253334045,0.400570809841156,0.6683410406112671,0.07208722829818726,0.7372177839279175,0.38182875514030457,0.7428761124610901,-0.09607859700918198,0.9535372257232666,0.4085366129875183,0.743104100227356,0.04994096979498863,0.8469590544700623,0.38342374563217163,0.7521549463272095,-0.09883792698383331,0.920585036277771,0.41710028052330017,0.7548450827598572,0.04520037770271301,0.8404815196990967,0.37968316674232483,0.7581871151924133,-0.15365830063819885,0.9245572686195374,0.4176824986934662,0.761478066444397,-0.0057242014445364475,0.8034346103668213
165,0.40339845418930054,0.466949462890625,0.20172400772571564,0.9974850416183472,0.4017126262187958,0.46181952953338623,0.1675344854593277,0.9975415468215942,0.39645591378211975,0.4608994424343109,0.1674381047487259,0.9975754022598267,0.3940589129924774,0.460477739572525,0.16738261282444,0.9976803064346313,0.409976989030838,0.4634270966053009,0.19172027707099915,0.9965218305587769,0.4154002070426941,0.4643716514110565,0.1916140466928482,0.995868444442749,0.4179317355155945,0.4647040069103241,0.1916152536869049,0.9961335062980652,0.39255303144454956,0.4637807607650757,0.03743681311607361,0.9963535070419312,0.42054614424705505,0.4686688482761383,0.14480917155742645,0.9952905774116516,0.3920339047908783,0.4723529517650604,0.1585725098848343,0.9917880296707153,0.40718504786491394,0.47450146079063416,0.1898534893989563,0.9923506379127502,0.36232757568359375,0.48458483815193176,-0.045110445469617844,0.9988128542900085,0.44305092096328735,0.5009013414382935,0.14893972873687744,0.9966745972633362,0.33034250140190125,0.4766419529914856,0.001095462474040687,0.9608410000801086,0.4294295012950897,0.5098873972892761,0.32536935806274414,0.10910672694444656,0.38865697383880615,0.4466361105442047,0.14919866621494293,0.8786855340003967,0.40215563774108887,0.46851104497909546,0.5162025690078735,0.0872308686375618,0.39447569847106934,0.44014349579811096,0.15729443728923798,0.8591696619987488,0.4013679027557373,0.4582914412021637,0.5492826104164124,0.10804925113916397,0.40156471729278564,0.4426923990249634,0.13483639061450958,0.8572083115577698,0.39448481798171997,0.45670774579048157,0.5301595330238342,0.10957517474889755,0.3977449834346771,0.4471169412136078,0.14452047646045685,0.8388980627059937,0.39179226756095886,0.46011409163475037,0.5118229985237122,0.1188037097454071,0.3374578058719635,0.5929608941078186,-0.04446113482117653,0.9997440576553345,0.3962669372558594,0.5976101160049438,0.04430112987756729,0.9996266961097717,0.35106855630874634,0.668796956539154,-0.05764396861195564,0.8848007321357727,0.40231654047966003,0.668267548084259,0.08413651585578918,0.7398911714553833,0.3759273588657379,0.7444320917129517,-0.09906487911939621,0.9540438055992126,0.4079659581184387,0.7447061538696289,0.06582853943109512,0.8479666709899902,0.3824255168437958,0.7545831799507141,-0.10201860219240189,0.921962559223175,0.41043293476104736,0.7549210786819458,0.061360154300928116,0.8429928421974182,0.3715222179889679,0.7586393356323242,-0.1595117151737213,0.9244447350502014,0.4036431610584259,0.7563472390174866,0.012385684065520763,0.8033056855201721
166,0.39281192421913147,0.4666985869407654,0.16209450364112854,0.9973919987678528,0.3931073546409607,0.46178826689720154,0.12544246017932892,0.9974602460861206,0.3885354995727539,0.46136629581451416,0.12536531686782837,0.9975054860115051,0.3870641887187958,0.46108341217041016,0.12532196938991547,0.9976059794425964,0.40013423562049866,0.46237578988075256,0.15049129724502563,0.9963952898979187,0.40659576654434204,0.4630283713340759,0.15040789544582367,0.9957262873649597,0.4092390239238739,0.46316829323768616,0.15041936933994293,0.9959938526153564,0.38973572850227356,0.46368810534477234,-0.007027127780020237,0.9962605237960815,0.41538798809051514,0.4666770100593567,0.10521551221609116,0.9951910972595215,0.3882346749305725,0.4713764190673828,0.11913271248340607,0.991542398929596,0.3975958526134491,0.47247573733329773,0.15167033672332764,0.9921061992645264,0.3600752055644989,0.48739296197891235,-0.07904128730297089,0.9987906813621521,0.4422844648361206,0.4989413321018219,0.12029983848333359,0.9966667890548706,0.3336336612701416,0.4743426442146301,-0.03674495592713356,0.9607911705970764,0.4313388168811798,0.49994340538978577,0.2979791462421417,0.10821789503097534,0.38780146837234497,0.44467389583587646,0.1100381389260292,0.8770509362220764,0.41085582971572876,0.4591132402420044,0.47037672996520996,0.08571690320968628,0.39890751242637634,0.43860986828804016,0.11538393795490265,0.8579785227775574,0.414175420999527,0.4452632963657379,0.49979591369628906,0.10644575953483582,0.40635931491851807,0.441460520029068,0.09182286262512207,0.8561986088752747,0.40696197748184204,0.4462994933128357,0.4805091619491577,0.10800649970769882,0.4020240306854248,0.4455064833164215,0.10451500117778778,0.8379624485969543,0.40133851766586304,0.45130544900894165,0.4655681550502777,0.11725770682096481,0.33467453718185425,0.5920581221580505,-0.04601825773715973,0.9997402429580688,0.39210835099220276,0.5974032878875732,0.04593094810843468,0.999623715877533,0.3444671928882599,0.6667107939720154,-0.057941947132349014,0.8844616413116455,0.40055060386657715,0.6673635244369507,0.09318221360445023,0.7363294959068298,0.37986886501312256,0.7396578192710876,-0.07389624416828156,0.9538803100585938,0.4043576419353485,0.7423381209373474,0.09131935238838196,0.8453285098075867,0.3824128210544586,0.7510693073272705,-0.07419892400503159,0.9220864176750183,0.41130656003952026,0.7528213262557983,0.08869863301515579,0.8411425352096558,0.3764868974685669,0.7571420669555664,-0.11739711463451385,0.9242978096008301,0.40488696098327637,0.7571532130241394,0.048026978969573975,0.8008139133453369
167,0.39749982953071594,0.46621933579444885,0.18376204371452332,0.9973799586296082,0.39662161469459534,0.46169939637184143,0.1492142677307129,0.9974506497383118,0.39436888694763184,0.46148681640625,0.14912675321102142,0.9974942207336426,0.39203786849975586,0.46117857098579407,0.14908023178577423,0.9975910186767578,0.40739747881889343,0.46287646889686584,0.17178697884082794,0.9964001178741455,0.4103265404701233,0.4631720781326294,0.17168548703193665,0.9957343339920044,0.41524431109428406,0.4636537730693817,0.1716853231191635,0.9959925413131714,0.39041826128959656,0.4646213948726654,0.02007640339434147,0.99623703956604,0.417072057723999,0.467826247215271,0.12058018147945404,0.9951955676078796,0.3922572135925293,0.47112366557121277,0.14156529307365417,0.9914746284484863,0.40724217891693115,0.4724476933479309,0.17076921463012695,0.9920769333839417,0.3562982380390167,0.48698562383651733,-0.054524753242731094,0.9987979531288147,0.4407690167427063,0.49986740946769714,0.12516583502292633,0.9966660141944885,0.3309578001499176,0.47443896532058716,-0.012188496999442577,0.9608423113822937,0.4266371428966522,0.5062400102615356,0.29147282242774963,0.10689223557710648,0.3858930170536041,0.44591763615608215,0.12327396124601364,0.8769070506095886,0.40228235721588135,0.4662686586380005,0.4680395722389221,0.08386200666427612,0.3962841033935547,0.4385012984275818,0.12898820638656616,0.8578723073005676,0.4003168046474457,0.4522796869277954,0.49798065423965454,0.10418715327978134,0.40265563130378723,0.4432358145713806,0.10652615129947662,0.8560876846313477,0.40284207463264465,0.4494858682155609,0.4795808494091034,0.1057257428765297,0.40010517835617065,0.44524261355400085,0.11797833442687988,0.8378685712814331,0.3981733024120331,0.4546320140361786,0.4637935757637024,0.1149086058139801,0.33651915192604065,0.591310441493988,-0.03731220215559006,0.9997377395629883,0.39501699805259705,0.5960752367973328,0.037164490669965744,0.9996181130409241,0.34333309531211853,0.6660511493682861,-0.052934058010578156,0.8840605020523071,0.4001387655735016,0.6672192811965942,0.07836371660232544,0.7381804585456848,0.37918394804000854,0.7400711178779602,-0.07909359782934189,0.9537979960441589,0.4054602384567261,0.7425699234008789,0.06737067550420761,0.8454608917236328,0.3809405267238617,0.7524742484092712,-0.08045723289251328,0.9221906661987305,0.41073861718177795,0.751591145992279,0.06393075734376907,0.8415482640266418,0.3751883804798126,0.7569011449813843,-0.12943725287914276,0.9236652255058289,0.4085082411766052,0.7559293508529663,0.01817157119512558,0.7998121976852417
168,0.39542102813720703,0.46384063363075256,0.1528598964214325,0.9974603652954102,0.3943084478378296,0.46073877811431885,0.11460253596305847,0.9975445866584778,0.392083078622818,0.46042126417160034,0.11452345550060272,0.9975899457931519,0.3898860216140747,0.46010103821754456,0.11449979990720749,0.9976766705513,0.40548568964004517,0.4624638259410858,0.144248828291893,0.9965425729751587,0.40848082304000854,0.46292397379875183,0.14415952563285828,0.9959030747413635,0.4135076403617859,0.463668555021286,0.14415937662124634,0.9961512684822083,0.3891203999519348,0.46370843052864075,-0.02376360073685646,0.9963868856430054,0.41752859950065613,0.46819770336151123,0.10876019299030304,0.995431125164032,0.3887547552585602,0.47018617391586304,0.10743535310029984,0.9917811155319214,0.404518723487854,0.4723201394081116,0.14582177996635437,0.9924054741859436,0.3639822006225586,0.4849611520767212,-0.11231701076030731,0.9988318085670471,0.44099941849708557,0.5002760291099548,0.1440790593624115,0.9967418909072876,0.3313305079936981,0.4734029769897461,-0.08266568928956985,0.9628168940544128,0.425047904253006,0.5077028274536133,0.3376365900039673,0.10369062423706055,0.3839893341064453,0.44556331634521484,0.0603596493601799,0.8800014853477478,0.39975014328956604,0.46834132075309753,0.5127000212669373,0.08106331527233124,0.39414507150650024,0.4379088580608368,0.061734843999147415,0.8607558608055115,0.3995378315448761,0.45846837759017944,0.5455839037895203,0.10103990137577057,0.40002772212028503,0.443008154630661,0.0412340946495533,0.8590413928031921,0.3936718702316284,0.45741352438926697,0.5227534174919128,0.10265248268842697,0.3974084258079529,0.44527143239974976,0.05612608790397644,0.8412279486656189,0.39115220308303833,0.46091973781585693,0.5065513253211975,0.11175326257944107,0.3368934988975525,0.5950865149497986,-0.060102690011262894,0.9997411966323853,0.39607003331184387,0.5984591841697693,0.060048386454582214,0.9996227622032166,0.3452436625957489,0.6673286557197571,-0.06412754207849503,0.8859239816665649,0.4042872488498688,0.6662806272506714,0.11452078074216843,0.7304949760437012,0.3816961646080017,0.7383953928947449,-0.07487505674362183,0.9540565013885498,0.4059579372406006,0.7405625581741333,0.11106925457715988,0.8413071036338806,0.3846162259578705,0.7493821382522583,-0.07398145645856857,0.9224570989608765,0.41628512740135193,0.7514744997024536,0.10865511745214462,0.8390116095542908,0.3792448043823242,0.7565790414810181,-0.11324870586395264,0.9239773750305176,0.40847015380859375,0.7546871900558472,0.07316230982542038,0.7961669564247131
169,0.3886411488056183,0.4689239263534546,0.1638411581516266,0.9973361492156982,0.3895844519138336,0.463432639837265,0.12770293653011322,0.9974390268325806,0.3879559636116028,0.4631154239177704,0.12762857973575592,0.9974945187568665,0.3828563690185547,0.46234357357025146,0.1275797188282013,0.9975808262825012,0.40022867918014526,0.4648344814777374,0.1526341289281845,0.9963479042053223,0.402840793132782,0.46508508920669556,0.15256428718566895,0.9956732392311096,0.40485715866088867,0.46515586972236633,0.1525927186012268,0.9959186315536499,0.38695064187049866,0.4649902284145355,-0.001874192152172327,0.9962923526763916,0.41060659289360046,0.4681638181209564,0.10959572345018387,0.9952240586280823,0.3840893805027008,0.4739212095737457,0.12197625637054443,0.9915537238121033,0.3985728919506073,0.4753386378288269,0.1543094366788864,0.9921029806137085,0.36251121759414673,0.48538273572921753,-0.07528902590274811,0.9988009333610535,0.438845694065094,0.49847549200057983,0.12453170865774155,0.9965949654579163,0.32997357845306396,0.4748191833496094,-0.03597735986113548,0.962948739528656,0.4301297962665558,0.4972827732563019,0.2893748879432678,0.10442852973937988,0.3798065185546875,0.44501790404319763,0.10679041594266891,0.8794241547584534,0.40567073225975037,0.45443999767303467,0.4451659619808197,0.08125758916139603,0.38889479637145996,0.4383872151374817,0.1110534593462944,0.860660195350647,0.40506911277770996,0.4433550238609314,0.47087034583091736,0.10150835663080215,0.3968255817890167,0.4419095814228058,0.08903355896472931,0.8590224385261536,0.40101373195648193,0.44502705335617065,0.45142820477485657,0.10317084193229675,0.3898445665836334,0.4459833800792694,0.10214783251285553,0.8413057923316956,0.396072655916214,0.45010051131248474,0.43947264552116394,0.11244407296180725,0.334488183259964,0.593291163444519,-0.04827510565519333,0.9997312426567078,0.3906382918357849,0.5982816219329834,0.04818494990468025,0.9996045231819153,0.3457410931587219,0.6678563952445984,-0.07574588805437088,0.8862511515617371,0.39969879388809204,0.6686384677886963,0.07655361294746399,0.7280330061912537,0.3838179409503937,0.7433618903160095,-0.10546745359897614,0.9540212750434875,0.4061982333660126,0.7463890314102173,0.06673005223274231,0.8391260504722595,0.3876066505908966,0.7526334524154663,-0.10731403529644012,0.9229034781455994,0.41389840841293335,0.7566438913345337,0.06305995583534241,0.8376016020774841,0.383545845746994,0.766108512878418,-0.15655195713043213,0.9238487482070923,0.4109434187412262,0.7607090473175049,0.019257711246609688,0.7936583161354065
170,0.3907254934310913,0.4642942249774933,0.1489780694246292,0.9974552392959595,0.3913203477859497,0.46056583523750305,0.10884925723075867,0.9975704550743103,0.3891974687576294,0.4604608416557312,0.10877501219511032,0.9976253509521484,0.3871007561683655,0.46031925082206726,0.10875050723552704,0.9977024793624878,0.40280115604400635,0.46162348985671997,0.1392066925764084,0.9965362548828125,0.405978798866272,0.4620060920715332,0.13911129534244537,0.9958933591842651,0.40852436423301697,0.46228888630867004,0.13910819590091705,0.996127188205719,0.38651493191719055,0.46392112970352173,-0.03413073346018791,0.996492326259613,0.41401422023773193,0.4664663076400757,0.10161089897155762,0.9955171942710876,0.3857118487358093,0.4709238111972809,0.10230843722820282,0.9919939041137695,0.3962034285068512,0.471950888633728,0.14171265065670013,0.992531418800354,0.3657095432281494,0.4856528639793396,-0.12001882493495941,0.9988572001457214,0.4411502778530121,0.49855053424835205,0.13836365938186646,0.9967178106307983,0.3313182592391968,0.4738211929798126,-0.09159960597753525,0.9650448560714722,0.4253897964954376,0.5049263834953308,0.33906450867652893,0.10127831250429153,0.3818257749080658,0.4453491270542145,0.045757997781038284,0.88371741771698,0.4005472958087921,0.4654957056045532,0.5146864056587219,0.0786915272474289,0.3914754390716553,0.4384543299674988,0.046338051557540894,0.8651890158653259,0.40035539865493774,0.45532238483428955,0.5466862916946411,0.09868764877319336,0.39921101927757263,0.4414711892604828,0.024531923234462738,0.8636369109153748,0.39925479888916016,0.4502416253089905,0.5245853662490845,0.10039794445037842,0.3958112895488739,0.4451424777507782,0.04095630720257759,0.8463796377182007,0.39200469851493835,0.4579260051250458,0.5088564157485962,0.10968397557735443,0.33786484599113464,0.593400776386261,-0.062970370054245,0.9997372627258301,0.39426133036613464,0.5988700985908508,0.06296151876449585,0.9996089935302734,0.34255510568618774,0.6669889092445374,-0.05537477508187294,0.8899523615837097,0.3971196115016937,0.6679671406745911,0.12967374920845032,0.7210115790367126,0.3773830831050873,0.7390446066856384,-0.06951282918453217,0.9553453326225281,0.4010864794254303,0.7414907217025757,0.1351238638162613,0.834967851638794,0.3811761438846588,0.7506604790687561,-0.06896622478961945,0.925267219543457,0.4114229381084442,0.7507549524307251,0.13343681395053864,0.8361690640449524,0.3639719784259796,0.7543690204620361,-0.10774226486682892,0.9256555438041687,0.39765629172325134,0.7543240785598755,0.10182121396064758,0.7902939915657043
171,0.39376482367515564,0.46612265706062317,0.16142693161964417,0.9973279237747192,0.39278101921081543,0.46234655380249023,0.12553247809410095,0.9974550008773804,0.39100128412246704,0.46214643120765686,0.12545235455036163,0.9975135326385498,0.38910406827926636,0.4618777334690094,0.1254078447818756,0.9975898265838623,0.4032929241657257,0.4635961353778839,0.14869724214076996,0.9963778257369995,0.4059354364871979,0.46387115120887756,0.14860129356384277,0.9956941604614258,0.4079308807849884,0.4639797806739807,0.14860114455223083,0.9959456920623779,0.38796448707580566,0.4656246304512024,-0.0042024836875498295,0.9963067173957825,0.41232869029045105,0.46852293610572815,0.09927313029766083,0.9953440427780151,0.3861132860183716,0.47380930185317993,0.11971079558134079,0.9916144013404846,0.40188243985176086,0.4733884930610657,0.14970459043979645,0.9922080039978027,0.35401085019111633,0.48746001720428467,-0.0755913034081459,0.9988049864768982,0.4386187493801117,0.4988822638988495,0.11109599471092224,0.9966369867324829,0.32145363092422485,0.4741842448711395,-0.029479900375008583,0.9631374478340149,0.42423781752586365,0.49852821230888367,0.2834753692150116,0.10205680131912231,0.38209038972854614,0.44607073068618774,0.11685497313737869,0.8775594234466553,0.4049236476421356,0.45885011553764343,0.45626065135002136,0.07830484211444855,0.3929428458213806,0.43871966004371643,0.12228868156671524,0.8592563271522522,0.4078303575515747,0.44495752453804016,0.48448023200035095,0.09814935177564621,0.3998246490955353,0.4433698058128357,0.09749968349933624,0.85780930519104,0.40127697587013245,0.44816672801971436,0.4655543863773346,0.0998849868774414,0.39701369404792786,0.44546306133270264,0.11060906946659088,0.8405369520187378,0.397934228181839,0.4516649544239044,0.4515285789966583,0.1090928167104721,0.33399498462677,0.592703104019165,-0.04181985184550285,0.9997273683547974,0.3901298940181732,0.5978509783744812,0.04172653704881668,0.9995978474617004,0.3432849049568176,0.6670205593109131,-0.0536474846303463,0.888147234916687,0.39990752935409546,0.6687614917755127,0.08192246407270432,0.7180482149124146,0.3802974820137024,0.7413452863693237,-0.0751974880695343,0.9549320340156555,0.4047695994377136,0.7444015741348267,0.08400493860244751,0.833307147026062,0.38287341594696045,0.7534781098365784,-0.07621165364980698,0.9243426322937012,0.4099940061569214,0.7545180916786194,0.08184586465358734,0.8340635895729065,0.3796445429325104,0.7592706680297852,-0.12494634091854095,0.9251177310943604,0.4020346999168396,0.7579928636550903,0.036277689039707184,0.7888060808181763
172,0.3904706537723541,0.46614915132522583,0.16250154376029968,0.9974403381347656,0.39051365852355957,0.4615471065044403,0.12355394661426544,0.9975778460502625,0.3884214758872986,0.46125733852386475,0.12348590791225433,0.9976369142532349,0.38630440831184387,0.46091219782829285,0.1234525740146637,0.997703492641449,0.4020988643169403,0.4630219638347626,0.15242204070091248,0.9965528845787048,0.40520021319389343,0.4633592665195465,0.15233217179775238,0.9959023594856262,0.4104795753955841,0.4639377295970917,0.15233778953552246,0.9961379170417786,0.385719358921051,0.46420803666114807,-0.01635165698826313,0.9964962601661682,0.41477078199386597,0.4671865999698639,0.11239859461784363,0.9956098794937134,0.3854147493839264,0.47098666429519653,0.11657087504863739,0.9920121431350708,0.4007583260536194,0.47286292910575867,0.1539923995733261,0.9926079511642456,0.36152783036231995,0.484195739030838,-0.1028287336230278,0.9988478422164917,0.4401409924030304,0.49923667311668396,0.14106152951717377,0.9967395663261414,0.3285154104232788,0.47274547815322876,-0.07603182643651962,0.9647240042686462,0.4209122955799103,0.5020120143890381,0.33323898911476135,0.10009695589542389,0.3784097135066986,0.4457569718360901,0.06158432364463806,0.8806837201118469,0.3945047855377197,0.4551321864128113,0.5084004402160645,0.07704438269138336,0.38798147439956665,0.4380863606929779,0.06389936059713364,0.8627921938896179,0.397481769323349,0.45203056931495667,0.5398834347724915,0.09698404371738434,0.39595329761505127,0.44114893674850464,0.04147281497716904,0.8613294959068298,0.39498981833457947,0.44919732213020325,0.5190689563751221,0.09877727180719376,0.3923279941082001,0.44512084126472473,0.056551288813352585,0.8444374203681946,0.3921735882759094,0.4509950280189514,0.5029093027114868,0.10816207528114319,0.3355232775211334,0.5928940176963806,-0.06007101386785507,0.9997325539588928,0.3956478536128998,0.5985782146453857,0.06003064662218094,0.999605655670166,0.341962069272995,0.6663857102394104,-0.05863076075911522,0.8926420211791992,0.3967439830303192,0.6676924824714661,0.11956777423620224,0.7175496816635132,0.37779366970062256,0.7393288016319275,-0.07284053415060043,0.9563639760017395,0.40548253059387207,0.7418007254600525,0.11725900322198868,0.8334547281265259,0.3811343312263489,0.748866081237793,-0.07247977703809738,0.9275586605072021,0.4084034860134125,0.7539039850234985,0.11452703922986984,0.8363776803016663,0.36563077569007874,0.7546105980873108,-0.11657851934432983,0.9269846677780151,0.397197425365448,0.7566672563552856,0.07659470289945602,0.7888103723526001
173,0.3852854371070862,0.46690505743026733,0.16801631450653076,0.9975304007530212,0.3864785134792328,0.4619125723838806,0.1287752091884613,0.9976772665977478,0.3849860727787018,0.4615970551967621,0.12871189415454865,0.9977366924285889,0.38125744462013245,0.4609745740890503,0.12869571149349213,0.9977984428405762,0.3931203782558441,0.46272510290145874,0.1616632491350174,0.9966773390769958,0.39918380975723267,0.4632936716079712,0.1615833342075348,0.9960432052612305,0.40163296461105347,0.4633854031562805,0.16160456836223602,0.9962745904922485,0.38478654623031616,0.46442797780036926,-0.013795781880617142,0.9966498613357544,0.40768131613731384,0.4676048457622528,0.13322632014751434,0.9958099722862244,0.3807615041732788,0.4731696844100952,0.1206984594464302,0.9923638701438904,0.3897162973880768,0.4742133319377899,0.16341792047023773,0.9929369688034058,0.3636603355407715,0.4855218827724457,-0.10953974723815918,0.9988960027694702,0.4392241835594177,0.4997744858264923,0.167388916015625,0.9968081712722778,0.32908082008361816,0.4732564389705658,-0.08968695253133774,0.9664285778999329,0.4247397482395172,0.4994014501571655,0.35166630148887634,0.0995522066950798,0.3840210735797882,0.4438328146934509,0.0566837452352047,0.8837869167327881,0.3939454257488251,0.45402994751930237,0.5109195709228516,0.07722340524196625,0.39020633697509766,0.4374895691871643,0.05721544846892357,0.8659303188323975,0.4014278054237366,0.45073798298835754,0.5422264337539673,0.09736128896474838,0.39872658252716064,0.44019773602485657,0.03711295500397682,0.8645124435424805,0.39627280831336975,0.4498659670352936,0.5195434093475342,0.09924858063459396,0.39502203464508057,0.4439159631729126,0.05291523039340973,0.8478055000305176,0.39370790123939514,0.4535554349422455,0.5039317607879639,0.10871770977973938,0.33789578080177307,0.5933842062950134,-0.0750078335404396,0.9997386336326599,0.3919616639614105,0.5980138182640076,0.07492443919181824,0.9996099472045898,0.3431262969970703,0.6687085032463074,-0.09400622546672821,0.896396279335022,0.39767852425575256,0.6689050197601318,0.11646900326013565,0.7093178033828735,0.3823133409023285,0.7425060868263245,-0.1334451138973236,0.9575799107551575,0.4020124077796936,0.7414379715919495,0.10554369539022446,0.8299639821052551,0.38689544796943665,0.7519655823707581,-0.1362776905298233,0.9295481443405151,0.41076502203941345,0.754906952381134,0.10118675976991653,0.8352712392807007,0.37405404448509216,0.7570761442184448,-0.18921072781085968,0.9288855791091919,0.4033806622028351,0.7584696412086487,0.06199099123477936,0.7872671484947205
174,0.3916325271129608,0.4659438729286194,0.16567732393741608,0.9976899027824402,0.3905494511127472,0.4612266421318054,0.12672679126262665,0.9978296756744385,0.38828548789024353,0.4610169231891632,0.1266573667526245,0.9978857636451721,0.3860844671726227,0.4607383608818054,0.12664565443992615,0.9979421496391296,0.40023598074913025,0.4620445966720581,0.1553516834974289,0.9969029426574707,0.40350526571273804,0.46230363845825195,0.15525367856025696,0.9963095784187317,0.4063098430633545,0.46244797110557556,0.1552656590938568,0.9965247511863708,0.3853364586830139,0.4639531672000885,-0.013574887067079544,0.996874213218689,0.412237286567688,0.4661512076854706,0.11414935439825058,0.9961050748825073,0.38650619983673096,0.47095927596092224,0.11956766992807388,0.9928723573684692,0.3969622254371643,0.4719325602054596,0.15667769312858582,0.9934207797050476,0.36326226592063904,0.4857271909713745,-0.09851618856191635,0.9989619255065918,0.4445045292377472,0.5002225041389465,0.14190635085105896,0.996963620185852,0.3198655843734741,0.47292762994766235,-0.04416076838970184,0.9682846069335938,0.42640092968940735,0.5036737322807312,0.324423223733902,0.1001424714922905,0.37971100211143494,0.442452996969223,0.12453925609588623,0.8882421255111694,0.3957275450229645,0.4550580382347107,0.48191380500793457,0.07748760282993317,0.38954025506973267,0.4356094300746918,0.13066302239894867,0.8706537485122681,0.40655186772346497,0.444187194108963,0.5097057223320007,0.09781507402658463,0.3967370390892029,0.438968688249588,0.10572762787342072,0.8691968321800232,0.4014568328857422,0.44510510563850403,0.49007517099380493,0.09978947788476944,0.3911465108394623,0.44263219833374023,0.11941971629858017,0.8531206250190735,0.396180123090744,0.4499325156211853,0.47621238231658936,0.10937286913394928,0.3372664153575897,0.5950192213058472,-0.05806049332022667,0.9997479319572449,0.39443185925483704,0.5992335677146912,0.058044712990522385,0.9996208548545837,0.34312117099761963,0.6695787906646729,-0.05734889954328537,0.9001907110214233,0.3998022973537445,0.669327437877655,0.11693563312292099,0.7060239911079407,0.37988004088401794,0.7421131730079651,-0.07393953949213028,0.9588914513587952,0.40795719623565674,0.7445251941680908,0.11500988900661469,0.8288530111312866,0.3847823441028595,0.7533406615257263,-0.07356014847755432,0.9321181178092957,0.4150982201099396,0.7525514364242554,0.1127341166138649,0.8362100124359131,0.377517968416214,0.7623980641365051,-0.1134655773639679,0.9307315349578857,0.4091997444629669,0.7561770677566528,0.07921698689460754,0.786755383014679
175,0.3874048888683319,0.46790704131126404,0.1534837931394577,0.9978437423706055,0.387820839881897,0.4643910229206085,0.11495856195688248,0.9979798197746277,0.3843812644481659,0.46373555064201355,0.11490008980035782,0.9980345964431763,0.3829807639122009,0.4632245600223541,0.11490066349506378,0.9980851411819458,0.3940042555332184,0.4652416408061981,0.14580684900283813,0.9971124529838562,0.39865928888320923,0.46554332971572876,0.14571326971054077,0.9965562224388123,0.40111541748046875,0.46547365188598633,0.14573493599891663,0.996757447719574,0.3857741057872772,0.46519431471824646,-0.022550806403160095,0.9970980882644653,0.4084429442882538,0.46798136830329895,0.11527163535356522,0.9963905215263367,0.38066497445106506,0.473294734954834,0.10818535089492798,0.993378758430481,0.3915257155895233,0.4747621715068817,0.14822354912757874,0.9938880801200867,0.3657776415348053,0.48659613728523254,-0.11007020622491837,0.9990305304527283,0.44001948833465576,0.49862247705459595,0.15404365956783295,0.9971280097961426,0.3199913799762726,0.4760848581790924,-0.07832310348749161,0.9702897667884827,0.420753538608551,0.5015121698379517,0.34228479862213135,0.10282772779464722,0.37749627232551575,0.44754162430763245,0.06848040968179703,0.8934897780418396,0.38788607716560364,0.455698162317276,0.4980247914791107,0.08020742982625961,0.38343971967697144,0.43820327520370483,0.07098893821239471,0.8762374520301819,0.39872297644615173,0.4446146786212921,0.5277231335639954,0.1008421927690506,0.3925739526748657,0.44191774725914,0.047966159880161285,0.8748284578323364,0.3999882936477661,0.4465522766113281,0.50721275806427,0.10289842635393143,0.38976794481277466,0.4461784064769745,0.06363758444786072,0.859282910823822,0.394904226064682,0.45147520303726196,0.4922259747982025,0.11260651797056198,0.33721309900283813,0.5940167903900146,-0.06972699612379074,0.9997576475143433,0.39109504222869873,0.5984291434288025,0.06970884650945663,0.9996320605278015,0.34443750977516174,0.6680653691291809,-0.09373882412910461,0.903910756111145,0.39785975217819214,0.66741943359375,0.10402165353298187,0.7008994221687317,0.3800026476383209,0.7418156862258911,-0.12411563843488693,0.9602237939834595,0.4056750535964966,0.7440797686576843,0.09307427704334259,0.8274145722389221,0.39071840047836304,0.7533161640167236,-0.1253223419189453,0.9342122077941895,0.4143421947956085,0.7538706660270691,0.08925530314445496,0.8364267945289612,0.36845141649246216,0.7576043605804443,-0.16642160713672638,0.9329801797866821,0.3940836489200592,0.757209062576294,0.054966963827610016,0.7875303626060486
176,0.3834936320781708,0.46958625316619873,0.15902817249298096,0.9979830384254456,0.3841313123703003,0.46485593914985657,0.11831440776586533,0.998117983341217,0.3808707296848297,0.4642971158027649,0.11824188381433487,0.9981715679168701,0.37954846024513245,0.4638316035270691,0.11823727190494537,0.9982144832611084,0.39122042059898376,0.4655696451663971,0.1496712565422058,0.9973126649856567,0.39628350734710693,0.4658724367618561,0.14954474568367004,0.9967937469482422,0.3991255760192871,0.46588775515556335,0.14952842891216278,0.9969804883003235,0.38262084126472473,0.4664117693901062,-0.027155695483088493,0.9973034858703613,0.40667763352394104,0.46953386068344116,0.11260806769132614,0.9966679811477661,0.3767717182636261,0.47497648000717163,0.11120668798685074,0.9938390254974365,0.3880288898944855,0.4759393334388733,0.15186940133571625,0.9943190217018127,0.3634917438030243,0.48702117800712585,-0.11587385088205338,0.9990976452827454,0.4412257671356201,0.5006398558616638,0.1515941023826599,0.997310221195221,0.3174627423286438,0.47477084398269653,-0.07164929807186127,0.9721110463142395,0.42041340470314026,0.5040791630744934,0.3596455752849579,0.10208635777235031,0.3774869740009308,0.44620373845100403,0.09041684120893478,0.8974846601486206,0.39286449551582336,0.45993536710739136,0.5386862754821777,0.07933119684457779,0.387600839138031,0.43847835063934326,0.09494064748287201,0.8802427649497986,0.3977265954017639,0.4473212659358978,0.5717048645019531,0.09979171305894852,0.3956943154335022,0.4419759213924408,0.06964681297540665,0.8789606094360352,0.3987288177013397,0.4493959844112396,0.5503137707710266,0.10193300992250443,0.3918232023715973,0.4458967447280884,0.08485717326402664,0.8639010787010193,0.3931787312030792,0.45473623275756836,0.5333584547042847,0.11162250488996506,0.3389964997768402,0.594781219959259,-0.06887228041887283,0.9997696876525879,0.39484697580337524,0.5995575189590454,0.06885910779237747,0.9996487498283386,0.337556928396225,0.6674184799194336,-0.05867325887084007,0.9072929620742798,0.3995949923992157,0.6676566004753113,0.13631100952625275,0.697685956954956,0.37370529770851135,0.7392958402633667,-0.07344519346952438,0.9614318609237671,0.4075130224227905,0.7422800660133362,0.13820607960224152,0.8266270756721497,0.38367417454719543,0.7515578866004944,-0.07207890599966049,0.9361339211463928,0.4069640636444092,0.7489572763442993,0.13659177720546722,0.838173508644104,0.3600699007511139,0.7536184191703796,-0.10315092653036118,0.9348198771476746,0.3927640914916992,0.7529260516166687,0.11037766188383102,0.7882733941078186
177,0.3856812119483948,0.46970489621162415,0.11699482053518295,0.9981028437614441,0.3868061304092407,0.46587496995925903,0.07783018797636032,0.9982395172119141,0.38565564155578613,0.46540457010269165,0.07778896391391754,0.9982914924621582,0.3843458592891693,0.46481314301490784,0.07779747247695923,0.9983301758766174,0.3919904828071594,0.46671777963638306,0.11059190332889557,0.9974762201309204,0.39711782336235046,0.4670863747596741,0.11053046584129333,0.9969834685325623,0.3992393910884857,0.4669829308986664,0.11054984480142593,0.9971625208854675,0.3865279257297516,0.4662298858165741,-0.05715049058198929,0.9974815845489502,0.40713873505592346,0.46907487511634827,0.08982779830694199,0.9968976378440857,0.38311895728111267,0.47555243968963623,0.07282678782939911,0.9942464232444763,0.3895488381385803,0.4765012562274933,0.11547916382551193,0.9946972131729126,0.36605796217918396,0.488344669342041,-0.14247721433639526,0.9991256594657898,0.43765726685523987,0.49948903918266296,0.1390123963356018,0.9973563551902771,0.31739160418510437,0.47716987133026123,-0.13296861946582794,0.9737998247146606,0.41891470551490784,0.49849361181259155,0.3257959485054016,0.10548757016658783,0.3743765354156494,0.44579988718032837,-0.0018219772027805448,0.9013237953186035,0.4020616114139557,0.4584140181541443,0.4723584055900574,0.08302463591098785,0.3775377869606018,0.4387997090816498,-0.003969199955463409,0.8842339515686035,0.40274590253829956,0.44627270102500916,0.4992428123950958,0.10404720902442932,0.38809701800346375,0.44237083196640015,-0.02433752454817295,0.8829621076583862,0.3962826430797577,0.4470007121562958,0.4791848063468933,0.106356181204319,0.3862397074699402,0.4460981488227844,-0.006317643448710442,0.8683295845985413,0.3934183418750763,0.4490869641304016,0.4661025106906891,0.11623051017522812,0.33949124813079834,0.5940203070640564,-0.07621824741363525,0.9997693300247192,0.3923059105873108,0.5979509353637695,0.07627035677433014,0.9996470212936401,0.34391793608665466,0.6693748831748962,-0.08299480378627777,0.9106805920600891,0.4001486003398895,0.6701580286026001,0.1205756738781929,0.6905897259712219,0.3835259974002838,0.7420470714569092,-0.09808632731437683,0.9625216126441956,0.40353167057037354,0.7430766224861145,0.12620572745800018,0.8242722749710083,0.3878825306892395,0.7512015104293823,-0.0983281135559082,0.9381296038627625,0.41000092029571533,0.7552788853645325,0.12366107106208801,0.8374906778335571,0.37433290481567383,0.7546058297157288,-0.1478937715291977,0.9367815852165222,0.3951367735862732,0.7529919147491455,0.08548551797866821,0.7882558107376099
178,0.38344717025756836,0.4703204035758972,0.11343388259410858,0.9981755614280701,0.38584139943122864,0.4654504358768463,0.07578278332948685,0.9983184337615967,0.3848770558834076,0.4651096761226654,0.07574731111526489,0.9983678460121155,0.38383951783180237,0.4646342396736145,0.07576214522123337,0.9984052777290344,0.3910566568374634,0.46594393253326416,0.10856278240680695,0.9975682497024536,0.3965560495853424,0.46624961495399475,0.10848619788885117,0.9970772862434387,0.3988213837146759,0.4660607576370239,0.10849487036466599,0.9972661733627319,0.3866950273513794,0.46710488200187683,-0.0561448410153389,0.997583270072937,0.4067108929157257,0.4682239890098572,0.09117524325847626,0.9970456957817078,0.3810710906982422,0.476214200258255,0.07036454230546951,0.9945321679115295,0.388080894947052,0.47510239481925964,0.11315653473138809,0.9949570894241333,0.3682910203933716,0.4877699315547943,-0.14236658811569214,0.9991507530212402,0.43939006328582764,0.49769511818885803,0.1366124004125595,0.9973984360694885,0.32641667127609253,0.47507932782173157,-0.15143537521362305,0.9746459722518921,0.4192664921283722,0.4975152909755707,0.3119581341743469,0.10783969610929489,0.3772734999656677,0.44458258152008057,-0.038000550121068954,0.9023942947387695,0.39345306158065796,0.4544009566307068,0.44849395751953125,0.08601247519254684,0.3871344029903412,0.4389837682247162,-0.04505753889679909,0.8850820064544678,0.40490540862083435,0.4450188875198364,0.473590224981308,0.10714995115995407,0.39549747109413147,0.44218212366104126,-0.06203167513012886,0.8838170170783997,0.3986658751964569,0.4461681544780731,0.45323553681373596,0.10953707993030548,0.3924512565135956,0.4454864263534546,-0.042165935039520264,0.86928391456604,0.39405450224876404,0.45042508840560913,0.4416762888431549,0.1195991039276123,0.342001348733902,0.5938529372215271,-0.0784478560090065,0.9997718930244446,0.39057818055152893,0.5980947613716125,0.07846871018409729,0.9996469020843506,0.35236895084381104,0.669526994228363,-0.09019330888986588,0.9127469062805176,0.3953515291213989,0.6680881977081299,0.11487650871276855,0.6801539063453674,0.38559770584106445,0.7423318028450012,-0.11464115977287292,0.9633705615997314,0.40373608469963074,0.7413190007209778,0.13152523338794708,0.8194517493247986,0.3914319574832916,0.7512926459312439,-0.1168806180357933,0.9388933777809143,0.40760689973831177,0.7507123947143555,0.12945246696472168,0.8338821530342102,0.36460140347480774,0.7533330321311951,-0.1759759783744812,0.9385777711868286,0.39656224846839905,0.7541865706443787,0.08765240758657455,0.7872661352157593
179,0.38965290784835815,0.4689655900001526,0.153915673494339,0.9982053637504578,0.3905702233314514,0.46417391300201416,0.11514516174793243,0.9983493685722351,0.3888698220252991,0.4637901484966278,0.11509042233228683,0.9984010457992554,0.3871147036552429,0.4633130729198456,0.11508473008871078,0.9984344244003296,0.3995538055896759,0.46530792117118835,0.14736953377723694,0.9975950121879578,0.40227892994880676,0.4654478430747986,0.1472872644662857,0.9971083402633667,0.4045793414115906,0.4654275178909302,0.14730039238929749,0.9972962737083435,0.3880559206008911,0.46601757407188416,-0.02431492507457733,0.9976266622543335,0.4109489917755127,0.4681667387485504,0.120097815990448,0.9971029162406921,0.38569602370262146,0.473025381565094,0.10777322202920914,0.9946558475494385,0.3943408131599426,0.47419458627700806,0.14972558617591858,0.9950622916221619,0.36458390951156616,0.4856468737125397,-0.11425188928842545,0.9991618990898132,0.4415713846683502,0.5002937316894531,0.1539667695760727,0.9974187016487122,0.31915536522865295,0.4750227928161621,-0.09482964128255844,0.9752109050750732,0.4235634207725525,0.4986301362514496,0.32715272903442383,0.10843336582183838,0.3789348006248474,0.4454856216907501,0.048227161169052124,0.9027562141418457,0.3870725631713867,0.4545924961566925,0.47199469804763794,0.08685868978500366,0.390297532081604,0.43941229581832886,0.04767513647675514,0.8853646516799927,0.39784228801727295,0.4440558850765228,0.49863189458847046,0.10821572691202164,0.39772728085517883,0.4422486126422882,0.02706257998943329,0.8841544985771179,0.3992388844490051,0.4459284842014313,0.4771060645580292,0.11069370061159134,0.39385029673576355,0.4460378885269165,0.04405210167169571,0.8694916367530823,0.39404988288879395,0.4505980312824249,0.4647703766822815,0.12083345651626587,0.3344794511795044,0.5962219834327698,-0.07094045728445053,0.9997760057449341,0.3923036456108093,0.5991184711456299,0.0708824023604393,0.9996525049209595,0.3431899845600128,0.669884979724884,-0.07566162943840027,0.9137700200080872,0.40111565589904785,0.6687741875648499,0.12175676971673965,0.6775998473167419,0.3785213232040405,0.7427855134010315,-0.10273702442646027,0.9638748168945312,0.4038790464401245,0.7442867755889893,0.12431667745113373,0.8190762400627136,0.3858671188354492,0.752529501914978,-0.1046542078256607,0.9393986463546753,0.4107741415500641,0.7544374465942383,0.12136344611644745,0.8343802094459534,0.37309473752975464,0.756268322467804,-0.15855927765369415,0.9393578767776489,0.40517768263816833,0.7567349076271057,0.0819028839468956,0.7877054810523987
180,0.3909098505973816,0.4691607356071472,0.17791128158569336,0.9982649683952332,0.39097410440444946,0.46431663632392883,0.14051087200641632,0.9984089732170105,0.3891443610191345,0.46392449736595154,0.14044341444969177,0.9984634518623352,0.3852955996990204,0.46324703097343445,0.1404145359992981,0.9984940886497498,0.39773324131965637,0.46514007449150085,0.16862627863883972,0.9976800680160522,0.402847021818161,0.46555155515670776,0.16854175925254822,0.9972147345542908,0.40551847219467163,0.4655793011188507,0.16857819259166718,0.9973874092102051,0.38696426153182983,0.46623536944389343,0.004525542724877596,0.9977256655693054,0.411694198846817,0.468302845954895,0.12960274517536163,0.9972065091133118,0.38688725233078003,0.47329187393188477,0.13288217782974243,0.9948185086250305,0.3956916928291321,0.47444233298301697,0.16931399703025818,0.995207667350769,0.36491093039512634,0.48525914549827576,-0.07968638092279434,0.9991966485977173,0.4437313675880432,0.49889183044433594,0.15423287451267242,0.9974921941757202,0.3200252056121826,0.4752519726753235,-0.02027476206421852,0.9759483337402344,0.42615580558776855,0.5034609436988831,0.34657350182533264,0.10699675232172012,0.37615150213241577,0.44629862904548645,0.1530061811208725,0.9046199321746826,0.4058588445186615,0.4588569104671478,0.5231642723083496,0.08531714975833893,0.3815714418888092,0.43730226159095764,0.16163411736488342,0.8878176808357239,0.40701574087142944,0.4470653831958771,0.5553824305534363,0.10676683485507965,0.3909008204936981,0.44118553400039673,0.13654552400112152,0.8865870833396912,0.40042707324028015,0.4455665946006775,0.5350704193115234,0.10923290252685547,0.3883921802043915,0.44582781195640564,0.14825086295604706,0.8721603751182556,0.39738625288009644,0.44997385144233704,0.5179185271263123,0.11955096572637558,0.3365105092525482,0.5933218598365784,-0.058818068355321884,0.9997819662094116,0.395277738571167,0.5982233881950378,0.05875348672270775,0.999663233757019,0.34226730465888977,0.6670369505882263,-0.06700944900512695,0.9164828062057495,0.3971432149410248,0.6673094630241394,0.11010412871837616,0.6847696304321289,0.37712225317955017,0.7391949892044067,-0.08940839767456055,0.9647991061210632,0.40452978014945984,0.7430704236030579,0.09618658572435379,0.8231143355369568,0.3859425485134125,0.749495267868042,-0.08985047787427902,0.9418227672576904,0.4116319715976715,0.7547926306724548,0.09231703728437424,0.8389744758605957,0.3749225437641144,0.7529357075691223,-0.13222000002861023,0.9406564831733704,0.400704026222229,0.7583133578300476,0.055374596267938614,0.7910360097885132
181,0.3917135000228882,0.4681280553340912,0.18926142156124115,0.9983310699462891,0.39026838541030884,0.4634987711906433,0.15234220027923584,0.9984705448150635,0.3882565498352051,0.4631684124469757,0.1522768884897232,0.9985256791114807,0.38624706864356995,0.4627517759799957,0.15225178003311157,0.9985538721084595,0.3999288082122803,0.46453288197517395,0.18094512820243835,0.9977714419364929,0.4029492735862732,0.4647175669670105,0.18085116147994995,0.9973250031471252,0.40546172857284546,0.4647276997566223,0.1808830201625824,0.9974859952926636,0.38555434346199036,0.4656272232532501,0.016372594982385635,0.9978214502334595,0.41107499599456787,0.46833255887031555,0.1434362232685089,0.9973219037055969,0.38695353269577026,0.4738415777683258,0.1439189910888672,0.995011031627655,0.39709287881851196,0.4733320474624634,0.18095825612545013,0.9953945875167847,0.3637023866176605,0.4853287637233734,-0.07171444594860077,0.9992306232452393,0.4420211911201477,0.49935275316238403,0.164000004529953,0.9975553154945374,0.3190804123878479,0.47487911581993103,-0.014708632603287697,0.9765970706939697,0.42393502593040466,0.5010234713554382,0.3442173898220062,0.1067618727684021,0.37757447361946106,0.44546711444854736,0.16166993975639343,0.9057055711746216,0.3956074118614197,0.45448777079582214,0.5088895559310913,0.08471689373254776,0.38813284039497375,0.43773511052131653,0.1704224944114685,0.8892289996147156,0.4065842926502228,0.4473199248313904,0.5386286973953247,0.10634339600801468,0.39554598927497864,0.44073793292045593,0.1447843462228775,0.8879571557044983,0.3998386561870575,0.446062833070755,0.5193287134170532,0.10883571207523346,0.39232122898101807,0.4448830485343933,0.1566837579011917,0.8737182021141052,0.39528462290763855,0.4506217837333679,0.5033904314041138,0.11920439451932907,0.3365635871887207,0.5927236080169678,-0.061198651790618896,0.9997859597206116,0.3917250335216522,0.597240686416626,0.06113503873348236,0.9996691346168518,0.3429400324821472,0.6672152280807495,-0.07669570297002792,0.9195482730865479,0.4002819061279297,0.6676850914955139,0.10352741181850433,0.6896385550498962,0.3779813349246979,0.7419854998588562,-0.11141635477542877,0.9659348130226135,0.4037461280822754,0.7439011335372925,0.08430744707584381,0.8269456624984741,0.38264337182044983,0.7525924444198608,-0.11330357193946838,0.9442440867424011,0.4107421636581421,0.7550739645957947,0.07951600104570389,0.8432078957557678,0.37052857875823975,0.755364179611206,-0.16062068939208984,0.9422280192375183,0.395567387342453,0.7570745944976807,0.03974771499633789,0.7945876717567444
182,0.389625608921051,0.46836134791374207,0.16399496793746948,0.9983873963356018,0.3884720802307129,0.46348828077316284,0.12533698976039886,0.9985215663909912,0.3864968419075012,0.46312421560287476,0.12527672946453094,0.9985764026641846,0.38251790404319763,0.4624630808830261,0.1252640038728714,0.9986019134521484,0.3981882929801941,0.46460026502609253,0.15397486090660095,0.9978517293930054,0.40134188532829285,0.4648241400718689,0.15388916432857513,0.9974221587181091,0.4040066599845886,0.464860737323761,0.1539078801870346,0.9975740313529968,0.3844946026802063,0.4654974937438965,-0.013968396931886673,0.9978983998298645,0.4093208312988281,0.46830976009368896,0.11409290879964828,0.9974242448806763,0.38448354601860046,0.4740431010723114,0.11817479878664017,0.9951807260513306,0.3944477438926697,0.47496238350868225,0.15539292991161346,0.9955613017082214,0.3536601662635803,0.488467812538147,-0.09591096639633179,0.9992544651031494,0.44223639369010925,0.5011042952537537,0.13911575078964233,0.997633159160614,0.3193550705909729,0.4744319021701813,-0.0457402765750885,0.977120041847229,0.4238141179084778,0.5050312280654907,0.3178637623786926,0.10610439628362656,0.3768778443336487,0.4454537630081177,0.12079378962516785,0.9070751667022705,0.4030982553958893,0.464260458946228,0.4748450517654419,0.08352197706699371,0.38776010274887085,0.43793120980262756,0.12715665996074677,0.8908143639564514,0.40416064858436584,0.45359447598457336,0.5035541653633118,0.10497628152370453,0.395272821187973,0.44091805815696716,0.10298626869916916,0.8895183801651001,0.39853352308273315,0.4523540735244751,0.48432183265686035,0.10744190961122513,0.39163312315940857,0.44493091106414795,0.11593998968601227,0.8754616975784302,0.39548614621162415,0.45633336901664734,0.46936824917793274,0.11784233897924423,0.3360055685043335,0.5956513285636902,-0.05609565228223801,0.999790370464325,0.3948069214820862,0.5992113947868347,0.05604928359389305,0.9996775388717651,0.3423326015472412,0.6679896712303162,-0.05579989776015282,0.9205493927001953,0.39911606907844543,0.6686543822288513,0.11698050796985626,0.6920851469039917,0.3792843818664551,0.7392909526824951,-0.06644096225500107,0.9663395285606384,0.4055830240249634,0.742200493812561,0.1138053759932518,0.8284124732017517,0.3871975243091583,0.7509896159172058,-0.06591330468654633,0.9453740119934082,0.4143385887145996,0.7539417147636414,0.11099214851856232,0.8445476293563843,0.3792034089565277,0.7575670480728149,-0.10570592433214188,0.9427272081375122,0.4049064815044403,0.757175624370575,0.07497832179069519,0.7952836751937866
183,0.38094455003738403,0.46957632899284363,0.1401643455028534,0.9984508752822876,0.38245972990989685,0.46479830145835876,0.10032518953084946,0.9985867142677307,0.3812446892261505,0.46440544724464417,0.10027451068162918,0.9986398220062256,0.3800394833087921,0.4639035165309906,0.10026703029870987,0.9986633658409119,0.391472727060318,0.465900719165802,0.13095936179161072,0.9979427456855774,0.3941330313682556,0.4660347104072571,0.13087235391139984,0.9975274801254272,0.3991691768169403,0.46619996428489685,0.13088011741638184,0.9976776242256165,0.3814549446105957,0.46562185883522034,-0.03864820674061775,0.9979925155639648,0.4062073230743408,0.4685305953025818,0.09880036115646362,0.9975593686103821,0.3790295124053955,0.4740017056465149,0.09515794366598129,0.9953874945640564,0.3905187249183655,0.47534146904945374,0.13505201041698456,0.995753824710846,0.36495938897132874,0.4877772927284241,-0.11933810263872147,0.9992707967758179,0.44013890624046326,0.49989381432533264,0.1369033306837082,0.9977086782455444,0.3194602429866791,0.4731615483760834,-0.10271626710891724,0.9779155850410461,0.4207969903945923,0.5000982880592346,0.3403620421886444,0.10498634725809097,0.37759602069854736,0.44549882411956787,0.025995073840022087,0.9090856313705444,0.40050265192985535,0.4613986909389496,0.5125163197517395,0.08290164172649384,0.38797691464424133,0.4393090307712555,0.025571264326572418,0.8930471539497375,0.3998200595378876,0.44585952162742615,0.5415876507759094,0.10441243648529053,0.39630022644996643,0.4425750970840454,0.001995868980884552,0.891865074634552,0.4009270966053009,0.4479465186595917,0.5225290656089783,0.10689527541399002,0.39039966464042664,0.44598764181137085,0.020065389573574066,0.8780235052108765,0.3963374197483063,0.45267513394355774,0.5076749324798584,0.11729038506746292,0.3375447690486908,0.5945916771888733,-0.06364872306585312,0.9997918009757996,0.391226589679718,0.5998484492301941,0.06367094069719315,0.9996808767318726,0.3422718346118927,0.6697615385055542,-0.05885405093431473,0.9211238026618958,0.3997155427932739,0.6696226000785828,0.1242215633392334,0.6898866891860962,0.3781636655330658,0.7416852116584778,-0.06670422852039337,0.9668035507202148,0.40606820583343506,0.7429572939872742,0.1343475729227066,0.8281272649765015,0.3840470612049103,0.7511691451072693,-0.06586630642414093,0.9461867809295654,0.40453261137008667,0.7520131468772888,0.13254795968532562,0.8445219397544861,0.3686962425708771,0.7541621923446655,-0.108028344810009,0.9436305165290833,0.40270644426345825,0.7574317455291748,0.09629000723361969,0.7959396243095398
184,0.38970285654067993,0.46989214420318604,0.1920832246541977,0.9984806776046753,0.3893991708755493,0.4648205637931824,0.1542663276195526,0.9986168146133423,0.38719356060028076,0.46430274844169617,0.15419022738933563,0.9986719489097595,0.3849445581436157,0.463713675737381,0.1541632115840912,0.9986938834190369,0.39917686581611633,0.46621984243392944,0.18447256088256836,0.9979822039604187,0.40207916498184204,0.466434121131897,0.1843760907649994,0.997574508190155,0.4044729471206665,0.46649691462516785,0.1844039112329483,0.99771648645401,0.38446879386901855,0.4659389853477478,0.015072389505803585,0.998049259185791,0.4104641377925873,0.4691731035709381,0.1494385004043579,0.9976165294647217,0.38487508893013,0.47395607829093933,0.14574161171913147,0.9954813718795776,0.394137442111969,0.4753323495388031,0.1849059760570526,0.9958315491676331,0.3626117408275604,0.4856360852718353,-0.07627569139003754,0.9992983937263489,0.4435487985610962,0.4994300305843353,0.17383527755737305,0.9977232217788696,0.31916552782058716,0.4749378561973572,-0.02830806002020836,0.9787251353263855,0.4264422655105591,0.503618597984314,0.36266088485717773,0.10383269190788269,0.3777551054954529,0.4441429376602173,0.14037618041038513,0.910589873790741,0.40321749448776245,0.4608314335346222,0.533320426940918,0.0817113146185875,0.3868187367916107,0.4379407465457916,0.14735756814479828,0.894558846950531,0.4031605124473572,0.44966602325439453,0.5645232796669006,0.10318194329738617,0.3952990174293518,0.44171297550201416,0.1238887757062912,0.8933766484260559,0.4006481170654297,0.44770222902297974,0.5441203713417053,0.1056964322924614,0.39238929748535156,0.4456453323364258,0.1361965388059616,0.8795973062515259,0.39612436294555664,0.4525448977947235,0.5275763869285583,0.1160605177283287,0.3361268639564514,0.5935447216033936,-0.06638720631599426,0.999792218208313,0.3924228847026825,0.5979222655296326,0.06632228940725327,0.9996766448020935,0.3433489501476288,0.6680296659469604,-0.0776033028960228,0.9229665398597717,0.39847856760025024,0.6685863137245178,0.11073554307222366,0.6907249689102173,0.3790075480937958,0.7427235245704651,-0.12366974353790283,0.9674999117851257,0.40098845958709717,0.7430219054222107,0.0925091952085495,0.8285495638847351,0.38443148136138916,0.7523412704467773,-0.12662141025066376,0.9475041627883911,0.4071708619594574,0.7548827528953552,0.08781508356332779,0.846328854560852,0.3729141056537628,0.7566954493522644,-0.17706334590911865,0.9444753527641296,0.3883674144744873,0.7567475438117981,0.04927346855401993,0.796430766582489
185,0.3958911895751953,0.4670253396034241,0.17912666499614716,0.9984577298164368,0.3956369459629059,0.462940514087677,0.1422291100025177,0.9985960721969604,0.3935081362724304,0.46258023381233215,0.14215022325515747,0.9986544251441956,0.3911587595939636,0.4621533155441284,0.14212022721767426,0.9986743330955505,0.405832439661026,0.4645669162273407,0.168549045920372,0.9979540109634399,0.4086082875728607,0.4649331867694855,0.16843993961811066,0.9975432753562927,0.4108395576477051,0.46512171626091003,0.168441504240036,0.9976871013641357,0.3893229365348816,0.4655815660953522,0.007501388434320688,0.9980189204216003,0.41634681820869446,0.4684672951698303,0.12469420582056046,0.9975956678390503,0.3911212086677551,0.4713095724582672,0.13510404527187347,0.9953783750534058,0.40424826741218567,0.4731336832046509,0.169161856174469,0.9957507848739624,0.3644590675830841,0.48416668176651,-0.07457424700260162,0.9993010759353638,0.44290071725845337,0.4992874562740326,0.14615751802921295,0.9977383613586426,0.32011228799819946,0.47438251972198486,-0.03240276500582695,0.9787155985832214,0.421394407749176,0.5024985074996948,0.3380548357963562,0.10301358252763748,0.37556394934654236,0.4460119307041168,0.11400780081748962,0.9098108410835266,0.3978361487388611,0.4601671099662781,0.5215113162994385,0.08077355474233627,0.3849361836910248,0.4373415410518646,0.11944630742073059,0.8935664296150208,0.39768826961517334,0.4494182765483856,0.552392840385437,0.10209447145462036,0.39381086826324463,0.44119375944137573,0.095056913793087,0.8924152255058289,0.392442524433136,0.4481472373008728,0.5332813858985901,0.10460484027862549,0.3908049762248993,0.4454808831214905,0.10853179544210434,0.8784710168838501,0.38968610763549805,0.4520133137702942,0.5170350074768066,0.11482822149991989,0.3354812562465668,0.5917230248451233,-0.051971133798360825,0.9997919797897339,0.3914271593093872,0.596458375453949,0.051894430071115494,0.9996769428253174,0.3421991467475891,0.6668493151664734,-0.057146135717630386,0.9221290349960327,0.39979320764541626,0.6667853593826294,0.10023960471153259,0.692753255367279,0.3776007294654846,0.7402669191360474,-0.08873671293258667,0.9674062728881836,0.40574613213539124,0.7425575256347656,0.09366312623023987,0.8292485475540161,0.3810015022754669,0.7512533068656921,-0.09005973488092422,0.9470446109771729,0.4142627716064453,0.7510082125663757,0.09073381125926971,0.8468729257583618,0.3772117495536804,0.7573791742324829,-0.13653303682804108,0.9442801475524902,0.4025721848011017,0.7539849877357483,0.05104836821556091,0.7969226837158203
186,0.38918113708496094,0.46964794397354126,0.19073130190372467,0.9984579086303711,0.3882350027561188,0.4654432237148285,0.15527094900608063,0.9985864758491516,0.38614779710769653,0.46500805020332336,0.15520386397838593,0.998645007610321,0.3842743933200836,0.464498370885849,0.15517351031303406,0.9986653327941895,0.39977946877479553,0.465705931186676,0.18100811541080475,0.9979460835456848,0.4030311703681946,0.4659331738948822,0.18090833723545074,0.9975327849388123,0.4056607782840729,0.4659738838672638,0.18093158304691315,0.9976757764816284,0.38508960604667664,0.4664238393306732,0.023367421701550484,0.9980026483535767,0.41089120507240295,0.46969419717788696,0.13790106773376465,0.9975804090499878,0.383663535118103,0.4752814471721649,0.14707595109939575,0.995358943939209,0.3980650007724762,0.47655317187309265,0.18046680092811584,0.9957437515258789,0.36336517333984375,0.4860876202583313,-0.058337967842817307,0.9993113279342651,0.4408743381500244,0.5005767345428467,0.14951132237911224,0.9977524876594543,0.3286978304386139,0.47344520688056946,-0.003659186651930213,0.9781672954559326,0.4252009093761444,0.5046674609184265,0.3219759166240692,0.10349013656377792,0.38078323006629944,0.4449443221092224,0.16531942784786224,0.9080960154533386,0.4048783481121063,0.4648839831352234,0.4879882335662842,0.08059825003147125,0.39098310470581055,0.4381909966468811,0.17412762343883514,0.8921966552734375,0.4055425226688385,0.45463263988494873,0.5176377892494202,0.10189434140920639,0.3989228308200836,0.4412665367126465,0.15002141892910004,0.8909567594528198,0.3996819257736206,0.4534834921360016,0.4988963305950165,0.10434666275978088,0.39527904987335205,0.44509294629096985,0.1603882759809494,0.8769877552986145,0.39689022302627563,0.4572508633136749,0.4829566776752472,0.11467251181602478,0.33966583013534546,0.5928596258163452,-0.05344988778233528,0.9997936487197876,0.3969276547431946,0.5985224843025208,0.05336295813322067,0.9996796250343323,0.34521788358688354,0.6688852906227112,-0.07001079618930817,0.9237533807754517,0.3982040584087372,0.669020414352417,0.09190643578767776,0.6969742774963379,0.38130664825439453,0.7432374954223633,-0.11044052243232727,0.9680896997451782,0.4054946005344391,0.7453638315200806,0.0763382837176323,0.8315820693969727,0.3891487121582031,0.7522928714752197,-0.11359263956546783,0.9485032558441162,0.4037490785121918,0.7522252798080444,0.07171406596899033,0.8492299318313599,0.37945663928985596,0.7580950260162354,-0.16701740026474,0.9453049302101135,0.40897414088249207,0.7608950734138489,0.027780806645751,0.7992993593215942
187,0.39103543758392334,0.4720328152179718,0.18614917993545532,0.9985039234161377,0.39167189598083496,0.46669802069664,0.1489970088005066,0.9986361265182495,0.3897482752799988,0.4661771357059479,0.1489291489124298,0.9986941814422607,0.3877700865268707,0.4655925929546356,0.14889849722385406,0.9987125396728516,0.40163594484329224,0.46810752153396606,0.17926540970802307,0.9980092644691467,0.40454229712486267,0.468295693397522,0.17918169498443604,0.9976064562797546,0.40941521525382996,0.46864593029022217,0.17921438813209534,0.9977397918701172,0.38801833987236023,0.46753865480422974,0.012713117524981499,0.9980827569961548,0.4147127568721771,0.4717922806739807,0.14766155183315277,0.9976619482040405,0.3865314722061157,0.4770798087120056,0.14072738587856293,0.9954973459243774,0.3989180326461792,0.4782251715660095,0.18002361059188843,0.9958661198616028,0.3661769926548004,0.48658615350723267,-0.07760567963123322,0.9993318319320679,0.44179439544677734,0.5022604465484619,0.1710151880979538,0.9977598786354065,0.3192459046840668,0.47485098242759705,-0.045800309628248215,0.9791746139526367,0.42562389373779297,0.5039445161819458,0.3614526093006134,0.10219116508960724,0.3767256736755371,0.44638505578041077,0.10295838862657547,0.9115018844604492,0.4008614122867584,0.4621913731098175,0.5325415134429932,0.07991699129343033,0.3808569312095642,0.43784987926483154,0.1081523522734642,0.8960067629814148,0.400666743516922,0.45110929012298584,0.5634832978248596,0.10123226791620255,0.3905256688594818,0.4415680468082428,0.08595267683267593,0.8947098255157471,0.39883819222450256,0.4479402005672455,0.5438022613525391,0.10366100817918777,0.38813894987106323,0.44568294286727905,0.09900091588497162,0.8809327483177185,0.3944478929042816,0.45271873474121094,0.5270612835884094,0.11409084498882294,0.3376847803592682,0.5920770764350891,-0.06255637854337692,0.9997891187667847,0.39253827929496765,0.5970348715782166,0.06248073652386665,0.9996656179428101,0.34645840525627136,0.665538489818573,-0.07754600048065186,0.9259596467018127,0.4033277630805969,0.665601909160614,0.1038471981883049,0.7016639709472656,0.3820798695087433,0.7420521974563599,-0.1190682053565979,0.9690448641777039,0.40803954005241394,0.7416346073150635,0.08549565076828003,0.8341046571731567,0.3863278925418854,0.7507009506225586,-0.12182494252920151,0.9506139755249023,0.4059254229068756,0.7501810193061829,0.0807022675871849,0.8528346419334412,0.377787321805954,0.7546192407608032,-0.1745256930589676,0.9464494585990906,0.4073549509048462,0.7561724185943604,0.03934843838214874,0.8010366559028625
188,0.40531623363494873,0.46898573637008667,0.2091912031173706,0.9984000325202942,0.39945846796035767,0.4637718200683594,0.17608553171157837,0.9985187649726868,0.39705178141593933,0.46322932839393616,0.17600247263908386,0.9985753297805786,0.3943329453468323,0.46261152625083923,0.17596213519573212,0.9985993504524231,0.41033732891082764,0.46575289964675903,0.19530215859413147,0.9978538751602173,0.4157277047634125,0.4665313959121704,0.19519172608852386,0.9974356293678284,0.41861966252326965,0.4667625427246094,0.19519983232021332,0.9975772500038147,0.3909737765789032,0.4655231535434723,0.04992597550153732,0.9978907704353333,0.42285487055778503,0.4691886007785797,0.134927898645401,0.9974285364151001,0.39513513445854187,0.47177115082740784,0.1680319756269455,0.9950901865959167,0.4091874063014984,0.4739840626716614,0.19276221096515656,0.9955125451087952,0.3579002022743225,0.4815097451210022,-0.02261991798877716,0.9993056654930115,0.4455038905143738,0.5014419555664062,0.13128313422203064,0.9977223873138428,0.322127103805542,0.47305184602737427,0.03128628805279732,0.9771459102630615,0.424673467874527,0.5098186135292053,0.2978261411190033,0.10301505774259567,0.37548622488975525,0.44725343585014343,0.16785156726837158,0.9073308110237122,0.3955193758010864,0.468119740486145,0.48299458622932434,0.07984916120767593,0.3872426450252533,0.43918678164482117,0.17625692486763,0.8915273547172546,0.39424434304237366,0.45780977606773376,0.5120305418968201,0.10091079771518707,0.3936256766319275,0.4447530210018158,0.15242566168308258,0.890215277671814,0.3895759582519531,0.45411932468414307,0.4944818615913391,0.10322684794664383,0.3909739553928375,0.4469044506549835,0.16231690347194672,0.8758465647697449,0.3874436318874359,0.45542603731155396,0.47928184270858765,0.11353207379579544,0.3355977535247803,0.5922399759292603,-0.031196314841508865,0.9997860193252563,0.3956161439418793,0.5987269878387451,0.0310506708920002,0.9996654391288757,0.3448871970176697,0.6673243641853333,-0.05187184363603592,0.9212261438369751,0.3999418616294861,0.6674806475639343,0.06373892724514008,0.7076239585876465,0.3784852623939514,0.7415794730186462,-0.09400735050439835,0.967272937297821,0.40426334738731384,0.7442310452461243,0.04463164135813713,0.835397481918335,0.38342273235321045,0.7513062357902527,-0.09692098945379257,0.9473000168800354,0.41338375210762024,0.754375696182251,0.040124841034412384,0.851933479309082,0.3846684992313385,0.759255051612854,-0.1459924429655075,0.9435083270072937,0.414816677570343,0.7620014548301697,-0.004842713009566069,0.8001205921173096
189,0.3926251232624054,0.46941807866096497,0.21163654327392578,0.9983862638473511,0.3926541209220886,0.4646187722682953,0.17633110284805298,0.998503565788269,0.3906250596046448,0.46424955129623413,0.17626126110553741,0.9985635876655579,0.3885517120361328,0.4637843072414398,0.17623798549175262,0.9985873699188232,0.4025876224040985,0.4656258821487427,0.2030922770500183,0.9978201985359192,0.4057322144508362,0.4657626450061798,0.20299038290977478,0.9973961710929871,0.40833327174186707,0.4657662808895111,0.20300887525081635,0.9975361824035645,0.38835611939430237,0.4661967158317566,0.04260530322790146,0.9978697896003723,0.4139039218425751,0.4692520201206207,0.16176775097846985,0.9973885416984558,0.387713760137558,0.47484248876571655,0.16705235838890076,0.9950031638145447,0.40072688460350037,0.47559991478919983,0.2018263041973114,0.995423436164856,0.3644351661205292,0.4843212068080902,-0.04189663752913475,0.9993065595626831,0.44530031085014343,0.5006235837936401,0.16864749789237976,0.9976940751075745,0.3184461295604706,0.47448912262916565,0.0032824031077325344,0.9773343205451965,0.4266938865184784,0.5042961835861206,0.3435192108154297,0.10352983325719833,0.37748464941978455,0.44640812277793884,0.16433286666870117,0.9066019058227539,0.4043125808238983,0.46253520250320435,0.5171599984169006,0.0794815793633461,0.3880903720855713,0.43906909227371216,0.1736505776643753,0.8906030654907227,0.40424495935440063,0.45160526037216187,0.5468839406967163,0.10032343864440918,0.39433804154396057,0.4435845911502838,0.14891059696674347,0.8892652988433838,0.3986188769340515,0.4502811133861542,0.5303024649620056,0.10260267555713654,0.38880908489227295,0.4453265964984894,0.1594455987215042,0.8746238946914673,0.3945901095867157,0.4514666497707367,0.5130325555801392,0.11277369409799576,0.33839496970176697,0.5908230543136597,-0.052769605070352554,0.9997779130935669,0.39684540033340454,0.5960513949394226,0.05265483632683754,0.9996517896652222,0.3448059558868408,0.6659148931503296,-0.0813375860452652,0.9211933016777039,0.4006846249103546,0.6668440103530884,0.080179363489151,0.710900604724884,0.38013574481010437,0.7424225211143494,-0.13419438898563385,0.9672091007232666,0.40333831310272217,0.7425928711891174,0.0506574809551239,0.8366075158119202,0.3832678496837616,0.751307487487793,-0.13800130784511566,0.9475827813148499,0.4108593165874481,0.7538048028945923,0.04463827982544899,0.8536112904548645,0.38036710023880005,0.7584133744239807,-0.18903599679470062,0.9431695342063904,0.39877399802207947,0.7562894821166992,0.0020915295463055372,0.800656259059906
190,0.3966604769229889,0.4683668911457062,0.19049067795276642,0.9983873963356018,0.3963155746459961,0.46347907185554504,0.15378916263580322,0.9985039234161377,0.3945108950138092,0.46313387155532837,0.15372194349765778,0.9985646605491638,0.39264625310897827,0.4626961350440979,0.15371201932430267,0.9985897541046143,0.4051531255245209,0.46462658047676086,0.18107767403125763,0.9978067874908447,0.4079522490501404,0.4648599624633789,0.1809859275817871,0.9973775148391724,0.4103853106498718,0.46490323543548584,0.1809988170862198,0.9975218176841736,0.3923397958278656,0.46525731682777405,0.017957914620637894,0.9978547096252441,0.4157896339893341,0.4682801365852356,0.140031099319458,0.997356653213501,0.3924697935581207,0.4736301004886627,0.14569628238677979,0.9949767589569092,0.40400430560112,0.47498130798339844,0.18124757707118988,0.995387613773346,0.3685685992240906,0.4837160110473633,-0.06137440353631973,0.9993128776550293,0.447195440530777,0.5015405416488647,0.15289749205112457,0.9977230429649353,0.3187139928340912,0.47581806778907776,-0.014515871182084084,0.9777094721794128,0.42393073439598083,0.5087297558784485,0.3256433308124542,0.10460011661052704,0.37349453568458557,0.4462343156337738,0.14520025253295898,0.9072778224945068,0.4043824374675751,0.4682384133338928,0.49368342757225037,0.07953628897666931,0.3843415379524231,0.44019120931625366,0.15422360599040985,0.8909178376197815,0.40551692247390747,0.45778217911720276,0.5238303542137146,0.09984917938709259,0.3920961022377014,0.4428824186325073,0.13048085570335388,0.8896028399467468,0.4006991982460022,0.4561358690261841,0.5079862475395203,0.10204309225082397,0.3891661763191223,0.44512292742729187,0.1406201273202896,0.8746129870414734,0.39770621061325073,0.4597136676311493,0.49000927805900574,0.11200236529111862,0.34133341908454895,0.589590311050415,-0.049953240901231766,0.9997715950012207,0.39717501401901245,0.5958309173583984,0.04982547089457512,0.9996452927589417,0.35515111684799194,0.6659934520721436,-0.06908144801855087,0.9181995987892151,0.4037204086780548,0.668455958366394,0.08383962512016296,0.7126455307006836,0.3846687078475952,0.7419646978378296,-0.10977538675069809,0.9663978815078735,0.4057265520095825,0.7443272471427917,0.0670413002371788,0.8369192481040955,0.38710054755210876,0.7510220408439636,-0.11275874823331833,0.9460991621017456,0.4044644236564636,0.7516792416572571,0.062431517988443375,0.853541374206543,0.3878605365753174,0.7588952779769897,-0.1656789928674698,0.9419506788253784,0.4095406234264374,0.7596732974052429,0.01754535175859928,0.800637423992157
191,0.40613412857055664,0.47101929783821106,0.19775506854057312,0.9984229207038879,0.4021080434322357,0.4646306335926056,0.16223502159118652,0.9985349178314209,0.39959192276000977,0.4640182554721832,0.16216187179088593,0.99859219789505,0.39676356315612793,0.4633437395095825,0.16213862597942352,0.9986174702644348,0.41204437613487244,0.4664750099182129,0.18628570437431335,0.9978676438331604,0.41642680764198303,0.4670466184616089,0.18618597090244293,0.9974508881568909,0.4193771183490753,0.4672619700431824,0.18619605898857117,0.9975875020027161,0.3937588334083557,0.46568167209625244,0.031143492087721825,0.9979018568992615,0.4226904511451721,0.47050803899765015,0.13794538378715515,0.997411847114563,0.396430104970932,0.4752674698829651,0.15476961433887482,0.9950688481330872,0.409207820892334,0.47727710008621216,0.1858769804239273,0.995485246181488,0.3678101599216461,0.4842711091041565,-0.047684092074632645,0.999325692653656,0.44933265447616577,0.5021312832832336,0.14805655181407928,0.9977653622627258,0.31114915013313293,0.4728909432888031,0.018947873264551163,0.9784385561943054,0.4259334206581116,0.5132819414138794,0.32470768690109253,0.1039486899971962,0.3721640706062317,0.4450441002845764,0.18661929666996002,0.9092311263084412,0.40031617879867554,0.47122320532798767,0.49642622470855713,0.07824473828077316,0.38330745697021484,0.4397432208061218,0.198176309466362,0.8926170468330383,0.4000309109687805,0.4604681134223938,0.5234373211860657,0.09813845902681351,0.3915376663208008,0.4432399868965149,0.17138385772705078,0.8912132382392883,0.3934326171875,0.45871496200561523,0.5071703791618347,0.10029818117618561,0.3881445825099945,0.4453320801258087,0.18141651153564453,0.8763845562934875,0.39088159799575806,0.4623609781265259,0.49240249395370483,0.11016741394996643,0.33721405267715454,0.591416597366333,-0.03998902812600136,0.9997648000717163,0.39760592579841614,0.5966287851333618,0.03987681493163109,0.9996394515037537,0.34930944442749023,0.66482013463974,-0.03986972197890282,0.9167795777320862,0.4054679274559021,0.6665505170822144,0.08866438269615173,0.7171494960784912,0.3809712827205658,0.7387526035308838,-0.06801185011863708,0.9655193090438843,0.4057324528694153,0.7430351376533508,0.06989241391420364,0.8378536105155945,0.3829615116119385,0.7492631673812866,-0.06868665665388107,0.945757269859314,0.40465372800827026,0.7503260970115662,0.06600075960159302,0.8552826046943665,0.38108205795288086,0.7545599341392517,-0.11114330589771271,0.9398376941680908,0.4141968786716461,0.7549339532852173,0.026283614337444305,0.7986899614334106
192,0.40539029240608215,0.47293609380722046,0.19221293926239014,0.9984259009361267,0.40141761302948,0.4674839675426483,0.15654276311397552,0.9985288381576538,0.39926666021347046,0.46699759364128113,0.15648537874221802,0.9985877275466919,0.3967267572879791,0.4664069712162018,0.15647076070308685,0.9986076354980469,0.4111380875110626,0.46871131658554077,0.18059398233890533,0.9978482723236084,0.4160056412220001,0.4690249264240265,0.18050915002822876,0.9974305033683777,0.4192517399787903,0.46902358531951904,0.18052664399147034,0.9975588917732239,0.3945184051990509,0.46815967559814453,0.026363471522927284,0.997891902923584,0.42448872327804565,0.4715493619441986,0.1333911120891571,0.9973838925361633,0.39757904410362244,0.47581422328948975,0.14943309128284454,0.995058536529541,0.40950554609298706,0.47707292437553406,0.1806274652481079,0.9954817295074463,0.36904606223106384,0.4871051609516144,-0.047797877341508865,0.9993125200271606,0.44642531871795654,0.5020062923431396,0.14052022993564606,0.997795581817627,0.3076709806919098,0.47537174820899963,0.014362486079335213,0.9791044592857361,0.4195197522640228,0.5020242929458618,0.30204418301582336,0.11378303915262222,0.37050119042396545,0.44839757680892944,0.18280740082263947,0.9109585285186768,0.40616756677627563,0.4598744809627533,0.45527195930480957,0.08416169881820679,0.3763684332370758,0.44147205352783203,0.19487425684928894,0.894321858882904,0.40038996934890747,0.44789978861808777,0.4778846502304077,0.10358362644910812,0.3887975513935089,0.44540277123451233,0.16694970428943634,0.8928293585777283,0.39989039301872253,0.44943830370903015,0.4659774899482727,0.10566719621419907,0.3837994635105133,0.44731196761131287,0.17728394269943237,0.8780670762062073,0.39601606130599976,0.45137035846710205,0.452377587556839,0.11545922607183456,0.33734217286109924,0.5907343626022339,-0.04170927777886391,0.9997517466545105,0.3971766233444214,0.596985399723053,0.04162970930337906,0.9996328949928284,0.3487247824668884,0.6657397747039795,-0.04773343726992607,0.9162505269050598,0.40687963366508484,0.6668446660041809,0.081761933863163,0.7224031090736389,0.3810679614543915,0.7384073734283447,-0.06956041604280472,0.9648551940917969,0.4055696129798889,0.7435081005096436,0.0645238533616066,0.8396484851837158,0.38628941774368286,0.7496851086616516,-0.06984623521566391,0.9462000727653503,0.403158038854599,0.7503723502159119,0.060402460396289825,0.858227014541626,0.38054007291793823,0.7539246082305908,-0.11208736151456833,0.9384913444519043,0.4119071066379547,0.7573724985122681,0.019654162228107452,0.7987340092658997
193,0.4063827097415924,0.4734129011631012,0.23393677175045013,0.9984788298606873,0.4042552709579468,0.4679807424545288,0.20012231171131134,0.9985736012458801,0.3997099995613098,0.46705156564712524,0.20007233321666718,0.9986299872398376,0.3969495892524719,0.4663437008857727,0.20006398856639862,0.9986484050750732,0.4126809239387512,0.4691869020462036,0.2226487547159195,0.9978995323181152,0.4173092544078827,0.46951502561569214,0.22255364060401917,0.997493326663971,0.42049044370651245,0.4695144593715668,0.22258733212947845,0.9976122379302979,0.39411914348602295,0.46803730726242065,0.07052867114543915,0.9979459643363953,0.4235064685344696,0.47174882888793945,0.169963538646698,0.9974315166473389,0.39738351106643677,0.4774121642112732,0.19048963487148285,0.9952184557914734,0.4097858965396881,0.4787425100803375,0.21966375410556793,0.995631217956543,0.36304354667663574,0.4853425621986389,-0.010187814943492413,0.9993375539779663,0.44776830077171326,0.5017966032028198,0.1655684858560562,0.9978415369987488,0.30784574151039124,0.4748208820819855,0.05063546821475029,0.9800032377243042,0.41830378770828247,0.5081838965415955,0.3129538893699646,0.12061042338609695,0.36500754952430725,0.44851014018058777,0.20801310241222382,0.914533793926239,0.40084895491600037,0.4652736783027649,0.46433451771736145,0.08962707966566086,0.37519851326942444,0.4422321915626526,0.22079667448997498,0.8984186053276062,0.39994868636131287,0.45021048188209534,0.4878329932689667,0.1089656725525856,0.38407281041145325,0.445510596036911,0.19348029792308807,0.8968544006347656,0.3943263590335846,0.451032429933548,0.4760037958621979,0.11088577657938004,0.3816794455051422,0.4476568102836609,0.2027459740638733,0.882283091545105,0.39028313755989075,0.4531495273113251,0.4614464342594147,0.12074632942676544,0.33869069814682007,0.5908724069595337,-0.042398106306791306,0.999751091003418,0.3981151580810547,0.5973638892173767,0.04225914925336838,0.9996322989463806,0.3489556908607483,0.6647958159446716,-0.0713639184832573,0.9185311794281006,0.40555137395858765,0.6667518019676208,0.06159498542547226,0.7284800410270691,0.3842947781085968,0.7415302991867065,-0.1344829946756363,0.9653752446174622,0.4054962694644928,0.7443549036979675,0.019994402304291725,0.8415992856025696,0.3851602375507355,0.7496959567070007,-0.13934862613677979,0.9480603337287903,0.405763179063797,0.7511262893676758,0.012677991762757301,0.8617698550224304,0.3738951086997986,0.7520245909690857,-0.18941141664981842,0.9388577342033386,0.41360005736351013,0.756615400314331,-0.02781808376312256,0.7990590929985046
194,0.40477830171585083,0.4715732932090759,0.22506844997406006,0.9985225796699524,0.40302810072898865,0.4662565588951111,0.18958638608455658,0.9986093044281006,0.39845383167266846,0.46541890501976013,0.18952244520187378,0.9986652135848999,0.3960645794868469,0.46488475799560547,0.18951678276062012,0.9986820816993713,0.4114898145198822,0.46751344203948975,0.21429334580898285,0.9979465007781982,0.41701608896255493,0.4680546522140503,0.21419750154018402,0.9975481033325195,0.42024630308151245,0.46816423535346985,0.21421706676483154,0.9976608753204346,0.39434492588043213,0.46692076325416565,0.05665892735123634,0.9980001449584961,0.4240075945854187,0.47074225544929504,0.1663949340581894,0.9974870681762695,0.3961609899997711,0.4758785367012024,0.18094350397586823,0.9953362941741943,0.408657044172287,0.4772479832172394,0.21300095319747925,0.9957383275032043,0.3678804636001587,0.48597288131713867,-0.026264581829309464,0.9993488192558289,0.45102590322494507,0.5022572875022888,0.16946136951446533,0.9978615641593933,0.3057166635990143,0.47491052746772766,0.03510001301765442,0.980851411819458,0.4239768981933594,0.509924054145813,0.32726290822029114,0.12575866281986237,0.3686528205871582,0.4490624964237213,0.20445507764816284,0.9162396788597107,0.40494126081466675,0.46823039650917053,0.48382094502449036,0.09232347458600998,0.3742811679840088,0.4423604905605316,0.21771752834320068,0.8998138904571533,0.4054613411426544,0.4574861228466034,0.5071800947189331,0.11135541647672653,0.38684144616127014,0.4462331533432007,0.18946485221385956,0.8982359766960144,0.39874008297920227,0.45249292254447937,0.49493175745010376,0.11326438933610916,0.38214585185050964,0.44799625873565674,0.19914083182811737,0.8837016820907593,0.39450258016586304,0.45685917139053345,0.48062705993652344,0.12291337549686432,0.3390611708164215,0.5905848145484924,-0.047036703675985336,0.9997408390045166,0.3988407552242279,0.5967498421669006,0.04691779613494873,0.9996230602264404,0.3481457829475403,0.6646804809570312,-0.059497661888599396,0.9183163046836853,0.4069262742996216,0.6678858399391174,0.08037326484918594,0.7325047254562378,0.38009196519851685,0.7420661449432373,-0.10844320058822632,0.9647095203399658,0.4058035612106323,0.7451114058494568,0.04331013560295105,0.843303918838501,0.3818514347076416,0.7509635090827942,-0.11111600697040558,0.9477505087852478,0.41655227541923523,0.7580536603927612,0.036930304020643234,0.8643178939819336,0.3697335720062256,0.7502722144126892,-0.15403270721435547,0.9371852278709412,0.411266565322876,0.7566174268722534,-0.0022806585766375065,0.7986251711845398
195,0.4086054861545563,0.4716462790966034,0.2599310278892517,0.9986140131950378,0.4060676395893097,0.4658888578414917,0.22586412727832794,0.9986936450004578,0.4033811390399933,0.4650534987449646,0.22582115232944489,0.9987456202507019,0.39803212881088257,0.4639990031719208,0.2258499413728714,0.998761773109436,0.4172057807445526,0.4681531488895416,0.24617323279380798,0.9980687499046326,0.42045214772224426,0.46849095821380615,0.24607931077480316,0.9976959824562073,0.42336148023605347,0.46864187717437744,0.2460992932319641,0.9978014230728149,0.39533019065856934,0.46606215834617615,0.09569583088159561,0.998114824295044,0.4255974590778351,0.471051424741745,0.18558187782764435,0.9976308941841125,0.40219470858573914,0.4755740165710449,0.2165234386920929,0.9955979585647583,0.41227519512176514,0.47757232189178467,0.2430085986852646,0.9959787726402283,0.3643556237220764,0.4848974347114563,0.010038630105555058,0.99936443567276,0.4527313709259033,0.503950834274292,0.16803789138793945,0.9979533553123474,0.2971138060092926,0.4772995114326477,0.08277048915624619,0.9815343022346497,0.41800206899642944,0.5199697613716125,0.32705157995224,0.13733859360218048,0.35401323437690735,0.44955459237098694,0.2630022168159485,0.9158207774162292,0.39178183674812317,0.4778853952884674,0.5099108815193176,0.09348093718290329,0.36266055703163147,0.44263073801994324,0.2818470001220703,0.8986402750015259,0.39051738381385803,0.4670228958129883,0.5368314981460571,0.1114581897854805,0.37632501125335693,0.4460614323616028,0.25416940450668335,0.8969871997833252,0.38512298464775085,0.464824378490448,0.5262876749038696,0.11328008770942688,0.37015706300735474,0.4498940408229828,0.25840169191360474,0.8821627497673035,0.383224755525589,0.4681750535964966,0.508320152759552,0.12278367578983307,0.3391793966293335,0.5897567272186279,-0.03015262447297573,0.9997392892837524,0.40143775939941406,0.5959687829017639,0.030028318986296654,0.9996342658996582,0.3480863869190216,0.6627147197723389,-0.05783547833561897,0.9206112623214722,0.4078269898891449,0.6667996644973755,0.05098482593894005,0.7493581175804138,0.38202589750289917,0.740861177444458,-0.127345010638237,0.9650614857673645,0.4058471918106079,0.7438288331031799,-0.006906888447701931,0.8503390550613403,0.38500863313674927,0.7503672242164612,-0.13206078112125397,0.9493390917778015,0.40226659178733826,0.7539157867431641,-0.015189147554337978,0.8706403374671936,0.38547226786613464,0.7550069093704224,-0.16848944127559662,0.9353514313697815,0.41990992426872253,0.761188805103302,-0.05079878494143486,0.798606276512146
196,0.4110281765460968,0.47123512625694275,0.268460214138031,0.9987143874168396,0.4089775085449219,0.46537119150161743,0.23322036862373352,0.9987877607345581,0.4058254063129425,0.46443143486976624,0.23315663635730743,0.9988350868225098,0.40260517597198486,0.4635416269302368,0.23317834734916687,0.9988495111465454,0.4206574261188507,0.4676828384399414,0.2503794729709625,0.9982090592384338,0.42392048239707947,0.46796560287475586,0.25027740001678467,0.9978649020195007,0.42811349034309387,0.46827125549316406,0.2502879202365875,0.997959554195404,0.3960582911968231,0.4648072421550751,0.10127989947795868,0.9982514381408691,0.4280634820461273,0.4701414108276367,0.176974818110466,0.9977965950965881,0.40513378381729126,0.4736023247241974,0.2250300496816635,0.995914101600647,0.4182163178920746,0.47595730423927307,0.24737678468227386,0.9962624311447144,0.3605495095252991,0.4838014245033264,0.016337933018803596,0.9993882775306702,0.4554189145565033,0.5034862160682678,0.15048421919345856,0.9980542659759521,0.29458901286125183,0.4789814054965973,0.09616325050592422,0.981925904750824,0.4258231222629547,0.5218948125839233,0.3044392466545105,0.15327374637126923,0.35034969449043274,0.4490951895713806,0.2752317786216736,0.9131080508232117,0.39245328307151794,0.4807562828063965,0.4997478425502777,0.09465262293815613,0.35606881976127625,0.43901631236076355,0.29516327381134033,0.8940777778625488,0.38943400979042053,0.47065380215644836,0.5278350710868835,0.11139463633298874,0.36874887347221375,0.444766104221344,0.2711396813392639,0.8922598361968994,0.3827468752861023,0.4684301018714905,0.5155399441719055,0.11312222480773926,0.3677055239677429,0.44724199175834656,0.27207985520362854,0.8769048452377319,0.38130834698677063,0.4712848961353302,0.4979306161403656,0.12235260009765625,0.33931106328964233,0.5898763537406921,-0.02149663120508194,0.999744713306427,0.4016783535480499,0.5954524874687195,0.021334588527679443,0.9996514320373535,0.3443315029144287,0.6626291275024414,-0.02031162939965725,0.9226215481758118,0.40697553753852844,0.6676531434059143,0.06528890132904053,0.768642246723175,0.37881696224212646,0.7400206923484802,-0.08091948181390762,0.9652864933013916,0.40463775396347046,0.745219349861145,0.01708725281059742,0.8596163988113403,0.38026389479637146,0.7486018538475037,-0.08460766822099686,0.9502614736557007,0.4001610577106476,0.7521127462387085,0.010422480292618275,0.878315806388855,0.3834798336029053,0.7512867450714111,-0.11742889881134033,0.9317701458930969,0.41530871391296387,0.7620595693588257,-0.023240532726049423,0.8003804087638855
197,0.41628554463386536,0.47071966528892517,0.27510935068130493,0.9987818002700806,0.410427987575531,0.4640327990055084,0.2416834533214569,0.9988501667976379,0.4077962636947632,0.46321094036102295,0.2416238784790039,0.9988940358161926,0.404945433139801,0.4624403715133667,0.24164609611034393,0.9989066123962402,0.4233020544052124,0.4665907621383667,0.25683891773223877,0.9982954263687134,0.42902952432632446,0.46734949946403503,0.256752073764801,0.9979740381240845,0.4314797520637512,0.4674106538295746,0.2567753195762634,0.9980579614639282,0.3973417580127716,0.4629521071910858,0.11434681713581085,0.9983392357826233,0.43233004212379456,0.47003862261772156,0.1813112497329712,0.997891902923584,0.40532106161117554,0.47225192189216614,0.23337526619434357,0.9961193799972534,0.4192606806755066,0.47475096583366394,0.2531524896621704,0.9964411854743958,0.3596150577068329,0.48307740688323975,0.03658416494727135,0.9993993043899536,0.4543248414993286,0.5028716325759888,0.1484239399433136,0.9980899095535278,0.29244473576545715,0.48115798830986023,0.11677120625972748,0.9819982647895813,0.42940130829811096,0.523807168006897,0.2943752408027649,0.16564291715621948,0.3452441692352295,0.4515978693962097,0.27979758381843567,0.9106938242912292,0.3928607404232025,0.4853743612766266,0.49050575494766235,0.09619452804327011,0.34479832649230957,0.4408968985080719,0.29808858036994934,0.8903392553329468,0.3888833522796631,0.4759455919265747,0.5167933702468872,0.11211530864238739,0.3557884395122528,0.4452458918094635,0.27401798963546753,0.8884626626968384,0.37778592109680176,0.46469494700431824,0.503656268119812,0.11370549350976944,0.35543087124824524,0.45040369033813477,0.27637019753456116,0.8723570108413696,0.3755247890949249,0.46506252884864807,0.488370418548584,0.12268315255641937,0.3401239514350891,0.5901944041252136,-0.01766170933842659,0.9997479915618896,0.4011904001235962,0.5963727235794067,0.01747882552444935,0.9996626973152161,0.34622278809547424,0.6649852395057678,-0.028202325105667114,0.9222874641418457,0.407105028629303,0.6682291030883789,0.05318230390548706,0.7842163443565369,0.38257092237472534,0.7408977746963501,-0.09973353147506714,0.9643959403038025,0.4057997167110443,0.7462741732597351,-0.0032425732351839542,0.8665258884429932,0.3841744661331177,0.7490262389183044,-0.10507279634475708,0.9495617747306824,0.40260976552963257,0.7555122971534729,-0.011651718989014626,0.8835910558700562,0.3849281370639801,0.7511537671089172,-0.1453005075454712,0.9271273016929626,0.41769129037857056,0.7629745602607727,-0.05008259788155556,0.8007559180259705
198,0.4198480248451233,0.47555437684059143,0.28545841574668884,0.9988718628883362,0.41381460428237915,0.46902376413345337,0.2523198425769806,0.9989340305328369,0.4105907678604126,0.4679272770881653,0.25227856636047363,0.9989742040634155,0.4069981873035431,0.4667451083660126,0.2523185908794403,0.9989857077598572,0.4260254502296448,0.4711056351661682,0.26995334029197693,0.9984166622161865,0.4303647577762604,0.47131669521331787,0.269866019487381,0.9981197714805603,0.4326215982437134,0.4710822105407715,0.2699015140533447,0.9981950521469116,0.40159982442855835,0.4675019085407257,0.12438730150461197,0.9984583258628845,0.4325057864189148,0.47269874811172485,0.20181405544281006,0.9980345368385315,0.4071507155895233,0.47835591435432434,0.24263016879558563,0.9963926076889038,0.42085593938827515,0.4803004264831543,0.2655900716781616,0.9966840147972107,0.36076369881629944,0.4854642152786255,0.03506016358733177,0.9994227886199951,0.4577110707759857,0.5055797100067139,0.17374251782894135,0.9981546998023987,0.291116863489151,0.4833642840385437,0.11538712680339813,0.9828965663909912,0.4248493015766144,0.523661196231842,0.31741422414779663,0.18154960870742798,0.3458121716976166,0.4564449191093445,0.2960388660430908,0.9123926162719727,0.3902474343776703,0.4804997742176056,0.4991559088230133,0.10006200522184372,0.3517794609069824,0.44844958186149597,0.31634169816970825,0.8916141390800476,0.3865688443183899,0.46932780742645264,0.5248726010322571,0.11495637148618698,0.3621883690357208,0.45029062032699585,0.292642205953598,0.8896009922027588,0.38320979475975037,0.4595731198787689,0.5132405757904053,0.11647520214319229,0.3588394522666931,0.45290014147758484,0.2934984266757965,0.8732486963272095,0.37923628091812134,0.4650283455848694,0.4969426989555359,0.12528084218502045,0.34144699573516846,0.5917612314224243,-0.0266453605145216,0.9997524619102478,0.40316417813301086,0.5974640250205994,0.026502951979637146,0.9996746778488159,0.35209959745407104,0.6635954976081848,-0.05184803903102875,0.9256162643432617,0.4103719890117645,0.6681252717971802,0.044569116085767746,0.7986866235733032,0.3815445899963379,0.7416858077049255,-0.13561053574085236,0.9652870297431946,0.40437087416648865,0.7478259801864624,-0.02020529843866825,0.8727426528930664,0.3815948963165283,0.7523624300956726,-0.14197930693626404,0.9517011642456055,0.4000280201435089,0.7579864263534546,-0.029341110959649086,0.889254093170166,0.3801942765712738,0.7516629695892334,-0.18353094160556793,0.9268701076507568,0.41540950536727905,0.7642984390258789,-0.06743898242712021,0.8013832569122314
199,0.4206664562225342,0.47660455107688904,0.3014301657676697,0.998947024345398,0.419055700302124,0.47035354375839233,0.26804760098457336,0.9990079998970032,0.4126305878162384,0.46831023693084717,0.2680079936981201,0.9990440607070923,0.4095054864883423,0.4670749604701996,0.2680594325065613,0.999054491519928,0.4296475946903229,0.4730464816093445,0.28308743238449097,0.9985283613204956,0.43239352107048035,0.4731597900390625,0.2829854190349579,0.998255729675293,0.4349406361579895,0.47309812903404236,0.2829999029636383,0.9983246922492981,0.4057938754558563,0.4674638509750366,0.141302227973938,0.9985634088516235,0.4367912709712982,0.47510454058647156,0.2076779454946518,0.998175323009491,0.4105743169784546,0.47768938541412354,0.2599717676639557,0.9966219663619995,0.4227629005908966,0.48057249188423157,0.2796694040298462,0.9969005584716797,0.36214956641197205,0.48703065514564514,0.057148922234773636,0.9994370937347412,0.45787569880485535,0.5064097046852112,0.17146077752113342,0.9982476830482483,0.292174756526947,0.48614302277565,0.12774547934532166,0.9834578633308411,0.4337271451950073,0.5369301438331604,0.33433395624160767,0.19357840716838837,0.3339425027370453,0.4585987627506256,0.2862052917480469,0.9113660454750061,0.39798057079315186,0.5017414689064026,0.5516232252120972,0.09986988455057144,0.3358061611652374,0.4451654851436615,0.30542874336242676,0.8890540599822998,0.3941805362701416,0.493082195520401,0.581055223941803,0.1138307973742485,0.35500210523605347,0.4498686194419861,0.2828806936740875,0.8869343400001526,0.38736164569854736,0.4905313551425934,0.5701757669448853,0.11525311321020126,0.34956154227256775,0.45469796657562256,0.2835584282875061,0.8696627020835876,0.38637134432792664,0.4926893413066864,0.5513441562652588,0.12365998327732086,0.34558433294296265,0.5927056670188904,-0.014308222569525242,0.999748170375824,0.4058852791786194,0.5988805294036865,0.014115466736257076,0.9996826648712158,0.35275936126708984,0.6665396094322205,-0.020356878638267517,0.9253373146057129,0.4113578498363495,0.6712583899497986,0.050858572125434875,0.8123177886009216,0.38513994216918945,0.7425988912582397,-0.10136077553033829,0.9645355343818665,0.40671733021736145,0.7496625781059265,-0.02086777612566948,0.8787764310836792,0.38156360387802124,0.7517387270927429,-0.1073404923081398,0.9521389007568359,0.40612363815307617,0.764469563961029,-0.03057798370718956,0.8946363925933838,0.3866492807865143,0.7519287467002869,-0.14528100192546844,0.9217023849487305,0.41810959577560425,0.7722685933113098,-0.07010199129581451,0.7996912598609924
200,0.4213729500770569,0.477599561214447,0.29804354906082153,0.9990426898002625,0.4151197373867035,0.4711071252822876,0.26014018058776855,0.9990994930267334,0.41211238503456116,0.47000545263290405,0.26011091470718384,0.9991321563720703,0.4089953899383545,0.46893781423568726,0.26019108295440674,0.9991414546966553,0.42720577120780945,0.4734514355659485,0.276593416929245,0.9986642003059387,0.4320593476295471,0.47384023666381836,0.2764917016029358,0.9984171986579895,0.4344829022884369,0.47370433807373047,0.2765195965766907,0.998478889465332,0.4039943218231201,0.4695667624473572,0.12415874749422073,0.9986974596977234,0.43645748496055603,0.47581836581230164,0.19663682579994202,0.9983440637588501,0.41010603308677673,0.4804791510105133,0.253507524728775,0.9969306588172913,0.4226396083831787,0.4826396703720093,0.2750721871852875,0.9971805810928345,0.3616553246974945,0.48905256390571594,0.027255559340119362,0.9994692802429199,0.45928868651390076,0.5058760046958923,0.16595980525016785,0.9983691573143005,0.28722065687179565,0.4903392791748047,0.10342282801866531,0.9842408299446106,0.4365599453449249,0.5310471057891846,0.3351311981678009,0.21909743547439575,0.3241182565689087,0.46064493060112,0.2868211269378662,0.9088756442070007,0.3981202244758606,0.487904816865921,0.5508776903152466,0.10084640234708786,0.32885655760765076,0.4455411732196808,0.3098094165325165,0.8845420479774475,0.39400553703308105,0.47692543268203735,0.5821011066436768,0.1136707216501236,0.34656405448913574,0.45254939794540405,0.2895943522453308,0.8821718692779541,0.3821200728416443,0.4654412269592285,0.5713242292404175,0.11501891165971756,0.34461551904678345,0.45740383863449097,0.2861712574958801,0.8644962310791016,0.3802487254142761,0.4706305265426636,0.5505187511444092,0.12324356287717819,0.3499842882156372,0.5943347215652466,-0.020038194954395294,0.9997552633285522,0.40821373462677,0.5995989441871643,0.019891813397407532,0.9997019171714783,0.349678635597229,0.6636093258857727,-0.017034726217389107,0.9296236038208008,0.4119288921356201,0.668401300907135,0.06693261116743088,0.8288221955299377,0.38205668330192566,0.7404701709747314,-0.0765201672911644,0.9656867980957031,0.3994700610637665,0.7470203042030334,0.0030152462422847748,0.8876696228981018,0.38209396600723267,0.7501532435417175,-0.07846999168395996,0.9546033143997192,0.3943086266517639,0.7556595206260681,-0.004298350773751736,0.9022087454795837,0.3825228214263916,0.7517436742782593,-0.08711737394332886,0.9178646802902222,0.4085749089717865,0.7623388767242432,-0.023278187960386276,0.7994261384010315
201,0.4138185977935791,0.47110697627067566,0.2619175612926483,0.9991101622581482,0.4122883081436157,0.46588534116744995,0.2259598821401596,0.9991669654846191,0.4094364047050476,0.46501561999320984,0.2259185016155243,0.9991969466209412,0.4066820740699768,0.46435463428497314,0.22596944868564606,0.9992051124572754,0.4241599440574646,0.4680338501930237,0.2409658581018448,0.998765230178833,0.42677539587020874,0.46808984875679016,0.24087168276309967,0.998539388179779,0.4313746392726898,0.4684516191482544,0.24087971448898315,0.9985947012901306,0.39687690138816833,0.46542680263519287,0.09765695780515671,0.9987953901290894,0.43159323930740356,0.4704784154891968,0.16388389468193054,0.9984694719314575,0.40776655077934265,0.47560766339302063,0.22044791281223297,0.9971489906311035,0.4200196862220764,0.47770264744758606,0.24011334776878357,0.9973782896995544,0.3582780063152313,0.4895666837692261,0.015820620581507683,0.9994674921035767,0.4572599530220032,0.504189670085907,0.13710224628448486,0.9984347224235535,0.2809916138648987,0.4946063756942749,0.09862477332353592,0.9839959144592285,0.43147748708724976,0.531777024269104,0.31018584966659546,0.23261165618896484,0.32277244329452515,0.46407872438430786,0.27343985438346863,0.9023995995521545,0.39578497409820557,0.48988670110702515,0.5355181694030762,0.10047869384288788,0.332107812166214,0.4557718336582184,0.29479309916496277,0.8765251040458679,0.3927527070045471,0.47949323058128357,0.5669006109237671,0.1126341000199318,0.344803124666214,0.4573940932750702,0.270889550447464,0.8740824460983276,0.3764295279979706,0.4708082377910614,0.555205762386322,0.11391136795282364,0.3445063531398773,0.46002739667892456,0.2706809937953949,0.8556066751480103,0.3758537471294403,0.4719242751598358,0.5351996421813965,0.12194313853979111,0.35257500410079956,0.5957982540130615,-0.014185944572091103,0.9997486472129822,0.4095757305622101,0.6012258529663086,0.014011437073349953,0.9997091889381409,0.3556499481201172,0.6668596267700195,0.0007754756952635944,0.9303334355354309,0.413788765668869,0.6710197925567627,0.06797892600297928,0.8420026898384094,0.382092148065567,0.7418248653411865,-0.047667551785707474,0.9655176401138306,0.4009702205657959,0.7465009093284607,0.022700972855091095,0.8943197131156921,0.38034358620643616,0.7510608434677124,-0.04949633404612541,0.9552409052848816,0.4028679430484772,0.7617696523666382,0.01680763065814972,0.9076581597328186,0.3829517364501953,0.7520386576652527,-0.07664168626070023,0.9125897288322449,0.4129478335380554,0.76313716173172,-0.015746135264635086,0.7986477613449097
202,0.4229685962200165,0.47613081336021423,0.27015677094459534,0.999190628528595,0.4208987057209015,0.46932563185691833,0.23198452591896057,0.9992431998252869,0.41699275374412537,0.4679777920246124,0.231944277882576,0.9992705583572388,0.4099811017513275,0.46634143590927124,0.2320173680782318,0.9992775321006775,0.4319075644016266,0.47138214111328125,0.246590256690979,0.9988789558410645,0.4345220923423767,0.47128915786743164,0.24647389352321625,0.9986745715141296,0.43669864535331726,0.47107118368148804,0.24646803736686707,0.9987238049507141,0.40343448519706726,0.46684882044792175,0.10075614601373672,0.9989069104194641,0.437420517206192,0.472145140171051,0.1652018427848816,0.9986106753349304,0.4148535132408142,0.4784931540489197,0.22768637537956238,0.9974088072776794,0.4266292154788971,0.48037803173065186,0.246934175491333,0.9976150393486023,0.36378446221351624,0.4908282160758972,0.009905144572257996,0.9994961619377136,0.45937246084213257,0.504926323890686,0.13885286450386047,0.9985377788543701,0.2834804654121399,0.4994322955608368,0.10077221691608429,0.98429274559021,0.4358825385570526,0.5324435830116272,0.3063603937625885,0.2552921772003174,0.3246694803237915,0.46685922145843506,0.2965954542160034,0.8947609663009644,0.39482149481773376,0.4901066720485687,0.5303993225097656,0.10039134323596954,0.3276534378528595,0.45802927017211914,0.32199740409851074,0.866247832775116,0.3899117112159729,0.4797207713127136,0.5630886554718018,0.11170821636915207,0.3405686914920807,0.45917651057243347,0.3009720742702484,0.8635485768318176,0.3711625933647156,0.4719565808773041,0.5513734817504883,0.11292913556098938,0.3405349552631378,0.46190235018730164,0.2958921790122986,0.8447161316871643,0.37090107798576355,0.4731306731700897,0.5300348997116089,0.12071485817432404,0.35696282982826233,0.5989431142807007,-0.018210502341389656,0.9997610449790955,0.41333574056625366,0.6028825640678406,0.018055113032460213,0.9997296929359436,0.3525826930999756,0.668355405330658,0.009922841563820839,0.9343950152397156,0.4132014214992523,0.6719369888305664,0.0861889198422432,0.855867862701416,0.38085341453552246,0.7386951446533203,-0.03041602298617363,0.9667972922325134,0.4022430181503296,0.7448707222938538,0.03946942836046219,0.9022323489189148,0.3805149793624878,0.7462407350540161,-0.030249079689383507,0.9574188590049744,0.4037138521671295,0.7575625777244568,0.034158650785684586,0.9143833518028259,0.3777114450931549,0.7471421360969543,-0.03741949051618576,0.9105775952339172,0.412509948015213,0.761911928653717,0.015008327551186085,0.8011133670806885
203,0.42788583040237427,0.4783485233783722,0.2849041223526001,0.9992442727088928,0.4248903691768646,0.4728652536869049,0.24898938834667206,0.9992965459823608,0.42158663272857666,0.4719463884830475,0.24893784523010254,0.9993225336074829,0.4162774085998535,0.47093626856803894,0.24895836412906647,0.9993286728858948,0.4334452748298645,0.47437793016433716,0.2632952332496643,0.998955249786377,0.4357345700263977,0.47449493408203125,0.2631722092628479,0.9987664222717285,0.43779221177101135,0.47455936670303345,0.26317352056503296,0.9988105297088623,0.40911656618118286,0.47158873081207275,0.12161193788051605,0.9989874362945557,0.43786874413490295,0.4760909676551819,0.18394291400909424,0.9987083077430725,0.4201529622077942,0.4813942015171051,0.243947371840477,0.9975887537002563,0.4286079704761505,0.482666939496994,0.26254093647003174,0.9977750182151794,0.3650423586368561,0.4925340712070465,0.037657491862773895,0.9995216727256775,0.4606199562549591,0.5045298337936401,0.16037054359912872,0.9986235499382019,0.2844785749912262,0.5043462514877319,0.1138051375746727,0.9836328625679016,0.42094749212265015,0.5288184285163879,0.32099342346191406,0.26108330488204956,0.3134000599384308,0.47646939754486084,0.2776182293891907,0.888808012008667,0.3777698874473572,0.48721179366111755,0.5269011855125427,0.10235646367073059,0.3162688612937927,0.46889182925224304,0.3009446859359741,0.8602544069290161,0.3600069582462311,0.471089631319046,0.5558165311813354,0.1136515662074089,0.33035650849342346,0.4693111479282379,0.2758505046367645,0.8574341535568237,0.355160653591156,0.4704134166240692,0.5490697026252747,0.11475992202758789,0.3298271596431732,0.4715714752674103,0.2748181223869324,0.8378072381019592,0.3545314371585846,0.4721616804599762,0.5282899737358093,0.1225084438920021,0.35505956411361694,0.5946066379547119,-0.02361861802637577,0.9997538924217224,0.4140126407146454,0.6002485156059265,0.023394793272018433,0.9997327923774719,0.35135021805763245,0.663263201713562,0.000965967308729887,0.9361667037010193,0.4152870178222656,0.6692989468574524,0.08061361312866211,0.8658894300460815,0.3729971647262573,0.7361884713172913,-0.030035100877285004,0.9664252400398254,0.40322068333625793,0.7433033585548401,0.045861486345529556,0.9072738885879517,0.3757205009460449,0.7465000152587891,-0.028901349753141403,0.9580044150352478,0.40683162212371826,0.7545535564422607,0.04114323481917381,0.9187608957290649,0.36449292302131653,0.7428443431854248,-0.04790584370493889,0.9071651101112366,0.40946513414382935,0.7575287222862244,0.013363497331738472,0.8021765351295471
204,0.43282774090766907,0.47771260142326355,0.2674112617969513,0.9992974400520325,0.43068400025367737,0.47191861271858215,0.23005254566669464,0.999350368976593,0.4273218512535095,0.4709267318248749,0.2299826592206955,0.9993738532066345,0.42199039459228516,0.4697650671005249,0.23000217974185944,0.9993791580200195,0.43893641233444214,0.47327423095703125,0.24155177175998688,0.9990355968475342,0.4411703050136566,0.4732556641101837,0.24140110611915588,0.9988619685173035,0.4439070522785187,0.4732619524002075,0.24135762453079224,0.998902440071106,0.41403928399086,0.4702192544937134,0.09917349368333817,0.9990672469139099,0.4425535500049591,0.4744066596031189,0.14962346851825714,0.9988110661506653,0.4247324466705322,0.4804120361804962,0.22610968351364136,0.9977745413780212,0.434946209192276,0.48188045620918274,0.24119819700717926,0.997943639755249,0.366080641746521,0.4931607246398926,0.020830411463975906,0.999534547328949,0.4629645049571991,0.5041651129722595,0.11882448196411133,0.9987185597419739,0.28559184074401855,0.5107575058937073,0.08960077911615372,0.9805893898010254,0.4212048053741455,0.5334315896034241,0.2739451229572296,0.2776862680912018,0.31599313020706177,0.4809948205947876,0.2377619445323944,0.8678321242332458,0.3773833215236664,0.4956808388233185,0.48186248540878296,0.10414738208055496,0.3181101679801941,0.4729456901550293,0.25987085700035095,0.8377665877342224,0.3609943687915802,0.48041221499443054,0.5114406943321228,0.11442479491233826,0.3316524624824524,0.47445839643478394,0.23789170384407043,0.8346695899963379,0.35460612177848816,0.47630152106285095,0.5057437419891357,0.1153716966509819,0.3311954736709595,0.47706395387649536,0.2351989448070526,0.8139923214912415,0.3534300625324249,0.48089638352394104,0.48425373435020447,0.12310778349637985,0.35995712876319885,0.5990942716598511,-0.012200605124235153,0.9997370839118958,0.4179817736148834,0.6016529202461243,0.012059429660439491,0.9997347593307495,0.3543272614479065,0.6657842397689819,0.04622429236769676,0.9360862970352173,0.41950735449790955,0.6712417602539062,0.09015320986509323,0.8761637210845947,0.3697551488876343,0.7351064682006836,0.02574271149933338,0.9646302461624146,0.4025081992149353,0.7392501831054688,0.07944805175065994,0.9115893840789795,0.36922943592071533,0.7434028387069702,0.027666013687849045,0.9566808342933655,0.39657410979270935,0.7487756609916687,0.0787838026881218,0.9224987030029297,0.36053603887557983,0.742680549621582,0.016294434666633606,0.8966077566146851,0.4105660617351532,0.7540770769119263,0.06216875836253166,0.7971001267433167
205,0.43441396951675415,0.4795032739639282,0.2766386866569519,0.9993442893028259,0.4309850037097931,0.47488126158714294,0.2388298362493515,0.999396562576294,0.42730605602264404,0.4739338755607605,0.2387726902961731,0.9994181394577026,0.42170536518096924,0.4727911651134491,0.23880115151405334,0.9994231462478638,0.43940868973731995,0.476034551858902,0.24713857471942902,0.9991047382354736,0.4415067136287689,0.47591933608055115,0.24701924622058868,0.9989452958106995,0.44398751854896545,0.4757857322692871,0.24699464440345764,0.9989829063415527,0.41272956132888794,0.4724917411804199,0.11103814840316772,0.9991365075111389,0.4410751760005951,0.4760613739490509,0.1476782113313675,0.9988994002342224,0.4252064824104309,0.4828715920448303,0.2371957004070282,0.9979382753372192,0.43565067648887634,0.4841638207435608,0.2482512891292572,0.9980937242507935,0.3613710105419159,0.4954899847507477,0.03787386044859886,0.9995207786560059,0.4599076807498932,0.5044574737548828,0.10561961680650711,0.9987985491752625,0.2795907258987427,0.518686056137085,0.12813183665275574,0.9729273915290833,0.4171355962753296,0.5313108563423157,0.2548925280570984,0.302519828081131,0.3167499601840973,0.48631900548934937,0.3060140013694763,0.8260560631752014,0.37699276208877563,0.4925229251384735,0.478647917509079,0.10502707213163376,0.32515403628349304,0.4795406758785248,0.3355228006839752,0.7970877885818481,0.36267852783203125,0.48042386770248413,0.511634349822998,0.11460696160793304,0.33547458052635193,0.4806149899959564,0.31138530373573303,0.7940979599952698,0.3549778461456299,0.4797915518283844,0.5072222352027893,0.11542569845914841,0.3340490460395813,0.4845276176929474,0.3032976984977722,0.7738715410232544,0.35510706901550293,0.48109039664268494,0.4822506308555603,0.12283604592084885,0.36292189359664917,0.6012169718742371,-0.002230272628366947,0.9997155070304871,0.4202674925327301,0.6022037267684937,0.00204869476146996,0.9997406005859375,0.3577668368816376,0.6689966917037964,0.032160092145204544,0.9369124174118042,0.4239867925643921,0.6721564531326294,0.05959856137633324,0.8868506550788879,0.3656903803348541,0.7360343337059021,0.002443308010697365,0.9636831879615784,0.40122389793395996,0.7416242361068726,0.025593554601073265,0.9176194667816162,0.3637028634548187,0.7445427179336548,0.0034191934391856194,0.9561233520507812,0.391360878944397,0.7507226467132568,0.022929314523935318,0.9270870089530945,0.36087462306022644,0.7487960457801819,-0.002969363471493125,0.8866592645645142,0.406000018119812,0.7595301270484924,0.004454711452126503,0.7961148619651794
206,0.4415549337863922,0.48070934414863586,0.34777963161468506,0.9993988871574402,0.4368095099925995,0.47550198435783386,0.30630502104759216,0.9994487762451172,0.43337810039520264,0.4744989275932312,0.3062421679496765,0.9994684457778931,0.4288675785064697,0.4732043445110321,0.3062867224216461,0.9994732737541199,0.4438413083553314,0.47642844915390015,0.3072066307067871,0.9991834163665771,0.4456503093242645,0.4762676954269409,0.30704960227012634,0.9990385174751282,0.4472455680370331,0.47602227330207825,0.30701491236686707,0.9990733861923218,0.4146376848220825,0.47174152731895447,0.16881369054317474,0.9992135167121887,0.44213971495628357,0.47593018412590027,0.17181085050106049,0.9989985823631287,0.4315090775489807,0.4829932153224945,0.30629274249076843,0.9981213212013245,0.4404112696647644,0.48401254415512085,0.3076103925704956,0.9982621073722839,0.35641658306121826,0.49454304575920105,0.09165821969509125,0.9995403289794922,0.4611438810825348,0.5035459399223328,0.10162093490362167,0.9989042282104492,0.2850709855556488,0.5276014804840088,0.232240229845047,0.9469850063323975,0.4324341416358948,0.5406559109687805,0.2629401981830597,0.34175488352775574,0.327674001455307,0.5067468285560608,0.4740670919418335,0.753870964050293,0.40342679619789124,0.5097175240516663,0.5408247709274292,0.1033966988325119,0.33684834837913513,0.5000401735305786,0.5236342549324036,0.7279337048530579,0.40078243613243103,0.5032827258110046,0.5834671854972839,0.11210758984088898,0.3453754782676697,0.5015785098075867,0.49779149889945984,0.7252887487411499,0.39438220858573914,0.4995376765727997,0.5821259021759033,0.11282885819673538,0.34506046772003174,0.5030656456947327,0.47315457463264465,0.7076293230056763,0.3927839994430542,0.5008239150047302,0.5478793382644653,0.11937224119901657,0.3649565875530243,0.6005706191062927,0.011984485201537609,0.9997180700302124,0.42325925827026367,0.6012665629386902,-0.012205653823912144,0.9997590780258179,0.3587521016597748,0.669678270816803,0.07993783801794052,0.940922200679779,0.4281267821788788,0.668000340461731,0.0624811165034771,0.8974541425704956,0.36241039633750916,0.7404037714004517,0.01042278204113245,0.9654030203819275,0.40687188506126404,0.7358317971229553,0.021742060780525208,0.9243284463882446,0.3611030578613281,0.7482035160064697,0.007899372838437557,0.9582551121711731,0.3949328362941742,0.7428908944129944,0.020394502207636833,0.932563304901123,0.3613031804561615,0.7513046860694885,0.012347848154604435,0.884119987487793,0.41892561316490173,0.75332111120224,0.020552154630422592,0.7971505522727966
207,0.43613147735595703,0.4805702865123749,0.3235214054584503,0.9994260668754578,0.43175768852233887,0.47541332244873047,0.2824079692363739,0.999480128288269,0.42834702134132385,0.47440820932388306,0.28234413266181946,0.999498188495636,0.4238848388195038,0.47309574484825134,0.2823757827281952,0.999503493309021,0.4389389455318451,0.47621241211891174,0.2807053327560425,0.9992337822914124,0.4409962594509125,0.47595807909965515,0.28055039048194885,0.9991000294685364,0.44297343492507935,0.4755961298942566,0.2805018126964569,0.9991341829299927,0.41120022535324097,0.4717497229576111,0.14750324189662933,0.9992650151252747,0.43965229392051697,0.47537824511528015,0.1388484686613083,0.9990689754486084,0.427165150642395,0.48288506269454956,0.2834921181201935,0.9982454180717468,0.43579748272895813,0.4837898910045624,0.28139740228652954,0.9983735084533691,0.3564548194408417,0.4971959888935089,0.08380052447319031,0.9995304346084595,0.46256011724472046,0.5023292899131775,0.06488527357578278,0.9989862442016602,0.2839086055755615,0.5339971780776978,0.2245221883058548,0.910306990146637,0.4400936961174011,0.5353032946586609,0.22310984134674072,0.37348902225494385,0.32883238792419434,0.5149247646331787,0.4517892301082611,0.6864481568336487,0.4049634635448456,0.5073985457420349,0.5019627809524536,0.10109905898571014,0.3372569978237152,0.513813853263855,0.4992142915725708,0.6637227535247803,0.4007149040699005,0.5015366077423096,0.544238269329071,0.10920701920986176,0.35298997163772583,0.5144822597503662,0.4742108881473541,0.6614498496055603,0.3938060402870178,0.4983823895454407,0.540806233882904,0.10986728966236115,0.34828245639801025,0.514971911907196,0.45046281814575195,0.6460080742835999,0.39252814650535583,0.49976715445518494,0.5085123181343079,0.11567690223455429,0.37098270654678345,0.6013711094856262,0.020399337634444237,0.9997095465660095,0.42887797951698303,0.6017005443572998,-0.02060444839298725,0.9997703433036804,0.3635512888431549,0.669549822807312,0.0925440788269043,0.9431957006454468,0.4320681691169739,0.6660192608833313,0.058249641209840775,0.9064650535583496,0.36603865027427673,0.7436787486076355,0.026802783831954002,0.9663255214691162,0.3975089490413666,0.7290021777153015,0.031129371374845505,0.9292014241218567,0.36645716428756714,0.7504284977912903,0.02425277978181839,0.9594182968139648,0.3889276683330536,0.7380396723747253,0.030941132456064224,0.9360487461090088,0.37225431203842163,0.7548223733901978,0.025957096368074417,0.8804441094398499,0.40947917103767395,0.7514934539794922,0.029894450679421425,0.7926926612854004
208,0.43735602498054504,0.48028260469436646,0.36262238025665283,0.9994722008705139,0.43292325735092163,0.47553232312202454,0.32157349586486816,0.9995236396789551,0.4296485483646393,0.47472789883613586,0.3215114176273346,0.9995400905609131,0.4258562922477722,0.47375449538230896,0.32154762744903564,0.999545156955719,0.440398633480072,0.476092129945755,0.3204430043697357,0.9992997646331787,0.44258368015289307,0.47580793499946594,0.3202647268772125,0.9991783499717712,0.4446970522403717,0.4754388928413391,0.32021471858024597,0.9992097616195679,0.4140143394470215,0.47268062829971313,0.1834530085325241,0.9993295073509216,0.44175365567207336,0.47550076246261597,0.17770487070083618,0.9991523027420044,0.429081529378891,0.4833833575248718,0.3205932080745697,0.9983963370323181,0.43760788440704346,0.4839969575405121,0.3194270431995392,0.9985126852989197,0.3562837243080139,0.4980599284172058,0.1098141074180603,0.9995511174201965,0.46396392583847046,0.5018470287322998,0.09418774396181107,0.9990713000297546,0.295476496219635,0.534983217716217,0.2440243512392044,0.8885709643363953,0.44263678789138794,0.5383206605911255,0.2528436779975891,0.4055102467536926,0.3311096131801605,0.5108892321586609,0.4737829267978668,0.6277602910995483,0.405266672372818,0.5123615860939026,0.5408610701560974,0.09912732988595963,0.33872371912002563,0.5102895498275757,0.5240185260772705,0.6075420379638672,0.3999629616737366,0.506960928440094,0.5862606763839722,0.1066136360168457,0.3538874387741089,0.5100794434547424,0.5009143352508545,0.6054421067237854,0.39287254214286804,0.5039920210838318,0.5844216346740723,0.1072053462266922,0.34927603602409363,0.5108252763748169,0.47381511330604553,0.5918859243392944,0.3921763598918915,0.5050936341285706,0.5486147999763489,0.11221503466367722,0.3748460114002228,0.6017898917198181,0.019850729033350945,0.9997104406356812,0.43217167258262634,0.6000736355781555,-0.02009464055299759,0.9997811913490295,0.36023497581481934,0.6684508919715881,0.0874251052737236,0.9470705986022949,0.4428058862686157,0.6594229340553284,0.046447478234767914,0.9151643514633179,0.3616972863674164,0.7415274381637573,-0.004482172429561615,0.9683685898780823,0.3973485827445984,0.7212820649147034,0.015127233229577541,0.9345163702964783,0.36439862847328186,0.748318612575531,-0.009080561809241772,0.9618349671363831,0.3858909010887146,0.7272020578384399,0.015672756358981133,0.9403281211853027,0.3676111400127411,0.7557376623153687,0.0003338183742016554,0.8812896609306335,0.40726393461227417,0.74253910779953,0.030397631227970123,0.7922043800354004
209,0.4422031044960022,0.4804459512233734,0.35628294944763184,0.9995149374008179,0.43770578503608704,0.47605183720588684,0.3137991726398468,0.9995641112327576,0.4343322515487671,0.4751032590866089,0.31375640630722046,0.9995791912078857,0.43063682317733765,0.4740038216114044,0.3138105571269989,0.9995837807655334,0.4446817934513092,0.476736456155777,0.31456291675567627,0.9993607401847839,0.44670674204826355,0.4764215052127838,0.3143744468688965,0.9992507100105286,0.44871047139167786,0.47598132491111755,0.31431499123573303,0.9992793798446655,0.41752317547798157,0.4723753035068512,0.1724865883588791,0.9993882179260254,0.4450744092464447,0.47521892189979553,0.1754237860441208,0.999228298664093,0.433567613363266,0.48323705792427063,0.31321677565574646,0.9985365867614746,0.4422145485877991,0.4838690459728241,0.31464144587516785,0.998641312122345,0.3590345084667206,0.49844419956207275,0.09037189930677414,0.9995766282081604,0.4696255624294281,0.5013407468795776,0.10119214653968811,0.9991518259048462,0.2976992130279541,0.539804220199585,0.22360089421272278,0.8703133463859558,0.4471757411956787,0.5410529375076294,0.2650740146636963,0.4371761977672577,0.33120089769363403,0.515653669834137,0.45605331659317017,0.5738853216171265,0.40730738639831543,0.514877200126648,0.5496593713760376,0.09737778455018997,0.33987128734588623,0.5124188661575317,0.5041928291320801,0.5558229088783264,0.4014086127281189,0.5095423460006714,0.5963000059127808,0.10417027771472931,0.3550910949707031,0.5117776393890381,0.483499139547348,0.5538373589515686,0.3937878906726837,0.506128191947937,0.5922147631645203,0.10469036549329758,0.3508460819721222,0.5124880075454712,0.45737379789352417,0.5418688654899597,0.39344921708106995,0.5070933103561401,0.5564393401145935,0.1089310348033905,0.3793146312236786,0.599479079246521,0.010012766346335411,0.999718964099884,0.4360577464103699,0.5984792113304138,-0.010212657041847706,0.9997937083244324,0.35804009437561035,0.666364848613739,0.07160429656505585,0.9510989189147949,0.44944220781326294,0.6582401394844055,0.08903633058071136,0.9230400919914246,0.37117302417755127,0.7376455664634705,-0.024941466748714447,0.9705670475959778,0.40053337812423706,0.7120922207832336,0.07587084919214249,0.9392826557159424,0.3676232397556305,0.749933123588562,-0.029905784875154495,0.9644430875778198,0.387323260307312,0.7180957198143005,0.0785459354519844,0.944438636302948,0.358632892370224,0.752547562122345,-0.022184249013662338,0.883380651473999,0.4050946831703186,0.7380234003067017,0.10128153860569,0.7892584800720215
210,0.442037969827652,0.4810258448123932,0.36211591958999634,0.9995554685592651,0.4377352297306061,0.476741224527359,0.32035425305366516,0.9996016621589661,0.4342726171016693,0.4759043753147125,0.3203132748603821,0.9996153116226196,0.42955097556114197,0.4745780825614929,0.32037225365638733,0.9996198415756226,0.4452173709869385,0.4772269129753113,0.319230318069458,0.9994178414344788,0.4472992718219757,0.47688356041908264,0.3190620541572571,0.9993183612823486,0.44926464557647705,0.47609347105026245,0.31901779770851135,0.9993445873260498,0.4165812134742737,0.4734012186527252,0.18182821571826935,0.9994429349899292,0.4461592733860016,0.4761667847633362,0.17603370547294617,0.9992985725402832,0.4331974685192108,0.4843445122241974,0.3197130262851715,0.9986650943756104,0.44210341572761536,0.484748512506485,0.3186773657798767,0.9987606406211853,0.3596978783607483,0.4999939799308777,0.09691785275936127,0.9995911717414856,0.4698617160320282,0.5013182163238525,0.09152385592460632,0.9992251992225647,0.30307111144065857,0.5414028763771057,0.2302095741033554,0.8474042415618896,0.45091456174850464,0.540928065776825,0.242488831281662,0.47372564673423767,0.33709996938705444,0.5182048678398132,0.46857231855392456,0.5227862596511841,0.41414156556129456,0.5166839361190796,0.5241039991378784,0.09615481644868851,0.3517622649669647,0.5160645246505737,0.5192373394966125,0.5065709352493286,0.40923330187797546,0.5118572115898132,0.5720049142837524,0.1019095927476883,0.366901159286499,0.514929473400116,0.5009258985519409,0.5046646595001221,0.4011545777320862,0.5083358287811279,0.5685065388679504,0.10234254598617554,0.36161211133003235,0.5154703855514526,0.47078484296798706,0.49419230222702026,0.40030768513679504,0.5090154409408569,0.5310046076774597,0.105771005153656,0.3832947015762329,0.5987791419029236,0.019523434340953827,0.9997220635414124,0.43941226601600647,0.5971100330352783,-0.019738247618079185,0.9998067021369934,0.38366255164146423,0.6629227995872498,0.07837861776351929,0.9547639489173889,0.4544176459312439,0.6554669141769409,0.038484781980514526,0.9304172396659851,0.3671962022781372,0.7324503064155579,-0.012055506929755211,0.9724416136741638,0.39729762077331543,0.711254358291626,-0.0018636513268575072,0.9442662000656128,0.3655489981174469,0.7420005798339844,-0.016421198844909668,0.9669088125228882,0.3843294382095337,0.7182815670967102,-0.001547655207104981,0.9486486911773682,0.3648732304573059,0.7492825984954834,0.007178586442023516,0.8822762370109558,0.41043731570243835,0.7375896573066711,0.022001532837748528,0.7882347106933594
211,0.44989851117134094,0.48044317960739136,0.3711242079734802,0.9995940923690796,0.44514352083206177,0.476144939661026,0.3299770653247833,0.9996370077133179,0.44172412157058716,0.47538745403289795,0.3299342691898346,0.9996496438980103,0.4373631179332733,0.47436127066612244,0.32997944951057434,0.9996538758277893,0.45230334997177124,0.4766259491443634,0.328439861536026,0.9994711875915527,0.4541985094547272,0.4763554632663727,0.32826709747314453,0.9993817210197449,0.4560263156890869,0.4759904742240906,0.3282112777233124,0.9994053244590759,0.4240863025188446,0.4727116823196411,0.1923574060201645,0.9994944334030151,0.45283132791519165,0.4757631719112396,0.18476632237434387,0.9993647336959839,0.4414411783218384,0.48333439230918884,0.329071044921875,0.9987858533859253,0.4501906931400299,0.4840354025363922,0.32759883999824524,0.9988734126091003,0.36142265796661377,0.49898406863212585,0.1109829843044281,0.9996131658554077,0.4737054109573364,0.502102255821228,0.09427323937416077,0.9992955923080444,0.30675074458122253,0.5422176122665405,0.23148711025714874,0.8270161151885986,0.45980316400527954,0.5463414788246155,0.24585752189159393,0.5038563013076782,0.33856624364852905,0.5209835767745972,0.4531654715538025,0.47659504413604736,0.4219841957092285,0.5265212059020996,0.5303594470024109,0.09333307296037674,0.3500412404537201,0.5173467993736267,0.5032773613929749,0.46187320351600647,0.4169880151748657,0.5226835012435913,0.574944794178009,0.09838810563087463,0.36592841148376465,0.5157997012138367,0.48541051149368286,0.4600302577018738,0.4083785116672516,0.5186263918876648,0.5744765400886536,0.09874209016561508,0.36167633533477783,0.5164510011672974,0.4555504620075226,0.45076417922973633,0.40723469853401184,0.5188509225845337,0.5383145809173584,0.10146839171648026,0.3837762176990509,0.5982731580734253,0.02466089278459549,0.999723494052887,0.44122904539108276,0.5971603989601135,-0.024865595623850822,0.9998171925544739,0.3678046762943268,0.6623449921607971,0.10233883559703827,0.9583036303520203,0.45944926142692566,0.6546869874000549,0.046749237924814224,0.9371932744979858,0.35342684388160706,0.7290213704109192,0.010941606014966965,0.9744572639465332,0.40257126092910767,0.7102979421615601,0.015204600989818573,0.9491995573043823,0.35044771432876587,0.7383209466934204,0.006337041035294533,0.9694775938987732,0.38727542757987976,0.7174270153045654,0.016407184302806854,0.9529810547828674,0.35759708285331726,0.7481024861335754,0.03007066249847412,0.8827716112136841,0.41265496611595154,0.7375024557113647,0.04411635547876358,0.7920791506767273
212,0.4532195031642914,0.48367416858673096,0.4087751805782318,0.9996060132980347,0.4494304656982422,0.4788585603237152,0.36811476945877075,0.9996518492698669,0.4456772804260254,0.4779943525791168,0.36807161569595337,0.9996638894081116,0.4420452117919922,0.47692519426345825,0.36812660098075867,0.9996685981750488,0.456236332654953,0.47923368215560913,0.36354583501815796,0.9995021224021912,0.45812341570854187,0.47886431217193604,0.3633924126625061,0.9994221925735474,0.4600127637386322,0.47835248708724976,0.36335819959640503,0.9994438886642456,0.42822664976119995,0.4748665392398834,0.22796663641929626,0.9995251297950745,0.4564371109008789,0.4775007367134094,0.20581915974617004,0.9994088411331177,0.44405198097229004,0.4858373999595642,0.36575812101364136,0.9988517761230469,0.4529901146888733,0.48614948987960815,0.3599953055381775,0.998937726020813,0.366862952709198,0.5000242590904236,0.14517712593078613,0.9996280670166016,0.47712627053260803,0.5013270974159241,0.09670838713645935,0.9993614554405212,0.3212621510028839,0.543212354183197,0.26273104548454285,0.7936652302742004,0.46989795565605164,0.5382258892059326,0.23326337337493896,0.5409821271896362,0.361230731010437,0.5354306101799011,0.46929726004600525,0.43358343839645386,0.4308494031429291,0.5238873958587646,0.5057124495506287,0.09679625928401947,0.3748372495174408,0.533784031867981,0.5201602578163147,0.42031392455101013,0.42574021220207214,0.5204532146453857,0.5521823167800903,0.09995736926794052,0.3896017074584961,0.5323681235313416,0.5045279860496521,0.41855090856552124,0.41644972562789917,0.5175746083259583,0.5510305762290955,0.10000722110271454,0.38484469056129456,0.5323295593261719,0.47196823358535767,0.4103972613811493,0.4148944020271301,0.5181548595428467,0.5137454271316528,0.10166806727647781,0.38641357421875,0.59576016664505,0.03726468235254288,0.9997233748435974,0.44459158182144165,0.5946590304374695,-0.03742719441652298,0.9998278021812439,0.3707563579082489,0.6642789840698242,0.08281199634075165,0.9607933759689331,0.47365087270736694,0.6503274440765381,0.012280669994652271,0.9432371258735657,0.37370041012763977,0.7303494811058044,-0.019929153844714165,0.975861668586731,0.4062800109386444,0.7086147665977478,-0.04402218014001846,0.9535166621208191,0.371172696352005,0.7393532991409302,-0.02661184035241604,0.9715738892555237,0.3904355764389038,0.7157042622566223,-0.04476000741124153,0.956753134727478,0.37312114238739014,0.7457911968231201,-0.0009401816059835255,0.8792157769203186,0.4208122789859772,0.7396382093429565,-0.021019745618104935,0.7948591709136963
213,0.45412054657936096,0.48177748918533325,0.36893004179000854,0.999636709690094,0.4493287205696106,0.4771459996700287,0.3286243975162506,0.9996806383132935,0.4458615481853485,0.4763307273387909,0.3285737931728363,0.9996918439865112,0.4417285621166229,0.47524914145469666,0.3286074101924896,0.9996963739395142,0.45693323016166687,0.4776058793067932,0.32459402084350586,0.9995458722114563,0.45892661809921265,0.4772903621196747,0.32443690299987793,0.9994744658470154,0.4606023132801056,0.4768262505531311,0.3244418501853943,0.9994936585426331,0.4295005202293396,0.47371047735214233,0.1896393746137619,0.9995682239532471,0.45650723576545715,0.47645923495292664,0.17021702229976654,0.9994629621505737,0.4443087875843048,0.4837743639945984,0.32692256569862366,0.9989454746246338,0.45397236943244934,0.4844069480895996,0.32187747955322266,0.9990246295928955,0.36816099286079407,0.5010504722595215,0.11600637435913086,0.9996438026428223,0.4805026054382324,0.5024456977844238,0.07722769677639008,0.9994224905967712,0.32309409976005554,0.5455218553543091,0.2219204157590866,0.7616672515869141,0.4756103456020355,0.5467240214347839,0.22238506376743317,0.5739460587501526,0.36697545647621155,0.5404916405677795,0.41606730222702026,0.39516958594322205,0.44398191571235657,0.5343223214149475,0.48803043365478516,0.10070910304784775,0.3800409138202667,0.5394605994224548,0.46050289273262024,0.38323095440864563,0.4402111768722534,0.53177809715271,0.53300541639328,0.10238128900527954,0.39387089014053345,0.5373660922050476,0.4470037519931793,0.3815228044986725,0.43202319741249084,0.5276965498924255,0.5304164886474609,0.1023315042257309,0.3897732198238373,0.537405788898468,0.41879135370254517,0.37422776222229004,0.4296348989009857,0.5281211137771606,0.4954768419265747,0.1031494215130806,0.3906390070915222,0.5974557399749756,0.032630555331707,0.9997243881225586,0.45091256499290466,0.5953153371810913,-0.032760731875896454,0.9998391270637512,0.3720528781414032,0.6667957305908203,0.09590014815330505,0.9631136655807495,0.4875539243221283,0.6476942896842957,0.03464295715093613,0.948604941368103,0.36773499846458435,0.7347917556762695,0.0031180516816675663,0.9772830009460449,0.4196494519710541,0.7087998986244202,0.011638423427939415,0.9568785429000854,0.3637911379337311,0.7390000224113464,-0.0012355586513876915,0.9735721945762634,0.4043418765068054,0.7155758738517761,0.014660961925983429,0.9597433805465698,0.36515069007873535,0.7487033605575562,0.02856338955461979,0.8797778487205505,0.433117538690567,0.7333421111106873,0.054881125688552856,0.7933380007743835
214,0.4663029909133911,0.48450082540512085,0.3803626000881195,0.9996644258499146,0.4617938697338104,0.4789614975452423,0.34405040740966797,0.9997067451477051,0.45841485261917114,0.477956086397171,0.343984991312027,0.9997174739837646,0.45476850867271423,0.47677209973335266,0.3440283238887787,0.9997218251228333,0.46760398149490356,0.4797086715698242,0.3293732702732086,0.9995866417884827,0.4688946306705475,0.47943294048309326,0.32920852303504944,0.9995229840278625,0.4701121151447296,0.4789956510066986,0.32918983697891235,0.9995399713516235,0.44106215238571167,0.4743433892726898,0.2188405990600586,0.9996082782745361,0.4649319350719452,0.4772537350654602,0.1515219658613205,0.9995138049125671,0.457941472530365,0.4863740801811218,0.3443099558353424,0.9990382194519043,0.4648963510990143,0.4872106611728668,0.3250737488269806,0.9991105198860168,0.37292051315307617,0.5005837678909302,0.16729487478733063,0.9996735453605652,0.48347336053848267,0.5024107694625854,0.03429914265871048,0.9994798898696899,0.3355247676372528,0.5468738079071045,0.2859005928039551,0.7274459004402161,0.48133111000061035,0.5466874837875366,0.16065098345279694,0.6115151643753052,0.3790951371192932,0.542465090751648,0.47571268677711487,0.3597166836261749,0.4667288064956665,0.5411498546600342,0.4264543056488037,0.11567866057157516,0.38918861746788025,0.5401189923286438,0.5302065014839172,0.3485453426837921,0.4656883180141449,0.5389751195907593,0.4648323059082031,0.11287122219800949,0.40396350622177124,0.5374985337257385,0.5165954232215881,0.3468995988368988,0.45653796195983887,0.5350257158279419,0.4730985164642334,0.1123322919011116,0.4011903703212738,0.5378593802452087,0.47873637080192566,0.34056103229522705,0.453776091337204,0.5356186628341675,0.4390392601490021,0.11093656718730927,0.39374151825904846,0.5968738794326782,0.06925921887159348,0.9997351169586182,0.455064982175827,0.5919265747070312,-0.0693126767873764,0.9998518228530884,0.38582688570022583,0.66497403383255,0.13740438222885132,0.9650163650512695,0.5042239427566528,0.6500516533851624,-0.005331811495125294,0.9535914063453674,0.37792208790779114,0.7341068983078003,0.05647943541407585,0.9786561727523804,0.434480220079422,0.7116495966911316,-0.01735827885568142,0.9603899121284485,0.37609633803367615,0.7410091757774353,0.05247116461396217,0.9754261374473572,0.42311665415763855,0.7181116342544556,-0.01168791763484478,0.9628780484199524,0.375931978225708,0.7470535039901733,0.08119726181030273,0.8812596201896667,0.47108322381973267,0.7367852926254272,0.02849096618592739,0.7997546195983887
215,0.4727306365966797,0.48430749773979187,0.36696648597717285,0.9996926188468933,0.4692390263080597,0.47842463850975037,0.33110707998275757,0.999732494354248,0.46658506989479065,0.4774978458881378,0.3310468792915344,0.9997425079345703,0.46374303102493286,0.4764157235622406,0.33108916878700256,0.9997465014457703,0.4742168188095093,0.4792934060096741,0.3155897855758667,0.9996252655982971,0.4754926860332489,0.47911059856414795,0.31540659070014954,0.9995684027671814,0.4767186939716339,0.47876840829849243,0.3153752088546753,0.9995835423469543,0.451180636882782,0.4740625023841858,0.20864075422286987,0.999645471572876,0.47226622700691223,0.47684842348098755,0.13793359696865082,0.9995608925819397,0.46534210443496704,0.4862697422504425,0.3318644165992737,0.9991256594657898,0.47164419293403625,0.48718440532684326,0.3116501569747925,0.9991918206214905,0.3791283965110779,0.4998434782028198,0.16259129345417023,0.9997017979621887,0.48776301741600037,0.5008747577667236,0.022978080436587334,0.9995316863059998,0.3478772044181824,0.5465899705886841,0.2870989143848419,0.7007885575294495,0.4837022125720978,0.5480843186378479,0.15367989242076874,0.6461629271507263,0.392780065536499,0.5380136966705322,0.47467324137687683,0.32817310094833374,0.47008299827575684,0.5451520681381226,0.42761918902397156,0.13186925649642944,0.4019351601600647,0.5357348322868347,0.5281630754470825,0.3175267279148102,0.4680725038051605,0.5439196228981018,0.4677562117576599,0.12469800561666489,0.4153221547603607,0.5325691103935242,0.515960156917572,0.31594112515449524,0.45920053124427795,0.5399348735809326,0.4731638729572296,0.12382039427757263,0.41294652223587036,0.5329941511154175,0.47806188464164734,0.31038710474967957,0.4568582773208618,0.5402097702026367,0.4396957755088806,0.12009897083044052,0.3970775008201599,0.5985744595527649,0.07005931437015533,0.9997496008872986,0.45645755529403687,0.5917690396308899,-0.07010532170534134,0.9998636245727539,0.3878493309020996,0.6652848124504089,0.15793336927890778,0.967528760433197,0.5097514986991882,0.6391617059707642,0.017664959654211998,0.9581198692321777,0.3768373727798462,0.7390035390853882,0.06274954974651337,0.9803839921951294,0.45951950550079346,0.7043570876121521,0.02059655450284481,0.9636683464050293,0.3708634674549103,0.7487608790397644,0.057161446660757065,0.9774816036224365,0.44709333777427673,0.7145236730575562,0.028276830911636353,0.9658618569374084,0.3761542737483978,0.7485435009002686,0.08074793964624405,0.8874039649963379,0.49281492829322815,0.7247753739356995,0.07675555348396301,0.8076794147491455
216,0.47789469361305237,0.48496681451797485,0.3682985305786133,0.9997175335884094,0.4743947386741638,0.47935110330581665,0.33315417170524597,0.9997552037239075,0.4717150926589966,0.47848400473594666,0.3331039845943451,0.9997645616531372,0.46849343180656433,0.47732076048851013,0.33314797282218933,0.9997683167457581,0.4800591468811035,0.48007816076278687,0.31784534454345703,0.9996594786643982,0.48164984583854675,0.479841023683548,0.3176579773426056,0.9996087551116943,0.48321837186813354,0.4794066846370697,0.31763535737991333,0.9996223449707031,0.45597323775291443,0.47487273812294006,0.21070297062397003,0.9996784925460815,0.47957825660705566,0.477194219827652,0.14095643162727356,0.9996029138565063,0.4699409306049347,0.48765629529953003,0.33298924565315247,0.9992026090621948,0.4772322475910187,0.48768389225006104,0.3129997253417969,0.9992635846138,0.3828342854976654,0.5009241104125977,0.16890586912631989,0.9997266530990601,0.49349671602249146,0.5017750859260559,0.026914289221167564,0.9995782375335693,0.3554050922393799,0.5498344898223877,0.2974354326725006,0.673435389995575,0.4841281473636627,0.549077570438385,0.15423059463500977,0.6753637790679932,0.38955816626548767,0.5372235774993896,0.49080154299736023,0.3003963530063629,0.4659709930419922,0.542560338973999,0.42839452624320984,0.1432175487279892,0.39825350046157837,0.5342851281166077,0.545174777507782,0.29034262895584106,0.4629976749420166,0.5400619506835938,0.4701750576496124,0.13278023898601532,0.4118942618370056,0.5313978791236877,0.5332860350608826,0.2887881100177765,0.4544927179813385,0.5363284945487976,0.4758925139904022,0.13157270848751068,0.4095698893070221,0.5319511890411377,0.4943011701107025,0.2838640511035919,0.4525023102760315,0.5370468497276306,0.4406528174877167,0.126241996884346,0.4033287763595581,0.5995966792106628,0.07243293523788452,0.9997624158859253,0.46349436044692993,0.5930703282356262,-0.072516530752182,0.9998741745948792,0.3936903476715088,0.6641134023666382,0.15311764180660248,0.9692955017089844,0.5218925476074219,0.6411091089248657,-0.0004987643333151937,0.9621548056602478,0.3756043314933777,0.7382618188858032,0.050744783133268356,0.9818773865699768,0.4755878448486328,0.7114707231521606,-0.0007329696672968566,0.9665711522102356,0.3709961473941803,0.7495852112770081,0.043674569576978683,0.979231595993042,0.46326687932014465,0.7180994749069214,0.006560109555721283,0.9684627056121826,0.3869187831878662,0.7474483847618103,0.0632379800081253,0.8934361934661865,0.5147644281387329,0.7310673594474792,0.05218055471777916,0.8164147138595581
217,0.48578745126724243,0.48451027274131775,0.37286823987960815,0.9997417330741882,0.4824860095977783,0.47888821363449097,0.3365546762943268,0.9997771978378296,0.47940075397491455,0.47795569896698,0.3365139961242676,0.9997857213020325,0.4762338101863861,0.4767909646034241,0.33656245470046997,0.9997891783714294,0.4883292317390442,0.47958412766456604,0.3197305202484131,0.9996915459632874,0.48996368050575256,0.4792976677417755,0.31951555609703064,0.9996461272239685,0.49149784445762634,0.47883158922195435,0.3194866180419922,0.9996584057807922,0.4619066119194031,0.4741721451282501,0.2102612406015396,0.9997089505195618,0.487227201461792,0.47677531838417053,0.1338716596364975,0.9996414184570312,0.47759562730789185,0.48708027601242065,0.3367522060871124,0.9992760419845581,0.48491573333740234,0.48724833130836487,0.31471940875053406,0.999331533908844,0.38732293248176575,0.5012578368186951,0.16352233290672302,0.9997484087944031,0.49990156292915344,0.5019511580467224,0.018538616597652435,0.9996201992034912,0.3672133982181549,0.5506274104118347,0.3005681335926056,0.6387112736701965,0.49250516295433044,0.5501760244369507,0.14123503863811493,0.7016104459762573,0.4031303822994232,0.5407025814056396,0.5092683434486389,0.27328455448150635,0.4838450253009796,0.5427992343902588,0.41784530878067017,0.15007270872592926,0.4128945469856262,0.538192093372345,0.5664408802986145,0.2640550136566162,0.4819035232067108,0.5407161712646484,0.4602700173854828,0.13728030025959015,0.4267022907733917,0.5351845622062683,0.5546428561210632,0.26257893443107605,0.47341787815093994,0.5367048978805542,0.46589213609695435,0.135773167014122,0.424248069524765,0.5354095101356506,0.5131876468658447,0.25829917192459106,0.470928817987442,0.5371941328048706,0.4301761984825134,0.12908853590488434,0.40983161330223083,0.6007736921310425,0.07044525444507599,0.9997756481170654,0.47183963656425476,0.5955304503440857,-0.07051492482423782,0.999884843826294,0.39329248666763306,0.6652010083198547,0.15579061210155487,0.9712969064712524,0.5267447233200073,0.6442978382110596,0.009008968248963356,0.9658486843109131,0.3729463815689087,0.7433112263679504,0.07265589386224747,0.9832461476325989,0.5020262598991394,0.7159873247146606,0.0026226111222058535,0.9694676995277405,0.36833709478378296,0.7539318799972534,0.06771604716777802,0.980861485004425,0.49139896035194397,0.7252861261367798,0.009505700320005417,0.9710800051689148,0.3824748694896698,0.7480292916297913,0.08986639231443405,0.8985825777053833,0.54274582862854,0.7296615242958069,0.04804051294922829,0.8257448673248291
218,0.4960426092147827,0.48625582456588745,0.3575083017349243,0.999764084815979,0.4923001825809479,0.48005515336990356,0.3230631351470947,0.9997974038124084,0.4896774888038635,0.47912919521331787,0.3230316936969757,0.9998050332069397,0.4867362678050995,0.47797784209251404,0.3230733871459961,0.9998082518577576,0.4978214502334595,0.4807969033718109,0.3059833347797394,0.9997207522392273,0.4992276132106781,0.48050692677497864,0.305758535861969,0.9996799826622009,0.5004075169563293,0.4800454378128052,0.3057461082935333,0.9996910691261292,0.47222691774368286,0.4752306640148163,0.2018246352672577,0.9997366666793823,0.4950997829437256,0.4777468144893646,0.1243758276104927,0.9996761679649353,0.4876907467842102,0.4889985918998718,0.3233995735645294,0.9993432760238647,0.4944022297859192,0.48913463950157166,0.30084285140037537,0.9993935227394104,0.3967181146144867,0.5022121667861938,0.1650606244802475,0.9997689127922058,0.5061013698577881,0.5023267865180969,0.015043099410831928,0.999657928943634,0.3714417815208435,0.5494341254234314,0.3168705701828003,0.6028149724006653,0.49854233860969543,0.5466912388801575,0.1138191744685173,0.7222616076469421,0.4082333445549011,0.5374831557273865,0.5356162786483765,0.2492908090353012,0.4920579195022583,0.539415717124939,0.3574971556663513,0.15631620585918427,0.4153946340084076,0.534256637096405,0.5934507846832275,0.24086008965969086,0.48990076780319214,0.5366314649581909,0.39411622285842896,0.14205029606819153,0.429382860660553,0.5315515995025635,0.580355703830719,0.23943588137626648,0.481069952249527,0.5331476330757141,0.4008919596672058,0.14021067321300507,0.4282850921154022,0.5321090817451477,0.5395113229751587,0.23570998013019562,0.4788704216480255,0.5339617133140564,0.3691493570804596,0.13242021203041077,0.4167363941669464,0.6019605398178101,0.07035618275403976,0.9997855424880981,0.4762243330478668,0.596636950969696,-0.07046851515769958,0.999893844127655,0.3996802866458893,0.6666371822357178,0.14767169952392578,0.972412645816803,0.5355710983276367,0.6454910039901733,0.003394130151718855,0.9690980911254883,0.3790307641029358,0.7421010732650757,0.07714862376451492,0.9842422604560852,0.5271283984184265,0.7184163928031921,0.0024464745074510574,0.9718648195266724,0.3750619888305664,0.752506673336029,0.07300515472888947,0.982072114944458,0.5140888690948486,0.727169394493103,0.009244862012565136,0.9731647372245789,0.38439294695854187,0.7476148009300232,0.08456024527549744,0.9031251668930054,0.5635432004928589,0.7278356552124023,0.039815451949834824,0.8347480297088623
219,0.5019059181213379,0.485682874917984,0.3698645234107971,0.999744713306427,0.4977951645851135,0.479091614484787,0.3390631377696991,0.9997901916503906,0.4950128495693207,0.4781070649623871,0.3390277624130249,0.9997957348823547,0.491568386554718,0.4769408106803894,0.3390330970287323,0.9998013973236084,0.5036360025405884,0.479978084564209,0.32327279448509216,0.9997258186340332,0.505143940448761,0.4797115623950958,0.32304248213768005,0.9996902942657471,0.5066664218902588,0.47932231426239014,0.32302409410476685,0.9997021555900574,0.4786760210990906,0.47507601976394653,0.22138680517673492,0.9997397065162659,0.5013670325279236,0.47763070464134216,0.14940772950649261,0.9996902346611023,0.4930402338504791,0.48772892355918884,0.3369848430156708,0.9993503093719482,0.5008185505867004,0.4889344274997711,0.315960556268692,0.999401867389679,0.4018522799015045,0.5013850927352905,0.1922145038843155,0.9997836947441101,0.5142472386360168,0.5028552412986755,0.03985469415783882,0.9996917247772217,0.37877747416496277,0.5492479205131531,0.3177624046802521,0.5575249195098877,0.5011767745018005,0.5482091903686523,0.10713106393814087,0.7278082966804504,0.41564252972602844,0.5478859543800354,0.4836660921573639,0.2284996509552002,0.4892720580101013,0.5486698150634766,0.2968146502971649,0.16102805733680725,0.4232397973537445,0.5464859008789062,0.53012615442276,0.22124971449375153,0.4884933531284332,0.5477122068405151,0.3250575065612793,0.1464259773492813,0.4378799498081207,0.5447315573692322,0.5146229863166809,0.21984899044036865,0.48006123304367065,0.5445823073387146,0.331225723028183,0.14415667951107025,0.43726035952568054,0.5450620055198669,0.48459166288375854,0.21664035320281982,0.47683975100517273,0.5450096726417542,0.3068065941333771,0.136097252368927,0.4237031936645508,0.6033357977867126,0.06837362051010132,0.9997829794883728,0.48687946796417236,0.5974642634391785,-0.06857671588659286,0.9998992681503296,0.40529507398605347,0.6672702431678772,0.12297414243221283,0.9672173261642456,0.5415776371955872,0.6539749503135681,-0.019837671890854836,0.9712159037590027,0.3782353401184082,0.7419922351837158,0.05634940043091774,0.982778787612915,0.5503087043762207,0.7238775491714478,-0.04049062356352806,0.97206711769104,0.36755332350730896,0.7495821118354797,0.05174185335636139,0.9810056090354919,0.5425286293029785,0.7353425621986389,-0.03663824498653412,0.9730772972106934,0.38496509194374084,0.748605489730835,0.050776395946741104,0.9004126787185669,0.5921087265014648,0.7343801856040955,-0.021261408925056458,0.8368352651596069
220,0.5133729577064514,0.48619067668914795,0.34462010860443115,0.9997463226318359,0.5099039077758789,0.4797385036945343,0.31254079937934875,0.9997923374176025,0.5072864294052124,0.47868111729621887,0.31252551078796387,0.9997968077659607,0.5043392777442932,0.4774502217769623,0.31252971291542053,0.9998039603233337,0.5152139663696289,0.4808119833469391,0.2958589196205139,0.999735951423645,0.5165281891822815,0.4806246757507324,0.29561954736709595,0.9997034668922424,0.5176836252212524,0.4802989959716797,0.2955684959888458,0.9997167587280273,0.49017333984375,0.4750971496105194,0.197500079870224,0.9997432231903076,0.512042224407196,0.4789413511753082,0.12257324159145355,0.9997050762176514,0.5046495795249939,0.48836395144462585,0.31344541907310486,0.9993857145309448,0.5115203857421875,0.48951685428619385,0.2914676070213318,0.9994316101074219,0.4137551188468933,0.5015002489089966,0.1647930145263672,0.999798059463501,0.5228018164634705,0.5049301981925964,0.019341185688972473,0.9997221231460571,0.3911927044391632,0.5502331852912903,0.26644015312194824,0.5237652659416199,0.5094665288925171,0.5488511323928833,0.07248459756374359,0.7355538606643677,0.42204639315605164,0.5644901990890503,0.4013804495334625,0.21110782027244568,0.48837709426879883,0.5510388016700745,0.24229417741298676,0.16681745648384094,0.42881593108177185,0.5671557784080505,0.44315624237060547,0.20465752482414246,0.4854370057582855,0.5513315796852112,0.26153677701950073,0.15062184631824493,0.44101640582084656,0.5645766854286194,0.42686593532562256,0.2032066285610199,0.4783191680908203,0.5479697585105896,0.2700927257537842,0.14791804552078247,0.44121772050857544,0.5630598664283752,0.4014688730239868,0.20041503012180328,0.4757997989654541,0.54770427942276,0.25176218152046204,0.13884152472019196,0.43100079894065857,0.6030877828598022,0.06857208907604218,0.9997872114181519,0.48919564485549927,0.598281979560852,-0.06876179575920105,0.9999058246612549,0.4083082675933838,0.666775643825531,0.17076338827610016,0.9628375172615051,0.5472697615623474,0.6527512073516846,0.004694964271038771,0.9736316800117493,0.3760432004928589,0.7405893802642822,0.1539578139781952,0.9808090329170227,0.5826270580291748,0.7235357165336609,0.0008544256561435759,0.9739603400230408,0.3639001250267029,0.7509793043136597,0.15275494754314423,0.9796662330627441,0.5779940485954285,0.7363399863243103,0.0063238488510251045,0.9747360944747925,0.3893841803073883,0.7453307509422302,0.1475895643234253,0.8938958048820496,0.6233488321304321,0.7292182445526123,-0.00017834315076470375,0.8437514901161194
221,0.5244547724723816,0.48767155408859253,0.3317509591579437,0.9997643828392029,0.5213623642921448,0.4811461567878723,0.3001081943511963,0.9998071193695068,0.5188215374946594,0.4800601005554199,0.3001343309879303,0.999811053276062,0.5161592960357666,0.4788323938846588,0.30019572377204895,0.9998179078102112,0.5260313749313354,0.48234066367149353,0.2818988263607025,0.9997571110725403,0.5270823240280151,0.4822308123111725,0.28166836500167847,0.9997277855873108,0.5280151963233948,0.48198455572128296,0.28161686658859253,0.9997405409812927,0.50286465883255,0.476315975189209,0.18874919414520264,0.9997608661651611,0.5218836069107056,0.4807244837284088,0.1075558215379715,0.9997297525405884,0.5160506367683411,0.48967865109443665,0.3016357123851776,0.9994394779205322,0.5219317674636841,0.491036057472229,0.2778867185115814,0.9994807243347168,0.4246872365474701,0.49967077374458313,0.1566447764635086,0.9998149871826172,0.5309547185897827,0.5064656138420105,0.0018519936129450798,0.9997497200965881,0.3990471363067627,0.550771951675415,0.28798800706863403,0.5034630298614502,0.5231705904006958,0.5545588135719299,0.029613815248012543,0.7533566951751709,0.43564850091934204,0.5541954636573792,0.46162593364715576,0.19690737128257751,0.5002214312553406,0.5591076612472534,0.17347785830497742,0.18254436552524567,0.443539559841156,0.5548308491706848,0.5083268880844116,0.19061295688152313,0.4973582625389099,0.5600645542144775,0.1885681003332138,0.16142581403255463,0.45605969429016113,0.55256587266922,0.4925905466079712,0.18904025852680206,0.49153244495391846,0.5565148591995239,0.19595842063426971,0.15806232392787933,0.4497792422771454,0.5531841516494751,0.4631888270378113,0.1866750866174698,0.48970821499824524,0.5557241439819336,0.18146879971027374,0.14688201248645782,0.4380323588848114,0.6016557216644287,0.07176387310028076,0.9998005628585815,0.495675265789032,0.5989521145820618,-0.0719107910990715,0.9999136924743652,0.4124175012111664,0.6652896404266357,0.16886723041534424,0.9622457027435303,0.5513289570808411,0.654274582862854,-0.010108406655490398,0.9760597944259644,0.37537881731987,0.739128053188324,0.13955239951610565,0.9805989265441895,0.603882372379303,0.7233603596687317,-0.02212165854871273,0.9761310815811157,0.36111682653427124,0.7499592900276184,0.13639385998249054,0.979811429977417,0.6037695407867432,0.736436665058136,-0.016992371529340744,0.9767544269561768,0.3902967572212219,0.741994321346283,0.13305217027664185,0.8917747139930725,0.6495988368988037,0.7291188836097717,-0.019835447892546654,0.8526871800422668
222,0.5353026390075684,0.4883269667625427,0.3419909179210663,0.999782383441925,0.5328676104545593,0.48173338174819946,0.30927079916000366,0.9998215436935425,0.5303904414176941,0.4806218147277832,0.3093009293079376,0.9998251795768738,0.5278709530830383,0.4794172942638397,0.30937832593917847,0.9998315572738647,0.537433922290802,0.4829128086566925,0.2901061177253723,0.9997773170471191,0.5384681820869446,0.48277410864830017,0.2898740768432617,0.9997509121894836,0.539402186870575,0.4825192093849182,0.2898087501525879,0.9997631311416626,0.5148289203643799,0.47688040137290955,0.19634850323200226,0.9997778534889221,0.5334160327911377,0.48126503825187683,0.11120214313268661,0.9997533559799194,0.5268667936325073,0.4905508756637573,0.31149816513061523,0.9994900226593018,0.5321987867355347,0.49190595746040344,0.2866664528846741,0.9995273351669312,0.4354245364665985,0.5007609724998474,0.1542024165391922,0.9998302459716797,0.5405891537666321,0.508003830909729,0.0016092953737825155,0.9997745752334595,0.40924978256225586,0.5529922842979431,0.2937479019165039,0.4877490997314453,0.5353754162788391,0.5573682188987732,0.03483682498335838,0.7716477513313293,0.44333863258361816,0.5554789304733276,0.48708128929138184,0.18267658352851868,0.5146706700325012,0.5631826519966125,0.19491811096668243,0.19570469856262207,0.4568059742450714,0.5539548993110657,0.5371936559677124,0.17652958631515503,0.5119274258613586,0.5647771954536438,0.21150951087474823,0.16953568160533905,0.46242469549179077,0.5483075976371765,0.5217087864875793,0.1748996376991272,0.5065991878509521,0.5609076619148254,0.21899060904979706,0.1656009405851364,0.46172112226486206,0.5487797260284424,0.48925256729125977,0.17305468022823334,0.5050274133682251,0.5595972537994385,0.20319022238254547,0.15216413140296936,0.4451814591884613,0.6041382551193237,0.06999849528074265,0.999813973903656,0.5046579241752625,0.6006786227226257,-0.07012253999710083,0.9999212026596069,0.42036253213882446,0.6663616299629211,0.17512178421020508,0.9635120630264282,0.5585749745368958,0.658379316329956,-0.002990683075040579,0.9783501625061035,0.37621456384658813,0.7409784197807312,0.15795640647411346,0.9809949398040771,0.6152978539466858,0.7274904847145081,-0.01480324286967516,0.9782896041870117,0.36274874210357666,0.7516443729400635,0.1562170833349228,0.9804160594940186,0.6154478192329407,0.7411214113235474,-0.009209463372826576,0.9787829518318176,0.3927117884159088,0.7437353730201721,0.1611689180135727,0.8893852829933167,0.6624325513839722,0.7310498952865601,-0.011174676939845085,0.8614597916603088
223,0.5448116064071655,0.48704686760902405,0.3463652729988098,0.9997876882553101,0.5411580801010132,0.4804924428462982,0.3095220625400543,0.9998241662979126,0.5384416580200195,0.4794209897518158,0.3095077872276306,0.9998281598091125,0.5345766544342041,0.4780997335910797,0.3095408082008362,0.9998340010643005,0.5470632910728455,0.48164764046669006,0.2979952394962311,0.9997844099998474,0.5485275387763977,0.4815225303173065,0.2978006601333618,0.9997605085372925,0.5498623847961426,0.48125022649765015,0.29771992564201355,0.9997737407684326,0.5209512114524841,0.4762699007987976,0.18381454050540924,0.9997782707214355,0.5447924733161926,0.4806462526321411,0.1328112781047821,0.9997649192810059,0.5357250571250916,0.48999708890914917,0.31100720167160034,0.9995241761207581,0.5423434376716614,0.49157050251960754,0.2964232563972473,0.9995579123497009,0.44720131158828735,0.5017475485801697,0.11728423833847046,0.9998358488082886,0.5537190437316895,0.5096561312675476,0.032547514885663986,0.9997958540916443,0.4141906499862671,0.551841676235199,0.23432405292987823,0.48292413353919983,0.5469895005226135,0.5605344176292419,0.07932233810424805,0.7823192477226257,0.4522243142127991,0.5578448176383972,0.42542704939842224,0.1691679060459137,0.5251225233078003,0.5697950720787048,0.24679149687290192,0.1925017386674881,0.4599306583404541,0.5620051622390747,0.46859028935432434,0.1631358414888382,0.5214742422103882,0.5726240277290344,0.26520028710365295,0.1656384915113449,0.4690326750278473,0.556896448135376,0.4540283679962158,0.1615033894777298,0.5168147087097168,0.5688555240631104,0.2682686448097229,0.16168548166751862,0.46852317452430725,0.5570654273033142,0.4277128279209137,0.1601727455854416,0.5153318643569946,0.5668386220932007,0.2526310980319977,0.1483200490474701,0.4572683870792389,0.6067419648170471,0.040893469005823135,0.9998192191123962,0.5167432427406311,0.6051777005195618,-0.04105530306696892,0.9999261498451233,0.42037153244018555,0.6696101427078247,0.15102876722812653,0.9660343527793884,0.5689792633056641,0.6667079329490662,0.03189336881041527,0.9804167747497559,0.3737175166606903,0.7404550909996033,0.11402388662099838,0.9819214344024658,0.6213114261627197,0.7330893278121948,0.022792696952819824,0.9802009463310242,0.3660856783390045,0.7506418824195862,0.11098925024271011,0.9812477827072144,0.6198331117630005,0.7465625405311584,0.02778375707566738,0.980556845664978,0.37320592999458313,0.7446883320808411,0.11675794422626495,0.8857520222663879,0.6495851278305054,0.7398585081100464,0.028828099370002747,0.8643722534179688
224,0.5568402409553528,0.49098509550094604,0.3655840754508972,0.9997982978820801,0.5536535978317261,0.4844374656677246,0.3280356824398041,0.9998334646224976,0.5511720776557922,0.48351871967315674,0.32802367210388184,0.9998375773429871,0.5484670400619507,0.4825071692466736,0.32808825373649597,0.9998430013656616,0.5585998296737671,0.4853818118572235,0.3140975534915924,0.9997986555099487,0.5596619844436646,0.4852355122566223,0.31389060616493225,0.9997773170471191,0.5605927109718323,0.4849810004234314,0.31381145119667053,0.9997904896736145,0.5336291193962097,0.4802001118659973,0.19965431094169617,0.9997889995574951,0.5544880628585815,0.48380720615386963,0.13668541610240936,0.9997830986976624,0.5476375818252563,0.49426281452178955,0.32925572991371155,0.9995632171630859,0.5533561706542969,0.49552851915359497,0.3111843168735504,0.9995944499969482,0.4585326611995697,0.5046412348747253,0.12896864116191864,0.9998474717140198,0.5654467344284058,0.5112515091896057,0.03214816376566887,0.9998158812522888,0.4271026849746704,0.5567197799682617,0.26301971077919006,0.4731528162956238,0.5609591007232666,0.5632431507110596,0.10108309984207153,0.796341061592102,0.4692848324775696,0.5567950010299683,0.4731142520904541,0.1553109884262085,0.545062780380249,0.5682305693626404,0.302121639251709,0.19081872701644897,0.4816228747367859,0.556898295879364,0.5243527889251709,0.14960245788097382,0.544468104839325,0.5696179866790771,0.3290787637233734,0.16271087527275085,0.4957504868507385,0.5544334650039673,0.5113472938537598,0.14803911745548248,0.5377066731452942,0.5644976496696472,0.33349093794822693,0.1586586833000183,0.48589885234832764,0.5535404682159424,0.4770921468734741,0.14717437326908112,0.5357099771499634,0.5629228353500366,0.3105173110961914,0.14491967856884003,0.4672429859638214,0.6068025827407837,0.04709147661924362,0.9998278021812439,0.5273023843765259,0.6048208475112915,-0.047244593501091,0.9999316930770874,0.4328450858592987,0.669443666934967,0.15349915623664856,0.9686358571052551,0.5749369859695435,0.6647462844848633,0.027469435706734657,0.9823161363601685,0.3799924850463867,0.7375180125236511,0.11269243061542511,0.982937753200531,0.6208789348602295,0.7299432754516602,0.007545416243374348,0.9819835424423218,0.3678111135959625,0.7471679449081421,0.11027238517999649,0.9823417663574219,0.6215288043022156,0.7426945567131042,0.012988612055778503,0.9822339415550232,0.38288232684135437,0.7430448532104492,0.12878677248954773,0.8822808861732483,0.6469964385032654,0.7391098141670227,0.02415328472852707,0.8673104047775269
225,0.5714443922042847,0.48801377415657043,0.3588509261608124,0.9998111724853516,0.568483293056488,0.4819910228252411,0.32142579555511475,0.999844491481781,0.5654911398887634,0.4811277389526367,0.3214346766471863,0.9998484253883362,0.5626866817474365,0.4802177846431732,0.32151174545288086,0.9998534321784973,0.5743272304534912,0.48299267888069153,0.30587154626846313,0.9998137354850769,0.5758081078529358,0.482975035905838,0.30566641688346863,0.9997945427894592,0.5771737098693848,0.4828716814517975,0.3055832087993622,0.9998072385787964,0.5501043200492859,0.479348748922348,0.19926953315734863,0.9998027086257935,0.5716553330421448,0.48283571004867554,0.13045182824134827,0.9998010396957397,0.5626975893974304,0.49088212847709656,0.3257348835468292,0.9995998740196228,0.5691674947738647,0.49221402406692505,0.3059895634651184,0.9996286034584045,0.4729374647140503,0.5060514807701111,0.13935942947864532,0.9998547434806824,0.5811854600906372,0.5127481818199158,0.02047007344663143,0.9998338222503662,0.4386909604072571,0.55632084608078,0.28038713335990906,0.45887818932533264,0.5762419700622559,0.5628433227539062,0.08939756453037262,0.8086293339729309,0.47561538219451904,0.5622532963752747,0.4941338002681732,0.14215311408042908,0.5567396879196167,0.5666311383247375,0.2994929552078247,0.1865054965019226,0.4866570234298706,0.5638259053230286,0.5454505085945129,0.13689880073070526,0.5535622239112854,0.5679558515548706,0.3250143826007843,0.15821607410907745,0.4993746280670166,0.561073362827301,0.5311464667320251,0.13541676104068756,0.547651469707489,0.5632888674736023,0.32806968688964844,0.15417952835559845,0.49366840720176697,0.5609046220779419,0.497450590133667,0.13494323194026947,0.546351432800293,0.5617311596870422,0.3071538209915161,0.14038406312465668,0.47976601123809814,0.607517659664154,0.055604588240385056,0.9998353719711304,0.541907787322998,0.6062173843383789,-0.05577573925256729,0.9999371767044067,0.43975111842155457,0.6682766675949097,0.18541544675827026,0.970610499382019,0.5865305066108704,0.6720725297927856,0.036143552511930466,0.9840295910835266,0.37835395336151123,0.7370483875274658,0.15791358053684235,0.9836220741271973,0.6214761734008789,0.7386523485183716,0.00018838979303836823,0.9836345314979553,0.3615517318248749,0.7471802234649658,0.15713751316070557,0.9833004474639893,0.6140120625495911,0.7526916861534119,0.0036845821887254715,0.9838084578514099,0.38934582471847534,0.7405637502670288,0.1840801239013672,0.8765848875045776,0.6731488108634949,0.7581909894943237,0.00918425340205431,0.870908260345459
226,0.5869709253311157,0.49058088660240173,0.32421016693115234,0.9998259544372559,0.5843674540519714,0.48458853363990784,0.2872130274772644,0.9998565912246704,0.5816061496734619,0.4837474822998047,0.2872225046157837,0.9998601675033569,0.5790166854858398,0.48279809951782227,0.2873040437698364,0.9998645782470703,0.5891824960708618,0.4852626621723175,0.2704998850822449,0.9998295307159424,0.5901616215705872,0.4850579798221588,0.27028888463974,0.9998123049736023,0.5909708738327026,0.48474442958831787,0.27021387219429016,0.9998241066932678,0.5649747252464294,0.4804425537586212,0.16571170091629028,0.9998173713684082,0.5840767025947571,0.483547568321228,0.09021922200918198,0.9998188614845276,0.5779114365577698,0.49407339096069336,0.29092875123023987,0.9996360540390015,0.5830800533294678,0.49501875042915344,0.2692621946334839,0.9996622800827026,0.4867616295814514,0.5058203339576721,0.10831740498542786,0.9998642802238464,0.5928478240966797,0.5123584270477295,-0.01542386133223772,0.9998501539230347,0.4563719630241394,0.5571994185447693,0.22730669379234314,0.4498516917228699,0.5916922688484192,0.563302755355835,0.05052828788757324,0.8220457434654236,0.4892899692058563,0.5715701580047607,0.4003649652004242,0.1307598054409027,0.5803773403167725,0.5798416137695312,0.251830518245697,0.18614374101161957,0.4991460144519806,0.577616810798645,0.4430285394191742,0.12584707140922546,0.5789223909378052,0.5846668481826782,0.27487921714782715,0.1562674194574356,0.5047031044960022,0.5734416842460632,0.430623322725296,0.1244562417268753,0.5740609765052795,0.5801307559013367,0.27722883224487305,0.15219347178936005,0.5047215819358826,0.5727831721305847,0.4030199348926544,0.12430863827466965,0.5723145604133606,0.5775033831596375,0.2596264183521271,0.13790389895439148,0.4954361617565155,0.6054196953773499,0.05866839736700058,0.9998461008071899,0.5564426183700562,0.60491544008255,-0.05878962576389313,0.9999426603317261,0.4508648216724396,0.6643837094306946,0.20247940719127655,0.9727417230606079,0.5922311544418335,0.6681005358695984,0.053364887833595276,0.9855855107307434,0.3877204358577728,0.7285783886909485,0.20979689061641693,0.9844630360603333,0.6169198751449585,0.7315491437911987,0.060319457203149796,0.9851343631744385,0.36935365200042725,0.7384095788002014,0.21257084608078003,0.9843343496322632,0.6112915873527527,0.7432730197906494,0.06788451969623566,0.9852280020713806,0.3874383568763733,0.7354637384414673,0.24074800312519073,0.8758602738380432,0.6451337933540344,0.7369577884674072,0.07735107839107513,0.8762204051017761
227,0.5988106727600098,0.48846691846847534,0.32987362146377563,0.9998392462730408,0.5958318114280701,0.4827041029930115,0.2937292456626892,0.9998674392700195,0.592779278755188,0.48189577460289,0.2937386929988861,0.9998707175254822,0.5897458791732788,0.48099711537361145,0.2938198447227478,0.9998745918273926,0.601438045501709,0.48354777693748474,0.2773331105709076,0.9998437762260437,0.602663516998291,0.48348602652549744,0.2771391272544861,0.9998285174369812,0.6037147045135498,0.4833422303199768,0.277069628238678,0.9998393654823303,0.5760765075683594,0.47941717505455017,0.17460085451602936,0.9998310804367065,0.5975095629692078,0.48274558782577515,0.10058321058750153,0.9998350739479065,0.5891744494438171,0.4913589358329773,0.29739049077033997,0.9996685981750488,0.5955500602722168,0.4927724599838257,0.2762928605079651,0.9996925592422485,0.4991564154624939,0.5057196021080017,0.11980368942022324,0.9998722672462463,0.6056605577468872,0.512100100517273,-0.00832828227430582,0.9998648762702942,0.47412511706352234,0.5570222735404968,0.22652867436408997,0.4496696889400482,0.6031515598297119,0.5613101124763489,0.06427013874053955,0.8352304100990295,0.5123462677001953,0.5674518942832947,0.38224130868911743,0.12129778414964676,0.5739010572433472,0.5717850923538208,0.2677484452724457,0.1882564127445221,0.5201437473297119,0.5733567476272583,0.4214547872543335,0.11644728481769562,0.5765778422355652,0.58182692527771,0.2893533408641815,0.1565210223197937,0.5226112604141235,0.5678258538246155,0.4100651144981384,0.11513308435678482,0.5710179209709167,0.5771228075027466,0.28957119584083557,0.15247999131679535,0.5231215953826904,0.5672880411148071,0.38438794016838074,0.11536181718111038,0.5701506733894348,0.5748360753059387,0.2745475172996521,0.13781210780143738,0.5059601664543152,0.6035740971565247,0.060309022665023804,0.9998549818992615,0.5665991902351379,0.6041382551193237,-0.06038408726453781,0.9999475479125977,0.4642403721809387,0.663919985294342,0.1926070898771286,0.9748704433441162,0.5992177724838257,0.6655922532081604,0.05065326392650604,0.9869949817657471,0.39512109756469727,0.7270771265029907,0.1741291880607605,0.9854412078857422,0.6174169778823853,0.7344257831573486,0.03781001642346382,0.9864739179611206,0.3788449168205261,0.7367697358131409,0.17504926025867462,0.9854710698127747,0.6114481687545776,0.7472551465034485,0.04254292696714401,0.9864957332611084,0.3973482549190521,0.7349559664726257,0.20571355521678925,0.8761540651321411,0.6498270034790039,0.7390468120574951,0.05475945398211479,0.8788934946060181
228,0.6087378263473511,0.4884815216064453,0.3690122961997986,0.9998539090156555,0.6053016185760498,0.48259100317955017,0.3323920667171478,0.9998796582221985,0.6026029586791992,0.4818570911884308,0.3323860764503479,0.999882698059082,0.5989009737968445,0.48095256090164185,0.3324762284755707,0.999886155128479,0.6108369827270508,0.483298659324646,0.3160960078239441,0.999858558177948,0.6119793057441711,0.4831816852092743,0.315883070230484,0.9998449087142944,0.6129373908042908,0.4828348457813263,0.3158204257488251,0.9998547434806824,0.585932731628418,0.47934815287590027,0.21001048386096954,0.999846875667572,0.606791079044342,0.4825077950954437,0.13629470765590668,0.9998510479927063,0.5991327166557312,0.49165719747543335,0.33462801575660706,0.9997003674507141,0.6055282950401306,0.4928109347820282,0.3137059509754181,0.9997220635414124,0.5099501609802246,0.5044577717781067,0.14486195147037506,0.9998822212219238,0.6147961616516113,0.5123369097709656,0.021182361990213394,0.9998782277107239,0.487138032913208,0.5557414293289185,0.278609037399292,0.4491668939590454,0.6136223077774048,0.5623028874397278,0.10906311869621277,0.8470801711082458,0.5191466808319092,0.5595837831497192,0.48384889960289,0.11151743680238724,0.5998330116271973,0.5699937343597412,0.3491096496582031,0.18455643951892853,0.5297839045524597,0.5605108141899109,0.5344914793968201,0.10688260197639465,0.5970750451087952,0.571678102016449,0.38080862164497375,0.15289802849292755,0.5409151911735535,0.5568075180053711,0.5256396532058716,0.1056455448269844,0.589803159236908,0.5661125779151917,0.3815692961215973,0.14898492395877838,0.5378676652908325,0.5553776025772095,0.4889559745788574,0.10613144189119339,0.5888324975967407,0.564464807510376,0.3574430048465729,0.13424652814865112,0.5145621299743652,0.6016619801521301,0.056423723697662354,0.9998654723167419,0.5734685063362122,0.6028125882148743,-0.056525684893131256,0.9999522566795349,0.4787086844444275,0.6596768498420715,0.18238131701946259,0.9771260023117065,0.607638955116272,0.659941554069519,0.04639152064919472,0.9882794618606567,0.4054826498031616,0.7216435074806213,0.13341325521469116,0.986638069152832,0.6181904077529907,0.7319635152816772,0.018627041950821877,0.9877356290817261,0.3933716118335724,0.7309838533401489,0.1321152150630951,0.9867215156555176,0.6075665354728699,0.7439285516738892,0.022689588367938995,0.9877155423164368,0.3976876139640808,0.7272136211395264,0.17035074532032013,0.8804641366004944,0.6436421871185303,0.7374477982521057,0.04790010303258896,0.8826625347137451
229,0.619292140007019,0.48500967025756836,0.33477556705474854,0.9998676180839539,0.6155281066894531,0.4790951907634735,0.29849210381507874,0.9998910427093506,0.6128425002098083,0.4783727824687958,0.29849615693092346,0.9998937845230103,0.6099933981895447,0.4775645136833191,0.29859310388565063,0.9998968839645386,0.6206583380699158,0.4797716438770294,0.28026989102363586,0.9998722076416016,0.6216082572937012,0.4796353280544281,0.28006139397621155,0.9998599886894226,0.6224266886711121,0.4794427752494812,0.2799994945526123,0.9998688697814941,0.5950294137001038,0.47557970881462097,0.18092769384384155,0.999861478805542,0.6146410703659058,0.47910359501838684,0.09920533001422882,0.9998656511306763,0.6101558208465576,0.48842743039131165,0.3027549982070923,0.9997295141220093,0.6162056922912598,0.4895419478416443,0.2794244885444641,0.9997491240501404,0.5191750526428223,0.500947892665863,0.12814950942993164,0.9998917579650879,0.6243021488189697,0.509792149066925,-0.015659302473068237,0.9998903274536133,0.4967757761478424,0.5543097257614136,0.25991231203079224,0.44939810037612915,0.6230496168136597,0.5594723224639893,0.06149670481681824,0.8598897457122803,0.5292064547538757,0.5596214532852173,0.45291879773139954,0.10314850509166718,0.6021786332130432,0.5662559270858765,0.28088247776031494,0.19043993949890137,0.5401703119277954,0.561553955078125,0.5009278655052185,0.09861502796411514,0.6005493998527527,0.5736891627311707,0.30759721994400024,0.15623027086257935,0.546564519405365,0.558580219745636,0.49091413617134094,0.0974452942609787,0.6007887721061707,0.5697614550590515,0.3100169003009796,0.15224045515060425,0.5467057824134827,0.5583510994911194,0.4568370282649994,0.09820326417684555,0.5996997356414795,0.5677988529205322,0.2896225154399872,0.13638314604759216,0.5236193537712097,0.5985450744628906,0.0660952776670456,0.9998764991760254,0.5817607045173645,0.5999013781547546,-0.06614583730697632,0.9999567866325378,0.49033790826797485,0.6585667729377747,0.196403369307518,0.9791065454483032,0.6145572066307068,0.6587840914726257,0.04526909068226814,0.989438533782959,0.4199844002723694,0.7158572673797607,0.17367564141750336,0.9876929521560669,0.6208043694496155,0.7313741445541382,0.03254205361008644,0.988888680934906,0.40291085839271545,0.7235035300254822,0.174828439950943,0.9878270626068115,0.6084833145141602,0.7424353361129761,0.038305964320898056,0.9888262748718262,0.41311115026474,0.722029447555542,0.21455970406532288,0.8848013281822205,0.6568161845207214,0.7362871766090393,0.060769930481910706,0.8879790902137756
230,0.627224862575531,0.4837755262851715,0.34047046303749084,0.9998785853385925,0.6241750121116638,0.47859296202659607,0.3105033040046692,0.9999001026153564,0.6216864585876465,0.47774994373321533,0.3105115592479706,0.999902606010437,0.6189253926277161,0.4768258035182953,0.3105992376804352,0.9999054670333862,0.628818154335022,0.47915026545524597,0.28949546813964844,0.9998836517333984,0.6297850012779236,0.4790149927139282,0.289276659488678,0.9998728036880493,0.6306729912757874,0.4788042902946472,0.2892327904701233,0.999880850315094,0.6031476855278015,0.47424691915512085,0.2063748836517334,0.9998733997344971,0.6232283711433411,0.47814512252807617,0.11220940947532654,0.9998781085014343,0.6184022426605225,0.4868316352367401,0.3124019205570221,0.9997540712356567,0.6237383484840393,0.48815587162971497,0.2853233516216278,0.9997718334197998,0.5270703434944153,0.50054532289505,0.16397663950920105,0.9998999238014221,0.6320846080780029,0.5067981481552124,-0.00784437544643879,0.9999011754989624,0.5057187080383301,0.5520594120025635,0.27948468923568726,0.44342926144599915,0.6300600171089172,0.5583656430244446,0.04539269208908081,0.8706977963447571,0.5384916067123413,0.5612148642539978,0.4372692108154297,0.09692014008760452,0.6063733100891113,0.5691742300987244,0.2350638210773468,0.20336458086967468,0.5468445420265198,0.5638883709907532,0.4781138598918915,0.09228532761335373,0.6055228114128113,0.5761806964874268,0.25464287400245667,0.165665403008461,0.555291473865509,0.5626403093338013,0.4693426489830017,0.0911436527967453,0.6048186421394348,0.5721884369850159,0.25773510336875916,0.16151754558086395,0.5563948750495911,0.5576950311660767,0.43987295031547546,0.09213052690029144,0.6037234663963318,0.5703097581863403,0.243198961019516,0.14394143223762512,0.531767725944519,0.5947854518890381,0.07369515299797058,0.999885618686676,0.5869631171226501,0.5949209928512573,-0.07368312031030655,0.999960720539093,0.5092621445655823,0.6560413241386414,0.18250055611133575,0.9805297255516052,0.6202150583267212,0.6542198061943054,0.02067125216126442,0.9904490113258362,0.4360777735710144,0.7110623121261597,0.15164072811603546,0.9884032011032104,0.6208916306495667,0.7234830856323242,0.02017863281071186,0.9897253513336182,0.42152300477027893,0.7185481190681458,0.15074118971824646,0.9886173009872437,0.6079168915748596,0.734778642654419,0.02530277520418167,0.9895503520965576,0.4420967102050781,0.7255744338035583,0.17607709765434265,0.8887763023376465,0.6569382548332214,0.7388907670974731,0.04441327974200249,0.8900375366210938
231,0.6355825066566467,0.4817967712879181,0.3756501376628876,0.9998880624771118,0.6322491765022278,0.4764234721660614,0.35405629873275757,0.999907374382019,0.6298395991325378,0.47559836506843567,0.354076623916626,0.9999096989631653,0.6271851658821106,0.47467097640037537,0.35418859124183655,0.9999123215675354,0.6367154717445374,0.47673970460891724,0.3283120393753052,0.9998933672904968,0.6375455260276794,0.4766465127468109,0.3280869126319885,0.9998838305473328,0.6384277939796448,0.4764370024204254,0.32806798815727234,0.9998911619186401,0.6110910773277283,0.47254976630210876,0.269755095243454,0.9998829960823059,0.6308526992797852,0.4761175215244293,0.1552034467458725,0.9998889565467834,0.6269350647926331,0.48519986867904663,0.3530309796333313,0.9997750520706177,0.6319651007652283,0.4862980544567108,0.3197236657142639,0.9997912049293518,0.5361756086349487,0.498944491147995,0.2391224354505539,0.9999072551727295,0.6360386610031128,0.5040609240531921,0.013459690846502781,0.9999109506607056,0.5181872248649597,0.5483277440071106,0.3573473393917084,0.4298345148563385,0.6357117891311646,0.5532225370407104,0.028551410883665085,0.8814457654953003,0.5490429997444153,0.5600427985191345,0.5099251866340637,0.0931880846619606,0.6132270693778992,0.5704671144485474,0.18342497944831848,0.23477862775325775,0.5554890632629395,0.5636867880821228,0.5486794114112854,0.08844059705734253,0.611771821975708,0.5735303163528442,0.1943846195936203,0.19054678082466125,0.5654646754264832,0.560957133769989,0.5375625491142273,0.08724086731672287,0.6082589626312256,0.5716819763183594,0.19957807660102844,0.18559402227401733,0.5614027976989746,0.5592069029808044,0.5102912187576294,0.08850671350955963,0.6076744794845581,0.5705995559692383,0.1910528540611267,0.16476057469844818,0.5393839478492737,0.5932562947273254,0.09083352237939835,0.9998948574066162,0.5891806483268738,0.5929122567176819,-0.09070783108472824,0.9999642968177795,0.5286622643470764,0.6545827984809875,0.17989002168178558,0.9812408685684204,0.6269781589508057,0.6544263958930969,-0.03136279061436653,0.9913352131843567,0.45500701665878296,0.7095889449119568,0.13235148787498474,0.9888309240341187,0.6254005432128906,0.7259153723716736,-0.04124847799539566,0.9904531836509705,0.44340863823890686,0.7194677591323853,0.12597279250621796,0.9891718626022339,0.6152616739273071,0.7379063367843628,-0.03898922726511955,0.9902272820472717,0.46848589181900024,0.7302038073539734,0.13743555545806885,0.8932528495788574,0.6600415110588074,0.7353270053863525,-0.03299805521965027,0.8950040936470032
232,0.6400999426841736,0.4817604124546051,0.36255165934562683,0.9998977780342102,0.6365877389907837,0.47618037462234497,0.33857765793800354,0.9999151825904846,0.634310245513916,0.4754795432090759,0.338593989610672,0.9999172687530518,0.6318415403366089,0.47468698024749756,0.33870744705200195,0.9999196529388428,0.6406623125076294,0.4766922891139984,0.312186598777771,0.9999029040336609,0.6413326859474182,0.476468950510025,0.3119749426841736,0.999894380569458,0.6419538259506226,0.4761804938316345,0.3119615614414215,0.9999011158943176,0.616702139377594,0.4727047383785248,0.250593364238739,0.9998931884765625,0.6344570517539978,0.47573122382164,0.1336493194103241,0.9998993873596191,0.6320663094520569,0.48546504974365234,0.3391346037387848,0.9997957944869995,0.6367356181144714,0.486272931098938,0.3049986660480499,0.9998104572296143,0.5438601970672607,0.4982821047306061,0.2207019180059433,0.9999132752418518,0.6435628533363342,0.5033938884735107,-0.008507625199854374,0.9999197125434875,0.5258888006210327,0.5470431447029114,0.3544044494628906,0.4154611825942993,0.6426315903663635,0.5522885918617249,0.00758424773812294,0.8915058970451355,0.5601269602775574,0.5601807236671448,0.5268347263336182,0.08792831748723984,0.6297604441642761,0.566170334815979,0.17651478946208954,0.25978800654411316,0.5689768195152283,0.5647003054618835,0.5711661577224731,0.08343806117773056,0.6285906434059143,0.573066771030426,0.18927069008350372,0.20932316780090332,0.5792079567909241,0.5618460774421692,0.5570867657661438,0.082272008061409,0.626189112663269,0.5715879797935486,0.19662714004516602,0.20372405648231506,0.5778948664665222,0.5595852732658386,0.5268622636795044,0.08382680267095566,0.6261167526245117,0.5662171840667725,0.18526461720466614,0.17941588163375854,0.5450782179832458,0.5913593173027039,0.09017983824014664,0.9999021291732788,0.5925994515419006,0.5912497639656067,-0.09003270417451859,0.9999674558639526,0.5443739891052246,0.6518022418022156,0.17394569516181946,0.9816122651100159,0.6299259066581726,0.6530795693397522,-0.037847016006708145,0.9921476244926453,0.4854933023452759,0.712203323841095,0.1472463607788086,0.9887548685073853,0.621041476726532,0.7257551550865173,-0.04960747808218002,0.9911524057388306,0.4787442684173584,0.7286908626556396,0.14334143698215485,0.9893863201141357,0.6052168011665344,0.7371047735214233,-0.04707906022667885,0.9908686876296997,0.49579450488090515,0.7289934158325195,0.16766925156116486,0.8933922052383423,0.6640270352363586,0.7418644428253174,-0.03654461354017258,0.8989518880844116
233,0.6459494233131409,0.48105955123901367,0.3139735758304596,0.9999009966850281,0.6420231461524963,0.47559019923210144,0.2890228033065796,0.9999161958694458,0.6394216418266296,0.4748319387435913,0.2890312373638153,0.9999180436134338,0.6361889243125916,0.4739229083061218,0.2891032099723816,0.9999203681945801,0.6469079852104187,0.47642067074775696,0.26535508036613464,0.9999070167541504,0.6478143334388733,0.4763583838939667,0.26517555117607117,0.999899685382843,0.6487447619438171,0.47625458240509033,0.2651500403881073,0.9999061822891235,0.6222726106643677,0.4721851348876953,0.20122197270393372,0.9998961091041565,0.6420913934707642,0.4763297438621521,0.09599953889846802,0.9999055862426758,0.6374909281730652,0.48385247588157654,0.290945440530777,0.9998080730438232,0.6432636976242065,0.4852604866027832,0.26032310724258423,0.9998219609260559,0.5517462491989136,0.49763402342796326,0.17929621040821075,0.9999139904975891,0.6505919694900513,0.5042564272880554,-0.03322488069534302,0.9999273419380188,0.5331822633743286,0.5453845858573914,0.29853031039237976,0.4062536954879761,0.6492252349853516,0.5520972013473511,-0.018079619854688644,0.8984290361404419,0.5607603192329407,0.5581826567649841,0.44345685839653015,0.08495768904685974,0.6332628726959229,0.5711954236030579,0.1322176456451416,0.2711476683616638,0.5673862099647522,0.5629928112030029,0.4812413454055786,0.08048761636018753,0.6305840611457825,0.5786319375038147,0.14090357720851898,0.21792542934417725,0.5765416026115417,0.5608024597167969,0.46701571345329285,0.07928726077079773,0.6297575235366821,0.5746091604232788,0.1469520777463913,0.21205127239227295,0.5740998983383179,0.5565987229347229,0.4428216516971588,0.08109597116708755,0.624496579170227,0.5716211795806885,0.13943925499916077,0.186057910323143,0.5495719909667969,0.5891243815422058,0.08746478706598282,0.9999062418937683,0.6009758114814758,0.590053379535675,-0.0873866155743599,0.9999697804450989,0.5575991272926331,0.6475222110748291,0.17448531091213226,0.9792138338088989,0.6464326977729797,0.6575204730033875,-0.030091959983110428,0.992786169052124,0.5097612738609314,0.7040480971336365,0.17053711414337158,0.9870566129684448,0.6205079555511475,0.7223964333534241,-0.03551100939512253,0.9916324019432068,0.4968594014644623,0.7123174071311951,0.16935771703720093,0.9883237481117249,0.6083139777183533,0.7341153025627136,-0.032140761613845825,0.991219162940979,0.521602988243103,0.719224750995636,0.18777598440647125,0.8870359063148499,0.6424140334129333,0.7360334396362305,-0.031047100201249123,0.9013797640800476
234,0.6491305828094482,0.47980996966362,0.28372010588645935,0.9999011158943176,0.6445916891098022,0.4742620885372162,0.2570052444934845,0.9999146461486816,0.6413929462432861,0.4733864963054657,0.2570189833641052,0.9999160170555115,0.6383925676345825,0.47253769636154175,0.25709834694862366,0.9999181032180786,0.6500391364097595,0.47518715262413025,0.23514968156814575,0.9999091029167175,0.6511217355728149,0.4751128554344177,0.23499499261379242,0.9999030828475952,0.652125895023346,0.47500449419021606,0.2349698394536972,0.9999092817306519,0.6254199743270874,0.471142441034317,0.16808588802814484,0.9998963475227356,0.6462363600730896,0.4752197563648224,0.0710109993815422,0.9999097585678101,0.6404240727424622,0.4824753701686859,0.2607196271419525,0.9998158812522888,0.6469674110412598,0.4832477271556854,0.23256729543209076,0.9998294711112976,0.5570342540740967,0.4964177906513214,0.15157891809940338,0.9999109506607056,0.6583184003829956,0.5038714408874512,-0.05156198889017105,0.9999340772628784,0.5403370261192322,0.5426295399665833,0.27859169244766235,0.4076927900314331,0.656742513179779,0.5504609942436218,-0.02183445356786251,0.9046803116798401,0.5705457925796509,0.5544348359107971,0.42450597882270813,0.08394018560647964,0.6387112736701965,0.5656236410140991,0.131463885307312,0.278533399105072,0.5765035152435303,0.5591002106666565,0.46097758412361145,0.07900295406579971,0.6311782598495483,0.572063684463501,0.1406790316104889,0.22378678619861603,0.5803626179695129,0.5567989945411682,0.4469311833381653,0.07776206731796265,0.6293211579322815,0.5699878931045532,0.1422514021396637,0.21786674857139587,0.5803095698356628,0.556502103805542,0.42397719621658325,0.07983198761940002,0.6293818950653076,0.5683820247650146,0.13670960068702698,0.19095775485038757,0.5559517741203308,0.5865074396133423,0.08686774969100952,0.9999101161956787,0.6084930896759033,0.5879844427108765,-0.08678040653467178,0.9999720454216003,0.5639286041259766,0.6427673101425171,0.18236874043941498,0.9744778871536255,0.6253439784049988,0.6510630249977112,-0.009207207709550858,0.9932737350463867,0.5329154133796692,0.7042348384857178,0.18696367740631104,0.9840729236602783,0.6134781837463379,0.7243519425392151,-0.02743329294025898,0.9919424057006836,0.520311176776886,0.7121425271034241,0.18754376471042633,0.9867776036262512,0.6009374260902405,0.7352469563484192,-0.025672581046819687,0.9913774132728577,0.5518056750297546,0.7142373919487,0.20815813541412354,0.8759082555770874,0.6369693279266357,0.7335253357887268,-0.03140651434659958,0.9016075730323792
235,0.6570603251457214,0.4782329499721527,0.24212609231472015,0.9998655319213867,0.6529476046562195,0.4726897180080414,0.2157415747642517,0.9998751878738403,0.6496811509132385,0.4719216525554657,0.2157321274280548,0.9998722076416016,0.6466168761253357,0.47117170691490173,0.2157701998949051,0.9998764395713806,0.6580038070678711,0.4733714461326599,0.19739864766597748,0.9998773336410522,0.6588259935379028,0.47324666380882263,0.19728346168994904,0.999872088432312,0.659561812877655,0.47308167815208435,0.19725832343101501,0.9998815655708313,0.632396936416626,0.4704141616821289,0.13031035661697388,0.999849796295166,0.6525731682777405,0.47365909814834595,0.048646070063114166,0.9998833537101746,0.6483714580535889,0.4812137186527252,0.22014066576957703,0.9997857213020325,0.654384434223175,0.4817514717578888,0.1964901238679886,0.9998025298118591,0.5642743110656738,0.49631813168525696,0.10801603645086288,0.9998847246170044,0.6638469696044922,0.5030946135520935,-0.0562179796397686,0.9999373555183411,0.5462898015975952,0.5410206913948059,0.20169395208358765,0.409645676612854,0.6624454855918884,0.5503187775611877,-0.03663221001625061,0.9077375531196594,0.578795313835144,0.5589631199836731,0.3097919821739197,0.08382546156644821,0.643876314163208,0.5715675354003906,0.08950430154800415,0.28320279717445374,0.5855884552001953,0.5652173757553101,0.3349626958370209,0.07833059877157211,0.6353827118873596,0.5783823132514954,0.09253799170255661,0.22764113545417786,0.5887132287025452,0.5644291639328003,0.3209901452064514,0.07707017660140991,0.6331381797790527,0.5736271142959595,0.09247488528490067,0.22187630832195282,0.5900203585624695,0.559924840927124,0.30804961919784546,0.07939610630273819,0.6334081292152405,0.5721545815467834,0.09262014925479889,0.19454656541347504,0.5640861988067627,0.5872805714607239,0.06785750389099121,0.9998985528945923,0.6159440875053406,0.5899285674095154,-0.06777585297822952,0.9999709129333496,0.5752883553504944,0.645550549030304,0.15079310536384583,0.9674305319786072,0.6239573955535889,0.6509921550750732,0.007025361992418766,0.9933005571365356,0.5527752041816711,0.7088992595672607,0.17058244347572327,0.9773316979408264,0.6168180704116821,0.7238508462905884,0.01053073164075613,0.9911891222000122,0.5480178594589233,0.7230549454689026,0.17262965440750122,0.9820955991744995,0.601739764213562,0.7339183688163757,0.012835618108510971,0.9901309609413147,0.5692604780197144,0.7221044301986694,0.18260785937309265,0.8535579442977905,0.6403136849403381,0.7323144674301147,0.0003102653136011213,0.8911408185958862
236,0.6629871726036072,0.48200711607933044,0.2457522302865982,0.9998230934143066,0.6587302088737488,0.47676196694374084,0.22257742285728455,0.9998326897621155,0.6558988690376282,0.47589319944381714,0.22258992493152618,0.999824583530426,0.652691125869751,0.4750700891017914,0.22265112400054932,0.9998321533203125,0.6634889841079712,0.4772142767906189,0.19860170781612396,0.9998460412025452,0.6642504930496216,0.47706663608551025,0.19845616817474365,0.9998410940170288,0.6648610830307007,0.4768531024456024,0.19843542575836182,0.9998546242713928,0.6390708088874817,0.4736853837966919,0.1462104469537735,0.9997992515563965,0.6577670574188232,0.4766862094402313,0.03935651108622551,0.9998587369918823,0.6544121503829956,0.4851880371570587,0.22767877578735352,0.9997532963752747,0.660149097442627,0.4862472712993622,0.19648829102516174,0.9997730851173401,0.568513035774231,0.4978906512260437,0.14620594680309296,0.9998775124549866,0.6673986911773682,0.5035987496376038,-0.07592112571001053,0.9999423027038574,0.5508637428283691,0.5432096719741821,0.26413917541503906,0.40085938572883606,0.6695563793182373,0.5501428246498108,-0.05680035427212715,0.9096373915672302,0.5798812508583069,0.5603541731834412,0.37520766258239746,0.08322630077600479,0.6519300937652588,0.5725900530815125,0.07891640812158585,0.2877447307109833,0.5840717554092407,0.5667734742164612,0.4054297208786011,0.07756661623716354,0.6483281254768372,0.5801761150360107,0.08102908730506897,0.23168103396892548,0.5903391242027283,0.5658695101737976,0.3890377879142761,0.07632949948310852,0.6421212553977966,0.5755991339683533,0.08276180922985077,0.22587810456752777,0.5915892124176025,0.5614772439002991,0.3725571930408478,0.07878933101892471,0.6421946287155151,0.5739367008209229,0.08339224755764008,0.19781601428985596,0.5687286257743835,0.5876379609107971,0.08976030349731445,0.9998955130577087,0.6166714429855347,0.5896250009536743,-0.08967109024524689,0.9999715089797974,0.5905312895774841,0.646764874458313,0.1777702420949936,0.9456912279129028,0.6243079304695129,0.6509985327720642,-0.011683424934744835,0.9924827218055725,0.5798223614692688,0.7088512182235718,0.1997518092393875,0.9637402892112732,0.6172236204147339,0.7272706627845764,-0.01936936564743519,0.989563524723053,0.5731332302093506,0.7193231582641602,0.2007976621389389,0.9741911888122559,0.6025201082229614,0.7380753755569458,-0.01878467947244644,0.9881355166435242,0.6022858619689941,0.7223253846168518,0.20136520266532898,0.8325173854827881,0.6458273530006409,0.7357004880905151,-0.042527616024017334,0.8853237628936768
237,0.6663302183151245,0.4822542369365692,0.23343069851398468,0.9998087882995605,0.6625178456306458,0.47655096650123596,0.208388090133667,0.9998161196708679,0.6594886779785156,0.4757687747478485,0.20842084288597107,0.9998047351837158,0.6565008163452148,0.4749491810798645,0.20852121710777283,0.9998131394386292,0.6674873232841492,0.4771427810192108,0.18605272471904755,0.9998306632041931,0.6684554219245911,0.4769704043865204,0.18591400980949402,0.9998239278793335,0.6692692041397095,0.4764869809150696,0.1858939379453659,0.9998399615287781,0.6423299908638,0.47351258993148804,0.1280248612165451,0.9997736811637878,0.6627100110054016,0.4763951599597931,0.028702514246106148,0.9998444318771362,0.6574049592018127,0.48500028252601624,0.2135523408651352,0.9997478127479553,0.6633862257003784,0.48599380254745483,0.18468593060970306,0.9997665286064148,0.5722582936286926,0.4975285232067108,0.11998268216848373,0.9998748898506165,0.6733737587928772,0.5038315057754517,-0.0827350988984108,0.9999467730522156,0.5505739450454712,0.5427210330963135,0.2086779773235321,0.4087783396244049,0.6767403483390808,0.5494349598884583,-0.08441966772079468,0.9158779978752136,0.5804212093353271,0.5640061497688293,0.29457801580429077,0.08566910773515701,0.6584358811378479,0.5744216442108154,0.02395792305469513,0.3103513717651367,0.5870636105537415,0.5712073445320129,0.3185107707977295,0.0789337158203125,0.6548947095870972,0.5821735858917236,0.02290242910385132,0.24871933460235596,0.5931834578514099,0.5660619139671326,0.3047374486923218,0.0776054859161377,0.6522926092147827,0.5809784531593323,0.025507943704724312,0.24260160326957703,0.5931516885757446,0.5656787157058716,0.29204505681991577,0.08006823062896729,0.6526049971580505,0.5765318274497986,0.027901876717805862,0.2121639996767044,0.5751395225524902,0.5869299173355103,0.08189371973276138,0.9998959898948669,0.6255665421485901,0.5889174342155457,-0.08177020400762558,0.9999725222587585,0.6024495959281921,0.649867832660675,0.16072730720043182,0.9345468878746033,0.6305006146430969,0.654577374458313,-0.013562941923737526,0.9920490980148315,0.6074872016906738,0.7219520211219788,0.16795185208320618,0.9560955762863159,0.6176016330718994,0.7291114926338196,-0.01730847731232643,0.9881832003593445,0.598727285861969,0.7312676310539246,0.16677454113960266,0.969482958316803,0.6062123775482178,0.7390165328979492,-0.017226500436663628,0.9866363406181335,0.6314238905906677,0.7298494577407837,0.16466082632541656,0.8184967041015625,0.6506921052932739,0.7376687526702881,-0.03918254375457764,0.8787509202957153
238,0.6670570373535156,0.47961610555648804,0.23175550997257233,0.9997955560684204,0.6635794639587402,0.4740281105041504,0.20303292572498322,0.9998041391372681,0.6602082252502441,0.47315967082977295,0.20303432643413544,0.9997909665107727,0.6567856073379517,0.47217491269111633,0.20313085615634918,0.9997974038124084,0.6699330806732178,0.47490543127059937,0.18492068350315094,0.9998170733451843,0.671376645565033,0.474822461605072,0.18480488657951355,0.9998090863227844,0.672793447971344,0.4746197760105133,0.18475808203220367,0.9998264312744141,0.642407238483429,0.4710276424884796,0.11463167518377304,0.9997555017471313,0.6678482890129089,0.4754282534122467,0.034177448600530624,0.9998344779014587,0.6570516228675842,0.48244205117225647,0.20866940915584564,0.9997442364692688,0.6648985147476196,0.4839344620704651,0.18561889231204987,0.9997637271881104,0.5780065655708313,0.4975042939186096,0.08551221340894699,0.9998531937599182,0.6809430122375488,0.5047520995140076,-0.07466161996126175,0.9999478459358215,0.5527015924453735,0.5436686277389526,0.18275588750839233,0.43302661180496216,0.6811190247535706,0.5529989004135132,-0.0544738695025444,0.9214063882827759,0.5837825536727905,0.559604287147522,0.2995477318763733,0.08611513674259186,0.664449155330658,0.5806039571762085,0.0866483673453331,0.31585171818733215,0.5934586524963379,0.5661311745643616,0.32486096024513245,0.07818376272916794,0.6607226133346558,0.5888397693634033,0.09070492535829544,0.2510964274406433,0.5981800556182861,0.5648497343063354,0.31090229749679565,0.07689236849546432,0.6585577130317688,0.5882148146629333,0.08862722665071487,0.24502308666706085,0.5992503762245178,0.5603529810905457,0.2978377640247345,0.07958465069532394,0.6589847207069397,0.5831032991409302,0.08899108320474625,0.21394219994544983,0.5814245343208313,0.5883212685585022,0.06418401002883911,0.9998936653137207,0.6326661109924316,0.5917226076126099,-0.06406416743993759,0.9999731779098511,0.6105722188949585,0.6503116488456726,0.1611664891242981,0.9336215257644653,0.63211590051651,0.6603948473930359,0.02915586158633232,0.9921974539756775,0.6175081729888916,0.7171175479888916,0.16881518065929413,0.9518229365348816,0.6184073090553284,0.7312495112419128,0.016361555084586143,0.9875056147575378,0.6080388426780701,0.7264691591262817,0.16950716078281403,0.9677557349205017,0.6071162223815918,0.7429390549659729,0.015242233872413635,0.9860662221908569,0.6374295949935913,0.720836341381073,0.18533705174922943,0.7971199750900269,0.6475656628608704,0.7394907474517822,0.001043511088937521,0.8634299635887146
239,0.6702899932861328,0.48359161615371704,0.2737942934036255,0.9997918009757996,0.6658422946929932,0.4781437814235687,0.240883469581604,0.999801754951477,0.6628596782684326,0.47734448313713074,0.2408871054649353,0.9997879862785339,0.6592166423797607,0.4763388931751251,0.24100378155708313,0.9997915029525757,0.6721976399421692,0.4789150357246399,0.22338393330574036,0.9998167753219604,0.6737003922462463,0.4787481129169464,0.22324249148368835,0.9998095035552979,0.6751888394355774,0.4784998893737793,0.2231866717338562,0.9998265504837036,0.6462434530258179,0.47510674595832825,0.13714711368083954,0.9997556209564209,0.6697197556495667,0.4782451391220093,0.059658586978912354,0.9998375773429871,0.6608407497406006,0.4859076142311096,0.24565033614635468,0.9997510313987732,0.6684063673019409,0.4869346022605896,0.22341345250606537,0.999770998954773,0.5820571184158325,0.49889642000198364,0.0937507301568985,0.9998422861099243,0.6858438849449158,0.5057877898216248,-0.05755612626671791,0.9999513626098633,0.5525467395782471,0.5442496538162231,0.2294144630432129,0.4515252411365509,0.6886488795280457,0.5544849634170532,-0.03670984134078026,0.9279290437698364,0.5862373113632202,0.5554593205451965,0.4155905246734619,0.08216751366853714,0.6795932650566101,0.5857320427894592,0.10846389085054398,0.32453691959381104,0.596834659576416,0.5612606406211853,0.4540712535381317,0.07389470934867859,0.6784912943840027,0.5963809490203857,0.11795803904533386,0.25516414642333984,0.6039597392082214,0.5600451827049255,0.4411037564277649,0.07267317175865173,0.6750432252883911,0.5929939150810242,0.11655325442552567,0.24905385076999664,0.600627064704895,0.5546111464500427,0.41677218675613403,0.07546830177307129,0.6741635799407959,0.5905917286872864,0.11162344366312027,0.21655598282814026,0.5885089635848999,0.5886217951774597,0.061846133321523666,0.9998934268951416,0.6384816765785217,0.5923588871955872,-0.06174631416797638,0.9999746680259705,0.6196075677871704,0.6475769877433777,0.16078470647335052,0.9364508390426636,0.6378798484802246,0.6542125940322876,0.039208050817251205,0.992669939994812,0.6259454488754272,0.7141481041908264,0.1601557582616806,0.95079106092453,0.6167041063308716,0.727845311164856,0.00986463576555252,0.9876121878623962,0.6164518594741821,0.7238525748252869,0.16113120317459106,0.9678890705108643,0.6037742495536804,0.7389891743659973,0.00908182468265295,0.9863460659980774,0.6432298421859741,0.7223511338233948,0.19060896337032318,0.7798929214477539,0.6429483294487,0.7345407009124756,0.009454427286982536,0.8518068790435791
240,0.672334611415863,0.48015955090522766,0.2523190379142761,0.9997926354408264,0.6673957705497742,0.47460487484931946,0.21807488799095154,0.9998015761375427,0.6639796495437622,0.4736711084842682,0.21805010735988617,0.9997875690460205,0.6598159670829773,0.4725038409233093,0.21815256774425507,0.9997880458831787,0.6748049855232239,0.4757041335105896,0.20439085364341736,0.9998154044151306,0.6765526533126831,0.47563692927360535,0.20427508652210236,0.9998084306716919,0.6783942580223083,0.47541630268096924,0.20421703159809113,0.9998248219490051,0.6469512581825256,0.4718892276287079,0.11141975969076157,0.9997540712356567,0.6729130148887634,0.47566795349121094,0.05052665248513222,0.9998378157615662,0.662297248840332,0.4827170968055725,0.22243079543113708,0.9997584819793701,0.6709103584289551,0.4841284453868866,0.20534487068653107,0.9997789263725281,0.5836081504821777,0.49876871705055237,0.05542945861816406,0.9998303055763245,0.6899977326393127,0.5055237412452698,-0.060045212507247925,0.9999521374702454,0.55015629529953,0.5440466403961182,0.1830105483531952,0.4818932116031647,0.6934670209884644,0.5551876425743103,-0.03792731836438179,0.9335946440696716,0.585959255695343,0.5560620427131653,0.37206128239631653,0.08009885996580124,0.6872073411941528,0.5860256552696228,0.10965881496667862,0.3280828595161438,0.5984915494918823,0.5614911317825317,0.4045599400997162,0.07086300104856491,0.6865421533584595,0.5975659489631653,0.11789282411336899,0.25530630350112915,0.6041167974472046,0.559980034828186,0.3925112783908844,0.06970273703336716,0.683978796005249,0.596900224685669,0.11330968886613846,0.24937327206134796,0.6053179502487183,0.5546916127204895,0.3732360303401947,0.07261163741350174,0.6824706196784973,0.5918864607810974,0.11087922006845474,0.2158784717321396,0.5940505862236023,0.5882964730262756,0.04427117109298706,0.999894380569458,0.6454481482505798,0.5920180678367615,-0.04417881742119789,0.9999759197235107,0.6281588673591614,0.6478101015090942,0.15782488882541656,0.9414390325546265,0.6420803070068359,0.6556877493858337,0.08175048232078552,0.9932361245155334,0.6380122303962708,0.7100114822387695,0.18158213794231415,0.9525015950202942,0.6164693236351013,0.7258312106132507,0.07671850919723511,0.9881238341331482,0.6402233242988586,0.7201440334320068,0.18563126027584076,0.9690845012664795,0.6064263582229614,0.7370405197143555,0.07721158117055893,0.9868394136428833,0.6522944569587708,0.7190264463424683,0.21699273586273193,0.768282949924469,0.6364463567733765,0.7320918440818787,0.07721256464719772,0.8412468433380127
241,0.6707733273506165,0.4792127311229706,0.2747747302055359,0.9998070001602173,0.665248453617096,0.47385451197624207,0.23867110908031464,0.9998149275779724,0.6617897152900696,0.47304394841194153,0.23865382373332977,0.9998019337654114,0.6578345894813538,0.47209060192108154,0.23879314959049225,0.999801516532898,0.6736984252929688,0.47494760155677795,0.2313143014907837,0.9998269081115723,0.676147997379303,0.4749622941017151,0.23121419548988342,0.9998204708099365,0.6781940460205078,0.4748007655143738,0.23117373883724213,0.9998352527618408,0.645934522151947,0.4722811281681061,0.12426740676164627,0.999769389629364,0.6743605732917786,0.4757867157459259,0.0915660709142685,0.9998473525047302,0.6608308553695679,0.48203596472740173,0.24085383117198944,0.999776303768158,0.670550525188446,0.4833824932575226,0.2322891354560852,0.9997952580451965,0.587433397769928,0.5002266764640808,0.0411623939871788,0.9998278021812439,0.6946494579315186,0.5062763690948486,-0.014004545286297798,0.9999510645866394,0.5503741502761841,0.5436245799064636,0.152675598859787,0.5226693153381348,0.7005429863929749,0.5575295686721802,0.019371356815099716,0.9387477040290833,0.5926990509033203,0.5616982579231262,0.3376280963420868,0.08043936640024185,0.6934716105461121,0.5891635417938232,0.17222818732261658,0.32484328746795654,0.5981324911117554,0.5662429928779602,0.36509445309638977,0.06937070190906525,0.6921833157539368,0.5977510809898376,0.18188151717185974,0.2503986656665802,0.605980634689331,0.5656498074531555,0.354685515165329,0.06821729242801666,0.6914150714874268,0.5960023403167725,0.17275194823741913,0.24484826624393463,0.6024655103683472,0.5617358684539795,0.3399496376514435,0.07129278033971786,0.6905744075775146,0.5912776589393616,0.17094287276268005,0.21153083443641663,0.6006794571876526,0.5890924334526062,0.023951547220349312,0.9998987913131714,0.6512682437896729,0.5923643112182617,-0.023873822763562202,0.9999773502349854,0.6253532767295837,0.6503239870071411,0.14018991589546204,0.9466453790664673,0.6462997198104858,0.6565840840339661,0.10758720338344574,0.9938063621520996,0.6313562393188477,0.7114738821983337,0.13756322860717773,0.9552314281463623,0.6197266578674316,0.7265978455543518,0.08312506973743439,0.9887140989303589,0.6354197859764099,0.7217147946357727,0.1392766684293747,0.9710448980331421,0.6115726232528687,0.7377359867095947,0.08124040812253952,0.9875665307044983,0.6351838111877441,0.7201249003410339,0.17369650304317474,0.7558881044387817,0.6302499771118164,0.732830822467804,0.08983025699853897,0.8247365355491638
242,0.6754631400108337,0.4815863072872162,0.27134957909584045,0.9998135566711426,0.6708585023880005,0.4766554534435272,0.24271216988563538,0.9998188614845276,0.6672650575637817,0.4759044349193573,0.24271626770496368,0.9998054504394531,0.6636394262313843,0.4750029146671295,0.2428421527147293,0.9998043775558472,0.6779544353485107,0.4773370325565338,0.22886687517166138,0.9998279809951782,0.6798487901687622,0.47722890973091125,0.22875529527664185,0.9998204708099365,0.6817326545715332,0.4769676625728607,0.22873128950595856,0.9998344779014587,0.6507196426391602,0.4746241569519043,0.15058304369449615,0.9997684955596924,0.6778181195259094,0.47809267044067383,0.08842872083187103,0.9998458623886108,0.6662436127662659,0.48459354043006897,0.24528704583644867,0.9997841715812683,0.6750487089157104,0.48562517762184143,0.227974534034729,0.999801754951477,0.592086136341095,0.5018280148506165,0.09467846155166626,0.9998276233673096,0.6978030800819397,0.5056239366531372,-0.02405681647360325,0.9999505877494812,0.5509214997291565,0.5440285205841064,0.16317550837993622,0.5548993945121765,0.7079873085021973,0.5533664226531982,-0.01819523237645626,0.9436463117599487,0.5957819819450378,0.567789614200592,0.26100701093673706,0.08881868422031403,0.7027360796928406,0.5870649218559265,0.10270870476961136,0.3473816215991974,0.6002365946769714,0.5729671716690063,0.27854353189468384,0.07440868765115738,0.7051750421524048,0.5980001091957092,0.1025514304637909,0.2666361629962921,0.6053921580314636,0.5720704197883606,0.26598885655403137,0.0731125921010971,0.7013332843780518,0.5950887799263,0.1009325161576271,0.26099634170532227,0.604965090751648,0.5710262060165405,0.2596108317375183,0.07629638910293579,0.6990228891372681,0.592576265335083,0.1042313203215599,0.22525951266288757,0.6079179048538208,0.5895635485649109,0.04322066158056259,0.9999003410339355,0.6587026119232178,0.5925711393356323,-0.04320661723613739,0.9999777674674988,0.6327279806137085,0.651151716709137,0.135654479265213,0.9500864148139954,0.6521540284156799,0.655709445476532,0.04976993426680565,0.9941117763519287,0.6409866809844971,0.7152635455131531,0.12338036298751831,0.9562699198722839,0.6219004392623901,0.7250801920890808,0.031167535111308098,0.9886736273765564,0.6420996189117432,0.7259785532951355,0.12266074120998383,0.971499502658844,0.6119635105133057,0.7359073758125305,0.028920505195856094,0.9875035285949707,0.6531831622123718,0.7242265939712524,0.13525401055812836,0.7492873072624207,0.6398904323577881,0.7348266839981079,0.020001599565148354,0.8147549629211426
243,0.6728242635726929,0.48087775707244873,0.29563143849372864,0.9998284578323364,0.6673513054847717,0.47588422894477844,0.26632463932037354,0.9998329281806946,0.6637231111526489,0.4752315580844879,0.26634517312049866,0.999820351600647,0.6586563587188721,0.4743003845214844,0.26650282740592957,0.9998189210891724,0.6756853461265564,0.4764857292175293,0.2527633309364319,0.9998408555984497,0.6777839064598083,0.4763264060020447,0.25263842940330505,0.9998337030410767,0.6802048683166504,0.4760114550590515,0.2525947391986847,0.999846339225769,0.6469394564628601,0.4746648073196411,0.17023515701293945,0.9997845888137817,0.6772575974464417,0.4773550033569336,0.11002006381750107,0.9998570680618286,0.6634271740913391,0.48424890637397766,0.2677851617336273,0.9998009204864502,0.6732277274131775,0.484989732503891,0.25117751955986023,0.99981689453125,0.5955914855003357,0.5034288763999939,0.11263676732778549,0.9998340606689453,0.7022525072097778,0.5056138038635254,-0.01672995835542679,0.9999530911445618,0.5538516044616699,0.544662594795227,0.18831172585487366,0.5871515274047852,0.7133480310440063,0.5540142059326172,0.0017808988923206925,0.9482580423355103,0.5972785949707031,0.5687751770019531,0.2970452308654785,0.09591652452945709,0.7073689699172974,0.5879784822463989,0.1485515683889389,0.36134248971939087,0.6065106391906738,0.5742543935775757,0.3188028633594513,0.07842028141021729,0.710048496723175,0.5989111065864563,0.15134458243846893,0.2752807140350342,0.6120498776435852,0.5730743408203125,0.3045022785663605,0.07706750184297562,0.7060933113098145,0.5979200601577759,0.14963507652282715,0.2695828974246979,0.6115049123764038,0.5696666836738586,0.2954007089138031,0.08036433905363083,0.7034741640090942,0.5931196212768555,0.1507374495267868,0.23212270438671112,0.617651641368866,0.589728057384491,0.05159879848361015,0.9999068975448608,0.6666114330291748,0.5928516983985901,-0.051557548344135284,0.9999793767929077,0.6455960869789124,0.6518576145172119,0.15757043659687042,0.9539440870285034,0.658962607383728,0.6584666967391968,0.0571170374751091,0.99458247423172,0.6657858490943909,0.7131553292274475,0.1372121125459671,0.9587191939353943,0.6203182339668274,0.7260604500770569,0.01910172589123249,0.9892817139625549,0.6671332120895386,0.724043071269989,0.1358855962753296,0.9731225967407227,0.6084786653518677,0.7372293472290039,0.015043264254927635,0.9881219863891602,0.6837795972824097,0.7212563753128052,0.1543068140745163,0.7488934993743896,0.6416282653808594,0.7366872429847717,0.0077859279699623585,0.8128699064254761
244,0.6701697111129761,0.48136651515960693,0.26022547483444214,0.9998437762260437,0.6655767560005188,0.4765540063381195,0.22620606422424316,0.9998475313186646,0.6610354781150818,0.4759325087070465,0.22620859742164612,0.9998360276222229,0.6570352911949158,0.4751981496810913,0.2263769805431366,0.999834418296814,0.6743541955947876,0.4769855737686157,0.2159305363893509,0.9998544454574585,0.6767930388450623,0.4768039882183075,0.21581681072711945,0.9998477697372437,0.6791682243347168,0.4764470160007477,0.21577396988868713,0.9998591542243958,0.6467417478561401,0.47611215710639954,0.11951005458831787,0.9998023509979248,0.6775695085525513,0.47825661301612854,0.07376880943775177,0.9998690485954285,0.6622279286384583,0.48487961292266846,0.22914065420627594,0.9998185038566589,0.6722480654716492,0.4855698049068451,0.21687445044517517,0.9998329877853394,0.5986593961715698,0.5057121515274048,0.05093710497021675,0.9998435974121094,0.7039823532104492,0.5061506032943726,-0.03592193126678467,0.9999557137489319,0.5539531707763672,0.5469897985458374,0.1327463537454605,0.6198132634162903,0.7186035513877869,0.553801417350769,0.008487826213240623,0.9525040984153748,0.6026526093482971,0.5693636536598206,0.25629955530166626,0.10125189274549484,0.7113837003707886,0.5862337946891785,0.17578476667404175,0.3679545223712921,0.6106588840484619,0.5747482776641846,0.2749333381652832,0.0809648409485817,0.7145109176635742,0.598082423210144,0.18315117061138153,0.2777783274650574,0.6185881495475769,0.5735089182853699,0.2623496949672699,0.07963542640209198,0.7092861533164978,0.5951610207557678,0.1750001609325409,0.2723153531551361,0.6147128343582153,0.5702651739120483,0.2555646598339081,0.08308037370443344,0.7051017880439758,0.5921609401702881,0.1757565140724182,0.23413899540901184,0.6252389550209045,0.5922871232032776,0.036330971866846085,0.9999143481254578,0.6724151372909546,0.5945748686790466,-0.03624274954199791,0.9999811053276062,0.6491205096244812,0.6527346968650818,0.16880212724208832,0.9581102132797241,0.6616345643997192,0.6568651795387268,0.10165149718523026,0.9950598478317261,0.6781272888183594,0.7120943069458008,0.16274946928024292,0.9619415402412415,0.6248509883880615,0.7235826849937439,0.0908990129828453,0.9900094270706177,0.6820111274719238,0.7224844694137573,0.16334520280361176,0.9750957489013672,0.6159014701843262,0.7343322038650513,0.08992519229650497,0.9888695478439331,0.6895642876625061,0.7200892567634583,0.18753232061862946,0.7541377544403076,0.6319754719734192,0.7359062433242798,0.09176521748304367,0.8111536502838135
245,0.6744756102561951,0.48198598623275757,0.25208884477615356,0.9998583793640137,0.6692753434181213,0.477260947227478,0.22222623229026794,0.9998617172241211,0.6657475233078003,0.4767574965953827,0.22224803268909454,0.9998512268066406,0.6610549688339233,0.4761115312576294,0.2224094718694687,0.9998496174812317,0.6771895289421082,0.47756320238113403,0.20422852039337158,0.9998680353164673,0.6793044805526733,0.4773445725440979,0.20412284135818481,0.9998619556427002,0.6816666126251221,0.4770418703556061,0.20405584573745728,0.9998722076416016,0.649257481098175,0.4769369959831238,0.1311548352241516,0.999820351600647,0.6791521310806274,0.4783148467540741,0.05136604979634285,0.999881386756897,0.6659031510353088,0.48535779118537903,0.2271219938993454,0.999835193157196,0.6750436425209045,0.4860629141330719,0.20480859279632568,0.9998484253883362,0.6027336120605469,0.5081056952476501,0.09673542529344559,0.9998470544815063,0.7058534026145935,0.506266713142395,-0.0828150287270546,0.999959409236908,0.5578712224960327,0.5474210381507874,0.16800786554813385,0.6454201340675354,0.7223492860794067,0.5530030131340027,-0.027984142303466797,0.9567953944206238,0.6090303063392639,0.5683338642120361,0.255102276802063,0.10575351119041443,0.7214516401290894,0.5878788232803345,0.16513575613498688,0.38124996423721313,0.617150604724884,0.5753153562545776,0.27793434262275696,0.08332584798336029,0.7256910800933838,0.5980899333953857,0.17143180966377258,0.28501227498054504,0.6244587898254395,0.5715447068214417,0.2610628604888916,0.08215703815221786,0.7206900715827942,0.5954411625862122,0.17212197184562683,0.2794790267944336,0.6205156445503235,0.5704480409622192,0.25136682391166687,0.08565609157085419,0.7175142765045166,0.5907336473464966,0.1703564077615738,0.23956890404224396,0.6333223581314087,0.5928226709365845,0.08280771225690842,0.9999206066131592,0.6757907867431641,0.5952351689338684,-0.08261048048734665,0.9999827742576599,0.6588631272315979,0.651198148727417,0.2340073585510254,0.9610764980316162,0.6665098071098328,0.6597013473510742,0.03521262854337692,0.9955227375030518,0.6848488450050354,0.7027046084403992,0.25566619634628296,0.9641517400741577,0.6226145625114441,0.7261337637901306,0.014096545986831188,0.9908292293548584,0.6838211417198181,0.7081490159034729,0.25918278098106384,0.9767829775810242,0.6065413951873779,0.7352331280708313,0.013016283512115479,0.9896929860115051,0.701633632183075,0.7120394110679626,0.29644957184791565,0.7552609443664551,0.6525778770446777,0.7372722029685974,0.006363447289913893,0.8183292150497437
246,0.6709665656089783,0.48245012760162354,0.2348751425743103,0.9998705387115479,0.6668061017990112,0.4777422547340393,0.20537987351417542,0.9998734593391418,0.6627790331840515,0.4772453308105469,0.20538750290870667,0.999863862991333,0.6591672301292419,0.47676292061805725,0.2055259793996811,0.9998621344566345,0.6748343110084534,0.4780929982662201,0.18964193761348724,0.9998794198036194,0.6771161556243896,0.4778995215892792,0.18955117464065552,0.9998739361763,0.6793806552886963,0.47763171792030334,0.18948417901992798,0.9998830556869507,0.6504315137863159,0.47825172543525696,0.1154589056968689,0.9998352527618408,0.6783255934715271,0.4791589081287384,0.046306222677230835,0.9998918175697327,0.6633959412574768,0.4859166443347931,0.210181325674057,0.9998483061790466,0.6730889678001404,0.4862680733203888,0.19088052213191986,0.9998604655265808,0.6058821082115173,0.5093400478363037,0.08711778372526169,0.9998393654823303,0.7070807218551636,0.506602942943573,-0.08076892793178558,0.9999620318412781,0.5647479295730591,0.548833429813385,0.15511110424995422,0.6684711575508118,0.7269183397293091,0.5523779392242432,-0.017625007778406143,0.9604700803756714,0.6122663617134094,0.5694028735160828,0.24166180193424225,0.11082789301872253,0.7311019897460938,0.5847602486610413,0.17579969763755798,0.38720014691352844,0.6209703683853149,0.574679434299469,0.26468196511268616,0.08606470376253128,0.737626314163208,0.5935343503952026,0.18442517518997192,0.28728175163269043,0.6255509257316589,0.5729619264602661,0.24852176010608673,0.08502481877803802,0.7337837219238281,0.5930806398391724,0.1858729124069214,0.2816648483276367,0.6242960691452026,0.571502149105072,0.23830854892730713,0.08835915476083755,0.729800820350647,0.5885686278343201,0.18157972395420074,0.24087929725646973,0.6398547887802124,0.5918077230453491,0.07912634313106537,0.9999242424964905,0.6822495460510254,0.5948039889335632,-0.07895427197217941,0.9999840259552002,0.6669763922691345,0.64966881275177,0.21931976079940796,0.9630365967750549,0.674645185470581,0.6583257913589478,0.04115094617009163,0.9959157705307007,0.6871899366378784,0.7007507681846619,0.2363852858543396,0.9655671119689941,0.6279054880142212,0.7200911045074463,0.01989165134727955,0.991469144821167,0.6841621994972229,0.7052252888679504,0.23936507105827332,0.9780183434486389,0.6093729138374329,0.7278088331222534,0.019036902114748955,0.9902990460395813,0.7019118070602417,0.711033821105957,0.2713157832622528,0.7534719109535217,0.652542769908905,0.735223650932312,0.01218209508806467,0.8225973844528198
247,0.6770014762878418,0.4842679798603058,0.2228219211101532,0.9998801350593567,0.6713984608650208,0.47997230291366577,0.19678319990634918,0.9998824596405029,0.6679513454437256,0.47966402769088745,0.19678884744644165,0.9998736381530762,0.6637880802154541,0.47925424575805664,0.19690175354480743,0.9998717904090881,0.6791666150093079,0.4799579083919525,0.17969879508018494,0.9998883605003357,0.6811524629592896,0.4796759784221649,0.17961415648460388,0.9998835325241089,0.6830497980117798,0.4793242812156677,0.17957369983196259,0.999891459941864,0.6544516086578369,0.48024505376815796,0.11842381954193115,0.9998469352722168,0.6807901859283447,0.4805052578449249,0.04303913190960884,0.9999003410339355,0.668628454208374,0.48770931363105774,0.20215000212192535,0.9998570680618286,0.6780762672424316,0.48749130964279175,0.18087948858737946,0.9998687505722046,0.609995424747467,0.5105396509170532,0.10624026507139206,0.9998341202735901,0.7078878283500671,0.5065510869026184,-0.07789088040590286,0.9999639987945557,0.5702899098396301,0.5503133535385132,0.1703059822320938,0.683954656124115,0.7304664254188538,0.5513049960136414,-0.027878006920218468,0.963532030582428,0.6149996519088745,0.5700852870941162,0.23928284645080566,0.11833838373422623,0.7359002232551575,0.5812591910362244,0.1428380012512207,0.40077662467956543,0.6206790208816528,0.5752069354057312,0.2601604759693146,0.09154748171567917,0.7420287728309631,0.5902053713798523,0.14767993986606598,0.29805758595466614,0.6289376616477966,0.5730901956558228,0.2429303228855133,0.09052839875221252,0.7382506728172302,0.5874572992324829,0.1519457995891571,0.2921561002731323,0.6268255710601807,0.5702141523361206,0.23506322503089905,0.09342451393604279,0.7347816824913025,0.5858709216117859,0.14927729964256287,0.24970252811908722,0.6429942846298218,0.5934340953826904,0.07895271480083466,0.9999254941940308,0.6845954060554504,0.5949904918670654,-0.07884345948696136,0.9999845623970032,0.6676439046859741,0.6521893739700317,0.19757314026355743,0.9632472395896912,0.6856337785720825,0.6573469638824463,0.034134939312934875,0.9961731433868408,0.6780672669410706,0.7018290162086487,0.19683797657489777,0.9664298892021179,0.6417953372001648,0.7160615921020508,0.023940009996294975,0.991834819316864,0.6839501261711121,0.7098880410194397,0.19732508063316345,0.9787434339523315,0.6173155903816223,0.7216416001319885,0.023696482181549072,0.9905940890312195,0.7012672424316406,0.7120222449302673,0.21357712149620056,0.7567542195320129,0.6622376441955566,0.7298060655593872,0.014987947419285774,0.8276497721672058
248,0.6719793081283569,0.4844590723514557,0.24753324687480927,0.9998865723609924,0.6672141551971436,0.48041871190071106,0.22137272357940674,0.9998875260353088,0.6641826629638672,0.4801424443721771,0.2213713526725769,0.9998796582221985,0.6607714295387268,0.4798017144203186,0.22146838903427124,0.9998777508735657,0.67500901222229,0.480367511510849,0.21031086146831512,0.9998937845230103,0.6775829195976257,0.48006027936935425,0.21024489402770996,0.9998900294303894,0.680011510848999,0.4796767234802246,0.2102271467447281,0.9998964071273804,0.6532456874847412,0.48114538192749023,0.13548089563846588,0.9998548030853271,0.6802691221237183,0.48091381788253784,0.08665882050991058,0.9999058246612549,0.6652653813362122,0.4882890284061432,0.22265206277370453,0.9998587965965271,0.674867570400238,0.48798778653144836,0.2092156708240509,0.9998713731765747,0.610072910785675,0.5106092691421509,0.10883905738592148,0.9998250603675842,0.7105980515480042,0.5076344013214111,-0.029082736000418663,0.9999635219573975,0.576987624168396,0.5512169003486633,0.17036105692386627,0.7014386653900146,0.7354809045791626,0.5511552691459656,0.016985569149255753,0.9657033681869507,0.6184043884277344,0.5706902146339417,0.25877052545547485,0.12795807421207428,0.7431296110153198,0.581352949142456,0.17425329983234406,0.4065457284450531,0.6267817616462708,0.5760547518730164,0.2804568111896515,0.09831919521093369,0.7509356141090393,0.5900720953941345,0.18052271008491516,0.30320990085601807,0.6316118836402893,0.5735619068145752,0.2638695538043976,0.09707293659448624,0.7468025088310242,0.5875473618507385,0.18390199542045593,0.2972034215927124,0.6296120285987854,0.5705496072769165,0.2558772563934326,0.09911956638097763,0.7413296103477478,0.5833406448364258,0.1793363392353058,0.25419679284095764,0.6454312801361084,0.593767523765564,0.06049007177352905,0.999923050403595,0.690523087978363,0.5940786004066467,-0.06044570729136467,0.9999836683273315,0.6743566393852234,0.6513193845748901,0.14855535328388214,0.9638378620147705,0.7016095519065857,0.6535283327102661,0.024437714368104935,0.9963283538818359,0.678615927696228,0.7069079279899597,0.1138383150100708,0.967623233795166,0.6579232811927795,0.7121194005012512,-0.006093758624047041,0.9920526146888733,0.679377555847168,0.7184193134307861,0.11072376370429993,0.9795713424682617,0.6434504389762878,0.7189970016479492,-0.008531992323696613,0.990841805934906,0.6897757053375244,0.7192322611808777,0.12109144777059555,0.7608867287635803,0.6669264435768127,0.728549599647522,-0.009973528794944286,0.8310327529907227
249,0.673435389995575,0.48484620451927185,0.25006240606307983,0.999883770942688,0.6689237952232361,0.480771541595459,0.2286590188741684,0.9998788833618164,0.6659387946128845,0.4805031418800354,0.2286495566368103,0.999872088432312,0.6626349091529846,0.4801706373691559,0.22870443761348724,0.999871015548706,0.6765239238739014,0.4806723892688751,0.2179504632949829,0.9998883605003357,0.6789814233779907,0.480462908744812,0.21787001192569733,0.9998874068260193,0.6813068389892578,0.48005154728889465,0.2178771048784256,0.9998905658721924,0.655204176902771,0.4813947081565857,0.15095773339271545,0.9998477697372437,0.6814083456993103,0.48088517785072327,0.10308286547660828,0.9999017715454102,0.666429340839386,0.4885348677635193,0.2270142138004303,0.9998276829719543,0.6758525371551514,0.4881810247898102,0.21375469863414764,0.999850869178772,0.6119166612625122,0.5104491710662842,0.13737203180789948,0.9998254776000977,0.7126035690307617,0.5070317983627319,-0.009565348736941814,0.9999623894691467,0.5823389887809753,0.5514971613883972,0.1916922628879547,0.7104393839836121,0.7386597990989685,0.5506001710891724,0.014211867935955524,0.9656011462211609,0.6184489727020264,0.5699558258056641,0.26178014278411865,0.14818640053272247,0.7489565014839172,0.581032395362854,0.1352986991405487,0.4179212749004364,0.6274790167808533,0.5752465724945068,0.28082820773124695,0.11541283130645752,0.7578651309013367,0.5898484587669373,0.13687843084335327,0.31510600447654724,0.6319164037704468,0.5728702545166016,0.2623898386955261,0.11350680142641068,0.7541592121124268,0.5896332859992981,0.1450437605381012,0.30860215425491333,0.6295629739761353,0.5700817108154297,0.25765472650527954,0.11292412132024765,0.7494204640388489,0.585480272769928,0.1414782851934433,0.2644662857055664,0.6481252312660217,0.5920295119285583,0.059926535934209824,0.9999207854270935,0.6942930817604065,0.5910789370536804,-0.059967223554849625,0.9999805092811584,0.6800929307937622,0.6480547189712524,0.12268669903278351,0.9610852003097534,0.7184495329856873,0.6477431654930115,-0.004202795680612326,0.9958083033561707,0.6789732575416565,0.7089505791664124,0.08138251304626465,0.9681599140167236,0.6592280864715576,0.7011573314666748,-0.019052060320973396,0.991714596748352,0.6758245229721069,0.7172320485115051,0.07663818448781967,0.9795011878013611,0.6434913873672485,0.7038707137107849,-0.02044234424829483,0.990462601184845,0.6892482042312622,0.7227981090545654,0.06810387969017029,0.7718456983566284,0.6659435033798218,0.718112051486969,-0.025072628632187843,0.8391433954238892
250,0.6748482584953308,0.48392385244369507,0.29121461510658264,0.9998696446418762,0.6697174906730652,0.4800476133823395,0.27143731713294983,0.9998552203178406,0.6664623022079468,0.47975581884384155,0.27141204476356506,0.9998508095741272,0.6628217101097107,0.47930917143821716,0.2714529037475586,0.9998518824577332,0.6776733994483948,0.47993022203445435,0.2602395713329315,0.9998705387115479,0.6800906658172607,0.47957471013069153,0.2601490020751953,0.9998747110366821,0.6823176145553589,0.479155957698822,0.26015451550483704,0.9998728036880493,0.6557410359382629,0.4805458188056946,0.19410210847854614,0.9998289346694946,0.6820646524429321,0.48005521297454834,0.14392827451229095,0.9998891353607178,0.667670488357544,0.4873569905757904,0.267753005027771,0.9997684955596924,0.6774615049362183,0.48700329661369324,0.2538246810436249,0.9998096823692322,0.6139086484909058,0.5104633569717407,0.17034131288528442,0.9998206496238708,0.7149467468261719,0.5057048201560974,0.021889960393309593,0.9999589920043945,0.5849275588989258,0.5515618920326233,0.2215767502784729,0.7158142924308777,0.7421245574951172,0.549121618270874,0.043248988687992096,0.9644129276275635,0.6226311922073364,0.5697488188743591,0.2957581877708435,0.16281215846538544,0.753099799156189,0.5787451267242432,0.173868790268898,0.4223393499851227,0.6324458122253418,0.5743065476417542,0.31577250361442566,0.12795791029930115,0.7619151473045349,0.5870586633682251,0.1765894591808319,0.3212367296218872,0.6389617919921875,0.5718479156494141,0.297435462474823,0.12556008994579315,0.7588081359863281,0.587089478969574,0.18622906506061554,0.31438082456588745,0.6371639966964722,0.5710045099258423,0.2916029691696167,0.12309971451759338,0.752610981464386,0.5831851363182068,0.18073619902133942,0.2695225477218628,0.6523008346557617,0.5916615128517151,0.05861560255289078,0.999916136264801,0.6993988752365112,0.588655412197113,-0.05868055298924446,0.9999762773513794,0.6879186034202576,0.6466013789176941,0.11262111365795135,0.958432674407959,0.7326129674911499,0.6442795395851135,-0.010543415322899818,0.9952142834663391,0.6828574538230896,0.7080070972442627,0.062242161482572556,0.9677120447158813,0.6777323484420776,0.6979288458824158,-0.04027078300714493,0.9910423159599304,0.6799768805503845,0.7156118154525757,0.05656059831380844,0.9791057705879211,0.65975421667099,0.6982940435409546,-0.043450333178043365,0.9899713397026062,0.6950997114181519,0.719488263130188,0.05261257663369179,0.7775800824165344,0.6840526461601257,0.7154281735420227,-0.04412859305739403,0.8436076641082764
251,0.6815022230148315,0.48393774032592773,0.3198010325431824,0.9998513460159302,0.676068127155304,0.4800143837928772,0.3041801154613495,0.9998185038566589,0.6727827191352844,0.47967880964279175,0.30415043234825134,0.999817430973053,0.668650209903717,0.47928211092948914,0.3041752278804779,0.9998230338096619,0.6829544901847839,0.4798414409160614,0.2905120849609375,0.999842643737793,0.6847690343856812,0.4794432520866394,0.2903968095779419,0.9998531937599182,0.6866725087165833,0.47896870970726013,0.29041844606399536,0.9998452067375183,0.6592225432395935,0.48007676005363464,0.23657730221748352,0.9997963309288025,0.6851195693016052,0.47973859310150146,0.1749778538942337,0.9998665452003479,0.6747277975082397,0.4871852695941925,0.29932382702827454,0.9996830224990845,0.683117151260376,0.4869224727153778,0.28191548585891724,0.9997495412826538,0.6171411871910095,0.5104144811630249,0.21901975572109222,0.9998239874839783,0.7171123623847961,0.5050099492073059,0.04882967472076416,0.9999553561210632,0.5880054235458374,0.5497910380363464,0.271707683801651,0.7154990434646606,0.7461514472961426,0.5467216968536377,0.05239127576351166,0.9605382084846497,0.6231997013092041,0.5679917931556702,0.33848920464515686,0.18342472612857819,0.7620804309844971,0.5770999193191528,0.16813884675502777,0.43136000633239746,0.6332538723945618,0.5732443928718567,0.36014387011528015,0.14699505269527435,0.7707154154777527,0.5847532749176025,0.16806598007678986,0.33283331990242004,0.6400982737541199,0.5703438520431519,0.34078216552734375,0.14377455413341522,0.768627941608429,0.584596574306488,0.18157203495502472,0.325288861989975,0.6374190449714661,0.5673722624778748,0.3338189721107483,0.1386720836162567,0.7631288170814514,0.58101487159729,0.17628413438796997,0.2788340449333191,0.6558570265769958,0.5915199518203735,0.06141375005245209,0.9999067187309265,0.7035636305809021,0.588506281375885,-0.06153436005115509,0.999966561794281,0.6907070279121399,0.6466102004051208,0.09694547206163406,0.9539598822593689,0.7379699945449829,0.6435381770133972,-0.038937393575906754,0.9937120676040649,0.68755042552948,0.7023751139640808,0.04094390571117401,0.9666518568992615,0.6827969551086426,0.6921033263206482,-0.06339388340711594,0.989778995513916,0.6833884716033936,0.7156698703765869,0.03398396074771881,0.9777095317840576,0.6689229607582092,0.6945561766624451,-0.06697070598602295,0.9887718558311462,0.6967634558677673,0.7215487957000732,0.01731570065021515,0.7861521244049072,0.6901970505714417,0.7158850431442261,-0.07576530426740646,0.8499348163604736
252,0.685690701007843,0.4840724766254425,0.3496904671192169,0.9998604655265808,0.6802663207054138,0.48012301325798035,0.327574223279953,0.9998281002044678,0.6772641539573669,0.47980937361717224,0.3275662064552307,0.9998274445533752,0.6732798218727112,0.4794243574142456,0.3276554048061371,0.9998326897621155,0.6866316795349121,0.4799019992351532,0.31619590520858765,0.9998506903648376,0.6883583664894104,0.4794929325580597,0.3161003887653351,0.9998610615730286,0.6901859045028687,0.47899818420410156,0.3161277770996094,0.99985271692276,0.6622655987739563,0.47999560832977295,0.2425980418920517,0.999808132648468,0.6884215474128723,0.4795532822608948,0.19226029515266418,0.999873161315918,0.6795144081115723,0.48749715089797974,0.32328835129737854,0.9997004270553589,0.6870803236961365,0.48718637228012085,0.30927228927612305,0.9997626543045044,0.6194251775741577,0.5094594359397888,0.1948799341917038,0.9998291730880737,0.7203026413917542,0.5041412711143494,0.057483866810798645,0.9999545812606812,0.5905313491821289,0.5479595065116882,0.2617984116077423,0.7283332347869873,0.7511591911315918,0.5454825758934021,0.05128825083374977,0.9631966352462769,0.6261855959892273,0.5672450661659241,0.37899157404899597,0.1887110024690628,0.7687398791313171,0.5778275728225708,0.16644656658172607,0.44976451992988586,0.635530948638916,0.5729596018791199,0.4064989984035492,0.14998973906040192,0.7768712639808655,0.586875319480896,0.1688811480998993,0.3489767014980316,0.6399583220481873,0.5701464414596558,0.39243900775909424,0.14624573290348053,0.774695873260498,0.5859634876251221,0.17768175899982452,0.3408205509185791,0.6371527314186096,0.5669620037078857,0.3783639371395111,0.14069980382919312,0.7706666588783264,0.5820834636688232,0.17213426530361176,0.29125064611434937,0.6567678451538086,0.5902040004730225,0.050304725766181946,0.9999026656150818,0.7052603363990784,0.5871596932411194,-0.050364650785923004,0.9999644160270691,0.6749311685562134,0.6454786062240601,0.09449132531881332,0.9567623734474182,0.7421470880508423,0.6406790614128113,-0.014268230646848679,0.9940451383590698,0.6913958787918091,0.6997915506362915,0.021086810156702995,0.9682568907737732,0.6928938627243042,0.6934970021247864,-0.06146837770938873,0.9900882840156555,0.6850420236587524,0.7155219912528992,0.012777368538081646,0.9788323044776917,0.6826054453849792,0.7004865407943726,-0.06670185923576355,0.9892038106918335,0.6944025158882141,0.7186533212661743,0.014796332456171513,0.7925321459770203,0.7015225887298584,0.7137065529823303,-0.06226873770356178,0.8531785607337952
253,0.6798376441001892,0.4825681746006012,0.3545187711715698,0.9998733997344971,0.673941433429718,0.4788215458393097,0.3234085738658905,0.9998441338539124,0.6691034436225891,0.47853729128837585,0.3233983814716339,0.9998436570167542,0.6657835841178894,0.4782349467277527,0.32352232933044434,0.9998483061790466,0.6823025345802307,0.4786071181297302,0.31527459621429443,0.9998645782470703,0.6845752000808716,0.4782197177410126,0.3151858150959015,0.9998740553855896,0.6870569586753845,0.477753221988678,0.31519007682800293,0.9998664259910583,0.658004105091095,0.4793577194213867,0.2134740799665451,0.9998263716697693,0.6873098015785217,0.4786015450954437,0.17871756851673126,0.999885082244873,0.6734315156936646,0.48599597811698914,0.3199693560600281,0.9997285008430481,0.6830721497535706,0.48551398515701294,0.31059736013412476,0.9997846484184265,0.6211011409759521,0.5089805126190186,0.14096447825431824,0.999834418296814,0.7215131521224976,0.5032829642295837,0.043166182935237885,0.999957263469696,0.5929975509643555,0.5477789044380188,0.20643047988414764,0.7465618848800659,0.7542253136634827,0.5435742735862732,0.0722966194152832,0.9665437936782837,0.6320974230766296,0.5666010975837708,0.3496412932872772,0.18271473050117493,0.7679988145828247,0.5727363228797913,0.22930938005447388,0.4637686312198639,0.6407561302185059,0.5716438293457031,0.3806183934211731,0.14347481727600098,0.7759902477264404,0.5812676548957825,0.2430853396654129,0.3587145507335663,0.6477845311164856,0.569023847579956,0.371958464384079,0.13970059156417847,0.7748796939849854,0.5813448429107666,0.24689751863479614,0.35043683648109436,0.6429824233055115,0.5661162734031677,0.3520618975162506,0.13460181653499603,0.769882082939148,0.5778130888938904,0.23460562527179718,0.2983306050300598,0.6594834327697754,0.5896677374839783,0.0433032363653183,0.9999065399169922,0.7084792256355286,0.5858204960823059,-0.04321987181901932,0.9999667406082153,0.676898181438446,0.6454584002494812,0.11008460819721222,0.9606955647468567,0.7510559558868408,0.6350955367088318,0.02479754202067852,0.994605302810669,0.6939966678619385,0.7081910371780396,0.03508251532912254,0.9707927107810974,0.7075452208518982,0.6861948370933533,-0.027184348553419113,0.9908557534217834,0.6942656636238098,0.7165670990943909,0.028089264407753944,0.9806191325187683,0.6981720328330994,0.6919746398925781,-0.030289392918348312,0.9900796413421631,0.6985446810722351,0.7182096838951111,0.05914423614740372,0.7972149848937988,0.7192646861076355,0.7053121328353882,-0.0006875814287923276,0.8532170653343201
254,0.6829923391342163,0.4829789400100708,0.3653552234172821,0.9998853802680969,0.6769150495529175,0.47934356331825256,0.3334082067012787,0.9998589754104614,0.6734575629234314,0.47909629344940186,0.3334044814109802,0.9998586177825928,0.668634295463562,0.47879648208618164,0.33354005217552185,0.9998627305030823,0.68501877784729,0.4791160523891449,0.323741614818573,0.9998774528503418,0.6873099207878113,0.47872623801231384,0.32364344596862793,0.9998860955238342,0.6894011497497559,0.47827163338661194,0.3236488699913025,0.9998791217803955,0.6625995635986328,0.47959545254707336,0.22289520502090454,0.9998431205749512,0.6893888115882874,0.479042649269104,0.18156130611896515,0.9998961091041565,0.6767774224281311,0.4865938425064087,0.33105117082595825,0.9997544884681702,0.6860851049423218,0.4862116575241089,0.31970638036727905,0.9998050928115845,0.6242147088050842,0.5096122026443481,0.1503220498561859,0.9998418688774109,0.7235820293426514,0.5028479099273682,0.041400231420993805,0.9999604225158691,0.5958659648895264,0.5477592945098877,0.22423210740089417,0.7634817361831665,0.757534921169281,0.5425631999969482,0.07209505885839462,0.9696893692016602,0.6320223212242126,0.5667256116867065,0.38001981377601624,0.17537805438041687,0.775368869304657,0.5717637538909912,0.2363387942314148,0.48090633749961853,0.6413294672966003,0.5717090964317322,0.415018230676651,0.13610847294330597,0.782351016998291,0.5801330804824829,0.2518596351146698,0.37123802304267883,0.6454861760139465,0.5690975189208984,0.4075632691383362,0.13234911859035492,0.7810021638870239,0.580378532409668,0.2561095952987671,0.36271893978118896,0.6428884863853455,0.5660674571990967,0.38344162702560425,0.1277138590812683,0.7778094410896301,0.5770658254623413,0.2422473430633545,0.30738821625709534,0.6632860898971558,0.5889281630516052,0.04797373339533806,0.9999111890792847,0.7123892903327942,0.5846936106681824,-0.047877293080091476,0.9999693036079407,0.6809762120246887,0.643004298210144,0.11534596234560013,0.9643446207046509,0.7560538053512573,0.6332107186317444,0.020485376939177513,0.995124340057373,0.7018052339553833,0.6987616419792175,0.03621169924736023,0.9732475876808167,0.7181089520454407,0.6865394115447998,-0.04149208590388298,0.9916387796401978,0.7063288688659668,0.7143329381942749,0.028831807896494865,0.9823312759399414,0.7068251371383667,0.6967984437942505,-0.04534616321325302,0.9909470081329346,0.7134261727333069,0.7145602703094482,0.06308121979236603,0.8040604591369629,0.73707115650177,0.7051305770874023,-0.017231840640306473,0.8567686080932617
